Sim. Command,Time,tr_node0_to_node1,tr_node0_to_node2,tr_node0_to_node3,tr_node0_to_node4,tr_node0_to_node12,tr_node1_to_node0,tr_node1_to_node2,tr_node1_to_node3,tr_node2_to_node0,tr_node2_to_node1,tr_node2_to_node3,tr_node2_to_node5,tr_node2_to_node8,tr_node2_to_node9,tr_node3_to_node0,tr_node3_to_node1,tr_node3_to_node2,tr_node3_to_node4,tr_node3_to_node5,tr_node3_to_node6,tr_node3_to_node10,tr_node3_to_node13,tr_node4_to_node0,tr_node4_to_node3,tr_node4_to_node5,tr_node4_to_node6,tr_node4_to_node7,tr_node4_to_node14,tr_node5_to_node2,tr_node5_to_node3,tr_node5_to_node4,tr_node5_to_node6,tr_node5_to_node11,tr_node6_to_node3,tr_node6_to_node4,tr_node6_to_node5,tr_node7_to_node4,tr_node8_to_node2,tr_node9_to_node2,tr_node10_to_node3,tr_node11_to_node5,tr_node12_to_node0,tr_node13_to_node3,tr_node14_to_node4
project/sim_ext.py --sim-time 1.5 --seq-graph project/file/graph_15_nodes.json --traffic project/file/traffic_15_nodes_random.json --inspection-rate 0.001 --mess-rate 0.002 --algorithm shortest,0.001022,0,0,0,0,0,0,0,0,0,0,0,0,0,0,0,0,0,0,0,0,0,0,0,0,0,0,0,0,0,0,0,0,0,0,0,0,0,0,0,0,0,0,0,0
project/sim_ext.py --sim-time 1.5 --seq-graph project/file/graph_15_nodes.json --traffic project/file/traffic_15_nodes_random.json --inspection-rate 0.001 --mess-rate 0.002 --algorithm shortest,0.00204,0,0,0,0,0,0,0,0,0,0,0,0,0,0,0,0,0,0,0,0,0,0,0,0,0,0,0,0,0,0,0,0,0,0,0,0,0,0,0,0,0,0,0,0
project/sim_ext.py --sim-time 1.5 --seq-graph project/file/graph_15_nodes.json --traffic project/file/traffic_15_nodes_random.json --inspection-rate 0.001 --mess-rate 0.002 --algorithm shortest,0.003384,0,0,0,0,0,0,0,0,0,0,0,0,0,0,0,0,0,0,0,0,0,0,0,0,0,0,0,0,0,0,0,0,0,0,0,0,0,0,0,0,0,0,0,0
project/sim_ext.py --sim-time 1.5 --seq-graph project/file/graph_15_nodes.json --traffic project/file/traffic_15_nodes_random.json --inspection-rate 0.001 --mess-rate 0.002 --algorithm shortest,0.004454,0,0,0,0,0,0,0,0,0,0,0,0,0,0,0,0,0,0,0,0,0,0,0,0,0,0,0,0,0,0,0,0,0,0,0,0,0,0,0,0,0,0,0,0
project/sim_ext.py --sim-time 1.5 --seq-graph project/file/graph_15_nodes.json --traffic project/file/traffic_15_nodes_random.json --inspection-rate 0.001 --mess-rate 0.002 --algorithm shortest,0.005477,0,0,0,0,0,0,0,0,0,0,0,0,0,0,0,0,0,0,0,0,0,0,0,0,0,0,0,0,0,0,0,0,0,0,0,0,0,0,0,0,0,0,0,0
project/sim_ext.py --sim-time 1.5 --seq-graph project/file/graph_15_nodes.json --traffic project/file/traffic_15_nodes_random.json --inspection-rate 0.001 --mess-rate 0.002 --algorithm shortest,0.006593,0,0,0,0,0,0,0,0,0,0,0,0,0,0,0,0,0,0,0,0,0,0,0,0,0,0,0,0,0,0,0,0,0,0,0,0,0,0,0,0,0,0,0,0
project/sim_ext.py --sim-time 1.5 --seq-graph project/file/graph_15_nodes.json --traffic project/file/traffic_15_nodes_random.json --inspection-rate 0.001 --mess-rate 0.002 --algorithm shortest,0.0076159999999999995,0,0,0,0,0,0,0,0,0,0,0,0,0,0,0,0,0,0,0,0,0,0,0,0,0,0,0,0,0,0,0,0,0,0,0,0,0,0,0,0,0,0,0,0
project/sim_ext.py --sim-time 1.5 --seq-graph project/file/graph_15_nodes.json --traffic project/file/traffic_15_nodes_random.json --inspection-rate 0.001 --mess-rate 0.002 --algorithm shortest,0.00862,0,0,0,0,0,0,0,0,0,0,0,0,0,0,0,0,0,0,0,0,0,0,0,0,0,0,0,0,0,0,0,0,0,0,0,0,0,0,0,0,0,0,0,0
project/sim_ext.py --sim-time 1.5 --seq-graph project/file/graph_15_nodes.json --traffic project/file/traffic_15_nodes_random.json --inspection-rate 0.001 --mess-rate 0.002 --algorithm shortest,0.009649,0,0,0,0,0,0,0,0,0,0,0,0,0,0,0,0,0,0,0,0,0,0,0,0,0,0,0,0,0,0,0,0,0,0,0,0,0,0,0,0,0,0,0,0
project/sim_ext.py --sim-time 1.5 --seq-graph project/file/graph_15_nodes.json --traffic project/file/traffic_15_nodes_random.json --inspection-rate 0.001 --mess-rate 0.002 --algorithm shortest,0.010652,0,0,0,0,0,0,0,0,0,0,0,0,0,0,0,0,0,0,0,0,0,0,0,0,0,0,0,0,0,0,0,0,0,0,0,0,0,0,0,0,0,0,0,0
project/sim_ext.py --sim-time 1.5 --seq-graph project/file/graph_15_nodes.json --traffic project/file/traffic_15_nodes_random.json --inspection-rate 0.001 --mess-rate 0.002 --algorithm shortest,0.011689999999999999,0,0,0,0,0,0,0,0,0,0,0,0,0,0,0,0,0,0,0,0,0,0,0,0,0,0,0,0,0,0,0,0,0,0,0,0,0,0,0,0,0,0,0,0
project/sim_ext.py --sim-time 1.5 --seq-graph project/file/graph_15_nodes.json --traffic project/file/traffic_15_nodes_random.json --inspection-rate 0.001 --mess-rate 0.002 --algorithm shortest,0.012764,0,0,0,0,0,0,0,0,0,0,0,0,0,0,0,0,0,0,0,0,0,0,0,0,0,0,0,0,0,0,0,0,0,0,0,0,0,0,0,0,0,0,0,0
project/sim_ext.py --sim-time 1.5 --seq-graph project/file/graph_15_nodes.json --traffic project/file/traffic_15_nodes_random.json --inspection-rate 0.001 --mess-rate 0.002 --algorithm shortest,0.013769,0,0,0,0,0,0,0,0,0,0,0,0,0,0,0,0,0,0,0,0,0,0,0,0,0,0,0,0,0,0,0,0,0,0,0,0,0,0,0,0,0,0,0,0
project/sim_ext.py --sim-time 1.5 --seq-graph project/file/graph_15_nodes.json --traffic project/file/traffic_15_nodes_random.json --inspection-rate 0.001 --mess-rate 0.002 --algorithm shortest,0.01486828027690508,0,0,0,0,0,0,0,0,0,0,0,0,0,0,0,0,0,0,0,0,0,0,0,0,0,0,0,0,0,0,0,0,0,0,0,0,0,0,0,0,0,0,0,0
project/sim_ext.py --sim-time 1.5 --seq-graph project/file/graph_15_nodes.json --traffic project/file/traffic_15_nodes_random.json --inspection-rate 0.001 --mess-rate 0.002 --algorithm shortest,0.016014,0,0,0,0,0,0,0,0,0,0,0,0,0,0,0,0,0,0,0,0,0,0,0,0,0,0,0,0,0,0,0,0,0,0,0,0,0,0,0,0,0,0,0,0
project/sim_ext.py --sim-time 1.5 --seq-graph project/file/graph_15_nodes.json --traffic project/file/traffic_15_nodes_random.json --inspection-rate 0.001 --mess-rate 0.002 --algorithm shortest,0.017059,0,0,0,0,0,0,0,0,0,0,0,0,0,0,0,0,0,0,0,0,0,0,0,0,0,0,0,0,0,0,0,0,0,0,0,0,0,0,0,0,0,0,0,0
project/sim_ext.py --sim-time 1.5 --seq-graph project/file/graph_15_nodes.json --traffic project/file/traffic_15_nodes_random.json --inspection-rate 0.001 --mess-rate 0.002 --algorithm shortest,0.018134,0,0,0,0,0,0,0,0,0,0,0,0,0,0,0,0,0,0,0,0,0,0,0,0,0,0,0,0,0,0,0,0,0,0,0,0,0,0,0,0,0,0,0,0
project/sim_ext.py --sim-time 1.5 --seq-graph project/file/graph_15_nodes.json --traffic project/file/traffic_15_nodes_random.json --inspection-rate 0.001 --mess-rate 0.002 --algorithm shortest,0.01916,0,0,0,0,0,0,0,0,0,0,0,0,0,0,0,0,0,0,0,0,0,0,0,0,0,0,0,0,0,0,0,0,0,0,0,0,0,0,0,0,0,0,0,0
project/sim_ext.py --sim-time 1.5 --seq-graph project/file/graph_15_nodes.json --traffic project/file/traffic_15_nodes_random.json --inspection-rate 0.001 --mess-rate 0.002 --algorithm shortest,0.020167,0,0,0,0,0,0,0,0,0,0,0,0,0,0,0,0,0,0,0,0,0,0,0,0,0,0,0,0,0,0,0,0,0,0,0,0,0,0,0,0,0,0,0,0
project/sim_ext.py --sim-time 1.5 --seq-graph project/file/graph_15_nodes.json --traffic project/file/traffic_15_nodes_random.json --inspection-rate 0.001 --mess-rate 0.002 --algorithm shortest,0.021179,0,0,0,0,0,0,0,0,0,0,0,0,0,0,0,0,0,0,0,0,0,0,0,0,0,0,0,0,0,0,0,0,0,0,0,0,0,0,0,0,0,0,0,0
project/sim_ext.py --sim-time 1.5 --seq-graph project/file/graph_15_nodes.json --traffic project/file/traffic_15_nodes_random.json --inspection-rate 0.001 --mess-rate 0.002 --algorithm shortest,0.022371,0,0,0,0,0,0,0,0,0,0,0,0,0,0,0,0,0,0,0,0,0,0,0,0,0,0,0,0,0,0,0,0,0,0,0,0,0,0,0,0,0,0,0,0
project/sim_ext.py --sim-time 1.5 --seq-graph project/file/graph_15_nodes.json --traffic project/file/traffic_15_nodes_random.json --inspection-rate 0.001 --mess-rate 0.002 --algorithm shortest,0.023518999999999998,0,0,0,0,0,0,0,0,0,0,0,0,0,0,0,0,0,0,0,0,0,0,0,0,0,0,0,0,0,0,0,0,0,0,0,0,0,0,0,0,0,0,0,0
project/sim_ext.py --sim-time 1.5 --seq-graph project/file/graph_15_nodes.json --traffic project/file/traffic_15_nodes_random.json --inspection-rate 0.001 --mess-rate 0.002 --algorithm shortest,0.024681713858182602,0,0,0,0,0,0,0,0,0,0,0,0,0,0,0,0,0,0,0,0,0,0,0,0,0,0,0,0,0,0,0,0,0,0,0,0,0,0,0,0,0,0,0,0
project/sim_ext.py --sim-time 1.5 --seq-graph project/file/graph_15_nodes.json --traffic project/file/traffic_15_nodes_random.json --inspection-rate 0.001 --mess-rate 0.002 --algorithm shortest,0.02568284390108074,0,0,0,0,0,0,0,0,0,0,0,0,0,0,0,0,0,0,0,0,0,0,0,0,0,0,0,0,0,0,0,0,0,0,0,0,0,0,0,0,0,0,0,0
project/sim_ext.py --sim-time 1.5 --seq-graph project/file/graph_15_nodes.json --traffic project/file/traffic_15_nodes_random.json --inspection-rate 0.001 --mess-rate 0.002 --algorithm shortest,0.02673867567017648,0,0,0,0,0,0,0,0,0,0,0,0,0,0,0,0,0,0,0,0,0,0,0,0,0,0,0,0,0,0,0,0,0,0,0,0,0,0,0,0,0,0,0,0
project/sim_ext.py --sim-time 1.5 --seq-graph project/file/graph_15_nodes.json --traffic project/file/traffic_15_nodes_random.json --inspection-rate 0.001 --mess-rate 0.002 --algorithm shortest,0.027809999999999998,0,0,0,0,0,0,0,0,0,0,0,0,0,0,0,0,0,0,0,0,0,0,0,0,0,0,0,0,0,0,0,0,0,0,0,0,0,0,0,0,0,0,0,0
project/sim_ext.py --sim-time 1.5 --seq-graph project/file/graph_15_nodes.json --traffic project/file/traffic_15_nodes_random.json --inspection-rate 0.001 --mess-rate 0.002 --algorithm shortest,0.02896,0,0,0,0,0,0,0,0,0,0,0,0,0,0,0,0,0,0,0,0,0,0,0,0,0,0,0,0,0,0,0,0,0,0,0,0,0,0,0,0,0,0,0,0
project/sim_ext.py --sim-time 1.5 --seq-graph project/file/graph_15_nodes.json --traffic project/file/traffic_15_nodes_random.json --inspection-rate 0.001 --mess-rate 0.002 --algorithm shortest,0.029993,0,0,0,0,0,0,0,0,0,0,0,0,0,0,0,0,0,0,0,0,0,0,0,0,0,0,0,0,0,0,0,0,0,0,0,0,0,0,0,0,0,0,0,0
project/sim_ext.py --sim-time 1.5 --seq-graph project/file/graph_15_nodes.json --traffic project/file/traffic_15_nodes_random.json --inspection-rate 0.001 --mess-rate 0.002 --algorithm shortest,0.030994,0,0,0,0,0,0,0,0,0,0,0,0,0,0,0,0,0,0,0,0,0,0,0,0,0,0,0,0,0,0,0,0,0,0,0,0,0,0,0,0,0,0,0,0
project/sim_ext.py --sim-time 1.5 --seq-graph project/file/graph_15_nodes.json --traffic project/file/traffic_15_nodes_random.json --inspection-rate 0.001 --mess-rate 0.002 --algorithm shortest,0.032012,0,0,0,0,0,0,0,0,0,0,0,0,0,0,0,0,0,0,0,0,0,0,0,0,0,0,0,0,0,0,0,0,0,0,0,0,0,0,0,0,0,0,0,0
project/sim_ext.py --sim-time 1.5 --seq-graph project/file/graph_15_nodes.json --traffic project/file/traffic_15_nodes_random.json --inspection-rate 0.001 --mess-rate 0.002 --algorithm shortest,0.03312,0,0,0,0,0,0,0,0,0,0,0,0,0,0,0,0,0,0,0,0,0,0,0,0,0,0,0,0,0,0,0,0,0,0,0,0,0,0,0,0,0,0,0,0
project/sim_ext.py --sim-time 1.5 --seq-graph project/file/graph_15_nodes.json --traffic project/file/traffic_15_nodes_random.json --inspection-rate 0.001 --mess-rate 0.002 --algorithm shortest,0.034588,0,0,0,0,0,0,0,0,0,0,0,0,0,0,0,0,0,0,0,0,0,0,0,0,0,0,0,0,0,0,0,0,0,0,0,0,0,0,0,0,0,0,0,0
project/sim_ext.py --sim-time 1.5 --seq-graph project/file/graph_15_nodes.json --traffic project/file/traffic_15_nodes_random.json --inspection-rate 0.001 --mess-rate 0.002 --algorithm shortest,0.035619,0,0,0,0,0,0,0,0,0,0,0,0,0,0,0,0,0,0,0,0,0,0,0,0,0,0,0,0,0,0,0,0,0,0,0,0,0,0,0,0,0,0,0,0
project/sim_ext.py --sim-time 1.5 --seq-graph project/file/graph_15_nodes.json --traffic project/file/traffic_15_nodes_random.json --inspection-rate 0.001 --mess-rate 0.002 --algorithm shortest,0.036621,0,0,0,0,0,0,0,0,0,0,0,0,0,0,0,0,0,0,0,0,0,0,0,0,0,0,0,0,0,0,0,0,0,0,0,0,0,0,0,0,0,0,0,0
project/sim_ext.py --sim-time 1.5 --seq-graph project/file/graph_15_nodes.json --traffic project/file/traffic_15_nodes_random.json --inspection-rate 0.001 --mess-rate 0.002 --algorithm shortest,0.037648,0,0,0,0,0,0,0,0,0,0,0,0,0,0,0,0,0,0,0,0,0,0,0,0,0,0,0,0,0,0,0,0,0,0,0,0,0,0,0,0,0,0,0,0
project/sim_ext.py --sim-time 1.5 --seq-graph project/file/graph_15_nodes.json --traffic project/file/traffic_15_nodes_random.json --inspection-rate 0.001 --mess-rate 0.002 --algorithm shortest,0.038988999999999996,0,0,0,0,0,0,0,0,0,0,0,0,0,0,0,0,0,0,0,0,0,0,0,0,0,0,0,0,0,0,0,0,0,0,0,0,0,0,0,0,0,0,0,0
project/sim_ext.py --sim-time 1.5 --seq-graph project/file/graph_15_nodes.json --traffic project/file/traffic_15_nodes_random.json --inspection-rate 0.001 --mess-rate 0.002 --algorithm shortest,0.039994,0,0,0,0,0,0,0,0,0,0,0,0,0,0,0,0,0,0,0,0,0,0,0,0,0,0,0,0,0,0,0,0,0,0,0,0,0,0,0,0,0,0,0,0
project/sim_ext.py --sim-time 1.5 --seq-graph project/file/graph_15_nodes.json --traffic project/file/traffic_15_nodes_random.json --inspection-rate 0.001 --mess-rate 0.002 --algorithm shortest,0.041058,0,0,0,0,0,0,0,0,0,0,0,0,0,0,0,0,0,0,0,0,0,0,0,0,0,0,0,0,0,0,0,0,0,0,0,0,0,0,0,0,0,0,0,0
project/sim_ext.py --sim-time 1.5 --seq-graph project/file/graph_15_nodes.json --traffic project/file/traffic_15_nodes_random.json --inspection-rate 0.001 --mess-rate 0.002 --algorithm shortest,0.042087,0,0,0,0,0,0,0,0,0,0,0,0,0,0,0,0,0,0,0,0,0,0,0,0,0,0,0,0,0,0,0,0,0,0,0,0,0,0,0,0,0,0,0,0
project/sim_ext.py --sim-time 1.5 --seq-graph project/file/graph_15_nodes.json --traffic project/file/traffic_15_nodes_random.json --inspection-rate 0.001 --mess-rate 0.002 --algorithm shortest,0.043255,0,0,0,0,0,0,0,0,0,0,0,0,0,0,0,0,0,0,0,0,0,0,0,0,0,0,0,0,0,0,0,0,0,0,0,0,0,0,0,0,0,0,0,0
project/sim_ext.py --sim-time 1.5 --seq-graph project/file/graph_15_nodes.json --traffic project/file/traffic_15_nodes_random.json --inspection-rate 0.001 --mess-rate 0.002 --algorithm shortest,0.04425820814170821,0,0,0,0,0,0,0,0,0,0,0,0,0,0,0,0,0,0,0,0,0,0,0,0,0,0,0,0,0,0,0,0,0,0,0,0,0,0,0,0,0,0,0,0
project/sim_ext.py --sim-time 1.5 --seq-graph project/file/graph_15_nodes.json --traffic project/file/traffic_15_nodes_random.json --inspection-rate 0.001 --mess-rate 0.002 --algorithm shortest,0.045348,0,0,0,0,0,0,0,0,0,0,0,0,0,0,0,0,0,0,0,0,0,0,0,0,0,0,0,0,0,0,0,0,0,0,0,0,0,0,0,0,0,0,0,0
project/sim_ext.py --sim-time 1.5 --seq-graph project/file/graph_15_nodes.json --traffic project/file/traffic_15_nodes_random.json --inspection-rate 0.001 --mess-rate 0.002 --algorithm shortest,0.046396,0,0,0,0,0,0,0,0,0,0,0,0,0,0,0,0,0,0,0,0,0,0,0,0,0,0,0,0,0,0,0,0,0,0,0,0,0,0,0,0,0,0,0,0
project/sim_ext.py --sim-time 1.5 --seq-graph project/file/graph_15_nodes.json --traffic project/file/traffic_15_nodes_random.json --inspection-rate 0.001 --mess-rate 0.002 --algorithm shortest,0.047409,0,0,0,0,0,0,0,0,0,0,0,0,0,0,0,0,0,0,0,0,0,0,0,0,0,0,0,0,0,0,0,0,0,0,0,0,0,0,0,0,0,0,0,0
project/sim_ext.py --sim-time 1.5 --seq-graph project/file/graph_15_nodes.json --traffic project/file/traffic_15_nodes_random.json --inspection-rate 0.001 --mess-rate 0.002 --algorithm shortest,0.048686,0,0,0,0,0,0,0,0,0,0,0,0,0,0,0,0,0,0,0,0,0,0,0,0,0,0,0,0,0,0,0,0,0,0,0,0,0,0,0,0,0,0,0,0
project/sim_ext.py --sim-time 1.5 --seq-graph project/file/graph_15_nodes.json --traffic project/file/traffic_15_nodes_random.json --inspection-rate 0.001 --mess-rate 0.002 --algorithm shortest,0.049712,0,0,0,0,0,0,0,0,0,0,0,0,0,0,0,0,0,0,0,0,0,0,0,0,0,0,0,0,0,0,0,0,0,0,0,0,0,0,0,0,0,0,0,0
project/sim_ext.py --sim-time 1.5 --seq-graph project/file/graph_15_nodes.json --traffic project/file/traffic_15_nodes_random.json --inspection-rate 0.001 --mess-rate 0.002 --algorithm shortest,0.051049000000999996,0,0,0,0,0,0,0,0,0,0,0,0,0,0,0,0,0,0,0,0,0,0,0,0,0,0,0,0,0,0,0,0,0,0,0,0,0,0,0,0,0,0,0,0
project/sim_ext.py --sim-time 1.5 --seq-graph project/file/graph_15_nodes.json --traffic project/file/traffic_15_nodes_random.json --inspection-rate 0.001 --mess-rate 0.002 --algorithm shortest,0.052336000001,0,0,0,0,0,0,0,0,0,0,0,0,0,0,0,0,0,0,0,0,0,0,0,0,0,0,0,0,0,0,0,0,0,0,0,0,0,0,0,0,0,0,0,0
project/sim_ext.py --sim-time 1.5 --seq-graph project/file/graph_15_nodes.json --traffic project/file/traffic_15_nodes_random.json --inspection-rate 0.001 --mess-rate 0.002 --algorithm shortest,0.053865000001,0,0,0,0,0,0,0,0,0,0,0,0,0,0,0,0,0,0,0,0,0,0,0,0,0,0,0,0,0,0,0,0,0,0,0,0,0,0,0,0,0,0,0,0
project/sim_ext.py --sim-time 1.5 --seq-graph project/file/graph_15_nodes.json --traffic project/file/traffic_15_nodes_random.json --inspection-rate 0.001 --mess-rate 0.002 --algorithm shortest,0.054952000001,0,0,0,0,0,0,0,0,0,0,0,0,0,0,0,0,0,0,0,0,0,0,0,0,0,0,0,0,0,0,0,0,0,0,0,0,0,0,0,0,0,0,0,0
project/sim_ext.py --sim-time 1.5 --seq-graph project/file/graph_15_nodes.json --traffic project/file/traffic_15_nodes_random.json --inspection-rate 0.001 --mess-rate 0.002 --algorithm shortest,0.056025000001,0,0,0,0,0,0,0,0,0,0,0,0,0,0,0,0,0,0,0,0,0,0,0,0,0,0,0,0,0,0,0,0,0,0,0,0,0,0,0,0,0,0,0,0
project/sim_ext.py --sim-time 1.5 --seq-graph project/file/graph_15_nodes.json --traffic project/file/traffic_15_nodes_random.json --inspection-rate 0.001 --mess-rate 0.002 --algorithm shortest,0.05704523377764677,0,0,0,0,0,0,0,0,0,0,0,0,0,0,0,0,0,0,0,0,0,0,0,0,0,0,0,0,0,0,0,0,0,0,0,0,0,0,0,0,0,0,0,0
project/sim_ext.py --sim-time 1.5 --seq-graph project/file/graph_15_nodes.json --traffic project/file/traffic_15_nodes_random.json --inspection-rate 0.001 --mess-rate 0.002 --algorithm shortest,0.058059000001,0,0,0,0,0,0,0,0,0,0,0,0,0,0,0,0,0,0,0,0,0,0,0,0,0,0,0,0,0,0,0,0,0,0,0,0,0,0,0,0,0,0,0,0
project/sim_ext.py --sim-time 1.5 --seq-graph project/file/graph_15_nodes.json --traffic project/file/traffic_15_nodes_random.json --inspection-rate 0.001 --mess-rate 0.002 --algorithm shortest,0.059137000001,0,0,0,0,0,0,0,0,0,0,0,0,0,0,0,0,0,0,0,0,0,0,0,0,0,0,0,0,0,0,0,0,0,0,0,0,0,0,0,0,0,0,0,0
project/sim_ext.py --sim-time 1.5 --seq-graph project/file/graph_15_nodes.json --traffic project/file/traffic_15_nodes_random.json --inspection-rate 0.001 --mess-rate 0.002 --algorithm shortest,0.060197000001,0,0,0,0,0,0,0,0,0,0,0,0,0,0,0,0,0,0,0,0,0,0,0,0,0,0,0,0,0,0,0,0,0,0,0,0,0,0,0,0,0,0,0,0
project/sim_ext.py --sim-time 1.5 --seq-graph project/file/graph_15_nodes.json --traffic project/file/traffic_15_nodes_random.json --inspection-rate 0.001 --mess-rate 0.002 --algorithm shortest,0.061339000000999996,0,0,0,0,0,0,0,0,0,0,0,0,0,0,0,0,0,0,0,0,0,0,0,0,0,0,0,0,0,0,0,0,0,0,0,0,0,0,0,0,0,0,0,0
project/sim_ext.py --sim-time 1.5 --seq-graph project/file/graph_15_nodes.json --traffic project/file/traffic_15_nodes_random.json --inspection-rate 0.001 --mess-rate 0.002 --algorithm shortest,0.06246792183434036,0,0,0,0,0,0,0,0,0,0,0,0,0,0,0,0,0,0,0,0,0,0,0,0,0,0,0,0,0,0,0,0,0,0,0,0,0,0,0,0,0,0,0,0
project/sim_ext.py --sim-time 1.5 --seq-graph project/file/graph_15_nodes.json --traffic project/file/traffic_15_nodes_random.json --inspection-rate 0.001 --mess-rate 0.002 --algorithm shortest,0.0635238286864418,0,0,0,0,0,0,0,0,0,0,0,0,0,0,0,0,0,0,0,0,0,0,0,0,0,0,0,0,0,0,0,0,0,0,0,0,0,0,0,0,0,0,0,0
project/sim_ext.py --sim-time 1.5 --seq-graph project/file/graph_15_nodes.json --traffic project/file/traffic_15_nodes_random.json --inspection-rate 0.001 --mess-rate 0.002 --algorithm shortest,0.0645759125404499,0,0,0,0,0,0,0,0,0,0,0,0,0,0,0,0,0,0,0,0,0,0,0,0,0,0,0,0,0,0,0,0,0,0,0,0,0,0,0,0,0,0,0,0
project/sim_ext.py --sim-time 1.5 --seq-graph project/file/graph_15_nodes.json --traffic project/file/traffic_15_nodes_random.json --inspection-rate 0.001 --mess-rate 0.002 --algorithm shortest,0.06565040331575993,0,0,0,0,0,0,0,0,0,0,0,0,0,0,0,0,0,0,0,0,0,0,0,0,0,0,0,0,0,0,0,0,0,0,0,0,0,0,0,0,0,0,0,0
project/sim_ext.py --sim-time 1.5 --seq-graph project/file/graph_15_nodes.json --traffic project/file/traffic_15_nodes_random.json --inspection-rate 0.001 --mess-rate 0.002 --algorithm shortest,0.066717000001,0,0,0,0,0,0,0,0,0,0,0,0,0,0,0,0,0,0,0,0,0,0,0,0,0,0,0,0,0,0,0,0,0,0,0,0,0,0,0,0,0,0,0,0
project/sim_ext.py --sim-time 1.5 --seq-graph project/file/graph_15_nodes.json --traffic project/file/traffic_15_nodes_random.json --inspection-rate 0.001 --mess-rate 0.002 --algorithm shortest,0.06781339745409752,0,0,0,0,0,0,0,0,0,0,0,0,0,0,0,0,0,0,0,0,0,0,0,0,0,0,0,0,0,0,0,0,0,0,0,0,0,0,0,0,0,0,0,0
project/sim_ext.py --sim-time 1.5 --seq-graph project/file/graph_15_nodes.json --traffic project/file/traffic_15_nodes_random.json --inspection-rate 0.001 --mess-rate 0.002 --algorithm shortest,0.06892509223883479,0,0,0,0,0,0,0,0,0,0,0,0,0,0,0,0,0,0,0,0,0,0,0,0,0,0,0,0,0,0,0,0,0,0,0,0,0,0,0,0,0,0,0,0
project/sim_ext.py --sim-time 1.5 --seq-graph project/file/graph_15_nodes.json --traffic project/file/traffic_15_nodes_random.json --inspection-rate 0.001 --mess-rate 0.002 --algorithm shortest,0.069967000001,0,0,0,0,0,0,0,0,0,0,0,0,0,0,0,0,0,0,0,0,0,0,0,0,0,0,0,0,0,0,0,0,0,0,0,0,0,0,0,0,0,0,0,0
project/sim_ext.py --sim-time 1.5 --seq-graph project/file/graph_15_nodes.json --traffic project/file/traffic_15_nodes_random.json --inspection-rate 0.001 --mess-rate 0.002 --algorithm shortest,0.07125666635732122,0,0,0,0,0,0,0,0,0,0,0,0,0,0,0,0,0,0,0,0,0,0,0,0,0,0,0,0,0,0,0,0,0,0,0,0,0,0,0,0,0,0,0,0
project/sim_ext.py --sim-time 1.5 --seq-graph project/file/graph_15_nodes.json --traffic project/file/traffic_15_nodes_random.json --inspection-rate 0.001 --mess-rate 0.002 --algorithm shortest,0.072376000001,0,0,0,0,0,0,0,0,0,0,0,0,0,0,0,0,0,0,0,0,0,0,0,0,0,0,0,0,0,0,0,0,0,0,0,0,0,0,0,0,0,0,0,0
project/sim_ext.py --sim-time 1.5 --seq-graph project/file/graph_15_nodes.json --traffic project/file/traffic_15_nodes_random.json --inspection-rate 0.001 --mess-rate 0.002 --algorithm shortest,0.073392000001,0,0,0,0,0,0,0,0,0,0,0,0,0,0,0,0,0,0,0,0,0,0,0,0,0,0,0,0,0,0,0,0,0,0,0,0,0,0,0,0,0,0,0,0
project/sim_ext.py --sim-time 1.5 --seq-graph project/file/graph_15_nodes.json --traffic project/file/traffic_15_nodes_random.json --inspection-rate 0.001 --mess-rate 0.002 --algorithm shortest,0.074431000001,0,0,0,0,0,0,0,0,0,0,0,0,0,0,0,0,0,0,0,0,0,0,0,0,0,0,0,0,0,0,0,0,0,0,0,0,0,0,0,0,0,0,0,0
project/sim_ext.py --sim-time 1.5 --seq-graph project/file/graph_15_nodes.json --traffic project/file/traffic_15_nodes_random.json --inspection-rate 0.001 --mess-rate 0.002 --algorithm shortest,0.075463000001,0,0,0,0,0,0,0,0,0,0,0,0,0,0,0,0,0,0,0,0,0,0,0,0,0,0,0,0,0,0,0,0,0,0,0,0,0,0,0,0,0,0,0,0
project/sim_ext.py --sim-time 1.5 --seq-graph project/file/graph_15_nodes.json --traffic project/file/traffic_15_nodes_random.json --inspection-rate 0.001 --mess-rate 0.002 --algorithm shortest,0.07647400000099999,0,0,0,0,0,0,0,0,0,0,0,0,0,0,0,0,0,0,0,0,0,0,0,0,0,0,0,0,0,0,0,0,0,0,0,0,0,0,0,0,0,0,0,0
project/sim_ext.py --sim-time 1.5 --seq-graph project/file/graph_15_nodes.json --traffic project/file/traffic_15_nodes_random.json --inspection-rate 0.001 --mess-rate 0.002 --algorithm shortest,0.077555000001,0,0,0,0,0,0,0,0,0,0,0,0,0,0,0,0,0,0,0,0,0,0,0,0,0,0,0,0,0,0,0,0,0,0,0,0,0,0,0,0,0,0,0,0
project/sim_ext.py --sim-time 1.5 --seq-graph project/file/graph_15_nodes.json --traffic project/file/traffic_15_nodes_random.json --inspection-rate 0.001 --mess-rate 0.002 --algorithm shortest,0.078602000001,0,0,0,0,0,0,0,0,0,0,0,0,0,0,0,0,0,0,0,0,0,0,0,0,0,0,0,0,0,0,0,0,0,0,0,0,0,0,0,0,0,0,0,0
project/sim_ext.py --sim-time 1.5 --seq-graph project/file/graph_15_nodes.json --traffic project/file/traffic_15_nodes_random.json --inspection-rate 0.001 --mess-rate 0.002 --algorithm shortest,0.07967701966440308,0,0,0,0,0,0,0,0,0,0,0,0,0,0,0,0,0,0,0,0,0,0,0,0,0,0,0,0,0,0,0,0,0,0,0,0,0,0,0,0,0,0,0,0
project/sim_ext.py --sim-time 1.5 --seq-graph project/file/graph_15_nodes.json --traffic project/file/traffic_15_nodes_random.json --inspection-rate 0.001 --mess-rate 0.002 --algorithm shortest,0.080739000001,0,0,0,0,0,0,0,0,0,0,0,0,0,0,0,0,0,0,0,0,0,0,0,0,0,0,0,0,0,0,0,0,0,0,0,0,0,0,0,0,0,0,0,0
project/sim_ext.py --sim-time 1.5 --seq-graph project/file/graph_15_nodes.json --traffic project/file/traffic_15_nodes_random.json --inspection-rate 0.001 --mess-rate 0.002 --algorithm shortest,0.08178900000099999,0,0,0,0,0,0,0,0,0,0,0,0,0,0,0,0,0,0,0,0,0,0,0,0,0,0,0,0,0,0,0,0,0,0,0,0,0,0,0,0,0,0,0,0
project/sim_ext.py --sim-time 1.5 --seq-graph project/file/graph_15_nodes.json --traffic project/file/traffic_15_nodes_random.json --inspection-rate 0.001 --mess-rate 0.002 --algorithm shortest,0.082920000001,0,0,0,0,0,0,0,0,0,0,0,0,0,0,0,0,0,0,0,0,0,0,0,0,0,0,0,0,0,0,0,0,0,0,0,0,0,0,0,0,0,0,0,0
project/sim_ext.py --sim-time 1.5 --seq-graph project/file/graph_15_nodes.json --traffic project/file/traffic_15_nodes_random.json --inspection-rate 0.001 --mess-rate 0.002 --algorithm shortest,0.084360000001,0,0,0,0,0,0,0,0,0,0,0,0,0,0,0,0,0,0,0,0,0,0,0,0,0,0,0,0,0,0,0,0,0,0,0,0,0,0,0,0,0,0,0,0
project/sim_ext.py --sim-time 1.5 --seq-graph project/file/graph_15_nodes.json --traffic project/file/traffic_15_nodes_random.json --inspection-rate 0.001 --mess-rate 0.002 --algorithm shortest,0.085954000001,0,0,0,0,0,0,0,0,0,0,0,0,0,0,0,0,0,0,0,0,0,0,0,0,0,0,0,0,0,0,0,0,0,0,0,0,0,0,0,0,0,0,0,0
project/sim_ext.py --sim-time 1.5 --seq-graph project/file/graph_15_nodes.json --traffic project/file/traffic_15_nodes_random.json --inspection-rate 0.001 --mess-rate 0.002 --algorithm shortest,0.086999000001,0,0,0,0,0,0,0,0,0,0,0,0,0,0,0,0,0,0,0,0,0,0,0,0,0,0,0,0,0,0,0,0,0,0,0,0,0,0,0,0,0,0,0,0
project/sim_ext.py --sim-time 1.5 --seq-graph project/file/graph_15_nodes.json --traffic project/file/traffic_15_nodes_random.json --inspection-rate 0.001 --mess-rate 0.002 --algorithm shortest,0.088097000001,0,0,0,0,0,0,0,0,0,0,0,0,0,0,0,0,0,0,0,0,0,0,0,0,0,0,0,0,0,0,0,0,0,0,0,0,0,0,0,0,0,0,0,0
project/sim_ext.py --sim-time 1.5 --seq-graph project/file/graph_15_nodes.json --traffic project/file/traffic_15_nodes_random.json --inspection-rate 0.001 --mess-rate 0.002 --algorithm shortest,0.089112000001,0,0,0,0,0,0,0,0,0,0,0,0,0,0,0,0,0,0,0,0,0,0,0,0,0,0,0,0,0,0,0,0,0,0,0,0,0,0,0,0,0,0,0,0
project/sim_ext.py --sim-time 1.5 --seq-graph project/file/graph_15_nodes.json --traffic project/file/traffic_15_nodes_random.json --inspection-rate 0.001 --mess-rate 0.002 --algorithm shortest,0.09034807118612646,0,0,0,0,0,0,0,0,0,0,0,0,0,0,0,0,0,0,0,0,0,0,0,0,0,0,0,0,0,0,0,0,0,0,0,0,0,0,0,0,0,0,0,0
project/sim_ext.py --sim-time 1.5 --seq-graph project/file/graph_15_nodes.json --traffic project/file/traffic_15_nodes_random.json --inspection-rate 0.001 --mess-rate 0.002 --algorithm shortest,0.091392999997,0,1,0,0,2,4,10,3,0,0,0,2,0,0,0,2,9,0,4,1,0,0,1,4,9,9,1,0,0,0,3,0,0,2,9,0,7,9,8,0,8,9,9,6
project/sim_ext.py --sim-time 1.5 --seq-graph project/file/graph_15_nodes.json --traffic project/file/traffic_15_nodes_random.json --inspection-rate 0.001 --mess-rate 0.002 --algorithm shortest,0.092425599997,0,5,2,3,2,6,21,3,2,0,2,2,0,0,1,3,14,2,8,1,0,0,6,6,12,10,2,0,3,0,4,0,0,7,12,0,18,34,25,0,24,26,25,15
project/sim_ext.py --sim-time 1.5 --seq-graph project/file/graph_15_nodes.json --traffic project/file/traffic_15_nodes_random.json --inspection-rate 0.001 --mess-rate 0.002 --algorithm shortest,0.093670000001,0,7,2,3,2,8,21,4,3,0,2,3,0,0,1,3,15,2,8,1,0,0,10,7,12,10,2,0,4,0,6,0,0,7,12,0,23,37,30,0,25,29,27,17
project/sim_ext.py --sim-time 1.5 --seq-graph project/file/graph_15_nodes.json --traffic project/file/traffic_15_nodes_random.json --inspection-rate 0.001 --mess-rate 0.002 --algorithm shortest,0.09487400000099999,0,8,2,4,2,8,22,5,5,0,4,4,0,0,2,3,17,2,9,1,0,0,11,7,15,12,2,0,5,0,6,0,0,9,14,0,26,42,43,0,30,29,29,22
project/sim_ext.py --sim-time 1.5 --seq-graph project/file/graph_15_nodes.json --traffic project/file/traffic_15_nodes_random.json --inspection-rate 0.001 --mess-rate 0.002 --algorithm shortest,0.09598819999699999,0,8,2,5,5,8,22,5,6,0,4,4,0,0,2,5,17,2,10,1,0,0,11,9,15,13,2,0,5,0,6,0,0,10,15,0,28,43,48,0,31,33,32,26
project/sim_ext.py --sim-time 1.5 --seq-graph project/file/graph_15_nodes.json --traffic project/file/traffic_15_nodes_random.json --inspection-rate 0.001 --mess-rate 0.002 --algorithm shortest,0.097050000001,0,8,3,5,5,11,22,7,6,0,4,6,0,0,3,5,19,2,14,3,0,0,11,10,16,13,2,0,6,0,7,0,0,13,15,0,30,46,49,0,35,34,34,26
project/sim_ext.py --sim-time 1.5 --seq-graph project/file/graph_15_nodes.json --traffic project/file/traffic_15_nodes_random.json --inspection-rate 0.001 --mess-rate 0.002 --algorithm shortest,0.098231000001,0,8,3,5,5,11,22,8,6,0,4,8,0,0,3,7,19,2,15,3,0,0,11,12,20,13,4,0,6,0,9,0,0,16,15,0,36,48,49,0,35,35,39,26
project/sim_ext.py --sim-time 1.5 --seq-graph project/file/graph_15_nodes.json --traffic project/file/traffic_15_nodes_random.json --inspection-rate 0.001 --mess-rate 0.002 --algorithm shortest,0.099369000001,0,8,3,5,6,11,22,8,6,0,8,8,0,0,3,7,20,3,15,5,0,0,11,12,20,14,5,0,6,0,10,0,0,19,18,0,37,49,49,0,35,36,40,28
project/sim_ext.py --sim-time 1.5 --seq-graph project/file/graph_15_nodes.json --traffic project/file/traffic_15_nodes_random.json --inspection-rate 0.001 --mess-rate 0.002 --algorithm shortest,0.100499000001,0,8,3,5,8,11,22,9,6,0,8,8,0,0,6,7,20,4,15,5,0,0,11,12,21,14,5,0,6,0,10,0,0,22,18,0,37,49,49,0,35,37,40,28
project/sim_ext.py --sim-time 1.5 --seq-graph project/file/graph_15_nodes.json --traffic project/file/traffic_15_nodes_random.json --inspection-rate 0.001 --mess-rate 0.002 --algorithm shortest,0.101718000001,0,8,3,5,9,11,22,9,6,0,8,9,0,0,6,7,20,4,15,5,0,0,11,12,21,15,5,0,6,0,10,0,0,22,19,0,37,49,49,0,35,38,40,28
project/sim_ext.py --sim-time 1.5 --seq-graph project/file/graph_15_nodes.json --traffic project/file/traffic_15_nodes_random.json --inspection-rate 0.001 --mess-rate 0.002 --algorithm shortest,0.103107000001,0,8,3,5,9,11,33,9,6,0,8,9,0,0,7,7,20,5,15,5,0,0,11,12,22,16,5,0,6,0,11,0,0,22,19,0,37,49,49,0,35,38,40,30
project/sim_ext.py --sim-time 1.5 --seq-graph project/file/graph_15_nodes.json --traffic project/file/traffic_15_nodes_random.json --inspection-rate 0.001 --mess-rate 0.002 --algorithm shortest,0.104397000001,0,8,3,5,9,11,33,9,6,0,8,10,0,0,8,7,20,5,20,5,0,0,11,12,22,16,5,0,6,0,12,0,0,22,19,0,37,49,49,0,35,38,40,30
project/sim_ext.py --sim-time 1.5 --seq-graph project/file/graph_15_nodes.json --traffic project/file/traffic_15_nodes_random.json --inspection-rate 0.001 --mess-rate 0.002 --algorithm shortest,0.105564799997,0,8,3,5,9,11,33,9,6,0,8,10,0,0,8,7,21,5,21,5,0,0,11,12,22,16,5,0,6,0,12,0,0,22,19,0,37,49,49,0,35,38,40,31
project/sim_ext.py --sim-time 1.5 --seq-graph project/file/graph_15_nodes.json --traffic project/file/traffic_15_nodes_random.json --inspection-rate 0.001 --mess-rate 0.002 --algorithm shortest,0.106589000001,0,8,3,5,9,11,33,9,6,0,8,10,0,0,8,7,21,5,21,5,0,0,11,12,22,16,5,0,6,0,12,0,0,22,19,0,37,49,49,0,35,38,40,31
project/sim_ext.py --sim-time 1.5 --seq-graph project/file/graph_15_nodes.json --traffic project/file/traffic_15_nodes_random.json --inspection-rate 0.001 --mess-rate 0.002 --algorithm shortest,0.107657000001,0,8,3,5,9,11,34,9,6,0,8,10,0,0,8,7,22,5,21,5,0,0,11,12,22,17,5,0,6,0,13,0,0,22,22,0,37,49,49,0,35,38,40,31
project/sim_ext.py --sim-time 1.5 --seq-graph project/file/graph_15_nodes.json --traffic project/file/traffic_15_nodes_random.json --inspection-rate 0.001 --mess-rate 0.002 --algorithm shortest,0.108717000001,0,8,3,5,9,11,35,9,6,0,8,10,0,0,9,7,22,5,21,5,0,0,11,14,22,17,5,0,6,0,13,0,0,22,26,0,37,49,49,0,35,38,40,31
project/sim_ext.py --sim-time 1.5 --seq-graph project/file/graph_15_nodes.json --traffic project/file/traffic_15_nodes_random.json --inspection-rate 0.001 --mess-rate 0.002 --algorithm shortest,0.109881000001,0,8,3,5,9,11,36,9,6,0,8,10,0,0,9,7,22,5,21,5,0,0,11,14,22,17,5,0,6,0,14,0,0,22,26,0,37,49,49,0,35,38,40,31
project/sim_ext.py --sim-time 1.5 --seq-graph project/file/graph_15_nodes.json --traffic project/file/traffic_15_nodes_random.json --inspection-rate 0.001 --mess-rate 0.002 --algorithm shortest,0.110994000001,0,8,3,5,9,11,37,9,6,0,8,10,0,0,9,7,22,5,22,5,0,0,11,14,22,17,5,0,6,0,14,0,0,22,26,0,37,49,49,0,35,38,40,31
project/sim_ext.py --sim-time 1.5 --seq-graph project/file/graph_15_nodes.json --traffic project/file/traffic_15_nodes_random.json --inspection-rate 0.001 --mess-rate 0.002 --algorithm shortest,0.112339000001,0,8,3,5,9,11,37,9,6,0,8,10,0,0,9,7,22,5,22,5,0,0,11,14,23,18,5,0,6,0,15,0,0,22,27,0,37,49,49,0,35,38,40,31
project/sim_ext.py --sim-time 1.5 --seq-graph project/file/graph_15_nodes.json --traffic project/file/traffic_15_nodes_random.json --inspection-rate 0.001 --mess-rate 0.002 --algorithm shortest,0.113350000001,0,8,3,5,9,11,37,9,6,0,8,10,0,0,9,7,22,5,22,5,0,0,11,14,23,18,5,0,6,0,15,0,0,22,27,0,37,49,49,0,35,38,40,31
project/sim_ext.py --sim-time 1.5 --seq-graph project/file/graph_15_nodes.json --traffic project/file/traffic_15_nodes_random.json --inspection-rate 0.001 --mess-rate 0.002 --algorithm shortest,0.114363000001,0,8,3,5,9,11,37,9,6,0,8,10,0,0,9,7,22,5,22,5,0,0,11,14,23,19,5,0,6,0,15,0,0,22,30,0,37,49,49,0,35,38,40,31
project/sim_ext.py --sim-time 1.5 --seq-graph project/file/graph_15_nodes.json --traffic project/file/traffic_15_nodes_random.json --inspection-rate 0.001 --mess-rate 0.002 --algorithm shortest,0.115490000001,0,8,3,5,9,11,37,9,6,0,8,10,0,0,9,7,22,5,22,5,0,0,11,14,24,19,5,0,6,0,15,0,0,22,30,0,37,49,49,0,35,38,40,31
project/sim_ext.py --sim-time 1.5 --seq-graph project/file/graph_15_nodes.json --traffic project/file/traffic_15_nodes_random.json --inspection-rate 0.001 --mess-rate 0.002 --algorithm shortest,0.116523000001,0,8,3,5,9,11,37,9,6,0,8,10,0,0,9,7,22,5,26,5,0,0,11,14,25,19,5,0,6,0,16,0,0,22,32,0,37,49,49,0,35,38,40,31
project/sim_ext.py --sim-time 1.5 --seq-graph project/file/graph_15_nodes.json --traffic project/file/traffic_15_nodes_random.json --inspection-rate 0.001 --mess-rate 0.002 --algorithm shortest,0.117525000001,0,8,3,5,9,11,37,9,6,0,8,10,0,0,11,7,22,5,26,5,0,0,11,14,25,19,5,0,6,0,16,0,0,22,33,0,37,49,49,0,35,38,40,31
project/sim_ext.py --sim-time 1.5 --seq-graph project/file/graph_15_nodes.json --traffic project/file/traffic_15_nodes_random.json --inspection-rate 0.001 --mess-rate 0.002 --algorithm shortest,0.118753000001,0,8,3,5,9,11,38,9,6,0,8,10,0,0,11,7,22,5,26,5,0,0,11,14,28,21,5,0,6,0,17,0,0,22,34,0,37,49,49,0,35,38,40,31
project/sim_ext.py --sim-time 1.5 --seq-graph project/file/graph_15_nodes.json --traffic project/file/traffic_15_nodes_random.json --inspection-rate 0.001 --mess-rate 0.002 --algorithm shortest,0.12000500000099999,0,8,3,5,9,11,39,9,6,0,8,10,0,0,11,7,22,5,26,5,0,0,11,14,28,21,5,0,6,0,17,0,0,22,34,0,37,49,49,0,35,38,40,31
project/sim_ext.py --sim-time 1.5 --seq-graph project/file/graph_15_nodes.json --traffic project/file/traffic_15_nodes_random.json --inspection-rate 0.001 --mess-rate 0.002 --algorithm shortest,0.121061000001,0,8,3,5,9,11,39,9,6,0,8,10,0,0,11,7,22,5,26,5,0,0,11,14,28,22,5,0,6,0,17,0,0,22,37,0,37,49,49,0,35,38,40,31
project/sim_ext.py --sim-time 1.5 --seq-graph project/file/graph_15_nodes.json --traffic project/file/traffic_15_nodes_random.json --inspection-rate 0.001 --mess-rate 0.002 --algorithm shortest,0.122061799997,0,10,3,8,9,11,39,13,8,0,8,14,0,0,14,7,29,5,28,6,0,0,13,16,29,22,6,0,6,0,19,0,0,27,39,0,44,56,56,0,42,45,47,34
project/sim_ext.py --sim-time 1.5 --seq-graph project/file/graph_15_nodes.json --traffic project/file/traffic_15_nodes_random.json --inspection-rate 0.001 --mess-rate 0.002 --algorithm shortest,0.123079000001,0,15,3,12,9,11,49,13,13,0,9,15,0,0,17,10,33,10,31,6,0,0,26,21,30,22,8,0,10,0,20,0,0,34,39,0,65,80,72,0,59,60,60,37
project/sim_ext.py --sim-time 1.5 --seq-graph project/file/graph_15_nodes.json --traffic project/file/traffic_15_nodes_random.json --inspection-rate 0.001 --mess-rate 0.002 --algorithm shortest,0.124289000001,0,19,3,13,10,12,51,13,13,0,11,15,0,0,17,10,33,11,31,6,0,0,26,22,31,22,8,0,10,0,22,0,0,34,43,0,74,84,76,0,63,61,61,46
project/sim_ext.py --sim-time 1.5 --seq-graph project/file/graph_15_nodes.json --traffic project/file/traffic_15_nodes_random.json --inspection-rate 0.001 --mess-rate 0.002 --algorithm shortest,0.125366399997,0,21,3,13,10,12,51,13,15,0,12,15,0,0,17,10,35,11,31,7,0,0,28,23,32,22,11,0,11,0,22,0,0,38,44,0,77,89,80,0,66,64,63,48
project/sim_ext.py --sim-time 1.5 --seq-graph project/file/graph_15_nodes.json --traffic project/file/traffic_15_nodes_random.json --inspection-rate 0.001 --mess-rate 0.002 --algorithm shortest,0.126381000001,0,21,3,13,10,12,51,14,16,0,12,16,0,0,17,10,36,12,31,7,0,0,28,23,33,23,11,0,12,0,22,0,0,39,45,0,78,94,81,0,68,69,63,49
project/sim_ext.py --sim-time 1.5 --seq-graph project/file/graph_15_nodes.json --traffic project/file/traffic_15_nodes_random.json --inspection-rate 0.001 --mess-rate 0.002 --algorithm shortest,0.127519000001,0,21,3,13,10,12,57,14,16,0,12,18,0,0,17,10,38,12,33,7,0,0,28,23,33,23,11,0,12,0,22,0,0,39,45,0,78,100,83,0,70,69,67,49
project/sim_ext.py --sim-time 1.5 --seq-graph project/file/graph_15_nodes.json --traffic project/file/traffic_15_nodes_random.json --inspection-rate 0.001 --mess-rate 0.002 --algorithm shortest,0.128576999997,0,21,3,13,12,14,57,14,16,0,12,18,0,0,17,10,38,14,35,7,0,0,28,25,33,23,12,0,12,0,22,0,0,39,45,0,83,101,83,0,70,70,68,51
project/sim_ext.py --sim-time 1.5 --seq-graph project/file/graph_15_nodes.json --traffic project/file/traffic_15_nodes_random.json --inspection-rate 0.001 --mess-rate 0.002 --algorithm shortest,0.12981740992006421,0,21,3,13,13,14,57,15,16,0,13,21,0,0,17,13,39,15,39,7,0,0,28,25,34,24,12,0,15,0,26,0,0,43,45,0,83,101,84,0,74,70,69,51
project/sim_ext.py --sim-time 1.5 --seq-graph project/file/graph_15_nodes.json --traffic project/file/traffic_15_nodes_random.json --inspection-rate 0.001 --mess-rate 0.002 --algorithm shortest,0.13091470589351792,0,21,5,13,13,14,57,15,16,0,13,21,0,0,20,13,40,15,39,8,0,0,28,27,35,24,12,0,15,0,27,0,0,46,45,0,83,101,86,0,74,70,74,51
project/sim_ext.py --sim-time 1.5 --seq-graph project/file/graph_15_nodes.json --traffic project/file/traffic_15_nodes_random.json --inspection-rate 0.001 --mess-rate 0.002 --algorithm shortest,0.13198999999299998,0,21,5,13,13,14,68,15,16,0,13,22,0,0,20,14,40,15,40,8,0,0,28,27,35,25,12,0,15,0,27,0,0,46,46,0,83,101,86,0,74,76,75,51
project/sim_ext.py --sim-time 1.5 --seq-graph project/file/graph_15_nodes.json --traffic project/file/traffic_15_nodes_random.json --inspection-rate 0.001 --mess-rate 0.002 --algorithm shortest,0.132991000001,0,21,5,13,13,14,69,15,16,0,13,23,0,0,20,14,40,17,40,8,0,0,28,28,35,25,12,0,15,0,27,0,0,46,46,0,83,101,86,0,74,77,77,51
project/sim_ext.py --sim-time 1.5 --seq-graph project/file/graph_15_nodes.json --traffic project/file/traffic_15_nodes_random.json --inspection-rate 0.001 --mess-rate 0.002 --algorithm shortest,0.134096000001,0,21,9,13,13,14,69,16,16,0,13,23,0,0,21,14,41,17,41,8,0,0,28,28,36,25,12,0,15,0,27,0,0,49,46,0,83,101,86,0,74,77,78,51
project/sim_ext.py --sim-time 1.5 --seq-graph project/file/graph_15_nodes.json --traffic project/file/traffic_15_nodes_random.json --inspection-rate 0.001 --mess-rate 0.002 --algorithm shortest,0.135167000001,0,21,9,13,13,14,71,17,16,0,13,23,0,0,21,14,41,17,41,8,0,0,28,28,36,28,12,0,15,0,28,0,0,49,47,0,83,101,86,0,74,77,78,51
project/sim_ext.py --sim-time 1.5 --seq-graph project/file/graph_15_nodes.json --traffic project/file/traffic_15_nodes_random.json --inspection-rate 0.001 --mess-rate 0.002 --algorithm shortest,0.136178000001,0,21,9,13,13,14,72,18,16,0,13,23,0,0,21,15,42,17,43,8,0,0,28,28,36,29,12,0,15,0,29,0,0,51,48,0,83,101,86,0,74,77,78,51
project/sim_ext.py --sim-time 1.5 --seq-graph project/file/graph_15_nodes.json --traffic project/file/traffic_15_nodes_random.json --inspection-rate 0.001 --mess-rate 0.002 --algorithm shortest,0.137266000001,0,21,9,13,13,14,73,18,16,0,13,23,0,0,21,16,43,17,43,8,0,0,28,28,36,30,12,0,15,0,29,0,0,52,49,0,83,101,86,0,74,77,78,51
project/sim_ext.py --sim-time 1.5 --seq-graph project/file/graph_15_nodes.json --traffic project/file/traffic_15_nodes_random.json --inspection-rate 0.001 --mess-rate 0.002 --algorithm shortest,0.138315599997,0,21,9,13,13,14,73,18,16,0,13,23,0,0,21,16,43,17,43,8,0,0,28,28,36,31,12,0,15,0,29,0,0,52,50,0,83,101,86,0,74,77,78,51
project/sim_ext.py --sim-time 1.5 --seq-graph project/file/graph_15_nodes.json --traffic project/file/traffic_15_nodes_random.json --inspection-rate 0.001 --mess-rate 0.002 --algorithm shortest,0.139419000001,0,21,9,13,13,14,75,18,16,0,13,23,0,0,21,16,44,17,44,8,0,0,28,28,36,31,12,0,15,0,30,0,0,52,51,0,83,101,86,0,74,77,78,51
project/sim_ext.py --sim-time 1.5 --seq-graph project/file/graph_15_nodes.json --traffic project/file/traffic_15_nodes_random.json --inspection-rate 0.001 --mess-rate 0.002 --algorithm shortest,0.140845799997,0,21,10,13,13,14,77,18,16,0,13,23,0,0,26,16,45,17,44,9,0,0,28,28,36,31,12,0,15,0,31,0,0,53,52,0,83,101,86,0,74,77,78,51
project/sim_ext.py --sim-time 1.5 --seq-graph project/file/graph_15_nodes.json --traffic project/file/traffic_15_nodes_random.json --inspection-rate 0.001 --mess-rate 0.002 --algorithm shortest,0.141942000001,0,21,10,13,13,14,77,21,16,0,13,23,0,0,26,17,45,17,44,9,0,0,28,28,38,31,12,0,15,0,32,0,0,53,52,0,83,101,86,0,74,77,78,51
project/sim_ext.py --sim-time 1.5 --seq-graph project/file/graph_15_nodes.json --traffic project/file/traffic_15_nodes_random.json --inspection-rate 0.001 --mess-rate 0.002 --algorithm shortest,0.1429918072734,0,21,10,13,13,14,77,21,16,0,13,23,0,0,27,17,45,17,44,11,0,0,28,28,38,31,12,0,15,0,32,0,0,53,52,0,83,101,86,0,74,77,78,51
project/sim_ext.py --sim-time 1.5 --seq-graph project/file/graph_15_nodes.json --traffic project/file/traffic_15_nodes_random.json --inspection-rate 0.001 --mess-rate 0.002 --algorithm shortest,0.144043599997,0,21,10,13,13,14,77,21,16,0,13,23,0,0,27,17,45,17,45,11,0,0,28,28,38,31,12,0,15,0,32,0,0,53,52,0,83,101,86,0,74,77,78,51
project/sim_ext.py --sim-time 1.5 --seq-graph project/file/graph_15_nodes.json --traffic project/file/traffic_15_nodes_random.json --inspection-rate 0.001 --mess-rate 0.002 --algorithm shortest,0.145084000001,0,21,10,13,13,14,77,21,16,0,13,23,0,0,27,17,45,17,45,11,0,0,28,28,38,31,12,0,15,0,32,0,0,53,52,0,83,101,86,0,74,77,78,51
project/sim_ext.py --sim-time 1.5 --seq-graph project/file/graph_15_nodes.json --traffic project/file/traffic_15_nodes_random.json --inspection-rate 0.001 --mess-rate 0.002 --algorithm shortest,0.146144000001,0,21,10,13,13,14,78,21,16,0,13,23,0,0,27,17,45,17,45,11,0,0,28,28,38,31,12,0,15,0,32,0,0,53,52,0,83,101,86,0,74,77,78,51
project/sim_ext.py --sim-time 1.5 --seq-graph project/file/graph_15_nodes.json --traffic project/file/traffic_15_nodes_random.json --inspection-rate 0.001 --mess-rate 0.002 --algorithm shortest,0.147167000001,0,21,10,13,13,14,79,21,16,0,13,23,0,0,27,17,45,17,45,11,0,0,28,28,39,34,12,0,15,0,34,0,0,53,53,0,83,101,86,0,74,77,78,51
project/sim_ext.py --sim-time 1.5 --seq-graph project/file/graph_15_nodes.json --traffic project/file/traffic_15_nodes_random.json --inspection-rate 0.001 --mess-rate 0.002 --algorithm shortest,0.148296000001,0,21,10,13,13,14,79,21,16,0,13,23,0,0,29,17,45,17,45,11,0,0,28,28,40,38,12,0,15,0,35,0,0,53,53,0,83,101,86,0,74,77,78,51
project/sim_ext.py --sim-time 1.5 --seq-graph project/file/graph_15_nodes.json --traffic project/file/traffic_15_nodes_random.json --inspection-rate 0.001 --mess-rate 0.002 --algorithm shortest,0.1493406657556468,0,21,10,13,13,14,79,21,16,0,13,23,0,0,29,17,45,17,45,11,0,0,28,28,41,38,12,0,15,0,36,0,0,53,53,0,83,101,86,0,74,77,78,51
project/sim_ext.py --sim-time 1.5 --seq-graph project/file/graph_15_nodes.json --traffic project/file/traffic_15_nodes_random.json --inspection-rate 0.001 --mess-rate 0.002 --algorithm shortest,0.150911000001,0,21,10,13,13,14,79,21,16,0,13,23,0,0,31,17,45,17,46,11,0,0,28,28,44,38,12,0,15,0,37,0,0,53,53,0,83,101,86,0,74,77,78,51
project/sim_ext.py --sim-time 1.5 --seq-graph project/file/graph_15_nodes.json --traffic project/file/traffic_15_nodes_random.json --inspection-rate 0.001 --mess-rate 0.002 --algorithm shortest,0.152006000001,0,21,10,13,13,14,80,21,16,0,13,23,0,0,31,17,45,17,46,11,0,0,28,28,44,39,12,0,15,0,37,0,0,53,55,0,83,101,86,0,74,77,78,51
project/sim_ext.py --sim-time 1.5 --seq-graph project/file/graph_15_nodes.json --traffic project/file/traffic_15_nodes_random.json --inspection-rate 0.001 --mess-rate 0.002 --algorithm shortest,0.153055000001,0,21,10,13,13,14,80,21,16,0,13,23,0,0,31,17,45,17,46,11,0,0,28,28,44,39,12,0,15,0,37,0,0,53,55,0,83,101,86,0,74,77,78,51
project/sim_ext.py --sim-time 1.5 --seq-graph project/file/graph_15_nodes.json --traffic project/file/traffic_15_nodes_random.json --inspection-rate 0.001 --mess-rate 0.002 --algorithm shortest,0.15431300000099998,0,21,10,13,13,14,81,21,16,0,13,23,0,0,31,17,45,17,46,11,0,0,28,28,44,41,12,0,15,0,37,0,0,53,56,0,83,101,86,0,74,77,78,51
project/sim_ext.py --sim-time 1.5 --seq-graph project/file/graph_15_nodes.json --traffic project/file/traffic_15_nodes_random.json --inspection-rate 0.001 --mess-rate 0.002 --algorithm shortest,0.15536900000099998,0,21,10,13,13,14,82,21,16,0,13,23,0,0,33,17,45,17,46,11,0,0,28,28,44,41,12,0,15,0,37,0,0,53,56,0,83,101,86,0,74,77,78,51
project/sim_ext.py --sim-time 1.5 --seq-graph project/file/graph_15_nodes.json --traffic project/file/traffic_15_nodes_random.json --inspection-rate 0.001 --mess-rate 0.002 --algorithm shortest,0.156414799997,0,21,10,13,13,14,84,21,16,0,13,23,0,0,34,17,45,17,46,11,0,0,28,28,45,41,12,0,15,0,39,0,0,53,56,0,83,101,86,0,74,77,78,51
project/sim_ext.py --sim-time 1.5 --seq-graph project/file/graph_15_nodes.json --traffic project/file/traffic_15_nodes_random.json --inspection-rate 0.001 --mess-rate 0.002 --algorithm shortest,0.157458000001,0,21,10,13,13,14,84,21,16,0,13,23,0,0,34,17,45,17,48,11,0,0,28,28,45,41,12,0,15,0,39,0,0,53,56,0,83,101,86,0,74,77,78,51
project/sim_ext.py --sim-time 1.5 --seq-graph project/file/graph_15_nodes.json --traffic project/file/traffic_15_nodes_random.json --inspection-rate 0.001 --mess-rate 0.002 --algorithm shortest,0.158463000001,0,21,10,13,13,14,85,21,16,0,13,23,0,0,34,17,45,17,49,11,0,0,28,28,49,41,12,0,15,0,39,0,0,53,56,0,83,101,86,0,74,77,78,51
project/sim_ext.py --sim-time 1.5 --seq-graph project/file/graph_15_nodes.json --traffic project/file/traffic_15_nodes_random.json --inspection-rate 0.001 --mess-rate 0.002 --algorithm shortest,0.1594677062637165,0,21,10,13,13,14,85,21,16,0,13,23,0,0,34,17,45,17,49,11,0,0,28,28,49,41,12,0,15,0,39,0,0,53,56,0,83,101,86,0,74,77,78,51
project/sim_ext.py --sim-time 1.5 --seq-graph project/file/graph_15_nodes.json --traffic project/file/traffic_15_nodes_random.json --inspection-rate 0.001 --mess-rate 0.002 --algorithm shortest,0.160536000001,0,21,10,13,13,14,88,21,16,0,13,23,0,0,34,17,45,17,49,11,0,0,28,28,49,42,12,0,15,0,39,0,0,53,57,0,83,101,86,0,74,77,78,51
project/sim_ext.py --sim-time 1.5 --seq-graph project/file/graph_15_nodes.json --traffic project/file/traffic_15_nodes_random.json --inspection-rate 0.001 --mess-rate 0.002 --algorithm shortest,0.161587000001,0,21,10,13,13,14,89,21,16,0,13,23,0,0,34,17,45,17,49,11,0,0,28,28,49,42,12,0,15,0,39,0,0,53,57,0,83,101,86,0,74,77,78,51
project/sim_ext.py --sim-time 1.5 --seq-graph project/file/graph_15_nodes.json --traffic project/file/traffic_15_nodes_random.json --inspection-rate 0.001 --mess-rate 0.002 --algorithm shortest,0.16264525183984738,0,21,10,13,13,14,89,21,16,0,13,23,0,0,34,17,45,17,49,11,0,0,28,28,49,45,12,0,15,0,39,0,0,53,58,0,83,101,86,0,74,77,78,51
project/sim_ext.py --sim-time 1.5 --seq-graph project/file/graph_15_nodes.json --traffic project/file/traffic_15_nodes_random.json --inspection-rate 0.001 --mess-rate 0.002 --algorithm shortest,0.16369500000099999,0,33,12,19,13,15,97,21,27,0,14,24,0,0,37,17,57,19,50,15,0,0,34,35,50,45,14,0,16,0,43,0,0,59,58,0,108,133,112,0,102,97,95,60
project/sim_ext.py --sim-time 1.5 --seq-graph project/file/graph_15_nodes.json --traffic project/file/traffic_15_nodes_random.json --inspection-rate 0.001 --mess-rate 0.002 --algorithm shortest,0.164846000001,0,35,12,23,14,18,99,21,28,0,14,25,0,0,37,17,57,19,53,15,0,0,35,35,50,46,15,0,16,0,44,0,0,59,58,0,115,138,117,0,104,101,99,61
project/sim_ext.py --sim-time 1.5 --seq-graph project/file/graph_15_nodes.json --traffic project/file/traffic_15_nodes_random.json --inspection-rate 0.001 --mess-rate 0.002 --algorithm shortest,0.166092000001,0,38,13,26,14,18,99,22,30,0,14,25,0,0,37,22,62,19,56,17,0,0,37,39,50,48,15,0,16,0,44,0,0,69,58,0,121,146,121,0,108,103,101,63
project/sim_ext.py --sim-time 1.5 --seq-graph project/file/graph_15_nodes.json --traffic project/file/traffic_15_nodes_random.json --inspection-rate 0.001 --mess-rate 0.002 --algorithm shortest,0.167104000001,0,39,13,27,15,18,100,22,30,0,14,25,0,0,37,22,64,19,56,17,0,0,37,39,50,48,16,0,16,0,45,0,0,72,58,0,122,147,124,0,108,105,106,63
project/sim_ext.py --sim-time 1.5 --seq-graph project/file/graph_15_nodes.json --traffic project/file/traffic_15_nodes_random.json --inspection-rate 0.001 --mess-rate 0.002 --algorithm shortest,0.168577000001,0,39,14,27,17,18,100,22,30,0,14,25,0,0,37,22,65,20,56,17,0,0,37,40,50,48,16,0,16,0,45,0,0,76,58,0,123,148,125,0,108,109,111,64
project/sim_ext.py --sim-time 1.5 --seq-graph project/file/graph_15_nodes.json --traffic project/file/traffic_15_nodes_random.json --inspection-rate 0.001 --mess-rate 0.002 --algorithm shortest,0.16960500000099998,0,39,14,27,18,18,102,25,30,0,14,25,0,0,37,22,66,20,60,17,0,0,37,44,50,49,16,0,17,0,47,0,0,79,64,0,128,148,130,0,113,110,112,65
project/sim_ext.py --sim-time 1.5 --seq-graph project/file/graph_15_nodes.json --traffic project/file/traffic_15_nodes_random.json --inspection-rate 0.001 --mess-rate 0.002 --algorithm shortest,0.170664999997,0,39,14,27,18,18,102,25,30,0,15,26,0,0,37,22,67,20,60,17,0,0,37,44,51,51,16,0,17,0,48,0,0,79,65,0,129,148,132,0,114,110,113,65
project/sim_ext.py --sim-time 1.5 --seq-graph project/file/graph_15_nodes.json --traffic project/file/traffic_15_nodes_random.json --inspection-rate 0.001 --mess-rate 0.002 --algorithm shortest,0.171712000001,0,39,14,27,18,18,102,25,30,0,15,27,0,0,37,22,71,21,60,18,0,0,37,46,51,53,16,0,17,0,48,0,0,80,65,0,129,148,135,0,114,110,113,69
project/sim_ext.py --sim-time 1.5 --seq-graph project/file/graph_15_nodes.json --traffic project/file/traffic_15_nodes_random.json --inspection-rate 0.001 --mess-rate 0.002 --algorithm shortest,0.172740000001,0,39,14,27,19,18,102,25,30,0,15,30,0,0,37,22,71,21,60,19,0,0,37,47,53,53,16,0,17,0,49,0,0,80,65,0,129,148,135,0,114,110,113,69
project/sim_ext.py --sim-time 1.5 --seq-graph project/file/graph_15_nodes.json --traffic project/file/traffic_15_nodes_random.json --inspection-rate 0.001 --mess-rate 0.002 --algorithm shortest,0.173831000001,0,39,14,27,20,18,108,26,30,0,15,31,0,0,37,24,71,21,60,19,0,0,37,47,53,54,16,0,17,0,49,0,0,80,68,0,129,148,135,0,114,110,113,69
project/sim_ext.py --sim-time 1.5 --seq-graph project/file/graph_15_nodes.json --traffic project/file/traffic_15_nodes_random.json --inspection-rate 0.001 --mess-rate 0.002 --algorithm shortest,0.174836000001,0,39,14,27,20,18,108,26,30,0,15,31,0,0,37,25,72,21,60,19,0,0,37,48,53,54,16,0,17,0,49,0,0,80,68,0,129,148,135,0,114,110,113,70
project/sim_ext.py --sim-time 1.5 --seq-graph project/file/graph_15_nodes.json --traffic project/file/traffic_15_nodes_random.json --inspection-rate 0.001 --mess-rate 0.002 --algorithm shortest,0.175953000001,0,39,14,27,20,18,110,26,30,0,15,31,0,0,37,26,72,21,60,19,0,0,37,48,53,54,16,0,17,0,49,0,0,82,68,0,129,148,135,0,114,110,113,70
project/sim_ext.py --sim-time 1.5 --seq-graph project/file/graph_15_nodes.json --traffic project/file/traffic_15_nodes_random.json --inspection-rate 0.001 --mess-rate 0.002 --algorithm shortest,0.176974000001,0,39,14,27,20,18,111,26,30,0,15,31,0,0,38,26,72,21,60,19,0,0,37,48,53,54,16,0,17,0,49,0,0,83,68,0,129,148,135,0,115,110,113,70
project/sim_ext.py --sim-time 1.5 --seq-graph project/file/graph_15_nodes.json --traffic project/file/traffic_15_nodes_random.json --inspection-rate 0.001 --mess-rate 0.002 --algorithm shortest,0.178050000001,0,39,16,27,20,18,111,28,30,0,15,32,0,0,41,26,72,21,60,20,0,0,37,48,53,57,16,0,17,0,49,0,0,86,69,0,129,148,135,0,115,110,113,70
project/sim_ext.py --sim-time 1.5 --seq-graph project/file/graph_15_nodes.json --traffic project/file/traffic_15_nodes_random.json --inspection-rate 0.001 --mess-rate 0.002 --algorithm shortest,0.179067000001,0,39,16,27,20,18,113,29,30,0,15,32,0,0,41,27,72,21,64,20,0,0,37,48,53,57,16,0,17,0,49,0,0,86,69,0,129,148,135,0,115,110,113,70
project/sim_ext.py --sim-time 1.5 --seq-graph project/file/graph_15_nodes.json --traffic project/file/traffic_15_nodes_random.json --inspection-rate 0.001 --mess-rate 0.002 --algorithm shortest,0.180144000001,0,39,17,27,20,18,113,29,30,0,15,33,0,0,41,27,72,21,64,20,0,0,37,48,53,57,16,0,17,0,49,0,0,86,69,0,129,148,135,0,115,110,113,70
project/sim_ext.py --sim-time 1.5 --seq-graph project/file/graph_15_nodes.json --traffic project/file/traffic_15_nodes_random.json --inspection-rate 0.001 --mess-rate 0.002 --algorithm shortest,0.181201000001,0,39,17,27,20,18,113,29,30,0,15,33,0,0,41,27,72,21,64,20,0,0,37,48,53,59,16,0,17,0,49,0,0,86,69,0,129,148,135,0,115,110,113,70
project/sim_ext.py --sim-time 1.5 --seq-graph project/file/graph_15_nodes.json --traffic project/file/traffic_15_nodes_random.json --inspection-rate 0.001 --mess-rate 0.002 --algorithm shortest,0.182554000001,0,39,17,27,20,18,113,29,30,0,15,33,0,0,42,27,72,21,68,20,0,0,37,48,53,61,16,0,17,0,49,0,0,86,69,0,129,148,135,0,115,110,113,70
project/sim_ext.py --sim-time 1.5 --seq-graph project/file/graph_15_nodes.json --traffic project/file/traffic_15_nodes_random.json --inspection-rate 0.001 --mess-rate 0.002 --algorithm shortest,0.18364800000099998,0,39,17,27,20,18,113,29,30,0,15,33,0,0,42,27,72,21,69,20,0,0,37,48,53,62,16,0,17,0,49,0,0,86,69,0,129,148,135,0,115,110,113,70
project/sim_ext.py --sim-time 1.5 --seq-graph project/file/graph_15_nodes.json --traffic project/file/traffic_15_nodes_random.json --inspection-rate 0.001 --mess-rate 0.002 --algorithm shortest,0.184669000001,0,39,17,27,20,18,115,29,30,0,15,33,0,0,42,29,72,21,69,20,0,0,37,48,53,63,16,0,17,0,49,0,0,86,69,0,129,148,135,0,115,110,113,70
project/sim_ext.py --sim-time 1.5 --seq-graph project/file/graph_15_nodes.json --traffic project/file/traffic_15_nodes_random.json --inspection-rate 0.001 --mess-rate 0.002 --algorithm shortest,0.185747000001,0,39,17,27,20,18,115,29,30,0,15,33,0,0,42,30,72,21,69,20,0,0,37,48,54,63,16,0,17,0,54,0,0,86,69,0,129,148,135,0,115,110,113,70
project/sim_ext.py --sim-time 1.5 --seq-graph project/file/graph_15_nodes.json --traffic project/file/traffic_15_nodes_random.json --inspection-rate 0.001 --mess-rate 0.002 --algorithm shortest,0.18717300000099998,0,39,17,27,20,18,118,29,30,0,15,33,0,0,42,30,72,21,69,20,0,0,37,48,55,65,16,0,17,0,55,0,0,86,71,0,129,148,135,0,115,110,113,70
project/sim_ext.py --sim-time 1.5 --seq-graph project/file/graph_15_nodes.json --traffic project/file/traffic_15_nodes_random.json --inspection-rate 0.001 --mess-rate 0.002 --algorithm shortest,0.18824818442458183,0,39,17,27,20,18,119,29,30,0,15,33,0,0,42,32,72,21,69,20,0,0,37,48,55,65,16,0,17,0,55,0,0,86,71,0,129,148,135,0,115,110,113,70
project/sim_ext.py --sim-time 1.5 --seq-graph project/file/graph_15_nodes.json --traffic project/file/traffic_15_nodes_random.json --inspection-rate 0.001 --mess-rate 0.002 --algorithm shortest,0.189303000001,0,39,17,27,20,18,119,29,30,0,15,33,0,0,42,34,72,21,69,20,0,0,37,48,56,65,16,0,17,0,56,0,0,86,71,0,129,148,135,0,115,110,113,70
project/sim_ext.py --sim-time 1.5 --seq-graph project/file/graph_15_nodes.json --traffic project/file/traffic_15_nodes_random.json --inspection-rate 0.001 --mess-rate 0.002 --algorithm shortest,0.190407000001,0,39,17,27,20,18,119,29,30,0,15,33,0,0,43,34,72,21,69,20,0,0,37,48,56,65,16,0,17,0,56,0,0,86,71,0,129,148,135,0,115,110,113,70
project/sim_ext.py --sim-time 1.5 --seq-graph project/file/graph_15_nodes.json --traffic project/file/traffic_15_nodes_random.json --inspection-rate 0.001 --mess-rate 0.002 --algorithm shortest,0.19141800000099998,0,39,17,27,20,18,119,29,30,0,15,33,0,0,44,34,72,21,69,20,0,0,37,48,58,68,16,0,17,0,57,0,0,86,72,0,129,148,135,0,115,110,113,70
project/sim_ext.py --sim-time 1.5 --seq-graph project/file/graph_15_nodes.json --traffic project/file/traffic_15_nodes_random.json --inspection-rate 0.001 --mess-rate 0.002 --algorithm shortest,0.192434999989,0,39,17,27,20,18,119,29,30,0,15,33,0,0,45,34,72,21,70,20,0,0,37,48,58,69,16,0,17,0,57,0,0,86,72,0,129,148,135,0,115,110,113,70
project/sim_ext.py --sim-time 1.5 --seq-graph project/file/graph_15_nodes.json --traffic project/file/traffic_15_nodes_random.json --inspection-rate 0.001 --mess-rate 0.002 --algorithm shortest,0.194025599997,0,42,18,33,21,19,124,29,33,0,18,38,0,0,46,34,81,23,74,23,0,0,41,53,62,72,18,0,17,0,63,0,0,100,74,0,148,167,155,0,134,125,126,76
project/sim_ext.py --sim-time 1.5 --seq-graph project/file/graph_15_nodes.json --traffic project/file/traffic_15_nodes_random.json --inspection-rate 0.001 --mess-rate 0.002 --algorithm shortest,0.195050000001,0,47,18,33,21,19,126,29,36,0,18,39,0,0,46,34,86,23,75,24,0,0,45,53,62,72,18,0,17,0,63,0,0,103,74,0,157,176,169,0,141,131,128,86
project/sim_ext.py --sim-time 1.5 --seq-graph project/file/graph_15_nodes.json --traffic project/file/traffic_15_nodes_random.json --inspection-rate 0.001 --mess-rate 0.002 --algorithm shortest,0.196063000001,0,48,19,33,21,19,126,30,37,0,18,40,0,0,47,34,86,23,75,24,0,0,45,54,65,72,18,0,18,0,64,0,0,104,74,0,158,178,169,0,143,134,129,86
project/sim_ext.py --sim-time 1.5 --seq-graph project/file/graph_15_nodes.json --traffic project/file/traffic_15_nodes_random.json --inspection-rate 0.001 --mess-rate 0.002 --algorithm shortest,0.197291000001,0,50,19,36,22,22,127,32,40,0,18,42,0,0,47,36,88,23,79,26,0,0,48,56,67,72,19,0,19,0,65,0,0,111,74,0,162,183,177,0,149,143,131,89
project/sim_ext.py --sim-time 1.5 --seq-graph project/file/graph_15_nodes.json --traffic project/file/traffic_15_nodes_random.json --inspection-rate 0.001 --mess-rate 0.002 --algorithm shortest,0.198366799997,0,50,19,38,23,22,127,32,40,0,18,42,0,0,48,36,88,25,80,26,0,0,48,56,67,72,19,0,19,0,65,0,0,113,74,0,167,183,177,0,149,146,133,90
project/sim_ext.py --sim-time 1.5 --seq-graph project/file/graph_15_nodes.json --traffic project/file/traffic_15_nodes_random.json --inspection-rate 0.001 --mess-rate 0.002 --algorithm shortest,0.199930000001,0,50,20,38,23,22,129,33,40,0,19,42,0,0,48,38,90,26,80,27,0,0,48,56,69,73,19,0,19,0,66,0,0,121,82,0,167,193,182,0,151,147,135,91
project/sim_ext.py --sim-time 1.5 --seq-graph project/file/graph_15_nodes.json --traffic project/file/traffic_15_nodes_random.json --inspection-rate 0.001 --mess-rate 0.002 --algorithm shortest,0.20128442710122077,0,50,20,38,23,22,129,33,40,0,20,43,0,0,48,38,90,26,80,28,0,0,48,56,71,73,19,0,19,0,66,0,0,122,82,0,167,193,184,0,153,148,136,91
project/sim_ext.py --sim-time 1.5 --seq-graph project/file/graph_15_nodes.json --traffic project/file/traffic_15_nodes_random.json --inspection-rate 0.001 --mess-rate 0.002 --algorithm shortest,0.202318000001,0,50,20,38,23,22,129,34,40,0,23,43,0,0,48,40,91,26,83,30,0,0,48,59,71,73,19,0,19,0,66,0,0,123,83,0,167,193,184,0,153,148,140,91
project/sim_ext.py --sim-time 1.5 --seq-graph project/file/graph_15_nodes.json --traffic project/file/traffic_15_nodes_random.json --inspection-rate 0.001 --mess-rate 0.002 --algorithm shortest,0.203339000001,0,50,20,38,23,22,129,34,40,0,23,44,0,0,48,40,91,29,83,30,0,0,48,59,71,73,22,0,19,0,66,0,0,127,86,0,171,193,185,0,153,148,145,93
project/sim_ext.py --sim-time 1.5 --seq-graph project/file/graph_15_nodes.json --traffic project/file/traffic_15_nodes_random.json --inspection-rate 0.001 --mess-rate 0.002 --algorithm shortest,0.20443400000099998,0,50,20,38,23,22,132,34,40,0,23,44,0,0,48,40,91,29,83,30,0,0,48,60,72,73,22,0,20,0,68,0,0,127,87,0,172,193,185,0,153,148,146,94
project/sim_ext.py --sim-time 1.5 --seq-graph project/file/graph_15_nodes.json --traffic project/file/traffic_15_nodes_random.json --inspection-rate 0.001 --mess-rate 0.002 --algorithm shortest,0.20575541155693422,0,50,20,38,23,22,133,34,40,0,23,44,0,0,48,40,91,29,83,30,0,0,48,60,72,73,22,0,20,0,70,0,0,127,87,0,172,193,185,0,153,148,146,95
project/sim_ext.py --sim-time 1.5 --seq-graph project/file/graph_15_nodes.json --traffic project/file/traffic_15_nodes_random.json --inspection-rate 0.001 --mess-rate 0.002 --algorithm shortest,0.206785000001,0,50,20,38,24,22,133,34,40,0,23,44,0,0,48,40,91,29,84,30,0,0,48,61,72,73,22,0,20,0,70,0,0,127,87,0,172,193,185,0,153,149,146,98
project/sim_ext.py --sim-time 1.5 --seq-graph project/file/graph_15_nodes.json --traffic project/file/traffic_15_nodes_random.json --inspection-rate 0.001 --mess-rate 0.002 --algorithm shortest,0.20779300000099998,0,50,20,38,24,22,135,34,40,0,23,44,0,0,51,40,91,29,84,30,0,0,48,62,73,81,22,0,20,0,70,0,0,127,88,0,172,193,185,0,153,149,146,98
project/sim_ext.py --sim-time 1.5 --seq-graph project/file/graph_15_nodes.json --traffic project/file/traffic_15_nodes_random.json --inspection-rate 0.001 --mess-rate 0.002 --algorithm shortest,0.208846000001,0,50,20,38,24,22,135,34,40,0,23,44,0,0,53,40,91,30,85,30,0,0,48,62,73,82,22,0,20,0,70,0,0,127,88,0,172,193,185,0,153,149,146,99
project/sim_ext.py --sim-time 1.5 --seq-graph project/file/graph_15_nodes.json --traffic project/file/traffic_15_nodes_random.json --inspection-rate 0.001 --mess-rate 0.002 --algorithm shortest,0.20984800000099998,0,50,20,38,24,22,136,34,40,0,23,44,0,0,53,41,91,30,85,30,0,0,48,62,73,84,22,0,20,0,70,0,0,127,88,0,172,193,185,0,153,149,146,99
project/sim_ext.py --sim-time 1.5 --seq-graph project/file/graph_15_nodes.json --traffic project/file/traffic_15_nodes_random.json --inspection-rate 0.001 --mess-rate 0.002 --algorithm shortest,0.210863999997,0,50,20,38,24,22,140,34,40,0,23,44,0,0,53,41,91,30,86,30,0,0,48,62,73,84,22,0,20,0,70,0,0,127,88,0,172,193,185,0,153,149,146,99
project/sim_ext.py --sim-time 1.5 --seq-graph project/file/graph_15_nodes.json --traffic project/file/traffic_15_nodes_random.json --inspection-rate 0.001 --mess-rate 0.002 --algorithm shortest,0.21187200000099998,0,50,20,38,24,22,141,34,40,0,23,44,0,0,53,41,91,30,89,30,0,0,48,62,73,85,22,0,20,0,70,0,0,127,88,0,172,193,185,0,153,149,146,99
project/sim_ext.py --sim-time 1.5 --seq-graph project/file/graph_15_nodes.json --traffic project/file/traffic_15_nodes_random.json --inspection-rate 0.001 --mess-rate 0.002 --algorithm shortest,0.212918000001,0,50,20,38,24,22,141,34,40,0,23,44,0,0,57,41,91,30,89,30,0,0,48,62,74,86,22,0,20,0,72,0,0,127,88,0,172,193,185,0,153,149,146,99
project/sim_ext.py --sim-time 1.5 --seq-graph project/file/graph_15_nodes.json --traffic project/file/traffic_15_nodes_random.json --inspection-rate 0.001 --mess-rate 0.002 --algorithm shortest,0.214051000001,0,50,20,38,24,22,141,34,40,0,23,44,0,0,58,43,91,30,89,30,0,0,48,62,75,87,22,0,20,0,72,0,0,127,89,0,172,193,185,0,153,149,146,99
project/sim_ext.py --sim-time 1.5 --seq-graph project/file/graph_15_nodes.json --traffic project/file/traffic_15_nodes_random.json --inspection-rate 0.001 --mess-rate 0.002 --algorithm shortest,0.21522019999699998,0,50,20,38,24,22,144,34,40,0,23,44,0,0,59,43,91,30,89,30,0,0,48,62,76,89,22,0,20,0,72,0,0,127,90,0,172,193,185,0,153,149,146,99
project/sim_ext.py --sim-time 1.5 --seq-graph project/file/graph_15_nodes.json --traffic project/file/traffic_15_nodes_random.json --inspection-rate 0.001 --mess-rate 0.002 --algorithm shortest,0.216221000001,0,50,20,38,24,22,144,34,40,0,23,44,0,0,59,43,91,30,89,30,0,0,48,62,76,89,22,0,20,0,72,0,0,127,90,0,172,193,185,0,153,149,146,99
project/sim_ext.py --sim-time 1.5 --seq-graph project/file/graph_15_nodes.json --traffic project/file/traffic_15_nodes_random.json --inspection-rate 0.001 --mess-rate 0.002 --algorithm shortest,0.217255000001,0,50,20,38,24,22,144,34,40,0,23,44,0,0,60,43,91,30,89,30,0,0,48,62,79,89,22,0,20,0,73,0,0,127,90,0,172,193,185,0,153,149,146,99
project/sim_ext.py --sim-time 1.5 --seq-graph project/file/graph_15_nodes.json --traffic project/file/traffic_15_nodes_random.json --inspection-rate 0.001 --mess-rate 0.002 --algorithm shortest,0.21825570127520566,0,50,20,38,24,22,144,34,40,0,23,44,0,0,60,43,91,30,89,30,0,0,48,62,80,90,22,0,20,0,74,0,0,127,92,0,172,193,185,0,153,149,146,99
project/sim_ext.py --sim-time 1.5 --seq-graph project/file/graph_15_nodes.json --traffic project/file/traffic_15_nodes_random.json --inspection-rate 0.001 --mess-rate 0.002 --algorithm shortest,0.21939629569084906,0,50,20,38,24,22,145,34,40,0,23,44,0,0,60,44,91,30,89,30,0,0,48,62,80,90,22,0,20,0,75,0,0,127,92,0,172,193,185,0,153,149,146,99
project/sim_ext.py --sim-time 1.5 --seq-graph project/file/graph_15_nodes.json --traffic project/file/traffic_15_nodes_random.json --inspection-rate 0.001 --mess-rate 0.002 --algorithm shortest,0.220404000001,0,50,20,38,24,22,145,34,40,0,23,44,0,0,60,44,91,30,90,30,0,0,48,62,80,90,22,0,20,0,77,0,0,127,92,0,172,193,185,0,153,149,146,99
project/sim_ext.py --sim-time 1.5 --seq-graph project/file/graph_15_nodes.json --traffic project/file/traffic_15_nodes_random.json --inspection-rate 0.001 --mess-rate 0.002 --algorithm shortest,0.221411000001,0,50,20,38,24,22,145,34,40,0,23,44,0,0,60,44,91,30,91,30,0,0,48,62,80,93,22,0,20,0,80,0,0,127,93,0,172,193,185,0,153,149,146,99
project/sim_ext.py --sim-time 1.5 --seq-graph project/file/graph_15_nodes.json --traffic project/file/traffic_15_nodes_random.json --inspection-rate 0.001 --mess-rate 0.002 --algorithm shortest,0.222441000001,0,50,20,38,24,22,145,34,40,0,23,44,0,0,63,44,91,30,91,30,0,0,48,62,81,94,22,0,20,0,80,0,0,127,93,0,172,193,185,0,153,149,146,99
project/sim_ext.py --sim-time 1.5 --seq-graph project/file/graph_15_nodes.json --traffic project/file/traffic_15_nodes_random.json --inspection-rate 0.001 --mess-rate 0.002 --algorithm shortest,0.223459000001,0,50,20,38,24,22,145,34,40,0,23,44,0,0,63,44,91,30,91,30,0,0,48,62,82,95,22,0,20,0,80,0,0,127,93,0,172,193,185,0,153,149,146,99
project/sim_ext.py --sim-time 1.5 --seq-graph project/file/graph_15_nodes.json --traffic project/file/traffic_15_nodes_random.json --inspection-rate 0.001 --mess-rate 0.002 --algorithm shortest,0.22452395736939137,0,56,22,38,25,24,145,34,42,0,24,47,0,0,64,44,99,31,93,31,0,0,51,64,83,96,23,0,21,0,81,0,0,136,93,0,181,202,194,0,162,158,155,105
project/sim_ext.py --sim-time 1.5 --seq-graph project/file/graph_15_nodes.json --traffic project/file/traffic_15_nodes_random.json --inspection-rate 0.001 --mess-rate 0.002 --algorithm shortest,0.225532799997,0,60,23,42,25,24,145,34,51,0,24,48,0,0,65,44,101,32,93,32,0,0,56,67,83,98,23,0,23,0,81,0,0,148,96,0,196,219,210,0,173,166,160,110
project/sim_ext.py --sim-time 1.5 --seq-graph project/file/graph_15_nodes.json --traffic project/file/traffic_15_nodes_random.json --inspection-rate 0.001 --mess-rate 0.002 --algorithm shortest,0.22658100000099998,0,61,24,43,26,24,145,38,52,0,27,49,0,0,66,44,103,32,95,34,0,0,57,67,83,98,23,0,25,0,82,0,0,153,96,0,196,222,211,0,178,169,162,110
project/sim_ext.py --sim-time 1.5 --seq-graph project/file/graph_15_nodes.json --traffic project/file/traffic_15_nodes_random.json --inspection-rate 0.001 --mess-rate 0.002 --algorithm shortest,0.22760499999699998,0,63,24,45,26,24,152,38,54,0,27,51,0,0,66,44,103,32,95,34,0,0,57,70,86,98,24,0,26,0,83,0,0,153,96,0,208,224,214,0,182,170,166,114
project/sim_ext.py --sim-time 1.5 --seq-graph project/file/graph_15_nodes.json --traffic project/file/traffic_15_nodes_random.json --inspection-rate 0.001 --mess-rate 0.002 --algorithm shortest,0.228646000001,0,66,24,47,27,24,152,38,56,0,27,51,0,0,67,44,107,32,95,34,0,0,58,71,87,98,25,0,26,0,85,0,0,153,96,0,212,231,214,0,187,175,170,115
project/sim_ext.py --sim-time 1.5 --seq-graph project/file/graph_15_nodes.json --traffic project/file/traffic_15_nodes_random.json --inspection-rate 0.001 --mess-rate 0.002 --algorithm shortest,0.22988300000099998,0,67,25,47,27,25,154,38,56,0,29,52,0,0,68,44,109,35,95,34,0,0,58,72,89,99,27,0,27,0,86,0,0,154,100,0,214,233,222,0,191,179,171,118
project/sim_ext.py --sim-time 1.5 --seq-graph project/file/graph_15_nodes.json --traffic project/file/traffic_15_nodes_random.json --inspection-rate 0.001 --mess-rate 0.002 --algorithm shortest,0.230889000001,0,67,25,48,29,25,154,39,56,0,29,52,0,0,69,45,109,37,95,34,0,0,58,74,91,99,27,0,29,0,87,0,0,156,100,0,218,237,224,0,195,179,174,120
project/sim_ext.py --sim-time 1.5 --seq-graph project/file/graph_15_nodes.json --traffic project/file/traffic_15_nodes_random.json --inspection-rate 0.001 --mess-rate 0.002 --algorithm shortest,0.232084000001,0,67,27,48,29,25,157,40,56,0,32,52,0,0,69,46,110,38,95,34,0,0,58,74,91,99,27,0,29,0,87,0,0,156,100,0,218,243,227,0,195,181,176,124
project/sim_ext.py --sim-time 1.5 --seq-graph project/file/graph_15_nodes.json --traffic project/file/traffic_15_nodes_random.json --inspection-rate 0.001 --mess-rate 0.002 --algorithm shortest,0.233313000001,0,67,29,48,29,25,157,41,56,0,32,52,0,0,69,48,111,38,98,35,0,0,58,75,92,99,27,0,29,0,89,0,0,157,100,0,218,243,229,0,196,181,183,125
project/sim_ext.py --sim-time 1.5 --seq-graph project/file/graph_15_nodes.json --traffic project/file/traffic_15_nodes_random.json --inspection-rate 0.001 --mess-rate 0.002 --algorithm shortest,0.234452000001,0,67,29,49,29,25,160,41,56,0,32,52,0,0,69,48,111,38,99,35,0,0,59,75,93,99,27,0,29,0,90,0,0,158,100,0,218,243,229,0,196,184,183,125
project/sim_ext.py --sim-time 1.5 --seq-graph project/file/graph_15_nodes.json --traffic project/file/traffic_15_nodes_random.json --inspection-rate 0.001 --mess-rate 0.002 --algorithm shortest,0.235636000001,0,67,29,49,29,25,162,41,56,0,32,52,0,0,69,48,112,38,99,35,0,0,59,76,93,102,27,0,29,0,90,0,0,158,101,0,218,244,230,0,196,184,183,125
project/sim_ext.py --sim-time 1.5 --seq-graph project/file/graph_15_nodes.json --traffic project/file/traffic_15_nodes_random.json --inspection-rate 0.001 --mess-rate 0.002 --algorithm shortest,0.23674070431567187,0,67,29,49,29,25,162,42,56,0,32,52,0,0,69,48,112,38,99,37,0,0,59,76,94,103,27,0,29,0,91,0,0,160,103,0,218,244,230,0,196,184,183,125
project/sim_ext.py --sim-time 1.5 --seq-graph project/file/graph_15_nodes.json --traffic project/file/traffic_15_nodes_random.json --inspection-rate 0.001 --mess-rate 0.002 --algorithm shortest,0.23784900000099998,0,67,29,49,29,25,163,42,56,0,32,52,0,0,69,49,112,38,99,37,0,0,59,76,94,103,27,0,29,0,91,0,0,160,103,0,218,244,230,0,196,184,183,125
project/sim_ext.py --sim-time 1.5 --seq-graph project/file/graph_15_nodes.json --traffic project/file/traffic_15_nodes_random.json --inspection-rate 0.001 --mess-rate 0.002 --algorithm shortest,0.23895440086387704,0,67,29,49,29,25,163,42,56,0,32,55,0,0,69,49,112,38,99,37,0,0,59,76,95,103,27,0,29,0,91,0,0,162,103,0,218,244,230,0,196,184,183,125
project/sim_ext.py --sim-time 1.5 --seq-graph project/file/graph_15_nodes.json --traffic project/file/traffic_15_nodes_random.json --inspection-rate 0.001 --mess-rate 0.002 --algorithm shortest,0.240029000001,0,67,29,49,29,25,166,42,56,0,32,55,0,0,69,49,112,38,99,37,0,0,59,76,95,103,27,0,29,0,91,0,0,162,104,0,218,244,230,0,196,184,183,125
project/sim_ext.py --sim-time 1.5 --seq-graph project/file/graph_15_nodes.json --traffic project/file/traffic_15_nodes_random.json --inspection-rate 0.001 --mess-rate 0.002 --algorithm shortest,0.241133799997,0,67,29,49,29,25,166,42,56,0,32,55,0,0,69,49,112,38,99,37,0,0,59,76,96,107,27,0,29,0,94,0,0,162,105,0,218,244,230,0,196,184,183,125
project/sim_ext.py --sim-time 1.5 --seq-graph project/file/graph_15_nodes.json --traffic project/file/traffic_15_nodes_random.json --inspection-rate 0.001 --mess-rate 0.002 --algorithm shortest,0.2421792633479804,0,67,29,49,29,25,166,42,56,0,32,55,0,0,70,49,112,38,99,37,0,0,59,76,96,108,27,0,29,0,94,0,0,162,106,0,218,244,230,0,196,184,183,125
project/sim_ext.py --sim-time 1.5 --seq-graph project/file/graph_15_nodes.json --traffic project/file/traffic_15_nodes_random.json --inspection-rate 0.001 --mess-rate 0.002 --algorithm shortest,0.243218000001,0,67,29,49,29,25,167,42,56,0,32,55,0,0,70,49,112,38,99,37,0,0,59,76,96,111,27,0,29,0,94,0,0,162,108,0,218,244,230,0,196,184,183,125
project/sim_ext.py --sim-time 1.5 --seq-graph project/file/graph_15_nodes.json --traffic project/file/traffic_15_nodes_random.json --inspection-rate 0.001 --mess-rate 0.002 --algorithm shortest,0.244322000001,0,67,29,49,29,25,167,42,56,0,32,55,0,0,70,50,112,38,99,37,0,0,59,76,96,111,27,0,29,0,94,0,0,162,108,0,218,244,230,0,196,184,183,125
project/sim_ext.py --sim-time 1.5 --seq-graph project/file/graph_15_nodes.json --traffic project/file/traffic_15_nodes_random.json --inspection-rate 0.001 --mess-rate 0.002 --algorithm shortest,0.24544519999699999,0,67,29,49,29,25,169,42,56,0,32,55,0,0,70,51,112,38,99,37,0,0,59,76,96,112,27,0,29,0,94,0,0,162,109,0,218,244,230,0,196,184,183,125
project/sim_ext.py --sim-time 1.5 --seq-graph project/file/graph_15_nodes.json --traffic project/file/traffic_15_nodes_random.json --inspection-rate 0.001 --mess-rate 0.002 --algorithm shortest,0.246465000001,0,67,29,49,29,25,170,42,56,0,32,55,0,0,70,51,112,38,99,37,0,0,59,76,96,112,27,0,29,0,94,0,0,162,109,0,218,244,230,10,196,184,183,125
project/sim_ext.py --sim-time 1.5 --seq-graph project/file/graph_15_nodes.json --traffic project/file/traffic_15_nodes_random.json --inspection-rate 0.001 --mess-rate 0.002 --algorithm shortest,0.247666000001,0,67,29,49,29,25,170,42,56,0,32,55,0,0,70,51,112,38,102,37,0,0,59,76,99,112,27,0,29,0,95,0,0,162,109,0,218,244,230,16,196,184,183,125
project/sim_ext.py --sim-time 1.5 --seq-graph project/file/graph_15_nodes.json --traffic project/file/traffic_15_nodes_random.json --inspection-rate 0.001 --mess-rate 0.002 --algorithm shortest,0.248685000001,0,67,29,49,29,25,170,42,56,0,32,55,0,0,70,53,112,38,102,37,0,0,59,76,100,112,27,0,29,0,95,0,0,162,109,0,218,244,230,16,196,184,183,125
project/sim_ext.py --sim-time 1.5 --seq-graph project/file/graph_15_nodes.json --traffic project/file/traffic_15_nodes_random.json --inspection-rate 0.001 --mess-rate 0.002 --algorithm shortest,0.24972800000099998,0,67,29,49,29,25,170,42,56,0,32,55,0,0,70,53,112,38,103,37,0,0,59,76,100,112,27,0,29,0,96,0,0,162,109,0,218,244,230,19,196,184,183,125
project/sim_ext.py --sim-time 1.5 --seq-graph project/file/graph_15_nodes.json --traffic project/file/traffic_15_nodes_random.json --inspection-rate 0.001 --mess-rate 0.002 --algorithm shortest,0.250751000001,0,67,29,49,29,25,170,42,56,0,32,55,0,0,71,54,112,38,103,37,0,0,59,76,101,113,27,0,29,0,97,0,0,162,110,0,218,244,230,19,196,184,183,125
project/sim_ext.py --sim-time 1.5 --seq-graph project/file/graph_15_nodes.json --traffic project/file/traffic_15_nodes_random.json --inspection-rate 0.001 --mess-rate 0.002 --algorithm shortest,0.252253000001,0,67,29,49,29,25,170,42,56,0,32,55,0,0,71,54,112,38,103,37,0,0,59,76,102,113,27,0,29,0,97,0,0,162,110,0,218,244,230,19,196,184,183,125
project/sim_ext.py --sim-time 1.5 --seq-graph project/file/graph_15_nodes.json --traffic project/file/traffic_15_nodes_random.json --inspection-rate 0.001 --mess-rate 0.002 --algorithm shortest,0.253570000001,0,67,29,49,29,25,170,42,56,0,32,55,0,0,71,54,112,38,104,37,0,0,59,76,102,113,27,0,29,0,97,0,0,162,110,0,218,244,230,23,196,184,183,125
project/sim_ext.py --sim-time 1.5 --seq-graph project/file/graph_15_nodes.json --traffic project/file/traffic_15_nodes_random.json --inspection-rate 0.001 --mess-rate 0.002 --algorithm shortest,0.254595000001,0,67,29,49,29,25,170,42,56,0,32,55,0,0,71,54,112,38,104,37,0,0,59,76,105,113,27,0,29,0,97,0,0,162,110,0,218,244,230,23,196,184,183,125
project/sim_ext.py --sim-time 1.5 --seq-graph project/file/graph_15_nodes.json --traffic project/file/traffic_15_nodes_random.json --inspection-rate 0.001 --mess-rate 0.002 --algorithm shortest,0.255786000001,0,67,29,49,29,25,170,42,56,0,32,55,0,0,71,54,112,38,105,37,0,0,59,76,105,113,27,0,29,0,97,0,0,162,112,0,218,244,230,24,196,184,183,125
project/sim_ext.py --sim-time 1.5 --seq-graph project/file/graph_15_nodes.json --traffic project/file/traffic_15_nodes_random.json --inspection-rate 0.001 --mess-rate 0.002 --algorithm shortest,0.256836000001,0,67,29,49,29,25,170,42,56,0,32,55,0,0,71,54,112,38,106,37,0,0,59,76,105,113,27,0,29,0,97,0,0,162,112,0,218,244,230,24,196,184,183,125
project/sim_ext.py --sim-time 1.5 --seq-graph project/file/graph_15_nodes.json --traffic project/file/traffic_15_nodes_random.json --inspection-rate 0.001 --mess-rate 0.002 --algorithm shortest,0.257940000001,0,67,29,49,29,25,176,42,56,0,32,55,0,0,71,54,112,38,106,37,0,0,59,76,105,113,27,0,29,0,97,0,0,162,112,0,218,244,230,24,196,184,183,125
project/sim_ext.py --sim-time 1.5 --seq-graph project/file/graph_15_nodes.json --traffic project/file/traffic_15_nodes_random.json --inspection-rate 0.001 --mess-rate 0.002 --algorithm shortest,0.258963000001,0,67,29,49,29,25,177,42,56,0,32,55,0,0,71,55,112,38,106,37,0,0,59,76,106,113,27,0,29,0,99,0,0,162,112,0,218,244,230,24,196,184,183,125
project/sim_ext.py --sim-time 1.5 --seq-graph project/file/graph_15_nodes.json --traffic project/file/traffic_15_nodes_random.json --inspection-rate 0.001 --mess-rate 0.002 --algorithm shortest,0.2599643763255096,0,67,29,49,29,25,177,42,56,0,32,55,0,0,71,56,112,38,106,37,0,0,59,76,106,120,27,0,29,0,100,0,0,162,113,0,218,244,230,24,196,184,183,125
project/sim_ext.py --sim-time 1.5 --seq-graph project/file/graph_15_nodes.json --traffic project/file/traffic_15_nodes_random.json --inspection-rate 0.001 --mess-rate 0.002 --algorithm shortest,0.260974999993,0,67,29,49,29,25,177,42,56,0,32,55,0,0,71,57,112,38,106,37,0,0,59,76,106,120,27,0,29,0,100,0,0,162,113,0,218,244,230,24,196,184,183,125
project/sim_ext.py --sim-time 1.5 --seq-graph project/file/graph_15_nodes.json --traffic project/file/traffic_15_nodes_random.json --inspection-rate 0.001 --mess-rate 0.002 --algorithm shortest,0.262298000001,0,67,29,49,29,25,178,42,56,0,32,55,0,0,71,59,112,38,110,37,0,0,59,76,111,120,27,0,29,0,100,0,0,162,113,0,218,244,230,24,196,184,183,125
project/sim_ext.py --sim-time 1.5 --seq-graph project/file/graph_15_nodes.json --traffic project/file/traffic_15_nodes_random.json --inspection-rate 0.001 --mess-rate 0.002 --algorithm shortest,0.263344999993,0,67,29,49,29,25,179,42,56,0,32,55,0,0,71,59,112,38,111,37,0,0,59,76,111,121,27,0,29,0,100,0,0,162,114,0,218,244,230,24,196,184,183,125
project/sim_ext.py --sim-time 1.5 --seq-graph project/file/graph_15_nodes.json --traffic project/file/traffic_15_nodes_random.json --inspection-rate 0.001 --mess-rate 0.002 --algorithm shortest,0.264374000001,0,67,29,49,29,25,181,42,56,0,32,55,0,0,71,59,112,38,112,37,0,0,59,76,111,121,27,0,29,0,100,0,0,162,115,0,218,244,230,24,196,184,183,125
project/sim_ext.py --sim-time 1.5 --seq-graph project/file/graph_15_nodes.json --traffic project/file/traffic_15_nodes_random.json --inspection-rate 0.001 --mess-rate 0.002 --algorithm shortest,0.265423999997,0,69,31,49,31,28,182,42,58,0,32,60,0,0,73,59,119,38,114,38,0,0,60,81,111,121,29,0,29,0,100,0,0,170,115,0,226,252,238,24,203,192,191,126
project/sim_ext.py --sim-time 1.5 --seq-graph project/file/graph_15_nodes.json --traffic project/file/traffic_15_nodes_random.json --inspection-rate 0.001 --mess-rate 0.002 --algorithm shortest,0.266430000001,0,77,36,51,34,29,188,42,66,0,35,62,0,0,75,59,124,39,116,38,0,0,63,85,112,121,31,0,30,0,105,0,0,175,116,0,247,281,254,24,219,208,202,139
project/sim_ext.py --sim-time 1.5 --seq-graph project/file/graph_15_nodes.json --traffic project/file/traffic_15_nodes_random.json --inspection-rate 0.001 --mess-rate 0.002 --algorithm shortest,0.267436000001,0,77,37,53,34,29,191,46,67,0,35,62,0,0,76,61,124,39,116,38,0,0,65,86,112,121,31,0,30,0,107,0,0,176,117,0,251,286,254,24,219,211,204,140
project/sim_ext.py --sim-time 1.5 --seq-graph project/file/graph_15_nodes.json --traffic project/file/traffic_15_nodes_random.json --inspection-rate 0.001 --mess-rate 0.002 --algorithm shortest,0.26844500000099997,0,79,37,53,34,31,192,46,69,0,36,62,0,0,76,62,126,41,117,38,0,0,66,87,113,121,32,0,30,0,109,0,0,178,119,0,258,298,258,24,225,215,207,140
project/sim_ext.py --sim-time 1.5 --seq-graph project/file/graph_15_nodes.json --traffic project/file/traffic_15_nodes_random.json --inspection-rate 0.001 --mess-rate 0.002 --algorithm shortest,0.269479000001,0,79,38,53,34,32,192,46,69,0,36,63,0,0,76,62,128,42,118,38,0,0,66,89,113,121,33,0,31,0,109,0,0,180,119,0,261,300,267,24,225,218,211,143
project/sim_ext.py --sim-time 1.5 --seq-graph project/file/graph_15_nodes.json --traffic project/file/traffic_15_nodes_random.json --inspection-rate 0.001 --mess-rate 0.002 --algorithm shortest,0.27053000000099997,0,79,38,53,36,32,192,46,69,0,36,63,0,0,78,63,128,42,119,38,0,0,66,90,114,122,33,0,31,0,109,0,0,180,120,0,264,300,269,24,225,220,214,143
project/sim_ext.py --sim-time 1.5 --seq-graph project/file/graph_15_nodes.json --traffic project/file/traffic_15_nodes_random.json --inspection-rate 0.001 --mess-rate 0.002 --algorithm shortest,0.271813000001,0,79,39,53,37,32,192,46,69,0,38,64,0,0,78,65,130,44,121,38,0,0,66,90,117,123,34,0,31,0,109,0,0,181,121,0,266,300,271,24,226,221,223,144
project/sim_ext.py --sim-time 1.5 --seq-graph project/file/graph_15_nodes.json --traffic project/file/traffic_15_nodes_random.json --inspection-rate 0.001 --mess-rate 0.002 --algorithm shortest,0.27310900000099997,0,79,39,53,37,32,197,46,69,0,39,64,0,0,78,65,130,44,121,41,0,0,66,93,117,123,34,0,32,0,109,0,0,184,122,0,266,300,271,24,226,221,226,147
project/sim_ext.py --sim-time 1.5 --seq-graph project/file/graph_15_nodes.json --traffic project/file/traffic_15_nodes_random.json --inspection-rate 0.001 --mess-rate 0.002 --algorithm shortest,0.274126000001,0,79,39,53,37,32,197,46,69,0,39,64,0,0,78,65,131,44,121,41,0,0,66,93,119,123,34,0,32,0,111,0,0,184,122,0,266,300,271,24,228,221,226,147
project/sim_ext.py --sim-time 1.5 --seq-graph project/file/graph_15_nodes.json --traffic project/file/traffic_15_nodes_random.json --inspection-rate 0.001 --mess-rate 0.002 --algorithm shortest,0.2752602951613015,0,79,39,53,37,32,198,46,69,0,39,67,0,0,78,67,131,44,121,41,0,0,66,93,119,123,34,0,32,0,113,0,0,184,122,0,266,300,271,24,229,222,226,147
project/sim_ext.py --sim-time 1.5 --seq-graph project/file/graph_15_nodes.json --traffic project/file/traffic_15_nodes_random.json --inspection-rate 0.001 --mess-rate 0.002 --algorithm shortest,0.276277000001,0,79,39,53,37,32,206,47,69,0,39,67,0,0,78,67,132,44,121,43,0,0,66,93,120,123,34,0,32,0,114,0,0,185,122,0,266,300,271,24,229,222,226,148
project/sim_ext.py --sim-time 1.5 --seq-graph project/file/graph_15_nodes.json --traffic project/file/traffic_15_nodes_random.json --inspection-rate 0.001 --mess-rate 0.002 --algorithm shortest,0.277384000001,0,79,41,53,38,32,207,47,69,0,39,69,0,0,80,67,133,45,121,43,0,0,66,94,120,123,34,0,32,0,114,0,0,188,122,0,266,300,271,24,229,224,226,148
project/sim_ext.py --sim-time 1.5 --seq-graph project/file/graph_15_nodes.json --traffic project/file/traffic_15_nodes_random.json --inspection-rate 0.001 --mess-rate 0.002 --algorithm shortest,0.278392399997,0,79,41,53,38,32,207,47,69,0,39,70,0,0,81,67,133,45,124,43,0,0,66,94,120,127,34,0,32,0,114,0,0,188,123,0,266,300,271,24,230,224,226,148
project/sim_ext.py --sim-time 1.5 --seq-graph project/file/graph_15_nodes.json --traffic project/file/traffic_15_nodes_random.json --inspection-rate 0.001 --mess-rate 0.002 --algorithm shortest,0.279445000001,0,79,41,53,38,32,207,47,69,0,39,70,0,0,81,67,133,45,124,43,0,0,66,94,120,128,34,0,32,0,114,0,0,188,123,0,266,300,271,24,230,224,226,148
project/sim_ext.py --sim-time 1.5 --seq-graph project/file/graph_15_nodes.json --traffic project/file/traffic_15_nodes_random.json --inspection-rate 0.001 --mess-rate 0.002 --algorithm shortest,0.280517000001,0,79,41,53,38,32,211,47,69,0,39,70,0,0,81,67,133,45,124,43,0,0,66,94,120,128,34,0,32,0,114,0,0,188,123,0,266,300,271,24,230,224,226,148
project/sim_ext.py --sim-time 1.5 --seq-graph project/file/graph_15_nodes.json --traffic project/file/traffic_15_nodes_random.json --inspection-rate 0.001 --mess-rate 0.002 --algorithm shortest,0.281544999982,0,79,41,53,38,32,211,47,69,0,39,70,0,0,81,67,133,45,124,43,0,0,66,94,121,128,34,0,32,0,117,0,0,188,123,0,266,300,271,24,230,224,226,148
project/sim_ext.py --sim-time 1.5 --seq-graph project/file/graph_15_nodes.json --traffic project/file/traffic_15_nodes_random.json --inspection-rate 0.001 --mess-rate 0.002 --algorithm shortest,0.282616000001,0,79,41,53,38,32,211,47,69,0,39,70,0,0,82,67,133,45,125,43,0,0,66,94,121,128,34,0,32,0,117,0,0,188,123,0,266,300,271,24,230,224,226,148
project/sim_ext.py --sim-time 1.5 --seq-graph project/file/graph_15_nodes.json --traffic project/file/traffic_15_nodes_random.json --inspection-rate 0.001 --mess-rate 0.002 --algorithm shortest,0.283621000001,0,79,41,53,38,32,211,47,69,0,39,70,0,0,82,67,133,45,126,43,0,0,66,94,121,128,34,0,32,0,117,0,0,188,123,0,266,300,271,24,230,224,226,148
project/sim_ext.py --sim-time 1.5 --seq-graph project/file/graph_15_nodes.json --traffic project/file/traffic_15_nodes_random.json --inspection-rate 0.001 --mess-rate 0.002 --algorithm shortest,0.285149000001,0,79,41,53,38,32,212,47,69,0,39,70,0,0,83,67,133,45,126,43,0,0,66,94,124,129,34,0,32,0,117,0,0,188,127,0,266,300,271,24,230,224,226,148
project/sim_ext.py --sim-time 1.5 --seq-graph project/file/graph_15_nodes.json --traffic project/file/traffic_15_nodes_random.json --inspection-rate 0.001 --mess-rate 0.002 --algorithm shortest,0.286371000001,0,79,41,53,38,32,212,47,69,0,39,70,0,0,84,67,133,45,126,43,0,0,66,94,124,129,34,0,32,0,117,0,0,188,127,0,266,300,271,35,230,224,226,148
project/sim_ext.py --sim-time 1.5 --seq-graph project/file/graph_15_nodes.json --traffic project/file/traffic_15_nodes_random.json --inspection-rate 0.001 --mess-rate 0.002 --algorithm shortest,0.287374000001,0,79,41,53,38,32,212,47,69,0,39,70,0,0,84,67,133,45,127,43,0,0,66,94,124,129,34,0,32,0,117,0,0,188,129,0,266,300,271,38,230,224,226,148
project/sim_ext.py --sim-time 1.5 --seq-graph project/file/graph_15_nodes.json --traffic project/file/traffic_15_nodes_random.json --inspection-rate 0.001 --mess-rate 0.002 --algorithm shortest,0.28844796944301765,0,79,41,53,38,32,212,47,69,0,39,70,0,0,84,67,133,45,127,43,0,0,66,94,124,129,34,0,32,0,117,0,0,188,129,0,266,300,271,38,230,224,226,148
project/sim_ext.py --sim-time 1.5 --seq-graph project/file/graph_15_nodes.json --traffic project/file/traffic_15_nodes_random.json --inspection-rate 0.001 --mess-rate 0.002 --algorithm shortest,0.2894866046433602,0,79,41,53,38,32,213,47,69,0,39,70,0,0,84,67,133,45,127,43,0,0,66,94,124,131,34,0,32,0,117,0,0,188,130,0,266,300,271,39,230,224,226,148
project/sim_ext.py --sim-time 1.5 --seq-graph project/file/graph_15_nodes.json --traffic project/file/traffic_15_nodes_random.json --inspection-rate 0.001 --mess-rate 0.002 --algorithm shortest,0.29051499998499997,0,79,41,53,38,32,213,47,69,0,39,70,0,0,84,67,133,45,127,43,0,0,66,94,124,132,34,0,32,0,117,0,0,188,130,0,266,300,271,39,230,224,226,148
project/sim_ext.py --sim-time 1.5 --seq-graph project/file/graph_15_nodes.json --traffic project/file/traffic_15_nodes_random.json --inspection-rate 0.001 --mess-rate 0.002 --algorithm shortest,0.291639999982,0,79,41,53,38,32,213,47,69,0,39,70,0,0,84,67,133,45,127,43,0,0,66,94,125,133,34,0,32,0,117,0,0,188,130,0,266,300,271,39,230,224,226,148
project/sim_ext.py --sim-time 1.5 --seq-graph project/file/graph_15_nodes.json --traffic project/file/traffic_15_nodes_random.json --inspection-rate 0.001 --mess-rate 0.002 --algorithm shortest,0.292987000001,0,79,41,53,38,32,215,47,69,0,39,70,0,0,84,67,133,45,129,43,0,0,66,94,125,133,34,0,32,0,117,0,0,188,130,0,266,300,271,41,230,224,226,148
project/sim_ext.py --sim-time 1.5 --seq-graph project/file/graph_15_nodes.json --traffic project/file/traffic_15_nodes_random.json --inspection-rate 0.001 --mess-rate 0.002 --algorithm shortest,0.293990000001,0,79,41,53,38,32,217,47,69,0,39,70,0,0,84,67,133,45,129,43,0,0,66,94,126,133,34,0,32,0,117,0,0,188,130,0,266,300,271,41,230,224,226,148
project/sim_ext.py --sim-time 1.5 --seq-graph project/file/graph_15_nodes.json --traffic project/file/traffic_15_nodes_random.json --inspection-rate 0.001 --mess-rate 0.002 --algorithm shortest,0.295027000001,0,79,41,53,38,32,217,47,69,0,39,70,0,0,84,67,133,45,129,43,0,0,66,94,128,133,34,0,32,0,117,0,0,188,130,0,266,300,271,41,230,224,226,148
project/sim_ext.py --sim-time 1.5 --seq-graph project/file/graph_15_nodes.json --traffic project/file/traffic_15_nodes_random.json --inspection-rate 0.001 --mess-rate 0.002 --algorithm shortest,0.296224599997,0,84,43,55,39,32,217,48,76,0,39,74,0,0,86,69,142,47,132,44,0,0,68,99,128,133,35,0,34,0,120,0,0,190,130,0,276,310,281,51,240,234,236,151
project/sim_ext.py --sim-time 1.5 --seq-graph project/file/graph_15_nodes.json --traffic project/file/traffic_15_nodes_random.json --inspection-rate 0.001 --mess-rate 0.002 --algorithm shortest,0.297298000001,0,87,45,60,39,32,217,50,84,0,41,74,0,0,86,71,146,48,132,44,0,0,73,102,131,133,35,0,34,0,121,0,0,196,130,0,290,337,292,58,252,251,250,153
project/sim_ext.py --sim-time 1.5 --seq-graph project/file/graph_15_nodes.json --traffic project/file/traffic_15_nodes_random.json --inspection-rate 0.001 --mess-rate 0.002 --algorithm shortest,0.298310000001,0,90,45,61,39,32,219,50,85,0,43,76,0,0,87,71,147,48,134,44,0,0,74,105,131,133,35,0,34,0,122,0,0,196,130,0,295,343,293,58,254,251,253,156
project/sim_ext.py --sim-time 1.5 --seq-graph project/file/graph_15_nodes.json --traffic project/file/traffic_15_nodes_random.json --inspection-rate 0.001 --mess-rate 0.002 --algorithm shortest,0.299436000001,0,91,45,63,39,33,227,50,86,0,43,76,0,0,87,71,147,48,136,44,0,0,75,105,132,133,37,0,34,0,123,0,0,196,130,0,300,346,298,58,255,258,255,157
project/sim_ext.py --sim-time 1.5 --seq-graph project/file/graph_15_nodes.json --traffic project/file/traffic_15_nodes_random.json --inspection-rate 0.001 --mess-rate 0.002 --algorithm shortest,0.300443000001,0,92,45,63,40,33,228,50,88,0,46,76,0,0,89,71,149,49,137,49,0,0,75,109,132,133,37,0,35,0,124,0,0,197,130,0,306,354,300,58,258,260,260,159
project/sim_ext.py --sim-time 1.5 --seq-graph project/file/graph_15_nodes.json --traffic project/file/traffic_15_nodes_random.json --inspection-rate 0.001 --mess-rate 0.002 --algorithm shortest,0.301740000001,0,92,46,63,41,33,232,51,88,0,46,76,0,0,90,75,154,49,137,49,0,0,76,109,132,134,37,0,35,0,125,0,0,199,135,0,310,357,307,58,259,263,261,159
project/sim_ext.py --sim-time 1.5 --seq-graph project/file/graph_15_nodes.json --traffic project/file/traffic_15_nodes_random.json --inspection-rate 0.001 --mess-rate 0.002 --algorithm shortest,0.302878000001,0,92,46,63,42,34,234,51,88,0,47,77,0,0,90,76,154,49,137,49,0,0,76,109,132,135,38,0,35,0,125,0,0,201,137,0,313,357,310,58,260,265,263,164
project/sim_ext.py --sim-time 1.5 --seq-graph project/file/graph_15_nodes.json --traffic project/file/traffic_15_nodes_random.json --inspection-rate 0.001 --mess-rate 0.002 --algorithm shortest,0.304235000001,0,92,46,63,44,34,234,51,88,0,47,77,0,0,90,76,154,51,139,49,0,0,76,109,135,137,38,0,35,0,125,0,0,202,138,0,314,357,312,58,263,266,268,165
project/sim_ext.py --sim-time 1.5 --seq-graph project/file/graph_15_nodes.json --traffic project/file/traffic_15_nodes_random.json --inspection-rate 0.001 --mess-rate 0.002 --algorithm shortest,0.305272000001,0,92,46,63,45,34,234,51,88,0,47,78,0,0,90,76,154,51,139,50,0,0,76,109,135,137,38,0,35,0,125,0,0,202,138,0,314,357,313,58,263,266,268,165
project/sim_ext.py --sim-time 1.5 --seq-graph project/file/graph_15_nodes.json --traffic project/file/traffic_15_nodes_random.json --inspection-rate 0.001 --mess-rate 0.002 --algorithm shortest,0.30629493952509806,0,92,46,63,45,34,234,51,88,0,47,78,0,0,90,76,154,51,139,51,0,0,76,109,138,138,38,0,36,0,126,0,0,202,140,0,314,357,313,58,265,266,268,165
project/sim_ext.py --sim-time 1.5 --seq-graph project/file/graph_15_nodes.json --traffic project/file/traffic_15_nodes_random.json --inspection-rate 0.001 --mess-rate 0.002 --algorithm shortest,0.307339000001,0,92,50,63,45,34,237,51,88,0,47,78,0,0,92,78,154,51,139,52,0,0,76,109,140,138,38,0,36,0,126,0,0,203,140,0,314,357,313,58,265,266,268,165
project/sim_ext.py --sim-time 1.5 --seq-graph project/file/graph_15_nodes.json --traffic project/file/traffic_15_nodes_random.json --inspection-rate 0.001 --mess-rate 0.002 --algorithm shortest,0.308419000001,0,92,50,63,45,34,237,51,88,0,47,78,0,0,92,78,154,51,139,52,0,0,76,109,140,138,38,0,36,0,126,0,0,204,140,0,314,357,313,58,265,266,268,165
project/sim_ext.py --sim-time 1.5 --seq-graph project/file/graph_15_nodes.json --traffic project/file/traffic_15_nodes_random.json --inspection-rate 0.001 --mess-rate 0.002 --algorithm shortest,0.309620000001,0,92,50,63,45,34,237,51,88,0,47,79,0,0,92,78,154,51,139,52,0,0,76,109,141,139,38,0,36,0,127,0,0,204,141,0,314,357,313,58,265,266,268,165
project/sim_ext.py --sim-time 1.5 --seq-graph project/file/graph_15_nodes.json --traffic project/file/traffic_15_nodes_random.json --inspection-rate 0.001 --mess-rate 0.002 --algorithm shortest,0.310677000001,0,92,51,63,45,34,238,51,88,0,47,79,0,0,93,78,154,51,140,55,0,0,76,109,141,139,38,0,36,0,129,0,0,207,141,0,314,357,313,58,265,266,268,165
project/sim_ext.py --sim-time 1.5 --seq-graph project/file/graph_15_nodes.json --traffic project/file/traffic_15_nodes_random.json --inspection-rate 0.001 --mess-rate 0.002 --algorithm shortest,0.311744999989,0,92,51,63,45,34,238,53,88,0,47,79,0,0,95,78,154,51,140,57,0,0,76,109,141,140,38,0,36,0,129,0,0,207,142,0,314,357,313,58,265,266,268,165
project/sim_ext.py --sim-time 1.5 --seq-graph project/file/graph_15_nodes.json --traffic project/file/traffic_15_nodes_random.json --inspection-rate 0.001 --mess-rate 0.002 --algorithm shortest,0.312870000001,0,92,51,63,45,34,238,53,88,0,47,79,0,0,95,78,154,51,140,57,0,0,76,110,143,141,38,0,36,0,130,0,0,208,143,0,314,357,313,58,265,266,268,165
project/sim_ext.py --sim-time 1.5 --seq-graph project/file/graph_15_nodes.json --traffic project/file/traffic_15_nodes_random.json --inspection-rate 0.001 --mess-rate 0.002 --algorithm shortest,0.313884000001,0,92,51,63,45,34,243,53,88,0,47,82,0,0,95,78,154,52,141,57,0,0,76,115,145,142,38,0,36,0,130,0,0,208,143,0,314,357,313,58,265,266,268,167
project/sim_ext.py --sim-time 1.5 --seq-graph project/file/graph_15_nodes.json --traffic project/file/traffic_15_nodes_random.json --inspection-rate 0.001 --mess-rate 0.002 --algorithm shortest,0.315080000001,0,92,51,63,45,34,243,53,88,0,47,82,0,0,96,78,154,52,141,57,0,0,76,115,147,142,38,0,36,0,131,0,0,208,143,0,314,357,313,58,265,266,268,167
project/sim_ext.py --sim-time 1.5 --seq-graph project/file/graph_15_nodes.json --traffic project/file/traffic_15_nodes_random.json --inspection-rate 0.001 --mess-rate 0.002 --algorithm shortest,0.316182000001,0,92,51,63,45,34,244,53,88,0,47,83,0,0,96,78,154,52,141,57,0,0,76,115,149,142,38,0,36,0,131,0,0,208,143,0,314,357,313,58,265,266,268,167
project/sim_ext.py --sim-time 1.5 --seq-graph project/file/graph_15_nodes.json --traffic project/file/traffic_15_nodes_random.json --inspection-rate 0.001 --mess-rate 0.002 --algorithm shortest,0.317240000001,0,92,51,63,45,34,245,53,88,0,47,83,0,0,96,78,154,52,141,57,0,0,76,115,149,143,38,0,36,0,131,0,0,208,147,0,314,357,313,58,265,266,268,167
project/sim_ext.py --sim-time 1.5 --seq-graph project/file/graph_15_nodes.json --traffic project/file/traffic_15_nodes_random.json --inspection-rate 0.001 --mess-rate 0.002 --algorithm shortest,0.318271000001,0,92,51,63,45,34,245,53,88,0,47,83,0,0,96,78,154,52,141,57,0,0,76,115,150,143,38,0,36,0,131,0,0,208,147,0,314,357,313,58,265,266,268,167
project/sim_ext.py --sim-time 1.5 --seq-graph project/file/graph_15_nodes.json --traffic project/file/traffic_15_nodes_random.json --inspection-rate 0.001 --mess-rate 0.002 --algorithm shortest,0.319274999989,0,92,51,63,45,34,245,53,88,0,47,83,0,0,96,78,154,52,144,57,0,0,76,115,152,143,38,0,36,0,132,0,0,208,148,0,314,357,313,58,265,266,268,167
project/sim_ext.py --sim-time 1.5 --seq-graph project/file/graph_15_nodes.json --traffic project/file/traffic_15_nodes_random.json --inspection-rate 0.001 --mess-rate 0.002 --algorithm shortest,0.320394999985,0,92,51,63,45,34,246,53,88,0,47,83,0,0,96,78,154,52,144,57,0,0,76,115,152,143,38,0,36,0,132,0,0,208,148,0,314,357,313,58,265,266,268,167
project/sim_ext.py --sim-time 1.5 --seq-graph project/file/graph_15_nodes.json --traffic project/file/traffic_15_nodes_random.json --inspection-rate 0.001 --mess-rate 0.002 --algorithm shortest,0.321408000001,0,92,51,63,45,34,246,53,88,0,47,83,0,0,96,78,154,52,144,57,0,0,76,115,153,143,38,0,36,0,132,0,0,208,148,0,314,357,313,58,265,266,268,167
project/sim_ext.py --sim-time 1.5 --seq-graph project/file/graph_15_nodes.json --traffic project/file/traffic_15_nodes_random.json --inspection-rate 0.001 --mess-rate 0.002 --algorithm shortest,0.322437000001,0,92,51,63,45,34,246,53,88,0,47,83,0,0,96,78,154,52,144,57,0,0,76,115,153,145,38,0,36,0,132,0,0,208,149,0,314,357,313,58,265,266,268,167
project/sim_ext.py --sim-time 1.5 --seq-graph project/file/graph_15_nodes.json --traffic project/file/traffic_15_nodes_random.json --inspection-rate 0.001 --mess-rate 0.002 --algorithm shortest,0.323465000001,0,92,51,63,45,34,247,53,88,0,47,83,0,0,96,78,154,52,144,57,0,0,76,115,153,145,38,0,36,0,132,0,0,208,149,0,314,357,313,58,265,266,268,167
project/sim_ext.py --sim-time 1.5 --seq-graph project/file/graph_15_nodes.json --traffic project/file/traffic_15_nodes_random.json --inspection-rate 0.001 --mess-rate 0.002 --algorithm shortest,0.324533000001,0,92,51,63,45,34,247,53,88,0,47,83,0,0,96,78,154,52,144,57,0,0,76,115,154,145,38,0,36,0,132,0,0,208,149,0,314,357,313,58,265,266,268,167
project/sim_ext.py --sim-time 1.5 --seq-graph project/file/graph_15_nodes.json --traffic project/file/traffic_15_nodes_random.json --inspection-rate 0.001 --mess-rate 0.002 --algorithm shortest,0.325597000001,0,92,51,63,45,34,247,53,88,0,47,83,0,0,96,78,154,52,144,57,0,0,76,115,154,145,38,0,36,0,132,0,0,208,149,0,314,357,313,68,265,266,268,167
project/sim_ext.py --sim-time 1.5 --seq-graph project/file/graph_15_nodes.json --traffic project/file/traffic_15_nodes_random.json --inspection-rate 0.001 --mess-rate 0.002 --algorithm shortest,0.326703999997,0,93,51,63,45,34,249,53,89,0,47,83,0,0,96,78,154,52,144,57,0,0,76,116,154,147,38,0,36,0,132,0,0,208,152,0,317,360,316,68,268,269,268,167
project/sim_ext.py --sim-time 1.5 --seq-graph project/file/graph_15_nodes.json --traffic project/file/traffic_15_nodes_random.json --inspection-rate 0.001 --mess-rate 0.002 --algorithm shortest,0.327750000001,0,99,53,67,46,35,257,54,95,0,47,88,0,0,99,80,154,54,144,61,0,0,81,121,155,148,39,0,36,0,134,0,0,214,153,0,345,378,340,83,279,292,268,176
project/sim_ext.py --sim-time 1.5 --seq-graph project/file/graph_15_nodes.json --traffic project/file/traffic_15_nodes_random.json --inspection-rate 0.001 --mess-rate 0.002 --algorithm shortest,0.329058000001,0,101,54,68,47,36,258,55,95,0,47,88,0,0,100,80,154,54,148,64,0,0,82,122,157,148,39,0,37,0,138,0,0,215,153,0,351,378,341,90,282,295,268,181
project/sim_ext.py --sim-time 1.5 --seq-graph project/file/graph_15_nodes.json --traffic project/file/traffic_15_nodes_random.json --inspection-rate 0.001 --mess-rate 0.002 --algorithm shortest,0.330201000001,0,104,55,70,48,36,259,55,104,0,47,89,0,0,102,80,154,56,149,64,0,0,82,125,157,148,41,0,37,0,138,0,0,216,153,0,356,380,342,94,283,299,268,182
project/sim_ext.py --sim-time 1.5 --seq-graph project/file/graph_15_nodes.json --traffic project/file/traffic_15_nodes_random.json --inspection-rate 0.001 --mess-rate 0.002 --algorithm shortest,0.331654000001,0,106,58,70,49,36,263,55,107,0,47,90,0,0,102,80,154,57,149,64,0,0,84,125,157,149,42,0,37,0,138,0,0,216,158,0,360,389,346,99,286,300,268,183
project/sim_ext.py --sim-time 1.5 --seq-graph project/file/graph_15_nodes.json --traffic project/file/traffic_15_nodes_random.json --inspection-rate 0.001 --mess-rate 0.002 --algorithm shortest,0.332732000001,0,106,58,70,49,36,263,56,107,0,47,90,0,0,102,81,154,59,149,68,0,0,85,125,161,149,44,0,37,0,139,0,0,220,158,0,370,390,346,100,288,302,268,184
project/sim_ext.py --sim-time 1.5 --seq-graph project/file/graph_15_nodes.json --traffic project/file/traffic_15_nodes_random.json --inspection-rate 0.001 --mess-rate 0.002 --algorithm shortest,0.33375200000099997,0,106,59,70,51,37,265,58,107,0,47,91,0,0,103,82,154,59,149,68,0,0,85,127,162,149,44,0,37,0,140,0,0,221,159,0,370,391,348,100,292,303,268,184
project/sim_ext.py --sim-time 1.5 --seq-graph project/file/graph_15_nodes.json --traffic project/file/traffic_15_nodes_random.json --inspection-rate 0.001 --mess-rate 0.002 --algorithm shortest,0.334836199997,0,106,60,70,52,37,267,58,107,0,47,91,0,0,106,82,154,59,150,68,0,0,85,127,162,149,44,0,38,0,140,0,0,222,159,0,370,392,350,100,293,304,268,184
project/sim_ext.py --sim-time 1.5 --seq-graph project/file/graph_15_nodes.json --traffic project/file/traffic_15_nodes_random.json --inspection-rate 0.001 --mess-rate 0.002 --algorithm shortest,0.335968999997,0,106,61,70,52,37,267,58,107,0,47,91,0,0,106,82,154,59,152,68,0,0,85,127,163,153,44,0,38,0,140,0,0,222,160,0,370,394,353,100,297,304,268,184
project/sim_ext.py --sim-time 1.5 --seq-graph project/file/graph_15_nodes.json --traffic project/file/traffic_15_nodes_random.json --inspection-rate 0.001 --mess-rate 0.002 --algorithm shortest,0.337216999997,0,106,61,70,52,37,268,58,107,0,48,91,0,0,106,82,163,59,152,68,0,0,85,131,163,153,44,0,38,0,140,0,0,222,160,0,370,396,356,100,299,304,279,187
project/sim_ext.py --sim-time 1.5 --seq-graph project/file/graph_15_nodes.json --traffic project/file/traffic_15_nodes_random.json --inspection-rate 0.001 --mess-rate 0.002 --algorithm shortest,0.33830200000099997,0,106,61,70,52,37,270,58,107,0,48,91,0,0,106,82,164,59,152,68,0,0,85,131,163,154,44,0,38,0,140,0,0,222,160,0,370,396,356,100,299,304,281,188
project/sim_ext.py --sim-time 1.5 --seq-graph project/file/graph_15_nodes.json --traffic project/file/traffic_15_nodes_random.json --inspection-rate 0.001 --mess-rate 0.002 --algorithm shortest,0.339320000001,0,106,61,70,52,37,270,58,107,0,48,91,0,0,106,82,164,59,152,68,0,0,85,131,167,154,44,0,39,0,140,0,0,222,160,0,370,396,356,100,301,304,282,188
project/sim_ext.py --sim-time 1.5 --seq-graph project/file/graph_15_nodes.json --traffic project/file/traffic_15_nodes_random.json --inspection-rate 0.001 --mess-rate 0.002 --algorithm shortest,0.340345000001,0,106,61,70,52,37,271,58,107,0,48,92,0,0,106,82,164,59,152,68,0,0,85,131,168,155,44,0,39,0,140,0,0,222,162,0,370,396,356,100,301,304,282,188
project/sim_ext.py --sim-time 1.5 --seq-graph project/file/graph_15_nodes.json --traffic project/file/traffic_15_nodes_random.json --inspection-rate 0.001 --mess-rate 0.002 --algorithm shortest,0.341430000001,0,106,61,70,52,37,271,58,107,0,50,92,0,0,106,82,165,59,152,68,0,0,85,131,169,155,44,0,39,0,140,0,0,222,163,0,370,396,356,100,301,304,284,188
project/sim_ext.py --sim-time 1.5 --seq-graph project/file/graph_15_nodes.json --traffic project/file/traffic_15_nodes_random.json --inspection-rate 0.001 --mess-rate 0.002 --algorithm shortest,0.342604000001,0,106,61,70,52,37,271,58,107,0,50,92,0,0,107,82,165,59,152,68,0,0,85,131,170,155,44,0,39,0,141,0,0,222,163,0,370,396,356,100,301,304,286,188
project/sim_ext.py --sim-time 1.5 --seq-graph project/file/graph_15_nodes.json --traffic project/file/traffic_15_nodes_random.json --inspection-rate 0.001 --mess-rate 0.002 --algorithm shortest,0.343659599997,0,106,65,70,52,37,274,59,107,0,52,93,0,0,111,87,165,59,152,71,0,0,85,131,170,155,44,0,39,0,141,0,0,228,163,0,370,396,356,100,301,304,289,188
project/sim_ext.py --sim-time 1.5 --seq-graph project/file/graph_15_nodes.json --traffic project/file/traffic_15_nodes_random.json --inspection-rate 0.001 --mess-rate 0.002 --algorithm shortest,0.344692000001,0,106,65,70,52,37,274,59,107,0,53,93,0,0,111,88,165,59,152,71,0,0,85,131,170,158,44,0,39,0,141,0,0,229,165,0,370,396,356,100,301,304,292,188
project/sim_ext.py --sim-time 1.5 --seq-graph project/file/graph_15_nodes.json --traffic project/file/traffic_15_nodes_random.json --inspection-rate 0.001 --mess-rate 0.002 --algorithm shortest,0.345728000001,0,106,65,70,52,37,276,59,107,0,53,95,0,0,111,88,165,59,152,72,0,0,85,131,170,158,44,0,39,0,141,0,0,230,165,0,370,396,356,100,301,304,292,188
project/sim_ext.py --sim-time 1.5 --seq-graph project/file/graph_15_nodes.json --traffic project/file/traffic_15_nodes_random.json --inspection-rate 0.001 --mess-rate 0.002 --algorithm shortest,0.347059999972,0,106,65,70,52,37,278,59,107,0,54,96,0,0,111,89,166,59,152,72,0,0,85,131,171,158,44,0,39,0,144,0,0,232,165,0,370,396,356,100,301,304,292,188
project/sim_ext.py --sim-time 1.5 --seq-graph project/file/graph_15_nodes.json --traffic project/file/traffic_15_nodes_random.json --inspection-rate 0.001 --mess-rate 0.002 --algorithm shortest,0.348080000001,0,106,65,70,52,37,278,59,107,0,54,96,0,0,111,91,166,59,152,73,0,0,85,131,171,159,44,0,39,0,144,0,0,232,168,0,370,396,356,100,301,304,292,188
project/sim_ext.py --sim-time 1.5 --seq-graph project/file/graph_15_nodes.json --traffic project/file/traffic_15_nodes_random.json --inspection-rate 0.001 --mess-rate 0.002 --algorithm shortest,0.349235000001,0,106,65,70,52,37,278,59,107,0,57,96,0,0,111,91,168,59,155,75,0,0,85,131,171,159,44,0,39,0,144,0,0,232,168,0,370,396,356,100,301,304,293,188
project/sim_ext.py --sim-time 1.5 --seq-graph project/file/graph_15_nodes.json --traffic project/file/traffic_15_nodes_random.json --inspection-rate 0.001 --mess-rate 0.002 --algorithm shortest,0.35023945973755954,0,106,65,70,52,37,282,62,107,0,57,96,0,0,111,91,168,59,156,75,0,0,85,131,171,159,44,0,39,0,144,0,0,233,168,0,370,396,356,100,301,304,293,188
project/sim_ext.py --sim-time 1.5 --seq-graph project/file/graph_15_nodes.json --traffic project/file/traffic_15_nodes_random.json --inspection-rate 0.001 --mess-rate 0.002 --algorithm shortest,0.351394000001,0,106,65,70,52,37,282,62,107,0,57,96,0,0,111,91,168,59,156,75,0,0,85,131,173,159,44,0,39,0,145,0,0,233,168,0,370,396,356,100,301,304,293,188
project/sim_ext.py --sim-time 1.5 --seq-graph project/file/graph_15_nodes.json --traffic project/file/traffic_15_nodes_random.json --inspection-rate 0.001 --mess-rate 0.002 --algorithm shortest,0.352771000001,0,106,65,70,52,37,283,62,107,0,57,96,0,0,111,91,169,59,156,75,0,0,85,131,174,160,44,0,39,0,146,0,0,233,169,0,370,396,356,100,301,304,293,188
project/sim_ext.py --sim-time 1.5 --seq-graph project/file/graph_15_nodes.json --traffic project/file/traffic_15_nodes_random.json --inspection-rate 0.001 --mess-rate 0.002 --algorithm shortest,0.354140000001,0,106,65,70,52,37,283,62,107,0,57,96,0,0,111,91,170,59,156,75,0,0,85,131,177,160,44,0,39,0,147,0,0,233,169,0,370,396,356,100,301,304,293,188
project/sim_ext.py --sim-time 1.5 --seq-graph project/file/graph_15_nodes.json --traffic project/file/traffic_15_nodes_random.json --inspection-rate 0.001 --mess-rate 0.002 --algorithm shortest,0.355194999985,0,106,65,70,52,37,287,62,107,0,57,96,0,0,111,91,170,59,156,75,0,0,85,131,177,160,44,0,39,0,147,0,0,233,169,0,370,396,356,100,301,304,293,188
project/sim_ext.py --sim-time 1.5 --seq-graph project/file/graph_15_nodes.json --traffic project/file/traffic_15_nodes_random.json --inspection-rate 0.001 --mess-rate 0.002 --algorithm shortest,0.356224000001,0,106,65,70,52,37,287,62,107,0,57,96,0,0,111,91,170,59,156,75,0,0,85,131,178,160,44,0,39,0,148,0,0,233,169,0,370,396,356,100,301,304,293,188
project/sim_ext.py --sim-time 1.5 --seq-graph project/file/graph_15_nodes.json --traffic project/file/traffic_15_nodes_random.json --inspection-rate 0.001 --mess-rate 0.002 --algorithm shortest,0.357243000001,0,106,65,70,52,37,288,62,107,0,57,96,0,0,111,91,170,59,156,75,0,0,85,131,179,161,44,0,39,0,149,0,0,233,172,0,370,396,356,100,301,304,293,188
project/sim_ext.py --sim-time 1.5 --seq-graph project/file/graph_15_nodes.json --traffic project/file/traffic_15_nodes_random.json --inspection-rate 0.001 --mess-rate 0.002 --algorithm shortest,0.358254999982,0,106,65,70,52,37,288,62,107,0,57,96,0,0,111,91,170,59,159,75,0,0,85,131,179,162,44,0,39,0,149,0,0,233,174,0,370,396,356,100,301,304,293,188
project/sim_ext.py --sim-time 1.5 --seq-graph project/file/graph_15_nodes.json --traffic project/file/traffic_15_nodes_random.json --inspection-rate 0.001 --mess-rate 0.002 --algorithm shortest,0.359486000001,0,106,65,70,52,37,288,62,107,0,57,96,0,0,111,91,170,59,159,75,0,0,85,131,180,163,44,0,39,0,151,0,0,233,174,0,370,396,356,100,301,304,293,188
project/sim_ext.py --sim-time 1.5 --seq-graph project/file/graph_15_nodes.json --traffic project/file/traffic_15_nodes_random.json --inspection-rate 0.001 --mess-rate 0.002 --algorithm shortest,0.360544000001,0,106,65,70,52,37,290,62,107,0,57,96,0,0,111,91,170,59,161,75,0,0,85,131,180,164,44,0,39,0,152,0,0,233,177,0,370,396,356,100,301,304,293,188
project/sim_ext.py --sim-time 1.5 --seq-graph project/file/graph_15_nodes.json --traffic project/file/traffic_15_nodes_random.json --inspection-rate 0.001 --mess-rate 0.002 --algorithm shortest,0.361875000001,0,106,65,70,52,37,290,62,107,0,57,96,0,0,111,91,174,59,162,75,0,0,85,131,180,164,44,0,39,0,152,0,0,233,177,0,370,396,356,100,301,304,293,188
project/sim_ext.py --sim-time 1.5 --seq-graph project/file/graph_15_nodes.json --traffic project/file/traffic_15_nodes_random.json --inspection-rate 0.001 --mess-rate 0.002 --algorithm shortest,0.363084000001,0,106,65,70,52,37,290,62,107,0,57,96,0,0,111,91,174,59,162,75,0,0,85,131,182,164,44,0,39,0,153,0,0,233,177,0,370,396,356,100,301,304,293,188
project/sim_ext.py --sim-time 1.5 --seq-graph project/file/graph_15_nodes.json --traffic project/file/traffic_15_nodes_random.json --inspection-rate 0.001 --mess-rate 0.002 --algorithm shortest,0.364086781143222,0,106,65,70,52,37,291,62,107,0,57,96,0,0,111,91,174,59,162,75,0,0,85,131,182,164,44,0,39,0,153,0,0,233,177,0,370,396,356,100,301,304,293,188
project/sim_ext.py --sim-time 1.5 --seq-graph project/file/graph_15_nodes.json --traffic project/file/traffic_15_nodes_random.json --inspection-rate 0.001 --mess-rate 0.002 --algorithm shortest,0.365145000001,0,106,65,70,52,37,291,62,107,0,57,96,0,0,111,91,175,59,165,75,0,0,85,131,183,164,44,0,39,0,155,0,0,233,177,0,370,396,356,100,301,304,293,188
project/sim_ext.py --sim-time 1.5 --seq-graph project/file/graph_15_nodes.json --traffic project/file/traffic_15_nodes_random.json --inspection-rate 0.001 --mess-rate 0.002 --algorithm shortest,0.366170000001,0,106,65,70,52,37,291,62,107,0,57,96,0,0,111,91,175,59,165,75,0,0,85,131,183,164,44,0,39,0,155,0,0,233,177,0,370,396,356,110,301,304,293,188
project/sim_ext.py --sim-time 1.5 --seq-graph project/file/graph_15_nodes.json --traffic project/file/traffic_15_nodes_random.json --inspection-rate 0.001 --mess-rate 0.002 --algorithm shortest,0.3671759901978683,0,106,65,70,52,37,291,62,107,0,57,96,0,0,111,91,175,59,165,75,0,0,85,131,183,164,44,0,39,0,155,0,0,233,177,0,370,396,356,110,301,304,293,188
project/sim_ext.py --sim-time 1.5 --seq-graph project/file/graph_15_nodes.json --traffic project/file/traffic_15_nodes_random.json --inspection-rate 0.001 --mess-rate 0.002 --algorithm shortest,0.36822439040916477,0,116,74,72,52,37,293,62,113,0,57,104,0,0,112,91,177,64,165,76,0,0,91,139,183,167,45,0,40,0,157,0,0,238,178,0,393,418,380,126,319,320,315,201
project/sim_ext.py --sim-time 1.5 --seq-graph project/file/graph_15_nodes.json --traffic project/file/traffic_15_nodes_random.json --inspection-rate 0.001 --mess-rate 0.002 --algorithm shortest,0.369244799997,0,119,74,73,52,39,300,64,113,0,61,104,0,0,112,92,178,64,172,76,0,0,93,140,185,167,45,0,41,0,157,0,0,248,178,0,393,424,386,130,321,323,325,203
project/sim_ext.py --sim-time 1.5 --seq-graph project/file/graph_15_nodes.json --traffic project/file/traffic_15_nodes_random.json --inspection-rate 0.001 --mess-rate 0.002 --algorithm shortest,0.370279000001,0,119,74,73,53,39,303,65,114,0,61,104,0,0,112,92,179,65,173,79,0,0,94,141,185,167,46,0,41,0,157,0,0,248,178,0,401,425,391,135,327,328,329,206
project/sim_ext.py --sim-time 1.5 --seq-graph project/file/graph_15_nodes.json --traffic project/file/traffic_15_nodes_random.json --inspection-rate 0.001 --mess-rate 0.002 --algorithm shortest,0.371374999978,0,120,76,77,54,39,303,65,118,0,61,105,0,0,112,92,182,66,178,80,0,0,96,143,187,168,46,0,42,0,157,0,0,251,189,0,404,434,396,136,330,332,331,208
project/sim_ext.py --sim-time 1.5 --seq-graph project/file/graph_15_nodes.json --traffic project/file/traffic_15_nodes_random.json --inspection-rate 0.001 --mess-rate 0.002 --algorithm shortest,0.372405000001,0,120,77,77,54,39,303,65,118,0,62,105,0,0,112,92,183,66,180,80,0,0,96,143,188,168,46,0,42,0,157,0,0,252,190,0,406,436,398,139,331,332,333,208
project/sim_ext.py --sim-time 1.5 --seq-graph project/file/graph_15_nodes.json --traffic project/file/traffic_15_nodes_random.json --inspection-rate 0.001 --mess-rate 0.002 --algorithm shortest,0.37349000000099997,0,120,77,77,54,39,305,65,118,0,63,105,0,0,112,92,184,66,180,80,0,0,96,146,190,168,47,0,42,0,157,0,0,252,190,0,411,441,403,146,335,335,335,208
project/sim_ext.py --sim-time 1.5 --seq-graph project/file/graph_15_nodes.json --traffic project/file/traffic_15_nodes_random.json --inspection-rate 0.001 --mess-rate 0.002 --algorithm shortest,0.374894999974,0,120,80,77,54,39,305,66,118,0,64,105,0,0,112,92,186,66,184,82,0,0,96,146,191,168,49,0,42,0,158,0,0,258,191,0,412,442,404,148,336,335,341,211
project/sim_ext.py --sim-time 1.5 --seq-graph project/file/graph_15_nodes.json --traffic project/file/traffic_15_nodes_random.json --inspection-rate 0.001 --mess-rate 0.002 --algorithm shortest,0.375966799997,0,120,80,78,55,39,306,66,118,0,64,106,0,0,112,92,186,66,185,83,0,0,96,146,191,169,50,0,42,0,158,0,0,258,193,0,414,442,404,148,339,337,341,211
project/sim_ext.py --sim-time 1.5 --seq-graph project/file/graph_15_nodes.json --traffic project/file/traffic_15_nodes_random.json --inspection-rate 0.001 --mess-rate 0.002 --algorithm shortest,0.377309000001,0,120,80,78,56,39,309,66,118,0,64,111,0,0,112,92,186,66,185,83,0,0,96,148,195,170,50,0,42,0,159,0,0,258,193,0,415,442,405,148,339,337,341,213
project/sim_ext.py --sim-time 1.5 --seq-graph project/file/graph_15_nodes.json --traffic project/file/traffic_15_nodes_random.json --inspection-rate 0.001 --mess-rate 0.002 --algorithm shortest,0.378312000001,0,120,80,78,56,39,310,66,118,0,64,111,0,0,112,92,186,66,185,83,0,0,96,148,195,170,50,0,42,0,159,0,0,260,193,0,415,442,405,148,339,337,341,213
project/sim_ext.py --sim-time 1.5 --seq-graph project/file/graph_15_nodes.json --traffic project/file/traffic_15_nodes_random.json --inspection-rate 0.001 --mess-rate 0.002 --algorithm shortest,0.379321000001,0,120,80,78,56,39,310,66,118,0,64,111,0,0,114,93,186,67,188,83,0,0,96,149,195,171,50,0,42,0,159,0,0,261,195,0,415,442,405,148,339,337,341,213
project/sim_ext.py --sim-time 1.5 --seq-graph project/file/graph_15_nodes.json --traffic project/file/traffic_15_nodes_random.json --inspection-rate 0.001 --mess-rate 0.002 --algorithm shortest,0.380449000001,0,120,80,78,56,39,312,67,118,0,64,111,0,0,114,94,186,68,189,83,0,0,96,149,195,172,50,0,42,0,159,0,0,261,196,0,415,442,405,148,339,337,341,213
project/sim_ext.py --sim-time 1.5 --seq-graph project/file/graph_15_nodes.json --traffic project/file/traffic_15_nodes_random.json --inspection-rate 0.001 --mess-rate 0.002 --algorithm shortest,0.381996000001,0,120,80,78,56,39,313,67,118,0,64,111,0,0,115,94,187,68,189,83,0,0,96,149,196,172,50,0,42,0,160,0,0,261,196,0,415,442,405,148,339,337,341,213
project/sim_ext.py --sim-time 1.5 --seq-graph project/file/graph_15_nodes.json --traffic project/file/traffic_15_nodes_random.json --inspection-rate 0.001 --mess-rate 0.002 --algorithm shortest,0.382999000001,0,120,80,78,56,39,317,67,118,0,64,111,0,0,115,94,188,68,191,83,0,0,96,149,198,173,50,0,42,0,160,0,0,261,196,0,415,442,405,148,339,337,341,213
project/sim_ext.py --sim-time 1.5 --seq-graph project/file/graph_15_nodes.json --traffic project/file/traffic_15_nodes_random.json --inspection-rate 0.001 --mess-rate 0.002 --algorithm shortest,0.384238000001,0,120,80,78,56,39,320,67,118,0,64,111,0,0,116,94,188,68,192,83,0,0,96,149,198,173,50,0,42,0,160,0,0,261,196,0,415,442,405,148,339,337,341,213
project/sim_ext.py --sim-time 1.5 --seq-graph project/file/graph_15_nodes.json --traffic project/file/traffic_15_nodes_random.json --inspection-rate 0.001 --mess-rate 0.002 --algorithm shortest,0.385284999982,0,120,80,78,56,39,321,67,118,0,64,111,0,0,116,94,188,68,193,83,0,0,96,149,199,173,50,0,42,0,161,0,0,261,196,0,415,442,405,148,339,337,341,213
project/sim_ext.py --sim-time 1.5 --seq-graph project/file/graph_15_nodes.json --traffic project/file/traffic_15_nodes_random.json --inspection-rate 0.001 --mess-rate 0.002 --algorithm shortest,0.386803000001,0,120,80,78,56,39,321,67,118,0,64,111,0,0,116,94,189,68,193,83,0,0,96,149,199,173,50,0,42,0,163,0,0,261,196,0,415,442,405,148,339,337,341,213
project/sim_ext.py --sim-time 1.5 --seq-graph project/file/graph_15_nodes.json --traffic project/file/traffic_15_nodes_random.json --inspection-rate 0.001 --mess-rate 0.002 --algorithm shortest,0.387988000001,0,120,80,78,56,39,321,67,118,0,64,111,0,0,118,94,190,68,193,83,0,0,96,149,199,173,50,0,42,0,164,0,0,261,196,0,415,442,405,148,339,337,341,213
project/sim_ext.py --sim-time 1.5 --seq-graph project/file/graph_15_nodes.json --traffic project/file/traffic_15_nodes_random.json --inspection-rate 0.001 --mess-rate 0.002 --algorithm shortest,0.388997000001,0,120,80,78,56,39,322,67,118,0,64,111,0,0,118,94,190,68,193,83,0,0,96,149,199,174,50,0,42,0,164,0,0,261,199,0,415,442,405,148,339,337,341,213
project/sim_ext.py --sim-time 1.5 --seq-graph project/file/graph_15_nodes.json --traffic project/file/traffic_15_nodes_random.json --inspection-rate 0.001 --mess-rate 0.002 --algorithm shortest,0.390101000001,0,120,80,78,56,39,322,67,118,0,64,111,0,0,118,94,191,68,193,83,0,0,96,149,199,174,50,0,42,0,164,0,0,261,199,0,415,442,405,148,339,337,341,213
project/sim_ext.py --sim-time 1.5 --seq-graph project/file/graph_15_nodes.json --traffic project/file/traffic_15_nodes_random.json --inspection-rate 0.001 --mess-rate 0.002 --algorithm shortest,0.391241000001,0,120,80,78,56,39,322,67,118,0,64,111,0,0,118,94,191,68,193,83,0,0,96,149,199,174,50,0,42,0,164,0,0,261,199,0,415,442,405,148,339,337,341,213
project/sim_ext.py --sim-time 1.5 --seq-graph project/file/graph_15_nodes.json --traffic project/file/traffic_15_nodes_random.json --inspection-rate 0.001 --mess-rate 0.002 --algorithm shortest,0.392355000001,0,120,80,78,56,39,324,67,118,0,64,111,0,0,118,94,191,68,193,83,0,0,96,149,201,174,50,0,42,0,165,0,0,261,199,0,415,442,405,148,339,337,341,213
project/sim_ext.py --sim-time 1.5 --seq-graph project/file/graph_15_nodes.json --traffic project/file/traffic_15_nodes_random.json --inspection-rate 0.001 --mess-rate 0.002 --algorithm shortest,0.393457000001,0,120,80,78,56,39,324,67,118,0,64,111,0,0,118,94,191,68,194,83,0,0,96,149,202,174,50,0,42,0,166,0,0,261,200,0,415,442,405,148,339,337,341,213
project/sim_ext.py --sim-time 1.5 --seq-graph project/file/graph_15_nodes.json --traffic project/file/traffic_15_nodes_random.json --inspection-rate 0.001 --mess-rate 0.002 --algorithm shortest,0.3944614206221926,0,120,80,78,56,39,324,67,118,0,64,111,0,0,118,94,191,68,196,83,0,0,96,149,202,174,50,0,42,0,166,0,0,261,200,0,415,442,405,148,339,337,341,213
project/sim_ext.py --sim-time 1.5 --seq-graph project/file/graph_15_nodes.json --traffic project/file/traffic_15_nodes_random.json --inspection-rate 0.001 --mess-rate 0.002 --algorithm shortest,0.395603000001,0,120,80,78,56,39,325,67,118,0,64,111,0,0,118,94,191,68,196,83,0,0,96,149,202,174,50,0,42,0,166,0,0,261,200,0,415,442,405,148,339,337,341,213
project/sim_ext.py --sim-time 1.5 --seq-graph project/file/graph_15_nodes.json --traffic project/file/traffic_15_nodes_random.json --inspection-rate 0.001 --mess-rate 0.002 --algorithm shortest,0.396639000001,0,120,80,78,56,39,325,67,118,0,64,111,0,0,118,94,191,68,197,83,0,0,96,149,203,174,50,0,42,0,168,0,0,261,200,0,415,442,405,148,339,337,341,213
project/sim_ext.py --sim-time 1.5 --seq-graph project/file/graph_15_nodes.json --traffic project/file/traffic_15_nodes_random.json --inspection-rate 0.001 --mess-rate 0.002 --algorithm shortest,0.397754000001,0,120,80,78,56,39,326,67,118,0,64,111,0,0,118,94,191,68,197,83,0,0,96,149,207,174,50,0,42,0,169,0,0,261,200,0,415,442,405,148,339,337,341,213
project/sim_ext.py --sim-time 1.5 --seq-graph project/file/graph_15_nodes.json --traffic project/file/traffic_15_nodes_random.json --inspection-rate 0.001 --mess-rate 0.002 --algorithm shortest,0.398755199997,0,124,80,82,56,40,331,69,122,0,64,114,0,0,121,96,197,71,197,84,0,0,104,153,208,177,52,0,45,0,172,0,0,263,201,0,432,457,419,150,355,353,357,215
project/sim_ext.py --sim-time 1.5 --seq-graph project/file/graph_15_nodes.json --traffic project/file/traffic_15_nodes_random.json --inspection-rate 0.001 --mess-rate 0.002 --algorithm shortest,0.399763799997,0,125,82,84,56,40,334,69,125,0,64,114,0,0,121,97,198,71,197,85,0,0,107,154,208,177,52,0,46,0,172,0,0,267,201,0,445,475,435,162,358,365,367,223
project/sim_ext.py --sim-time 1.5 --seq-graph project/file/graph_15_nodes.json --traffic project/file/traffic_15_nodes_random.json --inspection-rate 0.001 --mess-rate 0.002 --algorithm shortest,0.401029000001,0,125,82,84,57,40,335,70,128,0,65,114,0,0,121,98,199,72,197,86,0,0,108,155,213,177,52,0,48,0,173,0,0,269,201,0,449,479,442,166,359,367,369,223
project/sim_ext.py --sim-time 1.5 --seq-graph project/file/graph_15_nodes.json --traffic project/file/traffic_15_nodes_random.json --inspection-rate 0.001 --mess-rate 0.002 --algorithm shortest,0.402068199997,0,131,82,85,58,40,340,70,128,0,65,115,0,0,121,98,201,72,197,86,0,0,109,155,214,177,54,0,49,0,175,0,0,270,201,0,453,484,447,167,361,371,371,226
project/sim_ext.py --sim-time 1.5 --seq-graph project/file/graph_15_nodes.json --traffic project/file/traffic_15_nodes_random.json --inspection-rate 0.001 --mess-rate 0.002 --algorithm shortest,0.403085000001,0,133,84,88,58,41,341,70,130,0,66,115,0,0,121,98,202,72,197,86,0,0,111,157,214,177,55,0,50,0,176,0,0,272,201,0,460,489,451,176,363,373,374,233
project/sim_ext.py --sim-time 1.5 --seq-graph project/file/graph_15_nodes.json --traffic project/file/traffic_15_nodes_random.json --inspection-rate 0.001 --mess-rate 0.002 --algorithm shortest,0.404257000001,0,133,84,88,60,41,343,70,130,0,66,115,0,0,122,98,204,72,200,86,0,0,111,158,214,177,55,0,50,0,178,0,0,274,201,0,460,490,454,183,366,374,378,233
project/sim_ext.py --sim-time 1.5 --seq-graph project/file/graph_15_nodes.json --traffic project/file/traffic_15_nodes_random.json --inspection-rate 0.001 --mess-rate 0.002 --algorithm shortest,0.405345000001,0,133,86,88,60,41,344,70,130,0,66,115,0,0,123,98,204,72,201,86,0,0,111,159,219,177,55,0,50,0,178,0,0,276,201,0,460,490,454,188,367,377,379,233
project/sim_ext.py --sim-time 1.5 --seq-graph project/file/graph_15_nodes.json --traffic project/file/traffic_15_nodes_random.json --inspection-rate 0.001 --mess-rate 0.002 --algorithm shortest,0.406555000001,0,133,86,88,60,41,345,71,130,0,66,118,0,0,124,100,204,72,201,86,0,0,111,159,220,177,55,0,50,0,178,0,0,279,201,0,460,490,455,194,368,378,386,233
project/sim_ext.py --sim-time 1.5 --seq-graph project/file/graph_15_nodes.json --traffic project/file/traffic_15_nodes_random.json --inspection-rate 0.001 --mess-rate 0.002 --algorithm shortest,0.407700000001,0,133,86,88,63,41,346,72,130,0,66,119,0,0,124,101,204,72,204,87,0,0,111,159,221,178,55,0,50,0,178,0,0,279,206,0,460,490,455,194,369,379,386,233
project/sim_ext.py --sim-time 1.5 --seq-graph project/file/graph_15_nodes.json --traffic project/file/traffic_15_nodes_random.json --inspection-rate 0.001 --mess-rate 0.002 --algorithm shortest,0.409344000001,0,133,92,88,63,41,346,72,130,0,67,119,0,0,125,101,205,72,205,87,0,0,111,159,225,181,56,0,50,0,180,0,0,279,211,0,461,490,455,196,369,379,386,233
project/sim_ext.py --sim-time 1.5 --seq-graph project/file/graph_15_nodes.json --traffic project/file/traffic_15_nodes_random.json --inspection-rate 0.001 --mess-rate 0.002 --algorithm shortest,0.410414999974,0,133,94,88,63,41,348,73,130,0,67,120,0,0,126,102,205,72,205,87,0,0,111,159,225,183,56,0,50,0,180,0,0,279,212,0,461,490,455,197,369,379,386,233
project/sim_ext.py --sim-time 1.5 --seq-graph project/file/graph_15_nodes.json --traffic project/file/traffic_15_nodes_random.json --inspection-rate 0.001 --mess-rate 0.002 --algorithm shortest,0.411424999997,0,133,94,88,63,41,348,73,130,0,67,120,0,0,126,102,205,72,205,87,0,0,111,159,226,184,56,0,50,0,180,0,0,279,212,0,461,490,455,197,369,379,386,233
project/sim_ext.py --sim-time 1.5 --seq-graph project/file/graph_15_nodes.json --traffic project/file/traffic_15_nodes_random.json --inspection-rate 0.001 --mess-rate 0.002 --algorithm shortest,0.41242700000099997,0,133,94,88,63,41,349,74,130,0,67,120,0,0,126,102,208,72,205,88,0,0,111,159,226,186,56,0,50,0,180,0,0,279,212,0,461,490,455,197,369,379,386,233
project/sim_ext.py --sim-time 1.5 --seq-graph project/file/graph_15_nodes.json --traffic project/file/traffic_15_nodes_random.json --inspection-rate 0.001 --mess-rate 0.002 --algorithm shortest,0.413531000001,0,133,95,88,63,41,349,74,130,0,67,121,0,0,126,103,210,72,206,88,0,0,111,159,227,187,56,0,50,0,182,0,0,279,212,0,461,490,455,197,369,379,386,233
project/sim_ext.py --sim-time 1.5 --seq-graph project/file/graph_15_nodes.json --traffic project/file/traffic_15_nodes_random.json --inspection-rate 0.001 --mess-rate 0.002 --algorithm shortest,0.41461800000099996,0,133,95,88,63,41,349,76,130,0,67,121,0,0,127,103,210,74,206,88,0,0,111,162,227,187,56,0,50,0,184,0,0,280,212,0,461,490,455,197,369,379,386,236
project/sim_ext.py --sim-time 1.5 --seq-graph project/file/graph_15_nodes.json --traffic project/file/traffic_15_nodes_random.json --inspection-rate 0.001 --mess-rate 0.002 --algorithm shortest,0.415641000001,0,133,95,88,63,41,352,76,130,0,67,121,0,0,127,103,210,76,206,88,0,0,111,162,227,187,56,0,50,0,185,0,0,280,212,0,461,490,455,197,369,379,386,236
project/sim_ext.py --sim-time 1.5 --seq-graph project/file/graph_15_nodes.json --traffic project/file/traffic_15_nodes_random.json --inspection-rate 0.001 --mess-rate 0.002 --algorithm shortest,0.416666599997,0,133,95,88,63,41,352,76,130,0,67,121,0,0,127,103,210,76,206,88,0,0,111,162,227,187,56,0,50,0,186,0,0,280,212,0,461,490,455,197,369,379,386,236
project/sim_ext.py --sim-time 1.5 --seq-graph project/file/graph_15_nodes.json --traffic project/file/traffic_15_nodes_random.json --inspection-rate 0.001 --mess-rate 0.002 --algorithm shortest,0.417713000001,0,133,95,88,63,41,352,76,130,0,67,121,0,0,127,103,211,76,206,88,0,0,111,162,227,188,56,0,50,0,187,0,0,280,215,0,461,490,455,197,369,379,386,236
project/sim_ext.py --sim-time 1.5 --seq-graph project/file/graph_15_nodes.json --traffic project/file/traffic_15_nodes_random.json --inspection-rate 0.001 --mess-rate 0.002 --algorithm shortest,0.4188254217047215,0,133,95,88,63,41,353,76,130,0,67,121,0,0,127,103,211,76,208,88,0,0,111,162,227,188,56,0,50,0,187,0,0,280,215,0,461,490,455,197,369,379,386,236
project/sim_ext.py --sim-time 1.5 --seq-graph project/file/graph_15_nodes.json --traffic project/file/traffic_15_nodes_random.json --inspection-rate 0.001 --mess-rate 0.002 --algorithm shortest,0.419872000001,0,133,95,88,63,41,353,76,130,0,67,121,0,0,127,103,211,76,208,88,0,0,111,162,227,191,56,0,50,0,187,0,0,280,216,0,461,490,455,197,369,379,386,236
project/sim_ext.py --sim-time 1.5 --seq-graph project/file/graph_15_nodes.json --traffic project/file/traffic_15_nodes_random.json --inspection-rate 0.001 --mess-rate 0.002 --algorithm shortest,0.420934000001,0,133,95,88,63,41,355,76,130,0,67,121,0,0,127,103,214,76,209,88,0,0,111,162,227,192,56,0,50,0,187,0,0,280,217,0,461,490,455,197,369,379,386,236
project/sim_ext.py --sim-time 1.5 --seq-graph project/file/graph_15_nodes.json --traffic project/file/traffic_15_nodes_random.json --inspection-rate 0.001 --mess-rate 0.002 --algorithm shortest,0.421992000001,0,133,95,88,63,41,355,76,130,0,67,121,0,0,127,103,214,76,209,88,0,0,111,162,227,192,56,0,50,0,188,0,0,280,217,0,461,490,455,197,369,379,386,236
project/sim_ext.py --sim-time 1.5 --seq-graph project/file/graph_15_nodes.json --traffic project/file/traffic_15_nodes_random.json --inspection-rate 0.001 --mess-rate 0.002 --algorithm shortest,0.423047000001,0,133,95,88,63,41,355,76,130,0,67,121,0,0,127,103,214,76,209,88,0,0,111,162,228,193,56,0,50,0,188,0,0,280,218,0,461,490,455,197,369,379,386,236
project/sim_ext.py --sim-time 1.5 --seq-graph project/file/graph_15_nodes.json --traffic project/file/traffic_15_nodes_random.json --inspection-rate 0.001 --mess-rate 0.002 --algorithm shortest,0.42408300000099997,0,133,95,88,63,41,356,76,130,0,67,121,0,0,127,103,214,76,209,88,0,0,111,162,228,195,56,0,50,0,188,0,0,280,220,0,461,490,455,197,369,379,386,236
project/sim_ext.py --sim-time 1.5 --seq-graph project/file/graph_15_nodes.json --traffic project/file/traffic_15_nodes_random.json --inspection-rate 0.001 --mess-rate 0.002 --algorithm shortest,0.42508700000099997,0,133,95,88,63,41,358,76,130,0,67,121,0,0,127,103,214,76,209,88,0,0,111,162,228,195,56,0,50,0,188,0,0,280,220,0,461,490,455,197,369,379,386,236
project/sim_ext.py --sim-time 1.5 --seq-graph project/file/graph_15_nodes.json --traffic project/file/traffic_15_nodes_random.json --inspection-rate 0.001 --mess-rate 0.002 --algorithm shortest,0.426118000001,0,133,95,88,63,41,360,76,130,0,67,121,0,0,127,103,214,76,209,88,0,0,111,162,229,196,56,0,50,0,190,0,0,280,220,0,461,490,455,197,369,379,386,236
project/sim_ext.py --sim-time 1.5 --seq-graph project/file/graph_15_nodes.json --traffic project/file/traffic_15_nodes_random.json --inspection-rate 0.001 --mess-rate 0.002 --algorithm shortest,0.42714698240911514,0,133,95,88,63,41,361,76,130,0,67,121,0,0,127,103,214,76,209,88,0,0,111,162,229,196,56,0,50,0,190,0,0,280,220,0,461,490,455,197,369,379,386,236
project/sim_ext.py --sim-time 1.5 --seq-graph project/file/graph_15_nodes.json --traffic project/file/traffic_15_nodes_random.json --inspection-rate 0.001 --mess-rate 0.002 --algorithm shortest,0.428157000001,0,133,95,88,63,41,362,76,130,0,67,121,0,0,127,103,214,76,209,88,0,0,111,162,229,197,56,0,50,0,190,0,0,280,221,0,461,490,455,197,369,379,386,236
project/sim_ext.py --sim-time 1.5 --seq-graph project/file/graph_15_nodes.json --traffic project/file/traffic_15_nodes_random.json --inspection-rate 0.001 --mess-rate 0.002 --algorithm shortest,0.4292363194215902,0,133,95,88,63,43,363,76,130,0,67,121,0,0,127,103,214,77,210,88,0,0,112,164,229,197,56,0,50,0,190,0,0,280,221,0,461,497,462,197,369,379,386,236
project/sim_ext.py --sim-time 1.5 --seq-graph project/file/graph_15_nodes.json --traffic project/file/traffic_15_nodes_random.json --inspection-rate 0.001 --mess-rate 0.002 --algorithm shortest,0.43024500000099997,0,133,95,88,63,44,363,76,130,0,67,121,0,0,127,103,214,78,211,88,0,0,112,165,229,197,56,0,50,0,190,0,0,280,221,0,461,502,465,197,369,379,386,236
project/sim_ext.py --sim-time 1.5 --seq-graph project/file/graph_15_nodes.json --traffic project/file/traffic_15_nodes_random.json --inspection-rate 0.001 --mess-rate 0.002 --algorithm shortest,0.43124700000099997,0,133,95,88,63,44,364,76,130,0,67,121,0,0,127,103,214,78,211,88,0,0,112,165,231,198,56,0,50,0,191,0,0,280,222,0,461,503,465,197,369,379,386,236
project/sim_ext.py --sim-time 1.5 --seq-graph project/file/graph_15_nodes.json --traffic project/file/traffic_15_nodes_random.json --inspection-rate 0.001 --mess-rate 0.002 --algorithm shortest,0.432344000001,0,133,95,88,63,44,364,76,130,0,67,121,0,0,127,103,214,78,211,88,0,0,112,165,231,198,56,0,50,0,191,0,0,280,222,0,461,504,467,197,369,379,386,236
project/sim_ext.py --sim-time 1.5 --seq-graph project/file/graph_15_nodes.json --traffic project/file/traffic_15_nodes_random.json --inspection-rate 0.001 --mess-rate 0.002 --algorithm shortest,0.433401000001,0,133,95,88,63,45,365,76,130,0,67,121,0,0,127,103,214,78,212,88,0,0,112,165,232,199,56,0,50,0,192,0,0,280,224,0,461,505,467,197,369,379,386,236
project/sim_ext.py --sim-time 1.5 --seq-graph project/file/graph_15_nodes.json --traffic project/file/traffic_15_nodes_random.json --inspection-rate 0.001 --mess-rate 0.002 --algorithm shortest,0.434489000001,0,133,95,88,63,45,365,76,130,0,67,121,0,0,127,103,214,78,215,88,0,0,112,165,232,199,56,0,50,0,192,0,0,280,224,0,461,505,467,197,369,379,386,236
project/sim_ext.py --sim-time 1.5 --seq-graph project/file/graph_15_nodes.json --traffic project/file/traffic_15_nodes_random.json --inspection-rate 0.001 --mess-rate 0.002 --algorithm shortest,0.435518000001,0,133,95,88,63,45,365,76,130,0,67,121,0,0,127,103,214,78,217,88,0,0,112,165,232,199,56,0,50,0,194,0,0,280,225,0,461,506,467,197,369,379,386,236
project/sim_ext.py --sim-time 1.5 --seq-graph project/file/graph_15_nodes.json --traffic project/file/traffic_15_nodes_random.json --inspection-rate 0.001 --mess-rate 0.002 --algorithm shortest,0.4365193890369707,0,133,95,88,63,45,366,76,130,0,67,121,0,0,127,103,214,78,217,88,0,0,112,165,232,199,56,0,50,0,194,0,0,280,225,0,461,511,469,197,369,379,386,236
project/sim_ext.py --sim-time 1.5 --seq-graph project/file/graph_15_nodes.json --traffic project/file/traffic_15_nodes_random.json --inspection-rate 0.001 --mess-rate 0.002 --algorithm shortest,0.437532000001,0,133,95,88,63,45,369,76,130,0,67,121,0,0,127,103,214,78,217,88,0,0,112,165,234,199,56,0,50,0,195,0,0,280,226,0,461,511,470,197,369,379,386,236
project/sim_ext.py --sim-time 1.5 --seq-graph project/file/graph_15_nodes.json --traffic project/file/traffic_15_nodes_random.json --inspection-rate 0.001 --mess-rate 0.002 --algorithm shortest,0.438590000001,0,133,95,88,63,45,371,76,130,0,67,121,0,0,127,103,214,78,217,88,0,0,112,165,234,202,56,0,50,0,196,0,0,280,227,0,461,511,471,197,369,379,386,236
project/sim_ext.py --sim-time 1.5 --seq-graph project/file/graph_15_nodes.json --traffic project/file/traffic_15_nodes_random.json --inspection-rate 0.001 --mess-rate 0.002 --algorithm shortest,0.439676799997,0,139,98,88,65,46,374,79,133,0,67,124,0,0,130,104,220,81,217,88,0,0,112,170,234,202,56,0,52,0,196,0,0,285,227,0,475,511,483,197,382,394,400,250
project/sim_ext.py --sim-time 1.5 --seq-graph project/file/graph_15_nodes.json --traffic project/file/traffic_15_nodes_random.json --inspection-rate 0.001 --mess-rate 0.002 --algorithm shortest,0.440743000001,0,139,101,89,65,46,375,81,141,0,68,126,0,0,133,108,220,82,221,88,0,0,112,175,234,202,57,0,52,0,196,0,0,286,227,0,490,529,491,209,388,400,411,265
project/sim_ext.py --sim-time 1.5 --seq-graph project/file/graph_15_nodes.json --traffic project/file/traffic_15_nodes_random.json --inspection-rate 0.001 --mess-rate 0.002 --algorithm shortest,0.441786599997,0,139,101,89,66,46,376,82,141,0,69,126,0,0,133,109,220,82,221,89,0,0,112,175,237,202,59,0,52,0,197,0,0,288,227,0,493,532,492,210,388,403,412,265
project/sim_ext.py --sim-time 1.5 --seq-graph project/file/graph_15_nodes.json --traffic project/file/traffic_15_nodes_random.json --inspection-rate 0.001 --mess-rate 0.002 --algorithm shortest,0.442951000001,0,140,102,90,67,46,377,82,141,0,69,126,0,0,135,109,222,82,223,89,0,0,112,175,238,203,60,0,52,0,200,0,0,290,235,0,498,532,493,214,391,404,414,265
project/sim_ext.py --sim-time 1.5 --seq-graph project/file/graph_15_nodes.json --traffic project/file/traffic_15_nodes_random.json --inspection-rate 0.001 --mess-rate 0.002 --algorithm shortest,0.44399333451729917,0,141,102,90,67,46,380,82,141,0,70,126,0,0,135,109,222,82,224,91,0,0,112,175,239,203,60,0,52,0,200,0,0,291,235,0,498,532,493,215,391,409,418,265
project/sim_ext.py --sim-time 1.5 --seq-graph project/file/graph_15_nodes.json --traffic project/file/traffic_15_nodes_random.json --inspection-rate 0.001 --mess-rate 0.002 --algorithm shortest,0.445103000001,0,141,103,90,67,46,380,82,142,0,70,126,0,0,135,109,223,82,224,92,0,0,112,175,240,203,60,0,52,0,200,0,0,291,236,0,498,532,493,216,397,410,418,265
project/sim_ext.py --sim-time 1.5 --seq-graph project/file/graph_15_nodes.json --traffic project/file/traffic_15_nodes_random.json --inspection-rate 0.001 --mess-rate 0.002 --algorithm shortest,0.446189799997,0,141,103,90,67,46,380,83,142,0,72,126,0,0,135,110,225,82,224,92,0,0,112,175,241,205,61,0,52,0,202,0,0,292,238,0,501,532,493,216,398,411,419,265
project/sim_ext.py --sim-time 1.5 --seq-graph project/file/graph_15_nodes.json --traffic project/file/traffic_15_nodes_random.json --inspection-rate 0.001 --mess-rate 0.002 --algorithm shortest,0.447352000001,0,142,103,90,69,46,384,83,142,0,73,126,0,0,140,110,226,83,227,93,0,0,112,180,241,205,61,0,52,0,203,0,0,294,238,0,504,532,493,226,400,414,425,270
project/sim_ext.py --sim-time 1.5 --seq-graph project/file/graph_15_nodes.json --traffic project/file/traffic_15_nodes_random.json --inspection-rate 0.001 --mess-rate 0.002 --algorithm shortest,0.448385000001,0,142,104,90,69,46,384,83,142,0,73,127,0,0,141,110,226,84,228,93,0,0,112,180,241,205,61,0,52,0,203,0,0,294,239,0,504,532,493,227,400,414,426,270
project/sim_ext.py --sim-time 1.5 --seq-graph project/file/graph_15_nodes.json --traffic project/file/traffic_15_nodes_random.json --inspection-rate 0.001 --mess-rate 0.002 --algorithm shortest,0.449624999974,0,146,105,90,69,46,385,83,143,0,73,128,0,0,141,110,226,84,228,93,0,0,112,180,241,205,61,0,52,0,203,0,0,294,239,0,504,532,493,231,403,417,426,270
project/sim_ext.py --sim-time 1.5 --seq-graph project/file/graph_15_nodes.json --traffic project/file/traffic_15_nodes_random.json --inspection-rate 0.001 --mess-rate 0.002 --algorithm shortest,0.450625000001,0,147,105,90,71,46,390,85,143,0,73,130,0,0,141,113,226,84,228,95,0,0,112,180,242,205,61,0,52,0,204,0,0,297,241,0,504,532,493,235,404,417,426,270
project/sim_ext.py --sim-time 1.5 --seq-graph project/file/graph_15_nodes.json --traffic project/file/traffic_15_nodes_random.json --inspection-rate 0.001 --mess-rate 0.002 --algorithm shortest,0.451667000001,0,147,107,90,71,46,392,85,143,0,73,131,0,0,141,113,226,84,233,95,0,0,112,180,246,205,61,0,52,0,206,0,0,297,243,0,504,532,493,235,407,417,426,270
project/sim_ext.py --sim-time 1.5 --seq-graph project/file/graph_15_nodes.json --traffic project/file/traffic_15_nodes_random.json --inspection-rate 0.001 --mess-rate 0.002 --algorithm shortest,0.452705000001,0,147,107,90,71,46,393,85,143,0,73,131,0,0,141,114,226,84,233,95,0,0,112,180,246,205,61,0,52,0,207,0,0,297,244,0,504,532,493,235,407,417,426,270
project/sim_ext.py --sim-time 1.5 --seq-graph project/file/graph_15_nodes.json --traffic project/file/traffic_15_nodes_random.json --inspection-rate 0.001 --mess-rate 0.002 --algorithm shortest,0.453715000001,0,147,107,90,71,46,394,87,143,0,73,131,0,0,141,117,226,84,233,96,0,0,112,180,246,205,61,0,52,0,207,0,0,298,246,0,504,532,493,235,407,417,426,270
project/sim_ext.py --sim-time 1.5 --seq-graph project/file/graph_15_nodes.json --traffic project/file/traffic_15_nodes_random.json --inspection-rate 0.001 --mess-rate 0.002 --algorithm shortest,0.454805000001,0,147,108,90,71,46,396,87,143,0,74,132,0,0,143,117,227,84,233,97,0,0,112,180,247,205,61,0,52,0,207,0,0,298,246,0,504,532,493,235,407,417,426,270
project/sim_ext.py --sim-time 1.5 --seq-graph project/file/graph_15_nodes.json --traffic project/file/traffic_15_nodes_random.json --inspection-rate 0.001 --mess-rate 0.002 --algorithm shortest,0.455808999997,0,147,108,90,71,46,397,89,143,0,74,133,0,0,144,117,228,84,233,97,0,0,112,180,248,205,61,0,52,0,207,0,0,298,247,0,504,532,493,235,407,417,426,270
project/sim_ext.py --sim-time 1.5 --seq-graph project/file/graph_15_nodes.json --traffic project/file/traffic_15_nodes_random.json --inspection-rate 0.001 --mess-rate 0.002 --algorithm shortest,0.4568132583696484,0,147,108,90,71,46,398,89,143,0,74,133,0,0,144,117,229,84,234,99,0,0,112,180,249,205,61,0,52,0,207,0,0,298,249,0,504,532,493,235,407,417,426,270
project/sim_ext.py --sim-time 1.5 --seq-graph project/file/graph_15_nodes.json --traffic project/file/traffic_15_nodes_random.json --inspection-rate 0.001 --mess-rate 0.002 --algorithm shortest,0.4578157665965648,0,147,108,90,71,46,398,89,143,0,74,133,0,0,144,117,230,84,234,99,0,0,112,180,251,206,61,0,52,0,209,0,0,298,250,0,504,532,493,235,407,417,426,270
project/sim_ext.py --sim-time 1.5 --seq-graph project/file/graph_15_nodes.json --traffic project/file/traffic_15_nodes_random.json --inspection-rate 0.001 --mess-rate 0.002 --algorithm shortest,0.458827599997,0,147,108,90,71,46,398,89,143,0,74,133,0,0,144,117,230,84,234,101,0,0,112,180,252,206,61,0,52,0,209,0,0,298,250,0,504,532,493,235,407,417,426,270
project/sim_ext.py --sim-time 1.5 --seq-graph project/file/graph_15_nodes.json --traffic project/file/traffic_15_nodes_random.json --inspection-rate 0.001 --mess-rate 0.002 --algorithm shortest,0.46030400000099997,0,147,108,90,71,46,400,89,143,0,74,133,0,0,144,117,230,84,234,101,0,0,112,180,253,207,61,0,52,0,211,0,0,298,252,0,504,532,493,235,407,417,426,270
project/sim_ext.py --sim-time 1.5 --seq-graph project/file/graph_15_nodes.json --traffic project/file/traffic_15_nodes_random.json --inspection-rate 0.001 --mess-rate 0.002 --algorithm shortest,0.46182227985972163,0,147,108,90,71,46,400,90,143,0,74,133,0,0,144,118,230,84,234,101,0,0,112,180,253,207,61,0,52,0,211,0,0,298,252,0,504,532,493,235,407,417,426,270
project/sim_ext.py --sim-time 1.5 --seq-graph project/file/graph_15_nodes.json --traffic project/file/traffic_15_nodes_random.json --inspection-rate 0.001 --mess-rate 0.002 --algorithm shortest,0.462911000001,0,147,108,90,71,46,404,90,143,0,74,135,0,0,144,120,230,84,234,101,0,0,112,180,253,207,61,0,52,0,211,0,0,298,252,0,504,532,493,235,407,417,426,270
project/sim_ext.py --sim-time 1.5 --seq-graph project/file/graph_15_nodes.json --traffic project/file/traffic_15_nodes_random.json --inspection-rate 0.001 --mess-rate 0.002 --algorithm shortest,0.463989000001,0,147,108,90,71,46,407,90,143,0,74,135,0,0,144,120,230,84,234,101,0,0,112,180,256,209,61,0,52,0,211,0,0,298,253,0,504,532,493,235,407,417,426,270
project/sim_ext.py --sim-time 1.5 --seq-graph project/file/graph_15_nodes.json --traffic project/file/traffic_15_nodes_random.json --inspection-rate 0.001 --mess-rate 0.002 --algorithm shortest,0.465089000001,0,147,108,90,71,46,407,90,143,0,74,135,0,0,144,120,230,84,234,101,0,0,112,180,257,212,61,0,52,0,211,0,0,298,253,0,504,532,493,235,407,417,426,270
project/sim_ext.py --sim-time 1.5 --seq-graph project/file/graph_15_nodes.json --traffic project/file/traffic_15_nodes_random.json --inspection-rate 0.001 --mess-rate 0.002 --algorithm shortest,0.466137000001,0,147,108,90,71,46,408,90,143,0,74,135,0,0,144,121,230,84,234,101,0,0,112,180,257,212,61,0,52,0,211,0,0,298,253,0,504,532,493,235,407,417,426,270
project/sim_ext.py --sim-time 1.5 --seq-graph project/file/graph_15_nodes.json --traffic project/file/traffic_15_nodes_random.json --inspection-rate 0.001 --mess-rate 0.002 --algorithm shortest,0.467163000001,0,147,108,90,71,46,408,90,143,0,74,135,0,0,144,121,230,84,237,101,0,0,112,180,257,213,61,0,52,0,211,0,0,298,253,0,504,532,493,235,407,417,426,270
project/sim_ext.py --sim-time 1.5 --seq-graph project/file/graph_15_nodes.json --traffic project/file/traffic_15_nodes_random.json --inspection-rate 0.001 --mess-rate 0.002 --algorithm shortest,0.468250000001,0,147,108,90,71,46,408,90,143,0,74,135,0,0,144,121,230,84,238,101,0,0,112,180,259,213,61,0,52,0,211,0,0,298,253,0,504,532,493,235,407,417,426,270
project/sim_ext.py --sim-time 1.5 --seq-graph project/file/graph_15_nodes.json --traffic project/file/traffic_15_nodes_random.json --inspection-rate 0.001 --mess-rate 0.002 --algorithm shortest,0.469253000001,0,147,108,90,71,46,408,90,143,0,74,135,0,0,144,122,230,84,240,101,0,0,112,180,259,213,61,0,52,0,211,0,0,298,253,0,504,532,493,235,407,417,426,270
project/sim_ext.py --sim-time 1.5 --seq-graph project/file/graph_15_nodes.json --traffic project/file/traffic_15_nodes_random.json --inspection-rate 0.001 --mess-rate 0.002 --algorithm shortest,0.470255999997,0,149,114,95,72,46,408,90,143,0,74,137,0,0,146,123,238,86,244,103,0,0,113,182,262,213,63,0,54,0,212,0,0,307,253,0,513,541,502,235,416,426,435,275
project/sim_ext.py --sim-time 1.5 --seq-graph project/file/graph_15_nodes.json --traffic project/file/traffic_15_nodes_random.json --inspection-rate 0.001 --mess-rate 0.002 --algorithm shortest,0.471390000001,0,152,116,97,72,46,408,90,145,0,77,137,0,0,147,123,239,86,245,104,0,0,121,184,265,213,63,0,54,0,213,0,0,311,253,0,531,564,522,235,425,445,450,283
project/sim_ext.py --sim-time 1.5 --seq-graph project/file/graph_15_nodes.json --traffic project/file/traffic_15_nodes_random.json --inspection-rate 0.001 --mess-rate 0.002 --algorithm shortest,0.472500000001,0,155,116,97,72,49,408,94,146,0,77,137,0,0,148,123,242,86,246,104,0,0,121,184,268,214,64,0,56,0,215,0,0,313,257,0,536,565,522,235,432,446,451,284
project/sim_ext.py --sim-time 1.5 --seq-graph project/file/graph_15_nodes.json --traffic project/file/traffic_15_nodes_random.json --inspection-rate 0.001 --mess-rate 0.002 --algorithm shortest,0.473507000001,0,158,117,97,73,49,408,94,149,0,77,137,0,0,149,123,243,88,246,105,0,0,124,186,269,214,64,0,56,0,218,0,0,316,259,0,542,568,528,235,433,451,451,287
project/sim_ext.py --sim-time 1.5 --seq-graph project/file/graph_15_nodes.json --traffic project/file/traffic_15_nodes_random.json --inspection-rate 0.001 --mess-rate 0.002 --algorithm shortest,0.47456499997,0,161,118,98,75,49,417,94,151,0,79,137,0,0,150,123,244,89,250,105,0,0,124,187,269,216,64,0,56,0,218,0,0,316,260,0,547,571,534,235,435,452,453,288
project/sim_ext.py --sim-time 1.5 --seq-graph project/file/graph_15_nodes.json --traffic project/file/traffic_15_nodes_random.json --inspection-rate 0.001 --mess-rate 0.002 --algorithm shortest,0.47559900000099997,0,161,118,98,75,49,418,94,151,0,79,137,0,0,150,123,244,89,250,105,0,0,124,189,271,217,65,0,56,0,219,0,0,319,260,0,550,572,534,235,439,458,458,288
project/sim_ext.py --sim-time 1.5 --seq-graph project/file/graph_15_nodes.json --traffic project/file/traffic_15_nodes_random.json --inspection-rate 0.001 --mess-rate 0.002 --algorithm shortest,0.476856000001,0,161,118,98,76,50,424,94,151,0,79,139,0,0,150,123,245,90,250,105,0,0,124,189,275,217,65,0,57,0,219,0,0,323,260,0,551,577,538,235,441,459,458,291
project/sim_ext.py --sim-time 1.5 --seq-graph project/file/graph_15_nodes.json --traffic project/file/traffic_15_nodes_random.json --inspection-rate 0.001 --mess-rate 0.002 --algorithm shortest,0.477884000001,0,161,118,99,76,51,426,94,151,0,79,139,0,0,150,123,246,90,250,105,0,0,124,191,277,218,67,0,57,0,221,0,0,323,262,0,554,579,538,235,441,459,459,293
project/sim_ext.py --sim-time 1.5 --seq-graph project/file/graph_15_nodes.json --traffic project/file/traffic_15_nodes_random.json --inspection-rate 0.001 --mess-rate 0.002 --algorithm shortest,0.47937159999699996,0,161,118,99,76,51,426,94,151,0,80,139,0,0,150,123,246,90,252,105,0,0,124,191,277,220,67,0,57,0,221,0,0,323,263,0,554,579,538,235,445,459,461,293
project/sim_ext.py --sim-time 1.5 --seq-graph project/file/graph_15_nodes.json --traffic project/file/traffic_15_nodes_random.json --inspection-rate 0.001 --mess-rate 0.002 --algorithm shortest,0.480737000001,0,161,118,99,76,51,427,94,151,0,80,139,0,0,150,123,246,90,252,105,0,0,124,191,277,220,67,0,57,0,221,0,0,323,263,0,554,579,538,235,445,459,461,293
project/sim_ext.py --sim-time 1.5 --seq-graph project/file/graph_15_nodes.json --traffic project/file/traffic_15_nodes_random.json --inspection-rate 0.001 --mess-rate 0.002 --algorithm shortest,0.481922000001,0,161,118,99,76,51,427,94,151,0,80,139,0,0,153,123,247,90,252,105,0,0,124,191,277,220,67,0,57,0,221,0,0,323,263,0,554,579,538,250,445,459,462,293
project/sim_ext.py --sim-time 1.5 --seq-graph project/file/graph_15_nodes.json --traffic project/file/traffic_15_nodes_random.json --inspection-rate 0.001 --mess-rate 0.002 --algorithm shortest,0.482927000001,0,161,118,99,76,51,428,94,151,0,80,139,0,0,154,123,247,90,252,105,0,0,124,194,277,220,67,0,57,0,221,0,0,323,263,0,554,579,538,251,445,459,462,294
project/sim_ext.py --sim-time 1.5 --seq-graph project/file/graph_15_nodes.json --traffic project/file/traffic_15_nodes_random.json --inspection-rate 0.001 --mess-rate 0.002 --algorithm shortest,0.48395000000099997,0,161,118,99,76,51,429,94,151,0,81,140,0,0,154,123,248,90,252,105,0,0,124,194,278,221,67,0,57,0,223,0,0,323,266,0,554,579,538,251,445,459,462,294
project/sim_ext.py --sim-time 1.5 --seq-graph project/file/graph_15_nodes.json --traffic project/file/traffic_15_nodes_random.json --inspection-rate 0.001 --mess-rate 0.002 --algorithm shortest,0.484980000001,0,161,118,99,76,51,429,94,151,0,81,140,0,0,154,123,248,90,252,105,0,0,124,194,278,221,67,0,57,0,223,0,0,323,267,0,554,579,538,251,445,459,462,294
project/sim_ext.py --sim-time 1.5 --seq-graph project/file/graph_15_nodes.json --traffic project/file/traffic_15_nodes_random.json --inspection-rate 0.001 --mess-rate 0.002 --algorithm shortest,0.486146000001,0,161,119,99,76,51,430,94,151,0,81,141,0,0,157,123,248,90,254,105,0,0,124,194,278,221,67,0,57,0,223,0,0,323,267,0,554,579,538,255,445,459,462,294
project/sim_ext.py --sim-time 1.5 --seq-graph project/file/graph_15_nodes.json --traffic project/file/traffic_15_nodes_random.json --inspection-rate 0.001 --mess-rate 0.002 --algorithm shortest,0.4871604124215957,0,161,122,99,76,51,432,94,151,0,81,142,0,0,157,123,248,90,254,105,0,0,124,194,278,221,67,0,57,0,223,0,0,323,267,0,554,579,538,255,445,459,462,294
project/sim_ext.py --sim-time 1.5 --seq-graph project/file/graph_15_nodes.json --traffic project/file/traffic_15_nodes_random.json --inspection-rate 0.001 --mess-rate 0.002 --algorithm shortest,0.48816800000099997,0,161,122,99,76,51,434,94,151,0,81,142,0,0,157,123,248,90,254,105,0,0,124,194,280,221,67,0,57,0,224,0,0,323,267,0,554,579,538,255,445,459,462,294
project/sim_ext.py --sim-time 1.5 --seq-graph project/file/graph_15_nodes.json --traffic project/file/traffic_15_nodes_random.json --inspection-rate 0.001 --mess-rate 0.002 --algorithm shortest,0.4895309650110786,0,161,122,99,76,51,435,94,151,0,81,142,0,0,159,123,248,90,254,105,0,0,124,194,280,221,67,0,57,0,224,0,0,323,268,0,554,579,538,256,445,459,462,294
project/sim_ext.py --sim-time 1.5 --seq-graph project/file/graph_15_nodes.json --traffic project/file/traffic_15_nodes_random.json --inspection-rate 0.001 --mess-rate 0.002 --algorithm shortest,0.49091100000099996,0,161,122,99,76,51,435,94,151,0,81,142,0,0,159,123,248,90,259,105,0,0,124,194,281,221,67,0,57,0,227,0,0,323,268,0,554,579,538,257,445,459,462,294
project/sim_ext.py --sim-time 1.5 --seq-graph project/file/graph_15_nodes.json --traffic project/file/traffic_15_nodes_random.json --inspection-rate 0.001 --mess-rate 0.002 --algorithm shortest,0.492122000001,0,161,122,99,76,51,437,94,151,0,81,146,0,0,159,123,248,90,259,105,0,0,124,194,281,221,67,0,57,0,227,0,0,323,268,0,554,579,538,257,445,459,462,294
project/sim_ext.py --sim-time 1.5 --seq-graph project/file/graph_15_nodes.json --traffic project/file/traffic_15_nodes_random.json --inspection-rate 0.001 --mess-rate 0.002 --algorithm shortest,0.493136000001,0,161,122,99,76,51,438,94,151,0,81,146,0,0,159,123,250,90,259,105,0,0,124,194,284,221,67,0,57,0,227,0,0,323,268,0,554,579,538,257,445,459,462,294
project/sim_ext.py --sim-time 1.5 --seq-graph project/file/graph_15_nodes.json --traffic project/file/traffic_15_nodes_random.json --inspection-rate 0.001 --mess-rate 0.002 --algorithm shortest,0.494343000001,0,161,122,99,76,51,438,94,151,0,81,146,0,0,159,123,250,90,259,105,0,0,124,194,285,221,67,0,57,0,228,0,0,323,268,0,554,579,538,257,445,459,462,294
project/sim_ext.py --sim-time 1.5 --seq-graph project/file/graph_15_nodes.json --traffic project/file/traffic_15_nodes_random.json --inspection-rate 0.001 --mess-rate 0.002 --algorithm shortest,0.495356000001,0,161,122,99,76,51,439,94,151,0,81,146,0,0,159,123,250,90,262,105,0,0,124,194,285,221,67,0,57,0,228,0,0,323,268,0,554,579,538,259,445,459,462,294
project/sim_ext.py --sim-time 1.5 --seq-graph project/file/graph_15_nodes.json --traffic project/file/traffic_15_nodes_random.json --inspection-rate 0.001 --mess-rate 0.002 --algorithm shortest,0.49637800000099996,0,161,122,99,76,51,440,94,151,0,81,146,0,0,159,123,250,90,262,105,0,0,124,194,285,225,67,0,57,0,228,0,0,323,269,0,554,579,538,259,445,459,462,294
project/sim_ext.py --sim-time 1.5 --seq-graph project/file/graph_15_nodes.json --traffic project/file/traffic_15_nodes_random.json --inspection-rate 0.001 --mess-rate 0.002 --algorithm shortest,0.497564799997,0,161,122,99,76,51,440,94,151,0,81,146,0,0,159,123,250,90,262,105,0,0,124,194,285,225,67,0,57,0,228,0,0,323,269,0,554,579,538,259,445,459,462,294
project/sim_ext.py --sim-time 1.5 --seq-graph project/file/graph_15_nodes.json --traffic project/file/traffic_15_nodes_random.json --inspection-rate 0.001 --mess-rate 0.002 --algorithm shortest,0.498632000001,0,161,122,99,76,51,441,94,151,0,81,146,0,0,159,123,250,90,263,105,0,0,124,194,287,226,67,0,57,0,228,0,0,323,273,0,554,579,538,259,445,459,462,294
project/sim_ext.py --sim-time 1.5 --seq-graph project/file/graph_15_nodes.json --traffic project/file/traffic_15_nodes_random.json --inspection-rate 0.001 --mess-rate 0.002 --algorithm shortest,0.4997157357581189,0,161,122,99,76,51,441,94,151,0,81,146,0,0,159,123,250,90,263,105,0,0,124,194,288,226,67,0,57,0,228,0,0,323,273,0,554,579,538,259,445,459,462,294
project/sim_ext.py --sim-time 1.5 --seq-graph project/file/graph_15_nodes.json --traffic project/file/traffic_15_nodes_random.json --inspection-rate 0.001 --mess-rate 0.002 --algorithm shortest,0.501039999997,0,165,128,100,77,52,445,95,154,0,83,150,0,0,160,124,258,96,263,106,0,0,129,199,290,229,68,0,61,0,233,0,0,325,274,0,565,590,549,259,456,470,473,295
project/sim_ext.py --sim-time 1.5 --seq-graph project/file/graph_15_nodes.json --traffic project/file/traffic_15_nodes_random.json --inspection-rate 0.001 --mess-rate 0.002 --algorithm shortest,0.502109000001,0,169,130,104,78,52,448,97,161,0,84,150,0,0,160,126,262,97,263,108,0,0,134,202,291,232,68,0,61,0,235,0,0,335,274,0,580,603,563,259,462,480,483,308
project/sim_ext.py --sim-time 1.5 --seq-graph project/file/graph_15_nodes.json --traffic project/file/traffic_15_nodes_random.json --inspection-rate 0.001 --mess-rate 0.002 --algorithm shortest,0.5036169999969999,0,170,130,105,79,53,451,97,165,0,85,152,0,0,161,126,263,97,265,108,0,0,135,202,294,233,70,0,62,0,236,0,0,338,274,0,582,613,567,259,467,486,487,312
project/sim_ext.py --sim-time 1.5 --seq-graph project/file/graph_15_nodes.json --traffic project/file/traffic_15_nodes_random.json --inspection-rate 0.001 --mess-rate 0.002 --algorithm shortest,0.504626000001,0,175,131,105,79,53,453,99,168,0,85,153,0,0,161,127,264,98,268,108,0,0,138,203,295,234,70,0,62,0,237,0,0,339,275,0,589,614,569,259,475,492,492,314
project/sim_ext.py --sim-time 1.5 --seq-graph project/file/graph_15_nodes.json --traffic project/file/traffic_15_nodes_random.json --inspection-rate 0.001 --mess-rate 0.002 --algorithm shortest,0.5056550000009999,0,175,132,106,79,53,454,99,168,0,86,153,0,0,161,127,265,98,268,108,0,0,139,203,295,234,71,0,62,0,237,0,0,343,277,0,590,619,571,259,475,497,492,316
project/sim_ext.py --sim-time 1.5 --seq-graph project/file/graph_15_nodes.json --traffic project/file/traffic_15_nodes_random.json --inspection-rate 0.001 --mess-rate 0.002 --algorithm shortest,0.5068130000009999,0,175,132,106,80,53,454,100,168,0,86,153,0,0,161,127,265,99,268,108,0,0,139,204,297,235,71,0,62,0,238,0,0,345,278,0,591,619,571,259,477,499,495,316
project/sim_ext.py --sim-time 1.5 --seq-graph project/file/graph_15_nodes.json --traffic project/file/traffic_15_nodes_random.json --inspection-rate 0.001 --mess-rate 0.002 --algorithm shortest,0.508030000001,0,175,132,106,83,53,454,100,168,0,86,153,0,0,161,127,265,99,270,108,0,0,139,204,299,235,72,0,62,0,240,0,0,345,278,0,592,619,571,259,480,500,497,316
project/sim_ext.py --sim-time 1.5 --seq-graph project/file/graph_15_nodes.json --traffic project/file/traffic_15_nodes_random.json --inspection-rate 0.001 --mess-rate 0.002 --algorithm shortest,0.509137000001,0,175,132,107,83,54,455,100,168,0,88,153,0,0,161,127,266,100,270,108,0,0,140,205,299,236,73,0,62,0,240,0,0,345,282,0,596,619,577,259,481,500,497,318
project/sim_ext.py --sim-time 1.5 --seq-graph project/file/graph_15_nodes.json --traffic project/file/traffic_15_nodes_random.json --inspection-rate 0.001 --mess-rate 0.002 --algorithm shortest,0.5101961999969999,0,175,132,107,83,54,455,100,168,0,89,153,0,0,161,127,271,100,271,108,0,0,140,205,299,236,73,0,63,0,240,0,0,345,283,0,596,619,578,259,481,500,499,318
project/sim_ext.py --sim-time 1.5 --seq-graph project/file/graph_15_nodes.json --traffic project/file/traffic_15_nodes_random.json --inspection-rate 0.001 --mess-rate 0.002 --algorithm shortest,0.5112716997978377,0,175,132,107,83,54,456,100,168,0,89,153,0,0,161,127,271,100,271,108,0,0,140,206,299,236,73,0,63,0,240,0,0,345,283,0,598,619,578,259,481,500,499,318
project/sim_ext.py --sim-time 1.5 --seq-graph project/file/graph_15_nodes.json --traffic project/file/traffic_15_nodes_random.json --inspection-rate 0.001 --mess-rate 0.002 --algorithm shortest,0.512405000001,0,175,132,107,83,54,456,100,168,0,89,153,0,0,164,127,272,100,271,108,0,0,140,210,303,236,73,0,63,0,241,0,0,345,283,0,599,619,578,259,481,500,499,320
project/sim_ext.py --sim-time 1.5 --seq-graph project/file/graph_15_nodes.json --traffic project/file/traffic_15_nodes_random.json --inspection-rate 0.001 --mess-rate 0.002 --algorithm shortest,0.513424999963,0,175,132,107,83,54,456,100,168,0,89,153,0,0,164,127,273,101,271,108,0,0,140,210,303,237,73,0,63,0,241,0,0,345,284,0,599,619,578,259,481,500,499,320
project/sim_ext.py --sim-time 1.5 --seq-graph project/file/graph_15_nodes.json --traffic project/file/traffic_15_nodes_random.json --inspection-rate 0.001 --mess-rate 0.002 --algorithm shortest,0.514775000001,0,175,132,107,83,54,456,100,168,0,89,153,0,0,164,127,274,101,271,108,0,0,140,210,303,238,73,0,63,0,241,0,0,345,285,0,599,619,578,259,481,500,499,320
project/sim_ext.py --sim-time 1.5 --seq-graph project/file/graph_15_nodes.json --traffic project/file/traffic_15_nodes_random.json --inspection-rate 0.001 --mess-rate 0.002 --algorithm shortest,0.515804000001,0,175,132,107,83,54,457,100,168,0,89,153,0,0,164,127,274,101,271,108,0,0,140,210,304,238,73,0,63,0,246,0,0,345,285,0,599,619,578,259,481,500,499,320
project/sim_ext.py --sim-time 1.5 --seq-graph project/file/graph_15_nodes.json --traffic project/file/traffic_15_nodes_random.json --inspection-rate 0.001 --mess-rate 0.002 --algorithm shortest,0.516846000001,0,175,132,107,83,54,457,100,168,0,89,155,0,0,164,127,274,101,272,108,0,0,140,210,305,238,73,0,63,0,247,0,0,345,285,0,599,619,578,259,481,500,499,320
project/sim_ext.py --sim-time 1.5 --seq-graph project/file/graph_15_nodes.json --traffic project/file/traffic_15_nodes_random.json --inspection-rate 0.001 --mess-rate 0.002 --algorithm shortest,0.517848000001,0,175,132,107,83,54,457,100,168,0,89,155,0,0,164,127,276,101,273,108,0,0,140,210,305,238,73,0,63,0,247,0,0,345,285,0,599,619,578,259,481,500,499,320
project/sim_ext.py --sim-time 1.5 --seq-graph project/file/graph_15_nodes.json --traffic project/file/traffic_15_nodes_random.json --inspection-rate 0.001 --mess-rate 0.002 --algorithm shortest,0.518894999959,0,175,132,107,83,54,461,100,168,0,89,155,0,0,166,127,277,101,273,108,0,0,140,210,305,240,73,0,63,0,247,0,0,345,286,0,599,619,578,259,481,500,499,320
project/sim_ext.py --sim-time 1.5 --seq-graph project/file/graph_15_nodes.json --traffic project/file/traffic_15_nodes_random.json --inspection-rate 0.001 --mess-rate 0.002 --algorithm shortest,0.520024000001,0,175,132,107,83,54,462,100,168,0,89,155,0,0,168,127,279,101,274,108,0,0,140,210,305,240,73,0,63,0,247,0,0,345,286,0,599,619,578,259,481,500,499,320
project/sim_ext.py --sim-time 1.5 --seq-graph project/file/graph_15_nodes.json --traffic project/file/traffic_15_nodes_random.json --inspection-rate 0.001 --mess-rate 0.002 --algorithm shortest,0.521043000001,0,175,132,107,83,54,462,100,168,0,89,155,0,0,168,127,280,101,275,108,0,0,140,210,306,240,73,0,63,0,247,0,0,345,286,0,599,619,578,259,481,500,499,320
project/sim_ext.py --sim-time 1.5 --seq-graph project/file/graph_15_nodes.json --traffic project/file/traffic_15_nodes_random.json --inspection-rate 0.001 --mess-rate 0.002 --algorithm shortest,0.5221060000009999,0,175,132,107,83,54,462,100,168,0,89,155,0,0,168,127,281,101,275,108,0,0,140,210,306,241,73,0,63,0,248,0,0,345,287,0,599,619,578,270,481,500,499,320
project/sim_ext.py --sim-time 1.5 --seq-graph project/file/graph_15_nodes.json --traffic project/file/traffic_15_nodes_random.json --inspection-rate 0.001 --mess-rate 0.002 --algorithm shortest,0.523232599997,0,175,132,107,83,54,462,100,168,0,89,155,0,0,168,127,281,101,275,108,0,0,140,210,308,244,73,0,63,0,249,0,0,345,288,0,599,619,578,271,481,500,499,320
project/sim_ext.py --sim-time 1.5 --seq-graph project/file/graph_15_nodes.json --traffic project/file/traffic_15_nodes_random.json --inspection-rate 0.001 --mess-rate 0.002 --algorithm shortest,0.5242699212472275,0,175,133,107,83,54,462,100,168,0,89,155,0,0,169,127,281,101,275,108,0,0,140,210,308,244,73,0,63,0,249,0,0,345,288,0,599,619,578,274,481,500,499,320
project/sim_ext.py --sim-time 1.5 --seq-graph project/file/graph_15_nodes.json --traffic project/file/traffic_15_nodes_random.json --inspection-rate 0.001 --mess-rate 0.002 --algorithm shortest,0.525310799997,0,175,133,107,83,54,463,100,168,0,89,155,0,0,171,127,281,101,276,108,0,0,140,210,310,245,73,0,63,0,251,0,0,345,288,0,599,619,578,274,481,500,499,320
project/sim_ext.py --sim-time 1.5 --seq-graph project/file/graph_15_nodes.json --traffic project/file/traffic_15_nodes_random.json --inspection-rate 0.001 --mess-rate 0.002 --algorithm shortest,0.526320000001,0,175,133,107,83,54,463,100,168,0,89,155,0,0,171,127,281,101,276,108,0,0,140,210,310,245,73,0,63,0,251,0,0,345,288,0,599,619,578,274,481,500,499,320
project/sim_ext.py --sim-time 1.5 --seq-graph project/file/graph_15_nodes.json --traffic project/file/traffic_15_nodes_random.json --inspection-rate 0.001 --mess-rate 0.002 --algorithm shortest,0.527424000001,0,175,133,107,83,54,463,100,168,0,89,155,0,0,171,127,281,101,276,108,0,0,140,210,310,247,73,0,63,0,251,0,0,345,288,0,599,619,578,274,481,500,499,320
project/sim_ext.py --sim-time 1.5 --seq-graph project/file/graph_15_nodes.json --traffic project/file/traffic_15_nodes_random.json --inspection-rate 0.001 --mess-rate 0.002 --algorithm shortest,0.528536000001,0,175,133,107,83,54,463,100,168,0,89,155,0,0,171,127,281,101,277,108,0,0,140,210,312,247,73,0,63,0,253,0,0,345,288,0,599,619,578,275,481,500,499,320
project/sim_ext.py --sim-time 1.5 --seq-graph project/file/graph_15_nodes.json --traffic project/file/traffic_15_nodes_random.json --inspection-rate 0.001 --mess-rate 0.002 --algorithm shortest,0.529565000001,0,175,133,107,83,54,464,100,168,0,89,155,0,0,171,127,281,101,277,108,0,0,140,210,312,247,73,0,63,0,253,0,0,345,288,0,599,619,578,275,481,500,499,320
project/sim_ext.py --sim-time 1.5 --seq-graph project/file/graph_15_nodes.json --traffic project/file/traffic_15_nodes_random.json --inspection-rate 0.001 --mess-rate 0.002 --algorithm shortest,0.530756000001,0,175,133,107,83,54,464,100,168,0,89,155,0,0,171,127,281,101,278,108,0,0,140,210,312,247,73,0,63,0,253,0,0,345,288,0,599,619,578,276,481,500,499,320
project/sim_ext.py --sim-time 1.5 --seq-graph project/file/graph_15_nodes.json --traffic project/file/traffic_15_nodes_random.json --inspection-rate 0.001 --mess-rate 0.002 --algorithm shortest,0.531993000001,0,175,133,107,83,54,465,100,168,0,89,155,0,0,171,127,281,101,278,108,0,0,140,210,312,248,73,0,63,0,253,0,0,345,290,0,599,619,578,277,481,500,499,320
project/sim_ext.py --sim-time 1.5 --seq-graph project/file/graph_15_nodes.json --traffic project/file/traffic_15_nodes_random.json --inspection-rate 0.001 --mess-rate 0.002 --algorithm shortest,0.5330400000009999,0,175,133,107,83,54,466,100,168,0,89,155,0,0,171,127,281,101,278,108,0,0,140,210,312,251,73,0,63,0,253,0,0,345,291,0,599,619,578,277,481,500,499,320
project/sim_ext.py --sim-time 1.5 --seq-graph project/file/graph_15_nodes.json --traffic project/file/traffic_15_nodes_random.json --inspection-rate 0.001 --mess-rate 0.002 --algorithm shortest,0.534170599997,0,175,133,107,83,54,466,100,168,0,89,157,0,0,171,127,281,101,280,108,0,0,140,210,312,251,73,0,63,0,253,0,0,345,291,0,599,619,578,278,481,500,499,320
project/sim_ext.py --sim-time 1.5 --seq-graph project/file/graph_15_nodes.json --traffic project/file/traffic_15_nodes_random.json --inspection-rate 0.001 --mess-rate 0.002 --algorithm shortest,0.535264999963,0,175,133,107,83,54,467,100,168,0,89,157,0,0,171,127,281,101,281,108,0,0,140,210,315,253,73,0,63,0,253,0,0,345,291,0,599,619,578,278,481,500,499,320
project/sim_ext.py --sim-time 1.5 --seq-graph project/file/graph_15_nodes.json --traffic project/file/traffic_15_nodes_random.json --inspection-rate 0.001 --mess-rate 0.002 --algorithm shortest,0.536267000001,0,175,133,107,83,54,467,100,168,0,89,157,0,0,171,127,281,101,281,108,0,0,140,210,315,254,73,0,63,0,253,0,0,345,291,0,599,619,578,278,481,500,499,320
project/sim_ext.py --sim-time 1.5 --seq-graph project/file/graph_15_nodes.json --traffic project/file/traffic_15_nodes_random.json --inspection-rate 0.001 --mess-rate 0.002 --algorithm shortest,0.537275000001,0,175,133,107,83,54,468,100,168,0,89,157,0,0,171,127,281,101,282,108,0,0,140,210,316,255,73,0,63,0,253,0,0,345,292,0,599,619,578,281,481,500,499,320
project/sim_ext.py --sim-time 1.5 --seq-graph project/file/graph_15_nodes.json --traffic project/file/traffic_15_nodes_random.json --inspection-rate 0.001 --mess-rate 0.002 --algorithm shortest,0.538586000001,0,175,133,107,83,54,469,100,168,0,89,157,0,0,171,127,281,101,282,108,0,0,140,210,316,257,73,0,63,0,253,0,0,345,293,0,599,619,578,282,481,500,499,320
project/sim_ext.py --sim-time 1.5 --seq-graph project/file/graph_15_nodes.json --traffic project/file/traffic_15_nodes_random.json --inspection-rate 0.001 --mess-rate 0.002 --algorithm shortest,0.539598000001,0,175,133,107,83,54,470,100,168,0,89,157,0,0,171,127,281,101,283,108,0,0,140,210,316,258,73,0,63,0,253,0,0,345,293,0,599,619,578,282,481,500,499,320
project/sim_ext.py --sim-time 1.5 --seq-graph project/file/graph_15_nodes.json --traffic project/file/traffic_15_nodes_random.json --inspection-rate 0.001 --mess-rate 0.002 --algorithm shortest,0.540624999967,0,175,133,107,83,54,470,100,168,0,89,157,0,0,171,127,281,101,283,108,0,0,140,210,317,258,73,0,63,0,254,0,0,345,293,0,599,619,578,282,481,500,499,320
project/sim_ext.py --sim-time 1.5 --seq-graph project/file/graph_15_nodes.json --traffic project/file/traffic_15_nodes_random.json --inspection-rate 0.001 --mess-rate 0.002 --algorithm shortest,0.541711999997,0,176,133,107,83,54,471,100,168,0,89,158,0,0,173,127,282,102,283,108,0,0,140,210,320,258,73,0,63,0,254,0,0,345,293,0,601,621,580,282,483,501,501,321
project/sim_ext.py --sim-time 1.5 --seq-graph project/file/graph_15_nodes.json --traffic project/file/traffic_15_nodes_random.json --inspection-rate 0.001 --mess-rate 0.002 --algorithm shortest,0.542714999959,0,182,140,109,83,54,473,101,176,0,90,162,0,0,175,130,293,105,285,108,0,0,148,215,324,258,76,0,65,0,258,0,0,354,293,0,626,656,598,282,500,523,524,332
project/sim_ext.py --sim-time 1.5 --seq-graph project/file/graph_15_nodes.json --traffic project/file/traffic_15_nodes_random.json --inspection-rate 0.001 --mess-rate 0.002 --algorithm shortest,0.544199000001,0,184,142,112,83,54,474,101,179,0,90,162,0,0,175,131,296,105,287,109,0,0,151,215,325,258,78,0,65,0,258,0,0,359,293,0,630,659,603,282,508,525,531,333
project/sim_ext.py --sim-time 1.5 --seq-graph project/file/graph_15_nodes.json --traffic project/file/traffic_15_nodes_random.json --inspection-rate 0.001 --mess-rate 0.002 --algorithm shortest,0.545376000001,0,185,144,113,84,54,476,101,180,0,90,162,0,0,175,131,297,106,287,109,0,0,154,215,325,259,79,0,66,0,258,0,0,365,296,0,633,667,611,282,508,530,534,335
project/sim_ext.py --sim-time 1.5 --seq-graph project/file/graph_15_nodes.json --traffic project/file/traffic_15_nodes_random.json --inspection-rate 0.001 --mess-rate 0.002 --algorithm shortest,0.5463950000009999,0,186,144,117,84,54,477,101,181,0,91,162,0,0,175,131,300,107,288,109,0,0,156,216,326,259,80,0,67,0,260,0,0,365,296,0,638,670,613,282,511,530,537,336
project/sim_ext.py --sim-time 1.5 --seq-graph project/file/graph_15_nodes.json --traffic project/file/traffic_15_nodes_random.json --inspection-rate 0.001 --mess-rate 0.002 --algorithm shortest,0.547416000001,0,186,144,117,85,54,480,101,181,0,92,163,0,0,177,132,300,107,288,110,0,0,156,216,326,259,82,0,67,0,260,0,0,365,299,0,639,670,616,282,512,533,537,337
project/sim_ext.py --sim-time 1.5 --seq-graph project/file/graph_15_nodes.json --traffic project/file/traffic_15_nodes_random.json --inspection-rate 0.001 --mess-rate 0.002 --algorithm shortest,0.548437000001,0,186,144,117,85,54,481,101,181,0,93,163,0,0,177,132,301,107,288,111,0,0,156,217,329,259,83,0,67,0,262,0,0,365,299,0,642,670,621,282,513,533,542,337
project/sim_ext.py --sim-time 1.5 --seq-graph project/file/graph_15_nodes.json --traffic project/file/traffic_15_nodes_random.json --inspection-rate 0.001 --mess-rate 0.002 --algorithm shortest,0.549461000001,0,186,144,117,85,54,481,101,181,0,93,163,0,0,177,132,301,107,288,112,0,0,156,217,329,259,83,0,67,0,265,0,0,365,299,0,642,670,622,282,514,533,542,337
project/sim_ext.py --sim-time 1.5 --seq-graph project/file/graph_15_nodes.json --traffic project/file/traffic_15_nodes_random.json --inspection-rate 0.001 --mess-rate 0.002 --algorithm shortest,0.550471000001,0,186,145,117,88,54,481,101,181,0,93,163,0,0,177,132,302,107,291,113,0,0,156,218,329,260,83,0,68,0,265,0,0,367,300,0,642,670,622,282,516,537,545,338
project/sim_ext.py --sim-time 1.5 --seq-graph project/file/graph_15_nodes.json --traffic project/file/traffic_15_nodes_random.json --inspection-rate 0.001 --mess-rate 0.002 --algorithm shortest,0.551764199997,0,186,145,117,88,54,485,101,181,0,93,163,0,0,177,132,302,109,291,113,0,0,156,219,329,260,83,0,68,0,265,0,0,367,300,0,642,670,622,282,516,538,545,339
project/sim_ext.py --sim-time 1.5 --seq-graph project/file/graph_15_nodes.json --traffic project/file/traffic_15_nodes_random.json --inspection-rate 0.001 --mess-rate 0.002 --algorithm shortest,0.552814000001,0,186,145,117,88,54,488,101,181,0,93,164,0,0,177,132,302,110,291,113,0,0,156,220,330,260,83,0,68,0,265,0,0,367,300,0,642,670,622,282,516,539,545,340
project/sim_ext.py --sim-time 1.5 --seq-graph project/file/graph_15_nodes.json --traffic project/file/traffic_15_nodes_random.json --inspection-rate 0.001 --mess-rate 0.002 --algorithm shortest,0.553897599997,0,186,145,117,88,54,488,101,181,0,93,164,0,0,177,133,302,110,291,113,0,0,156,221,331,261,83,0,68,0,265,0,0,367,302,0,642,670,622,282,516,539,545,340
project/sim_ext.py --sim-time 1.5 --seq-graph project/file/graph_15_nodes.json --traffic project/file/traffic_15_nodes_random.json --inspection-rate 0.001 --mess-rate 0.002 --algorithm shortest,0.554956000001,0,186,145,117,88,54,488,101,181,0,93,164,0,0,177,135,304,112,291,113,0,0,156,221,331,262,83,0,68,0,265,0,0,367,303,0,642,670,622,292,516,539,545,341
project/sim_ext.py --sim-time 1.5 --seq-graph project/file/graph_15_nodes.json --traffic project/file/traffic_15_nodes_random.json --inspection-rate 0.001 --mess-rate 0.002 --algorithm shortest,0.556000999997,0,186,145,117,88,54,488,101,181,0,93,164,0,0,178,135,304,113,293,113,0,0,156,221,332,262,83,0,68,0,265,0,0,367,303,0,642,670,622,292,516,539,545,343
project/sim_ext.py --sim-time 1.5 --seq-graph project/file/graph_15_nodes.json --traffic project/file/traffic_15_nodes_random.json --inspection-rate 0.001 --mess-rate 0.002 --algorithm shortest,0.557212799997,0,186,145,117,88,54,490,101,181,0,93,165,0,0,179,136,304,113,294,113,0,0,156,221,334,264,83,0,68,0,265,0,0,367,303,0,642,670,622,292,516,539,545,343
project/sim_ext.py --sim-time 1.5 --seq-graph project/file/graph_15_nodes.json --traffic project/file/traffic_15_nodes_random.json --inspection-rate 0.001 --mess-rate 0.002 --algorithm shortest,0.5583012674019489,0,186,149,117,88,54,492,102,181,0,93,167,0,0,179,136,304,113,294,116,0,0,156,221,335,266,83,0,68,0,266,0,0,370,303,0,642,670,622,293,516,539,545,343
project/sim_ext.py --sim-time 1.5 --seq-graph project/file/graph_15_nodes.json --traffic project/file/traffic_15_nodes_random.json --inspection-rate 0.001 --mess-rate 0.002 --algorithm shortest,0.5593888021313735,0,186,151,117,88,54,493,102,181,0,93,167,0,0,180,136,304,113,294,117,0,0,156,221,335,267,83,0,68,0,266,0,0,370,303,0,642,670,622,299,516,539,545,343
project/sim_ext.py --sim-time 1.5 --seq-graph project/file/graph_15_nodes.json --traffic project/file/traffic_15_nodes_random.json --inspection-rate 0.001 --mess-rate 0.002 --algorithm shortest,0.560442000001,0,186,152,117,88,54,493,103,181,0,93,167,0,0,181,137,304,113,295,117,0,0,156,221,335,269,83,0,68,0,266,0,0,370,303,0,642,670,622,300,516,539,545,343
project/sim_ext.py --sim-time 1.5 --seq-graph project/file/graph_15_nodes.json --traffic project/file/traffic_15_nodes_random.json --inspection-rate 0.001 --mess-rate 0.002 --algorithm shortest,0.561515000001,0,186,152,117,88,54,493,103,181,0,93,167,0,0,181,137,304,113,296,117,0,0,156,221,337,269,83,0,68,0,267,0,0,371,303,0,642,670,622,300,516,539,545,343
project/sim_ext.py --sim-time 1.5 --seq-graph project/file/graph_15_nodes.json --traffic project/file/traffic_15_nodes_random.json --inspection-rate 0.001 --mess-rate 0.002 --algorithm shortest,0.5625907373603224,0,186,152,117,88,54,493,103,181,0,93,167,0,0,181,139,304,113,296,117,0,0,156,221,338,270,83,0,68,0,268,0,0,371,306,0,642,670,622,300,516,539,545,343
project/sim_ext.py --sim-time 1.5 --seq-graph project/file/graph_15_nodes.json --traffic project/file/traffic_15_nodes_random.json --inspection-rate 0.001 --mess-rate 0.002 --algorithm shortest,0.563687000001,0,186,152,117,88,54,494,103,181,0,93,167,0,0,181,141,304,113,299,117,0,0,156,221,338,270,83,0,68,0,268,0,0,372,307,0,642,670,622,302,516,539,545,343
project/sim_ext.py --sim-time 1.5 --seq-graph project/file/graph_15_nodes.json --traffic project/file/traffic_15_nodes_random.json --inspection-rate 0.001 --mess-rate 0.002 --algorithm shortest,0.564756000001,0,186,152,117,88,54,494,103,181,0,93,167,0,0,181,141,304,113,299,123,0,0,156,221,338,270,83,0,68,0,268,0,0,374,307,0,642,670,622,304,516,539,545,343
project/sim_ext.py --sim-time 1.5 --seq-graph project/file/graph_15_nodes.json --traffic project/file/traffic_15_nodes_random.json --inspection-rate 0.001 --mess-rate 0.002 --algorithm shortest,0.565841000001,0,186,152,117,88,54,497,103,181,0,93,167,0,0,181,141,304,113,300,123,0,0,156,221,338,270,83,0,68,0,268,0,0,375,310,0,642,670,622,304,516,539,545,343
project/sim_ext.py --sim-time 1.5 --seq-graph project/file/graph_15_nodes.json --traffic project/file/traffic_15_nodes_random.json --inspection-rate 0.001 --mess-rate 0.002 --algorithm shortest,0.5668730000009999,0,186,152,117,88,54,498,104,181,0,93,167,0,0,181,141,304,113,300,124,0,0,156,221,338,270,83,0,68,0,268,0,0,376,310,0,642,670,622,305,516,539,545,343
project/sim_ext.py --sim-time 1.5 --seq-graph project/file/graph_15_nodes.json --traffic project/file/traffic_15_nodes_random.json --inspection-rate 0.001 --mess-rate 0.002 --algorithm shortest,0.567974000001,0,186,152,117,88,54,499,105,181,0,93,167,0,0,181,141,304,113,300,124,0,0,156,221,338,270,83,0,68,0,270,0,0,376,310,0,642,670,622,309,516,539,545,343
project/sim_ext.py --sim-time 1.5 --seq-graph project/file/graph_15_nodes.json --traffic project/file/traffic_15_nodes_random.json --inspection-rate 0.001 --mess-rate 0.002 --algorithm shortest,0.569049074737648,0,186,152,117,88,54,499,105,181,0,93,167,0,0,181,141,304,113,300,124,0,0,156,221,338,270,83,0,68,0,271,0,0,376,310,0,642,670,622,311,516,539,545,343
project/sim_ext.py --sim-time 1.5 --seq-graph project/file/graph_15_nodes.json --traffic project/file/traffic_15_nodes_random.json --inspection-rate 0.001 --mess-rate 0.002 --algorithm shortest,0.570376000001,0,186,152,117,88,54,499,106,181,0,93,167,0,0,181,144,304,113,303,124,0,0,156,221,338,270,83,0,68,0,272,0,0,376,310,0,642,670,622,312,516,539,545,343
project/sim_ext.py --sim-time 1.5 --seq-graph project/file/graph_15_nodes.json --traffic project/file/traffic_15_nodes_random.json --inspection-rate 0.001 --mess-rate 0.002 --algorithm shortest,0.571520000001,0,186,152,117,88,54,499,106,181,0,93,167,0,0,181,144,304,113,303,124,0,0,156,221,338,271,83,0,68,0,272,0,0,377,311,0,642,670,622,312,516,539,545,343
project/sim_ext.py --sim-time 1.5 --seq-graph project/file/graph_15_nodes.json --traffic project/file/traffic_15_nodes_random.json --inspection-rate 0.001 --mess-rate 0.002 --algorithm shortest,0.5726729999969999,0,189,158,118,90,54,499,106,181,0,93,169,0,0,183,144,313,113,306,127,0,0,158,227,339,272,86,0,68,0,272,0,0,378,315,0,651,679,631,312,525,548,554,347
project/sim_ext.py --sim-time 1.5 --seq-graph project/file/graph_15_nodes.json --traffic project/file/traffic_15_nodes_random.json --inspection-rate 0.001 --mess-rate 0.002 --algorithm shortest,0.573738000001,0,196,160,121,91,56,505,108,186,0,94,170,0,0,185,144,320,116,308,127,0,0,164,230,339,272,86,0,69,0,272,0,0,381,319,0,668,700,651,312,543,561,562,351
project/sim_ext.py --sim-time 1.5 --seq-graph project/file/graph_15_nodes.json --traffic project/file/traffic_15_nodes_random.json --inspection-rate 0.001 --mess-rate 0.002 --algorithm shortest,0.574766000001,0,198,160,122,91,57,505,108,189,0,95,170,0,0,185,144,321,117,309,127,0,0,165,230,339,272,88,0,69,0,273,0,0,381,320,0,676,703,652,312,548,563,562,354
project/sim_ext.py --sim-time 1.5 --seq-graph project/file/graph_15_nodes.json --traffic project/file/traffic_15_nodes_random.json --inspection-rate 0.001 --mess-rate 0.002 --algorithm shortest,0.575772799997,0,201,160,123,92,57,509,108,192,0,95,172,0,0,185,144,322,118,310,127,0,0,167,231,339,272,90,0,69,0,273,0,0,381,320,0,677,709,658,312,549,564,562,356
project/sim_ext.py --sim-time 1.5 --seq-graph project/file/graph_15_nodes.json --traffic project/file/traffic_15_nodes_random.json --inspection-rate 0.001 --mess-rate 0.002 --algorithm shortest,0.576862000001,0,202,162,124,92,58,510,109,192,0,96,172,0,0,187,146,325,119,310,129,0,0,168,231,339,274,91,0,71,0,273,0,0,384,321,0,683,711,662,312,551,568,569,359
project/sim_ext.py --sim-time 1.5 --seq-graph project/file/graph_15_nodes.json --traffic project/file/traffic_15_nodes_random.json --inspection-rate 0.001 --mess-rate 0.002 --algorithm shortest,0.578080000001,0,203,162,124,93,58,510,109,192,0,96,173,0,0,187,146,328,119,311,129,0,0,168,231,339,274,91,0,72,0,273,0,0,384,321,0,683,716,665,312,554,568,571,360
project/sim_ext.py --sim-time 1.5 --seq-graph project/file/graph_15_nodes.json --traffic project/file/traffic_15_nodes_random.json --inspection-rate 0.001 --mess-rate 0.002 --algorithm shortest,0.579235199997,0,203,163,126,93,58,514,111,192,0,97,174,0,0,187,147,328,119,312,129,0,0,169,231,342,274,91,0,72,0,277,0,0,389,321,0,687,717,665,312,555,569,573,361
project/sim_ext.py --sim-time 1.5 --seq-graph project/file/graph_15_nodes.json --traffic project/file/traffic_15_nodes_random.json --inspection-rate 0.001 --mess-rate 0.002 --algorithm shortest,0.580447000001,0,203,164,126,93,58,515,111,192,0,97,174,0,0,188,147,329,119,312,130,0,0,169,231,343,274,91,0,72,0,277,0,0,390,321,0,687,717,665,312,555,572,576,361
project/sim_ext.py --sim-time 1.5 --seq-graph project/file/graph_15_nodes.json --traffic project/file/traffic_15_nodes_random.json --inspection-rate 0.001 --mess-rate 0.002 --algorithm shortest,0.581634999955,0,203,165,126,93,58,517,111,192,0,100,175,0,0,189,148,330,120,318,131,0,0,169,234,343,274,91,0,72,0,277,0,0,394,321,0,687,717,665,312,555,574,576,363
project/sim_ext.py --sim-time 1.5 --seq-graph project/file/graph_15_nodes.json --traffic project/file/traffic_15_nodes_random.json --inspection-rate 0.001 --mess-rate 0.002 --algorithm shortest,0.582705000001,0,203,166,126,93,58,517,111,192,0,101,176,0,0,189,148,330,120,318,133,0,0,169,238,343,274,91,0,72,0,277,0,0,395,321,0,687,717,665,312,555,575,581,363
project/sim_ext.py --sim-time 1.5 --seq-graph project/file/graph_15_nodes.json --traffic project/file/traffic_15_nodes_random.json --inspection-rate 0.001 --mess-rate 0.002 --algorithm shortest,0.583864399997,0,203,166,126,94,58,519,111,192,0,101,177,0,0,190,150,330,120,319,133,0,0,169,238,343,274,91,0,72,0,277,0,0,397,321,0,687,717,665,312,555,575,581,363
project/sim_ext.py --sim-time 1.5 --seq-graph project/file/graph_15_nodes.json --traffic project/file/traffic_15_nodes_random.json --inspection-rate 0.001 --mess-rate 0.002 --algorithm shortest,0.5849150000009999,0,203,166,126,94,58,519,111,192,0,101,177,0,0,190,152,330,120,319,133,0,0,169,238,343,275,91,0,72,0,277,0,0,401,329,0,687,717,665,312,555,575,582,363
project/sim_ext.py --sim-time 1.5 --seq-graph project/file/graph_15_nodes.json --traffic project/file/traffic_15_nodes_random.json --inspection-rate 0.001 --mess-rate 0.002 --algorithm shortest,0.586064999959,0,203,167,126,94,58,519,111,192,0,101,177,0,0,190,152,330,120,319,133,0,0,169,238,344,275,91,0,72,0,283,0,0,402,330,0,687,717,665,312,555,575,584,363
project/sim_ext.py --sim-time 1.5 --seq-graph project/file/graph_15_nodes.json --traffic project/file/traffic_15_nodes_random.json --inspection-rate 0.001 --mess-rate 0.002 --algorithm shortest,0.587155000001,0,203,167,126,94,58,519,111,192,0,101,177,0,0,190,155,330,120,319,133,0,0,169,238,344,275,91,0,72,0,283,0,0,403,330,0,687,717,665,312,555,575,584,363
project/sim_ext.py --sim-time 1.5 --seq-graph project/file/graph_15_nodes.json --traffic project/file/traffic_15_nodes_random.json --inspection-rate 0.001 --mess-rate 0.002 --algorithm shortest,0.588312000001,0,203,168,126,94,58,519,114,192,0,101,177,0,0,195,156,330,120,326,135,0,0,169,238,345,275,91,0,72,0,283,0,0,403,330,0,687,717,665,312,555,575,584,363
project/sim_ext.py --sim-time 1.5 --seq-graph project/file/graph_15_nodes.json --traffic project/file/traffic_15_nodes_random.json --inspection-rate 0.001 --mess-rate 0.002 --algorithm shortest,0.589734000001,0,203,168,126,94,58,521,114,192,0,101,177,0,0,195,156,330,120,327,138,0,0,169,238,346,275,91,0,72,0,284,0,0,403,330,0,687,717,665,312,555,575,584,363
project/sim_ext.py --sim-time 1.5 --seq-graph project/file/graph_15_nodes.json --traffic project/file/traffic_15_nodes_random.json --inspection-rate 0.001 --mess-rate 0.002 --algorithm shortest,0.591107199997,0,203,168,126,94,58,521,115,192,0,101,177,0,0,195,157,330,120,328,138,0,0,169,238,346,281,91,0,72,0,285,0,0,403,331,0,687,717,665,312,555,575,584,363
project/sim_ext.py --sim-time 1.5 --seq-graph project/file/graph_15_nodes.json --traffic project/file/traffic_15_nodes_random.json --inspection-rate 0.001 --mess-rate 0.002 --algorithm shortest,0.5921447046941318,0,203,168,126,94,58,522,115,192,0,101,177,0,0,195,159,330,120,331,138,0,0,169,238,346,281,91,0,72,0,286,0,0,403,331,0,687,717,665,312,555,575,584,363
project/sim_ext.py --sim-time 1.5 --seq-graph project/file/graph_15_nodes.json --traffic project/file/traffic_15_nodes_random.json --inspection-rate 0.001 --mess-rate 0.002 --algorithm shortest,0.593167000001,0,203,168,126,94,58,522,115,192,0,101,177,0,0,195,159,330,120,333,138,0,0,169,238,346,281,91,0,72,0,288,0,0,406,331,0,687,717,665,312,555,575,584,363
project/sim_ext.py --sim-time 1.5 --seq-graph project/file/graph_15_nodes.json --traffic project/file/traffic_15_nodes_random.json --inspection-rate 0.001 --mess-rate 0.002 --algorithm shortest,0.594186000001,0,203,168,126,94,58,523,115,192,0,101,177,0,0,195,159,330,120,333,138,0,0,169,238,346,282,91,0,72,0,289,0,0,406,333,0,687,717,665,312,555,575,584,363
project/sim_ext.py --sim-time 1.5 --seq-graph project/file/graph_15_nodes.json --traffic project/file/traffic_15_nodes_random.json --inspection-rate 0.001 --mess-rate 0.002 --algorithm shortest,0.595300000001,0,203,168,126,94,58,523,115,192,0,101,177,0,0,195,160,330,120,333,138,0,0,169,238,346,282,91,0,72,0,289,0,0,406,333,0,687,717,665,320,555,575,584,363
project/sim_ext.py --sim-time 1.5 --seq-graph project/file/graph_15_nodes.json --traffic project/file/traffic_15_nodes_random.json --inspection-rate 0.001 --mess-rate 0.002 --algorithm shortest,0.596457599997,0,203,168,126,94,58,523,115,192,0,101,177,0,0,195,160,330,120,333,138,0,0,169,238,346,282,91,0,72,0,289,0,0,406,333,0,687,717,665,322,555,575,584,363
project/sim_ext.py --sim-time 1.5 --seq-graph project/file/graph_15_nodes.json --traffic project/file/traffic_15_nodes_random.json --inspection-rate 0.001 --mess-rate 0.002 --algorithm shortest,0.597485000001,0,203,168,126,94,58,525,115,192,0,101,177,0,0,195,160,330,120,333,140,0,0,169,238,346,282,91,0,72,0,289,0,0,407,333,0,687,717,665,324,555,575,584,363
project/sim_ext.py --sim-time 1.5 --seq-graph project/file/graph_15_nodes.json --traffic project/file/traffic_15_nodes_random.json --inspection-rate 0.001 --mess-rate 0.002 --algorithm shortest,0.5985235021556641,0,203,168,126,94,58,525,115,192,0,101,177,0,0,195,160,330,120,333,140,0,0,169,238,346,282,91,0,72,0,290,0,0,407,333,0,687,717,665,324,555,575,584,363
project/sim_ext.py --sim-time 1.5 --seq-graph project/file/graph_15_nodes.json --traffic project/file/traffic_15_nodes_random.json --inspection-rate 0.001 --mess-rate 0.002 --algorithm shortest,0.599524000001,0,203,168,126,94,58,525,115,192,0,101,177,0,0,195,162,330,120,334,140,0,0,169,238,346,282,91,0,72,0,290,0,0,407,333,0,687,717,665,325,555,575,584,363
project/sim_ext.py --sim-time 1.5 --seq-graph project/file/graph_15_nodes.json --traffic project/file/traffic_15_nodes_random.json --inspection-rate 0.001 --mess-rate 0.002 --algorithm shortest,0.600570000001,0,203,168,126,94,58,525,115,192,0,101,177,0,0,195,162,330,120,335,140,0,0,169,238,346,282,91,0,72,0,291,0,0,407,333,0,687,717,665,325,555,575,584,363
project/sim_ext.py --sim-time 1.5 --seq-graph project/file/graph_15_nodes.json --traffic project/file/traffic_15_nodes_random.json --inspection-rate 0.001 --mess-rate 0.002 --algorithm shortest,0.601599000001,0,203,168,126,94,58,526,115,192,0,101,177,0,0,195,163,330,120,335,140,0,0,169,238,346,282,91,0,72,0,291,0,0,407,333,0,687,717,665,325,555,575,584,363
project/sim_ext.py --sim-time 1.5 --seq-graph project/file/graph_15_nodes.json --traffic project/file/traffic_15_nodes_random.json --inspection-rate 0.001 --mess-rate 0.002 --algorithm shortest,0.6026149999479999,0,203,168,126,94,58,526,115,192,0,101,177,0,0,195,163,330,120,335,140,0,0,169,238,346,282,91,0,72,0,292,0,0,407,333,0,687,717,665,325,555,575,584,363
project/sim_ext.py --sim-time 1.5 --seq-graph project/file/graph_15_nodes.json --traffic project/file/traffic_15_nodes_random.json --inspection-rate 0.001 --mess-rate 0.002 --algorithm shortest,0.603929999959,0,210,172,129,94,59,526,117,203,0,101,180,0,0,196,163,330,124,335,142,0,0,182,241,348,284,94,0,73,0,293,0,0,408,334,0,716,736,683,339,576,596,584,371
project/sim_ext.py --sim-time 1.5 --seq-graph project/file/graph_15_nodes.json --traffic project/file/traffic_15_nodes_random.json --inspection-rate 0.001 --mess-rate 0.002 --algorithm shortest,0.604931000001,0,210,172,129,94,59,526,117,205,0,101,180,0,0,196,163,330,124,335,142,0,0,184,241,348,284,94,0,73,0,293,0,0,412,334,0,719,744,685,339,576,596,584,371
project/sim_ext.py --sim-time 1.5 --seq-graph project/file/graph_15_nodes.json --traffic project/file/traffic_15_nodes_random.json --inspection-rate 0.001 --mess-rate 0.002 --algorithm shortest,0.606057599997,0,213,172,129,94,62,536,117,206,0,101,180,0,0,196,163,330,124,336,142,0,0,186,241,348,285,94,0,73,0,296,0,0,412,337,0,722,746,689,342,582,596,584,372
project/sim_ext.py --sim-time 1.5 --seq-graph project/file/graph_15_nodes.json --traffic project/file/traffic_15_nodes_random.json --inspection-rate 0.001 --mess-rate 0.002 --algorithm shortest,0.607064000001,0,216,173,131,95,62,537,117,207,0,101,180,0,0,196,163,330,124,337,142,0,0,187,247,349,285,95,0,74,0,299,0,0,412,338,0,731,750,694,348,583,606,584,377
project/sim_ext.py --sim-time 1.5 --seq-graph project/file/graph_15_nodes.json --traffic project/file/traffic_15_nodes_random.json --inspection-rate 0.001 --mess-rate 0.002 --algorithm shortest,0.6084430000009999,0,216,173,131,95,62,537,117,207,0,101,180,0,0,196,163,330,124,339,142,0,0,187,247,351,285,95,0,75,0,300,0,0,412,340,0,731,754,697,348,587,607,584,380
project/sim_ext.py --sim-time 1.5 --seq-graph project/file/graph_15_nodes.json --traffic project/file/traffic_15_nodes_random.json --inspection-rate 0.001 --mess-rate 0.002 --algorithm shortest,0.609466000001,0,216,173,131,95,62,537,117,207,0,101,182,0,0,196,163,330,124,340,142,0,0,187,248,351,285,95,0,75,0,302,0,0,412,340,0,731,755,700,348,588,607,584,380
project/sim_ext.py --sim-time 1.5 --seq-graph project/file/graph_15_nodes.json --traffic project/file/traffic_15_nodes_random.json --inspection-rate 0.001 --mess-rate 0.002 --algorithm shortest,0.610610000001,0,216,175,131,97,62,539,120,207,0,101,182,0,0,197,168,330,126,343,147,0,0,187,249,352,285,95,0,75,0,302,0,0,418,340,0,735,758,704,348,589,609,584,381
project/sim_ext.py --sim-time 1.5 --seq-graph project/file/graph_15_nodes.json --traffic project/file/traffic_15_nodes_random.json --inspection-rate 0.001 --mess-rate 0.002 --algorithm shortest,0.611687000001,0,216,175,131,97,62,540,120,207,0,101,182,0,0,197,168,330,126,345,148,0,0,187,251,353,285,95,0,76,0,302,0,0,420,340,0,735,759,704,348,592,610,584,381
project/sim_ext.py --sim-time 1.5 --seq-graph project/file/graph_15_nodes.json --traffic project/file/traffic_15_nodes_random.json --inspection-rate 0.001 --mess-rate 0.002 --algorithm shortest,0.6128721783355316,0,216,178,131,97,62,540,120,207,0,101,182,0,0,197,168,330,126,346,149,0,0,187,251,354,285,95,0,76,0,303,0,0,422,340,0,735,759,704,348,593,610,584,381
project/sim_ext.py --sim-time 1.5 --seq-graph project/file/graph_15_nodes.json --traffic project/file/traffic_15_nodes_random.json --inspection-rate 0.001 --mess-rate 0.002 --algorithm shortest,0.613875000001,0,216,178,131,97,62,540,120,207,0,103,182,0,0,197,169,339,126,346,149,0,0,187,255,354,285,95,0,76,0,303,0,0,422,340,0,735,759,704,348,593,611,595,382
project/sim_ext.py --sim-time 1.5 --seq-graph project/file/graph_15_nodes.json --traffic project/file/traffic_15_nodes_random.json --inspection-rate 0.001 --mess-rate 0.002 --algorithm shortest,0.614967000001,0,216,178,131,97,62,541,120,207,0,103,184,0,0,197,169,340,126,346,149,0,0,187,256,354,287,95,0,76,0,303,0,0,424,341,0,735,759,704,348,593,611,597,382
project/sim_ext.py --sim-time 1.5 --seq-graph project/file/graph_15_nodes.json --traffic project/file/traffic_15_nodes_random.json --inspection-rate 0.001 --mess-rate 0.002 --algorithm shortest,0.616002000001,0,216,181,131,97,62,542,120,207,0,103,184,0,0,197,169,341,126,346,149,0,0,187,256,354,287,95,0,76,0,303,0,0,424,341,0,735,759,704,348,593,611,598,382
project/sim_ext.py --sim-time 1.5 --seq-graph project/file/graph_15_nodes.json --traffic project/file/traffic_15_nodes_random.json --inspection-rate 0.001 --mess-rate 0.002 --algorithm shortest,0.617023000001,0,216,181,131,97,62,542,121,207,0,103,184,0,0,197,170,343,126,348,150,0,0,187,256,356,287,95,0,76,0,310,0,0,425,341,0,735,759,704,348,593,611,602,384
project/sim_ext.py --sim-time 1.5 --seq-graph project/file/graph_15_nodes.json --traffic project/file/traffic_15_nodes_random.json --inspection-rate 0.001 --mess-rate 0.002 --algorithm shortest,0.618095000001,0,216,181,131,97,62,542,121,207,0,103,184,0,0,198,170,344,126,349,150,0,0,187,256,356,287,95,0,76,0,310,0,0,425,341,0,735,759,704,348,593,611,605,384
project/sim_ext.py --sim-time 1.5 --seq-graph project/file/graph_15_nodes.json --traffic project/file/traffic_15_nodes_random.json --inspection-rate 0.001 --mess-rate 0.002 --algorithm shortest,0.619263000001,0,216,181,131,97,62,545,121,207,0,103,185,0,0,199,170,344,126,350,150,0,0,187,256,356,288,95,0,76,0,311,0,0,425,343,0,735,759,704,348,593,611,606,384
project/sim_ext.py --sim-time 1.5 --seq-graph project/file/graph_15_nodes.json --traffic project/file/traffic_15_nodes_random.json --inspection-rate 0.001 --mess-rate 0.002 --algorithm shortest,0.620496000001,0,216,181,131,97,62,546,122,207,0,103,187,0,0,199,175,344,126,351,152,0,0,187,256,356,288,95,0,76,0,312,0,0,430,345,0,735,759,704,348,593,611,608,384
project/sim_ext.py --sim-time 1.5 --seq-graph project/file/graph_15_nodes.json --traffic project/file/traffic_15_nodes_random.json --inspection-rate 0.001 --mess-rate 0.002 --algorithm shortest,0.621831000001,0,216,183,131,97,62,549,122,207,0,103,188,0,0,200,175,344,126,351,153,0,0,187,256,356,289,95,0,76,0,312,0,0,431,346,0,735,759,704,348,593,611,610,384
project/sim_ext.py --sim-time 1.5 --seq-graph project/file/graph_15_nodes.json --traffic project/file/traffic_15_nodes_random.json --inspection-rate 0.001 --mess-rate 0.002 --algorithm shortest,0.623035000001,0,216,183,131,97,62,549,122,207,0,103,189,0,0,200,175,344,126,351,153,0,0,187,256,359,289,95,0,76,0,312,0,0,431,346,0,735,759,704,348,593,611,614,384
project/sim_ext.py --sim-time 1.5 --seq-graph project/file/graph_15_nodes.json --traffic project/file/traffic_15_nodes_random.json --inspection-rate 0.001 --mess-rate 0.002 --algorithm shortest,0.624425000001,0,216,183,131,97,62,549,122,207,0,103,189,0,0,200,175,344,126,352,153,0,0,187,256,360,289,95,0,76,0,314,0,0,431,346,0,735,759,704,348,593,611,618,384
project/sim_ext.py --sim-time 1.5 --seq-graph project/file/graph_15_nodes.json --traffic project/file/traffic_15_nodes_random.json --inspection-rate 0.001 --mess-rate 0.002 --algorithm shortest,0.6254857999969999,0,216,183,131,97,62,549,122,207,0,104,189,0,0,200,175,345,126,352,153,0,0,187,256,360,289,95,0,76,0,314,0,0,431,346,0,735,759,704,348,593,611,618,384
project/sim_ext.py --sim-time 1.5 --seq-graph project/file/graph_15_nodes.json --traffic project/file/traffic_15_nodes_random.json --inspection-rate 0.001 --mess-rate 0.002 --algorithm shortest,0.626549000001,0,216,183,131,97,62,550,122,207,0,106,189,0,0,200,176,345,126,353,153,0,0,187,256,361,289,95,0,76,0,315,0,0,431,346,0,735,759,704,348,593,611,618,384
project/sim_ext.py --sim-time 1.5 --seq-graph project/file/graph_15_nodes.json --traffic project/file/traffic_15_nodes_random.json --inspection-rate 0.001 --mess-rate 0.002 --algorithm shortest,0.62758747443404,0,216,183,131,97,62,550,122,207,0,106,189,0,0,200,177,345,126,353,153,0,0,187,256,363,289,95,0,76,0,315,0,0,431,346,0,735,759,704,348,593,611,618,384
project/sim_ext.py --sim-time 1.5 --seq-graph project/file/graph_15_nodes.json --traffic project/file/traffic_15_nodes_random.json --inspection-rate 0.001 --mess-rate 0.002 --algorithm shortest,0.6287271678091713,0,216,183,131,97,62,552,122,207,0,106,189,0,0,200,177,345,126,354,153,0,0,187,256,363,289,95,0,76,0,315,0,0,431,346,0,735,759,704,348,593,611,618,384
project/sim_ext.py --sim-time 1.5 --seq-graph project/file/graph_15_nodes.json --traffic project/file/traffic_15_nodes_random.json --inspection-rate 0.001 --mess-rate 0.002 --algorithm shortest,0.6298112518490361,0,216,183,131,97,62,552,122,207,0,106,189,0,0,200,177,345,126,354,153,0,0,187,256,363,289,95,0,76,0,315,0,0,431,346,0,735,759,704,348,593,611,618,384
project/sim_ext.py --sim-time 1.5 --seq-graph project/file/graph_15_nodes.json --traffic project/file/traffic_15_nodes_random.json --inspection-rate 0.001 --mess-rate 0.002 --algorithm shortest,0.631154999959,0,216,183,131,97,62,552,122,207,0,106,189,0,0,200,179,345,126,354,153,0,0,187,256,363,290,95,0,76,0,316,0,0,431,347,0,735,759,704,348,593,611,618,384
project/sim_ext.py --sim-time 1.5 --seq-graph project/file/graph_15_nodes.json --traffic project/file/traffic_15_nodes_random.json --inspection-rate 0.001 --mess-rate 0.002 --algorithm shortest,0.632243000001,0,216,183,131,97,62,552,122,207,0,106,189,0,0,200,180,345,126,354,153,0,0,187,256,364,290,95,0,76,0,319,0,0,431,352,0,735,759,704,348,593,611,618,384
project/sim_ext.py --sim-time 1.5 --seq-graph project/file/graph_15_nodes.json --traffic project/file/traffic_15_nodes_random.json --inspection-rate 0.001 --mess-rate 0.002 --algorithm shortest,0.633259199997,0,216,183,131,97,62,554,122,207,0,106,189,0,0,200,180,350,126,354,153,0,0,187,256,364,290,95,0,76,0,319,0,0,431,352,0,735,759,704,358,593,611,618,384
project/sim_ext.py --sim-time 1.5 --seq-graph project/file/graph_15_nodes.json --traffic project/file/traffic_15_nodes_random.json --inspection-rate 0.001 --mess-rate 0.002 --algorithm shortest,0.634290000001,0,216,183,131,97,62,554,122,207,0,106,189,0,0,200,180,351,126,354,153,0,0,187,256,365,290,95,0,76,0,319,0,0,431,353,0,735,759,704,358,593,611,618,384
project/sim_ext.py --sim-time 1.5 --seq-graph project/file/graph_15_nodes.json --traffic project/file/traffic_15_nodes_random.json --inspection-rate 0.001 --mess-rate 0.002 --algorithm shortest,0.6353416689083135,0,216,183,131,97,62,555,122,207,0,106,189,0,0,200,181,352,126,357,153,0,0,187,256,365,290,95,0,76,0,319,0,0,431,353,0,735,759,704,364,593,611,618,384
project/sim_ext.py --sim-time 1.5 --seq-graph project/file/graph_15_nodes.json --traffic project/file/traffic_15_nodes_random.json --inspection-rate 0.001 --mess-rate 0.002 --algorithm shortest,0.636366000001,0,216,183,131,97,62,556,122,207,0,106,189,0,0,200,182,352,126,357,153,0,0,187,256,365,290,95,0,76,0,319,0,0,431,353,0,735,759,704,365,593,611,618,384
project/sim_ext.py --sim-time 1.5 --seq-graph project/file/graph_15_nodes.json --traffic project/file/traffic_15_nodes_random.json --inspection-rate 0.001 --mess-rate 0.002 --algorithm shortest,0.6374744041414082,0,216,183,131,97,62,556,122,207,0,106,189,0,0,200,183,352,126,357,153,0,0,187,256,365,290,95,0,76,0,319,0,0,431,353,0,735,759,704,365,593,611,618,384
project/sim_ext.py --sim-time 1.5 --seq-graph project/file/graph_15_nodes.json --traffic project/file/traffic_15_nodes_random.json --inspection-rate 0.001 --mess-rate 0.002 --algorithm shortest,0.638524000001,0,216,183,131,97,62,556,122,207,0,106,189,0,0,200,183,352,126,357,153,0,0,187,256,365,290,95,0,76,0,319,0,0,431,353,0,735,759,704,365,593,611,618,384
project/sim_ext.py --sim-time 1.5 --seq-graph project/file/graph_15_nodes.json --traffic project/file/traffic_15_nodes_random.json --inspection-rate 0.001 --mess-rate 0.002 --algorithm shortest,0.639664000001,0,216,183,131,97,62,556,122,207,0,106,189,0,0,200,184,354,126,357,153,0,0,187,256,365,292,95,0,76,0,319,0,0,431,354,0,735,759,704,366,593,611,618,384
project/sim_ext.py --sim-time 1.5 --seq-graph project/file/graph_15_nodes.json --traffic project/file/traffic_15_nodes_random.json --inspection-rate 0.001 --mess-rate 0.002 --algorithm shortest,0.640725000001,0,216,183,131,97,62,556,122,207,0,106,189,0,0,200,185,355,126,357,153,0,0,187,256,365,292,95,0,76,0,319,0,0,431,354,0,735,759,704,367,593,611,618,384
project/sim_ext.py --sim-time 1.5 --seq-graph project/file/graph_15_nodes.json --traffic project/file/traffic_15_nodes_random.json --inspection-rate 0.001 --mess-rate 0.002 --algorithm shortest,0.641814399997,0,216,183,131,97,62,557,122,207,0,106,189,0,0,200,186,355,126,357,153,0,0,187,256,365,293,95,0,76,0,319,0,0,431,355,0,735,759,704,367,593,611,618,384
project/sim_ext.py --sim-time 1.5 --seq-graph project/file/graph_15_nodes.json --traffic project/file/traffic_15_nodes_random.json --inspection-rate 0.001 --mess-rate 0.002 --algorithm shortest,0.642887000001,0,216,183,131,97,62,557,122,207,0,106,189,0,0,200,186,356,126,357,153,0,0,187,256,365,293,95,0,76,0,319,0,0,431,355,0,735,759,704,367,593,611,618,384
project/sim_ext.py --sim-time 1.5 --seq-graph project/file/graph_15_nodes.json --traffic project/file/traffic_15_nodes_random.json --inspection-rate 0.001 --mess-rate 0.002 --algorithm shortest,0.644111999997,0,216,184,131,97,62,557,122,208,0,106,189,0,0,202,186,357,126,357,153,0,0,187,257,366,293,96,0,76,0,319,0,0,433,355,0,736,761,706,367,595,613,620,385
project/sim_ext.py --sim-time 1.5 --seq-graph project/file/graph_15_nodes.json --traffic project/file/traffic_15_nodes_random.json --inspection-rate 0.001 --mess-rate 0.002 --algorithm shortest,0.645144000001,0,224,188,135,97,64,565,124,214,0,110,191,0,0,209,186,359,127,357,155,0,0,195,263,369,295,99,0,79,0,325,0,0,450,356,0,759,785,730,367,615,633,634,396
project/sim_ext.py --sim-time 1.5 --seq-graph project/file/graph_15_nodes.json --traffic project/file/traffic_15_nodes_random.json --inspection-rate 0.001 --mess-rate 0.002 --algorithm shortest,0.646703000001,0,226,189,136,99,64,566,126,214,0,112,192,0,0,209,186,362,127,357,156,0,0,196,264,369,296,99,0,79,0,325,0,0,451,358,0,762,786,732,367,618,641,636,396
project/sim_ext.py --sim-time 1.5 --seq-graph project/file/graph_15_nodes.json --traffic project/file/traffic_15_nodes_random.json --inspection-rate 0.001 --mess-rate 0.002 --algorithm shortest,0.647943399997,0,228,190,139,99,64,568,127,216,0,112,194,0,0,212,187,363,129,360,156,0,0,198,266,371,297,102,0,79,0,325,0,0,454,359,0,769,801,740,367,621,643,646,397
project/sim_ext.py --sim-time 1.5 --seq-graph project/file/graph_15_nodes.json --traffic project/file/traffic_15_nodes_random.json --inspection-rate 0.001 --mess-rate 0.002 --algorithm shortest,0.649132000001,0,228,191,139,99,67,572,127,217,0,113,194,0,0,212,187,363,130,360,157,0,0,201,266,372,297,102,0,79,0,325,0,0,454,359,0,775,805,744,367,623,645,649,401
project/sim_ext.py --sim-time 1.5 --seq-graph project/file/graph_15_nodes.json --traffic project/file/traffic_15_nodes_random.json --inspection-rate 0.001 --mess-rate 0.002 --algorithm shortest,0.650274000001,0,228,193,139,99,68,575,128,218,0,113,194,0,0,215,187,365,130,361,157,0,0,201,266,372,298,103,0,80,0,327,0,0,456,364,0,778,805,746,367,628,646,652,401
project/sim_ext.py --sim-time 1.5 --seq-graph project/file/graph_15_nodes.json --traffic project/file/traffic_15_nodes_random.json --inspection-rate 0.001 --mess-rate 0.002 --algorithm shortest,0.6513260000009999,0,228,193,139,99,68,575,128,218,0,113,195,0,0,215,187,365,132,361,157,0,0,201,267,373,298,103,0,81,0,328,0,0,456,365,0,779,806,748,367,628,650,654,402
project/sim_ext.py --sim-time 1.5 --seq-graph project/file/graph_15_nodes.json --traffic project/file/traffic_15_nodes_random.json --inspection-rate 0.001 --mess-rate 0.002 --algorithm shortest,0.652374399997,0,228,193,139,99,68,577,128,218,0,113,195,0,0,215,187,365,132,363,157,0,0,201,267,374,298,103,0,82,0,328,0,0,458,365,0,779,806,751,367,630,652,656,403
project/sim_ext.py --sim-time 1.5 --seq-graph project/file/graph_15_nodes.json --traffic project/file/traffic_15_nodes_random.json --inspection-rate 0.001 --mess-rate 0.002 --algorithm shortest,0.653553999997,0,228,193,139,99,68,579,128,218,0,113,195,0,0,215,187,365,134,364,157,0,0,201,270,374,298,103,0,82,0,329,0,0,458,365,0,779,806,751,367,631,653,657,405
project/sim_ext.py --sim-time 1.5 --seq-graph project/file/graph_15_nodes.json --traffic project/file/traffic_15_nodes_random.json --inspection-rate 0.001 --mess-rate 0.002 --algorithm shortest,0.654754999951,0,228,195,139,101,68,579,128,218,0,114,196,0,0,216,187,366,134,364,157,0,0,201,270,374,300,103,0,82,0,329,0,0,459,366,0,779,806,751,367,632,655,658,407
project/sim_ext.py --sim-time 1.5 --seq-graph project/file/graph_15_nodes.json --traffic project/file/traffic_15_nodes_random.json --inspection-rate 0.001 --mess-rate 0.002 --algorithm shortest,0.655872000001,0,228,195,139,101,68,579,128,218,0,114,197,0,0,216,187,366,134,365,158,0,0,201,270,374,300,103,0,82,0,330,0,0,459,366,0,779,806,751,367,632,656,658,407
project/sim_ext.py --sim-time 1.5 --seq-graph project/file/graph_15_nodes.json --traffic project/file/traffic_15_nodes_random.json --inspection-rate 0.001 --mess-rate 0.002 --algorithm shortest,0.657249000001,0,228,196,139,101,68,579,128,218,0,114,197,0,0,217,187,367,134,365,158,0,0,201,270,374,301,103,0,82,0,331,0,0,460,367,0,779,806,751,367,632,656,658,407
project/sim_ext.py --sim-time 1.5 --seq-graph project/file/graph_15_nodes.json --traffic project/file/traffic_15_nodes_random.json --inspection-rate 0.001 --mess-rate 0.002 --algorithm shortest,0.658270000001,0,228,196,139,101,68,579,128,218,0,114,197,0,0,217,187,367,134,365,158,0,0,201,270,374,301,103,0,82,0,331,0,0,460,369,0,779,806,751,367,632,656,658,407
project/sim_ext.py --sim-time 1.5 --seq-graph project/file/graph_15_nodes.json --traffic project/file/traffic_15_nodes_random.json --inspection-rate 0.001 --mess-rate 0.002 --algorithm shortest,0.659326799997,0,228,196,139,101,68,579,128,218,0,114,197,0,0,217,187,367,134,365,158,0,0,201,270,375,301,103,0,82,0,331,0,0,460,370,0,779,806,751,367,632,656,658,407
project/sim_ext.py --sim-time 1.5 --seq-graph project/file/graph_15_nodes.json --traffic project/file/traffic_15_nodes_random.json --inspection-rate 0.001 --mess-rate 0.002 --algorithm shortest,0.660345601745062,0,228,196,139,101,68,579,128,218,0,114,197,0,0,217,187,367,134,366,158,0,0,201,270,376,301,103,0,82,0,331,0,0,460,370,0,779,806,751,367,632,656,658,407
project/sim_ext.py --sim-time 1.5 --seq-graph project/file/graph_15_nodes.json --traffic project/file/traffic_15_nodes_random.json --inspection-rate 0.001 --mess-rate 0.002 --algorithm shortest,0.661414999951,0,228,196,139,101,68,579,128,218,0,114,197,0,0,217,187,367,134,366,158,0,0,201,270,378,302,103,0,82,0,332,0,0,460,371,0,779,806,751,367,632,656,658,407
project/sim_ext.py --sim-time 1.5 --seq-graph project/file/graph_15_nodes.json --traffic project/file/traffic_15_nodes_random.json --inspection-rate 0.001 --mess-rate 0.002 --algorithm shortest,0.662726000001,0,228,196,139,101,68,579,128,218,0,114,197,0,0,217,187,367,134,367,158,0,0,201,270,378,303,103,0,82,0,332,0,0,460,371,0,779,806,751,367,632,656,658,407
project/sim_ext.py --sim-time 1.5 --seq-graph project/file/graph_15_nodes.json --traffic project/file/traffic_15_nodes_random.json --inspection-rate 0.001 --mess-rate 0.002 --algorithm shortest,0.663732000001,0,228,196,139,101,68,583,128,218,0,114,198,0,0,217,187,367,134,367,158,0,0,201,270,378,303,103,0,82,0,332,0,0,460,371,0,779,806,751,367,632,656,658,407
project/sim_ext.py --sim-time 1.5 --seq-graph project/file/graph_15_nodes.json --traffic project/file/traffic_15_nodes_random.json --inspection-rate 0.001 --mess-rate 0.002 --algorithm shortest,0.664734799997,0,228,196,139,101,68,583,128,218,0,114,198,0,0,217,187,368,134,368,158,0,0,201,270,378,303,103,0,82,0,332,0,0,460,371,0,779,806,751,367,632,656,658,407
project/sim_ext.py --sim-time 1.5 --seq-graph project/file/graph_15_nodes.json --traffic project/file/traffic_15_nodes_random.json --inspection-rate 0.001 --mess-rate 0.002 --algorithm shortest,0.665755000001,0,228,196,139,101,68,583,128,218,0,114,198,0,0,217,187,371,134,368,158,0,0,201,270,378,303,103,0,82,0,332,0,0,460,371,0,779,806,751,367,632,656,658,407
project/sim_ext.py --sim-time 1.5 --seq-graph project/file/graph_15_nodes.json --traffic project/file/traffic_15_nodes_random.json --inspection-rate 0.001 --mess-rate 0.002 --algorithm shortest,0.6667772513149192,0,228,196,139,101,68,583,128,218,0,114,198,0,0,217,187,372,134,368,158,0,0,201,270,378,303,103,0,82,0,332,0,0,460,371,0,779,806,751,367,632,656,658,407
project/sim_ext.py --sim-time 1.5 --seq-graph project/file/graph_15_nodes.json --traffic project/file/traffic_15_nodes_random.json --inspection-rate 0.001 --mess-rate 0.002 --algorithm shortest,0.667858000001,0,228,196,139,101,68,583,128,218,0,114,198,0,0,217,187,373,134,368,158,0,0,201,270,378,303,103,0,82,0,332,0,0,460,371,0,779,806,751,367,632,656,658,407
project/sim_ext.py --sim-time 1.5 --seq-graph project/file/graph_15_nodes.json --traffic project/file/traffic_15_nodes_random.json --inspection-rate 0.001 --mess-rate 0.002 --algorithm shortest,0.668903399997,0,228,196,139,101,68,585,128,218,0,114,198,0,0,217,187,373,134,368,158,0,0,201,270,378,304,103,0,82,0,332,0,0,460,374,0,779,806,751,367,632,656,658,407
project/sim_ext.py --sim-time 1.5 --seq-graph project/file/graph_15_nodes.json --traffic project/file/traffic_15_nodes_random.json --inspection-rate 0.001 --mess-rate 0.002 --algorithm shortest,0.6701200469121864,0,228,196,139,101,68,585,128,218,0,114,198,0,0,217,187,374,134,368,158,0,0,201,270,378,304,103,0,82,0,332,0,0,460,374,0,779,806,751,367,632,656,658,407
project/sim_ext.py --sim-time 1.5 --seq-graph project/file/graph_15_nodes.json --traffic project/file/traffic_15_nodes_random.json --inspection-rate 0.001 --mess-rate 0.002 --algorithm shortest,0.6711710000009999,0,228,196,139,101,68,585,128,218,0,114,198,0,0,217,187,374,134,369,158,0,0,201,270,378,304,103,0,82,0,332,0,0,460,375,0,779,806,751,367,632,656,658,407
project/sim_ext.py --sim-time 1.5 --seq-graph project/file/graph_15_nodes.json --traffic project/file/traffic_15_nodes_random.json --inspection-rate 0.001 --mess-rate 0.002 --algorithm shortest,0.672284000001,0,228,196,139,101,68,585,128,218,0,114,198,0,0,217,187,375,134,369,158,0,0,201,270,378,304,103,0,82,0,332,0,0,460,376,0,779,806,751,367,632,656,658,407
project/sim_ext.py --sim-time 1.5 --seq-graph project/file/graph_15_nodes.json --traffic project/file/traffic_15_nodes_random.json --inspection-rate 0.001 --mess-rate 0.002 --algorithm shortest,0.673318000001,0,228,196,139,101,68,586,128,218,0,114,198,0,0,217,187,375,134,369,158,0,0,201,270,378,304,103,0,82,0,332,0,0,460,376,0,779,806,751,367,632,656,658,407
project/sim_ext.py --sim-time 1.5 --seq-graph project/file/graph_15_nodes.json --traffic project/file/traffic_15_nodes_random.json --inspection-rate 0.001 --mess-rate 0.002 --algorithm shortest,0.674416000001,0,228,196,139,101,68,586,128,218,0,114,198,0,0,217,187,375,134,369,158,0,0,201,270,378,304,103,0,82,0,332,0,0,460,376,0,779,806,751,377,632,656,658,407
project/sim_ext.py --sim-time 1.5 --seq-graph project/file/graph_15_nodes.json --traffic project/file/traffic_15_nodes_random.json --inspection-rate 0.001 --mess-rate 0.002 --algorithm shortest,0.675497599997,0,236,197,144,105,70,586,131,225,0,120,203,0,0,221,191,377,134,370,161,0,0,211,277,382,305,106,0,84,0,338,0,0,467,377,0,791,833,771,399,651,682,682,413
project/sim_ext.py --sim-time 1.5 --seq-graph project/file/graph_15_nodes.json --traffic project/file/traffic_15_nodes_random.json --inspection-rate 0.001 --mess-rate 0.002 --algorithm shortest,0.676630399997,0,239,197,145,105,70,593,131,227,0,120,204,0,0,221,191,380,135,371,161,0,0,214,277,384,305,106,0,84,0,339,0,0,467,377,0,804,841,779,405,654,684,684,419
project/sim_ext.py --sim-time 1.5 --seq-graph project/file/graph_15_nodes.json --traffic project/file/traffic_15_nodes_random.json --inspection-rate 0.001 --mess-rate 0.002 --algorithm shortest,0.677706000001,0,239,197,145,105,70,593,131,227,0,120,204,0,0,221,192,380,136,371,161,0,0,214,277,385,306,107,0,84,0,342,0,0,467,378,0,805,843,779,406,657,687,688,419
project/sim_ext.py --sim-time 1.5 --seq-graph project/file/graph_15_nodes.json --traffic project/file/traffic_15_nodes_random.json --inspection-rate 0.001 --mess-rate 0.002 --algorithm shortest,0.678968399997,0,247,201,146,105,72,594,133,229,0,121,205,0,0,222,193,383,136,374,163,0,0,217,277,385,308,109,0,87,0,342,0,0,470,379,0,806,847,783,418,662,691,694,420
project/sim_ext.py --sim-time 1.5 --seq-graph project/file/graph_15_nodes.json --traffic project/file/traffic_15_nodes_random.json --inspection-rate 0.001 --mess-rate 0.002 --algorithm shortest,0.680160000001,0,247,202,146,106,72,594,133,229,0,121,205,0,0,222,193,383,137,375,163,0,0,217,280,392,308,110,0,87,0,345,0,0,472,379,0,812,850,785,421,662,692,696,424
project/sim_ext.py --sim-time 1.5 --seq-graph project/file/graph_15_nodes.json --traffic project/file/traffic_15_nodes_random.json --inspection-rate 0.001 --mess-rate 0.002 --algorithm shortest,0.681187000001,0,247,202,146,107,72,598,133,229,0,122,205,0,0,222,193,383,137,377,163,0,0,217,280,393,308,110,0,87,0,345,0,0,474,379,0,812,851,785,421,663,693,699,425
project/sim_ext.py --sim-time 1.5 --seq-graph project/file/graph_15_nodes.json --traffic project/file/traffic_15_nodes_random.json --inspection-rate 0.001 --mess-rate 0.002 --algorithm shortest,0.6821972247233145,0,247,202,146,107,72,598,134,229,0,122,205,0,0,222,194,383,138,377,163,0,0,217,280,393,309,110,0,87,0,345,0,0,477,382,0,815,857,788,421,663,693,700,425
project/sim_ext.py --sim-time 1.5 --seq-graph project/file/graph_15_nodes.json --traffic project/file/traffic_15_nodes_random.json --inspection-rate 0.001 --mess-rate 0.002 --algorithm shortest,0.683220000001,0,247,203,146,107,72,599,134,229,0,123,205,0,0,222,194,385,138,378,164,0,0,217,280,394,309,110,0,87,0,346,0,0,477,383,0,815,857,793,421,671,694,701,425
project/sim_ext.py --sim-time 1.5 --seq-graph project/file/graph_15_nodes.json --traffic project/file/traffic_15_nodes_random.json --inspection-rate 0.001 --mess-rate 0.002 --algorithm shortest,0.684568399997,0,247,203,146,108,72,599,136,229,0,123,205,0,0,222,194,385,139,378,164,0,0,217,280,394,310,111,0,87,0,350,0,0,478,388,0,816,857,793,421,672,694,701,430
project/sim_ext.py --sim-time 1.5 --seq-graph project/file/graph_15_nodes.json --traffic project/file/traffic_15_nodes_random.json --inspection-rate 0.001 --mess-rate 0.002 --algorithm shortest,0.685768000001,0,247,203,146,108,72,605,136,229,0,123,205,0,0,222,194,386,139,378,164,0,0,217,281,394,310,111,0,87,0,352,0,0,478,388,0,816,857,793,421,672,695,701,431
project/sim_ext.py --sim-time 1.5 --seq-graph project/file/graph_15_nodes.json --traffic project/file/traffic_15_nodes_random.json --inspection-rate 0.001 --mess-rate 0.002 --algorithm shortest,0.686822000001,0,247,203,146,108,72,605,136,229,0,123,206,0,0,222,194,387,139,378,164,0,0,217,283,394,310,111,0,87,0,352,0,0,478,388,0,816,857,793,421,672,696,701,431
project/sim_ext.py --sim-time 1.5 --seq-graph project/file/graph_15_nodes.json --traffic project/file/traffic_15_nodes_random.json --inspection-rate 0.001 --mess-rate 0.002 --algorithm shortest,0.687849000001,0,247,203,146,108,72,605,137,229,0,123,206,0,0,227,198,387,139,384,167,0,0,217,284,394,310,111,0,87,0,352,0,0,480,388,0,816,857,793,421,672,696,701,431
project/sim_ext.py --sim-time 1.5 --seq-graph project/file/graph_15_nodes.json --traffic project/file/traffic_15_nodes_random.json --inspection-rate 0.001 --mess-rate 0.002 --algorithm shortest,0.6889719010722183,0,247,203,146,108,72,612,137,229,0,123,206,0,0,228,198,387,139,385,167,0,0,217,284,395,311,111,0,87,0,352,0,0,480,389,0,816,857,793,421,672,696,701,431
project/sim_ext.py --sim-time 1.5 --seq-graph project/file/graph_15_nodes.json --traffic project/file/traffic_15_nodes_random.json --inspection-rate 0.001 --mess-rate 0.002 --algorithm shortest,0.6900350000009999,0,247,203,146,108,72,612,139,229,0,123,206,0,0,229,198,387,139,385,168,0,0,217,284,396,311,111,0,87,0,353,0,0,481,391,0,816,857,793,421,672,696,701,431
project/sim_ext.py --sim-time 1.5 --seq-graph project/file/graph_15_nodes.json --traffic project/file/traffic_15_nodes_random.json --inspection-rate 0.001 --mess-rate 0.002 --algorithm shortest,0.691102000001,0,247,203,146,108,72,612,139,229,0,123,206,0,0,229,198,388,139,385,168,0,0,217,284,397,312,111,0,87,0,354,0,0,481,392,0,816,857,793,421,672,696,701,431
project/sim_ext.py --sim-time 1.5 --seq-graph project/file/graph_15_nodes.json --traffic project/file/traffic_15_nodes_random.json --inspection-rate 0.001 --mess-rate 0.002 --algorithm shortest,0.692115000001,0,247,203,146,108,72,614,139,229,0,123,207,0,0,230,198,388,139,385,168,0,0,217,284,397,312,111,0,87,0,354,0,0,481,392,0,816,857,793,421,672,696,701,431
project/sim_ext.py --sim-time 1.5 --seq-graph project/file/graph_15_nodes.json --traffic project/file/traffic_15_nodes_random.json --inspection-rate 0.001 --mess-rate 0.002 --algorithm shortest,0.693129000001,0,247,203,146,108,72,618,139,229,0,123,208,0,0,230,198,389,139,386,168,0,0,217,284,399,313,111,0,87,0,354,0,0,481,394,0,816,857,793,421,672,696,701,431
project/sim_ext.py --sim-time 1.5 --seq-graph project/file/graph_15_nodes.json --traffic project/file/traffic_15_nodes_random.json --inspection-rate 0.001 --mess-rate 0.002 --algorithm shortest,0.694154000001,0,247,203,146,108,72,618,139,229,0,123,208,0,0,230,198,389,139,386,168,0,0,217,284,399,313,111,0,87,0,354,0,0,481,395,0,816,857,793,421,672,696,701,431
project/sim_ext.py --sim-time 1.5 --seq-graph project/file/graph_15_nodes.json --traffic project/file/traffic_15_nodes_random.json --inspection-rate 0.001 --mess-rate 0.002 --algorithm shortest,0.695159000001,0,247,203,146,108,72,618,139,229,0,123,208,0,0,230,198,389,139,386,168,0,0,217,284,399,313,111,0,87,0,354,0,0,481,397,0,816,857,793,421,672,696,701,431
project/sim_ext.py --sim-time 1.5 --seq-graph project/file/graph_15_nodes.json --traffic project/file/traffic_15_nodes_random.json --inspection-rate 0.001 --mess-rate 0.002 --algorithm shortest,0.696176000001,0,247,203,146,108,72,619,139,229,0,123,208,0,0,230,198,390,139,386,168,0,0,217,284,400,315,111,0,87,0,356,0,0,481,398,0,816,857,793,421,672,696,701,431
project/sim_ext.py --sim-time 1.5 --seq-graph project/file/graph_15_nodes.json --traffic project/file/traffic_15_nodes_random.json --inspection-rate 0.001 --mess-rate 0.002 --algorithm shortest,0.697195599997,0,247,203,146,108,72,620,139,229,0,123,208,0,0,230,198,390,139,386,168,0,0,217,284,400,315,111,0,87,0,357,0,0,481,398,0,816,857,793,421,672,696,701,431
project/sim_ext.py --sim-time 1.5 --seq-graph project/file/graph_15_nodes.json --traffic project/file/traffic_15_nodes_random.json --inspection-rate 0.001 --mess-rate 0.002 --algorithm shortest,0.698225766422078,0,247,203,146,108,72,620,139,229,0,123,208,0,0,231,198,391,139,386,168,0,0,217,284,400,315,111,0,87,0,358,0,0,481,398,0,816,857,793,421,672,696,701,431
project/sim_ext.py --sim-time 1.5 --seq-graph project/file/graph_15_nodes.json --traffic project/file/traffic_15_nodes_random.json --inspection-rate 0.001 --mess-rate 0.002 --algorithm shortest,0.699366000001,0,247,203,146,108,72,621,139,229,0,123,208,0,0,231,198,391,139,389,168,0,0,217,284,401,315,111,0,87,0,358,0,0,481,398,0,816,857,793,421,672,696,701,431
project/sim_ext.py --sim-time 1.5 --seq-graph project/file/graph_15_nodes.json --traffic project/file/traffic_15_nodes_random.json --inspection-rate 0.001 --mess-rate 0.002 --algorithm shortest,0.700431850633283,0,247,203,146,108,72,621,139,229,0,123,208,0,0,231,198,393,139,390,168,0,0,217,284,401,315,111,0,87,0,358,0,0,481,398,0,816,857,793,421,672,696,701,431
project/sim_ext.py --sim-time 1.5 --seq-graph project/file/graph_15_nodes.json --traffic project/file/traffic_15_nodes_random.json --inspection-rate 0.001 --mess-rate 0.002 --algorithm shortest,0.701434999951,0,247,203,146,108,72,622,139,229,0,123,208,0,0,231,198,394,139,390,168,0,0,217,284,401,315,111,0,87,0,358,0,0,481,398,0,816,857,793,421,672,696,701,431
project/sim_ext.py --sim-time 1.5 --seq-graph project/file/graph_15_nodes.json --traffic project/file/traffic_15_nodes_random.json --inspection-rate 0.001 --mess-rate 0.002 --algorithm shortest,0.702548000001,0,247,203,146,108,72,622,139,229,0,123,208,0,0,231,198,394,139,390,168,0,0,217,284,401,315,111,0,87,0,358,0,0,481,398,0,816,857,793,421,672,696,701,431
project/sim_ext.py --sim-time 1.5 --seq-graph project/file/graph_15_nodes.json --traffic project/file/traffic_15_nodes_random.json --inspection-rate 0.001 --mess-rate 0.002 --algorithm shortest,0.703608000001,0,247,203,146,108,72,622,139,229,0,123,208,0,0,231,198,395,139,390,168,0,0,217,284,402,316,111,0,87,0,359,0,0,481,404,0,816,857,793,421,672,696,701,431
project/sim_ext.py --sim-time 1.5 --seq-graph project/file/graph_15_nodes.json --traffic project/file/traffic_15_nodes_random.json --inspection-rate 0.001 --mess-rate 0.002 --algorithm shortest,0.704679000001,0,247,203,146,108,72,622,139,229,0,123,208,0,0,231,198,396,139,391,168,0,0,217,284,403,316,111,0,87,0,359,0,0,481,405,0,816,857,793,421,672,696,701,431
project/sim_ext.py --sim-time 1.5 --seq-graph project/file/graph_15_nodes.json --traffic project/file/traffic_15_nodes_random.json --inspection-rate 0.001 --mess-rate 0.002 --algorithm shortest,0.7056799327842534,0,247,203,147,109,72,624,139,229,0,123,212,0,0,233,198,396,141,392,168,0,0,221,285,403,316,111,0,89,0,359,0,0,481,405,0,816,857,798,421,677,701,701,431
project/sim_ext.py --sim-time 1.5 --seq-graph project/file/graph_15_nodes.json --traffic project/file/traffic_15_nodes_random.json --inspection-rate 0.001 --mess-rate 0.002 --algorithm shortest,0.706685000001,0,247,204,147,111,72,628,141,229,0,123,213,0,0,235,204,396,141,392,168,0,0,221,287,407,316,111,0,91,0,359,0,0,485,405,0,816,857,811,421,687,712,701,431
project/sim_ext.py --sim-time 1.5 --seq-graph project/file/graph_15_nodes.json --traffic project/file/traffic_15_nodes_random.json --inspection-rate 0.001 --mess-rate 0.002 --algorithm shortest,0.707739000001,0,247,204,147,111,72,628,141,229,0,123,213,0,0,235,206,396,141,392,168,0,0,221,288,408,316,111,0,91,0,359,0,0,485,405,0,816,857,811,421,688,713,701,431
project/sim_ext.py --sim-time 1.5 --seq-graph project/file/graph_15_nodes.json --traffic project/file/traffic_15_nodes_random.json --inspection-rate 0.001 --mess-rate 0.002 --algorithm shortest,0.7088473382325842,0,247,204,147,113,74,631,141,229,0,123,213,0,0,235,207,396,141,393,168,0,0,221,288,408,316,111,0,92,0,361,0,0,486,405,0,816,857,817,421,691,714,701,431
project/sim_ext.py --sim-time 1.5 --seq-graph project/file/graph_15_nodes.json --traffic project/file/traffic_15_nodes_random.json --inspection-rate 0.001 --mess-rate 0.002 --algorithm shortest,0.709892000001,0,247,204,147,113,76,631,142,229,0,123,213,0,0,235,207,396,141,393,169,0,0,221,289,409,316,111,0,92,0,361,0,0,486,405,0,816,857,817,421,691,714,701,431
project/sim_ext.py --sim-time 1.5 --seq-graph project/file/graph_15_nodes.json --traffic project/file/traffic_15_nodes_random.json --inspection-rate 0.001 --mess-rate 0.002 --algorithm shortest,0.710957799997,0,247,204,147,113,77,636,142,229,0,123,213,0,0,235,207,396,141,393,169,0,0,221,291,409,317,111,0,92,0,361,0,0,486,406,0,816,857,817,421,692,715,701,431
project/sim_ext.py --sim-time 1.5 --seq-graph project/file/graph_15_nodes.json --traffic project/file/traffic_15_nodes_random.json --inspection-rate 0.001 --mess-rate 0.002 --algorithm shortest,0.712184000001,0,247,204,147,113,77,643,142,229,0,123,214,0,0,235,207,396,141,394,169,0,0,221,292,412,317,111,0,92,0,362,0,0,486,406,0,816,857,821,421,695,715,701,431
project/sim_ext.py --sim-time 1.5 --seq-graph project/file/graph_15_nodes.json --traffic project/file/traffic_15_nodes_random.json --inspection-rate 0.001 --mess-rate 0.002 --algorithm shortest,0.7132649999439999,0,247,204,147,113,78,643,142,229,0,123,215,0,0,235,207,396,141,394,169,0,0,221,292,412,317,111,0,95,0,362,0,0,486,406,0,816,857,821,421,698,716,701,431
project/sim_ext.py --sim-time 1.5 --seq-graph project/file/graph_15_nodes.json --traffic project/file/traffic_15_nodes_random.json --inspection-rate 0.001 --mess-rate 0.002 --algorithm shortest,0.714274999948,0,247,204,147,113,78,644,142,229,0,123,215,0,0,236,207,396,141,396,169,0,0,222,292,412,318,111,0,95,0,362,0,0,486,406,0,816,857,821,421,699,718,701,431
project/sim_ext.py --sim-time 1.5 --seq-graph project/file/graph_15_nodes.json --traffic project/file/traffic_15_nodes_random.json --inspection-rate 0.001 --mess-rate 0.002 --algorithm shortest,0.715417000001,0,247,206,147,113,78,644,142,229,0,123,216,0,0,236,207,396,141,399,169,0,0,222,296,415,319,111,0,96,0,364,0,0,486,406,0,816,857,823,438,700,720,701,431
project/sim_ext.py --sim-time 1.5 --seq-graph project/file/graph_15_nodes.json --traffic project/file/traffic_15_nodes_random.json --inspection-rate 0.001 --mess-rate 0.002 --algorithm shortest,0.716451199997,0,253,211,155,115,78,645,144,233,0,123,216,0,0,236,210,404,142,400,170,0,0,224,299,415,320,111,0,96,0,364,0,0,498,406,0,834,886,835,450,703,725,717,444
project/sim_ext.py --sim-time 1.5 --seq-graph project/file/graph_15_nodes.json --traffic project/file/traffic_15_nodes_random.json --inspection-rate 0.001 --mess-rate 0.002 --algorithm shortest,0.717551999997,0,255,211,155,115,78,645,144,233,0,125,216,0,0,236,210,404,142,400,172,0,0,224,299,417,320,111,0,96,0,368,0,0,500,406,0,835,894,835,452,704,725,718,446
project/sim_ext.py --sim-time 1.5 --seq-graph project/file/graph_15_nodes.json --traffic project/file/traffic_15_nodes_random.json --inspection-rate 0.001 --mess-rate 0.002 --algorithm shortest,0.718603000001,0,255,211,155,115,78,645,144,233,0,125,216,0,0,236,211,404,142,401,172,0,0,224,300,417,320,111,0,96,0,368,0,0,500,406,0,837,895,835,453,704,725,718,448
project/sim_ext.py --sim-time 1.5 --seq-graph project/file/graph_15_nodes.json --traffic project/file/traffic_15_nodes_random.json --inspection-rate 0.001 --mess-rate 0.002 --algorithm shortest,0.719689000001,0,256,213,155,115,78,648,145,233,0,125,216,0,0,238,211,407,142,402,173,0,0,224,303,417,321,111,0,96,0,370,0,0,502,411,0,838,897,835,453,704,725,722,451
project/sim_ext.py --sim-time 1.5 --seq-graph project/file/graph_15_nodes.json --traffic project/file/traffic_15_nodes_random.json --inspection-rate 0.001 --mess-rate 0.002 --algorithm shortest,0.720781000001,0,256,214,155,115,78,649,146,233,0,125,216,0,0,239,212,407,142,402,174,0,0,224,303,417,321,112,0,96,0,372,0,0,502,411,0,839,901,835,456,704,725,722,451
project/sim_ext.py --sim-time 1.5 --seq-graph project/file/graph_15_nodes.json --traffic project/file/traffic_15_nodes_random.json --inspection-rate 0.001 --mess-rate 0.002 --algorithm shortest,0.721806000001,0,258,214,155,115,78,649,146,233,0,125,217,0,0,239,212,410,142,402,174,0,0,224,303,417,321,112,0,96,0,373,0,0,506,413,0,839,907,835,456,704,725,727,451
project/sim_ext.py --sim-time 1.5 --seq-graph project/file/graph_15_nodes.json --traffic project/file/traffic_15_nodes_random.json --inspection-rate 0.001 --mess-rate 0.002 --algorithm shortest,0.722897000001,0,260,215,155,115,78,649,146,233,0,126,217,0,0,239,212,410,142,404,175,0,0,224,303,418,322,112,0,96,0,374,0,0,507,414,0,839,907,835,458,704,725,730,451
project/sim_ext.py --sim-time 1.5 --seq-graph project/file/graph_15_nodes.json --traffic project/file/traffic_15_nodes_random.json --inspection-rate 0.001 --mess-rate 0.002 --algorithm shortest,0.723940000001,0,260,215,155,115,78,649,147,233,0,126,217,0,0,239,212,410,142,404,175,0,0,224,303,418,323,115,0,96,0,374,0,0,507,414,0,839,907,835,458,704,725,733,451
project/sim_ext.py --sim-time 1.5 --seq-graph project/file/graph_15_nodes.json --traffic project/file/traffic_15_nodes_random.json --inspection-rate 0.001 --mess-rate 0.002 --algorithm shortest,0.7251205849526152,0,260,215,155,115,78,649,149,233,0,126,217,0,0,239,213,411,142,406,177,0,0,224,303,418,323,116,0,96,0,374,0,0,510,414,0,839,907,835,458,704,725,733,451
project/sim_ext.py --sim-time 1.5 --seq-graph project/file/graph_15_nodes.json --traffic project/file/traffic_15_nodes_random.json --inspection-rate 0.001 --mess-rate 0.002 --algorithm shortest,0.726207000001,0,262,215,155,115,78,649,150,233,0,126,217,0,0,239,213,411,142,406,177,0,0,224,303,418,323,116,0,96,0,374,0,0,512,414,0,839,907,835,458,704,725,734,451
project/sim_ext.py --sim-time 1.5 --seq-graph project/file/graph_15_nodes.json --traffic project/file/traffic_15_nodes_random.json --inspection-rate 0.001 --mess-rate 0.002 --algorithm shortest,0.727292000001,0,262,215,155,115,78,649,150,233,0,126,217,0,0,239,213,411,142,407,177,0,0,224,303,419,323,116,0,96,0,378,0,0,512,414,0,839,907,835,458,704,725,734,451
project/sim_ext.py --sim-time 1.5 --seq-graph project/file/graph_15_nodes.json --traffic project/file/traffic_15_nodes_random.json --inspection-rate 0.001 --mess-rate 0.002 --algorithm shortest,0.7283708720302919,0,262,215,155,115,78,649,150,233,0,126,217,0,0,239,213,411,142,407,177,0,0,224,303,421,323,117,0,96,0,379,0,0,512,414,0,839,907,835,458,704,725,734,451
project/sim_ext.py --sim-time 1.5 --seq-graph project/file/graph_15_nodes.json --traffic project/file/traffic_15_nodes_random.json --inspection-rate 0.001 --mess-rate 0.002 --algorithm shortest,0.729452000001,0,262,215,155,115,78,649,150,233,0,128,217,0,0,240,213,412,142,407,177,0,0,224,303,421,323,118,0,96,0,379,0,0,512,414,0,839,907,835,458,704,725,734,451
project/sim_ext.py --sim-time 1.5 --seq-graph project/file/graph_15_nodes.json --traffic project/file/traffic_15_nodes_random.json --inspection-rate 0.001 --mess-rate 0.002 --algorithm shortest,0.730484999944,0,262,215,155,115,78,649,150,233,0,128,217,0,0,240,213,412,142,407,177,0,0,224,303,421,323,118,0,96,0,379,0,0,512,414,0,839,907,835,458,704,725,734,451
project/sim_ext.py --sim-time 1.5 --seq-graph project/file/graph_15_nodes.json --traffic project/file/traffic_15_nodes_random.json --inspection-rate 0.001 --mess-rate 0.002 --algorithm shortest,0.731521000001,0,262,215,155,115,78,653,150,233,0,128,217,0,0,240,213,412,142,407,177,0,0,224,303,422,324,118,0,96,0,380,0,0,512,416,0,839,907,835,458,704,725,734,451
project/sim_ext.py --sim-time 1.5 --seq-graph project/file/graph_15_nodes.json --traffic project/file/traffic_15_nodes_random.json --inspection-rate 0.001 --mess-rate 0.002 --algorithm shortest,0.732763000001,0,262,215,155,115,78,653,150,233,0,128,217,0,0,240,213,412,142,407,177,0,0,224,303,423,324,118,0,96,0,381,0,0,512,416,0,839,907,835,458,704,725,734,451
project/sim_ext.py --sim-time 1.5 --seq-graph project/file/graph_15_nodes.json --traffic project/file/traffic_15_nodes_random.json --inspection-rate 0.001 --mess-rate 0.002 --algorithm shortest,0.733790000001,0,262,215,155,115,78,654,150,233,0,128,217,0,0,240,213,412,142,407,177,0,0,224,303,423,324,118,0,96,0,381,0,0,512,417,0,839,907,835,458,704,725,734,451
project/sim_ext.py --sim-time 1.5 --seq-graph project/file/graph_15_nodes.json --traffic project/file/traffic_15_nodes_random.json --inspection-rate 0.001 --mess-rate 0.002 --algorithm shortest,0.7347953308291502,0,262,215,155,115,78,655,150,233,0,128,217,0,0,240,213,412,142,409,177,0,0,224,303,423,324,118,0,96,0,381,0,0,512,417,0,839,907,835,458,704,725,734,451
project/sim_ext.py --sim-time 1.5 --seq-graph project/file/graph_15_nodes.json --traffic project/file/traffic_15_nodes_random.json --inspection-rate 0.001 --mess-rate 0.002 --algorithm shortest,0.735839000001,0,262,215,155,115,78,655,150,233,0,128,217,0,0,240,213,413,142,409,177,0,0,224,303,423,324,118,0,96,0,381,0,0,512,417,0,839,907,835,458,704,725,734,451
project/sim_ext.py --sim-time 1.5 --seq-graph project/file/graph_15_nodes.json --traffic project/file/traffic_15_nodes_random.json --inspection-rate 0.001 --mess-rate 0.002 --algorithm shortest,0.736852199997,0,262,215,155,115,78,655,150,233,0,128,217,0,0,240,213,413,142,409,177,0,0,224,303,423,324,118,0,96,0,381,0,0,512,417,0,839,907,835,458,704,725,734,451
project/sim_ext.py --sim-time 1.5 --seq-graph project/file/graph_15_nodes.json --traffic project/file/traffic_15_nodes_random.json --inspection-rate 0.001 --mess-rate 0.002 --algorithm shortest,0.738160000001,0,262,215,155,115,78,655,150,233,0,128,217,0,0,240,213,413,142,409,177,0,0,224,303,424,324,118,0,96,0,382,0,0,512,417,0,839,907,835,458,704,725,734,451
project/sim_ext.py --sim-time 1.5 --seq-graph project/file/graph_15_nodes.json --traffic project/file/traffic_15_nodes_random.json --inspection-rate 0.001 --mess-rate 0.002 --algorithm shortest,0.739171000001,0,262,215,155,115,78,656,150,233,0,128,217,0,0,240,213,413,142,410,177,0,0,224,303,425,329,118,0,96,0,382,0,0,512,418,0,839,907,835,458,704,725,734,451
project/sim_ext.py --sim-time 1.5 --seq-graph project/file/graph_15_nodes.json --traffic project/file/traffic_15_nodes_random.json --inspection-rate 0.001 --mess-rate 0.002 --algorithm shortest,0.740224000001,0,262,215,155,115,78,656,150,233,0,128,217,0,0,240,213,413,142,412,177,0,0,224,303,426,329,118,0,96,0,384,0,0,512,418,0,839,907,835,458,704,725,734,451
project/sim_ext.py --sim-time 1.5 --seq-graph project/file/graph_15_nodes.json --traffic project/file/traffic_15_nodes_random.json --inspection-rate 0.001 --mess-rate 0.002 --algorithm shortest,0.7412955710911381,0,262,215,155,115,78,660,150,233,0,128,217,0,0,240,213,413,142,412,177,0,0,224,303,426,330,118,0,96,0,385,0,0,512,419,0,839,907,835,458,704,725,734,451
project/sim_ext.py --sim-time 1.5 --seq-graph project/file/graph_15_nodes.json --traffic project/file/traffic_15_nodes_random.json --inspection-rate 0.001 --mess-rate 0.002 --algorithm shortest,0.7422967729980975,0,262,215,155,115,78,661,150,233,0,128,217,0,0,240,213,413,142,413,177,0,0,224,303,426,331,118,0,96,0,385,0,0,512,420,0,839,907,835,458,704,725,734,451
project/sim_ext.py --sim-time 1.5 --seq-graph project/file/graph_15_nodes.json --traffic project/file/traffic_15_nodes_random.json --inspection-rate 0.001 --mess-rate 0.002 --algorithm shortest,0.743320000001,0,262,215,155,115,78,661,150,233,0,128,217,0,0,240,213,413,142,415,177,0,0,224,303,426,332,118,0,96,0,387,0,0,512,422,0,839,907,835,458,704,725,734,451
project/sim_ext.py --sim-time 1.5 --seq-graph project/file/graph_15_nodes.json --traffic project/file/traffic_15_nodes_random.json --inspection-rate 0.001 --mess-rate 0.002 --algorithm shortest,0.744322000001,0,262,215,155,115,78,661,150,233,0,128,217,0,0,240,213,413,142,416,177,0,0,224,303,426,332,118,0,96,0,387,0,0,512,422,0,839,907,835,458,704,725,734,451
project/sim_ext.py --sim-time 1.5 --seq-graph project/file/graph_15_nodes.json --traffic project/file/traffic_15_nodes_random.json --inspection-rate 0.001 --mess-rate 0.002 --algorithm shortest,0.745380000001,0,262,215,155,115,78,662,150,233,0,128,217,0,0,240,213,413,142,416,177,0,0,224,303,426,335,118,0,96,0,387,0,0,512,423,0,839,907,835,462,704,725,734,451
project/sim_ext.py --sim-time 1.5 --seq-graph project/file/graph_15_nodes.json --traffic project/file/traffic_15_nodes_random.json --inspection-rate 0.001 --mess-rate 0.002 --algorithm shortest,0.746432000001,0,262,215,155,115,78,664,150,233,0,128,217,0,0,240,213,413,142,417,177,0,0,224,303,426,335,118,0,96,0,387,0,0,512,423,0,839,907,835,468,704,725,734,451
project/sim_ext.py --sim-time 1.5 --seq-graph project/file/graph_15_nodes.json --traffic project/file/traffic_15_nodes_random.json --inspection-rate 0.001 --mess-rate 0.002 --algorithm shortest,0.747447000001,0,268,218,160,117,81,669,150,236,0,129,221,0,0,242,213,423,144,422,181,0,0,231,305,429,335,120,0,98,0,390,0,0,516,423,0,852,939,857,483,732,750,752,469
project/sim_ext.py --sim-time 1.5 --seq-graph project/file/graph_15_nodes.json --traffic project/file/traffic_15_nodes_random.json --inspection-rate 0.001 --mess-rate 0.002 --algorithm shortest,0.748452000001,0,269,220,160,118,83,671,150,236,0,129,222,0,0,242,213,425,144,422,181,0,0,231,305,429,335,120,0,98,0,390,0,0,517,423,0,853,948,863,486,733,751,752,469
project/sim_ext.py --sim-time 1.5 --seq-graph project/file/graph_15_nodes.json --traffic project/file/traffic_15_nodes_random.json --inspection-rate 0.001 --mess-rate 0.002 --algorithm shortest,0.749596000001,0,269,220,164,118,84,675,150,240,0,130,223,0,0,242,213,426,145,422,181,0,0,231,309,429,335,120,0,98,0,391,0,0,521,423,0,858,960,871,491,736,755,756,475
project/sim_ext.py --sim-time 1.5 --seq-graph project/file/graph_15_nodes.json --traffic project/file/traffic_15_nodes_random.json --inspection-rate 0.001 --mess-rate 0.002 --algorithm shortest,0.7509949999359999,0,270,222,165,118,85,676,150,242,0,130,224,0,0,243,213,427,145,426,181,0,0,232,309,429,336,121,0,98,0,392,0,0,523,426,0,863,963,873,497,744,761,760,475
project/sim_ext.py --sim-time 1.5 --seq-graph project/file/graph_15_nodes.json --traffic project/file/traffic_15_nodes_random.json --inspection-rate 0.001 --mess-rate 0.002 --algorithm shortest,0.752013000001,0,270,222,165,119,85,677,150,243,0,132,224,0,0,243,213,428,145,427,181,0,0,232,309,433,336,122,0,99,0,392,0,0,524,426,0,863,963,879,500,749,763,762,475
project/sim_ext.py --sim-time 1.5 --seq-graph project/file/graph_15_nodes.json --traffic project/file/traffic_15_nodes_random.json --inspection-rate 0.001 --mess-rate 0.002 --algorithm shortest,0.753312000001,0,270,222,165,120,85,682,150,243,0,132,225,0,0,243,213,429,145,427,183,0,0,232,309,433,336,122,0,100,0,392,0,0,524,428,0,863,963,879,504,749,763,763,475
project/sim_ext.py --sim-time 1.5 --seq-graph project/file/graph_15_nodes.json --traffic project/file/traffic_15_nodes_random.json --inspection-rate 0.001 --mess-rate 0.002 --algorithm shortest,0.754439999944,0,270,223,165,120,85,683,151,243,0,132,225,0,0,244,216,429,145,428,184,0,0,232,309,435,336,122,0,100,0,393,0,0,531,429,0,863,963,881,504,749,767,763,475
project/sim_ext.py --sim-time 1.5 --seq-graph project/file/graph_15_nodes.json --traffic project/file/traffic_15_nodes_random.json --inspection-rate 0.001 --mess-rate 0.002 --algorithm shortest,0.755467599997,0,270,224,165,120,85,684,151,243,0,133,225,0,0,245,216,429,145,428,184,0,0,232,312,436,336,123,0,101,0,395,0,0,532,429,0,866,963,882,504,750,768,772,480
project/sim_ext.py --sim-time 1.5 --seq-graph project/file/graph_15_nodes.json --traffic project/file/traffic_15_nodes_random.json --inspection-rate 0.001 --mess-rate 0.002 --algorithm shortest,0.75647499994,0,270,224,165,120,85,684,151,243,0,133,225,0,0,245,216,429,145,429,185,0,0,232,312,436,336,123,0,101,0,395,0,0,534,429,0,866,963,882,504,750,768,773,481
project/sim_ext.py --sim-time 1.5 --seq-graph project/file/graph_15_nodes.json --traffic project/file/traffic_15_nodes_random.json --inspection-rate 0.001 --mess-rate 0.002 --algorithm shortest,0.757615000001,0,270,225,165,120,85,685,152,243,0,133,227,0,0,250,216,429,145,431,185,0,0,232,312,436,336,123,0,101,0,395,0,0,538,429,0,866,963,882,504,750,768,773,481
project/sim_ext.py --sim-time 1.5 --seq-graph project/file/graph_15_nodes.json --traffic project/file/traffic_15_nodes_random.json --inspection-rate 0.001 --mess-rate 0.002 --algorithm shortest,0.758703000001,0,270,225,165,120,85,687,152,243,0,133,227,0,0,250,216,429,145,431,185,0,0,232,312,436,341,123,0,101,0,395,0,0,538,430,0,866,963,882,504,750,768,773,481
project/sim_ext.py --sim-time 1.5 --seq-graph project/file/graph_15_nodes.json --traffic project/file/traffic_15_nodes_random.json --inspection-rate 0.001 --mess-rate 0.002 --algorithm shortest,0.759804000001,0,270,225,165,120,85,688,152,243,0,133,227,0,0,250,216,429,145,431,185,0,0,232,313,437,344,123,0,101,0,398,0,0,538,432,0,869,963,882,504,750,768,773,481
project/sim_ext.py --sim-time 1.5 --seq-graph project/file/graph_15_nodes.json --traffic project/file/traffic_15_nodes_random.json --inspection-rate 0.001 --mess-rate 0.002 --algorithm shortest,0.760841000001,0,270,225,165,120,85,690,152,243,0,133,227,0,0,251,216,429,145,431,185,0,0,232,314,438,344,123,0,101,0,399,0,0,538,433,0,869,963,882,504,750,768,773,481
project/sim_ext.py --sim-time 1.5 --seq-graph project/file/graph_15_nodes.json --traffic project/file/traffic_15_nodes_random.json --inspection-rate 0.001 --mess-rate 0.002 --algorithm shortest,0.7618940000009999,0,270,225,165,120,85,690,152,243,0,133,227,0,0,251,216,429,145,431,185,0,0,232,314,438,344,123,0,101,0,399,0,0,538,433,0,869,963,882,504,750,768,773,481
project/sim_ext.py --sim-time 1.5 --seq-graph project/file/graph_15_nodes.json --traffic project/file/traffic_15_nodes_random.json --inspection-rate 0.001 --mess-rate 0.002 --algorithm shortest,0.762919000001,0,270,225,165,120,85,690,152,243,0,133,227,0,0,251,216,429,145,431,185,0,0,232,314,439,345,123,0,101,0,400,0,0,538,434,0,869,963,882,504,750,768,773,481
project/sim_ext.py --sim-time 1.5 --seq-graph project/file/graph_15_nodes.json --traffic project/file/traffic_15_nodes_random.json --inspection-rate 0.001 --mess-rate 0.002 --algorithm shortest,0.764003000001,0,270,225,165,120,85,690,152,243,0,133,227,0,0,252,216,430,148,431,185,0,0,232,314,440,345,123,0,101,0,401,0,0,538,434,0,869,963,882,504,750,768,773,482
project/sim_ext.py --sim-time 1.5 --seq-graph project/file/graph_15_nodes.json --traffic project/file/traffic_15_nodes_random.json --inspection-rate 0.001 --mess-rate 0.002 --algorithm shortest,0.7650037336267257,0,270,225,165,120,85,691,152,243,0,133,227,0,0,252,216,430,148,431,185,0,0,232,314,440,346,123,0,101,0,401,0,0,538,434,0,869,963,882,504,750,768,773,482
project/sim_ext.py --sim-time 1.5 --seq-graph project/file/graph_15_nodes.json --traffic project/file/traffic_15_nodes_random.json --inspection-rate 0.001 --mess-rate 0.002 --algorithm shortest,0.7661022941991337,0,270,225,165,120,85,691,152,243,0,133,227,0,0,252,216,430,148,436,185,0,0,232,315,440,346,123,0,101,0,401,0,0,538,434,0,869,963,882,504,750,768,773,483
project/sim_ext.py --sim-time 1.5 --seq-graph project/file/graph_15_nodes.json --traffic project/file/traffic_15_nodes_random.json --inspection-rate 0.001 --mess-rate 0.002 --algorithm shortest,0.767142000001,0,270,225,165,120,85,692,152,243,0,133,227,0,0,252,216,430,148,436,185,0,0,232,315,440,347,123,0,101,0,401,0,0,538,434,0,869,963,882,504,750,768,773,483
project/sim_ext.py --sim-time 1.5 --seq-graph project/file/graph_15_nodes.json --traffic project/file/traffic_15_nodes_random.json --inspection-rate 0.001 --mess-rate 0.002 --algorithm shortest,0.768184999936,0,270,225,165,120,85,694,152,243,0,133,227,0,0,252,216,430,148,436,185,0,0,232,315,440,347,123,0,101,0,401,0,0,538,434,0,869,963,882,504,750,768,773,483
project/sim_ext.py --sim-time 1.5 --seq-graph project/file/graph_15_nodes.json --traffic project/file/traffic_15_nodes_random.json --inspection-rate 0.001 --mess-rate 0.002 --algorithm shortest,0.7692720000009999,0,270,225,165,120,85,695,152,243,0,133,227,0,0,252,216,430,148,437,185,0,0,232,315,440,350,123,0,101,0,401,0,0,538,434,0,869,963,882,504,750,768,773,483
project/sim_ext.py --sim-time 1.5 --seq-graph project/file/graph_15_nodes.json --traffic project/file/traffic_15_nodes_random.json --inspection-rate 0.001 --mess-rate 0.002 --algorithm shortest,0.770323000001,0,270,225,165,120,85,695,152,243,0,133,227,0,0,252,216,430,148,437,185,0,0,232,315,443,350,123,0,101,0,405,0,0,538,434,0,869,963,882,504,750,768,773,483
project/sim_ext.py --sim-time 1.5 --seq-graph project/file/graph_15_nodes.json --traffic project/file/traffic_15_nodes_random.json --inspection-rate 0.001 --mess-rate 0.002 --algorithm shortest,0.771403000001,0,270,225,165,120,85,696,152,243,0,133,227,0,0,252,216,430,148,438,185,0,0,232,315,444,350,123,0,101,0,405,0,0,538,434,0,869,963,882,504,750,768,773,483
project/sim_ext.py --sim-time 1.5 --seq-graph project/file/graph_15_nodes.json --traffic project/file/traffic_15_nodes_random.json --inspection-rate 0.001 --mess-rate 0.002 --algorithm shortest,0.7724960000009999,0,270,225,165,120,85,696,152,243,0,133,227,0,0,252,216,430,148,439,185,0,0,232,315,444,350,123,0,101,0,405,0,0,538,434,0,869,963,882,504,750,768,773,483
project/sim_ext.py --sim-time 1.5 --seq-graph project/file/graph_15_nodes.json --traffic project/file/traffic_15_nodes_random.json --inspection-rate 0.001 --mess-rate 0.002 --algorithm shortest,0.773528000001,0,270,225,165,120,85,698,152,243,0,133,227,0,0,252,216,430,148,440,185,0,0,232,315,444,350,123,0,101,0,405,0,0,538,434,0,869,963,882,504,750,768,773,483
project/sim_ext.py --sim-time 1.5 --seq-graph project/file/graph_15_nodes.json --traffic project/file/traffic_15_nodes_random.json --inspection-rate 0.001 --mess-rate 0.002 --algorithm shortest,0.774611000001,0,270,225,165,120,85,700,152,243,0,133,227,0,0,252,216,430,148,440,185,0,0,232,315,447,351,123,0,101,0,405,0,0,538,437,0,869,963,882,504,750,768,773,483
project/sim_ext.py --sim-time 1.5 --seq-graph project/file/graph_15_nodes.json --traffic project/file/traffic_15_nodes_random.json --inspection-rate 0.001 --mess-rate 0.002 --algorithm shortest,0.775756000001,0,270,225,165,120,85,700,152,243,0,133,227,0,0,252,216,430,148,440,185,0,0,232,315,448,351,123,0,101,0,405,0,0,538,437,0,869,963,882,504,750,768,773,483
project/sim_ext.py --sim-time 1.5 --seq-graph project/file/graph_15_nodes.json --traffic project/file/traffic_15_nodes_random.json --inspection-rate 0.001 --mess-rate 0.002 --algorithm shortest,0.776798000001,0,270,225,165,120,85,700,152,243,0,133,227,0,0,252,216,430,148,440,185,0,0,232,315,448,351,123,0,101,0,405,0,0,538,437,0,869,963,882,504,750,768,773,483
project/sim_ext.py --sim-time 1.5 --seq-graph project/file/graph_15_nodes.json --traffic project/file/traffic_15_nodes_random.json --inspection-rate 0.001 --mess-rate 0.002 --algorithm shortest,0.777929000001,0,277,227,168,121,85,708,154,252,0,136,232,0,0,256,221,437,148,442,187,0,0,237,318,450,354,125,0,101,0,409,0,0,548,439,0,893,989,907,504,777,792,795,495
project/sim_ext.py --sim-time 1.5 --seq-graph project/file/graph_15_nodes.json --traffic project/file/traffic_15_nodes_random.json --inspection-rate 0.001 --mess-rate 0.002 --algorithm shortest,0.778998000001,0,280,228,168,121,85,708,155,253,0,136,233,0,0,256,221,440,149,442,189,0,0,238,319,451,355,126,0,101,0,410,0,0,551,440,0,894,993,908,504,779,795,799,495
project/sim_ext.py --sim-time 1.5 --seq-graph project/file/graph_15_nodes.json --traffic project/file/traffic_15_nodes_random.json --inspection-rate 0.001 --mess-rate 0.002 --algorithm shortest,0.780147000001,0,282,228,169,122,85,708,156,254,0,136,233,0,0,256,221,443,149,442,189,0,0,239,319,451,355,127,0,103,0,410,0,0,553,440,0,896,997,908,504,784,797,801,495
project/sim_ext.py --sim-time 1.5 --seq-graph project/file/graph_15_nodes.json --traffic project/file/traffic_15_nodes_random.json --inspection-rate 0.001 --mess-rate 0.002 --algorithm shortest,0.781195000001,0,283,228,171,122,88,712,157,257,0,137,234,0,0,256,221,444,150,445,189,0,0,241,321,455,356,127,0,103,0,412,0,0,555,442,0,899,1010,915,504,790,799,806,498
project/sim_ext.py --sim-time 1.5 --seq-graph project/file/graph_15_nodes.json --traffic project/file/traffic_15_nodes_random.json --inspection-rate 0.001 --mess-rate 0.002 --algorithm shortest,0.782308000001,0,285,228,171,122,88,712,157,260,0,137,234,0,0,256,221,447,150,445,190,0,0,241,321,455,356,127,0,104,0,413,0,0,557,442,0,899,1013,919,504,792,800,809,498
project/sim_ext.py --sim-time 1.5 --seq-graph project/file/graph_15_nodes.json --traffic project/file/traffic_15_nodes_random.json --inspection-rate 0.001 --mess-rate 0.002 --algorithm shortest,0.783505000001,0,285,228,172,123,88,714,157,260,0,137,236,0,0,256,221,448,150,446,190,0,0,243,323,458,356,128,0,104,0,417,0,0,557,443,0,903,1015,920,504,792,801,813,502
project/sim_ext.py --sim-time 1.5 --seq-graph project/file/graph_15_nodes.json --traffic project/file/traffic_15_nodes_random.json --inspection-rate 0.001 --mess-rate 0.002 --algorithm shortest,0.784633000001,0,285,228,172,123,88,716,158,260,0,137,236,0,0,257,221,448,151,447,192,0,0,243,323,458,356,129,0,104,0,420,0,0,558,446,0,905,1015,920,504,792,802,815,502
project/sim_ext.py --sim-time 1.5 --seq-graph project/file/graph_15_nodes.json --traffic project/file/traffic_15_nodes_random.json --inspection-rate 0.001 --mess-rate 0.002 --algorithm shortest,0.785759000001,0,285,228,174,123,88,716,158,260,0,140,236,0,0,259,221,448,154,448,192,0,0,243,323,460,356,129,0,104,0,420,0,0,561,446,0,906,1015,924,504,792,802,819,504
project/sim_ext.py --sim-time 1.5 --seq-graph project/file/graph_15_nodes.json --traffic project/file/traffic_15_nodes_random.json --inspection-rate 0.001 --mess-rate 0.002 --algorithm shortest,0.786794000001,0,285,228,174,123,88,717,158,260,0,140,236,0,0,260,221,448,154,448,192,0,0,243,324,462,356,129,0,104,0,420,0,0,561,447,0,906,1015,924,504,792,803,819,506
project/sim_ext.py --sim-time 1.5 --seq-graph project/file/graph_15_nodes.json --traffic project/file/traffic_15_nodes_random.json --inspection-rate 0.001 --mess-rate 0.002 --algorithm shortest,0.7881210000009999,0,285,228,174,123,88,718,158,260,0,140,236,0,0,261,221,448,154,448,192,0,0,243,325,463,356,129,0,104,0,420,0,0,561,448,0,906,1015,924,511,792,806,819,507
project/sim_ext.py --sim-time 1.5 --seq-graph project/file/graph_15_nodes.json --traffic project/file/traffic_15_nodes_random.json --inspection-rate 0.001 --mess-rate 0.002 --algorithm shortest,0.789284000001,0,285,228,174,123,88,718,158,260,0,140,236,0,0,262,221,448,154,448,192,0,0,243,325,464,356,129,0,104,0,421,0,0,561,448,0,906,1015,924,515,792,806,819,507
project/sim_ext.py --sim-time 1.5 --seq-graph project/file/graph_15_nodes.json --traffic project/file/traffic_15_nodes_random.json --inspection-rate 0.001 --mess-rate 0.002 --algorithm shortest,0.790627000001,0,285,229,174,123,88,719,158,260,0,140,236,0,0,262,221,448,154,451,192,0,0,243,326,466,356,129,0,104,0,421,0,0,561,448,0,906,1015,924,519,792,806,819,509
project/sim_ext.py --sim-time 1.5 --seq-graph project/file/graph_15_nodes.json --traffic project/file/traffic_15_nodes_random.json --inspection-rate 0.001 --mess-rate 0.002 --algorithm shortest,0.791710000001,0,285,229,174,123,88,720,158,260,0,140,236,0,0,263,221,448,154,452,192,0,0,243,326,466,356,129,0,104,0,421,0,0,561,448,0,906,1015,924,520,792,806,819,509
project/sim_ext.py --sim-time 1.5 --seq-graph project/file/graph_15_nodes.json --traffic project/file/traffic_15_nodes_random.json --inspection-rate 0.001 --mess-rate 0.002 --algorithm shortest,0.792734000001,0,285,229,174,123,88,721,158,260,0,140,236,0,0,263,221,448,154,452,192,0,0,243,326,466,356,129,0,104,0,421,0,0,561,448,0,906,1015,924,520,792,806,819,509
project/sim_ext.py --sim-time 1.5 --seq-graph project/file/graph_15_nodes.json --traffic project/file/traffic_15_nodes_random.json --inspection-rate 0.001 --mess-rate 0.002 --algorithm shortest,0.793796000001,0,285,229,174,123,88,721,158,260,0,140,237,0,0,264,221,448,154,452,192,0,0,243,326,467,356,129,0,104,0,425,0,0,561,448,0,906,1015,924,521,792,806,819,509
project/sim_ext.py --sim-time 1.5 --seq-graph project/file/graph_15_nodes.json --traffic project/file/traffic_15_nodes_random.json --inspection-rate 0.001 --mess-rate 0.002 --algorithm shortest,0.794822535202244,0,285,229,174,123,88,721,158,260,0,140,237,0,0,264,221,449,154,452,192,0,0,243,326,469,363,129,0,104,0,425,0,0,561,449,0,906,1015,924,524,792,806,819,509
project/sim_ext.py --sim-time 1.5 --seq-graph project/file/graph_15_nodes.json --traffic project/file/traffic_15_nodes_random.json --inspection-rate 0.001 --mess-rate 0.002 --algorithm shortest,0.795881000001,0,285,230,174,123,88,721,158,260,0,140,237,0,0,266,221,450,154,452,192,0,0,243,326,470,363,129,0,104,0,426,0,0,561,449,0,906,1015,924,524,792,806,819,509
project/sim_ext.py --sim-time 1.5 --seq-graph project/file/graph_15_nodes.json --traffic project/file/traffic_15_nodes_random.json --inspection-rate 0.001 --mess-rate 0.002 --algorithm shortest,0.7970840413226248,0,285,230,174,123,88,723,158,260,0,140,237,0,0,266,221,450,154,453,192,0,0,243,326,470,363,129,0,104,0,426,0,0,561,449,0,906,1015,924,524,792,806,819,509
project/sim_ext.py --sim-time 1.5 --seq-graph project/file/graph_15_nodes.json --traffic project/file/traffic_15_nodes_random.json --inspection-rate 0.001 --mess-rate 0.002 --algorithm shortest,0.7981630000009999,0,285,230,174,123,88,723,158,260,0,140,237,0,0,266,221,450,154,453,192,0,0,243,326,470,363,129,0,104,0,426,0,0,561,449,0,906,1015,924,526,792,806,819,509
project/sim_ext.py --sim-time 1.5 --seq-graph project/file/graph_15_nodes.json --traffic project/file/traffic_15_nodes_random.json --inspection-rate 0.001 --mess-rate 0.002 --algorithm shortest,0.799392000001,0,285,230,174,123,88,723,158,260,0,140,237,0,0,266,221,451,154,454,192,0,0,243,326,470,363,129,0,104,0,426,0,0,561,449,0,906,1015,924,526,792,806,819,509
project/sim_ext.py --sim-time 1.5 --seq-graph project/file/graph_15_nodes.json --traffic project/file/traffic_15_nodes_random.json --inspection-rate 0.001 --mess-rate 0.002 --algorithm shortest,0.8005423999969999,0,285,230,174,123,88,724,158,260,0,140,237,0,0,266,221,451,154,455,192,0,0,243,326,471,364,129,0,104,0,428,0,0,561,452,0,906,1015,924,528,792,806,819,509
project/sim_ext.py --sim-time 1.5 --seq-graph project/file/graph_15_nodes.json --traffic project/file/traffic_15_nodes_random.json --inspection-rate 0.001 --mess-rate 0.002 --algorithm shortest,0.801574999936,0,285,230,174,123,88,724,158,260,0,140,237,0,0,266,221,451,154,455,192,0,0,243,326,473,364,129,0,104,0,430,0,0,561,452,0,906,1015,924,528,792,806,819,509
project/sim_ext.py --sim-time 1.5 --seq-graph project/file/graph_15_nodes.json --traffic project/file/traffic_15_nodes_random.json --inspection-rate 0.001 --mess-rate 0.002 --algorithm shortest,0.802752999997,0,285,230,174,123,88,724,158,260,0,140,237,0,0,266,221,451,154,455,192,0,0,243,326,474,367,129,0,104,0,432,0,0,561,453,0,906,1015,924,528,792,806,819,509
project/sim_ext.py --sim-time 1.5 --seq-graph project/file/graph_15_nodes.json --traffic project/file/traffic_15_nodes_random.json --inspection-rate 0.001 --mess-rate 0.002 --algorithm shortest,0.804005000001,0,285,230,174,123,88,724,158,260,0,140,237,0,0,266,221,451,154,458,192,0,0,243,326,474,368,129,0,104,0,432,0,0,561,453,0,906,1015,924,528,792,806,819,509
project/sim_ext.py --sim-time 1.5 --seq-graph project/file/graph_15_nodes.json --traffic project/file/traffic_15_nodes_random.json --inspection-rate 0.001 --mess-rate 0.002 --algorithm shortest,0.8050288745749632,0,285,230,174,123,88,725,158,260,0,140,237,0,0,266,221,451,154,459,192,0,0,243,326,474,369,129,0,104,0,434,0,0,561,454,0,906,1015,924,528,792,806,819,509
project/sim_ext.py --sim-time 1.5 --seq-graph project/file/graph_15_nodes.json --traffic project/file/traffic_15_nodes_random.json --inspection-rate 0.001 --mess-rate 0.002 --algorithm shortest,0.8060470000009999,0,285,230,174,123,88,725,158,260,0,140,237,0,0,266,221,451,154,459,192,0,0,243,326,474,369,129,0,104,0,434,0,0,561,457,0,906,1015,924,528,792,806,819,509
project/sim_ext.py --sim-time 1.5 --seq-graph project/file/graph_15_nodes.json --traffic project/file/traffic_15_nodes_random.json --inspection-rate 0.001 --mess-rate 0.002 --algorithm shortest,0.8071739063928768,0,285,230,174,123,88,725,158,260,0,140,237,0,0,266,221,451,154,460,192,0,0,243,326,474,369,129,0,104,0,434,0,0,561,458,0,906,1015,924,528,792,806,819,509
project/sim_ext.py --sim-time 1.5 --seq-graph project/file/graph_15_nodes.json --traffic project/file/traffic_15_nodes_random.json --inspection-rate 0.001 --mess-rate 0.002 --algorithm shortest,0.808239999997,0,285,230,174,123,88,728,158,260,0,140,237,0,0,266,221,451,154,460,192,0,0,243,326,475,369,129,0,104,0,434,0,0,561,458,0,906,1015,935,528,792,806,819,509
project/sim_ext.py --sim-time 1.5 --seq-graph project/file/graph_15_nodes.json --traffic project/file/traffic_15_nodes_random.json --inspection-rate 0.001 --mess-rate 0.002 --algorithm shortest,0.809241000001,0,285,230,174,123,88,729,158,260,0,140,237,0,0,266,221,451,154,460,192,0,0,243,326,477,369,129,0,104,0,434,0,0,561,458,0,906,1015,935,528,792,806,819,509
project/sim_ext.py --sim-time 1.5 --seq-graph project/file/graph_15_nodes.json --traffic project/file/traffic_15_nodes_random.json --inspection-rate 0.001 --mess-rate 0.002 --algorithm shortest,0.810253000001,0,285,230,174,123,88,729,158,260,0,140,237,0,0,266,221,451,154,463,192,0,0,243,326,478,369,129,0,104,0,434,0,0,561,458,0,906,1015,935,528,792,806,819,509
project/sim_ext.py --sim-time 1.5 --seq-graph project/file/graph_15_nodes.json --traffic project/file/traffic_15_nodes_random.json --inspection-rate 0.001 --mess-rate 0.002 --algorithm shortest,0.811366000001,0,285,230,174,123,88,730,158,260,0,140,237,0,0,266,221,451,154,463,192,0,0,243,326,479,369,129,0,104,0,434,0,0,561,458,0,906,1015,936,528,792,806,819,509
project/sim_ext.py --sim-time 1.5 --seq-graph project/file/graph_15_nodes.json --traffic project/file/traffic_15_nodes_random.json --inspection-rate 0.001 --mess-rate 0.002 --algorithm shortest,0.812403000001,0,285,230,174,123,88,731,158,260,0,140,237,0,0,266,221,451,154,463,192,0,0,243,326,479,369,129,0,104,0,434,0,0,561,458,0,906,1015,937,528,792,806,819,509
project/sim_ext.py --sim-time 1.5 --seq-graph project/file/graph_15_nodes.json --traffic project/file/traffic_15_nodes_random.json --inspection-rate 0.001 --mess-rate 0.002 --algorithm shortest,0.8134724667699628,0,285,230,174,123,88,731,158,260,0,140,237,0,0,266,221,451,154,465,192,0,0,243,326,479,369,129,0,104,0,434,0,0,561,458,0,906,1015,937,528,792,806,819,509
project/sim_ext.py --sim-time 1.5 --seq-graph project/file/graph_15_nodes.json --traffic project/file/traffic_15_nodes_random.json --inspection-rate 0.001 --mess-rate 0.002 --algorithm shortest,0.814535000001,0,285,230,174,123,88,731,158,260,0,140,237,0,0,266,221,451,154,465,192,0,0,243,326,479,371,129,0,104,0,434,0,0,561,459,0,906,1015,937,528,792,806,819,509
project/sim_ext.py --sim-time 1.5 --seq-graph project/file/graph_15_nodes.json --traffic project/file/traffic_15_nodes_random.json --inspection-rate 0.001 --mess-rate 0.002 --algorithm shortest,0.8155680000009999,0,285,230,174,123,88,732,158,260,0,140,237,0,0,266,221,451,154,465,192,0,0,243,326,481,371,129,0,104,0,438,0,0,561,459,0,906,1015,938,528,792,806,819,509
project/sim_ext.py --sim-time 1.5 --seq-graph project/file/graph_15_nodes.json --traffic project/file/traffic_15_nodes_random.json --inspection-rate 0.001 --mess-rate 0.002 --algorithm shortest,0.8166729999969999,0,285,230,174,123,88,733,158,260,0,140,237,0,0,266,221,451,154,465,192,0,0,243,326,481,371,129,0,104,0,439,0,0,561,459,0,906,1015,939,528,792,806,819,509
project/sim_ext.py --sim-time 1.5 --seq-graph project/file/graph_15_nodes.json --traffic project/file/traffic_15_nodes_random.json --inspection-rate 0.001 --mess-rate 0.002 --algorithm shortest,0.8177252292057375,0,285,230,174,123,88,735,158,260,0,140,237,0,0,266,221,451,154,465,192,0,0,243,326,481,371,129,0,104,0,439,0,0,561,459,0,906,1015,939,528,792,806,819,509
project/sim_ext.py --sim-time 1.5 --seq-graph project/file/graph_15_nodes.json --traffic project/file/traffic_15_nodes_random.json --inspection-rate 0.001 --mess-rate 0.002 --algorithm shortest,0.818787199997,0,293,236,178,125,88,744,159,266,0,140,237,0,0,270,224,460,164,466,194,0,0,248,331,483,371,135,0,109,0,441,0,0,570,459,0,924,1039,953,528,811,827,845,516
project/sim_ext.py --sim-time 1.5 --seq-graph project/file/graph_15_nodes.json --traffic project/file/traffic_15_nodes_random.json --inspection-rate 0.001 --mess-rate 0.002 --algorithm shortest,0.819789000001,0,298,237,179,125,89,744,159,267,0,140,239,0,0,272,225,460,165,469,194,0,0,255,332,484,371,135,0,109,0,442,0,0,572,459,0,925,1039,957,528,813,832,848,523
project/sim_ext.py --sim-time 1.5 --seq-graph project/file/graph_15_nodes.json --traffic project/file/traffic_15_nodes_random.json --inspection-rate 0.001 --mess-rate 0.002 --algorithm shortest,0.820818000001,0,298,237,179,125,90,744,160,267,0,140,240,0,0,272,225,460,165,469,194,0,0,256,332,484,371,136,0,109,0,442,0,0,573,459,0,930,1040,957,528,818,833,848,528
project/sim_ext.py --sim-time 1.5 --seq-graph project/file/graph_15_nodes.json --traffic project/file/traffic_15_nodes_random.json --inspection-rate 0.001 --mess-rate 0.002 --algorithm shortest,0.822213000001,0,302,239,184,125,90,745,161,271,0,140,240,0,0,272,226,460,165,470,196,0,0,256,334,485,372,137,0,109,0,446,0,0,578,465,0,932,1048,957,528,821,840,851,530
project/sim_ext.py --sim-time 1.5 --seq-graph project/file/graph_15_nodes.json --traffic project/file/traffic_15_nodes_random.json --inspection-rate 0.001 --mess-rate 0.002 --algorithm shortest,0.823337000001,0,304,239,184,125,92,745,161,271,0,144,243,0,0,272,226,461,165,471,196,0,0,256,336,485,372,138,0,109,0,448,0,0,579,467,0,935,1057,957,528,822,841,853,531
project/sim_ext.py --sim-time 1.5 --seq-graph project/file/graph_15_nodes.json --traffic project/file/traffic_15_nodes_random.json --inspection-rate 0.001 --mess-rate 0.002 --algorithm shortest,0.824429000001,0,304,239,185,125,93,745,161,271,0,144,245,0,0,272,226,461,165,472,196,0,0,257,336,485,372,138,0,109,0,448,0,0,580,467,0,938,1057,957,528,824,843,855,532
project/sim_ext.py --sim-time 1.5 --seq-graph project/file/graph_15_nodes.json --traffic project/file/traffic_15_nodes_random.json --inspection-rate 0.001 --mess-rate 0.002 --algorithm shortest,0.8255020000009999,0,304,240,185,127,93,751,164,271,0,145,245,0,0,273,227,465,165,475,198,0,0,257,336,486,373,138,0,109,0,451,0,0,581,468,0,940,1061,957,528,824,844,862,534
project/sim_ext.py --sim-time 1.5 --seq-graph project/file/graph_15_nodes.json --traffic project/file/traffic_15_nodes_random.json --inspection-rate 0.001 --mess-rate 0.002 --algorithm shortest,0.826550399997,0,304,240,185,127,93,751,164,271,0,145,245,0,0,274,227,466,166,475,199,0,0,257,338,487,373,138,0,109,0,452,0,0,582,468,0,946,1061,957,528,825,845,862,537
project/sim_ext.py --sim-time 1.5 --seq-graph project/file/graph_15_nodes.json --traffic project/file/traffic_15_nodes_random.json --inspection-rate 0.001 --mess-rate 0.002 --algorithm shortest,0.827584999997,0,304,240,185,127,93,751,164,271,0,145,245,0,0,274,227,467,166,475,200,0,0,257,338,488,373,138,0,109,0,454,0,0,582,468,0,947,1062,957,528,828,845,862,537
project/sim_ext.py --sim-time 1.5 --seq-graph project/file/graph_15_nodes.json --traffic project/file/traffic_15_nodes_random.json --inspection-rate 0.001 --mess-rate 0.002 --algorithm shortest,0.828603000001,0,304,242,185,128,93,751,164,271,0,145,245,0,0,274,227,469,166,475,200,0,0,257,338,488,373,138,0,109,0,455,0,0,583,468,0,948,1062,957,528,830,846,862,537
project/sim_ext.py --sim-time 1.5 --seq-graph project/file/graph_15_nodes.json --traffic project/file/traffic_15_nodes_random.json --inspection-rate 0.001 --mess-rate 0.002 --algorithm shortest,0.8297048658267422,0,304,243,185,128,93,751,164,271,0,145,245,0,0,275,227,469,167,475,200,0,0,257,339,488,373,138,0,109,0,455,0,0,583,468,0,948,1062,957,540,830,846,862,540
project/sim_ext.py --sim-time 1.5 --seq-graph project/file/graph_15_nodes.json --traffic project/file/traffic_15_nodes_random.json --inspection-rate 0.001 --mess-rate 0.002 --algorithm shortest,0.830724000001,0,304,244,185,128,93,751,164,271,0,145,245,0,0,275,227,471,167,479,201,0,0,257,339,489,374,138,0,109,0,455,0,0,583,472,0,948,1062,957,547,830,846,862,540
project/sim_ext.py --sim-time 1.5 --seq-graph project/file/graph_15_nodes.json --traffic project/file/traffic_15_nodes_random.json --inspection-rate 0.001 --mess-rate 0.002 --algorithm shortest,0.831922000001,0,304,244,185,128,93,752,165,271,0,145,248,0,0,276,230,472,167,480,201,0,0,257,339,489,374,138,0,109,0,455,0,0,585,472,0,948,1062,957,547,830,846,862,540
project/sim_ext.py --sim-time 1.5 --seq-graph project/file/graph_15_nodes.json --traffic project/file/traffic_15_nodes_random.json --inspection-rate 0.001 --mess-rate 0.002 --algorithm shortest,0.833096000001,0,304,246,185,128,93,752,166,271,0,145,248,0,0,278,230,472,167,480,203,0,0,257,339,489,374,138,0,109,0,455,0,0,586,472,0,948,1062,957,550,830,846,862,540
project/sim_ext.py --sim-time 1.5 --seq-graph project/file/graph_15_nodes.json --traffic project/file/traffic_15_nodes_random.json --inspection-rate 0.001 --mess-rate 0.002 --algorithm shortest,0.834349799997,0,304,246,185,128,93,754,166,271,0,145,248,0,0,278,230,473,167,480,204,0,0,257,339,490,374,138,0,109,0,456,0,0,586,472,0,948,1062,957,550,830,846,862,540
project/sim_ext.py --sim-time 1.5 --seq-graph project/file/graph_15_nodes.json --traffic project/file/traffic_15_nodes_random.json --inspection-rate 0.001 --mess-rate 0.002 --algorithm shortest,0.8355943252522221,0,304,246,185,128,93,755,166,271,0,145,248,0,0,278,230,474,167,480,204,0,0,257,339,490,374,138,0,109,0,458,0,0,586,472,0,948,1062,957,552,830,846,862,540
project/sim_ext.py --sim-time 1.5 --seq-graph project/file/graph_15_nodes.json --traffic project/file/traffic_15_nodes_random.json --inspection-rate 0.001 --mess-rate 0.002 --algorithm shortest,0.836605000001,0,304,246,185,128,93,755,166,271,0,145,248,0,0,278,230,474,167,480,204,0,0,257,339,492,379,138,0,109,0,459,0,0,586,473,0,948,1062,957,553,830,846,862,540
project/sim_ext.py --sim-time 1.5 --seq-graph project/file/graph_15_nodes.json --traffic project/file/traffic_15_nodes_random.json --inspection-rate 0.001 --mess-rate 0.002 --algorithm shortest,0.838068000001,0,304,246,185,128,93,755,167,271,0,145,248,0,0,278,233,474,167,483,204,0,0,257,339,492,379,138,0,109,0,459,0,0,587,473,0,948,1062,957,554,830,846,862,540
project/sim_ext.py --sim-time 1.5 --seq-graph project/file/graph_15_nodes.json --traffic project/file/traffic_15_nodes_random.json --inspection-rate 0.001 --mess-rate 0.002 --algorithm shortest,0.839099000001,0,304,246,185,128,93,755,167,271,0,145,248,0,0,278,234,474,167,483,204,0,0,257,339,493,379,138,0,109,0,461,0,0,587,473,0,948,1062,957,554,830,846,862,540
project/sim_ext.py --sim-time 1.5 --seq-graph project/file/graph_15_nodes.json --traffic project/file/traffic_15_nodes_random.json --inspection-rate 0.001 --mess-rate 0.002 --algorithm shortest,0.8401877473888998,0,304,246,185,128,93,755,167,271,0,145,248,0,0,278,237,474,167,483,204,0,0,257,339,494,380,138,0,109,0,462,0,0,588,475,0,948,1062,957,554,830,846,862,540
project/sim_ext.py --sim-time 1.5 --seq-graph project/file/graph_15_nodes.json --traffic project/file/traffic_15_nodes_random.json --inspection-rate 0.001 --mess-rate 0.002 --algorithm shortest,0.841304000001,0,304,246,185,128,93,755,167,271,0,145,248,0,0,278,237,474,167,483,204,0,0,257,339,494,381,138,0,109,0,462,0,0,588,476,0,948,1062,957,559,830,846,862,540
project/sim_ext.py --sim-time 1.5 --seq-graph project/file/graph_15_nodes.json --traffic project/file/traffic_15_nodes_random.json --inspection-rate 0.001 --mess-rate 0.002 --algorithm shortest,0.842317799997,0,304,246,185,128,93,755,169,271,0,145,248,0,0,278,238,474,167,484,205,0,0,257,339,494,382,138,0,109,0,462,0,0,588,476,0,948,1062,957,559,830,846,862,540
project/sim_ext.py --sim-time 1.5 --seq-graph project/file/graph_15_nodes.json --traffic project/file/traffic_15_nodes_random.json --inspection-rate 0.001 --mess-rate 0.002 --algorithm shortest,0.8434317996006861,0,304,246,185,128,93,755,169,271,0,145,248,0,0,278,238,474,167,485,206,0,0,257,339,495,383,138,0,109,0,463,0,0,588,478,0,948,1062,957,559,830,846,862,540
project/sim_ext.py --sim-time 1.5 --seq-graph project/file/graph_15_nodes.json --traffic project/file/traffic_15_nodes_random.json --inspection-rate 0.001 --mess-rate 0.002 --algorithm shortest,0.844449000001,0,304,246,185,128,93,755,169,271,0,145,248,0,0,278,238,474,167,485,207,0,0,257,339,496,384,138,0,109,0,463,0,0,588,479,0,948,1062,957,559,830,846,862,540
project/sim_ext.py --sim-time 1.5 --seq-graph project/file/graph_15_nodes.json --traffic project/file/traffic_15_nodes_random.json --inspection-rate 0.001 --mess-rate 0.002 --algorithm shortest,0.845471000001,0,304,246,185,128,93,756,170,271,0,145,248,0,0,278,238,474,167,485,207,0,0,257,339,496,384,138,0,109,0,463,0,0,588,479,0,948,1062,957,559,830,846,862,540
project/sim_ext.py --sim-time 1.5 --seq-graph project/file/graph_15_nodes.json --traffic project/file/traffic_15_nodes_random.json --inspection-rate 0.001 --mess-rate 0.002 --algorithm shortest,0.846473000001,0,304,246,185,128,93,756,171,271,0,145,248,0,0,278,241,474,167,485,207,0,0,257,339,497,384,138,0,109,0,463,0,0,590,479,0,948,1062,957,559,830,846,862,540
project/sim_ext.py --sim-time 1.5 --seq-graph project/file/graph_15_nodes.json --traffic project/file/traffic_15_nodes_random.json --inspection-rate 0.001 --mess-rate 0.002 --algorithm shortest,0.847626000001,0,304,246,185,128,93,756,171,271,0,145,248,0,0,278,241,474,167,485,207,0,0,257,339,498,384,138,0,109,0,464,0,0,590,479,0,948,1062,957,559,830,846,862,540
project/sim_ext.py --sim-time 1.5 --seq-graph project/file/graph_15_nodes.json --traffic project/file/traffic_15_nodes_random.json --inspection-rate 0.001 --mess-rate 0.002 --algorithm shortest,0.8486837926349926,0,304,246,185,128,93,757,171,271,0,145,248,0,0,278,241,474,167,486,207,0,0,257,339,498,384,138,0,109,0,464,0,0,590,479,0,948,1062,957,559,830,846,862,540
project/sim_ext.py --sim-time 1.5 --seq-graph project/file/graph_15_nodes.json --traffic project/file/traffic_15_nodes_random.json --inspection-rate 0.001 --mess-rate 0.002 --algorithm shortest,0.849734000001,0,306,253,188,131,93,764,172,280,0,148,251,0,0,280,244,484,170,487,209,0,0,262,348,503,385,140,0,112,0,466,0,0,600,481,0,973,1093,983,559,849,873,889,549
project/sim_ext.py --sim-time 1.5 --seq-graph project/file/graph_15_nodes.json --traffic project/file/traffic_15_nodes_random.json --inspection-rate 0.001 --mess-rate 0.002 --algorithm shortest,0.850798000001,0,306,253,189,131,96,765,172,283,0,148,251,0,0,281,247,484,170,488,210,0,0,264,348,504,385,140,0,113,0,467,0,0,603,481,0,974,1096,984,559,850,874,890,550
project/sim_ext.py --sim-time 1.5 --seq-graph project/file/graph_15_nodes.json --traffic project/file/traffic_15_nodes_random.json --inspection-rate 0.001 --mess-rate 0.002 --algorithm shortest,0.851819999929,0,306,253,189,132,97,766,172,283,0,149,252,0,0,282,250,486,170,489,210,0,0,267,348,506,387,140,0,113,0,467,0,0,606,482,0,977,1101,995,559,854,875,890,550
project/sim_ext.py --sim-time 1.5 --seq-graph project/file/graph_15_nodes.json --traffic project/file/traffic_15_nodes_random.json --inspection-rate 0.001 --mess-rate 0.002 --algorithm shortest,0.8528223999969999,0,307,253,190,134,97,768,172,287,0,149,252,0,0,282,250,487,172,490,213,0,0,268,354,507,387,140,0,114,0,469,0,0,607,482,0,980,1104,1000,559,859,877,895,552
project/sim_ext.py --sim-time 1.5 --seq-graph project/file/graph_15_nodes.json --traffic project/file/traffic_15_nodes_random.json --inspection-rate 0.001 --mess-rate 0.002 --algorithm shortest,0.853850599997,0,308,254,193,134,98,768,172,289,0,149,252,0,0,283,250,487,173,490,213,0,0,269,357,507,388,140,0,114,0,469,0,0,607,485,0,983,1109,1002,559,863,877,896,554
project/sim_ext.py --sim-time 1.5 --seq-graph project/file/graph_15_nodes.json --traffic project/file/traffic_15_nodes_random.json --inspection-rate 0.001 --mess-rate 0.002 --algorithm shortest,0.854952000001,0,308,254,193,134,98,771,173,289,0,149,252,0,0,285,250,489,173,493,215,0,0,269,357,507,388,140,0,115,0,469,0,0,610,487,0,985,1110,1004,559,867,880,900,554
project/sim_ext.py --sim-time 1.5 --seq-graph project/file/graph_15_nodes.json --traffic project/file/traffic_15_nodes_random.json --inspection-rate 0.001 --mess-rate 0.002 --algorithm shortest,0.856096999997,0,308,255,193,134,98,772,174,289,0,152,255,0,0,285,250,491,174,493,215,0,0,269,360,507,388,140,0,115,0,469,0,0,611,488,0,986,1111,1004,559,869,883,902,554
project/sim_ext.py --sim-time 1.5 --seq-graph project/file/graph_15_nodes.json --traffic project/file/traffic_15_nodes_random.json --inspection-rate 0.001 --mess-rate 0.002 --algorithm shortest,0.857171000001,0,308,255,193,134,98,772,175,289,0,152,255,0,0,287,250,491,175,493,215,0,0,269,360,507,388,141,0,115,0,469,0,0,612,488,0,986,1111,1005,559,869,884,905,554
project/sim_ext.py --sim-time 1.5 --seq-graph project/file/graph_15_nodes.json --traffic project/file/traffic_15_nodes_random.json --inspection-rate 0.001 --mess-rate 0.002 --algorithm shortest,0.858183000001,0,308,255,193,137,98,772,175,289,0,152,255,0,0,288,250,492,175,494,215,0,0,269,361,513,388,141,0,115,0,470,0,0,612,488,0,986,1111,1005,559,870,884,905,554
project/sim_ext.py --sim-time 1.5 --seq-graph project/file/graph_15_nodes.json --traffic project/file/traffic_15_nodes_random.json --inspection-rate 0.001 --mess-rate 0.002 --algorithm shortest,0.859298000001,0,308,255,193,137,98,774,175,289,0,152,255,0,0,290,250,492,176,494,215,0,0,269,362,514,390,141,0,115,0,471,0,0,612,489,0,994,1111,1005,559,871,884,905,554
project/sim_ext.py --sim-time 1.5 --seq-graph project/file/graph_15_nodes.json --traffic project/file/traffic_15_nodes_random.json --inspection-rate 0.001 --mess-rate 0.002 --algorithm shortest,0.860500000001,0,308,255,193,137,98,774,175,289,0,152,255,0,0,291,250,493,176,494,215,0,0,269,362,514,391,141,0,115,0,472,0,0,612,489,0,994,1111,1005,559,871,884,905,554
project/sim_ext.py --sim-time 1.5 --seq-graph project/file/graph_15_nodes.json --traffic project/file/traffic_15_nodes_random.json --inspection-rate 0.001 --mess-rate 0.002 --algorithm shortest,0.861543000001,0,308,255,193,137,98,775,175,289,0,152,255,0,0,291,250,493,176,495,215,0,0,269,362,514,391,141,0,115,0,472,0,0,612,489,0,994,1111,1005,559,872,884,905,554
project/sim_ext.py --sim-time 1.5 --seq-graph project/file/graph_15_nodes.json --traffic project/file/traffic_15_nodes_random.json --inspection-rate 0.001 --mess-rate 0.002 --algorithm shortest,0.8629299999969999,0,308,255,193,137,98,775,175,289,0,152,255,0,0,291,250,493,176,500,215,0,0,269,362,516,393,141,0,115,0,472,0,0,612,489,0,994,1111,1005,559,872,884,905,554
project/sim_ext.py --sim-time 1.5 --seq-graph project/file/graph_15_nodes.json --traffic project/file/traffic_15_nodes_random.json --inspection-rate 0.001 --mess-rate 0.002 --algorithm shortest,0.8641182660047982,0,308,255,193,137,98,775,175,289,0,152,255,0,0,291,250,493,176,500,215,0,0,269,362,516,395,141,0,115,0,472,0,0,612,491,0,994,1111,1005,559,872,884,905,554
project/sim_ext.py --sim-time 1.5 --seq-graph project/file/graph_15_nodes.json --traffic project/file/traffic_15_nodes_random.json --inspection-rate 0.001 --mess-rate 0.002 --algorithm shortest,0.865139000001,0,308,255,193,137,98,776,175,289,0,152,260,0,0,291,250,493,176,500,215,0,0,269,362,516,395,141,0,115,0,472,0,0,612,491,0,994,1111,1005,559,872,884,905,554
project/sim_ext.py --sim-time 1.5 --seq-graph project/file/graph_15_nodes.json --traffic project/file/traffic_15_nodes_random.json --inspection-rate 0.001 --mess-rate 0.002 --algorithm shortest,0.866156000001,0,308,255,193,137,98,779,175,289,0,152,260,0,0,291,250,494,176,501,215,0,0,269,362,517,397,141,0,115,0,473,0,0,612,491,0,994,1111,1005,559,872,884,905,554
project/sim_ext.py --sim-time 1.5 --seq-graph project/file/graph_15_nodes.json --traffic project/file/traffic_15_nodes_random.json --inspection-rate 0.001 --mess-rate 0.002 --algorithm shortest,0.8671610000009999,0,308,255,193,137,98,780,175,289,0,152,260,0,0,291,250,494,176,501,215,0,0,269,362,519,397,141,0,115,0,474,0,0,612,491,0,994,1111,1005,559,872,884,905,554
project/sim_ext.py --sim-time 1.5 --seq-graph project/file/graph_15_nodes.json --traffic project/file/traffic_15_nodes_random.json --inspection-rate 0.001 --mess-rate 0.002 --algorithm shortest,0.868195000001,0,308,255,193,137,98,780,175,289,0,152,260,0,0,291,250,494,176,501,215,0,0,269,362,519,397,141,0,115,0,474,0,0,612,491,0,994,1111,1005,559,872,884,905,554
project/sim_ext.py --sim-time 1.5 --seq-graph project/file/graph_15_nodes.json --traffic project/file/traffic_15_nodes_random.json --inspection-rate 0.001 --mess-rate 0.002 --algorithm shortest,0.8692380000009999,0,308,255,193,137,98,780,175,289,0,152,260,0,0,291,250,494,176,502,215,0,0,269,362,519,397,141,0,115,0,474,0,0,612,491,0,994,1111,1005,559,872,884,905,554
project/sim_ext.py --sim-time 1.5 --seq-graph project/file/graph_15_nodes.json --traffic project/file/traffic_15_nodes_random.json --inspection-rate 0.001 --mess-rate 0.002 --algorithm shortest,0.870263999997,0,308,255,193,137,98,780,175,289,0,152,260,0,0,291,250,494,176,503,215,0,0,269,362,520,399,141,0,115,0,474,0,0,612,495,0,994,1111,1005,559,872,884,905,554
project/sim_ext.py --sim-time 1.5 --seq-graph project/file/graph_15_nodes.json --traffic project/file/traffic_15_nodes_random.json --inspection-rate 0.001 --mess-rate 0.002 --algorithm shortest,0.871418000001,0,308,257,193,137,98,781,175,289,0,152,260,0,0,293,250,494,176,503,215,0,0,269,362,522,399,141,0,115,0,475,0,0,612,496,0,994,1111,1005,574,872,884,905,554
project/sim_ext.py --sim-time 1.5 --seq-graph project/file/graph_15_nodes.json --traffic project/file/traffic_15_nodes_random.json --inspection-rate 0.001 --mess-rate 0.002 --algorithm shortest,0.872447000001,0,308,257,193,137,98,782,175,289,0,152,260,0,0,293,250,494,176,503,215,0,0,269,362,523,399,141,0,115,0,475,0,0,612,496,0,994,1111,1005,574,872,884,905,554
project/sim_ext.py --sim-time 1.5 --seq-graph project/file/graph_15_nodes.json --traffic project/file/traffic_15_nodes_random.json --inspection-rate 0.001 --mess-rate 0.002 --algorithm shortest,0.873513000001,0,308,257,193,137,98,782,175,289,0,152,260,0,0,293,250,494,176,503,215,0,0,269,362,523,403,141,0,115,0,475,0,0,612,497,0,994,1111,1005,574,872,884,905,554
project/sim_ext.py --sim-time 1.5 --seq-graph project/file/graph_15_nodes.json --traffic project/file/traffic_15_nodes_random.json --inspection-rate 0.001 --mess-rate 0.002 --algorithm shortest,0.8745760037760759,0,308,257,193,137,98,783,175,289,0,152,260,0,0,293,250,494,176,503,215,0,0,269,362,523,404,141,0,115,0,475,0,0,612,497,0,994,1111,1005,574,872,884,905,554
project/sim_ext.py --sim-time 1.5 --seq-graph project/file/graph_15_nodes.json --traffic project/file/traffic_15_nodes_random.json --inspection-rate 0.001 --mess-rate 0.002 --algorithm shortest,0.875661000001,0,308,257,193,137,98,784,175,289,0,152,263,0,0,293,250,494,176,507,215,0,0,269,362,524,404,141,0,115,0,475,0,0,612,497,0,994,1111,1005,575,872,884,905,554
project/sim_ext.py --sim-time 1.5 --seq-graph project/file/graph_15_nodes.json --traffic project/file/traffic_15_nodes_random.json --inspection-rate 0.001 --mess-rate 0.002 --algorithm shortest,0.8767922700103763,0,308,257,193,137,98,786,175,289,0,152,263,0,0,293,250,494,176,507,215,0,0,269,362,525,404,141,0,115,0,476,0,0,612,497,0,994,1111,1005,575,872,884,905,554
project/sim_ext.py --sim-time 1.5 --seq-graph project/file/graph_15_nodes.json --traffic project/file/traffic_15_nodes_random.json --inspection-rate 0.001 --mess-rate 0.002 --algorithm shortest,0.877863000001,0,308,257,193,137,98,786,175,289,0,152,263,0,0,293,250,494,176,508,215,0,0,269,362,525,405,141,0,115,0,476,0,0,612,500,0,994,1111,1005,575,872,884,905,554
project/sim_ext.py --sim-time 1.5 --seq-graph project/file/graph_15_nodes.json --traffic project/file/traffic_15_nodes_random.json --inspection-rate 0.001 --mess-rate 0.002 --algorithm shortest,0.878934999925,0,308,257,193,137,98,786,175,289,0,152,263,0,0,293,250,494,176,508,215,0,0,269,362,525,405,141,0,115,0,479,0,0,612,500,0,994,1111,1005,577,872,884,905,554
project/sim_ext.py --sim-time 1.5 --seq-graph project/file/graph_15_nodes.json --traffic project/file/traffic_15_nodes_random.json --inspection-rate 0.001 --mess-rate 0.002 --algorithm shortest,0.879990399997,0,308,260,194,139,98,791,176,289,0,152,266,0,0,296,257,494,179,510,216,0,0,275,365,526,405,142,0,116,0,480,0,0,613,503,0,1007,1123,1019,590,884,898,919,562
project/sim_ext.py --sim-time 1.5 --seq-graph project/file/graph_15_nodes.json --traffic project/file/traffic_15_nodes_random.json --inspection-rate 0.001 --mess-rate 0.002 --algorithm shortest,0.880994000001,0,308,263,201,140,99,793,176,289,0,152,266,0,0,296,258,494,179,510,216,0,0,275,369,527,405,143,0,117,0,483,0,0,616,503,0,1013,1125,1027,594,884,907,934,564
project/sim_ext.py --sim-time 1.5 --seq-graph project/file/graph_15_nodes.json --traffic project/file/traffic_15_nodes_random.json --inspection-rate 0.001 --mess-rate 0.002 --algorithm shortest,0.882003000001,0,308,263,201,140,99,793,176,289,0,152,266,0,0,296,258,494,179,510,216,0,0,275,370,527,407,143,0,117,0,483,0,0,616,504,0,1014,1125,1027,594,887,907,937,567
project/sim_ext.py --sim-time 1.5 --seq-graph project/file/graph_15_nodes.json --traffic project/file/traffic_15_nodes_random.json --inspection-rate 0.001 --mess-rate 0.002 --algorithm shortest,0.883078000001,0,308,264,201,140,99,793,176,289,0,152,268,0,0,296,259,494,182,510,218,0,0,275,371,529,409,143,0,117,0,487,0,0,619,505,0,1015,1126,1028,594,890,907,940,567
project/sim_ext.py --sim-time 1.5 --seq-graph project/file/graph_15_nodes.json --traffic project/file/traffic_15_nodes_random.json --inspection-rate 0.001 --mess-rate 0.002 --algorithm shortest,0.884080000001,0,308,264,201,140,99,793,176,289,0,152,268,0,0,296,259,494,182,512,219,0,0,275,374,529,410,143,0,119,0,488,0,0,620,506,0,1017,1126,1028,594,893,908,942,568
project/sim_ext.py --sim-time 1.5 --seq-graph project/file/graph_15_nodes.json --traffic project/file/traffic_15_nodes_random.json --inspection-rate 0.001 --mess-rate 0.002 --algorithm shortest,0.885402599997,0,308,264,201,140,99,802,177,289,0,152,269,0,0,298,260,494,182,513,219,0,0,275,375,529,412,143,0,119,0,490,0,0,620,508,0,1018,1127,1031,594,893,911,947,570
project/sim_ext.py --sim-time 1.5 --seq-graph project/file/graph_15_nodes.json --traffic project/file/traffic_15_nodes_random.json --inspection-rate 0.001 --mess-rate 0.002 --algorithm shortest,0.886467000001,0,308,265,201,140,99,804,177,289,0,152,269,0,0,298,260,494,184,514,219,0,0,275,375,529,412,143,0,119,0,493,0,0,622,508,0,1020,1131,1036,594,898,912,951,571
project/sim_ext.py --sim-time 1.5 --seq-graph project/file/graph_15_nodes.json --traffic project/file/traffic_15_nodes_random.json --inspection-rate 0.001 --mess-rate 0.002 --algorithm shortest,0.887762000001,0,308,265,206,141,100,806,177,289,0,152,269,0,0,299,260,494,184,514,219,0,0,275,375,532,412,143,0,119,0,494,0,0,622,509,0,1026,1133,1038,594,899,915,953,572
project/sim_ext.py --sim-time 1.5 --seq-graph project/file/graph_15_nodes.json --traffic project/file/traffic_15_nodes_random.json --inspection-rate 0.001 --mess-rate 0.002 --algorithm shortest,0.889097000001,0,308,265,206,141,100,806,177,289,0,152,270,0,0,299,260,494,184,514,219,0,0,275,377,533,412,143,0,122,0,495,0,0,622,511,0,1028,1133,1041,594,902,915,954,573
project/sim_ext.py --sim-time 1.5 --seq-graph project/file/graph_15_nodes.json --traffic project/file/traffic_15_nodes_random.json --inspection-rate 0.001 --mess-rate 0.002 --algorithm shortest,0.890269999921,0,312,268,207,143,100,807,179,293,0,152,270,0,0,299,261,504,184,514,223,0,0,276,377,533,413,143,0,124,0,495,0,0,627,513,0,1028,1148,1043,594,902,918,954,576
project/sim_ext.py --sim-time 1.5 --seq-graph project/file/graph_15_nodes.json --traffic project/file/traffic_15_nodes_random.json --inspection-rate 0.001 --mess-rate 0.002 --algorithm shortest,0.891348199997,0,313,268,209,144,100,812,179,294,0,152,270,0,0,299,261,504,184,514,223,0,0,276,378,534,414,143,0,124,0,496,0,0,627,513,0,1028,1148,1043,594,910,921,954,578
project/sim_ext.py --sim-time 1.5 --seq-graph project/file/graph_15_nodes.json --traffic project/file/traffic_15_nodes_random.json --inspection-rate 0.001 --mess-rate 0.002 --algorithm shortest,0.892418000001,0,315,268,209,144,100,812,179,297,0,152,270,0,0,299,261,506,184,514,223,0,0,277,378,534,414,143,0,124,0,496,0,0,627,513,0,1028,1148,1043,594,911,921,954,580
project/sim_ext.py --sim-time 1.5 --seq-graph project/file/graph_15_nodes.json --traffic project/file/traffic_15_nodes_random.json --inspection-rate 0.001 --mess-rate 0.002 --algorithm shortest,0.893540000001,0,315,268,209,144,100,812,180,297,0,152,273,0,0,299,265,506,184,514,224,0,0,277,378,534,414,143,0,124,0,496,0,0,629,513,0,1028,1148,1043,594,911,921,954,580
project/sim_ext.py --sim-time 1.5 --seq-graph project/file/graph_15_nodes.json --traffic project/file/traffic_15_nodes_random.json --inspection-rate 0.001 --mess-rate 0.002 --algorithm shortest,0.894748000001,0,315,268,209,144,100,814,180,297,0,152,273,0,0,299,265,506,184,514,224,0,0,277,378,534,414,143,0,124,0,496,0,0,630,513,0,1028,1148,1043,594,911,921,954,580
project/sim_ext.py --sim-time 1.5 --seq-graph project/file/graph_15_nodes.json --traffic project/file/traffic_15_nodes_random.json --inspection-rate 0.001 --mess-rate 0.002 --algorithm shortest,0.896000999997,0,315,269,209,144,100,815,180,297,0,152,273,0,0,300,265,506,184,514,224,0,0,277,378,534,415,143,0,124,0,496,0,0,630,514,0,1028,1148,1043,594,911,921,954,580
project/sim_ext.py --sim-time 1.5 --seq-graph project/file/graph_15_nodes.json --traffic project/file/traffic_15_nodes_random.json --inspection-rate 0.001 --mess-rate 0.002 --algorithm shortest,0.897184000001,0,317,269,209,144,100,815,181,297,0,152,273,0,0,300,267,507,184,516,224,0,0,277,378,535,415,143,0,124,0,501,0,0,631,514,0,1028,1148,1043,594,911,921,954,580
project/sim_ext.py --sim-time 1.5 --seq-graph project/file/graph_15_nodes.json --traffic project/file/traffic_15_nodes_random.json --inspection-rate 0.001 --mess-rate 0.002 --algorithm shortest,0.898204000001,0,318,270,209,144,100,815,181,297,0,152,273,0,0,300,267,507,184,516,224,0,0,277,378,535,417,143,0,124,0,501,0,0,631,515,0,1028,1148,1043,594,911,921,954,580
project/sim_ext.py --sim-time 1.5 --seq-graph project/file/graph_15_nodes.json --traffic project/file/traffic_15_nodes_random.json --inspection-rate 0.001 --mess-rate 0.002 --algorithm shortest,0.899229000001,0,320,270,209,144,100,815,181,297,0,152,273,0,0,300,267,507,184,516,224,0,0,277,378,535,418,143,0,124,0,501,0,0,631,517,0,1028,1148,1043,594,911,921,954,580
project/sim_ext.py --sim-time 1.5 --seq-graph project/file/graph_15_nodes.json --traffic project/file/traffic_15_nodes_random.json --inspection-rate 0.001 --mess-rate 0.002 --algorithm shortest,0.900254000001,0,320,270,209,144,100,815,181,297,0,152,273,0,0,300,267,509,184,518,224,0,0,277,378,535,418,143,0,124,0,502,0,0,631,517,0,1028,1148,1043,594,911,921,954,580
project/sim_ext.py --sim-time 1.5 --seq-graph project/file/graph_15_nodes.json --traffic project/file/traffic_15_nodes_random.json --inspection-rate 0.001 --mess-rate 0.002 --algorithm shortest,0.9014050883966968,0,320,270,209,144,100,815,181,297,0,152,273,0,0,300,267,509,184,519,224,0,0,277,378,535,418,143,0,124,0,502,0,0,631,518,0,1028,1148,1043,594,911,921,954,580
project/sim_ext.py --sim-time 1.5 --seq-graph project/file/graph_15_nodes.json --traffic project/file/traffic_15_nodes_random.json --inspection-rate 0.001 --mess-rate 0.002 --algorithm shortest,0.902412000001,0,320,270,209,144,100,815,181,297,0,152,273,0,0,300,267,510,184,519,224,0,0,277,378,535,418,143,0,124,0,502,0,0,631,519,0,1028,1148,1043,594,911,921,954,580
project/sim_ext.py --sim-time 1.5 --seq-graph project/file/graph_15_nodes.json --traffic project/file/traffic_15_nodes_random.json --inspection-rate 0.001 --mess-rate 0.002 --algorithm shortest,0.903642000001,0,321,270,209,144,100,815,181,297,0,152,273,0,0,300,267,510,184,519,224,0,0,277,378,537,418,143,0,124,0,503,0,0,631,520,0,1028,1148,1043,594,911,921,954,580
project/sim_ext.py --sim-time 1.5 --seq-graph project/file/graph_15_nodes.json --traffic project/file/traffic_15_nodes_random.json --inspection-rate 0.001 --mess-rate 0.002 --algorithm shortest,0.904663000001,0,321,270,209,144,100,816,181,297,0,152,273,0,0,300,267,512,184,521,224,0,0,277,378,537,418,143,0,124,0,503,0,0,631,520,0,1028,1148,1043,594,911,921,954,580
project/sim_ext.py --sim-time 1.5 --seq-graph project/file/graph_15_nodes.json --traffic project/file/traffic_15_nodes_random.json --inspection-rate 0.001 --mess-rate 0.002 --algorithm shortest,0.905783000001,0,321,270,209,144,100,816,181,297,0,152,273,0,0,300,267,512,184,522,224,0,0,277,378,538,418,143,0,124,0,505,0,0,631,520,0,1028,1148,1043,594,911,921,954,580
project/sim_ext.py --sim-time 1.5 --seq-graph project/file/graph_15_nodes.json --traffic project/file/traffic_15_nodes_random.json --inspection-rate 0.001 --mess-rate 0.002 --algorithm shortest,0.907197000001,0,321,270,209,144,100,816,181,297,0,152,273,0,0,300,267,512,184,523,224,0,0,277,378,539,420,143,0,124,0,506,0,0,631,521,0,1028,1148,1043,594,911,921,954,580
project/sim_ext.py --sim-time 1.5 --seq-graph project/file/graph_15_nodes.json --traffic project/file/traffic_15_nodes_random.json --inspection-rate 0.001 --mess-rate 0.002 --algorithm shortest,0.9085460000009999,0,321,270,209,144,100,819,181,297,0,152,273,0,0,300,267,513,184,523,224,0,0,277,378,540,421,143,0,124,0,506,0,0,631,523,0,1028,1148,1043,594,911,921,954,580
project/sim_ext.py --sim-time 1.5 --seq-graph project/file/graph_15_nodes.json --traffic project/file/traffic_15_nodes_random.json --inspection-rate 0.001 --mess-rate 0.002 --algorithm shortest,0.909592399997,0,321,270,209,144,100,820,181,297,0,152,273,0,0,300,267,513,184,523,224,0,0,277,378,541,421,143,0,124,0,507,0,0,631,523,0,1028,1148,1043,594,911,921,954,580
project/sim_ext.py --sim-time 1.5 --seq-graph project/file/graph_15_nodes.json --traffic project/file/traffic_15_nodes_random.json --inspection-rate 0.001 --mess-rate 0.002 --algorithm shortest,0.9106046344648767,0,321,270,209,144,100,820,181,297,0,152,273,0,0,300,267,513,184,523,224,0,0,277,378,541,421,143,0,124,0,508,0,0,631,523,0,1028,1148,1052,594,911,921,954,580
project/sim_ext.py --sim-time 1.5 --seq-graph project/file/graph_15_nodes.json --traffic project/file/traffic_15_nodes_random.json --inspection-rate 0.001 --mess-rate 0.002 --algorithm shortest,0.911690000001,0,321,270,209,144,100,820,181,297,0,152,273,0,0,300,267,516,184,524,224,0,0,277,378,541,425,143,0,124,0,509,0,0,631,524,0,1028,1148,1053,602,911,921,954,580
project/sim_ext.py --sim-time 1.5 --seq-graph project/file/graph_15_nodes.json --traffic project/file/traffic_15_nodes_random.json --inspection-rate 0.001 --mess-rate 0.002 --algorithm shortest,0.912747599997,0,321,270,209,144,100,820,181,297,0,152,273,0,0,300,267,517,184,524,224,0,0,277,378,542,426,143,0,124,0,510,0,0,631,524,0,1028,1148,1053,605,911,921,954,580
project/sim_ext.py --sim-time 1.5 --seq-graph project/file/graph_15_nodes.json --traffic project/file/traffic_15_nodes_random.json --inspection-rate 0.001 --mess-rate 0.002 --algorithm shortest,0.913770000001,0,321,270,209,144,100,823,181,297,0,152,273,0,0,300,267,517,184,525,224,0,0,277,378,542,427,143,0,124,0,510,0,0,631,524,0,1028,1148,1054,605,911,921,954,580
project/sim_ext.py --sim-time 1.5 --seq-graph project/file/graph_15_nodes.json --traffic project/file/traffic_15_nodes_random.json --inspection-rate 0.001 --mess-rate 0.002 --algorithm shortest,0.914880000001,0,321,270,209,144,100,826,181,297,0,152,273,0,0,300,267,517,184,525,224,0,0,277,378,542,427,143,0,124,0,510,0,0,631,524,0,1028,1148,1056,606,911,921,954,580
project/sim_ext.py --sim-time 1.5 --seq-graph project/file/graph_15_nodes.json --traffic project/file/traffic_15_nodes_random.json --inspection-rate 0.001 --mess-rate 0.002 --algorithm shortest,0.9161440000009999,0,321,270,209,144,100,826,181,297,0,152,273,0,0,300,267,521,184,526,224,0,0,277,378,542,427,143,0,124,0,510,0,0,631,524,0,1028,1148,1056,606,911,921,954,580
project/sim_ext.py --sim-time 1.5 --seq-graph project/file/graph_15_nodes.json --traffic project/file/traffic_15_nodes_random.json --inspection-rate 0.001 --mess-rate 0.002 --algorithm shortest,0.917152000001,0,321,270,209,144,100,826,181,297,0,152,273,0,0,300,267,522,184,527,224,0,0,277,378,543,427,143,0,124,0,515,0,0,631,524,0,1028,1148,1058,606,911,921,954,580
project/sim_ext.py --sim-time 1.5 --seq-graph project/file/graph_15_nodes.json --traffic project/file/traffic_15_nodes_random.json --inspection-rate 0.001 --mess-rate 0.002 --algorithm shortest,0.918232000001,0,321,270,209,144,100,826,181,297,0,152,273,0,0,300,267,522,184,527,224,0,0,277,378,543,428,143,0,124,0,517,0,0,631,527,0,1028,1148,1058,607,911,921,954,580
project/sim_ext.py --sim-time 1.5 --seq-graph project/file/graph_15_nodes.json --traffic project/file/traffic_15_nodes_random.json --inspection-rate 0.001 --mess-rate 0.002 --algorithm shortest,0.9192530554114748,0,321,270,209,144,100,826,181,297,0,152,273,0,0,300,267,522,184,527,224,0,0,277,378,543,428,143,0,124,0,517,0,0,631,528,0,1028,1148,1058,607,911,921,954,580
project/sim_ext.py --sim-time 1.5 --seq-graph project/file/graph_15_nodes.json --traffic project/file/traffic_15_nodes_random.json --inspection-rate 0.001 --mess-rate 0.002 --algorithm shortest,0.9203076607554944,0,321,270,209,144,100,826,181,297,0,152,273,0,0,300,267,523,184,529,224,0,0,277,378,543,428,143,0,124,0,517,0,0,631,528,0,1028,1148,1058,610,911,921,954,580
project/sim_ext.py --sim-time 1.5 --seq-graph project/file/graph_15_nodes.json --traffic project/file/traffic_15_nodes_random.json --inspection-rate 0.001 --mess-rate 0.002 --algorithm shortest,0.921385599997,0,326,274,212,146,103,826,183,301,0,156,278,0,0,305,271,526,184,532,226,0,0,282,383,544,429,145,0,125,0,518,0,0,642,529,0,1053,1166,1076,635,937,946,980,593
project/sim_ext.py --sim-time 1.5 --seq-graph project/file/graph_15_nodes.json --traffic project/file/traffic_15_nodes_random.json --inspection-rate 0.001 --mess-rate 0.002 --algorithm shortest,0.922393000001,0,327,275,212,146,103,828,183,301,0,156,278,0,0,306,271,526,184,534,226,0,0,282,383,546,429,146,0,125,0,518,0,0,642,529,0,1054,1167,1076,635,940,946,983,593
project/sim_ext.py --sim-time 1.5 --seq-graph project/file/graph_15_nodes.json --traffic project/file/traffic_15_nodes_random.json --inspection-rate 0.001 --mess-rate 0.002 --algorithm shortest,0.9236960000009999,0,330,275,213,147,107,829,185,303,0,156,281,0,0,306,271,528,185,534,226,0,0,286,387,547,430,148,0,125,0,518,0,0,645,539,0,1057,1177,1078,635,944,949,984,602
project/sim_ext.py --sim-time 1.5 --seq-graph project/file/graph_15_nodes.json --traffic project/file/traffic_15_nodes_random.json --inspection-rate 0.001 --mess-rate 0.002 --algorithm shortest,0.924845799997,0,333,276,213,148,107,830,185,305,0,156,282,0,0,306,271,528,185,534,226,0,0,288,390,549,430,149,0,125,0,519,0,0,648,540,0,1062,1182,1079,635,949,952,987,604
project/sim_ext.py --sim-time 1.5 --seq-graph project/file/graph_15_nodes.json --traffic project/file/traffic_15_nodes_random.json --inspection-rate 0.001 --mess-rate 0.002 --algorithm shortest,0.926080000001,0,333,276,214,148,108,831,186,307,0,157,282,0,0,306,273,529,185,534,226,0,0,288,391,549,430,149,0,125,0,519,0,0,651,541,0,1063,1188,1079,635,949,956,987,607
project/sim_ext.py --sim-time 1.5 --seq-graph project/file/graph_15_nodes.json --traffic project/file/traffic_15_nodes_random.json --inspection-rate 0.001 --mess-rate 0.002 --algorithm shortest,0.927313000001,0,333,276,214,149,108,832,186,307,0,158,284,0,0,306,273,532,186,536,227,0,0,288,391,551,431,149,0,125,0,521,0,0,652,542,0,1067,1189,1079,635,952,957,991,608
project/sim_ext.py --sim-time 1.5 --seq-graph project/file/graph_15_nodes.json --traffic project/file/traffic_15_nodes_random.json --inspection-rate 0.001 --mess-rate 0.002 --algorithm shortest,0.928318000001,0,333,276,214,151,108,832,186,307,0,158,284,0,0,306,273,535,186,536,228,0,0,288,391,551,431,149,0,125,0,521,0,0,653,542,0,1067,1192,1079,635,953,959,991,608
project/sim_ext.py --sim-time 1.5 --seq-graph project/file/graph_15_nodes.json --traffic project/file/traffic_15_nodes_random.json --inspection-rate 0.001 --mess-rate 0.002 --algorithm shortest,0.929366000001,0,333,277,214,151,108,832,186,307,0,158,284,0,0,307,273,535,186,537,229,0,0,288,391,551,431,149,0,125,0,522,0,0,657,542,0,1067,1192,1079,635,956,960,994,608
project/sim_ext.py --sim-time 1.5 --seq-graph project/file/graph_15_nodes.json --traffic project/file/traffic_15_nodes_random.json --inspection-rate 0.001 --mess-rate 0.002 --algorithm shortest,0.930643000001,0,333,277,214,151,108,832,188,307,0,158,284,0,0,307,274,535,186,537,231,0,0,288,391,553,431,149,0,125,0,522,0,0,657,542,0,1068,1192,1079,635,956,962,995,608
project/sim_ext.py --sim-time 1.5 --seq-graph project/file/graph_15_nodes.json --traffic project/file/traffic_15_nodes_random.json --inspection-rate 0.001 --mess-rate 0.002 --algorithm shortest,0.9317960000009999,0,333,277,214,151,108,835,188,307,0,158,284,0,0,310,274,535,186,539,232,0,0,288,391,555,432,149,0,125,0,525,0,0,659,543,0,1068,1192,1079,635,956,963,995,608
project/sim_ext.py --sim-time 1.5 --seq-graph project/file/graph_15_nodes.json --traffic project/file/traffic_15_nodes_random.json --inspection-rate 0.001 --mess-rate 0.002 --algorithm shortest,0.932874000001,0,333,277,214,151,108,836,188,307,0,158,284,0,0,311,274,535,186,540,232,0,0,288,391,555,432,149,0,125,0,525,0,0,659,543,0,1068,1192,1079,635,956,963,995,608
project/sim_ext.py --sim-time 1.5 --seq-graph project/file/graph_15_nodes.json --traffic project/file/traffic_15_nodes_random.json --inspection-rate 0.001 --mess-rate 0.002 --algorithm shortest,0.933987000001,0,333,277,214,151,108,837,188,307,0,159,284,0,0,311,274,536,186,540,232,0,0,288,391,556,435,149,0,125,0,527,0,0,659,544,0,1068,1192,1079,635,956,963,995,608
project/sim_ext.py --sim-time 1.5 --seq-graph project/file/graph_15_nodes.json --traffic project/file/traffic_15_nodes_random.json --inspection-rate 0.001 --mess-rate 0.002 --algorithm shortest,0.935309000001,0,333,277,214,151,108,837,190,307,0,159,284,0,0,311,278,536,189,540,232,0,0,288,393,558,435,149,0,125,0,529,0,0,661,544,0,1068,1192,1079,635,956,963,995,611
project/sim_ext.py --sim-time 1.5 --seq-graph project/file/graph_15_nodes.json --traffic project/file/traffic_15_nodes_random.json --inspection-rate 0.001 --mess-rate 0.002 --algorithm shortest,0.936734999929,0,333,277,214,151,108,837,191,307,0,159,284,0,0,312,278,537,189,540,232,0,0,288,393,560,436,149,0,125,0,529,0,0,663,548,0,1068,1192,1079,635,956,963,995,611
project/sim_ext.py --sim-time 1.5 --seq-graph project/file/graph_15_nodes.json --traffic project/file/traffic_15_nodes_random.json --inspection-rate 0.001 --mess-rate 0.002 --algorithm shortest,0.9377950893965827,0,333,277,214,151,108,840,191,307,0,159,284,0,0,312,278,538,189,542,232,0,0,288,393,560,436,149,0,125,0,529,0,0,663,548,0,1068,1192,1079,635,956,963,995,611
project/sim_ext.py --sim-time 1.5 --seq-graph project/file/graph_15_nodes.json --traffic project/file/traffic_15_nodes_random.json --inspection-rate 0.001 --mess-rate 0.002 --algorithm shortest,0.9388275999969999,0,333,277,214,151,108,841,191,307,0,159,284,0,0,312,278,538,189,544,232,0,0,288,393,561,436,149,0,125,0,529,0,0,663,548,0,1068,1192,1079,635,956,963,995,611
project/sim_ext.py --sim-time 1.5 --seq-graph project/file/graph_15_nodes.json --traffic project/file/traffic_15_nodes_random.json --inspection-rate 0.001 --mess-rate 0.002 --algorithm shortest,0.939974999929,0,333,277,214,151,108,841,191,307,0,159,285,0,0,312,278,538,189,544,232,0,0,288,393,562,436,149,0,125,0,530,0,0,663,548,0,1068,1192,1079,635,956,963,995,611
project/sim_ext.py --sim-time 1.5 --seq-graph project/file/graph_15_nodes.json --traffic project/file/traffic_15_nodes_random.json --inspection-rate 0.001 --mess-rate 0.002 --algorithm shortest,0.9409949999139999,0,333,277,214,151,108,845,191,307,0,159,287,0,0,312,278,538,189,546,232,0,0,288,393,562,436,149,0,125,0,530,0,0,663,548,0,1068,1192,1079,635,956,963,995,611
project/sim_ext.py --sim-time 1.5 --seq-graph project/file/graph_15_nodes.json --traffic project/file/traffic_15_nodes_random.json --inspection-rate 0.001 --mess-rate 0.002 --algorithm shortest,0.942064000001,0,333,277,214,151,108,846,191,307,0,159,287,0,0,312,278,538,189,547,232,0,0,288,393,562,437,149,0,125,0,531,0,0,663,550,0,1068,1192,1079,645,956,963,995,611
project/sim_ext.py --sim-time 1.5 --seq-graph project/file/graph_15_nodes.json --traffic project/file/traffic_15_nodes_random.json --inspection-rate 0.001 --mess-rate 0.002 --algorithm shortest,0.943168000001,0,333,277,214,151,108,846,191,307,0,159,287,0,0,312,278,538,189,547,232,0,0,288,393,562,437,149,0,125,0,532,0,0,663,551,0,1068,1192,1079,645,956,963,995,611
project/sim_ext.py --sim-time 1.5 --seq-graph project/file/graph_15_nodes.json --traffic project/file/traffic_15_nodes_random.json --inspection-rate 0.001 --mess-rate 0.002 --algorithm shortest,0.944310000001,0,333,277,214,151,108,847,191,307,0,159,287,0,0,312,278,538,189,549,232,0,0,288,393,562,437,149,0,125,0,532,0,0,663,551,0,1068,1192,1079,646,956,963,995,611
project/sim_ext.py --sim-time 1.5 --seq-graph project/file/graph_15_nodes.json --traffic project/file/traffic_15_nodes_random.json --inspection-rate 0.001 --mess-rate 0.002 --algorithm shortest,0.9453630000009999,0,333,277,214,151,108,848,191,307,0,159,287,0,0,312,278,538,189,551,232,0,0,288,393,564,437,149,0,125,0,533,0,0,663,551,0,1068,1192,1079,647,956,963,995,611
project/sim_ext.py --sim-time 1.5 --seq-graph project/file/graph_15_nodes.json --traffic project/file/traffic_15_nodes_random.json --inspection-rate 0.001 --mess-rate 0.002 --algorithm shortest,0.946435000001,0,333,277,214,151,108,848,191,307,0,159,287,0,0,312,278,538,189,553,232,0,0,288,393,564,438,149,0,125,0,533,0,0,663,552,0,1068,1192,1079,647,956,963,995,611
project/sim_ext.py --sim-time 1.5 --seq-graph project/file/graph_15_nodes.json --traffic project/file/traffic_15_nodes_random.json --inspection-rate 0.001 --mess-rate 0.002 --algorithm shortest,0.9474754257597113,0,333,277,214,151,108,849,191,307,0,159,287,0,0,312,278,538,189,553,232,0,0,288,393,564,439,149,0,125,0,533,0,0,663,552,0,1068,1192,1079,648,956,963,995,611
project/sim_ext.py --sim-time 1.5 --seq-graph project/file/graph_15_nodes.json --traffic project/file/traffic_15_nodes_random.json --inspection-rate 0.001 --mess-rate 0.002 --algorithm shortest,0.948497000001,0,333,277,214,151,108,849,191,307,0,159,287,0,0,312,278,538,189,553,232,0,0,288,393,566,440,149,0,125,0,534,0,0,663,554,0,1068,1192,1079,648,956,963,995,611
project/sim_ext.py --sim-time 1.5 --seq-graph project/file/graph_15_nodes.json --traffic project/file/traffic_15_nodes_random.json --inspection-rate 0.001 --mess-rate 0.002 --algorithm shortest,0.9495060000009999,0,333,277,214,151,108,850,191,307,0,159,287,0,0,312,278,538,189,553,232,0,0,288,393,566,442,149,0,125,0,534,0,0,663,555,0,1068,1192,1079,648,956,963,995,611
project/sim_ext.py --sim-time 1.5 --seq-graph project/file/graph_15_nodes.json --traffic project/file/traffic_15_nodes_random.json --inspection-rate 0.001 --mess-rate 0.002 --algorithm shortest,0.950640000001,0,333,277,214,151,108,851,191,307,0,159,287,0,0,312,278,538,189,553,232,0,0,288,393,566,442,149,0,125,0,534,0,0,663,555,0,1068,1192,1079,648,956,963,995,611
project/sim_ext.py --sim-time 1.5 --seq-graph project/file/graph_15_nodes.json --traffic project/file/traffic_15_nodes_random.json --inspection-rate 0.001 --mess-rate 0.002 --algorithm shortest,0.9517535999969999,0,337,283,216,156,108,858,193,314,0,160,290,0,0,317,281,543,193,553,235,0,0,291,400,566,443,152,0,126,0,539,0,0,674,555,0,1087,1208,1097,663,974,982,1013,617
project/sim_ext.py --sim-time 1.5 --seq-graph project/file/graph_15_nodes.json --traffic project/file/traffic_15_nodes_random.json --inspection-rate 0.001 --mess-rate 0.002 --algorithm shortest,0.952779000001,0,339,283,216,157,109,859,193,320,0,160,290,0,0,317,281,543,193,553,235,0,0,295,403,569,444,154,0,127,0,541,0,0,676,559,0,1098,1221,1104,664,975,988,1015,623
project/sim_ext.py --sim-time 1.5 --seq-graph project/file/graph_15_nodes.json --traffic project/file/traffic_15_nodes_random.json --inspection-rate 0.001 --mess-rate 0.002 --algorithm shortest,0.9539650000009999,0,340,283,216,157,109,861,193,320,0,160,290,0,0,319,281,543,194,553,235,0,0,295,405,570,444,154,0,127,0,541,0,0,679,559,0,1102,1226,1105,666,977,989,1018,625
project/sim_ext.py --sim-time 1.5 --seq-graph project/file/graph_15_nodes.json --traffic project/file/traffic_15_nodes_random.json --inspection-rate 0.001 --mess-rate 0.002 --algorithm shortest,0.9550431999969999,0,341,284,222,158,110,862,193,324,0,161,290,0,0,320,281,543,195,560,235,0,0,297,408,573,444,155,0,127,0,545,0,0,679,559,0,1107,1235,1111,667,979,991,1022,628
project/sim_ext.py --sim-time 1.5 --seq-graph project/file/graph_15_nodes.json --traffic project/file/traffic_15_nodes_random.json --inspection-rate 0.001 --mess-rate 0.002 --algorithm shortest,0.9560770000009999,0,341,284,222,159,110,865,193,325,0,162,292,0,0,320,281,546,196,561,235,0,0,299,410,573,444,155,0,128,0,545,0,0,679,559,0,1108,1240,1114,667,981,994,1025,632
project/sim_ext.py --sim-time 1.5 --seq-graph project/file/graph_15_nodes.json --traffic project/file/traffic_15_nodes_random.json --inspection-rate 0.001 --mess-rate 0.002 --algorithm shortest,0.957393000001,0,341,284,222,159,110,865,194,325,0,165,292,0,0,321,282,547,196,561,235,0,0,299,411,574,447,155,0,128,0,546,0,0,679,560,0,1112,1244,1115,667,981,997,1028,632
project/sim_ext.py --sim-time 1.5 --seq-graph project/file/graph_15_nodes.json --traffic project/file/traffic_15_nodes_random.json --inspection-rate 0.001 --mess-rate 0.002 --algorithm shortest,0.9584900000009999,0,341,284,222,159,110,865,194,325,0,165,292,0,0,321,282,549,198,561,235,0,0,299,411,576,447,155,0,128,0,546,0,0,679,560,0,1113,1244,1116,667,982,997,1030,633
project/sim_ext.py --sim-time 1.5 --seq-graph project/file/graph_15_nodes.json --traffic project/file/traffic_15_nodes_random.json --inspection-rate 0.001 --mess-rate 0.002 --algorithm shortest,0.9596105999969999,0,341,284,222,160,110,867,195,325,0,165,292,0,0,321,282,551,198,561,236,0,0,299,411,576,447,155,0,128,0,546,0,0,681,560,0,1113,1247,1118,667,982,998,1032,633
project/sim_ext.py --sim-time 1.5 --seq-graph project/file/graph_15_nodes.json --traffic project/file/traffic_15_nodes_random.json --inspection-rate 0.001 --mess-rate 0.002 --algorithm shortest,0.960759000001,0,341,286,222,160,110,868,197,325,0,165,292,0,0,321,282,552,198,567,236,0,0,299,411,578,447,155,0,128,0,546,0,0,685,560,0,1113,1247,1118,667,982,998,1032,633
project/sim_ext.py --sim-time 1.5 --seq-graph project/file/graph_15_nodes.json --traffic project/file/traffic_15_nodes_random.json --inspection-rate 0.001 --mess-rate 0.002 --algorithm shortest,0.9618490000009999,0,341,286,222,160,110,868,197,325,0,165,292,0,0,321,282,552,198,567,237,0,0,299,411,579,447,155,0,128,0,546,0,0,685,560,0,1113,1247,1121,667,984,999,1032,633
project/sim_ext.py --sim-time 1.5 --seq-graph project/file/graph_15_nodes.json --traffic project/file/traffic_15_nodes_random.json --inspection-rate 0.001 --mess-rate 0.002 --algorithm shortest,0.962945000001,0,341,286,222,160,110,871,197,325,0,165,292,0,0,321,282,553,198,567,237,0,0,299,411,579,447,155,0,128,0,546,0,0,685,560,0,1113,1247,1121,667,984,999,1032,633
project/sim_ext.py --sim-time 1.5 --seq-graph project/file/graph_15_nodes.json --traffic project/file/traffic_15_nodes_random.json --inspection-rate 0.001 --mess-rate 0.002 --algorithm shortest,0.964372199997,0,341,286,222,160,110,871,198,325,0,165,292,0,0,321,284,553,198,567,238,0,0,299,411,580,447,155,0,128,0,548,0,0,686,560,0,1113,1247,1121,667,990,999,1032,633
project/sim_ext.py --sim-time 1.5 --seq-graph project/file/graph_15_nodes.json --traffic project/file/traffic_15_nodes_random.json --inspection-rate 0.001 --mess-rate 0.002 --algorithm shortest,0.965534999917,0,341,286,222,160,110,871,198,325,0,165,292,0,0,321,284,553,198,567,239,0,0,299,411,580,447,155,0,128,0,548,0,0,687,560,0,1113,1247,1121,667,992,999,1032,633
project/sim_ext.py --sim-time 1.5 --seq-graph project/file/graph_15_nodes.json --traffic project/file/traffic_15_nodes_random.json --inspection-rate 0.001 --mess-rate 0.002 --algorithm shortest,0.966634000001,0,341,287,222,160,110,872,198,325,0,165,292,0,0,322,284,553,198,567,240,0,0,299,411,582,448,155,0,128,0,548,0,0,687,566,0,1113,1247,1121,667,992,999,1032,633
project/sim_ext.py --sim-time 1.5 --seq-graph project/file/graph_15_nodes.json --traffic project/file/traffic_15_nodes_random.json --inspection-rate 0.001 --mess-rate 0.002 --algorithm shortest,0.967646799997,0,341,287,222,160,110,876,198,325,0,165,292,0,0,322,285,553,198,567,240,0,0,299,411,584,448,155,0,128,0,548,0,0,687,566,0,1113,1247,1121,667,992,999,1032,633
project/sim_ext.py --sim-time 1.5 --seq-graph project/file/graph_15_nodes.json --traffic project/file/traffic_15_nodes_random.json --inspection-rate 0.001 --mess-rate 0.002 --algorithm shortest,0.9686980000009999,0,341,289,222,160,110,876,198,325,0,165,292,0,0,322,285,554,198,571,241,0,0,299,411,585,449,155,0,128,0,548,0,0,687,567,0,1113,1247,1121,667,992,999,1032,633
project/sim_ext.py --sim-time 1.5 --seq-graph project/file/graph_15_nodes.json --traffic project/file/traffic_15_nodes_random.json --inspection-rate 0.001 --mess-rate 0.002 --algorithm shortest,0.9697290128341097,0,341,291,222,160,110,878,198,325,0,165,292,0,0,322,285,556,198,573,241,0,0,299,411,585,449,155,0,128,0,548,0,0,687,567,0,1113,1247,1121,667,992,999,1032,633
project/sim_ext.py --sim-time 1.5 --seq-graph project/file/graph_15_nodes.json --traffic project/file/traffic_15_nodes_random.json --inspection-rate 0.001 --mess-rate 0.002 --algorithm shortest,0.9707867894828921,0,341,291,222,160,110,878,198,325,0,165,292,0,0,322,286,557,198,573,241,0,0,299,411,586,449,155,0,128,0,550,0,0,687,567,0,1113,1247,1121,667,992,999,1032,633
project/sim_ext.py --sim-time 1.5 --seq-graph project/file/graph_15_nodes.json --traffic project/file/traffic_15_nodes_random.json --inspection-rate 0.001 --mess-rate 0.002 --algorithm shortest,0.971802000001,0,341,291,222,160,110,878,198,325,0,165,292,0,0,322,286,557,198,573,241,0,0,299,411,586,449,155,0,128,0,551,0,0,688,567,0,1113,1247,1121,667,992,999,1032,633
project/sim_ext.py --sim-time 1.5 --seq-graph project/file/graph_15_nodes.json --traffic project/file/traffic_15_nodes_random.json --inspection-rate 0.001 --mess-rate 0.002 --algorithm shortest,0.972919000001,0,341,291,222,160,110,878,198,325,0,165,292,0,0,322,286,557,198,573,241,0,0,299,411,587,449,155,0,128,0,551,0,0,688,567,0,1113,1247,1121,667,992,999,1032,633
project/sim_ext.py --sim-time 1.5 --seq-graph project/file/graph_15_nodes.json --traffic project/file/traffic_15_nodes_random.json --inspection-rate 0.001 --mess-rate 0.002 --algorithm shortest,0.974202000001,0,341,291,222,160,110,878,202,325,0,165,292,0,0,322,286,558,198,577,241,0,0,299,411,587,449,155,0,128,0,551,0,0,689,567,0,1113,1247,1121,667,992,999,1032,633
project/sim_ext.py --sim-time 1.5 --seq-graph project/file/graph_15_nodes.json --traffic project/file/traffic_15_nodes_random.json --inspection-rate 0.001 --mess-rate 0.002 --algorithm shortest,0.975209000001,0,341,292,222,160,110,879,202,325,0,165,292,0,0,326,286,558,198,578,241,0,0,299,411,587,449,155,0,128,0,551,0,0,689,567,0,1113,1247,1121,667,992,999,1032,633
project/sim_ext.py --sim-time 1.5 --seq-graph project/file/graph_15_nodes.json --traffic project/file/traffic_15_nodes_random.json --inspection-rate 0.001 --mess-rate 0.002 --algorithm shortest,0.976321000001,0,341,292,222,160,110,880,202,325,0,165,294,0,0,326,286,558,198,578,241,0,0,299,411,587,450,155,0,128,0,551,0,0,689,570,0,1113,1247,1121,667,992,999,1032,633
project/sim_ext.py --sim-time 1.5 --seq-graph project/file/graph_15_nodes.json --traffic project/file/traffic_15_nodes_random.json --inspection-rate 0.001 --mess-rate 0.002 --algorithm shortest,0.9773525788404199,0,341,292,222,160,110,881,202,325,0,165,296,0,0,326,286,558,198,578,241,0,0,299,411,587,450,155,0,128,0,551,0,0,689,570,0,1113,1247,1121,667,992,999,1032,633
project/sim_ext.py --sim-time 1.5 --seq-graph project/file/graph_15_nodes.json --traffic project/file/traffic_15_nodes_random.json --inspection-rate 0.001 --mess-rate 0.002 --algorithm shortest,0.9783700000009999,0,341,292,222,160,110,882,203,325,0,165,296,0,0,326,288,559,198,578,241,0,0,299,411,587,450,155,0,128,0,551,0,0,692,571,0,1113,1247,1121,667,992,999,1032,633
project/sim_ext.py --sim-time 1.5 --seq-graph project/file/graph_15_nodes.json --traffic project/file/traffic_15_nodes_random.json --inspection-rate 0.001 --mess-rate 0.002 --algorithm shortest,0.979398000001,0,341,292,222,160,110,883,203,325,0,165,296,0,0,326,288,559,198,578,241,0,0,299,411,587,450,155,0,128,0,551,0,0,692,571,0,1113,1247,1121,667,992,999,1032,633
project/sim_ext.py --sim-time 1.5 --seq-graph project/file/graph_15_nodes.json --traffic project/file/traffic_15_nodes_random.json --inspection-rate 0.001 --mess-rate 0.002 --algorithm shortest,0.9805550000009999,0,341,292,222,160,110,885,203,325,0,165,296,0,0,326,289,559,198,579,241,0,0,299,411,587,450,155,0,128,0,551,0,0,693,571,0,1113,1247,1121,667,992,999,1032,633
project/sim_ext.py --sim-time 1.5 --seq-graph project/file/graph_15_nodes.json --traffic project/file/traffic_15_nodes_random.json --inspection-rate 0.001 --mess-rate 0.002 --algorithm shortest,0.981588000001,0,341,292,222,160,110,886,203,325,0,165,296,0,0,326,290,559,198,579,241,0,0,299,411,587,452,155,0,128,0,551,0,0,693,572,0,1113,1247,1121,677,992,999,1032,633
project/sim_ext.py --sim-time 1.5 --seq-graph project/file/graph_15_nodes.json --traffic project/file/traffic_15_nodes_random.json --inspection-rate 0.001 --mess-rate 0.002 --algorithm shortest,0.9828105999969999,0,341,294,225,163,110,891,203,325,0,165,298,0,0,328,290,559,200,580,241,0,0,305,414,587,453,155,0,131,0,557,0,0,693,572,0,1113,1257,1140,689,1012,1014,1032,640
project/sim_ext.py --sim-time 1.5 --seq-graph project/file/graph_15_nodes.json --traffic project/file/traffic_15_nodes_random.json --inspection-rate 0.001 --mess-rate 0.002 --algorithm shortest,0.983900000001,0,341,294,225,163,112,892,203,325,0,165,298,0,0,328,290,559,200,581,241,0,0,305,415,587,454,155,0,131,0,557,0,0,693,572,0,1113,1264,1142,691,1013,1015,1032,640
project/sim_ext.py --sim-time 1.5 --seq-graph project/file/graph_15_nodes.json --traffic project/file/traffic_15_nodes_random.json --inspection-rate 0.001 --mess-rate 0.002 --algorithm shortest,0.984911999997,0,341,294,225,164,112,896,203,325,0,165,298,0,0,328,290,559,200,582,241,0,0,307,417,588,455,155,0,131,0,559,0,0,693,572,0,1113,1265,1144,696,1013,1017,1032,640
project/sim_ext.py --sim-time 1.5 --seq-graph project/file/graph_15_nodes.json --traffic project/file/traffic_15_nodes_random.json --inspection-rate 0.001 --mess-rate 0.002 --algorithm shortest,0.985975999997,0,341,294,225,164,112,898,203,325,0,165,299,0,0,328,291,559,200,585,241,0,0,307,417,590,456,155,0,133,0,560,0,0,693,573,0,1113,1266,1145,700,1015,1019,1032,640
project/sim_ext.py --sim-time 1.5 --seq-graph project/file/graph_15_nodes.json --traffic project/file/traffic_15_nodes_random.json --inspection-rate 0.001 --mess-rate 0.002 --algorithm shortest,0.987253000001,0,341,294,225,166,112,899,203,325,0,165,299,0,0,329,292,559,200,585,241,0,0,307,417,591,456,155,0,133,0,560,0,0,693,574,0,1113,1268,1145,700,1018,1022,1032,640
project/sim_ext.py --sim-time 1.5 --seq-graph project/file/graph_15_nodes.json --traffic project/file/traffic_15_nodes_random.json --inspection-rate 0.001 --mess-rate 0.002 --algorithm shortest,0.988332000001,0,341,294,225,166,114,899,203,325,0,165,299,0,0,330,292,559,200,587,241,0,0,308,417,594,457,155,0,134,0,560,0,0,693,575,0,1113,1269,1148,700,1021,1023,1032,640
project/sim_ext.py --sim-time 1.5 --seq-graph project/file/graph_15_nodes.json --traffic project/file/traffic_15_nodes_random.json --inspection-rate 0.001 --mess-rate 0.002 --algorithm shortest,0.989407000001,0,341,294,225,166,114,902,203,325,0,165,300,0,0,330,294,559,200,587,241,0,0,308,418,594,458,155,0,134,0,560,0,0,693,576,0,1113,1269,1148,704,1022,1024,1032,640
project/sim_ext.py --sim-time 1.5 --seq-graph project/file/graph_15_nodes.json --traffic project/file/traffic_15_nodes_random.json --inspection-rate 0.001 --mess-rate 0.002 --algorithm shortest,0.990450000001,0,341,294,225,166,114,903,203,325,0,165,300,0,0,330,294,559,200,587,241,0,0,308,419,594,458,155,0,135,0,561,0,0,693,577,0,1113,1272,1151,708,1029,1024,1032,640
project/sim_ext.py --sim-time 1.5 --seq-graph project/file/graph_15_nodes.json --traffic project/file/traffic_15_nodes_random.json --inspection-rate 0.001 --mess-rate 0.002 --algorithm shortest,0.991627000001,0,341,295,225,166,114,903,203,325,0,165,300,0,0,334,294,559,200,587,241,0,0,308,419,594,458,155,0,135,0,563,0,0,693,577,0,1113,1275,1151,710,1030,1026,1032,640
project/sim_ext.py --sim-time 1.5 --seq-graph project/file/graph_15_nodes.json --traffic project/file/traffic_15_nodes_random.json --inspection-rate 0.001 --mess-rate 0.002 --algorithm shortest,0.9927130000009999,0,343,295,229,166,116,903,203,327,0,165,301,0,0,334,296,564,200,587,244,0,0,311,423,595,461,156,0,136,0,565,0,0,706,578,0,1127,1288,1155,710,1030,1027,1047,656
project/sim_ext.py --sim-time 1.5 --seq-graph project/file/graph_15_nodes.json --traffic project/file/traffic_15_nodes_random.json --inspection-rate 0.001 --mess-rate 0.002 --algorithm shortest,0.993746000001,0,344,299,229,167,116,907,203,329,0,165,301,0,0,334,296,564,201,587,244,0,0,311,424,595,461,156,0,136,0,565,0,0,708,578,0,1127,1288,1155,710,1030,1030,1049,657
project/sim_ext.py --sim-time 1.5 --seq-graph project/file/graph_15_nodes.json --traffic project/file/traffic_15_nodes_random.json --inspection-rate 0.001 --mess-rate 0.002 --algorithm shortest,0.994899000001,0,344,300,229,167,116,907,203,329,0,165,302,0,0,335,297,564,201,587,245,0,0,311,424,595,461,156,0,136,0,565,0,0,710,578,0,1127,1288,1155,710,1030,1034,1050,657
project/sim_ext.py --sim-time 1.5 --seq-graph project/file/graph_15_nodes.json --traffic project/file/traffic_15_nodes_random.json --inspection-rate 0.001 --mess-rate 0.002 --algorithm shortest,0.995949000001,0,344,300,229,167,116,908,203,329,0,165,302,0,0,337,298,564,201,587,245,0,0,311,424,596,461,157,0,136,0,570,0,0,712,578,0,1128,1288,1155,710,1030,1034,1050,660
project/sim_ext.py --sim-time 1.5 --seq-graph project/file/graph_15_nodes.json --traffic project/file/traffic_15_nodes_random.json --inspection-rate 0.001 --mess-rate 0.002 --algorithm shortest,0.996958000001,0,344,300,229,167,116,911,203,329,0,165,304,0,0,338,299,566,201,588,245,0,0,311,424,598,462,157,0,136,0,571,0,0,712,586,0,1128,1288,1155,710,1030,1034,1056,660
project/sim_ext.py --sim-time 1.5 --seq-graph project/file/graph_15_nodes.json --traffic project/file/traffic_15_nodes_random.json --inspection-rate 0.001 --mess-rate 0.002 --algorithm shortest,0.998143000001,0,344,300,229,167,116,911,203,329,0,165,304,0,0,338,299,566,201,588,245,0,0,311,424,598,463,160,0,136,0,571,0,0,712,587,0,1128,1288,1155,710,1030,1034,1057,660
project/sim_ext.py --sim-time 1.5 --seq-graph project/file/graph_15_nodes.json --traffic project/file/traffic_15_nodes_random.json --inspection-rate 0.001 --mess-rate 0.002 --algorithm shortest,0.9994890000009999,0,344,301,229,167,116,912,204,329,0,168,304,0,0,339,299,568,201,588,248,0,0,311,424,598,463,160,0,136,0,571,0,0,713,587,0,1128,1288,1155,710,1030,1034,1060,660
project/sim_ext.py --sim-time 1.5 --seq-graph project/file/graph_15_nodes.json --traffic project/file/traffic_15_nodes_random.json --inspection-rate 0.001 --mess-rate 0.002 --algorithm shortest,1.000834000001,0,344,301,229,167,116,912,205,329,0,170,306,0,0,340,299,568,201,589,249,0,0,311,424,599,463,160,0,136,0,574,0,0,715,587,0,1128,1288,1155,710,1030,1034,1064,660
project/sim_ext.py --sim-time 1.5 --seq-graph project/file/graph_15_nodes.json --traffic project/file/traffic_15_nodes_random.json --inspection-rate 0.001 --mess-rate 0.002 --algorithm shortest,1.001870000001,0,346,301,229,167,116,912,207,329,0,172,306,0,0,340,299,568,201,589,249,0,0,311,424,599,463,160,0,136,0,576,0,0,718,587,0,1128,1288,1155,710,1030,1034,1065,660
project/sim_ext.py --sim-time 1.5 --seq-graph project/file/graph_15_nodes.json --traffic project/file/traffic_15_nodes_random.json --inspection-rate 0.001 --mess-rate 0.002 --algorithm shortest,1.003132799997,0,347,301,229,167,116,912,207,329,0,172,307,0,0,340,299,568,201,589,249,0,0,311,424,599,463,160,0,136,0,578,0,0,718,587,0,1128,1288,1155,710,1030,1034,1065,660
project/sim_ext.py --sim-time 1.5 --seq-graph project/file/graph_15_nodes.json --traffic project/file/traffic_15_nodes_random.json --inspection-rate 0.001 --mess-rate 0.002 --algorithm shortest,1.004198000001,0,349,301,229,167,116,912,207,329,0,172,307,0,0,340,299,569,201,589,249,0,0,311,424,599,463,160,0,136,0,580,0,0,718,587,0,1128,1288,1155,710,1030,1034,1065,660
project/sim_ext.py --sim-time 1.5 --seq-graph project/file/graph_15_nodes.json --traffic project/file/traffic_15_nodes_random.json --inspection-rate 0.001 --mess-rate 0.002 --algorithm shortest,1.0053449999169999,0,352,301,229,167,116,912,207,329,0,172,307,0,0,340,299,569,201,589,249,0,0,311,424,599,463,161,0,136,0,582,0,0,718,587,0,1128,1288,1155,710,1030,1034,1065,660
project/sim_ext.py --sim-time 1.5 --seq-graph project/file/graph_15_nodes.json --traffic project/file/traffic_15_nodes_random.json --inspection-rate 0.001 --mess-rate 0.002 --algorithm shortest,1.006390000001,0,352,301,229,167,116,912,207,329,0,172,307,0,0,340,299,569,201,589,249,0,0,311,424,599,464,162,0,136,0,583,0,0,718,591,0,1128,1288,1155,710,1030,1034,1065,660
project/sim_ext.py --sim-time 1.5 --seq-graph project/file/graph_15_nodes.json --traffic project/file/traffic_15_nodes_random.json --inspection-rate 0.001 --mess-rate 0.002 --algorithm shortest,1.0074449999169999,0,352,301,229,167,116,919,207,329,0,172,307,0,0,340,299,570,201,590,249,0,0,311,424,599,464,162,0,136,0,583,0,0,718,592,0,1128,1288,1155,710,1030,1034,1065,660
project/sim_ext.py --sim-time 1.5 --seq-graph project/file/graph_15_nodes.json --traffic project/file/traffic_15_nodes_random.json --inspection-rate 0.001 --mess-rate 0.002 --algorithm shortest,1.008487000001,0,352,301,229,167,116,919,207,329,0,172,307,0,0,340,299,570,201,591,249,0,0,311,424,599,464,162,0,136,0,584,0,0,718,592,0,1128,1288,1155,710,1030,1034,1065,660
project/sim_ext.py --sim-time 1.5 --seq-graph project/file/graph_15_nodes.json --traffic project/file/traffic_15_nodes_random.json --inspection-rate 0.001 --mess-rate 0.002 --algorithm shortest,1.009597000001,0,352,301,229,167,116,920,207,329,0,172,307,0,0,340,299,570,201,592,249,0,0,311,424,601,465,162,0,136,0,586,0,0,718,593,0,1128,1288,1155,710,1030,1034,1065,660
project/sim_ext.py --sim-time 1.5 --seq-graph project/file/graph_15_nodes.json --traffic project/file/traffic_15_nodes_random.json --inspection-rate 0.001 --mess-rate 0.002 --algorithm shortest,1.010648399997,0,352,301,229,167,116,921,207,329,0,172,307,0,0,340,299,571,201,593,249,0,0,311,424,601,465,162,0,136,0,586,0,0,718,593,0,1128,1288,1155,710,1030,1034,1065,660
project/sim_ext.py --sim-time 1.5 --seq-graph project/file/graph_15_nodes.json --traffic project/file/traffic_15_nodes_random.json --inspection-rate 0.001 --mess-rate 0.002 --algorithm shortest,1.0117760000009999,0,352,301,229,167,116,922,207,329,0,172,307,0,0,340,299,571,201,593,249,0,0,311,424,601,466,162,0,136,0,586,0,0,718,595,0,1128,1288,1155,710,1030,1034,1065,660
project/sim_ext.py --sim-time 1.5 --seq-graph project/file/graph_15_nodes.json --traffic project/file/traffic_15_nodes_random.json --inspection-rate 0.001 --mess-rate 0.002 --algorithm shortest,1.012918000001,0,352,301,229,167,116,922,207,329,0,172,307,0,0,340,299,571,201,593,249,0,0,311,424,602,466,162,0,136,0,589,0,0,718,595,0,1128,1288,1155,710,1030,1034,1065,660
project/sim_ext.py --sim-time 1.5 --seq-graph project/file/graph_15_nodes.json --traffic project/file/traffic_15_nodes_random.json --inspection-rate 0.001 --mess-rate 0.002 --algorithm shortest,1.0141243010527807,0,352,301,229,167,116,923,207,329,0,172,307,0,0,340,299,572,201,593,249,0,0,311,424,602,467,163,0,136,0,589,0,0,718,596,0,1128,1288,1155,710,1030,1034,1065,660
project/sim_ext.py --sim-time 1.5 --seq-graph project/file/graph_15_nodes.json --traffic project/file/traffic_15_nodes_random.json --inspection-rate 0.001 --mess-rate 0.002 --algorithm shortest,1.0151475999969999,0,352,301,229,167,116,924,207,329,0,172,307,0,0,340,299,573,201,593,249,0,0,311,424,602,469,163,0,136,0,590,0,0,718,596,0,1128,1288,1155,710,1030,1034,1065,660
project/sim_ext.py --sim-time 1.5 --seq-graph project/file/graph_15_nodes.json --traffic project/file/traffic_15_nodes_random.json --inspection-rate 0.001 --mess-rate 0.002 --algorithm shortest,1.016158000001,0,352,301,229,167,116,924,207,329,0,172,307,0,0,340,299,573,201,593,249,0,0,311,424,602,469,163,0,136,0,591,0,0,718,596,0,1128,1288,1155,710,1030,1034,1065,660
project/sim_ext.py --sim-time 1.5 --seq-graph project/file/graph_15_nodes.json --traffic project/file/traffic_15_nodes_random.json --inspection-rate 0.001 --mess-rate 0.002 --algorithm shortest,1.017181000001,0,352,301,229,167,116,924,207,329,0,172,307,0,0,340,299,574,201,593,249,0,0,311,424,602,469,163,0,136,0,591,0,0,718,596,0,1128,1288,1155,710,1030,1034,1065,660
project/sim_ext.py --sim-time 1.5 --seq-graph project/file/graph_15_nodes.json --traffic project/file/traffic_15_nodes_random.json --inspection-rate 0.001 --mess-rate 0.002 --algorithm shortest,1.018361000001,0,352,301,229,167,116,924,207,329,0,172,307,0,0,340,299,574,201,593,249,0,0,311,424,604,469,163,0,136,0,591,0,0,718,596,0,1128,1288,1155,710,1030,1034,1065,660
project/sim_ext.py --sim-time 1.5 --seq-graph project/file/graph_15_nodes.json --traffic project/file/traffic_15_nodes_random.json --inspection-rate 0.001 --mess-rate 0.002 --algorithm shortest,1.019374999921,0,352,301,229,167,116,928,207,329,0,172,307,0,0,340,299,574,201,593,249,0,0,311,424,604,469,163,0,136,0,591,0,0,718,596,0,1128,1288,1155,710,1030,1034,1065,660
project/sim_ext.py --sim-time 1.5 --seq-graph project/file/graph_15_nodes.json --traffic project/file/traffic_15_nodes_random.json --inspection-rate 0.001 --mess-rate 0.002 --algorithm shortest,1.020429000001,0,352,301,229,167,116,928,207,329,0,172,307,0,0,340,299,574,201,593,249,0,0,311,424,605,470,163,0,136,0,591,0,0,718,600,0,1128,1288,1155,710,1030,1034,1065,660
project/sim_ext.py --sim-time 1.5 --seq-graph project/file/graph_15_nodes.json --traffic project/file/traffic_15_nodes_random.json --inspection-rate 0.001 --mess-rate 0.002 --algorithm shortest,1.021516000001,0,352,301,229,167,116,929,207,329,0,172,307,0,0,340,299,575,201,593,249,0,0,311,424,605,470,163,0,136,0,595,0,0,718,600,0,1128,1288,1155,710,1030,1034,1065,660
project/sim_ext.py --sim-time 1.5 --seq-graph project/file/graph_15_nodes.json --traffic project/file/traffic_15_nodes_random.json --inspection-rate 0.001 --mess-rate 0.002 --algorithm shortest,1.022624999917,0,352,301,229,167,116,929,207,329,0,172,307,0,0,340,299,575,201,593,249,0,0,311,424,605,470,163,0,136,0,595,0,0,718,600,0,1128,1288,1155,710,1030,1034,1065,660
project/sim_ext.py --sim-time 1.5 --seq-graph project/file/graph_15_nodes.json --traffic project/file/traffic_15_nodes_random.json --inspection-rate 0.001 --mess-rate 0.002 --algorithm shortest,1.023676799997,0,358,306,236,167,118,930,209,335,0,174,311,0,0,343,305,575,204,598,249,0,0,319,429,607,474,165,0,140,0,598,0,0,721,601,0,1147,1315,1176,749,1049,1059,1089,672
project/sim_ext.py --sim-time 1.5 --seq-graph project/file/graph_15_nodes.json --traffic project/file/traffic_15_nodes_random.json --inspection-rate 0.001 --mess-rate 0.002 --algorithm shortest,1.024677199997,0,359,306,237,167,118,930,209,337,0,174,312,0,0,343,306,575,204,600,249,0,0,324,431,608,474,166,0,141,0,599,0,0,726,601,0,1150,1319,1182,753,1049,1063,1090,673
project/sim_ext.py --sim-time 1.5 --seq-graph project/file/graph_15_nodes.json --traffic project/file/traffic_15_nodes_random.json --inspection-rate 0.001 --mess-rate 0.002 --algorithm shortest,1.025988000001,0,361,309,239,168,119,935,211,337,0,175,312,0,0,343,307,576,204,601,249,0,0,326,434,611,474,168,0,141,0,599,0,0,727,601,0,1159,1327,1190,759,1053,1064,1094,674
project/sim_ext.py --sim-time 1.5 --seq-graph project/file/graph_15_nodes.json --traffic project/file/traffic_15_nodes_random.json --inspection-rate 0.001 --mess-rate 0.002 --algorithm shortest,1.026995000001,0,361,309,239,168,119,935,212,338,0,177,313,0,0,344,307,580,204,601,249,0,0,328,437,612,474,169,0,142,0,600,0,0,727,601,0,1166,1330,1193,764,1055,1070,1099,676
project/sim_ext.py --sim-time 1.5 --seq-graph project/file/graph_15_nodes.json --traffic project/file/traffic_15_nodes_random.json --inspection-rate 0.001 --mess-rate 0.002 --algorithm shortest,1.028021000001,0,361,310,239,168,119,935,212,338,0,177,313,0,0,344,307,581,204,607,249,0,0,328,439,613,474,169,0,142,0,601,0,0,727,601,0,1166,1333,1196,764,1060,1070,1101,676
project/sim_ext.py --sim-time 1.5 --seq-graph project/file/graph_15_nodes.json --traffic project/file/traffic_15_nodes_random.json --inspection-rate 0.001 --mess-rate 0.002 --algorithm shortest,1.0290500000009999,0,361,310,239,169,119,935,213,338,0,178,313,0,0,344,307,582,204,609,250,0,0,328,440,613,476,170,0,145,0,601,0,0,728,611,0,1168,1335,1197,764,1062,1071,1103,676
project/sim_ext.py --sim-time 1.5 --seq-graph project/file/graph_15_nodes.json --traffic project/file/traffic_15_nodes_random.json --inspection-rate 0.001 --mess-rate 0.002 --algorithm shortest,1.030096000001,0,361,312,239,169,119,935,217,338,0,179,313,0,0,345,309,586,204,610,250,0,0,328,441,614,476,170,0,145,0,603,0,0,729,612,0,1171,1336,1197,764,1068,1071,1106,677
project/sim_ext.py --sim-time 1.5 --seq-graph project/file/graph_15_nodes.json --traffic project/file/traffic_15_nodes_random.json --inspection-rate 0.001 --mess-rate 0.002 --algorithm shortest,1.031249999997,0,361,313,239,172,119,938,218,338,0,179,314,0,0,346,310,586,204,610,251,0,0,328,441,614,476,170,0,145,0,605,0,0,733,613,0,1171,1336,1197,764,1070,1072,1109,679
project/sim_ext.py --sim-time 1.5 --seq-graph project/file/graph_15_nodes.json --traffic project/file/traffic_15_nodes_random.json --inspection-rate 0.001 --mess-rate 0.002 --algorithm shortest,1.032268000001,0,361,315,239,172,119,938,218,338,0,179,314,0,0,346,310,586,204,612,251,0,0,328,441,615,476,170,0,145,0,606,0,0,735,613,0,1171,1336,1197,764,1071,1073,1112,679
project/sim_ext.py --sim-time 1.5 --seq-graph project/file/graph_15_nodes.json --traffic project/file/traffic_15_nodes_random.json --inspection-rate 0.001 --mess-rate 0.002 --algorithm shortest,1.033377000001,0,361,315,239,172,119,939,218,338,0,179,314,0,0,347,310,586,204,614,251,0,0,328,441,615,476,170,0,145,0,606,0,0,737,613,0,1171,1336,1197,764,1072,1073,1112,679
project/sim_ext.py --sim-time 1.5 --seq-graph project/file/graph_15_nodes.json --traffic project/file/traffic_15_nodes_random.json --inspection-rate 0.001 --mess-rate 0.002 --algorithm shortest,1.034404000001,0,361,315,239,173,119,939,218,338,0,179,314,0,0,348,311,586,204,614,251,0,0,328,441,615,476,170,0,145,0,606,0,0,737,613,0,1171,1336,1197,764,1072,1074,1112,679
project/sim_ext.py --sim-time 1.5 --seq-graph project/file/graph_15_nodes.json --traffic project/file/traffic_15_nodes_random.json --inspection-rate 0.001 --mess-rate 0.002 --algorithm shortest,1.035505000001,0,361,315,239,173,119,939,218,338,0,179,314,0,0,348,311,586,204,616,251,0,0,328,443,615,476,170,0,145,0,606,0,0,737,613,0,1171,1336,1197,764,1072,1074,1112,679
project/sim_ext.py --sim-time 1.5 --seq-graph project/file/graph_15_nodes.json --traffic project/file/traffic_15_nodes_random.json --inspection-rate 0.001 --mess-rate 0.002 --algorithm shortest,1.036536000001,0,361,316,239,173,119,941,220,338,0,179,315,0,0,348,312,588,204,616,251,0,0,328,443,617,477,170,0,145,0,607,0,0,738,614,0,1171,1336,1197,764,1072,1074,1112,679
project/sim_ext.py --sim-time 1.5 --seq-graph project/file/graph_15_nodes.json --traffic project/file/traffic_15_nodes_random.json --inspection-rate 0.001 --mess-rate 0.002 --algorithm shortest,1.0376321074147115,0,361,316,239,173,119,943,220,338,0,179,316,0,0,349,312,589,204,616,251,0,0,328,443,617,477,170,0,145,0,607,0,0,738,614,0,1171,1336,1197,764,1072,1074,1112,679
project/sim_ext.py --sim-time 1.5 --seq-graph project/file/graph_15_nodes.json --traffic project/file/traffic_15_nodes_random.json --inspection-rate 0.001 --mess-rate 0.002 --algorithm shortest,1.03867467019298,0,361,318,239,173,119,943,220,338,0,179,316,0,0,349,312,589,204,616,252,0,0,328,443,617,477,170,0,145,0,607,0,0,738,614,0,1171,1336,1197,764,1072,1074,1112,680
project/sim_ext.py --sim-time 1.5 --seq-graph project/file/graph_15_nodes.json --traffic project/file/traffic_15_nodes_random.json --inspection-rate 0.001 --mess-rate 0.002 --algorithm shortest,1.039736399997,0,361,318,239,173,119,944,221,338,0,179,316,0,0,349,314,589,204,617,254,0,0,328,443,618,477,170,0,145,0,607,0,0,738,614,0,1171,1336,1197,764,1072,1074,1112,680
project/sim_ext.py --sim-time 1.5 --seq-graph project/file/graph_15_nodes.json --traffic project/file/traffic_15_nodes_random.json --inspection-rate 0.001 --mess-rate 0.002 --algorithm shortest,1.040768000001,0,361,318,239,173,119,944,221,338,0,179,316,0,0,349,315,591,204,617,255,0,0,328,443,619,478,170,0,145,0,608,0,0,741,615,0,1171,1336,1197,764,1072,1074,1112,680
project/sim_ext.py --sim-time 1.5 --seq-graph project/file/graph_15_nodes.json --traffic project/file/traffic_15_nodes_random.json --inspection-rate 0.001 --mess-rate 0.002 --algorithm shortest,1.0419131666053754,0,361,318,239,173,119,944,221,338,0,179,316,0,0,349,316,591,204,617,255,0,0,328,443,619,478,170,0,145,0,608,0,0,741,615,0,1171,1336,1197,764,1072,1074,1112,680
project/sim_ext.py --sim-time 1.5 --seq-graph project/file/graph_15_nodes.json --traffic project/file/traffic_15_nodes_random.json --inspection-rate 0.001 --mess-rate 0.002 --algorithm shortest,1.0429450000009999,0,361,318,239,173,119,944,221,338,0,179,316,0,0,351,316,591,204,617,258,0,0,328,443,620,478,170,0,145,0,608,0,0,742,615,0,1171,1336,1197,764,1072,1074,1112,680
project/sim_ext.py --sim-time 1.5 --seq-graph project/file/graph_15_nodes.json --traffic project/file/traffic_15_nodes_random.json --inspection-rate 0.001 --mess-rate 0.002 --algorithm shortest,1.044238000001,0,361,318,239,173,119,945,223,338,0,179,316,0,0,351,316,591,204,621,258,0,0,328,443,621,478,170,0,145,0,610,0,0,743,615,0,1171,1336,1197,764,1072,1074,1112,680
project/sim_ext.py --sim-time 1.5 --seq-graph project/file/graph_15_nodes.json --traffic project/file/traffic_15_nodes_random.json --inspection-rate 0.001 --mess-rate 0.002 --algorithm shortest,1.045335000001,0,361,318,239,173,119,945,223,338,0,179,316,0,0,351,316,591,204,621,258,0,0,328,443,621,478,170,0,145,0,612,0,0,743,615,0,1171,1336,1197,764,1072,1074,1112,680
project/sim_ext.py --sim-time 1.5 --seq-graph project/file/graph_15_nodes.json --traffic project/file/traffic_15_nodes_random.json --inspection-rate 0.001 --mess-rate 0.002 --algorithm shortest,1.046453000001,0,361,318,239,173,119,945,223,338,0,179,316,0,0,351,316,591,204,623,258,0,0,328,443,621,478,170,0,145,0,612,0,0,743,615,0,1171,1336,1197,764,1072,1074,1112,680
project/sim_ext.py --sim-time 1.5 --seq-graph project/file/graph_15_nodes.json --traffic project/file/traffic_15_nodes_random.json --inspection-rate 0.001 --mess-rate 0.002 --algorithm shortest,1.047479000001,0,361,318,239,173,119,946,223,338,0,179,316,0,0,351,316,591,204,623,258,0,0,328,443,621,484,170,0,145,0,615,0,0,743,616,0,1171,1336,1197,764,1072,1074,1112,680
project/sim_ext.py --sim-time 1.5 --seq-graph project/file/graph_15_nodes.json --traffic project/file/traffic_15_nodes_random.json --inspection-rate 0.001 --mess-rate 0.002 --algorithm shortest,1.048507000001,0,361,318,239,173,119,946,223,338,0,179,316,0,0,351,316,591,204,623,258,0,0,328,443,621,484,170,0,145,0,615,0,0,743,616,0,1171,1336,1197,764,1072,1074,1112,680
project/sim_ext.py --sim-time 1.5 --seq-graph project/file/graph_15_nodes.json --traffic project/file/traffic_15_nodes_random.json --inspection-rate 0.001 --mess-rate 0.002 --algorithm shortest,1.049704000001,0,361,318,239,173,119,946,223,338,0,179,316,0,0,351,316,592,204,623,258,0,0,328,443,621,484,170,0,145,0,616,0,0,743,616,0,1171,1336,1197,764,1072,1074,1112,680
project/sim_ext.py --sim-time 1.5 --seq-graph project/file/graph_15_nodes.json --traffic project/file/traffic_15_nodes_random.json --inspection-rate 0.001 --mess-rate 0.002 --algorithm shortest,1.050934000001,0,361,318,239,173,119,947,223,338,0,179,316,0,0,351,316,592,204,623,258,0,0,328,443,621,487,170,0,145,0,616,0,0,743,616,0,1171,1336,1197,764,1072,1074,1112,680
project/sim_ext.py --sim-time 1.5 --seq-graph project/file/graph_15_nodes.json --traffic project/file/traffic_15_nodes_random.json --inspection-rate 0.001 --mess-rate 0.002 --algorithm shortest,1.052012978174361,0,361,318,239,173,119,948,223,338,0,179,316,0,0,351,316,592,204,624,258,0,0,328,443,621,487,170,0,145,0,617,0,0,743,616,0,1171,1336,1197,764,1072,1074,1112,680
project/sim_ext.py --sim-time 1.5 --seq-graph project/file/graph_15_nodes.json --traffic project/file/traffic_15_nodes_random.json --inspection-rate 0.001 --mess-rate 0.002 --algorithm shortest,1.053094999906,0,361,318,239,173,119,948,223,338,0,179,316,0,0,351,316,592,204,625,258,0,0,328,443,621,488,170,0,145,0,618,0,0,743,620,0,1171,1336,1197,764,1072,1074,1112,680
project/sim_ext.py --sim-time 1.5 --seq-graph project/file/graph_15_nodes.json --traffic project/file/traffic_15_nodes_random.json --inspection-rate 0.001 --mess-rate 0.002 --algorithm shortest,1.054153599997,0,363,322,241,178,120,948,224,341,0,184,320,0,0,356,318,595,205,625,259,0,0,331,447,622,492,171,0,147,0,621,0,0,749,621,0,1190,1354,1214,764,1089,1088,1126,689
project/sim_ext.py --sim-time 1.5 --seq-graph project/file/graph_15_nodes.json --traffic project/file/traffic_15_nodes_random.json --inspection-rate 0.001 --mess-rate 0.002 --algorithm shortest,1.055156000001,0,366,322,242,178,121,948,226,345,0,185,320,0,0,356,318,597,207,625,259,0,0,336,450,623,492,171,0,148,0,623,0,0,752,621,0,1203,1362,1226,764,1091,1088,1134,695
project/sim_ext.py --sim-time 1.5 --seq-graph project/file/graph_15_nodes.json --traffic project/file/traffic_15_nodes_random.json --inspection-rate 0.001 --mess-rate 0.002 --algorithm shortest,1.056202000001,0,367,323,243,179,121,958,226,347,0,186,321,0,0,356,318,598,208,627,259,0,0,337,450,625,492,171,0,148,0,624,0,0,754,621,0,1204,1372,1226,764,1094,1091,1139,697
project/sim_ext.py --sim-time 1.5 --seq-graph project/file/graph_15_nodes.json --traffic project/file/traffic_15_nodes_random.json --inspection-rate 0.001 --mess-rate 0.002 --algorithm shortest,1.057260000001,0,368,323,243,179,121,959,226,351,0,186,321,0,0,356,318,599,208,629,259,0,0,338,450,627,492,171,0,148,0,624,0,0,754,621,0,1205,1379,1232,764,1098,1094,1139,698
project/sim_ext.py --sim-time 1.5 --seq-graph project/file/graph_15_nodes.json --traffic project/file/traffic_15_nodes_random.json --inspection-rate 0.001 --mess-rate 0.002 --algorithm shortest,1.058506000001,0,369,323,245,179,125,959,228,352,0,187,322,0,0,356,320,600,208,629,260,0,0,339,450,628,493,172,0,149,0,626,0,0,757,625,0,1209,1382,1241,764,1101,1095,1142,698
project/sim_ext.py --sim-time 1.5 --seq-graph project/file/graph_15_nodes.json --traffic project/file/traffic_15_nodes_random.json --inspection-rate 0.001 --mess-rate 0.002 --algorithm shortest,1.0595390000009999,0,369,323,245,182,126,961,228,352,0,187,324,0,0,356,320,600,208,631,262,0,0,339,450,629,493,172,0,149,0,627,0,0,760,627,0,1209,1384,1244,764,1102,1098,1145,698
project/sim_ext.py --sim-time 1.5 --seq-graph project/file/graph_15_nodes.json --traffic project/file/traffic_15_nodes_random.json --inspection-rate 0.001 --mess-rate 0.002 --algorithm shortest,1.060650000001,0,369,323,245,182,126,965,228,352,0,187,324,0,0,356,320,600,210,632,262,0,0,339,452,629,494,173,0,149,0,627,0,0,761,628,0,1216,1385,1245,764,1106,1098,1148,702
project/sim_ext.py --sim-time 1.5 --seq-graph project/file/graph_15_nodes.json --traffic project/file/traffic_15_nodes_random.json --inspection-rate 0.001 --mess-rate 0.002 --algorithm shortest,1.061788799997,0,369,323,245,182,126,966,229,352,0,187,327,0,0,356,320,600,210,632,262,0,0,339,452,629,495,173,0,149,0,627,0,0,762,630,0,1217,1385,1245,764,1107,1099,1148,703
project/sim_ext.py --sim-time 1.5 --seq-graph project/file/graph_15_nodes.json --traffic project/file/traffic_15_nodes_random.json --inspection-rate 0.001 --mess-rate 0.002 --algorithm shortest,1.063009000001,0,369,326,245,182,126,968,229,352,0,187,327,0,0,359,320,601,210,632,262,0,0,339,452,630,495,173,0,149,0,629,0,0,766,632,0,1217,1385,1245,777,1108,1105,1154,703
project/sim_ext.py --sim-time 1.5 --seq-graph project/file/graph_15_nodes.json --traffic project/file/traffic_15_nodes_random.json --inspection-rate 0.001 --mess-rate 0.002 --algorithm shortest,1.0640457999969999,0,369,327,245,182,126,969,230,352,0,187,328,0,0,359,321,601,210,633,262,0,0,339,452,630,495,173,0,149,0,629,0,0,766,632,0,1217,1385,1245,782,1108,1107,1154,703
project/sim_ext.py --sim-time 1.5 --seq-graph project/file/graph_15_nodes.json --traffic project/file/traffic_15_nodes_random.json --inspection-rate 0.001 --mess-rate 0.002 --algorithm shortest,1.065080000001,0,369,327,245,182,126,970,230,352,0,187,328,0,0,359,322,602,211,634,262,0,0,339,455,630,496,173,0,149,0,629,0,0,768,633,0,1217,1385,1245,786,1110,1107,1154,709
project/sim_ext.py --sim-time 1.5 --seq-graph project/file/graph_15_nodes.json --traffic project/file/traffic_15_nodes_random.json --inspection-rate 0.001 --mess-rate 0.002 --algorithm shortest,1.066091000001,0,369,328,245,182,126,970,230,352,0,187,328,0,0,359,322,602,211,636,264,0,0,339,455,630,497,173,0,149,0,629,0,0,769,634,0,1217,1385,1245,790,1110,1107,1154,709
project/sim_ext.py --sim-time 1.5 --seq-graph project/file/graph_15_nodes.json --traffic project/file/traffic_15_nodes_random.json --inspection-rate 0.001 --mess-rate 0.002 --algorithm shortest,1.0671680264434387,0,369,329,245,182,126,970,230,352,0,187,328,0,0,359,323,602,211,636,265,0,0,339,455,630,497,173,0,149,0,629,0,0,769,634,0,1217,1385,1245,792,1111,1107,1154,709
project/sim_ext.py --sim-time 1.5 --seq-graph project/file/graph_15_nodes.json --traffic project/file/traffic_15_nodes_random.json --inspection-rate 0.001 --mess-rate 0.002 --algorithm shortest,1.068202000001,0,369,330,245,182,126,972,230,352,0,187,328,0,0,359,324,602,211,636,266,0,0,339,455,634,497,173,0,149,0,630,0,0,769,634,0,1217,1385,1245,793,1111,1107,1154,709
project/sim_ext.py --sim-time 1.5 --seq-graph project/file/graph_15_nodes.json --traffic project/file/traffic_15_nodes_random.json --inspection-rate 0.001 --mess-rate 0.002 --algorithm shortest,1.069225000001,0,369,330,245,182,126,974,230,352,0,187,328,0,0,359,324,604,211,636,266,0,0,339,455,634,497,173,0,149,0,630,0,0,772,634,0,1217,1385,1245,793,1111,1107,1154,709
project/sim_ext.py --sim-time 1.5 --seq-graph project/file/graph_15_nodes.json --traffic project/file/traffic_15_nodes_random.json --inspection-rate 0.001 --mess-rate 0.002 --algorithm shortest,1.0702519527077416,0,369,330,245,182,126,975,230,352,0,187,330,0,0,360,324,604,211,638,269,0,0,339,455,634,497,173,0,149,0,630,0,0,773,634,0,1217,1385,1245,795,1111,1107,1154,709
project/sim_ext.py --sim-time 1.5 --seq-graph project/file/graph_15_nodes.json --traffic project/file/traffic_15_nodes_random.json --inspection-rate 0.001 --mess-rate 0.002 --algorithm shortest,1.071300000001,0,369,330,245,182,126,976,230,352,0,187,330,0,0,360,325,604,211,638,269,0,0,339,455,635,500,173,0,149,0,631,0,0,773,635,0,1217,1385,1245,795,1111,1107,1154,709
project/sim_ext.py --sim-time 1.5 --seq-graph project/file/graph_15_nodes.json --traffic project/file/traffic_15_nodes_random.json --inspection-rate 0.001 --mess-rate 0.002 --algorithm shortest,1.0723575462516717,0,369,330,245,182,126,976,230,352,0,187,330,0,0,360,326,604,211,639,269,0,0,339,455,635,500,173,0,149,0,632,0,0,773,635,0,1217,1385,1245,795,1111,1107,1154,709
project/sim_ext.py --sim-time 1.5 --seq-graph project/file/graph_15_nodes.json --traffic project/file/traffic_15_nodes_random.json --inspection-rate 0.001 --mess-rate 0.002 --algorithm shortest,1.073492000001,0,369,332,245,182,126,976,230,352,0,187,330,0,0,360,326,605,211,640,269,0,0,339,455,635,500,173,0,149,0,632,0,0,773,635,0,1217,1385,1245,796,1111,1107,1154,709
project/sim_ext.py --sim-time 1.5 --seq-graph project/file/graph_15_nodes.json --traffic project/file/traffic_15_nodes_random.json --inspection-rate 0.001 --mess-rate 0.002 --algorithm shortest,1.0745203999969999,0,369,332,245,182,126,976,230,352,0,187,330,0,0,360,326,605,211,640,269,0,0,339,455,635,500,173,0,149,0,632,0,0,773,635,0,1217,1385,1245,796,1111,1107,1154,709
project/sim_ext.py --sim-time 1.5 --seq-graph project/file/graph_15_nodes.json --traffic project/file/traffic_15_nodes_random.json --inspection-rate 0.001 --mess-rate 0.002 --algorithm shortest,1.0756066333046248,0,369,332,245,182,126,981,230,352,0,187,330,0,0,360,328,606,211,640,269,0,0,339,455,635,500,173,0,149,0,632,0,0,773,635,0,1217,1385,1245,796,1111,1107,1154,709
project/sim_ext.py --sim-time 1.5 --seq-graph project/file/graph_15_nodes.json --traffic project/file/traffic_15_nodes_random.json --inspection-rate 0.001 --mess-rate 0.002 --algorithm shortest,1.076668799997,0,369,332,245,182,126,981,230,352,0,187,330,0,0,360,328,606,211,641,269,0,0,339,455,637,500,173,0,149,0,632,0,0,773,635,0,1217,1385,1245,796,1111,1107,1154,709
project/sim_ext.py --sim-time 1.5 --seq-graph project/file/graph_15_nodes.json --traffic project/file/traffic_15_nodes_random.json --inspection-rate 0.001 --mess-rate 0.002 --algorithm shortest,1.077725000001,0,369,332,245,182,126,984,230,352,0,187,330,0,0,361,328,606,211,643,269,0,0,339,455,637,500,173,0,149,0,632,0,0,773,635,0,1217,1385,1245,796,1111,1107,1154,709
project/sim_ext.py --sim-time 1.5 --seq-graph project/file/graph_15_nodes.json --traffic project/file/traffic_15_nodes_random.json --inspection-rate 0.001 --mess-rate 0.002 --algorithm shortest,1.0788130000009999,0,369,332,245,182,126,985,230,352,0,187,330,0,0,361,328,606,211,644,269,0,0,339,455,637,500,173,0,149,0,633,0,0,773,635,0,1217,1385,1245,796,1111,1107,1154,709
project/sim_ext.py --sim-time 1.5 --seq-graph project/file/graph_15_nodes.json --traffic project/file/traffic_15_nodes_random.json --inspection-rate 0.001 --mess-rate 0.002 --algorithm shortest,1.079821000001,0,369,332,245,182,126,985,230,352,0,187,330,0,0,361,328,606,211,645,269,0,0,339,455,637,501,173,0,149,0,633,0,0,773,639,0,1217,1385,1245,796,1111,1107,1154,709
project/sim_ext.py --sim-time 1.5 --seq-graph project/file/graph_15_nodes.json --traffic project/file/traffic_15_nodes_random.json --inspection-rate 0.001 --mess-rate 0.002 --algorithm shortest,1.081085000001,0,369,332,245,182,126,985,230,352,0,187,330,0,0,361,329,606,211,645,269,0,0,339,455,638,502,173,0,149,0,634,0,0,773,645,0,1217,1385,1245,796,1111,1107,1154,709
project/sim_ext.py --sim-time 1.5 --seq-graph project/file/graph_15_nodes.json --traffic project/file/traffic_15_nodes_random.json --inspection-rate 0.001 --mess-rate 0.002 --algorithm shortest,1.082196000001,0,369,332,245,182,126,985,230,352,0,187,330,0,0,363,330,606,211,645,269,0,0,339,455,638,505,173,0,149,0,634,0,0,773,645,0,1217,1385,1245,796,1111,1107,1154,709
project/sim_ext.py --sim-time 1.5 --seq-graph project/file/graph_15_nodes.json --traffic project/file/traffic_15_nodes_random.json --inspection-rate 0.001 --mess-rate 0.002 --algorithm shortest,1.083199000001,0,369,332,245,182,126,985,230,352,0,187,330,0,0,365,331,606,211,646,269,0,0,339,455,638,506,173,0,149,0,634,0,0,773,647,0,1217,1385,1245,796,1111,1107,1154,709
project/sim_ext.py --sim-time 1.5 --seq-graph project/file/graph_15_nodes.json --traffic project/file/traffic_15_nodes_random.json --inspection-rate 0.001 --mess-rate 0.002 --algorithm shortest,1.0843760000009999,0,369,332,245,182,126,985,230,352,0,187,330,0,0,365,331,606,211,646,269,0,0,339,455,638,506,173,0,149,0,634,0,0,773,647,0,1217,1385,1245,796,1111,1107,1154,709
project/sim_ext.py --sim-time 1.5 --seq-graph project/file/graph_15_nodes.json --traffic project/file/traffic_15_nodes_random.json --inspection-rate 0.001 --mess-rate 0.002 --algorithm shortest,1.085475000001,0,369,332,246,183,126,990,230,352,0,187,330,0,0,367,332,606,213,646,269,0,0,344,459,638,506,173,0,149,0,634,0,0,773,647,0,1217,1397,1259,796,1111,1121,1154,709
project/sim_ext.py --sim-time 1.5 --seq-graph project/file/graph_15_nodes.json --traffic project/file/traffic_15_nodes_random.json --inspection-rate 0.001 --mess-rate 0.002 --algorithm shortest,1.086537000001,0,369,332,246,184,127,992,230,352,0,187,330,0,0,367,332,606,213,646,269,0,0,345,459,638,509,173,0,149,0,634,0,0,773,648,0,1217,1401,1260,796,1111,1121,1154,709
project/sim_ext.py --sim-time 1.5 --seq-graph project/file/graph_15_nodes.json --traffic project/file/traffic_15_nodes_random.json --inspection-rate 0.001 --mess-rate 0.002 --algorithm shortest,1.0875448652338446,0,369,332,246,185,128,993,230,352,0,187,330,0,0,367,333,606,213,646,269,0,0,346,459,638,509,173,0,149,0,634,0,0,773,648,0,1217,1404,1261,796,1111,1121,1154,709
project/sim_ext.py --sim-time 1.5 --seq-graph project/file/graph_15_nodes.json --traffic project/file/traffic_15_nodes_random.json --inspection-rate 0.001 --mess-rate 0.002 --algorithm shortest,1.088564000001,0,369,332,246,185,128,993,230,352,0,187,330,0,0,367,333,606,213,646,269,0,0,346,459,638,509,173,0,149,0,634,0,0,773,648,0,1217,1404,1262,796,1111,1122,1154,709
project/sim_ext.py --sim-time 1.5 --seq-graph project/file/graph_15_nodes.json --traffic project/file/traffic_15_nodes_random.json --inspection-rate 0.001 --mess-rate 0.002 --algorithm shortest,1.089647000001,0,369,332,246,185,128,993,230,352,0,187,330,0,0,368,334,606,213,646,269,0,0,346,459,638,510,173,0,149,0,634,0,0,773,650,0,1217,1405,1264,796,1111,1122,1154,709
project/sim_ext.py --sim-time 1.5 --seq-graph project/file/graph_15_nodes.json --traffic project/file/traffic_15_nodes_random.json --inspection-rate 0.001 --mess-rate 0.002 --algorithm shortest,1.090921000001,0,369,334,246,186,128,993,230,352,0,187,330,0,0,368,334,606,213,646,269,0,0,346,464,638,510,173,0,149,0,634,0,0,773,652,0,1217,1407,1264,807,1111,1124,1154,709
project/sim_ext.py --sim-time 1.5 --seq-graph project/file/graph_15_nodes.json --traffic project/file/traffic_15_nodes_random.json --inspection-rate 0.001 --mess-rate 0.002 --algorithm shortest,1.092192000001,0,369,335,246,188,129,995,230,352,0,187,330,0,0,369,335,606,213,649,269,0,0,348,466,638,510,173,0,149,0,634,0,0,773,652,0,1217,1408,1265,813,1111,1125,1154,709
project/sim_ext.py --sim-time 1.5 --seq-graph project/file/graph_15_nodes.json --traffic project/file/traffic_15_nodes_random.json --inspection-rate 0.001 --mess-rate 0.002 --algorithm shortest,1.093253000001,0,369,335,246,188,129,996,230,352,0,187,330,0,0,369,336,606,213,649,269,0,0,348,466,638,510,173,0,149,0,634,0,0,773,652,0,1217,1412,1265,813,1111,1125,1154,709
project/sim_ext.py --sim-time 1.5 --seq-graph project/file/graph_15_nodes.json --traffic project/file/traffic_15_nodes_random.json --inspection-rate 0.001 --mess-rate 0.002 --algorithm shortest,1.0942986493813573,0,369,335,246,188,130,996,230,352,0,187,330,0,0,369,336,606,213,650,269,0,0,349,467,639,510,173,0,149,0,635,0,0,773,653,0,1217,1413,1265,813,1111,1125,1154,709
project/sim_ext.py --sim-time 1.5 --seq-graph project/file/graph_15_nodes.json --traffic project/file/traffic_15_nodes_random.json --inspection-rate 0.001 --mess-rate 0.002 --algorithm shortest,1.095315000001,0,374,337,246,190,130,1003,230,357,0,188,332,0,0,372,336,614,215,650,273,0,0,352,469,641,510,176,0,151,0,641,0,0,784,656,0,1234,1420,1270,826,1133,1133,1167,726
project/sim_ext.py --sim-time 1.5 --seq-graph project/file/graph_15_nodes.json --traffic project/file/traffic_15_nodes_random.json --inspection-rate 0.001 --mess-rate 0.002 --algorithm shortest,1.096652000001,0,375,337,249,190,130,1004,234,358,0,189,334,0,0,372,336,616,217,654,273,0,0,352,472,642,510,176,0,151,0,641,0,0,785,656,0,1234,1420,1270,827,1138,1134,1168,728
project/sim_ext.py --sim-time 1.5 --seq-graph project/file/graph_15_nodes.json --traffic project/file/traffic_15_nodes_random.json --inspection-rate 0.001 --mess-rate 0.002 --algorithm shortest,1.097697000001,0,377,337,249,190,130,1005,234,358,0,189,335,0,0,372,336,617,218,655,274,0,0,352,473,644,510,176,0,151,0,642,0,0,787,657,0,1236,1420,1270,837,1139,1134,1168,729
project/sim_ext.py --sim-time 1.5 --seq-graph project/file/graph_15_nodes.json --traffic project/file/traffic_15_nodes_random.json --inspection-rate 0.001 --mess-rate 0.002 --algorithm shortest,1.098757000001,0,378,338,249,190,130,1006,235,358,0,190,335,0,0,372,338,619,218,656,275,0,0,352,473,644,510,177,0,151,0,642,0,0,789,660,0,1239,1420,1270,839,1142,1134,1177,729
project/sim_ext.py --sim-time 1.5 --seq-graph project/file/graph_15_nodes.json --traffic project/file/traffic_15_nodes_random.json --inspection-rate 0.001 --mess-rate 0.002 --algorithm shortest,1.099880000001,0,379,340,249,190,130,1007,235,358,0,190,336,0,0,372,338,619,218,658,275,0,0,352,473,645,510,177,0,151,0,642,0,0,793,660,0,1239,1420,1270,841,1145,1134,1179,729
project/sim_ext.py --sim-time 1.5 --seq-graph project/file/graph_15_nodes.json --traffic project/file/traffic_15_nodes_random.json --inspection-rate 0.001 --mess-rate 0.002 --algorithm shortest,1.100927000001,0,379,341,249,190,130,1007,235,358,0,190,337,0,0,372,338,619,218,661,278,0,0,352,473,646,510,177,0,151,0,642,0,0,795,660,0,1240,1420,1270,841,1146,1134,1180,729
project/sim_ext.py --sim-time 1.5 --seq-graph project/file/graph_15_nodes.json --traffic project/file/traffic_15_nodes_random.json --inspection-rate 0.001 --mess-rate 0.002 --algorithm shortest,1.101999000001,0,380,342,249,190,130,1008,235,358,0,191,337,0,0,373,338,620,218,662,279,0,0,352,473,647,510,179,0,151,0,645,0,0,796,660,0,1241,1420,1270,841,1146,1134,1182,729
project/sim_ext.py --sim-time 1.5 --seq-graph project/file/graph_15_nodes.json --traffic project/file/traffic_15_nodes_random.json --inspection-rate 0.001 --mess-rate 0.002 --algorithm shortest,1.10312499991,0,380,342,249,190,130,1009,235,358,0,191,337,0,0,373,340,620,218,662,279,0,0,352,473,647,515,179,0,151,0,646,0,0,798,661,0,1242,1420,1270,841,1150,1134,1183,729
project/sim_ext.py --sim-time 1.5 --seq-graph project/file/graph_15_nodes.json --traffic project/file/traffic_15_nodes_random.json --inspection-rate 0.001 --mess-rate 0.002 --algorithm shortest,1.104282000001,0,381,344,249,190,130,1009,236,358,0,191,337,0,0,376,341,620,218,662,280,0,0,352,473,647,516,179,0,151,0,646,0,0,799,661,0,1242,1420,1270,841,1150,1134,1183,729
project/sim_ext.py --sim-time 1.5 --seq-graph project/file/graph_15_nodes.json --traffic project/file/traffic_15_nodes_random.json --inspection-rate 0.001 --mess-rate 0.002 --algorithm shortest,1.105327000001,0,381,344,249,190,130,1009,236,358,0,191,340,0,0,376,341,620,218,663,280,0,0,352,473,648,516,179,0,151,0,647,0,0,800,661,0,1242,1420,1270,841,1150,1134,1183,729
project/sim_ext.py --sim-time 1.5 --seq-graph project/file/graph_15_nodes.json --traffic project/file/traffic_15_nodes_random.json --inspection-rate 0.001 --mess-rate 0.002 --algorithm shortest,1.106644999906,0,382,344,249,190,130,1010,236,358,0,191,340,0,0,376,341,621,218,663,280,0,0,352,473,648,516,179,0,151,0,647,0,0,800,661,0,1242,1420,1270,841,1150,1134,1183,729
project/sim_ext.py --sim-time 1.5 --seq-graph project/file/graph_15_nodes.json --traffic project/file/traffic_15_nodes_random.json --inspection-rate 0.001 --mess-rate 0.002 --algorithm shortest,1.107647000001,0,382,344,249,190,130,1011,236,358,0,191,340,0,0,376,341,622,218,663,280,0,0,352,473,648,516,179,0,151,0,647,0,0,800,661,0,1242,1420,1270,841,1150,1134,1183,729
project/sim_ext.py --sim-time 1.5 --seq-graph project/file/graph_15_nodes.json --traffic project/file/traffic_15_nodes_random.json --inspection-rate 0.001 --mess-rate 0.002 --algorithm shortest,1.1087156956235307,0,383,344,249,190,130,1011,236,358,0,192,341,0,0,376,341,623,218,663,280,0,0,352,473,648,516,179,0,151,0,647,0,0,800,661,0,1242,1420,1270,841,1150,1134,1184,729
project/sim_ext.py --sim-time 1.5 --seq-graph project/file/graph_15_nodes.json --traffic project/file/traffic_15_nodes_random.json --inspection-rate 0.001 --mess-rate 0.002 --algorithm shortest,1.109767399997,0,383,344,249,190,130,1012,236,358,0,192,341,0,0,376,341,623,218,663,280,0,0,352,473,649,516,179,0,151,0,652,0,0,800,661,0,1242,1420,1270,841,1150,1134,1184,729
project/sim_ext.py --sim-time 1.5 --seq-graph project/file/graph_15_nodes.json --traffic project/file/traffic_15_nodes_random.json --inspection-rate 0.001 --mess-rate 0.002 --algorithm shortest,1.110861000001,0,383,344,249,190,130,1012,236,358,0,192,341,0,0,376,341,623,218,664,280,0,0,352,473,649,516,179,0,151,0,652,0,0,800,661,0,1242,1420,1270,841,1150,1134,1184,729
project/sim_ext.py --sim-time 1.5 --seq-graph project/file/graph_15_nodes.json --traffic project/file/traffic_15_nodes_random.json --inspection-rate 0.001 --mess-rate 0.002 --algorithm shortest,1.111897000001,0,383,344,249,190,130,1016,236,358,0,192,341,0,0,376,341,625,218,664,280,0,0,352,473,649,517,179,0,151,0,652,0,0,800,668,0,1242,1420,1270,841,1150,1134,1184,729
project/sim_ext.py --sim-time 1.5 --seq-graph project/file/graph_15_nodes.json --traffic project/file/traffic_15_nodes_random.json --inspection-rate 0.001 --mess-rate 0.002 --algorithm shortest,1.112973000001,0,383,344,249,190,130,1016,236,358,0,192,341,0,0,376,341,626,218,665,280,0,0,352,473,649,517,179,0,151,0,652,0,0,800,670,0,1242,1420,1270,841,1150,1134,1184,729
project/sim_ext.py --sim-time 1.5 --seq-graph project/file/graph_15_nodes.json --traffic project/file/traffic_15_nodes_random.json --inspection-rate 0.001 --mess-rate 0.002 --algorithm shortest,1.114007000001,0,383,344,249,190,130,1017,236,358,0,192,341,0,0,376,341,626,218,665,280,0,0,352,473,649,517,179,0,151,0,652,0,0,800,670,0,1242,1420,1270,841,1150,1134,1184,729
project/sim_ext.py --sim-time 1.5 --seq-graph project/file/graph_15_nodes.json --traffic project/file/traffic_15_nodes_random.json --inspection-rate 0.001 --mess-rate 0.002 --algorithm shortest,1.115047000001,0,383,344,249,190,130,1017,236,358,0,192,341,0,0,376,341,626,218,667,280,0,0,352,473,649,520,179,0,151,0,652,0,0,800,671,0,1242,1420,1270,841,1150,1134,1184,729
project/sim_ext.py --sim-time 1.5 --seq-graph project/file/graph_15_nodes.json --traffic project/file/traffic_15_nodes_random.json --inspection-rate 0.001 --mess-rate 0.002 --algorithm shortest,1.116067000001,0,383,344,249,190,130,1018,236,358,0,192,341,0,0,376,341,626,218,669,280,0,0,352,473,650,520,179,0,151,0,652,0,0,800,671,0,1242,1420,1270,841,1150,1134,1184,729
project/sim_ext.py --sim-time 1.5 --seq-graph project/file/graph_15_nodes.json --traffic project/file/traffic_15_nodes_random.json --inspection-rate 0.001 --mess-rate 0.002 --algorithm shortest,1.117075000001,0,383,344,249,190,130,1018,236,358,0,192,341,0,0,376,341,626,218,669,280,0,0,352,473,652,521,179,0,151,0,652,0,0,800,671,0,1242,1420,1270,841,1150,1134,1184,729
project/sim_ext.py --sim-time 1.5 --seq-graph project/file/graph_15_nodes.json --traffic project/file/traffic_15_nodes_random.json --inspection-rate 0.001 --mess-rate 0.002 --algorithm shortest,1.118408000001,0,383,344,249,190,130,1018,236,358,0,192,341,0,0,376,341,627,218,669,280,0,0,352,473,653,521,179,0,151,0,652,0,0,800,671,0,1242,1420,1270,841,1150,1134,1184,729
project/sim_ext.py --sim-time 1.5 --seq-graph project/file/graph_15_nodes.json --traffic project/file/traffic_15_nodes_random.json --inspection-rate 0.001 --mess-rate 0.002 --algorithm shortest,1.1194560000009999,0,383,344,249,190,130,1019,236,358,0,192,341,0,0,376,341,627,218,669,280,0,0,352,473,653,523,179,0,151,0,653,0,0,800,671,0,1242,1420,1270,841,1150,1134,1184,729
project/sim_ext.py --sim-time 1.5 --seq-graph project/file/graph_15_nodes.json --traffic project/file/traffic_15_nodes_random.json --inspection-rate 0.001 --mess-rate 0.002 --algorithm shortest,1.120476000001,0,383,344,249,190,130,1020,236,358,0,192,341,0,0,376,341,628,218,670,280,0,0,352,473,655,524,179,0,151,0,655,0,0,800,672,0,1242,1420,1270,841,1150,1134,1184,729
project/sim_ext.py --sim-time 1.5 --seq-graph project/file/graph_15_nodes.json --traffic project/file/traffic_15_nodes_random.json --inspection-rate 0.001 --mess-rate 0.002 --algorithm shortest,1.121638000001,0,383,344,249,190,130,1020,236,358,0,192,341,0,0,376,341,629,218,670,280,0,0,352,473,655,524,179,0,151,0,655,0,0,800,673,0,1242,1420,1270,841,1150,1134,1184,729
project/sim_ext.py --sim-time 1.5 --seq-graph project/file/graph_15_nodes.json --traffic project/file/traffic_15_nodes_random.json --inspection-rate 0.001 --mess-rate 0.002 --algorithm shortest,1.1226491035870583,0,383,344,249,190,130,1021,236,358,0,192,341,0,0,376,341,631,218,670,280,0,0,352,473,657,524,179,0,151,0,655,0,0,800,673,0,1242,1420,1270,841,1150,1134,1184,729
project/sim_ext.py --sim-time 1.5 --seq-graph project/file/graph_15_nodes.json --traffic project/file/traffic_15_nodes_random.json --inspection-rate 0.001 --mess-rate 0.002 --algorithm shortest,1.123664999902,0,383,344,249,190,130,1021,236,358,0,192,341,0,0,376,341,631,218,672,280,0,0,352,473,658,524,179,0,151,0,655,0,0,800,673,0,1242,1420,1270,841,1150,1134,1184,729
project/sim_ext.py --sim-time 1.5 --seq-graph project/file/graph_15_nodes.json --traffic project/file/traffic_15_nodes_random.json --inspection-rate 0.001 --mess-rate 0.002 --algorithm shortest,1.1247298157817331,0,383,344,249,190,130,1021,236,358,0,192,341,0,0,376,341,631,218,672,280,0,0,352,473,658,524,179,0,151,0,655,0,0,800,673,0,1242,1420,1270,841,1150,1134,1184,729
project/sim_ext.py --sim-time 1.5 --seq-graph project/file/graph_15_nodes.json --traffic project/file/traffic_15_nodes_random.json --inspection-rate 0.001 --mess-rate 0.002 --algorithm shortest,1.1258079999969999,0,390,347,254,192,130,1025,237,360,0,195,345,0,0,379,342,635,222,673,282,0,0,354,477,658,524,183,0,151,0,656,0,0,805,674,0,1257,1436,1286,841,1168,1149,1200,741
project/sim_ext.py --sim-time 1.5 --seq-graph project/file/graph_15_nodes.json --traffic project/file/traffic_15_nodes_random.json --inspection-rate 0.001 --mess-rate 0.002 --algorithm shortest,1.126831999997,0,392,347,258,192,130,1026,237,368,0,195,347,0,0,379,343,637,223,673,282,0,0,358,479,658,524,183,0,151,0,656,0,0,809,676,0,1260,1447,1294,841,1172,1163,1208,743
project/sim_ext.py --sim-time 1.5 --seq-graph project/file/graph_15_nodes.json --traffic project/file/traffic_15_nodes_random.json --inspection-rate 0.001 --mess-rate 0.002 --algorithm shortest,1.127885799997,0,392,347,259,192,131,1026,238,370,0,195,347,0,0,379,343,637,223,673,282,0,0,359,480,658,524,187,0,152,0,658,0,0,811,677,0,1264,1454,1299,841,1176,1166,1211,744
project/sim_ext.py --sim-time 1.5 --seq-graph project/file/graph_15_nodes.json --traffic project/file/traffic_15_nodes_random.json --inspection-rate 0.001 --mess-rate 0.002 --algorithm shortest,1.129107000001,0,398,348,259,192,131,1029,238,373,0,195,347,0,0,379,343,641,224,679,282,0,0,360,481,660,524,187,0,152,0,658,0,0,813,677,0,1271,1461,1301,841,1179,1170,1216,748
project/sim_ext.py --sim-time 1.5 --seq-graph project/file/graph_15_nodes.json --traffic project/file/traffic_15_nodes_random.json --inspection-rate 0.001 --mess-rate 0.002 --algorithm shortest,1.130166399997,0,399,349,259,192,131,1032,243,373,0,195,348,0,0,381,344,641,225,679,283,0,0,362,481,660,527,187,0,153,0,658,0,0,817,678,0,1271,1463,1305,841,1180,1171,1218,750
project/sim_ext.py --sim-time 1.5 --seq-graph project/file/graph_15_nodes.json --traffic project/file/traffic_15_nodes_random.json --inspection-rate 0.001 --mess-rate 0.002 --algorithm shortest,1.13118999991,0,399,349,259,192,131,1032,243,373,0,196,350,0,0,383,344,642,227,680,283,0,0,362,481,660,527,187,0,154,0,660,0,0,817,678,0,1277,1465,1307,841,1183,1171,1220,750
project/sim_ext.py --sim-time 1.5 --seq-graph project/file/graph_15_nodes.json --traffic project/file/traffic_15_nodes_random.json --inspection-rate 0.001 --mess-rate 0.002 --algorithm shortest,1.132316000001,0,399,349,261,192,131,1032,243,373,0,197,350,0,0,383,346,647,227,683,283,0,0,362,481,663,528,189,0,154,0,662,0,0,818,682,0,1278,1467,1307,841,1186,1171,1221,750
project/sim_ext.py --sim-time 1.5 --seq-graph project/file/graph_15_nodes.json --traffic project/file/traffic_15_nodes_random.json --inspection-rate 0.001 --mess-rate 0.002 --algorithm shortest,1.133451000001,0,399,349,261,192,133,1033,243,373,0,198,350,0,0,385,348,647,227,684,284,0,0,362,481,663,528,189,0,154,0,663,0,0,820,682,0,1281,1468,1307,841,1187,1177,1225,750
project/sim_ext.py --sim-time 1.5 --seq-graph project/file/graph_15_nodes.json --traffic project/file/traffic_15_nodes_random.json --inspection-rate 0.001 --mess-rate 0.002 --algorithm shortest,1.134496000001,0,399,349,261,192,133,1035,243,373,0,198,351,0,0,385,348,647,227,686,284,0,0,362,481,664,528,189,0,154,0,664,0,0,820,682,0,1282,1468,1313,841,1188,1177,1225,750
project/sim_ext.py --sim-time 1.5 --seq-graph project/file/graph_15_nodes.json --traffic project/file/traffic_15_nodes_random.json --inspection-rate 0.001 --mess-rate 0.002 --algorithm shortest,1.135740199997,0,399,349,261,192,133,1036,243,373,0,198,352,0,0,388,348,647,228,686,284,0,0,362,485,664,530,190,0,154,0,664,0,0,820,683,0,1287,1468,1313,841,1188,1177,1225,753
project/sim_ext.py --sim-time 1.5 --seq-graph project/file/graph_15_nodes.json --traffic project/file/traffic_15_nodes_random.json --inspection-rate 0.001 --mess-rate 0.002 --algorithm shortest,1.136860799997,0,399,349,261,192,133,1036,243,373,0,198,353,0,0,388,348,649,228,687,285,0,0,362,485,665,530,190,0,154,0,667,0,0,821,683,0,1287,1468,1313,852,1188,1177,1225,753
project/sim_ext.py --sim-time 1.5 --seq-graph project/file/graph_15_nodes.json --traffic project/file/traffic_15_nodes_random.json --inspection-rate 0.001 --mess-rate 0.002 --algorithm shortest,1.137889000001,0,399,349,261,192,133,1039,243,373,0,198,353,0,0,388,348,649,228,687,287,0,0,362,485,667,531,190,0,154,0,668,0,0,823,684,0,1287,1468,1313,854,1188,1177,1225,753
project/sim_ext.py --sim-time 1.5 --seq-graph project/file/graph_15_nodes.json --traffic project/file/traffic_15_nodes_random.json --inspection-rate 0.001 --mess-rate 0.002 --algorithm shortest,1.139038000001,0,399,353,261,192,133,1040,243,373,0,198,354,0,0,388,348,650,228,687,288,0,0,362,487,667,531,191,0,154,0,668,0,0,824,687,0,1288,1468,1313,858,1188,1177,1225,754
project/sim_ext.py --sim-time 1.5 --seq-graph project/file/graph_15_nodes.json --traffic project/file/traffic_15_nodes_random.json --inspection-rate 0.001 --mess-rate 0.002 --algorithm shortest,1.1400500000009999,0,399,354,261,192,133,1041,246,373,0,198,354,0,0,389,348,650,228,687,288,0,0,362,488,667,534,191,0,154,0,668,0,0,825,687,0,1292,1468,1313,860,1188,1177,1225,755
project/sim_ext.py --sim-time 1.5 --seq-graph project/file/graph_15_nodes.json --traffic project/file/traffic_15_nodes_random.json --inspection-rate 0.001 --mess-rate 0.002 --algorithm shortest,1.141082000001,0,399,354,261,192,133,1042,246,373,0,198,355,0,0,389,348,651,228,687,288,0,0,362,488,667,534,191,0,154,0,668,0,0,825,687,0,1292,1468,1313,860,1188,1177,1225,755
project/sim_ext.py --sim-time 1.5 --seq-graph project/file/graph_15_nodes.json --traffic project/file/traffic_15_nodes_random.json --inspection-rate 0.001 --mess-rate 0.002 --algorithm shortest,1.142204999902,0,399,355,261,192,133,1045,246,373,0,198,355,0,0,391,348,651,228,687,288,0,0,362,488,667,534,191,0,154,0,668,0,0,825,687,0,1292,1468,1313,862,1188,1177,1225,755
project/sim_ext.py --sim-time 1.5 --seq-graph project/file/graph_15_nodes.json --traffic project/file/traffic_15_nodes_random.json --inspection-rate 0.001 --mess-rate 0.002 --algorithm shortest,1.143310000001,0,399,355,261,192,133,1045,246,373,0,198,355,0,0,391,348,652,228,687,288,0,0,362,488,668,534,191,0,154,0,672,0,0,825,687,0,1292,1468,1313,864,1188,1177,1225,755
project/sim_ext.py --sim-time 1.5 --seq-graph project/file/graph_15_nodes.json --traffic project/file/traffic_15_nodes_random.json --inspection-rate 0.001 --mess-rate 0.002 --algorithm shortest,1.144430522154666,0,399,355,261,192,133,1046,246,373,0,198,355,0,0,393,348,653,228,687,288,0,0,362,488,668,535,191,0,154,0,673,0,0,825,689,0,1292,1468,1313,866,1188,1177,1225,755
project/sim_ext.py --sim-time 1.5 --seq-graph project/file/graph_15_nodes.json --traffic project/file/traffic_15_nodes_random.json --inspection-rate 0.001 --mess-rate 0.002 --algorithm shortest,1.145474999902,0,399,355,261,192,133,1046,246,373,0,198,355,0,0,393,348,653,228,688,288,0,0,362,488,668,536,191,0,154,0,673,0,0,825,692,0,1292,1468,1313,866,1188,1177,1225,755
project/sim_ext.py --sim-time 1.5 --seq-graph project/file/graph_15_nodes.json --traffic project/file/traffic_15_nodes_random.json --inspection-rate 0.001 --mess-rate 0.002 --algorithm shortest,1.146589000001,0,399,355,261,192,133,1046,246,373,0,198,355,0,0,393,348,654,228,689,288,0,0,362,488,672,536,191,0,154,0,674,0,0,825,693,0,1292,1468,1313,866,1188,1177,1225,755
project/sim_ext.py --sim-time 1.5 --seq-graph project/file/graph_15_nodes.json --traffic project/file/traffic_15_nodes_random.json --inspection-rate 0.001 --mess-rate 0.002 --algorithm shortest,1.147612000001,0,399,355,261,192,133,1046,246,373,0,198,355,0,0,393,348,654,228,689,288,0,0,362,488,673,536,191,0,154,0,674,0,0,825,693,0,1292,1468,1313,868,1188,1177,1225,755
project/sim_ext.py --sim-time 1.5 --seq-graph project/file/graph_15_nodes.json --traffic project/file/traffic_15_nodes_random.json --inspection-rate 0.001 --mess-rate 0.002 --algorithm shortest,1.1487153963700825,0,399,355,261,192,133,1050,246,373,0,198,355,0,0,393,348,654,228,689,288,0,0,362,488,673,539,191,0,154,0,674,0,0,825,694,0,1292,1468,1313,868,1188,1177,1225,755
project/sim_ext.py --sim-time 1.5 --seq-graph project/file/graph_15_nodes.json --traffic project/file/traffic_15_nodes_random.json --inspection-rate 0.001 --mess-rate 0.002 --algorithm shortest,1.149760999997,0,399,355,261,192,133,1051,246,373,0,198,355,0,0,393,348,654,228,689,288,0,0,362,488,673,539,191,0,154,0,674,0,0,825,694,0,1292,1468,1313,868,1188,1177,1225,755
project/sim_ext.py --sim-time 1.5 --seq-graph project/file/graph_15_nodes.json --traffic project/file/traffic_15_nodes_random.json --inspection-rate 0.001 --mess-rate 0.002 --algorithm shortest,1.150833000001,0,399,355,261,192,133,1051,246,373,0,198,355,0,0,393,348,655,228,692,288,0,0,362,488,674,539,191,0,154,0,675,0,0,825,694,0,1292,1468,1313,868,1188,1177,1225,755
project/sim_ext.py --sim-time 1.5 --seq-graph project/file/graph_15_nodes.json --traffic project/file/traffic_15_nodes_random.json --inspection-rate 0.001 --mess-rate 0.002 --algorithm shortest,1.151869000001,0,399,355,261,192,133,1051,246,373,0,198,355,0,0,393,348,655,228,692,288,0,0,362,488,674,539,191,0,154,0,675,0,0,825,694,0,1292,1468,1313,868,1188,1177,1225,755
project/sim_ext.py --sim-time 1.5 --seq-graph project/file/graph_15_nodes.json --traffic project/file/traffic_15_nodes_random.json --inspection-rate 0.001 --mess-rate 0.002 --algorithm shortest,1.1529356642408037,0,399,355,261,192,133,1051,246,373,0,198,355,0,0,393,348,655,228,692,288,0,0,362,488,676,540,191,0,154,0,676,0,0,825,696,0,1292,1468,1313,868,1188,1177,1225,755
project/sim_ext.py --sim-time 1.5 --seq-graph project/file/graph_15_nodes.json --traffic project/file/traffic_15_nodes_random.json --inspection-rate 0.001 --mess-rate 0.002 --algorithm shortest,1.154037000001,0,399,355,261,192,133,1052,246,373,0,198,355,0,0,393,348,655,228,692,288,0,0,362,488,676,540,191,0,154,0,678,0,0,825,697,0,1292,1468,1313,868,1188,1177,1225,755
project/sim_ext.py --sim-time 1.5 --seq-graph project/file/graph_15_nodes.json --traffic project/file/traffic_15_nodes_random.json --inspection-rate 0.001 --mess-rate 0.002 --algorithm shortest,1.155062399997,0,399,355,261,192,133,1053,246,373,0,198,355,0,0,393,348,659,228,692,288,0,0,362,488,676,540,191,0,154,0,678,0,0,825,697,0,1292,1468,1313,868,1188,1177,1225,755
project/sim_ext.py --sim-time 1.5 --seq-graph project/file/graph_15_nodes.json --traffic project/file/traffic_15_nodes_random.json --inspection-rate 0.001 --mess-rate 0.002 --algorithm shortest,1.1561310000009999,0,399,357,261,192,133,1053,246,374,0,198,355,0,0,395,348,659,229,699,288,0,0,362,488,676,542,191,0,154,0,678,0,0,825,698,0,1292,1470,1315,868,1190,1179,1227,756
project/sim_ext.py --sim-time 1.5 --seq-graph project/file/graph_15_nodes.json --traffic project/file/traffic_15_nodes_random.json --inspection-rate 0.001 --mess-rate 0.002 --algorithm shortest,1.157157000001,0,403,359,264,192,137,1053,248,384,0,198,359,0,0,400,354,659,231,701,289,0,0,371,492,682,542,191,0,156,0,679,0,0,835,698,0,1311,1490,1333,868,1210,1200,1245,765
project/sim_ext.py --sim-time 1.5 --seq-graph project/file/graph_15_nodes.json --traffic project/file/traffic_15_nodes_random.json --inspection-rate 0.001 --mess-rate 0.002 --algorithm shortest,1.158310000001,0,406,360,266,193,137,1053,248,385,0,198,359,0,0,400,355,659,232,701,290,0,0,373,492,683,543,192,0,156,0,681,0,0,837,704,0,1313,1494,1333,868,1215,1203,1247,768
project/sim_ext.py --sim-time 1.5 --seq-graph project/file/graph_15_nodes.json --traffic project/file/traffic_15_nodes_random.json --inspection-rate 0.001 --mess-rate 0.002 --algorithm shortest,1.159368000001,0,407,360,269,193,138,1063,249,386,0,198,359,0,0,400,355,659,232,703,290,0,0,374,493,685,543,194,0,156,0,681,0,0,838,704,0,1321,1496,1335,868,1216,1207,1257,773
project/sim_ext.py --sim-time 1.5 --seq-graph project/file/graph_15_nodes.json --traffic project/file/traffic_15_nodes_random.json --inspection-rate 0.001 --mess-rate 0.002 --algorithm shortest,1.160391000001,0,407,361,270,193,138,1064,250,387,0,198,359,0,0,401,355,659,233,704,290,0,0,375,496,686,544,194,0,160,0,682,0,0,839,705,0,1328,1498,1339,868,1220,1207,1261,774
project/sim_ext.py --sim-time 1.5 --seq-graph project/file/graph_15_nodes.json --traffic project/file/traffic_15_nodes_random.json --inspection-rate 0.001 --mess-rate 0.002 --algorithm shortest,1.161581799997,0,408,361,270,195,138,1064,252,387,0,198,359,0,0,401,357,659,233,704,291,0,0,375,496,688,545,194,0,160,0,685,0,0,843,705,0,1329,1498,1339,868,1221,1208,1263,777
project/sim_ext.py --sim-time 1.5 --seq-graph project/file/graph_15_nodes.json --traffic project/file/traffic_15_nodes_random.json --inspection-rate 0.001 --mess-rate 0.002 --algorithm shortest,1.162673000001,0,408,361,270,195,138,1066,252,387,0,198,360,0,0,401,357,659,233,704,291,0,0,375,496,688,545,194,0,160,0,686,0,0,844,705,0,1330,1501,1340,868,1225,1208,1266,777
project/sim_ext.py --sim-time 1.5 --seq-graph project/file/graph_15_nodes.json --traffic project/file/traffic_15_nodes_random.json --inspection-rate 0.001 --mess-rate 0.002 --algorithm shortest,1.163710000001,0,408,361,270,196,138,1066,252,387,0,198,360,0,0,401,357,659,234,705,291,0,0,375,497,688,547,197,0,160,0,686,0,0,844,705,0,1335,1503,1345,868,1227,1208,1266,781
project/sim_ext.py --sim-time 1.5 --seq-graph project/file/graph_15_nodes.json --traffic project/file/traffic_15_nodes_random.json --inspection-rate 0.001 --mess-rate 0.002 --algorithm shortest,1.165114599997,0,408,361,270,196,138,1066,252,387,0,198,361,0,0,402,357,659,234,706,291,0,0,375,497,689,547,197,0,160,0,686,0,0,844,705,0,1335,1503,1346,868,1229,1210,1266,782
project/sim_ext.py --sim-time 1.5 --seq-graph project/file/graph_15_nodes.json --traffic project/file/traffic_15_nodes_random.json --inspection-rate 0.001 --mess-rate 0.002 --algorithm shortest,1.166210000001,0,408,361,270,196,138,1069,252,387,0,198,361,0,0,402,357,659,234,706,291,0,0,375,498,689,547,197,0,161,0,686,0,0,844,705,0,1335,1505,1350,868,1231,1210,1266,782
project/sim_ext.py --sim-time 1.5 --seq-graph project/file/graph_15_nodes.json --traffic project/file/traffic_15_nodes_random.json --inspection-rate 0.001 --mess-rate 0.002 --algorithm shortest,1.167215000001,0,408,362,270,196,138,1069,254,387,0,201,361,0,0,404,357,662,234,709,292,0,0,375,498,689,549,197,0,161,0,686,0,0,847,708,0,1335,1505,1350,868,1231,1210,1266,782
project/sim_ext.py --sim-time 1.5 --seq-graph project/file/graph_15_nodes.json --traffic project/file/traffic_15_nodes_random.json --inspection-rate 0.001 --mess-rate 0.002 --algorithm shortest,1.168317000001,0,408,362,270,196,138,1070,254,387,0,201,361,0,0,404,357,662,234,709,293,0,0,375,498,689,550,197,0,161,0,686,0,0,848,709,0,1335,1505,1350,868,1231,1210,1266,782
project/sim_ext.py --sim-time 1.5 --seq-graph project/file/graph_15_nodes.json --traffic project/file/traffic_15_nodes_random.json --inspection-rate 0.001 --mess-rate 0.002 --algorithm shortest,1.169446000001,0,408,362,270,197,138,1070,255,387,0,201,361,0,0,404,358,664,234,709,293,0,0,375,498,689,551,197,0,161,0,686,0,0,850,709,0,1335,1505,1350,868,1231,1212,1266,782
project/sim_ext.py --sim-time 1.5 --seq-graph project/file/graph_15_nodes.json --traffic project/file/traffic_15_nodes_random.json --inspection-rate 0.001 --mess-rate 0.002 --algorithm shortest,1.170463000001,0,408,364,270,197,138,1070,255,387,0,201,362,0,0,405,358,666,234,709,293,0,0,375,498,689,551,197,0,161,0,686,0,0,854,709,0,1335,1505,1350,868,1231,1212,1266,782
project/sim_ext.py --sim-time 1.5 --seq-graph project/file/graph_15_nodes.json --traffic project/file/traffic_15_nodes_random.json --inspection-rate 0.001 --mess-rate 0.002 --algorithm shortest,1.1714780000009999,0,408,365,270,197,138,1077,256,387,0,201,362,0,0,406,358,666,234,710,294,0,0,375,498,689,551,197,0,161,0,686,0,0,854,709,0,1335,1505,1350,868,1231,1212,1266,782
project/sim_ext.py --sim-time 1.5 --seq-graph project/file/graph_15_nodes.json --traffic project/file/traffic_15_nodes_random.json --inspection-rate 0.001 --mess-rate 0.002 --algorithm shortest,1.172486000001,0,408,366,270,197,138,1078,257,387,0,201,362,0,0,407,358,667,234,710,295,0,0,375,498,690,552,197,0,161,0,688,0,0,854,710,0,1335,1505,1350,868,1231,1212,1266,782
project/sim_ext.py --sim-time 1.5 --seq-graph project/file/graph_15_nodes.json --traffic project/file/traffic_15_nodes_random.json --inspection-rate 0.001 --mess-rate 0.002 --algorithm shortest,1.1735449766024588,0,408,366,270,197,138,1079,257,387,0,201,363,0,0,408,358,667,234,710,295,0,0,375,498,692,552,197,0,161,0,689,0,0,854,710,0,1335,1505,1350,868,1231,1212,1266,782
project/sim_ext.py --sim-time 1.5 --seq-graph project/file/graph_15_nodes.json --traffic project/file/traffic_15_nodes_random.json --inspection-rate 0.001 --mess-rate 0.002 --algorithm shortest,1.174599399997,0,408,367,270,197,138,1080,258,387,0,201,363,0,0,408,361,667,234,710,296,0,0,375,498,693,554,197,0,161,0,689,0,0,855,711,0,1335,1505,1350,868,1231,1212,1266,782
project/sim_ext.py --sim-time 1.5 --seq-graph project/file/graph_15_nodes.json --traffic project/file/traffic_15_nodes_random.json --inspection-rate 0.001 --mess-rate 0.002 --algorithm shortest,1.175673000001,0,408,367,270,197,138,1080,258,387,0,201,363,0,0,408,361,667,234,710,296,0,0,375,498,694,554,197,0,161,0,689,0,0,857,711,0,1335,1505,1350,868,1231,1212,1266,782
project/sim_ext.py --sim-time 1.5 --seq-graph project/file/graph_15_nodes.json --traffic project/file/traffic_15_nodes_random.json --inspection-rate 0.001 --mess-rate 0.002 --algorithm shortest,1.176727000001,0,408,367,270,197,138,1080,258,387,0,201,363,0,0,409,361,671,234,712,296,0,0,375,498,694,555,197,0,161,0,689,0,0,857,712,0,1335,1505,1350,868,1231,1212,1266,782
project/sim_ext.py --sim-time 1.5 --seq-graph project/file/graph_15_nodes.json --traffic project/file/traffic_15_nodes_random.json --inspection-rate 0.001 --mess-rate 0.002 --algorithm shortest,1.177755000001,0,408,367,270,197,138,1080,258,387,0,201,363,0,0,409,361,671,234,714,296,0,0,375,498,694,555,197,0,161,0,689,0,0,857,713,0,1335,1505,1350,868,1231,1212,1266,782
project/sim_ext.py --sim-time 1.5 --seq-graph project/file/graph_15_nodes.json --traffic project/file/traffic_15_nodes_random.json --inspection-rate 0.001 --mess-rate 0.002 --algorithm shortest,1.17875663857333,0,408,367,270,197,138,1080,258,387,0,201,363,0,0,409,361,671,234,714,296,0,0,375,498,694,556,197,0,161,0,689,0,0,857,714,0,1335,1505,1350,868,1231,1212,1266,782
project/sim_ext.py --sim-time 1.5 --seq-graph project/file/graph_15_nodes.json --traffic project/file/traffic_15_nodes_random.json --inspection-rate 0.001 --mess-rate 0.002 --algorithm shortest,1.179760000001,0,408,367,270,197,138,1080,258,387,0,201,363,0,0,409,361,672,234,714,296,0,0,375,498,694,556,197,0,161,0,689,0,0,857,714,0,1335,1505,1350,878,1231,1212,1266,782
project/sim_ext.py --sim-time 1.5 --seq-graph project/file/graph_15_nodes.json --traffic project/file/traffic_15_nodes_random.json --inspection-rate 0.001 --mess-rate 0.002 --algorithm shortest,1.181015000001,0,408,367,270,197,138,1080,258,387,0,201,363,0,0,409,361,673,234,714,296,0,0,375,498,695,556,197,0,161,0,692,0,0,857,714,0,1335,1505,1350,880,1231,1212,1266,782
project/sim_ext.py --sim-time 1.5 --seq-graph project/file/graph_15_nodes.json --traffic project/file/traffic_15_nodes_random.json --inspection-rate 0.001 --mess-rate 0.002 --algorithm shortest,1.1820396176683678,0,408,367,270,197,138,1080,258,387,0,201,363,0,0,409,362,676,234,714,296,0,0,375,498,695,557,197,0,161,0,693,0,0,857,718,0,1335,1505,1350,880,1231,1212,1266,782
project/sim_ext.py --sim-time 1.5 --seq-graph project/file/graph_15_nodes.json --traffic project/file/traffic_15_nodes_random.json --inspection-rate 0.001 --mess-rate 0.002 --algorithm shortest,1.183063000001,0,408,367,270,197,138,1081,258,387,0,201,363,0,0,409,362,676,234,716,296,0,0,375,498,695,557,197,0,161,0,693,0,0,857,718,0,1335,1505,1350,881,1231,1212,1266,782
project/sim_ext.py --sim-time 1.5 --seq-graph project/file/graph_15_nodes.json --traffic project/file/traffic_15_nodes_random.json --inspection-rate 0.001 --mess-rate 0.002 --algorithm shortest,1.184196000001,0,408,367,270,197,138,1081,258,387,0,201,363,0,0,409,363,678,234,716,296,0,0,375,498,695,562,197,0,161,0,694,0,0,857,719,0,1335,1505,1350,882,1231,1212,1266,782
project/sim_ext.py --sim-time 1.5 --seq-graph project/file/graph_15_nodes.json --traffic project/file/traffic_15_nodes_random.json --inspection-rate 0.001 --mess-rate 0.002 --algorithm shortest,1.185429000001,0,408,367,270,197,138,1081,258,387,0,201,363,0,0,409,364,678,234,717,296,0,0,375,498,695,562,197,0,161,0,694,0,0,857,719,0,1335,1505,1350,883,1231,1212,1266,782
project/sim_ext.py --sim-time 1.5 --seq-graph project/file/graph_15_nodes.json --traffic project/file/traffic_15_nodes_random.json --inspection-rate 0.001 --mess-rate 0.002 --algorithm shortest,1.186508000001,0,408,367,270,197,138,1082,258,387,0,201,363,0,0,409,365,680,234,717,296,0,0,375,498,695,563,197,0,161,0,694,0,0,857,721,0,1335,1505,1350,883,1231,1212,1266,782
project/sim_ext.py --sim-time 1.5 --seq-graph project/file/graph_15_nodes.json --traffic project/file/traffic_15_nodes_random.json --inspection-rate 0.001 --mess-rate 0.002 --algorithm shortest,1.1876160000009999,0,408,367,270,198,138,1086,258,387,0,201,363,0,0,409,365,682,234,718,296,0,0,375,503,695,564,197,0,161,0,694,0,0,857,722,0,1335,1520,1362,893,1231,1222,1266,784
project/sim_ext.py --sim-time 1.5 --seq-graph project/file/graph_15_nodes.json --traffic project/file/traffic_15_nodes_random.json --inspection-rate 0.001 --mess-rate 0.002 --algorithm shortest,1.188625999997,0,408,367,270,198,138,1086,258,387,0,201,363,0,0,409,365,682,234,718,296,0,0,375,504,695,564,197,0,161,0,695,0,0,857,722,0,1335,1520,1362,896,1231,1222,1266,784
project/sim_ext.py --sim-time 1.5 --seq-graph project/file/graph_15_nodes.json --traffic project/file/traffic_15_nodes_random.json --inspection-rate 0.001 --mess-rate 0.002 --algorithm shortest,1.189676000001,0,408,367,270,199,138,1088,258,387,0,201,363,0,0,409,367,682,234,718,296,0,0,375,504,696,565,197,0,161,0,696,0,0,857,723,0,1335,1523,1364,896,1231,1223,1266,784
project/sim_ext.py --sim-time 1.5 --seq-graph project/file/graph_15_nodes.json --traffic project/file/traffic_15_nodes_random.json --inspection-rate 0.001 --mess-rate 0.002 --algorithm shortest,1.190677000001,0,408,367,270,199,138,1088,258,387,0,201,363,0,0,409,368,682,234,720,296,0,0,375,505,696,565,197,0,161,0,696,0,0,857,724,0,1335,1525,1364,896,1231,1223,1266,784
project/sim_ext.py --sim-time 1.5 --seq-graph project/file/graph_15_nodes.json --traffic project/file/traffic_15_nodes_random.json --inspection-rate 0.001 --mess-rate 0.002 --algorithm shortest,1.191828000001,0,408,367,270,201,138,1090,258,387,0,201,363,0,0,409,369,682,234,720,296,0,0,375,505,697,565,197,0,161,0,698,0,0,857,724,0,1335,1526,1365,897,1231,1224,1266,784
project/sim_ext.py --sim-time 1.5 --seq-graph project/file/graph_15_nodes.json --traffic project/file/traffic_15_nodes_random.json --inspection-rate 0.001 --mess-rate 0.002 --algorithm shortest,1.192955000001,0,408,367,270,201,138,1090,258,387,0,201,363,0,0,409,369,682,234,721,296,0,0,375,505,697,565,197,0,161,0,698,0,0,857,724,0,1335,1528,1365,897,1231,1224,1266,784
project/sim_ext.py --sim-time 1.5 --seq-graph project/file/graph_15_nodes.json --traffic project/file/traffic_15_nodes_random.json --inspection-rate 0.001 --mess-rate 0.002 --algorithm shortest,1.193989000001,0,408,367,270,201,138,1091,258,387,0,201,363,0,0,409,370,682,234,721,296,0,0,375,505,697,565,197,0,161,0,698,0,0,857,724,0,1335,1528,1368,897,1231,1224,1266,784
project/sim_ext.py --sim-time 1.5 --seq-graph project/file/graph_15_nodes.json --traffic project/file/traffic_15_nodes_random.json --inspection-rate 0.001 --mess-rate 0.002 --algorithm shortest,1.195001000001,0,408,367,270,202,138,1094,258,387,0,201,363,0,0,409,371,682,234,721,296,0,0,375,505,700,565,197,0,161,0,699,0,0,857,724,0,1335,1532,1370,897,1231,1224,1266,784
project/sim_ext.py --sim-time 1.5 --seq-graph project/file/graph_15_nodes.json --traffic project/file/traffic_15_nodes_random.json --inspection-rate 0.001 --mess-rate 0.002 --algorithm shortest,1.196128000001,0,408,367,270,202,138,1095,258,387,0,201,363,0,0,409,371,682,234,725,296,0,0,375,505,701,566,197,0,161,0,699,0,0,857,725,0,1335,1534,1371,897,1231,1225,1266,784
project/sim_ext.py --sim-time 1.5 --seq-graph project/file/graph_15_nodes.json --traffic project/file/traffic_15_nodes_random.json --inspection-rate 0.001 --mess-rate 0.002 --algorithm shortest,1.1971529999969999,0,410,369,271,202,138,1097,258,388,0,201,363,0,0,409,373,685,234,725,297,0,0,376,506,701,566,197,0,161,0,699,0,0,861,725,0,1339,1534,1376,897,1235,1226,1270,788
project/sim_ext.py --sim-time 1.5 --seq-graph project/file/graph_15_nodes.json --traffic project/file/traffic_15_nodes_random.json --inspection-rate 0.001 --mess-rate 0.002 --algorithm shortest,1.198174000001,0,418,374,273,202,142,1102,258,390,0,202,365,0,0,412,374,686,235,728,298,0,0,377,507,704,567,197,0,161,0,701,0,0,870,731,0,1357,1542,1382,897,1254,1236,1285,800
project/sim_ext.py --sim-time 1.5 --seq-graph project/file/graph_15_nodes.json --traffic project/file/traffic_15_nodes_random.json --inspection-rate 0.001 --mess-rate 0.002 --algorithm shortest,1.199417000001,0,419,375,274,202,142,1103,258,390,0,202,365,0,0,413,374,686,235,728,299,0,0,379,509,704,567,198,0,161,0,701,0,0,871,733,0,1360,1542,1382,897,1254,1240,1286,801
project/sim_ext.py --sim-time 1.5 --seq-graph project/file/graph_15_nodes.json --traffic project/file/traffic_15_nodes_random.json --inspection-rate 0.001 --mess-rate 0.002 --algorithm shortest,1.200549000001,0,420,375,274,203,142,1104,259,392,0,203,365,0,0,413,374,687,235,730,299,0,0,379,509,708,567,199,0,161,0,705,0,0,871,733,0,1361,1542,1382,897,1259,1241,1287,802
project/sim_ext.py --sim-time 1.5 --seq-graph project/file/graph_15_nodes.json --traffic project/file/traffic_15_nodes_random.json --inspection-rate 0.001 --mess-rate 0.002 --algorithm shortest,1.2016270000009999,0,420,376,274,203,142,1106,259,392,0,203,365,0,0,414,374,687,235,730,299,0,0,379,510,708,568,200,0,161,0,705,0,0,871,734,0,1361,1542,1382,897,1260,1241,1292,804
project/sim_ext.py --sim-time 1.5 --seq-graph project/file/graph_15_nodes.json --traffic project/file/traffic_15_nodes_random.json --inspection-rate 0.001 --mess-rate 0.002 --algorithm shortest,1.202690000001,0,420,376,274,203,142,1106,260,392,0,203,365,0,0,416,375,687,235,730,299,0,0,379,511,708,569,201,0,161,0,707,0,0,872,734,0,1366,1542,1382,897,1260,1241,1293,804
project/sim_ext.py --sim-time 1.5 --seq-graph project/file/graph_15_nodes.json --traffic project/file/traffic_15_nodes_random.json --inspection-rate 0.001 --mess-rate 0.002 --algorithm shortest,1.203821799997,0,421,377,277,203,143,1106,260,392,0,205,365,0,0,418,376,689,235,730,301,0,0,379,513,708,569,202,0,161,0,707,0,0,873,734,0,1368,1542,1382,897,1260,1241,1298,809
project/sim_ext.py --sim-time 1.5 --seq-graph project/file/graph_15_nodes.json --traffic project/file/traffic_15_nodes_random.json --inspection-rate 0.001 --mess-rate 0.002 --algorithm shortest,1.2049249998909999,0,422,377,277,203,145,1106,260,397,0,205,365,0,0,419,376,689,235,730,301,0,0,379,513,710,570,202,0,161,0,709,0,0,873,735,0,1369,1542,1382,897,1262,1241,1299,809
project/sim_ext.py --sim-time 1.5 --seq-graph project/file/graph_15_nodes.json --traffic project/file/traffic_15_nodes_random.json --inspection-rate 0.001 --mess-rate 0.002 --algorithm shortest,1.205999000001,0,424,377,277,203,145,1108,260,397,0,205,366,0,0,419,376,690,235,735,302,0,0,379,515,710,570,202,0,161,0,710,0,0,876,737,0,1370,1542,1382,897,1265,1241,1303,810
project/sim_ext.py --sim-time 1.5 --seq-graph project/file/graph_15_nodes.json --traffic project/file/traffic_15_nodes_random.json --inspection-rate 0.001 --mess-rate 0.002 --algorithm shortest,1.207129000001,0,424,377,277,203,145,1108,260,397,0,205,366,0,0,419,376,690,235,735,302,0,0,379,515,712,570,202,0,161,0,710,0,0,877,737,0,1373,1542,1382,897,1267,1241,1304,810
project/sim_ext.py --sim-time 1.5 --seq-graph project/file/graph_15_nodes.json --traffic project/file/traffic_15_nodes_random.json --inspection-rate 0.001 --mess-rate 0.002 --algorithm shortest,1.2081830000009999,0,424,377,277,203,145,1108,260,397,0,205,366,0,0,419,377,690,235,735,302,0,0,379,515,714,570,202,0,161,0,710,0,0,877,737,0,1373,1542,1382,897,1267,1241,1304,810
project/sim_ext.py --sim-time 1.5 --seq-graph project/file/graph_15_nodes.json --traffic project/file/traffic_15_nodes_random.json --inspection-rate 0.001 --mess-rate 0.002 --algorithm shortest,1.209494999902,0,424,377,277,203,145,1108,260,397,0,205,369,0,0,419,378,690,235,736,302,0,0,379,515,717,574,202,0,161,0,710,0,0,877,739,0,1373,1542,1382,897,1270,1241,1304,810
project/sim_ext.py --sim-time 1.5 --seq-graph project/file/graph_15_nodes.json --traffic project/file/traffic_15_nodes_random.json --inspection-rate 0.001 --mess-rate 0.002 --algorithm shortest,1.210673000001,0,424,377,277,203,145,1112,260,397,0,205,369,0,0,420,378,690,235,738,302,0,0,379,515,717,574,202,0,161,0,710,0,0,877,740,0,1373,1542,1382,897,1270,1241,1304,810
project/sim_ext.py --sim-time 1.5 --seq-graph project/file/graph_15_nodes.json --traffic project/file/traffic_15_nodes_random.json --inspection-rate 0.001 --mess-rate 0.002 --algorithm shortest,1.211698000001,0,424,377,277,203,145,1113,260,397,0,205,369,0,0,420,378,690,235,739,303,0,0,379,515,717,574,202,0,161,0,710,0,0,879,740,0,1373,1542,1382,897,1270,1241,1304,810
project/sim_ext.py --sim-time 1.5 --seq-graph project/file/graph_15_nodes.json --traffic project/file/traffic_15_nodes_random.json --inspection-rate 0.001 --mess-rate 0.002 --algorithm shortest,1.212774999895,0,424,380,277,203,145,1113,261,397,0,205,369,0,0,420,378,690,235,739,304,0,0,379,515,717,576,202,0,161,0,710,0,0,879,741,0,1373,1542,1382,897,1270,1241,1304,810
project/sim_ext.py --sim-time 1.5 --seq-graph project/file/graph_15_nodes.json --traffic project/file/traffic_15_nodes_random.json --inspection-rate 0.001 --mess-rate 0.002 --algorithm shortest,1.213977000001,0,424,380,277,203,145,1115,262,397,0,205,369,0,0,421,378,691,235,739,304,0,0,379,515,717,577,202,0,161,0,710,0,0,879,742,0,1373,1542,1382,897,1270,1241,1304,810
project/sim_ext.py --sim-time 1.5 --seq-graph project/file/graph_15_nodes.json --traffic project/file/traffic_15_nodes_random.json --inspection-rate 0.001 --mess-rate 0.002 --algorithm shortest,1.214979000001,0,424,380,277,203,145,1116,263,397,0,205,370,0,0,421,379,691,235,744,307,0,0,379,515,717,577,202,0,161,0,710,0,0,879,742,0,1373,1542,1382,897,1270,1241,1304,810
project/sim_ext.py --sim-time 1.5 --seq-graph project/file/graph_15_nodes.json --traffic project/file/traffic_15_nodes_random.json --inspection-rate 0.001 --mess-rate 0.002 --algorithm shortest,1.216231399997,0,424,381,277,203,145,1117,263,397,0,205,372,0,0,421,379,691,235,746,309,0,0,379,515,717,577,202,0,161,0,710,0,0,879,742,0,1373,1542,1382,897,1270,1241,1304,810
project/sim_ext.py --sim-time 1.5 --seq-graph project/file/graph_15_nodes.json --traffic project/file/traffic_15_nodes_random.json --inspection-rate 0.001 --mess-rate 0.002 --algorithm shortest,1.2172815124417309,0,424,381,277,203,145,1119,263,397,0,205,373,0,0,421,379,693,235,749,309,0,0,379,515,718,577,202,0,161,0,711,0,0,879,742,0,1373,1542,1382,897,1270,1241,1304,810
project/sim_ext.py --sim-time 1.5 --seq-graph project/file/graph_15_nodes.json --traffic project/file/traffic_15_nodes_random.json --inspection-rate 0.001 --mess-rate 0.002 --algorithm shortest,1.2183125042194736,0,424,382,277,203,145,1119,263,397,0,205,373,0,0,421,379,693,235,749,309,0,0,379,515,718,577,202,0,161,0,711,0,0,879,742,0,1373,1542,1382,897,1270,1241,1304,810
project/sim_ext.py --sim-time 1.5 --seq-graph project/file/graph_15_nodes.json --traffic project/file/traffic_15_nodes_random.json --inspection-rate 0.001 --mess-rate 0.002 --algorithm shortest,1.219368323991334,0,424,383,277,203,145,1120,263,397,0,205,373,0,0,422,379,693,235,750,309,0,0,379,515,720,582,202,0,161,0,711,0,0,879,743,0,1373,1542,1382,911,1270,1241,1304,810
project/sim_ext.py --sim-time 1.5 --seq-graph project/file/graph_15_nodes.json --traffic project/file/traffic_15_nodes_random.json --inspection-rate 0.001 --mess-rate 0.002 --algorithm shortest,1.220429000001,0,424,383,277,203,145,1120,263,397,0,205,373,0,0,422,379,693,235,750,309,0,0,379,515,720,582,202,0,161,0,711,0,0,879,743,0,1373,1542,1382,911,1270,1241,1304,810
project/sim_ext.py --sim-time 1.5 --seq-graph project/file/graph_15_nodes.json --traffic project/file/traffic_15_nodes_random.json --inspection-rate 0.001 --mess-rate 0.002 --algorithm shortest,1.221435000001,0,424,383,277,203,145,1122,263,397,0,205,373,0,0,422,379,693,235,750,309,0,0,379,515,720,583,202,0,161,0,711,0,0,879,745,0,1373,1542,1382,911,1270,1241,1304,810
project/sim_ext.py --sim-time 1.5 --seq-graph project/file/graph_15_nodes.json --traffic project/file/traffic_15_nodes_random.json --inspection-rate 0.001 --mess-rate 0.002 --algorithm shortest,1.222467000001,0,424,383,277,203,145,1122,263,397,0,205,373,0,0,422,379,695,235,750,309,0,0,379,515,720,583,202,0,161,0,711,0,0,879,745,0,1373,1542,1382,911,1270,1241,1304,810
project/sim_ext.py --sim-time 1.5 --seq-graph project/file/graph_15_nodes.json --traffic project/file/traffic_15_nodes_random.json --inspection-rate 0.001 --mess-rate 0.002 --algorithm shortest,1.223672349390651,0,424,383,277,203,145,1123,263,397,0,205,373,0,0,422,379,695,235,751,309,0,0,379,515,722,583,202,0,161,0,714,0,0,879,745,0,1373,1542,1382,914,1270,1241,1304,810
project/sim_ext.py --sim-time 1.5 --seq-graph project/file/graph_15_nodes.json --traffic project/file/traffic_15_nodes_random.json --inspection-rate 0.001 --mess-rate 0.002 --algorithm shortest,1.224922000001,0,424,383,277,203,145,1123,263,397,0,205,373,0,0,422,379,695,235,752,309,0,0,379,515,723,583,202,0,161,0,714,0,0,879,745,0,1373,1542,1382,914,1270,1241,1304,810
project/sim_ext.py --sim-time 1.5 --seq-graph project/file/graph_15_nodes.json --traffic project/file/traffic_15_nodes_random.json --inspection-rate 0.001 --mess-rate 0.002 --algorithm shortest,1.225927000001,0,424,383,277,203,145,1124,263,397,0,205,373,0,0,422,379,696,235,752,309,0,0,379,515,723,583,202,0,161,0,714,0,0,879,745,0,1373,1542,1382,915,1270,1241,1304,810
project/sim_ext.py --sim-time 1.5 --seq-graph project/file/graph_15_nodes.json --traffic project/file/traffic_15_nodes_random.json --inspection-rate 0.001 --mess-rate 0.002 --algorithm shortest,1.227153000001,0,424,383,277,203,145,1124,263,397,0,205,373,0,0,422,379,696,235,753,309,0,0,379,515,724,583,202,0,161,0,714,0,0,879,745,0,1373,1542,1382,916,1270,1241,1304,810
project/sim_ext.py --sim-time 1.5 --seq-graph project/file/graph_15_nodes.json --traffic project/file/traffic_15_nodes_random.json --inspection-rate 0.001 --mess-rate 0.002 --algorithm shortest,1.228666599997,0,429,388,281,205,145,1124,264,401,0,208,376,0,0,424,383,698,236,756,311,0,0,384,518,725,585,203,0,164,0,717,0,0,881,746,0,1391,1566,1407,930,1297,1267,1329,820
project/sim_ext.py --sim-time 1.5 --seq-graph project/file/graph_15_nodes.json --traffic project/file/traffic_15_nodes_random.json --inspection-rate 0.001 --mess-rate 0.002 --algorithm shortest,1.229676000001,0,432,388,281,205,145,1124,264,402,0,208,378,0,0,425,384,698,236,756,313,0,0,388,519,725,586,203,0,165,0,718,0,0,891,748,0,1395,1567,1414,933,1298,1268,1332,820
project/sim_ext.py --sim-time 1.5 --seq-graph project/file/graph_15_nodes.json --traffic project/file/traffic_15_nodes_random.json --inspection-rate 0.001 --mess-rate 0.002 --algorithm shortest,1.230678399997,0,433,389,281,205,145,1131,264,402,0,209,379,0,0,426,384,700,236,757,313,0,0,388,520,728,586,203,0,165,0,719,0,0,894,750,0,1397,1570,1415,934,1300,1271,1336,822
project/sim_ext.py --sim-time 1.5 --seq-graph project/file/graph_15_nodes.json --traffic project/file/traffic_15_nodes_random.json --inspection-rate 0.001 --mess-rate 0.002 --algorithm shortest,1.231731000001,0,435,390,282,205,145,1134,264,403,0,209,381,0,0,427,385,702,237,758,315,0,0,390,522,730,586,203,0,165,0,719,0,0,895,751,0,1398,1585,1422,934,1301,1272,1340,826
project/sim_ext.py --sim-time 1.5 --seq-graph project/file/graph_15_nodes.json --traffic project/file/traffic_15_nodes_random.json --inspection-rate 0.001 --mess-rate 0.002 --algorithm shortest,1.232807000001,0,435,390,282,207,146,1136,265,403,0,209,381,0,0,427,385,702,237,759,315,0,0,391,522,732,586,203,0,165,0,719,0,0,897,751,0,1406,1585,1422,934,1302,1272,1344,830
project/sim_ext.py --sim-time 1.5 --seq-graph project/file/graph_15_nodes.json --traffic project/file/traffic_15_nodes_random.json --inspection-rate 0.001 --mess-rate 0.002 --algorithm shortest,1.233888000001,0,435,394,283,207,146,1137,268,403,0,209,383,0,0,428,385,703,239,760,315,0,0,391,522,732,587,203,0,165,0,719,0,0,898,752,0,1409,1590,1424,934,1303,1275,1349,832
project/sim_ext.py --sim-time 1.5 --seq-graph project/file/graph_15_nodes.json --traffic project/file/traffic_15_nodes_random.json --inspection-rate 0.001 --mess-rate 0.002 --algorithm shortest,1.2350693902680336,0,435,394,283,208,146,1138,268,403,0,210,383,0,0,428,385,704,239,760,315,0,0,391,523,732,589,203,0,165,0,721,0,0,899,756,0,1413,1590,1429,934,1309,1276,1352,836
project/sim_ext.py --sim-time 1.5 --seq-graph project/file/graph_15_nodes.json --traffic project/file/traffic_15_nodes_random.json --inspection-rate 0.001 --mess-rate 0.002 --algorithm shortest,1.236214999891,0,435,394,283,208,147,1140,268,403,0,210,384,0,0,428,385,704,239,760,315,0,0,391,524,732,590,204,0,165,0,721,0,0,899,756,0,1414,1590,1430,934,1309,1276,1352,837
project/sim_ext.py --sim-time 1.5 --seq-graph project/file/graph_15_nodes.json --traffic project/file/traffic_15_nodes_random.json --inspection-rate 0.001 --mess-rate 0.002 --algorithm shortest,1.2372900000009999,0,435,394,283,208,147,1141,268,403,0,210,385,0,0,428,385,705,239,760,315,0,0,391,524,735,591,205,0,165,0,722,0,0,899,758,0,1416,1590,1430,934,1311,1277,1352,837
project/sim_ext.py --sim-time 1.5 --seq-graph project/file/graph_15_nodes.json --traffic project/file/traffic_15_nodes_random.json --inspection-rate 0.001 --mess-rate 0.002 --algorithm shortest,1.238398000001,0,435,397,283,208,147,1141,268,403,0,210,386,0,0,429,385,705,239,760,315,0,0,391,525,735,591,205,0,165,0,722,0,0,901,758,0,1417,1590,1430,934,1311,1278,1352,837
project/sim_ext.py --sim-time 1.5 --seq-graph project/file/graph_15_nodes.json --traffic project/file/traffic_15_nodes_random.json --inspection-rate 0.001 --mess-rate 0.002 --algorithm shortest,1.2395300000009999,0,435,397,283,208,147,1141,268,403,0,210,386,0,0,429,385,706,239,760,315,0,0,391,525,736,593,205,0,165,0,722,0,0,901,759,0,1417,1590,1430,934,1311,1280,1352,837
project/sim_ext.py --sim-time 1.5 --seq-graph project/file/graph_15_nodes.json --traffic project/file/traffic_15_nodes_random.json --inspection-rate 0.001 --mess-rate 0.002 --algorithm shortest,1.240598399997,0,435,397,283,208,147,1141,268,403,0,210,386,0,0,429,385,706,239,760,316,0,0,391,525,736,593,205,0,165,0,723,0,0,902,759,0,1417,1590,1430,934,1311,1280,1352,837
project/sim_ext.py --sim-time 1.5 --seq-graph project/file/graph_15_nodes.json --traffic project/file/traffic_15_nodes_random.json --inspection-rate 0.001 --mess-rate 0.002 --algorithm shortest,1.241664999895,0,435,397,283,208,147,1141,268,403,0,210,386,0,0,429,385,706,239,763,316,0,0,391,525,736,593,205,0,165,0,723,0,0,902,759,0,1417,1590,1430,934,1311,1280,1352,837
project/sim_ext.py --sim-time 1.5 --seq-graph project/file/graph_15_nodes.json --traffic project/file/traffic_15_nodes_random.json --inspection-rate 0.001 --mess-rate 0.002 --algorithm shortest,1.242710000001,0,435,397,283,208,147,1141,268,403,0,210,387,0,0,429,385,706,239,763,316,0,0,391,525,736,593,205,0,165,0,724,0,0,902,759,0,1417,1590,1430,934,1311,1280,1352,837
project/sim_ext.py --sim-time 1.5 --seq-graph project/file/graph_15_nodes.json --traffic project/file/traffic_15_nodes_random.json --inspection-rate 0.001 --mess-rate 0.002 --algorithm shortest,1.243712000001,0,435,397,283,208,147,1141,268,403,0,210,387,0,0,429,385,706,239,764,316,0,0,391,525,737,594,205,0,165,0,725,0,0,902,762,0,1417,1590,1430,934,1311,1280,1352,837
project/sim_ext.py --sim-time 1.5 --seq-graph project/file/graph_15_nodes.json --traffic project/file/traffic_15_nodes_random.json --inspection-rate 0.001 --mess-rate 0.002 --algorithm shortest,1.244746000001,0,435,397,283,208,147,1141,268,403,0,210,387,0,0,429,385,706,239,764,316,0,0,391,525,737,594,205,0,165,0,725,0,0,902,762,0,1417,1590,1430,934,1311,1280,1352,837
project/sim_ext.py --sim-time 1.5 --seq-graph project/file/graph_15_nodes.json --traffic project/file/traffic_15_nodes_random.json --inspection-rate 0.001 --mess-rate 0.002 --algorithm shortest,1.245754999891,0,435,397,283,208,147,1142,268,403,0,210,387,0,0,430,385,706,239,764,316,0,0,391,531,737,597,205,0,165,0,725,0,0,902,763,0,1417,1590,1430,934,1311,1280,1352,837
project/sim_ext.py --sim-time 1.5 --seq-graph project/file/graph_15_nodes.json --traffic project/file/traffic_15_nodes_random.json --inspection-rate 0.001 --mess-rate 0.002 --algorithm shortest,1.2467800000009999,0,435,397,283,208,147,1142,268,403,0,210,387,0,0,431,385,706,239,764,316,0,0,391,531,737,598,205,0,165,0,725,0,0,902,763,0,1417,1590,1430,934,1311,1280,1352,837
project/sim_ext.py --sim-time 1.5 --seq-graph project/file/graph_15_nodes.json --traffic project/file/traffic_15_nodes_random.json --inspection-rate 0.001 --mess-rate 0.002 --algorithm shortest,1.247821000001,0,435,397,283,208,147,1142,268,403,0,210,387,0,0,431,385,706,239,766,316,0,0,391,531,738,598,205,0,165,0,728,0,0,902,763,0,1417,1590,1430,934,1311,1280,1352,837
project/sim_ext.py --sim-time 1.5 --seq-graph project/file/graph_15_nodes.json --traffic project/file/traffic_15_nodes_random.json --inspection-rate 0.001 --mess-rate 0.002 --algorithm shortest,1.248897000001,0,435,397,283,208,147,1142,268,403,0,210,387,0,0,431,385,706,239,766,316,0,0,391,531,738,598,205,0,165,0,730,0,0,902,763,0,1417,1590,1430,934,1311,1280,1352,837
project/sim_ext.py --sim-time 1.5 --seq-graph project/file/graph_15_nodes.json --traffic project/file/traffic_15_nodes_random.json --inspection-rate 0.001 --mess-rate 0.002 --algorithm shortest,1.2499280835381472,0,435,397,283,208,147,1143,268,403,0,210,387,0,0,431,385,706,239,766,316,0,0,391,531,738,598,205,0,165,0,730,0,0,902,763,0,1417,1590,1430,934,1311,1280,1352,837
project/sim_ext.py --sim-time 1.5 --seq-graph project/file/graph_15_nodes.json --traffic project/file/traffic_15_nodes_random.json --inspection-rate 0.001 --mess-rate 0.002 --algorithm shortest,1.250978000001,0,435,397,283,208,147,1143,268,403,0,210,387,0,0,431,385,709,239,767,316,0,0,391,531,738,599,205,0,165,0,730,0,0,902,764,0,1417,1590,1430,934,1311,1280,1352,837
project/sim_ext.py --sim-time 1.5 --seq-graph project/file/graph_15_nodes.json --traffic project/file/traffic_15_nodes_random.json --inspection-rate 0.001 --mess-rate 0.002 --algorithm shortest,1.2519890000009999,0,435,397,283,208,147,1143,268,403,0,210,387,0,0,431,385,710,239,767,316,0,0,391,531,739,602,205,0,165,0,731,0,0,902,765,0,1417,1590,1430,934,1311,1280,1352,837
project/sim_ext.py --sim-time 1.5 --seq-graph project/file/graph_15_nodes.json --traffic project/file/traffic_15_nodes_random.json --inspection-rate 0.001 --mess-rate 0.002 --algorithm shortest,1.2530436020949967,0,435,397,283,208,147,1144,268,403,0,210,387,0,0,431,385,711,239,767,316,0,0,391,531,739,602,205,0,165,0,731,0,0,902,765,0,1417,1590,1430,934,1311,1280,1352,837
project/sim_ext.py --sim-time 1.5 --seq-graph project/file/graph_15_nodes.json --traffic project/file/traffic_15_nodes_random.json --inspection-rate 0.001 --mess-rate 0.002 --algorithm shortest,1.2541235631982226,0,435,397,283,208,147,1144,268,403,0,210,387,0,0,431,385,713,239,767,316,0,0,391,531,739,604,205,0,165,0,731,0,0,902,765,0,1417,1590,1430,934,1311,1280,1352,837
project/sim_ext.py --sim-time 1.5 --seq-graph project/file/graph_15_nodes.json --traffic project/file/traffic_15_nodes_random.json --inspection-rate 0.001 --mess-rate 0.002 --algorithm shortest,1.255178000001,0,435,397,283,208,147,1145,268,403,0,210,387,0,0,431,385,713,239,767,316,0,0,391,531,739,606,205,0,165,0,731,0,0,902,765,0,1417,1590,1430,934,1311,1280,1352,837
project/sim_ext.py --sim-time 1.5 --seq-graph project/file/graph_15_nodes.json --traffic project/file/traffic_15_nodes_random.json --inspection-rate 0.001 --mess-rate 0.002 --algorithm shortest,1.256185000001,0,435,397,283,208,147,1145,268,403,0,210,387,0,0,431,385,713,239,767,316,0,0,391,531,740,607,205,0,165,0,733,0,0,902,766,0,1417,1590,1430,934,1311,1280,1352,837
project/sim_ext.py --sim-time 1.5 --seq-graph project/file/graph_15_nodes.json --traffic project/file/traffic_15_nodes_random.json --inspection-rate 0.001 --mess-rate 0.002 --algorithm shortest,1.257280999997,0,435,397,283,208,147,1146,268,403,0,210,387,0,0,431,385,713,239,767,316,0,0,391,531,740,607,205,0,165,0,733,0,0,902,767,0,1417,1590,1430,944,1311,1280,1352,837
project/sim_ext.py --sim-time 1.5 --seq-graph project/file/graph_15_nodes.json --traffic project/file/traffic_15_nodes_random.json --inspection-rate 0.001 --mess-rate 0.002 --algorithm shortest,1.258294000001,0,435,397,283,208,147,1148,268,403,0,210,387,0,0,431,385,713,239,767,316,0,0,391,531,740,607,205,0,165,0,734,0,0,902,767,0,1417,1590,1430,944,1311,1280,1352,837
project/sim_ext.py --sim-time 1.5 --seq-graph project/file/graph_15_nodes.json --traffic project/file/traffic_15_nodes_random.json --inspection-rate 0.001 --mess-rate 0.002 --algorithm shortest,1.2594090000009999,0,435,397,289,210,148,1148,268,403,0,210,387,0,0,437,385,714,242,767,316,0,0,394,535,741,608,206,0,165,0,735,0,0,902,768,0,1439,1603,1442,954,1322,1296,1352,857
project/sim_ext.py --sim-time 1.5 --seq-graph project/file/graph_15_nodes.json --traffic project/file/traffic_15_nodes_random.json --inspection-rate 0.001 --mess-rate 0.002 --algorithm shortest,1.2604689383536691,0,435,397,289,210,148,1148,268,403,0,210,387,0,0,437,385,714,242,767,316,0,0,395,536,742,609,209,0,165,0,735,0,0,902,770,0,1440,1604,1443,955,1322,1296,1352,859
project/sim_ext.py --sim-time 1.5 --seq-graph project/file/graph_15_nodes.json --traffic project/file/traffic_15_nodes_random.json --inspection-rate 0.001 --mess-rate 0.002 --algorithm shortest,1.261549799997,0,435,401,291,210,148,1148,271,403,0,210,387,0,0,438,388,714,242,767,319,0,0,395,536,742,609,209,0,165,0,735,0,0,908,771,0,1442,1604,1443,959,1322,1302,1352,861
project/sim_ext.py --sim-time 1.5 --seq-graph project/file/graph_15_nodes.json --traffic project/file/traffic_15_nodes_random.json --inspection-rate 0.001 --mess-rate 0.002 --algorithm shortest,1.262550399997,0,435,401,291,211,148,1154,271,403,0,210,387,0,0,438,388,714,242,770,319,0,0,395,536,747,609,210,0,165,0,740,0,0,908,773,0,1445,1610,1445,962,1325,1304,1352,861
project/sim_ext.py --sim-time 1.5 --seq-graph project/file/graph_15_nodes.json --traffic project/file/traffic_15_nodes_random.json --inspection-rate 0.001 --mess-rate 0.002 --algorithm shortest,1.263582000001,0,435,401,291,212,148,1154,271,403,0,210,387,0,0,439,388,714,242,772,319,0,0,395,536,747,609,210,0,165,0,740,0,0,909,774,0,1446,1610,1445,966,1325,1305,1352,861
project/sim_ext.py --sim-time 1.5 --seq-graph project/file/graph_15_nodes.json --traffic project/file/traffic_15_nodes_random.json --inspection-rate 0.001 --mess-rate 0.002 --algorithm shortest,1.264685799997,0,435,402,297,212,148,1155,271,403,0,210,387,0,0,439,389,714,242,772,320,0,0,396,541,747,611,212,0,165,0,740,0,0,909,777,0,1450,1610,1445,969,1325,1308,1352,863
project/sim_ext.py --sim-time 1.5 --seq-graph project/file/graph_15_nodes.json --traffic project/file/traffic_15_nodes_random.json --inspection-rate 0.001 --mess-rate 0.002 --algorithm shortest,1.265775000001,0,435,404,297,212,149,1155,272,403,0,210,387,0,0,441,390,714,244,772,320,0,0,396,542,750,611,212,0,165,0,744,0,0,909,777,0,1452,1610,1445,973,1327,1310,1352,863
project/sim_ext.py --sim-time 1.5 --seq-graph project/file/graph_15_nodes.json --traffic project/file/traffic_15_nodes_random.json --inspection-rate 0.001 --mess-rate 0.002 --algorithm shortest,1.266929000001,0,435,404,297,212,149,1155,273,403,0,210,387,0,0,441,392,714,244,775,320,0,0,396,545,750,613,212,0,165,0,745,0,0,909,778,0,1456,1613,1446,977,1328,1310,1352,865
project/sim_ext.py --sim-time 1.5 --seq-graph project/file/graph_15_nodes.json --traffic project/file/traffic_15_nodes_random.json --inspection-rate 0.001 --mess-rate 0.002 --algorithm shortest,1.268018000001,0,435,405,297,213,149,1158,273,403,0,210,387,0,0,441,392,714,244,775,320,0,0,396,546,750,613,212,0,165,0,745,0,0,911,778,0,1456,1615,1448,977,1328,1311,1352,865
project/sim_ext.py --sim-time 1.5 --seq-graph project/file/graph_15_nodes.json --traffic project/file/traffic_15_nodes_random.json --inspection-rate 0.001 --mess-rate 0.002 --algorithm shortest,1.269295999997,0,439,407,297,214,149,1162,273,404,0,210,390,0,0,442,392,719,244,776,320,0,0,396,546,750,613,212,0,166,0,746,0,0,911,778,0,1456,1629,1461,977,1341,1317,1365,868
project/sim_ext.py --sim-time 1.5 --seq-graph project/file/graph_15_nodes.json --traffic project/file/traffic_15_nodes_random.json --inspection-rate 0.001 --mess-rate 0.002 --algorithm shortest,1.270375000001,0,439,407,297,214,149,1162,273,404,0,210,392,0,0,442,392,721,244,778,320,0,0,396,546,750,613,212,0,166,0,746,0,0,916,778,0,1456,1629,1462,977,1343,1317,1369,868
project/sim_ext.py --sim-time 1.5 --seq-graph project/file/graph_15_nodes.json --traffic project/file/traffic_15_nodes_random.json --inspection-rate 0.001 --mess-rate 0.002 --algorithm shortest,1.271614399997,0,441,407,297,214,149,1162,273,404,0,210,393,0,0,442,393,721,244,778,320,0,0,396,546,750,614,212,0,166,0,746,0,0,916,779,0,1456,1629,1462,977,1343,1317,1370,868
project/sim_ext.py --sim-time 1.5 --seq-graph project/file/graph_15_nodes.json --traffic project/file/traffic_15_nodes_random.json --inspection-rate 0.001 --mess-rate 0.002 --algorithm shortest,1.272684000001,0,441,407,297,214,149,1163,273,404,0,214,393,0,0,443,393,722,244,778,320,0,0,396,548,753,614,212,0,166,0,747,0,0,917,780,0,1456,1629,1462,977,1343,1317,1375,868
project/sim_ext.py --sim-time 1.5 --seq-graph project/file/graph_15_nodes.json --traffic project/file/traffic_15_nodes_random.json --inspection-rate 0.001 --mess-rate 0.002 --algorithm shortest,1.2737330000009999,0,441,407,297,214,149,1163,273,404,0,214,393,0,0,446,393,722,244,779,324,0,0,396,548,753,616,212,0,166,0,747,0,0,918,781,0,1456,1629,1462,977,1343,1317,1379,868
project/sim_ext.py --sim-time 1.5 --seq-graph project/file/graph_15_nodes.json --traffic project/file/traffic_15_nodes_random.json --inspection-rate 0.001 --mess-rate 0.002 --algorithm shortest,1.274801000001,0,442,407,297,214,149,1163,273,404,0,214,395,0,0,446,393,723,244,779,324,0,0,396,548,753,616,212,0,166,0,747,0,0,919,781,0,1456,1629,1462,977,1343,1317,1380,868
project/sim_ext.py --sim-time 1.5 --seq-graph project/file/graph_15_nodes.json --traffic project/file/traffic_15_nodes_random.json --inspection-rate 0.001 --mess-rate 0.002 --algorithm shortest,1.275918000001,0,442,407,297,214,149,1169,273,404,0,214,395,0,0,446,394,724,244,779,324,0,0,396,548,753,617,212,0,166,0,747,0,0,919,784,0,1456,1629,1462,977,1343,1317,1383,868
project/sim_ext.py --sim-time 1.5 --seq-graph project/file/graph_15_nodes.json --traffic project/file/traffic_15_nodes_random.json --inspection-rate 0.001 --mess-rate 0.002 --algorithm shortest,1.2769366496398213,0,442,409,297,214,149,1170,274,404,0,214,395,0,0,447,395,724,244,779,324,0,0,396,548,753,618,212,0,166,0,747,0,0,921,785,0,1456,1629,1462,977,1343,1317,1383,868
project/sim_ext.py --sim-time 1.5 --seq-graph project/file/graph_15_nodes.json --traffic project/file/traffic_15_nodes_random.json --inspection-rate 0.001 --mess-rate 0.002 --algorithm shortest,1.277987000001,0,442,410,297,214,149,1171,275,404,0,214,395,0,0,447,395,724,244,780,325,0,0,396,548,754,618,212,0,166,0,748,0,0,922,785,0,1456,1629,1462,977,1343,1317,1386,868
project/sim_ext.py --sim-time 1.5 --seq-graph project/file/graph_15_nodes.json --traffic project/file/traffic_15_nodes_random.json --inspection-rate 0.001 --mess-rate 0.002 --algorithm shortest,1.279054000001,0,442,410,297,214,149,1172,275,404,0,216,395,0,0,447,397,726,244,780,325,0,0,396,548,754,619,212,0,166,0,748,0,0,922,787,0,1456,1629,1462,977,1343,1317,1386,868
project/sim_ext.py --sim-time 1.5 --seq-graph project/file/graph_15_nodes.json --traffic project/file/traffic_15_nodes_random.json --inspection-rate 0.001 --mess-rate 0.002 --algorithm shortest,1.2802700000009999,0,442,410,297,214,149,1173,275,404,0,216,395,0,0,447,397,726,244,780,325,0,0,396,548,757,619,212,0,166,0,750,0,0,922,788,0,1456,1629,1462,977,1343,1317,1386,868
project/sim_ext.py --sim-time 1.5 --seq-graph project/file/graph_15_nodes.json --traffic project/file/traffic_15_nodes_random.json --inspection-rate 0.001 --mess-rate 0.002 --algorithm shortest,1.281279000001,0,442,410,297,214,149,1173,275,404,0,216,395,0,0,447,398,726,244,780,325,0,0,396,548,757,619,212,0,166,0,750,0,0,922,788,0,1456,1629,1462,977,1343,1317,1386,868
project/sim_ext.py --sim-time 1.5 --seq-graph project/file/graph_15_nodes.json --traffic project/file/traffic_15_nodes_random.json --inspection-rate 0.001 --mess-rate 0.002 --algorithm shortest,1.282321000001,0,442,410,297,214,149,1174,275,404,0,217,396,0,0,447,399,729,244,780,326,0,0,396,548,758,619,212,0,166,0,751,0,0,922,788,0,1456,1629,1462,977,1343,1317,1387,868
project/sim_ext.py --sim-time 1.5 --seq-graph project/file/graph_15_nodes.json --traffic project/file/traffic_15_nodes_random.json --inspection-rate 0.001 --mess-rate 0.002 --algorithm shortest,1.283401528595972,0,443,410,297,214,149,1175,275,404,0,217,397,0,0,447,400,729,244,780,327,0,0,396,548,758,619,212,0,166,0,751,0,0,922,788,0,1456,1629,1462,977,1343,1317,1387,868
project/sim_ext.py --sim-time 1.5 --seq-graph project/file/graph_15_nodes.json --traffic project/file/traffic_15_nodes_random.json --inspection-rate 0.001 --mess-rate 0.002 --algorithm shortest,1.284461000001,0,443,410,297,214,149,1175,275,404,0,217,397,0,0,447,400,729,244,781,327,0,0,396,548,761,620,212,0,166,0,754,0,0,922,790,0,1456,1629,1462,977,1343,1317,1387,868
project/sim_ext.py --sim-time 1.5 --seq-graph project/file/graph_15_nodes.json --traffic project/file/traffic_15_nodes_random.json --inspection-rate 0.001 --mess-rate 0.002 --algorithm shortest,1.2854740000009999,0,443,410,297,214,149,1175,275,404,0,218,397,0,0,447,401,730,244,781,327,0,0,396,548,762,621,212,0,166,0,754,0,0,924,790,0,1456,1629,1462,977,1343,1317,1387,868
project/sim_ext.py --sim-time 1.5 --seq-graph project/file/graph_15_nodes.json --traffic project/file/traffic_15_nodes_random.json --inspection-rate 0.001 --mess-rate 0.002 --algorithm shortest,1.286524799997,0,444,410,297,214,149,1175,275,404,0,218,398,0,0,447,401,730,244,781,327,0,0,396,548,763,622,212,0,166,0,755,0,0,924,791,0,1456,1629,1462,977,1343,1317,1387,868
project/sim_ext.py --sim-time 1.5 --seq-graph project/file/graph_15_nodes.json --traffic project/file/traffic_15_nodes_random.json --inspection-rate 0.001 --mess-rate 0.002 --algorithm shortest,1.287581000001,0,445,410,297,214,149,1180,275,404,0,218,398,0,0,447,402,731,244,781,327,0,0,396,548,763,622,212,0,166,0,755,0,0,924,792,0,1456,1629,1462,977,1343,1317,1387,868
project/sim_ext.py --sim-time 1.5 --seq-graph project/file/graph_15_nodes.json --traffic project/file/traffic_15_nodes_random.json --inspection-rate 0.001 --mess-rate 0.002 --algorithm shortest,1.288602000001,0,445,410,297,214,149,1182,275,404,0,218,399,0,0,447,402,731,244,781,327,0,0,396,548,763,622,212,0,166,0,755,0,0,924,792,0,1456,1629,1462,977,1343,1317,1387,868
project/sim_ext.py --sim-time 1.5 --seq-graph project/file/graph_15_nodes.json --traffic project/file/traffic_15_nodes_random.json --inspection-rate 0.001 --mess-rate 0.002 --algorithm shortest,1.290024000001,0,445,410,297,214,149,1182,275,404,0,218,399,0,0,447,403,733,244,781,327,0,0,396,548,763,624,212,0,166,0,755,0,0,924,793,0,1456,1641,1462,987,1343,1317,1387,868
project/sim_ext.py --sim-time 1.5 --seq-graph project/file/graph_15_nodes.json --traffic project/file/traffic_15_nodes_random.json --inspection-rate 0.001 --mess-rate 0.002 --algorithm shortest,1.291186322862722,0,445,410,297,214,149,1182,275,404,0,218,399,0,0,447,404,734,244,781,327,0,0,396,548,765,624,212,0,166,0,755,0,0,924,793,0,1456,1641,1462,987,1343,1317,1387,868
project/sim_ext.py --sim-time 1.5 --seq-graph project/file/graph_15_nodes.json --traffic project/file/traffic_15_nodes_random.json --inspection-rate 0.001 --mess-rate 0.002 --algorithm shortest,1.292247000001,0,445,410,297,214,149,1183,275,404,0,218,399,0,0,447,404,734,244,781,327,0,0,396,548,768,624,212,0,166,0,756,0,0,924,793,0,1456,1641,1462,987,1343,1317,1387,868
project/sim_ext.py --sim-time 1.5 --seq-graph project/file/graph_15_nodes.json --traffic project/file/traffic_15_nodes_random.json --inspection-rate 0.001 --mess-rate 0.002 --algorithm shortest,1.293349000001,0,445,410,297,214,149,1184,275,404,0,218,399,0,0,447,405,734,244,781,327,0,0,396,548,768,624,212,0,166,0,756,0,0,924,793,0,1456,1643,1462,987,1343,1317,1387,868
project/sim_ext.py --sim-time 1.5 --seq-graph project/file/graph_15_nodes.json --traffic project/file/traffic_15_nodes_random.json --inspection-rate 0.001 --mess-rate 0.002 --algorithm shortest,1.294469000001,0,445,410,297,214,149,1186,275,404,0,218,399,0,0,447,405,734,244,781,327,0,0,396,548,768,624,212,0,166,0,756,0,0,924,793,0,1456,1645,1462,987,1343,1317,1387,868
project/sim_ext.py --sim-time 1.5 --seq-graph project/file/graph_15_nodes.json --traffic project/file/traffic_15_nodes_random.json --inspection-rate 0.001 --mess-rate 0.002 --algorithm shortest,1.2955390000009999,0,445,410,297,214,149,1186,275,404,0,218,399,0,0,447,406,734,244,784,327,0,0,396,548,770,624,212,0,166,0,757,0,0,924,793,0,1456,1645,1462,991,1343,1317,1387,868
project/sim_ext.py --sim-time 1.5 --seq-graph project/file/graph_15_nodes.json --traffic project/file/traffic_15_nodes_random.json --inspection-rate 0.001 --mess-rate 0.002 --algorithm shortest,1.296548000001,0,445,410,297,214,149,1186,275,404,0,218,399,0,0,447,406,734,244,784,327,0,0,396,548,770,628,212,0,166,0,757,0,0,924,798,0,1456,1647,1462,991,1343,1317,1387,868
project/sim_ext.py --sim-time 1.5 --seq-graph project/file/graph_15_nodes.json --traffic project/file/traffic_15_nodes_random.json --inspection-rate 0.001 --mess-rate 0.002 --algorithm shortest,1.297600000001,0,445,410,297,214,149,1186,275,404,0,218,399,0,0,447,406,734,244,784,327,0,0,396,548,771,628,212,0,166,0,757,0,0,924,798,0,1456,1647,1462,991,1343,1317,1387,868
project/sim_ext.py --sim-time 1.5 --seq-graph project/file/graph_15_nodes.json --traffic project/file/traffic_15_nodes_random.json --inspection-rate 0.001 --mess-rate 0.002 --algorithm shortest,1.298797799997,0,445,410,297,214,149,1186,275,404,0,218,399,0,0,447,406,734,244,785,327,0,0,396,548,771,628,212,0,166,0,757,0,0,924,798,0,1456,1647,1462,991,1343,1317,1387,868
project/sim_ext.py --sim-time 1.5 --seq-graph project/file/graph_15_nodes.json --traffic project/file/traffic_15_nodes_random.json --inspection-rate 0.001 --mess-rate 0.002 --algorithm shortest,1.299919999997,0,448,418,297,217,151,1188,275,405,0,219,402,0,0,451,406,739,244,788,328,0,0,401,557,776,629,215,0,167,0,758,0,0,940,800,0,1472,1648,1481,1015,1361,1336,1406,882
project/sim_ext.py --sim-time 1.5 --seq-graph project/file/graph_15_nodes.json --traffic project/file/traffic_15_nodes_random.json --inspection-rate 0.001 --mess-rate 0.002 --algorithm shortest,1.3009290000009999,0,451,418,297,217,151,1193,275,407,0,219,403,0,0,451,406,740,244,790,329,0,0,407,557,776,629,215,0,167,0,758,0,0,943,800,0,1475,1663,1490,1018,1370,1346,1408,885
project/sim_ext.py --sim-time 1.5 --seq-graph project/file/graph_15_nodes.json --traffic project/file/traffic_15_nodes_random.json --inspection-rate 0.001 --mess-rate 0.002 --algorithm shortest,1.301942000001,0,452,418,298,217,151,1194,275,409,0,219,404,0,0,451,406,743,244,790,330,0,0,412,558,777,632,215,0,168,0,765,0,0,943,801,0,1476,1664,1494,1020,1371,1346,1408,885
project/sim_ext.py --sim-time 1.5 --seq-graph project/file/graph_15_nodes.json --traffic project/file/traffic_15_nodes_random.json --inspection-rate 0.001 --mess-rate 0.002 --algorithm shortest,1.303060199997,0,452,418,301,217,151,1194,276,409,0,219,404,0,0,452,406,743,244,790,330,0,0,413,558,778,632,215,0,168,0,765,0,0,947,801,0,1478,1664,1498,1020,1373,1350,1413,888
project/sim_ext.py --sim-time 1.5 --seq-graph project/file/graph_15_nodes.json --traffic project/file/traffic_15_nodes_random.json --inspection-rate 0.001 --mess-rate 0.002 --algorithm shortest,1.304080000001,0,454,419,301,218,151,1199,279,409,0,219,405,0,0,452,406,745,245,790,330,0,0,413,559,779,632,216,0,169,0,766,0,0,948,801,0,1482,1664,1510,1020,1374,1352,1419,892
project/sim_ext.py --sim-time 1.5 --seq-graph project/file/graph_15_nodes.json --traffic project/file/traffic_15_nodes_random.json --inspection-rate 0.001 --mess-rate 0.002 --algorithm shortest,1.305214000001,0,454,421,301,218,151,1200,279,409,0,220,405,0,0,453,406,746,245,790,330,0,0,413,559,779,633,216,0,169,0,766,0,0,950,802,0,1482,1664,1511,1020,1375,1353,1422,892
project/sim_ext.py --sim-time 1.5 --seq-graph project/file/graph_15_nodes.json --traffic project/file/traffic_15_nodes_random.json --inspection-rate 0.001 --mess-rate 0.002 --algorithm shortest,1.306612199997,0,454,421,301,219,151,1200,280,409,0,222,405,0,0,454,407,748,247,795,332,0,0,413,561,781,633,218,0,169,0,766,0,0,954,808,0,1485,1664,1511,1020,1379,1356,1423,893
project/sim_ext.py --sim-time 1.5 --seq-graph project/file/graph_15_nodes.json --traffic project/file/traffic_15_nodes_random.json --inspection-rate 0.001 --mess-rate 0.002 --algorithm shortest,1.307686000001,0,454,421,301,219,151,1202,280,409,0,222,406,0,0,454,408,748,247,795,332,0,0,413,561,781,634,219,0,169,0,768,0,0,954,810,0,1491,1664,1511,1020,1381,1358,1425,896
project/sim_ext.py --sim-time 1.5 --seq-graph project/file/graph_15_nodes.json --traffic project/file/traffic_15_nodes_random.json --inspection-rate 0.001 --mess-rate 0.002 --algorithm shortest,1.308715000001,0,454,422,301,221,151,1204,280,409,0,223,406,0,0,454,408,748,247,795,333,0,0,413,562,782,635,219,0,169,0,768,0,0,956,810,0,1491,1664,1511,1020,1381,1358,1426,897
project/sim_ext.py --sim-time 1.5 --seq-graph project/file/graph_15_nodes.json --traffic project/file/traffic_15_nodes_random.json --inspection-rate 0.001 --mess-rate 0.002 --algorithm shortest,1.3097170000009999,0,454,422,301,222,151,1205,280,409,0,223,408,0,0,454,408,751,247,795,334,0,0,413,562,782,635,219,0,169,0,768,0,0,959,810,0,1491,1664,1511,1020,1381,1358,1426,897
project/sim_ext.py --sim-time 1.5 --seq-graph project/file/graph_15_nodes.json --traffic project/file/traffic_15_nodes_random.json --inspection-rate 0.001 --mess-rate 0.002 --algorithm shortest,1.310744000001,0,454,422,301,222,151,1205,280,409,0,223,408,0,0,454,409,751,247,801,334,0,0,413,565,783,636,219,0,169,0,769,0,0,959,810,0,1491,1664,1511,1020,1381,1358,1426,897
project/sim_ext.py --sim-time 1.5 --seq-graph project/file/graph_15_nodes.json --traffic project/file/traffic_15_nodes_random.json --inspection-rate 0.001 --mess-rate 0.002 --algorithm shortest,1.312032000001,0,454,422,301,222,151,1205,280,409,0,223,408,0,0,454,411,752,247,801,334,0,0,413,565,783,636,219,0,169,0,769,0,0,959,810,0,1491,1664,1511,1020,1381,1358,1426,897
project/sim_ext.py --sim-time 1.5 --seq-graph project/file/graph_15_nodes.json --traffic project/file/traffic_15_nodes_random.json --inspection-rate 0.001 --mess-rate 0.002 --algorithm shortest,1.3133500000009999,0,454,422,301,222,151,1205,280,409,0,223,408,0,0,454,411,752,247,801,334,0,0,413,565,783,637,219,0,169,0,769,0,0,959,811,0,1491,1664,1511,1020,1381,1358,1426,897
project/sim_ext.py --sim-time 1.5 --seq-graph project/file/graph_15_nodes.json --traffic project/file/traffic_15_nodes_random.json --inspection-rate 0.001 --mess-rate 0.002 --algorithm shortest,1.31438499988,0,454,422,301,222,151,1208,280,409,0,223,408,0,0,454,411,752,247,801,334,0,0,413,565,783,637,219,0,169,0,769,0,0,959,813,0,1491,1664,1511,1020,1381,1358,1426,897
project/sim_ext.py --sim-time 1.5 --seq-graph project/file/graph_15_nodes.json --traffic project/file/traffic_15_nodes_random.json --inspection-rate 0.001 --mess-rate 0.002 --algorithm shortest,1.315534000001,0,454,422,301,222,151,1208,280,409,0,223,410,0,0,454,413,753,247,804,334,0,0,413,565,783,638,219,0,169,0,769,0,0,959,814,0,1491,1664,1511,1020,1381,1358,1426,897
project/sim_ext.py --sim-time 1.5 --seq-graph project/file/graph_15_nodes.json --traffic project/file/traffic_15_nodes_random.json --inspection-rate 0.001 --mess-rate 0.002 --algorithm shortest,1.316587000001,0,454,422,301,222,151,1209,280,409,0,223,410,0,0,454,413,753,247,805,334,0,0,413,565,785,638,219,0,169,0,770,0,0,959,814,0,1491,1664,1511,1020,1381,1358,1426,897
project/sim_ext.py --sim-time 1.5 --seq-graph project/file/graph_15_nodes.json --traffic project/file/traffic_15_nodes_random.json --inspection-rate 0.001 --mess-rate 0.002 --algorithm shortest,1.317727000001,0,454,422,301,222,151,1212,280,409,0,223,410,0,0,455,414,754,247,808,334,0,0,413,565,786,638,219,0,169,0,770,0,0,959,814,0,1491,1664,1511,1020,1381,1358,1426,897
project/sim_ext.py --sim-time 1.5 --seq-graph project/file/graph_15_nodes.json --traffic project/file/traffic_15_nodes_random.json --inspection-rate 0.001 --mess-rate 0.002 --algorithm shortest,1.318771000001,0,454,422,301,222,151,1212,280,409,0,223,410,0,0,455,417,755,247,808,334,0,0,413,565,786,639,219,0,169,0,770,0,0,959,817,0,1491,1664,1511,1020,1381,1358,1426,897
project/sim_ext.py --sim-time 1.5 --seq-graph project/file/graph_15_nodes.json --traffic project/file/traffic_15_nodes_random.json --inspection-rate 0.001 --mess-rate 0.002 --algorithm shortest,1.319992000001,0,454,422,301,222,151,1213,280,409,0,223,410,0,0,455,418,755,247,808,334,0,0,413,565,786,639,219,0,169,0,770,0,0,959,817,0,1491,1664,1511,1020,1381,1358,1426,897
project/sim_ext.py --sim-time 1.5 --seq-graph project/file/graph_15_nodes.json --traffic project/file/traffic_15_nodes_random.json --inspection-rate 0.001 --mess-rate 0.002 --algorithm shortest,1.321062000001,0,454,422,301,222,151,1213,280,409,0,223,410,0,0,455,418,755,247,809,334,0,0,413,565,786,641,219,0,169,0,770,0,0,959,818,0,1491,1664,1511,1020,1381,1358,1426,897
project/sim_ext.py --sim-time 1.5 --seq-graph project/file/graph_15_nodes.json --traffic project/file/traffic_15_nodes_random.json --inspection-rate 0.001 --mess-rate 0.002 --algorithm shortest,1.3221250759637824,0,454,422,301,222,151,1213,280,409,0,223,410,0,0,455,419,755,247,809,334,0,0,413,565,786,642,219,0,169,0,770,0,0,959,820,0,1491,1664,1511,1020,1381,1358,1426,897
project/sim_ext.py --sim-time 1.5 --seq-graph project/file/graph_15_nodes.json --traffic project/file/traffic_15_nodes_random.json --inspection-rate 0.001 --mess-rate 0.002 --algorithm shortest,1.323169000001,0,454,422,301,222,151,1213,280,409,0,223,410,0,0,455,421,755,247,810,334,0,0,413,565,786,642,219,0,169,0,770,0,0,959,820,0,1491,1664,1511,1020,1381,1358,1426,897
project/sim_ext.py --sim-time 1.5 --seq-graph project/file/graph_15_nodes.json --traffic project/file/traffic_15_nodes_random.json --inspection-rate 0.001 --mess-rate 0.002 --algorithm shortest,1.324225000001,0,454,422,301,222,151,1213,280,409,0,223,410,0,0,455,422,755,247,810,334,0,0,413,565,787,642,219,0,169,0,773,0,0,959,820,0,1491,1664,1511,1020,1381,1358,1426,897
project/sim_ext.py --sim-time 1.5 --seq-graph project/file/graph_15_nodes.json --traffic project/file/traffic_15_nodes_random.json --inspection-rate 0.001 --mess-rate 0.002 --algorithm shortest,1.325355000001,0,454,422,301,222,151,1213,280,409,0,223,410,0,0,455,422,755,247,811,334,0,0,413,565,787,644,219,0,169,0,773,0,0,959,821,0,1491,1664,1511,1020,1381,1358,1426,897
project/sim_ext.py --sim-time 1.5 --seq-graph project/file/graph_15_nodes.json --traffic project/file/traffic_15_nodes_random.json --inspection-rate 0.001 --mess-rate 0.002 --algorithm shortest,1.326551000001,0,454,422,301,222,151,1213,280,409,0,223,410,0,0,455,422,755,247,811,334,0,0,413,565,787,644,219,0,169,0,773,0,0,959,821,0,1491,1664,1511,1020,1381,1358,1426,897
project/sim_ext.py --sim-time 1.5 --seq-graph project/file/graph_15_nodes.json --traffic project/file/traffic_15_nodes_random.json --inspection-rate 0.001 --mess-rate 0.002 --algorithm shortest,1.327858000001,0,454,422,301,222,151,1213,280,409,0,223,410,0,0,455,423,755,247,811,334,0,0,413,565,787,644,219,0,169,0,773,0,0,959,821,0,1491,1664,1511,1020,1381,1358,1426,897
project/sim_ext.py --sim-time 1.5 --seq-graph project/file/graph_15_nodes.json --traffic project/file/traffic_15_nodes_random.json --inspection-rate 0.001 --mess-rate 0.002 --algorithm shortest,1.3289349626077989,0,454,422,301,222,151,1213,280,409,0,223,410,0,0,455,423,755,247,811,334,0,0,413,565,789,644,219,0,169,0,775,0,0,959,821,0,1491,1664,1511,1020,1381,1358,1426,897
project/sim_ext.py --sim-time 1.5 --seq-graph project/file/graph_15_nodes.json --traffic project/file/traffic_15_nodes_random.json --inspection-rate 0.001 --mess-rate 0.002 --algorithm shortest,1.330023000001,0,454,422,301,222,151,1213,280,409,0,223,410,0,0,455,424,755,247,811,334,0,0,413,565,791,644,219,0,169,0,775,0,0,959,821,0,1491,1664,1511,1020,1381,1358,1426,897
project/sim_ext.py --sim-time 1.5 --seq-graph project/file/graph_15_nodes.json --traffic project/file/traffic_15_nodes_random.json --inspection-rate 0.001 --mess-rate 0.002 --algorithm shortest,1.331051000001,0,462,425,307,223,151,1219,284,416,0,223,411,0,0,459,424,755,250,811,336,0,0,416,569,792,645,221,0,173,0,777,0,0,975,825,0,1515,1686,1536,1046,1399,1382,1446,908
project/sim_ext.py --sim-time 1.5 --seq-graph project/file/graph_15_nodes.json --traffic project/file/traffic_15_nodes_random.json --inspection-rate 0.001 --mess-rate 0.002 --algorithm shortest,1.332134999887,0,463,425,308,223,153,1219,284,416,0,223,412,0,0,460,424,755,250,811,336,0,0,418,571,794,646,221,0,174,0,778,0,0,975,826,0,1517,1692,1540,1049,1401,1382,1449,909
project/sim_ext.py --sim-time 1.5 --seq-graph project/file/graph_15_nodes.json --traffic project/file/traffic_15_nodes_random.json --inspection-rate 0.001 --mess-rate 0.002 --algorithm shortest,1.333142399997,0,465,426,308,225,153,1223,287,416,0,223,413,0,0,460,425,755,250,811,337,0,0,421,571,795,646,224,0,174,0,778,0,0,976,826,0,1520,1695,1541,1051,1402,1389,1456,911
project/sim_ext.py --sim-time 1.5 --seq-graph project/file/graph_15_nodes.json --traffic project/file/traffic_15_nodes_random.json --inspection-rate 0.001 --mess-rate 0.002 --algorithm shortest,1.334191999997,0,467,426,311,226,153,1225,289,417,0,223,413,0,0,460,425,755,250,811,337,0,0,421,571,797,646,224,0,175,0,782,0,0,976,826,0,1523,1702,1547,1051,1406,1391,1456,915
project/sim_ext.py --sim-time 1.5 --seq-graph project/file/graph_15_nodes.json --traffic project/file/traffic_15_nodes_random.json --inspection-rate 0.001 --mess-rate 0.002 --algorithm shortest,1.335199000001,0,468,426,311,227,155,1225,289,417,0,223,414,0,0,462,425,755,251,811,337,0,0,423,573,797,647,224,0,175,0,782,0,0,978,829,0,1532,1703,1549,1060,1411,1394,1460,916
project/sim_ext.py --sim-time 1.5 --seq-graph project/file/graph_15_nodes.json --traffic project/file/traffic_15_nodes_random.json --inspection-rate 0.001 --mess-rate 0.002 --algorithm shortest,1.3362060000009999,0,468,426,312,227,155,1225,289,417,0,223,414,0,0,462,425,755,251,817,337,0,0,424,573,797,648,224,0,175,0,784,0,0,978,831,0,1532,1703,1549,1065,1413,1396,1463,918
project/sim_ext.py --sim-time 1.5 --seq-graph project/file/graph_15_nodes.json --traffic project/file/traffic_15_nodes_random.json --inspection-rate 0.001 --mess-rate 0.002 --algorithm shortest,1.337228000001,0,468,428,312,228,155,1225,289,417,0,223,414,0,0,464,425,755,251,817,338,0,0,424,574,797,648,224,0,175,0,784,0,0,980,831,0,1535,1703,1549,1071,1415,1398,1466,919
project/sim_ext.py --sim-time 1.5 --seq-graph project/file/graph_15_nodes.json --traffic project/file/traffic_15_nodes_random.json --inspection-rate 0.001 --mess-rate 0.002 --algorithm shortest,1.338405000001,0,468,428,312,228,155,1228,290,417,0,223,414,0,0,465,426,755,251,817,338,0,0,424,574,797,649,224,0,176,0,784,0,0,984,833,0,1535,1704,1556,1071,1415,1399,1467,919
project/sim_ext.py --sim-time 1.5 --seq-graph project/file/graph_15_nodes.json --traffic project/file/traffic_15_nodes_random.json --inspection-rate 0.001 --mess-rate 0.002 --algorithm shortest,1.339559000001,0,468,430,312,228,155,1229,290,417,0,223,414,0,0,465,426,755,252,819,338,0,0,424,575,797,649,226,0,176,0,784,0,0,987,834,0,1536,1705,1556,1071,1417,1399,1469,924
project/sim_ext.py --sim-time 1.5 --seq-graph project/file/graph_15_nodes.json --traffic project/file/traffic_15_nodes_random.json --inspection-rate 0.001 --mess-rate 0.002 --algorithm shortest,1.3409881244394435,0,468,430,312,228,155,1233,290,417,0,223,414,0,0,465,427,761,252,821,339,0,0,424,575,800,649,226,0,176,0,785,0,0,989,834,0,1536,1705,1556,1071,1418,1399,1469,925
project/sim_ext.py --sim-time 1.5 --seq-graph project/file/graph_15_nodes.json --traffic project/file/traffic_15_nodes_random.json --inspection-rate 0.001 --mess-rate 0.002 --algorithm shortest,1.342095000001,0,468,430,312,228,155,1234,291,417,0,223,414,0,0,467,427,761,252,821,339,0,0,424,575,800,650,226,0,176,0,785,0,0,990,835,0,1536,1705,1556,1071,1418,1399,1469,925
project/sim_ext.py --sim-time 1.5 --seq-graph project/file/graph_15_nodes.json --traffic project/file/traffic_15_nodes_random.json --inspection-rate 0.001 --mess-rate 0.002 --algorithm shortest,1.343112000001,0,468,430,312,228,155,1234,291,417,0,223,414,0,0,467,427,761,252,821,339,0,0,424,575,801,652,226,0,176,0,787,0,0,990,835,0,1536,1705,1556,1071,1418,1399,1469,925
project/sim_ext.py --sim-time 1.5 --seq-graph project/file/graph_15_nodes.json --traffic project/file/traffic_15_nodes_random.json --inspection-rate 0.001 --mess-rate 0.002 --algorithm shortest,1.344321000001,0,468,430,312,228,155,1235,291,417,0,223,415,0,0,469,427,761,252,822,339,0,0,424,575,802,653,226,0,176,0,787,0,0,990,835,0,1536,1705,1556,1071,1418,1399,1469,925
project/sim_ext.py --sim-time 1.5 --seq-graph project/file/graph_15_nodes.json --traffic project/file/traffic_15_nodes_random.json --inspection-rate 0.001 --mess-rate 0.002 --algorithm shortest,1.345335000001,0,468,430,312,228,155,1238,291,417,0,223,415,0,0,469,427,761,252,822,339,0,0,424,575,802,653,226,0,176,0,787,0,0,990,835,0,1536,1705,1556,1071,1418,1399,1469,925
project/sim_ext.py --sim-time 1.5 --seq-graph project/file/graph_15_nodes.json --traffic project/file/traffic_15_nodes_random.json --inspection-rate 0.001 --mess-rate 0.002 --algorithm shortest,1.346343000001,0,468,430,312,228,155,1240,291,417,0,223,415,0,0,469,427,761,252,823,339,0,0,424,575,803,653,226,0,176,0,788,0,0,990,835,0,1536,1705,1556,1071,1418,1399,1469,925
project/sim_ext.py --sim-time 1.5 --seq-graph project/file/graph_15_nodes.json --traffic project/file/traffic_15_nodes_random.json --inspection-rate 0.001 --mess-rate 0.002 --algorithm shortest,1.347438000001,0,468,430,312,228,155,1240,291,417,0,223,415,0,0,469,427,761,252,825,339,0,0,424,575,803,653,226,0,176,0,789,0,0,990,835,0,1536,1705,1556,1071,1418,1399,1469,925
project/sim_ext.py --sim-time 1.5 --seq-graph project/file/graph_15_nodes.json --traffic project/file/traffic_15_nodes_random.json --inspection-rate 0.001 --mess-rate 0.002 --algorithm shortest,1.348599999883,0,468,430,312,228,155,1240,291,417,0,223,415,0,0,470,427,762,252,825,339,0,0,424,575,803,653,226,0,176,0,789,0,0,990,835,0,1536,1705,1556,1071,1418,1399,1469,925
project/sim_ext.py --sim-time 1.5 --seq-graph project/file/graph_15_nodes.json --traffic project/file/traffic_15_nodes_random.json --inspection-rate 0.001 --mess-rate 0.002 --algorithm shortest,1.349674000001,0,468,430,312,228,155,1240,291,417,0,223,415,0,0,470,427,762,252,826,339,0,0,424,575,803,654,226,0,176,0,789,0,0,990,840,0,1536,1705,1556,1071,1418,1399,1469,925
project/sim_ext.py --sim-time 1.5 --seq-graph project/file/graph_15_nodes.json --traffic project/file/traffic_15_nodes_random.json --inspection-rate 0.001 --mess-rate 0.002 --algorithm shortest,1.350750000001,0,468,430,312,228,155,1240,291,417,0,223,415,0,0,470,427,763,252,826,339,0,0,424,575,803,654,226,0,176,0,791,0,0,990,840,0,1536,1705,1556,1071,1418,1399,1469,925
project/sim_ext.py --sim-time 1.5 --seq-graph project/file/graph_15_nodes.json --traffic project/file/traffic_15_nodes_random.json --inspection-rate 0.001 --mess-rate 0.002 --algorithm shortest,1.351791000001,0,468,430,312,228,155,1240,291,417,0,223,415,0,0,470,427,763,252,826,339,0,0,424,575,803,654,226,0,176,0,792,0,0,990,841,0,1536,1705,1556,1071,1418,1399,1469,925
project/sim_ext.py --sim-time 1.5 --seq-graph project/file/graph_15_nodes.json --traffic project/file/traffic_15_nodes_random.json --inspection-rate 0.001 --mess-rate 0.002 --algorithm shortest,1.35284499988,0,468,430,312,228,155,1240,291,417,0,223,415,0,0,470,427,763,252,826,339,0,0,424,575,803,654,226,0,176,0,793,0,0,990,842,0,1536,1705,1556,1071,1418,1399,1469,925
project/sim_ext.py --sim-time 1.5 --seq-graph project/file/graph_15_nodes.json --traffic project/file/traffic_15_nodes_random.json --inspection-rate 0.001 --mess-rate 0.002 --algorithm shortest,1.3538580000009999,0,468,430,312,228,155,1240,291,417,0,223,415,0,0,470,427,763,252,828,339,0,0,424,575,805,656,226,0,176,0,793,0,0,990,843,0,1536,1705,1556,1071,1418,1399,1469,925
project/sim_ext.py --sim-time 1.5 --seq-graph project/file/graph_15_nodes.json --traffic project/file/traffic_15_nodes_random.json --inspection-rate 0.001 --mess-rate 0.002 --algorithm shortest,1.354867000001,0,468,430,312,228,155,1240,291,417,0,223,415,0,0,470,427,763,252,829,339,0,0,424,575,806,656,226,0,176,0,795,0,0,990,843,0,1536,1705,1556,1071,1418,1399,1469,925
project/sim_ext.py --sim-time 1.5 --seq-graph project/file/graph_15_nodes.json --traffic project/file/traffic_15_nodes_random.json --inspection-rate 0.001 --mess-rate 0.002 --algorithm shortest,1.355994000001,0,468,430,312,228,155,1241,291,417,0,223,415,0,0,471,427,763,252,829,339,0,0,424,575,807,657,226,0,176,0,796,0,0,990,843,0,1536,1705,1556,1071,1418,1399,1469,925
project/sim_ext.py --sim-time 1.5 --seq-graph project/file/graph_15_nodes.json --traffic project/file/traffic_15_nodes_random.json --inspection-rate 0.001 --mess-rate 0.002 --algorithm shortest,1.3569995769750136,0,468,430,312,228,155,1241,291,417,0,223,415,0,0,471,427,765,252,829,339,0,0,424,575,808,657,226,0,176,0,796,0,0,990,843,0,1536,1705,1556,1071,1418,1399,1469,925
project/sim_ext.py --sim-time 1.5 --seq-graph project/file/graph_15_nodes.json --traffic project/file/traffic_15_nodes_random.json --inspection-rate 0.001 --mess-rate 0.002 --algorithm shortest,1.358029000001,0,468,430,312,228,155,1241,291,417,0,223,415,0,0,471,427,765,252,831,339,0,0,424,575,809,658,226,0,176,0,797,0,0,990,846,0,1536,1705,1556,1071,1418,1399,1469,925
project/sim_ext.py --sim-time 1.5 --seq-graph project/file/graph_15_nodes.json --traffic project/file/traffic_15_nodes_random.json --inspection-rate 0.001 --mess-rate 0.002 --algorithm shortest,1.359079000001,0,468,430,312,228,155,1241,291,417,0,223,415,0,0,471,427,767,252,832,339,0,0,424,575,809,658,226,0,176,0,797,0,0,990,846,0,1536,1705,1556,1071,1418,1399,1469,925
project/sim_ext.py --sim-time 1.5 --seq-graph project/file/graph_15_nodes.json --traffic project/file/traffic_15_nodes_random.json --inspection-rate 0.001 --mess-rate 0.002 --algorithm shortest,1.360095000001,0,468,430,312,228,155,1241,291,417,0,223,415,0,0,471,427,767,252,832,339,0,0,424,575,812,658,226,0,176,0,800,0,0,990,846,0,1536,1705,1556,1071,1418,1399,1469,925
project/sim_ext.py --sim-time 1.5 --seq-graph project/file/graph_15_nodes.json --traffic project/file/traffic_15_nodes_random.json --inspection-rate 0.001 --mess-rate 0.002 --algorithm shortest,1.361447000001,0,468,430,312,229,155,1244,291,417,0,223,415,0,0,472,427,771,253,832,341,0,0,424,579,812,658,226,0,176,0,800,0,0,992,846,0,1536,1719,1573,1071,1418,1416,1469,929
project/sim_ext.py --sim-time 1.5 --seq-graph project/file/graph_15_nodes.json --traffic project/file/traffic_15_nodes_random.json --inspection-rate 0.001 --mess-rate 0.002 --algorithm shortest,1.362551000001,0,468,430,312,230,155,1244,291,417,0,223,415,0,0,472,427,773,253,833,341,0,0,424,579,812,661,226,0,176,0,800,0,0,992,847,0,1536,1720,1574,1071,1418,1417,1469,929
project/sim_ext.py --sim-time 1.5 --seq-graph project/file/graph_15_nodes.json --traffic project/file/traffic_15_nodes_random.json --inspection-rate 0.001 --mess-rate 0.002 --algorithm shortest,1.363726000001,0,468,430,312,230,155,1245,291,417,0,223,415,0,0,472,427,773,253,833,341,0,0,424,580,815,662,226,0,176,0,801,0,0,992,850,0,1536,1721,1578,1071,1418,1419,1469,929
project/sim_ext.py --sim-time 1.5 --seq-graph project/file/graph_15_nodes.json --traffic project/file/traffic_15_nodes_random.json --inspection-rate 0.001 --mess-rate 0.002 --algorithm shortest,1.364894999887,0,468,430,312,230,155,1245,291,417,0,223,415,0,0,472,427,773,253,833,341,0,0,424,580,815,662,226,0,176,0,801,0,0,992,850,0,1536,1726,1580,1071,1418,1420,1469,930
project/sim_ext.py --sim-time 1.5 --seq-graph project/file/graph_15_nodes.json --traffic project/file/traffic_15_nodes_random.json --inspection-rate 0.001 --mess-rate 0.002 --algorithm shortest,1.3659390000009999,0,468,430,312,230,155,1246,291,417,0,223,415,0,0,472,427,777,253,833,341,0,0,424,580,815,664,226,0,176,0,801,0,0,992,851,0,1536,1726,1581,1071,1418,1420,1469,932
project/sim_ext.py --sim-time 1.5 --seq-graph project/file/graph_15_nodes.json --traffic project/file/traffic_15_nodes_random.json --inspection-rate 0.001 --mess-rate 0.002 --algorithm shortest,1.366988000001,0,468,430,312,230,155,1248,291,417,0,223,415,0,0,472,427,778,253,833,341,0,0,424,580,815,665,226,0,176,0,801,0,0,992,851,0,1536,1729,1581,1071,1418,1420,1469,933
project/sim_ext.py --sim-time 1.5 --seq-graph project/file/graph_15_nodes.json --traffic project/file/traffic_15_nodes_random.json --inspection-rate 0.001 --mess-rate 0.002 --algorithm shortest,1.368202000001,0,468,430,312,232,155,1248,291,417,0,223,415,0,0,472,427,778,253,836,341,0,0,424,580,815,665,226,0,176,0,801,0,0,992,851,0,1536,1732,1581,1071,1418,1423,1469,934
project/sim_ext.py --sim-time 1.5 --seq-graph project/file/graph_15_nodes.json --traffic project/file/traffic_15_nodes_random.json --inspection-rate 0.001 --mess-rate 0.002 --algorithm shortest,1.369212000001,0,468,430,312,232,155,1249,291,417,0,223,415,0,0,472,427,778,253,836,341,0,0,424,581,816,666,226,0,176,0,804,0,0,992,851,0,1536,1733,1582,1071,1418,1424,1469,934
project/sim_ext.py --sim-time 1.5 --seq-graph project/file/graph_15_nodes.json --traffic project/file/traffic_15_nodes_random.json --inspection-rate 0.001 --mess-rate 0.002 --algorithm shortest,1.370319000001,0,468,430,312,232,155,1250,291,417,0,223,415,0,0,472,427,778,253,840,341,0,0,424,581,816,667,226,0,176,0,805,0,0,992,851,0,1536,1733,1582,1071,1418,1424,1469,934
project/sim_ext.py --sim-time 1.5 --seq-graph project/file/graph_15_nodes.json --traffic project/file/traffic_15_nodes_random.json --inspection-rate 0.001 --mess-rate 0.002 --algorithm shortest,1.371459199997,0,471,434,315,233,157,1253,291,417,0,224,420,0,0,473,427,785,253,841,344,0,0,429,581,816,667,231,0,177,0,806,0,0,1001,851,0,1547,1740,1587,1094,1429,1432,1481,934
project/sim_ext.py --sim-time 1.5 --seq-graph project/file/graph_15_nodes.json --traffic project/file/traffic_15_nodes_random.json --inspection-rate 0.001 --mess-rate 0.002 --algorithm shortest,1.372481000001,0,471,434,317,233,157,1255,291,417,0,225,420,0,0,473,427,786,255,841,345,0,0,435,587,819,667,231,0,183,0,807,0,0,1001,851,0,1566,1742,1588,1099,1440,1432,1486,942
project/sim_ext.py --sim-time 1.5 --seq-graph project/file/graph_15_nodes.json --traffic project/file/traffic_15_nodes_random.json --inspection-rate 0.001 --mess-rate 0.002 --algorithm shortest,1.373892000001,0,473,435,317,233,157,1259,292,417,0,228,420,0,0,474,433,787,255,842,346,0,0,435,588,819,668,231,0,183,0,808,0,0,1001,853,0,1570,1742,1588,1105,1441,1432,1487,943
project/sim_ext.py --sim-time 1.5 --seq-graph project/file/graph_15_nodes.json --traffic project/file/traffic_15_nodes_random.json --inspection-rate 0.001 --mess-rate 0.002 --algorithm shortest,1.374903726450562,0,476,435,322,233,160,1259,293,419,0,228,421,0,0,475,433,788,256,843,349,0,0,435,591,821,668,231,0,183,0,809,0,0,1003,853,0,1572,1742,1588,1109,1443,1432,1496,946
project/sim_ext.py --sim-time 1.5 --seq-graph project/file/graph_15_nodes.json --traffic project/file/traffic_15_nodes_random.json --inspection-rate 0.001 --mess-rate 0.002 --algorithm shortest,1.375981000001,0,476,435,323,233,160,1260,294,419,0,228,422,0,0,475,433,788,256,846,350,0,0,435,591,822,668,231,0,183,0,810,0,0,1003,854,0,1573,1742,1588,1109,1446,1432,1498,946
project/sim_ext.py --sim-time 1.5 --seq-graph project/file/graph_15_nodes.json --traffic project/file/traffic_15_nodes_random.json --inspection-rate 0.001 --mess-rate 0.002 --algorithm shortest,1.3773122099494846,0,478,436,323,233,160,1260,295,419,0,228,422,0,0,476,433,788,256,848,350,0,0,435,591,826,668,232,0,183,0,811,0,0,1007,855,0,1574,1742,1588,1111,1447,1432,1499,946
project/sim_ext.py --sim-time 1.5 --seq-graph project/file/graph_15_nodes.json --traffic project/file/traffic_15_nodes_random.json --inspection-rate 0.001 --mess-rate 0.002 --algorithm shortest,1.378319000001,0,478,436,323,233,160,1261,295,419,0,228,423,0,0,476,433,788,256,848,350,0,0,435,591,826,669,233,0,183,0,811,0,0,1007,856,0,1576,1742,1588,1113,1447,1432,1500,947
project/sim_ext.py --sim-time 1.5 --seq-graph project/file/graph_15_nodes.json --traffic project/file/traffic_15_nodes_random.json --inspection-rate 0.001 --mess-rate 0.002 --algorithm shortest,1.379358399997,0,479,436,323,233,160,1261,295,420,0,228,423,0,0,477,433,788,256,848,350,0,0,435,591,826,669,233,0,183,0,811,0,0,1007,856,0,1576,1742,1588,1114,1448,1432,1500,948
project/sim_ext.py --sim-time 1.5 --seq-graph project/file/graph_15_nodes.json --traffic project/file/traffic_15_nodes_random.json --inspection-rate 0.001 --mess-rate 0.002 --algorithm shortest,1.3804211920470615,0,479,437,323,233,160,1262,295,420,0,232,425,0,0,479,433,789,256,848,350,0,0,435,591,827,669,234,0,183,0,813,0,0,1007,856,0,1576,1742,1588,1118,1451,1432,1503,948
project/sim_ext.py --sim-time 1.5 --seq-graph project/file/graph_15_nodes.json --traffic project/file/traffic_15_nodes_random.json --inspection-rate 0.001 --mess-rate 0.002 --algorithm shortest,1.381522000001,0,479,437,323,233,160,1262,295,420,0,232,425,0,0,479,433,789,256,848,350,0,0,435,591,827,669,234,0,183,0,813,0,0,1007,856,0,1576,1742,1588,1118,1451,1432,1504,948
project/sim_ext.py --sim-time 1.5 --seq-graph project/file/graph_15_nodes.json --traffic project/file/traffic_15_nodes_random.json --inspection-rate 0.001 --mess-rate 0.002 --algorithm shortest,1.382628000001,0,479,437,323,233,160,1262,295,420,0,232,425,0,0,479,433,789,256,852,350,0,0,435,591,827,671,234,0,183,0,814,0,0,1007,860,0,1576,1742,1588,1118,1451,1432,1504,948
project/sim_ext.py --sim-time 1.5 --seq-graph project/file/graph_15_nodes.json --traffic project/file/traffic_15_nodes_random.json --inspection-rate 0.001 --mess-rate 0.002 --algorithm shortest,1.3836910000009999,0,479,437,323,233,160,1262,295,420,0,232,425,0,0,479,433,790,256,852,350,0,0,435,591,827,671,234,0,183,0,814,0,0,1007,860,0,1576,1742,1588,1118,1451,1432,1504,948
project/sim_ext.py --sim-time 1.5 --seq-graph project/file/graph_15_nodes.json --traffic project/file/traffic_15_nodes_random.json --inspection-rate 0.001 --mess-rate 0.002 --algorithm shortest,1.384779000001,0,479,437,323,233,160,1264,295,420,0,232,425,0,0,479,433,790,256,852,350,0,0,435,591,827,671,234,0,183,0,814,0,0,1007,860,0,1576,1742,1588,1118,1451,1432,1505,948
project/sim_ext.py --sim-time 1.5 --seq-graph project/file/graph_15_nodes.json --traffic project/file/traffic_15_nodes_random.json --inspection-rate 0.001 --mess-rate 0.002 --algorithm shortest,1.3860199998759999,0,479,437,323,233,160,1265,295,420,0,232,428,0,0,479,433,790,256,852,350,0,0,435,591,827,672,234,0,183,0,814,0,0,1007,862,0,1576,1742,1588,1118,1451,1432,1505,948
project/sim_ext.py --sim-time 1.5 --seq-graph project/file/graph_15_nodes.json --traffic project/file/traffic_15_nodes_random.json --inspection-rate 0.001 --mess-rate 0.002 --algorithm shortest,1.387124000001,0,479,437,323,233,160,1267,295,420,0,232,428,0,0,479,433,790,256,852,350,0,0,435,591,827,672,234,0,183,0,814,0,0,1007,864,0,1576,1742,1588,1118,1451,1432,1505,948
project/sim_ext.py --sim-time 1.5 --seq-graph project/file/graph_15_nodes.json --traffic project/file/traffic_15_nodes_random.json --inspection-rate 0.001 --mess-rate 0.002 --algorithm shortest,1.388134999876,0,479,437,323,233,160,1267,295,420,0,232,428,0,0,479,433,791,256,852,350,0,0,435,591,827,674,234,0,183,0,816,0,0,1007,865,0,1576,1742,1588,1118,1451,1432,1505,948
project/sim_ext.py --sim-time 1.5 --seq-graph project/file/graph_15_nodes.json --traffic project/file/traffic_15_nodes_random.json --inspection-rate 0.001 --mess-rate 0.002 --algorithm shortest,1.389431000001,0,479,437,323,233,160,1267,295,420,0,232,428,0,0,479,433,791,256,852,350,0,0,435,591,827,675,234,0,183,0,816,0,0,1007,867,0,1576,1742,1588,1118,1451,1432,1505,948
project/sim_ext.py --sim-time 1.5 --seq-graph project/file/graph_15_nodes.json --traffic project/file/traffic_15_nodes_random.json --inspection-rate 0.001 --mess-rate 0.002 --algorithm shortest,1.390748000001,0,479,437,323,233,160,1267,295,420,0,232,428,0,0,479,433,791,256,855,350,0,0,435,591,827,675,234,0,183,0,816,0,0,1007,867,0,1576,1742,1588,1118,1451,1432,1505,948
project/sim_ext.py --sim-time 1.5 --seq-graph project/file/graph_15_nodes.json --traffic project/file/traffic_15_nodes_random.json --inspection-rate 0.001 --mess-rate 0.002 --algorithm shortest,1.391902719208909,0,479,437,323,233,160,1267,295,420,0,232,428,0,0,479,433,793,256,855,350,0,0,435,591,827,675,234,0,183,0,817,0,0,1007,867,0,1576,1742,1588,1118,1451,1432,1505,948
project/sim_ext.py --sim-time 1.5 --seq-graph project/file/graph_15_nodes.json --traffic project/file/traffic_15_nodes_random.json --inspection-rate 0.001 --mess-rate 0.002 --algorithm shortest,1.3929471059261707,0,479,437,323,233,160,1268,295,420,0,232,428,0,0,479,433,793,256,855,350,0,0,435,591,827,677,234,0,183,0,817,0,0,1007,868,0,1576,1742,1588,1118,1451,1432,1505,948
project/sim_ext.py --sim-time 1.5 --seq-graph project/file/graph_15_nodes.json --traffic project/file/traffic_15_nodes_random.json --inspection-rate 0.001 --mess-rate 0.002 --algorithm shortest,1.393993000001,0,479,437,323,233,160,1268,295,420,0,232,428,0,0,479,433,793,256,855,350,0,0,435,591,829,677,234,0,183,0,817,0,0,1007,868,0,1576,1742,1588,1118,1451,1432,1505,948
project/sim_ext.py --sim-time 1.5 --seq-graph project/file/graph_15_nodes.json --traffic project/file/traffic_15_nodes_random.json --inspection-rate 0.001 --mess-rate 0.002 --algorithm shortest,1.3951267395837417,0,479,437,323,233,160,1268,295,420,0,232,428,0,0,479,433,793,256,855,350,0,0,435,591,829,679,234,0,183,0,817,0,0,1007,872,0,1576,1742,1588,1118,1451,1432,1505,948
project/sim_ext.py --sim-time 1.5 --seq-graph project/file/graph_15_nodes.json --traffic project/file/traffic_15_nodes_random.json --inspection-rate 0.001 --mess-rate 0.002 --algorithm shortest,1.396133000001,0,479,437,323,233,160,1268,295,420,0,232,428,0,0,479,433,793,256,855,350,0,0,435,591,829,679,234,0,183,0,817,0,0,1007,872,0,1576,1742,1588,1118,1451,1432,1505,948
project/sim_ext.py --sim-time 1.5 --seq-graph project/file/graph_15_nodes.json --traffic project/file/traffic_15_nodes_random.json --inspection-rate 0.001 --mess-rate 0.002 --algorithm shortest,1.397481000001,0,479,437,323,233,160,1272,295,420,0,232,428,0,0,479,433,795,256,860,350,0,0,435,591,829,680,234,0,183,0,817,0,0,1007,873,0,1576,1742,1588,1118,1451,1432,1505,948
project/sim_ext.py --sim-time 1.5 --seq-graph project/file/graph_15_nodes.json --traffic project/file/traffic_15_nodes_random.json --inspection-rate 0.001 --mess-rate 0.002 --algorithm shortest,1.3985980000009999,0,479,437,323,233,160,1272,295,420,0,232,428,0,0,479,433,795,256,861,350,0,0,435,591,829,681,234,0,183,0,817,0,0,1007,873,0,1576,1742,1588,1118,1451,1432,1505,948
project/sim_ext.py --sim-time 1.5 --seq-graph project/file/graph_15_nodes.json --traffic project/file/traffic_15_nodes_random.json --inspection-rate 0.001 --mess-rate 0.002 --algorithm shortest,1.399649000001,0,479,437,323,233,160,1273,295,420,0,232,428,0,0,479,433,795,256,861,350,0,0,435,591,830,681,234,0,183,0,823,0,0,1007,873,0,1576,1742,1588,1118,1451,1432,1505,948
project/sim_ext.py --sim-time 1.5 --seq-graph project/file/graph_15_nodes.json --traffic project/file/traffic_15_nodes_random.json --inspection-rate 0.001 --mess-rate 0.002 --algorithm shortest,1.4006643999969999,0,479,437,323,233,160,1273,295,420,0,232,428,0,0,479,433,795,256,862,350,0,0,435,591,832,681,234,0,183,0,823,0,0,1007,873,0,1576,1742,1588,1118,1451,1432,1505,948
project/sim_ext.py --sim-time 1.5 --seq-graph project/file/graph_15_nodes.json --traffic project/file/traffic_15_nodes_random.json --inspection-rate 0.001 --mess-rate 0.002 --algorithm shortest,1.401839999997,0,479,437,324,233,160,1273,295,420,0,232,429,0,0,479,433,795,256,862,350,0,0,435,591,835,681,234,0,183,0,823,0,0,1007,873,0,1576,1742,1588,1118,1451,1433,1505,948
project/sim_ext.py --sim-time 1.5 --seq-graph project/file/graph_15_nodes.json --traffic project/file/traffic_15_nodes_random.json --inspection-rate 0.001 --mess-rate 0.002 --algorithm shortest,1.402865000001,0,487,440,334,238,161,1278,295,421,0,232,432,0,0,483,433,801,261,862,351,0,0,440,601,840,681,235,0,184,0,823,0,0,1011,873,0,1592,1766,1612,1118,1477,1458,1524,963
project/sim_ext.py --sim-time 1.5 --seq-graph project/file/graph_15_nodes.json --traffic project/file/traffic_15_nodes_random.json --inspection-rate 0.001 --mess-rate 0.002 --algorithm shortest,1.403926399997,0,490,440,334,241,161,1279,295,422,0,233,434,0,0,484,433,803,261,862,351,0,0,442,601,841,681,235,0,185,0,823,0,0,1014,873,0,1593,1770,1614,1118,1478,1460,1531,964
project/sim_ext.py --sim-time 1.5 --seq-graph project/file/graph_15_nodes.json --traffic project/file/traffic_15_nodes_random.json --inspection-rate 0.001 --mess-rate 0.002 --algorithm shortest,1.4049490000009999,0,493,440,335,242,162,1281,296,422,0,234,435,0,0,484,439,806,261,862,351,0,0,445,605,842,682,237,0,185,0,823,0,0,1015,882,0,1598,1778,1618,1118,1481,1461,1541,966
project/sim_ext.py --sim-time 1.5 --seq-graph project/file/graph_15_nodes.json --traffic project/file/traffic_15_nodes_random.json --inspection-rate 0.001 --mess-rate 0.002 --algorithm shortest,1.406314999876,0,494,440,336,243,163,1284,296,423,0,234,435,0,0,484,439,807,261,862,352,0,0,448,606,843,683,238,0,186,0,828,0,0,1020,883,0,1602,1783,1624,1118,1487,1466,1545,971
project/sim_ext.py --sim-time 1.5 --seq-graph project/file/graph_15_nodes.json --traffic project/file/traffic_15_nodes_random.json --inspection-rate 0.001 --mess-rate 0.002 --algorithm shortest,1.407384999883,0,494,440,336,243,163,1286,296,423,0,234,435,0,0,485,439,807,263,864,352,0,0,448,606,843,684,238,0,186,0,828,0,0,1020,883,0,1606,1786,1628,1118,1488,1467,1545,972
project/sim_ext.py --sim-time 1.5 --seq-graph project/file/graph_15_nodes.json --traffic project/file/traffic_15_nodes_random.json --inspection-rate 0.001 --mess-rate 0.002 --algorithm shortest,1.408623000001,0,494,441,336,243,163,1287,298,423,0,236,437,0,0,485,439,807,263,865,352,0,0,448,609,846,686,238,0,187,0,829,0,0,1022,885,0,1609,1787,1631,1118,1489,1468,1547,974
project/sim_ext.py --sim-time 1.5 --seq-graph project/file/graph_15_nodes.json --traffic project/file/traffic_15_nodes_random.json --inspection-rate 0.001 --mess-rate 0.002 --algorithm shortest,1.4098745827704982,0,494,442,336,243,164,1287,298,423,0,236,437,0,0,485,439,807,264,865,352,0,0,448,609,847,688,239,0,187,0,829,0,0,1026,885,0,1609,1787,1631,1118,1489,1469,1547,974
project/sim_ext.py --sim-time 1.5 --seq-graph project/file/graph_15_nodes.json --traffic project/file/traffic_15_nodes_random.json --inspection-rate 0.001 --mess-rate 0.002 --algorithm shortest,1.410934000001,0,494,442,336,243,164,1288,298,423,0,236,438,0,0,485,440,807,264,865,352,0,0,448,614,847,688,239,0,187,0,829,0,0,1026,885,0,1609,1787,1631,1118,1491,1470,1547,974
project/sim_ext.py --sim-time 1.5 --seq-graph project/file/graph_15_nodes.json --traffic project/file/traffic_15_nodes_random.json --inspection-rate 0.001 --mess-rate 0.002 --algorithm shortest,1.4120340000009999,0,494,444,336,243,164,1288,300,423,0,236,438,0,0,485,441,811,264,867,352,0,0,448,614,847,688,239,0,187,0,829,0,0,1027,885,0,1610,1787,1631,1128,1491,1470,1547,974
project/sim_ext.py --sim-time 1.5 --seq-graph project/file/graph_15_nodes.json --traffic project/file/traffic_15_nodes_random.json --inspection-rate 0.001 --mess-rate 0.002 --algorithm shortest,1.413044199997,0,494,445,336,243,164,1288,301,423,0,236,438,0,0,485,441,811,264,867,352,0,0,448,614,847,688,239,0,187,0,829,0,0,1027,885,0,1610,1787,1631,1128,1492,1470,1547,974
project/sim_ext.py --sim-time 1.5 --seq-graph project/file/graph_15_nodes.json --traffic project/file/traffic_15_nodes_random.json --inspection-rate 0.001 --mess-rate 0.002 --algorithm shortest,1.414103000001,0,494,445,336,243,164,1290,301,423,0,236,438,0,0,487,441,811,264,867,352,0,0,448,614,847,688,239,0,187,0,829,0,0,1028,885,0,1610,1787,1631,1129,1492,1470,1547,974
project/sim_ext.py --sim-time 1.5 --seq-graph project/file/graph_15_nodes.json --traffic project/file/traffic_15_nodes_random.json --inspection-rate 0.001 --mess-rate 0.002 --algorithm shortest,1.415195000001,0,494,445,336,243,164,1290,301,423,0,236,438,0,0,487,441,812,264,868,352,0,0,448,614,847,689,240,0,187,0,829,0,0,1028,891,0,1610,1787,1631,1132,1494,1470,1547,974
project/sim_ext.py --sim-time 1.5 --seq-graph project/file/graph_15_nodes.json --traffic project/file/traffic_15_nodes_random.json --inspection-rate 0.001 --mess-rate 0.002 --algorithm shortest,1.4163660000009999,0,494,445,336,243,164,1291,301,423,0,236,438,0,0,488,442,813,264,869,354,0,0,448,614,848,689,240,0,187,0,833,0,0,1029,892,0,1610,1787,1631,1133,1494,1470,1547,974
project/sim_ext.py --sim-time 1.5 --seq-graph project/file/graph_15_nodes.json --traffic project/file/traffic_15_nodes_random.json --inspection-rate 0.001 --mess-rate 0.002 --algorithm shortest,1.417374000001,0,494,445,336,243,164,1293,304,423,0,236,438,0,0,488,442,813,264,869,357,0,0,448,614,848,689,240,0,187,0,833,0,0,1029,893,0,1610,1787,1631,1135,1494,1470,1547,974
project/sim_ext.py --sim-time 1.5 --seq-graph project/file/graph_15_nodes.json --traffic project/file/traffic_15_nodes_random.json --inspection-rate 0.001 --mess-rate 0.002 --algorithm shortest,1.418516000001,0,494,450,336,243,164,1294,305,423,0,236,438,0,0,489,442,813,264,869,357,0,0,448,614,850,689,240,0,187,0,833,0,0,1029,893,0,1610,1787,1631,1135,1494,1470,1547,974
project/sim_ext.py --sim-time 1.5 --seq-graph project/file/graph_15_nodes.json --traffic project/file/traffic_15_nodes_random.json --inspection-rate 0.001 --mess-rate 0.002 --algorithm shortest,1.41980499988,0,494,450,336,243,164,1294,306,423,0,236,438,0,0,489,444,813,264,869,358,0,0,448,614,852,691,240,0,187,0,835,0,0,1029,894,0,1610,1787,1631,1135,1494,1470,1547,974
project/sim_ext.py --sim-time 1.5 --seq-graph project/file/graph_15_nodes.json --traffic project/file/traffic_15_nodes_random.json --inspection-rate 0.001 --mess-rate 0.002 --algorithm shortest,1.4209208354200404,0,494,450,336,243,164,1294,306,423,0,236,438,0,0,489,445,813,264,869,358,0,0,448,614,852,691,240,0,187,0,835,0,0,1029,894,0,1610,1787,1631,1136,1494,1470,1547,974
project/sim_ext.py --sim-time 1.5 --seq-graph project/file/graph_15_nodes.json --traffic project/file/traffic_15_nodes_random.json --inspection-rate 0.001 --mess-rate 0.002 --algorithm shortest,1.422000000001,0,494,450,336,243,164,1294,306,423,0,236,438,0,0,489,446,815,264,869,358,0,0,448,614,853,691,240,0,187,0,838,0,0,1030,894,0,1610,1787,1631,1136,1494,1470,1547,974
project/sim_ext.py --sim-time 1.5 --seq-graph project/file/graph_15_nodes.json --traffic project/file/traffic_15_nodes_random.json --inspection-rate 0.001 --mess-rate 0.002 --algorithm shortest,1.4230795322915781,0,494,450,336,243,164,1294,306,423,0,236,438,0,0,489,446,815,264,869,358,0,0,448,614,855,691,240,0,187,0,840,0,0,1031,894,0,1610,1787,1631,1137,1494,1470,1547,974
project/sim_ext.py --sim-time 1.5 --seq-graph project/file/graph_15_nodes.json --traffic project/file/traffic_15_nodes_random.json --inspection-rate 0.001 --mess-rate 0.002 --algorithm shortest,1.424143000001,0,494,450,336,243,164,1294,306,423,0,236,438,0,0,489,446,815,264,870,359,0,0,448,614,856,691,240,0,187,0,843,0,0,1031,894,0,1610,1787,1631,1137,1494,1470,1547,974
project/sim_ext.py --sim-time 1.5 --seq-graph project/file/graph_15_nodes.json --traffic project/file/traffic_15_nodes_random.json --inspection-rate 0.001 --mess-rate 0.002 --algorithm shortest,1.425274000001,0,494,450,336,243,164,1294,309,423,0,236,438,0,0,489,447,815,264,871,359,0,0,448,614,856,692,240,0,187,0,843,0,0,1031,894,0,1610,1787,1631,1137,1494,1470,1547,974
project/sim_ext.py --sim-time 1.5 --seq-graph project/file/graph_15_nodes.json --traffic project/file/traffic_15_nodes_random.json --inspection-rate 0.001 --mess-rate 0.002 --algorithm shortest,1.426527000001,0,494,450,336,243,164,1294,310,423,0,236,438,0,0,489,447,817,264,871,360,0,0,448,614,857,693,240,0,187,0,843,0,0,1031,897,0,1610,1787,1631,1138,1494,1470,1547,974
project/sim_ext.py --sim-time 1.5 --seq-graph project/file/graph_15_nodes.json --traffic project/file/traffic_15_nodes_random.json --inspection-rate 0.001 --mess-rate 0.002 --algorithm shortest,1.4275289562085156,0,494,450,336,243,164,1294,310,423,0,236,438,0,0,489,447,818,264,872,360,0,0,448,614,858,693,240,0,187,0,845,0,0,1031,898,0,1610,1787,1631,1138,1494,1470,1547,974
project/sim_ext.py --sim-time 1.5 --seq-graph project/file/graph_15_nodes.json --traffic project/file/traffic_15_nodes_random.json --inspection-rate 0.001 --mess-rate 0.002 --algorithm shortest,1.4285820000009999,0,494,450,336,243,164,1297,310,423,0,236,438,0,0,489,447,819,264,872,361,0,0,448,614,858,693,240,0,187,0,846,0,0,1031,898,0,1610,1787,1631,1138,1494,1470,1547,974
project/sim_ext.py --sim-time 1.5 --seq-graph project/file/graph_15_nodes.json --traffic project/file/traffic_15_nodes_random.json --inspection-rate 0.001 --mess-rate 0.002 --algorithm shortest,1.429611000001,0,494,450,336,243,164,1297,311,423,0,236,438,0,0,489,450,819,264,872,361,0,0,448,614,858,693,240,0,187,0,847,0,0,1031,898,0,1610,1787,1631,1139,1494,1470,1547,974
project/sim_ext.py --sim-time 1.5 --seq-graph project/file/graph_15_nodes.json --traffic project/file/traffic_15_nodes_random.json --inspection-rate 0.001 --mess-rate 0.002 --algorithm shortest,1.430921000001,0,494,450,336,243,164,1297,311,423,0,236,438,0,0,489,451,819,264,872,361,0,0,448,614,858,696,240,0,187,0,848,0,0,1032,899,0,1610,1787,1631,1139,1494,1470,1547,974
project/sim_ext.py --sim-time 1.5 --seq-graph project/file/graph_15_nodes.json --traffic project/file/traffic_15_nodes_random.json --inspection-rate 0.001 --mess-rate 0.002 --algorithm shortest,1.432089999868,0,494,450,336,243,164,1298,311,423,0,236,438,0,0,489,452,819,264,873,361,0,0,448,614,858,697,240,0,187,0,849,0,0,1032,899,0,1610,1787,1631,1142,1494,1470,1547,974
project/sim_ext.py --sim-time 1.5 --seq-graph project/file/graph_15_nodes.json --traffic project/file/traffic_15_nodes_random.json --inspection-rate 0.001 --mess-rate 0.002 --algorithm shortest,1.433161599997,0,502,454,341,246,164,1308,311,428,0,236,442,0,0,491,452,819,266,873,361,0,0,457,618,858,699,242,0,187,0,853,0,0,1033,899,0,1618,1801,1652,1142,1518,1491,1547,980
project/sim_ext.py --sim-time 1.5 --seq-graph project/file/graph_15_nodes.json --traffic project/file/traffic_15_nodes_random.json --inspection-rate 0.001 --mess-rate 0.002 --algorithm shortest,1.434213000001,0,505,457,342,247,165,1309,311,430,0,236,442,0,0,491,452,819,266,873,363,0,0,459,619,860,699,243,0,187,0,855,0,0,1033,899,0,1627,1813,1654,1142,1520,1497,1547,984
project/sim_ext.py --sim-time 1.5 --seq-graph project/file/graph_15_nodes.json --traffic project/file/traffic_15_nodes_random.json --inspection-rate 0.001 --mess-rate 0.002 --algorithm shortest,1.435610599997,0,506,458,343,247,166,1313,316,430,0,236,442,0,0,492,453,819,266,879,363,0,0,463,619,861,699,243,0,190,0,857,0,0,1034,899,0,1629,1816,1662,1142,1527,1498,1547,985
project/sim_ext.py --sim-time 1.5 --seq-graph project/file/graph_15_nodes.json --traffic project/file/traffic_15_nodes_random.json --inspection-rate 0.001 --mess-rate 0.002 --algorithm shortest,1.436621799997,0,507,458,345,247,167,1313,316,430,0,236,442,0,0,493,453,819,267,880,363,0,0,466,619,861,700,243,0,190,0,857,0,0,1034,902,0,1634,1818,1665,1142,1531,1501,1547,987
project/sim_ext.py --sim-time 1.5 --seq-graph project/file/graph_15_nodes.json --traffic project/file/traffic_15_nodes_random.json --inspection-rate 0.001 --mess-rate 0.002 --algorithm shortest,1.4376240000009999,0,507,458,345,247,167,1313,316,430,0,236,442,0,0,493,453,819,268,880,363,0,0,466,619,866,700,243,0,191,0,857,0,0,1034,903,0,1639,1818,1669,1142,1533,1501,1547,988
project/sim_ext.py --sim-time 1.5 --seq-graph project/file/graph_15_nodes.json --traffic project/file/traffic_15_nodes_random.json --inspection-rate 0.001 --mess-rate 0.002 --algorithm shortest,1.438912000001,0,507,460,345,248,167,1318,316,430,0,236,442,0,0,494,454,819,268,883,364,0,0,466,620,868,700,243,0,192,0,858,0,0,1035,905,0,1640,1820,1674,1142,1533,1501,1547,989
project/sim_ext.py --sim-time 1.5 --seq-graph project/file/graph_15_nodes.json --traffic project/file/traffic_15_nodes_random.json --inspection-rate 0.001 --mess-rate 0.002 --algorithm shortest,1.440020199997,0,507,461,345,249,167,1318,319,430,0,236,442,0,0,496,454,819,268,883,364,0,0,466,620,868,700,244,0,192,0,859,0,0,1038,907,0,1640,1821,1674,1142,1533,1505,1547,990
project/sim_ext.py --sim-time 1.5 --seq-graph project/file/graph_15_nodes.json --traffic project/file/traffic_15_nodes_random.json --inspection-rate 0.001 --mess-rate 0.002 --algorithm shortest,1.441169000001,0,507,461,345,249,167,1319,319,430,0,236,442,0,0,497,454,819,268,885,365,0,0,466,620,868,700,246,0,192,0,860,0,0,1040,907,0,1642,1822,1674,1142,1534,1507,1547,990
project/sim_ext.py --sim-time 1.5 --seq-graph project/file/graph_15_nodes.json --traffic project/file/traffic_15_nodes_random.json --inspection-rate 0.001 --mess-rate 0.002 --algorithm shortest,1.442183000001,0,507,462,345,250,167,1323,321,430,0,236,442,0,0,497,455,819,269,885,365,0,0,466,620,868,700,246,0,192,0,861,0,0,1040,907,0,1642,1822,1674,1142,1534,1510,1547,990
project/sim_ext.py --sim-time 1.5 --seq-graph project/file/graph_15_nodes.json --traffic project/file/traffic_15_nodes_random.json --inspection-rate 0.001 --mess-rate 0.002 --algorithm shortest,1.443444000001,0,507,462,345,250,167,1325,323,430,0,236,442,0,0,497,456,826,269,886,366,0,0,466,623,868,702,246,0,192,0,861,0,0,1046,908,0,1644,1822,1674,1142,1534,1515,1558,990
project/sim_ext.py --sim-time 1.5 --seq-graph project/file/graph_15_nodes.json --traffic project/file/traffic_15_nodes_random.json --inspection-rate 0.001 --mess-rate 0.002 --algorithm shortest,1.444628000001,0,507,465,345,250,167,1325,323,430,0,237,443,0,0,497,456,826,269,886,366,0,0,466,626,869,703,247,0,192,0,862,0,0,1046,909,0,1645,1822,1674,1152,1534,1515,1560,995
project/sim_ext.py --sim-time 1.5 --seq-graph project/file/graph_15_nodes.json --traffic project/file/traffic_15_nodes_random.json --inspection-rate 0.001 --mess-rate 0.002 --algorithm shortest,1.445906000001,0,507,465,345,250,167,1327,323,430,0,237,443,0,0,497,456,828,270,886,366,0,0,466,626,870,703,247,0,192,0,863,0,0,1046,910,0,1645,1822,1674,1156,1534,1515,1562,995
project/sim_ext.py --sim-time 1.5 --seq-graph project/file/graph_15_nodes.json --traffic project/file/traffic_15_nodes_random.json --inspection-rate 0.001 --mess-rate 0.002 --algorithm shortest,1.447316000001,0,507,469,345,250,167,1327,324,430,0,238,443,0,0,498,457,829,270,889,368,0,0,466,626,871,703,247,0,192,0,863,0,0,1049,911,0,1645,1822,1674,1159,1534,1515,1571,995
project/sim_ext.py --sim-time 1.5 --seq-graph project/file/graph_15_nodes.json --traffic project/file/traffic_15_nodes_random.json --inspection-rate 0.001 --mess-rate 0.002 --algorithm shortest,1.448363000001,0,507,469,345,250,167,1327,324,430,0,238,443,0,0,499,458,829,270,889,368,0,0,466,626,872,703,247,0,192,0,864,0,0,1049,911,0,1645,1822,1674,1160,1534,1515,1572,995
project/sim_ext.py --sim-time 1.5 --seq-graph project/file/graph_15_nodes.json --traffic project/file/traffic_15_nodes_random.json --inspection-rate 0.001 --mess-rate 0.002 --algorithm shortest,1.4493987678293399,0,507,469,345,250,167,1328,325,430,0,239,443,0,0,499,458,829,270,889,368,0,0,466,626,872,703,247,0,192,0,864,0,0,1051,911,0,1645,1822,1674,1161,1534,1515,1573,995
project/sim_ext.py --sim-time 1.5 --seq-graph project/file/graph_15_nodes.json --traffic project/file/traffic_15_nodes_random.json --inspection-rate 0.001 --mess-rate 0.002 --algorithm shortest,1.450680000001,0,507,469,345,250,167,1328,325,430,0,240,443,0,0,499,458,829,270,892,368,0,0,466,626,872,703,247,0,192,0,864,0,0,1052,911,0,1645,1822,1674,1162,1534,1515,1578,995
project/sim_ext.py --sim-time 1.5 --seq-graph project/file/graph_15_nodes.json --traffic project/file/traffic_15_nodes_random.json --inspection-rate 0.001 --mess-rate 0.002 --algorithm shortest,1.4521018415106302,0,507,469,345,250,167,1328,325,430,0,241,444,0,0,499,458,829,270,892,368,0,0,466,626,877,708,247,0,192,0,865,0,0,1052,912,0,1645,1822,1674,1164,1534,1515,1582,995
project/sim_ext.py --sim-time 1.5 --seq-graph project/file/graph_15_nodes.json --traffic project/file/traffic_15_nodes_random.json --inspection-rate 0.001 --mess-rate 0.002 --algorithm shortest,1.453300000001,0,507,469,345,250,167,1328,325,430,0,241,444,0,0,499,458,829,270,892,368,0,0,466,626,877,708,247,0,192,0,865,0,0,1052,912,0,1645,1822,1674,1164,1534,1515,1582,995
project/sim_ext.py --sim-time 1.5 --seq-graph project/file/graph_15_nodes.json --traffic project/file/traffic_15_nodes_random.json --inspection-rate 0.001 --mess-rate 0.002 --algorithm shortest,1.4545829260623735,0,507,469,345,250,167,1332,325,430,0,241,444,0,0,499,458,831,270,892,368,0,0,466,626,877,708,247,0,192,0,865,0,0,1052,912,0,1645,1822,1674,1164,1534,1515,1582,995
project/sim_ext.py --sim-time 1.5 --seq-graph project/file/graph_15_nodes.json --traffic project/file/traffic_15_nodes_random.json --inspection-rate 0.001 --mess-rate 0.002 --algorithm shortest,1.455611000001,0,507,469,345,250,167,1333,325,430,0,241,444,0,0,499,458,831,270,892,368,0,0,466,626,878,709,247,0,192,0,865,0,0,1052,912,0,1645,1822,1674,1164,1534,1515,1582,995
project/sim_ext.py --sim-time 1.5 --seq-graph project/file/graph_15_nodes.json --traffic project/file/traffic_15_nodes_random.json --inspection-rate 0.001 --mess-rate 0.002 --algorithm shortest,1.456858000001,0,507,469,345,250,167,1333,325,430,0,241,444,0,0,499,458,831,270,892,368,0,0,466,626,879,710,247,0,192,0,868,0,0,1052,913,0,1645,1822,1674,1164,1534,1515,1582,995
project/sim_ext.py --sim-time 1.5 --seq-graph project/file/graph_15_nodes.json --traffic project/file/traffic_15_nodes_random.json --inspection-rate 0.001 --mess-rate 0.002 --algorithm shortest,1.457874000001,0,507,469,345,250,167,1336,325,430,0,241,444,0,0,499,458,831,270,892,368,0,0,466,626,879,710,247,0,192,0,868,0,0,1052,913,0,1645,1822,1674,1164,1534,1515,1582,995
project/sim_ext.py --sim-time 1.5 --seq-graph project/file/graph_15_nodes.json --traffic project/file/traffic_15_nodes_random.json --inspection-rate 0.001 --mess-rate 0.002 --algorithm shortest,1.459073000001,0,507,469,345,250,167,1336,325,430,0,241,444,0,0,499,458,831,270,892,368,0,0,466,626,880,710,247,0,192,0,869,0,0,1052,914,0,1645,1822,1674,1164,1534,1515,1582,995
project/sim_ext.py --sim-time 1.5 --seq-graph project/file/graph_15_nodes.json --traffic project/file/traffic_15_nodes_random.json --inspection-rate 0.001 --mess-rate 0.002 --algorithm shortest,1.460076000001,0,507,469,345,250,167,1336,325,430,0,241,444,0,0,499,458,831,270,892,368,0,0,466,626,880,710,247,0,192,0,869,0,0,1052,915,0,1645,1822,1674,1164,1534,1515,1582,995
project/sim_ext.py --sim-time 1.5 --seq-graph project/file/graph_15_nodes.json --traffic project/file/traffic_15_nodes_random.json --inspection-rate 0.001 --mess-rate 0.002 --algorithm shortest,1.461239000001,0,507,469,345,250,167,1337,325,430,0,241,444,0,0,499,458,831,270,896,368,0,0,466,626,880,710,247,0,192,0,869,0,0,1052,915,0,1645,1822,1674,1168,1534,1515,1582,995
project/sim_ext.py --sim-time 1.5 --seq-graph project/file/graph_15_nodes.json --traffic project/file/traffic_15_nodes_random.json --inspection-rate 0.001 --mess-rate 0.002 --algorithm shortest,1.462309999876,0,507,469,345,250,167,1337,325,430,0,241,444,0,0,499,458,832,270,897,368,0,0,466,626,882,711,247,0,192,0,870,0,0,1052,916,0,1645,1822,1674,1168,1534,1515,1582,995
project/sim_ext.py --sim-time 1.5 --seq-graph project/file/graph_15_nodes.json --traffic project/file/traffic_15_nodes_random.json --inspection-rate 0.001 --mess-rate 0.002 --algorithm shortest,1.463375999997,0,507,470,345,250,167,1339,325,430,0,241,444,0,0,500,458,834,271,898,368,0,0,466,627,882,711,247,0,192,0,870,0,0,1052,916,0,1645,1825,1677,1168,1534,1519,1582,995
project/sim_ext.py --sim-time 1.5 --seq-graph project/file/graph_15_nodes.json --traffic project/file/traffic_15_nodes_random.json --inspection-rate 0.001 --mess-rate 0.002 --algorithm shortest,1.464394999876,0,507,471,345,252,167,1342,325,430,0,241,444,0,0,500,458,835,271,899,368,0,0,466,630,882,711,247,0,192,0,870,0,0,1052,916,0,1645,1835,1685,1175,1534,1535,1582,995
project/sim_ext.py --sim-time 1.5 --seq-graph project/file/graph_15_nodes.json --traffic project/file/traffic_15_nodes_random.json --inspection-rate 0.001 --mess-rate 0.002 --algorithm shortest,1.4655134221717248,0,507,471,345,252,167,1342,325,430,0,241,444,0,0,503,458,836,271,899,368,0,0,466,630,882,712,247,0,192,0,870,0,0,1052,917,0,1645,1835,1685,1175,1534,1536,1582,995
project/sim_ext.py --sim-time 1.5 --seq-graph project/file/graph_15_nodes.json --traffic project/file/traffic_15_nodes_random.json --inspection-rate 0.001 --mess-rate 0.002 --algorithm shortest,1.466603000001,0,507,471,345,252,167,1342,325,430,0,241,444,0,0,503,458,836,271,902,368,0,0,466,630,882,712,247,0,192,0,870,0,0,1052,917,0,1645,1838,1685,1175,1534,1537,1582,995
project/sim_ext.py --sim-time 1.5 --seq-graph project/file/graph_15_nodes.json --traffic project/file/traffic_15_nodes_random.json --inspection-rate 0.001 --mess-rate 0.002 --algorithm shortest,1.467610000001,0,507,471,345,254,167,1344,325,430,0,241,444,0,0,504,458,839,271,902,368,0,0,466,631,883,712,247,0,192,0,870,0,0,1052,917,0,1645,1843,1686,1175,1534,1539,1582,995
project/sim_ext.py --sim-time 1.5 --seq-graph project/file/graph_15_nodes.json --traffic project/file/traffic_15_nodes_random.json --inspection-rate 0.001 --mess-rate 0.002 --algorithm shortest,1.468736999997,0,507,471,345,254,167,1345,325,430,0,241,444,0,0,504,458,839,271,902,368,0,0,466,631,883,712,247,0,192,0,870,0,0,1052,917,0,1645,1844,1686,1175,1534,1539,1582,995
project/sim_ext.py --sim-time 1.5 --seq-graph project/file/graph_15_nodes.json --traffic project/file/traffic_15_nodes_random.json --inspection-rate 0.001 --mess-rate 0.002 --algorithm shortest,1.470208000001,0,507,471,345,254,167,1346,325,430,0,241,444,0,0,505,458,839,271,902,368,0,0,466,631,885,714,247,0,192,0,870,0,0,1052,918,0,1645,1848,1687,1175,1534,1540,1582,995
project/sim_ext.py --sim-time 1.5 --seq-graph project/file/graph_15_nodes.json --traffic project/file/traffic_15_nodes_random.json --inspection-rate 0.001 --mess-rate 0.002 --algorithm shortest,1.471296999997,0,507,471,345,254,167,1348,325,430,0,241,444,0,0,505,458,839,271,902,368,0,0,466,632,885,714,247,0,192,0,870,0,0,1052,918,0,1645,1848,1688,1175,1534,1542,1582,995
project/sim_ext.py --sim-time 1.5 --seq-graph project/file/graph_15_nodes.json --traffic project/file/traffic_15_nodes_random.json --inspection-rate 0.001 --mess-rate 0.002 --algorithm shortest,1.472632000001,0,507,471,345,255,167,1349,325,430,0,241,444,0,0,506,458,839,271,902,368,0,0,466,632,886,716,247,0,192,0,870,0,0,1052,923,0,1645,1853,1688,1175,1534,1543,1582,995
project/sim_ext.py --sim-time 1.5 --seq-graph project/file/graph_15_nodes.json --traffic project/file/traffic_15_nodes_random.json --inspection-rate 0.001 --mess-rate 0.002 --algorithm shortest,1.473884799997,0,510,471,350,258,167,1358,325,435,0,242,448,0,0,506,458,846,273,902,370,0,0,469,635,886,717,247,0,192,0,871,0,0,1065,925,0,1658,1864,1697,1175,1546,1547,1595,1007
project/sim_ext.py --sim-time 1.5 --seq-graph project/file/graph_15_nodes.json --traffic project/file/traffic_15_nodes_random.json --inspection-rate 0.001 --mess-rate 0.002 --algorithm shortest,1.474887000001,0,515,473,353,258,167,1359,325,436,0,242,448,0,0,506,458,846,273,902,370,0,0,470,637,886,717,247,0,193,0,871,0,0,1067,925,0,1667,1864,1706,1175,1555,1547,1599,1009
project/sim_ext.py --sim-time 1.5 --seq-graph project/file/graph_15_nodes.json --traffic project/file/traffic_15_nodes_random.json --inspection-rate 0.001 --mess-rate 0.002 --algorithm shortest,1.476094799997,0,515,473,354,258,170,1359,325,436,0,242,448,0,0,506,458,846,273,902,370,0,0,470,637,888,718,247,0,193,0,872,0,0,1067,925,0,1668,1864,1707,1175,1555,1547,1599,1009
project/sim_ext.py --sim-time 1.5 --seq-graph project/file/graph_15_nodes.json --traffic project/file/traffic_15_nodes_random.json --inspection-rate 0.001 --mess-rate 0.002 --algorithm shortest,1.477095399997,0,515,473,354,258,170,1359,325,436,0,243,448,0,0,506,458,847,274,910,370,0,0,470,640,888,718,247,0,193,0,874,0,0,1067,925,0,1671,1864,1707,1175,1559,1547,1601,1010
project/sim_ext.py --sim-time 1.5 --seq-graph project/file/graph_15_nodes.json --traffic project/file/traffic_15_nodes_random.json --inspection-rate 0.001 --mess-rate 0.002 --algorithm shortest,1.4781641999969999,0,517,473,354,258,170,1359,325,436,0,243,448,0,0,507,458,847,274,910,370,0,0,470,641,889,719,247,0,193,0,876,0,0,1067,929,0,1673,1864,1707,1175,1560,1547,1602,1012
project/sim_ext.py --sim-time 1.5 --seq-graph project/file/graph_15_nodes.json --traffic project/file/traffic_15_nodes_random.json --inspection-rate 0.001 --mess-rate 0.002 --algorithm shortest,1.479221000001,0,517,475,354,258,170,1361,327,436,0,243,448,0,0,508,462,847,277,911,372,0,0,470,644,891,719,248,0,193,0,876,0,0,1071,930,0,1677,1864,1707,1175,1564,1547,1609,1013
project/sim_ext.py --sim-time 1.5 --seq-graph project/file/graph_15_nodes.json --traffic project/file/traffic_15_nodes_random.json --inspection-rate 0.001 --mess-rate 0.002 --algorithm shortest,1.4803370000009999,0,521,475,354,258,170,1362,329,436,0,243,449,0,0,508,462,848,277,912,372,0,0,470,645,894,719,248,0,193,0,879,0,0,1072,931,0,1680,1864,1707,1175,1567,1547,1613,1015
project/sim_ext.py --sim-time 1.5 --seq-graph project/file/graph_15_nodes.json --traffic project/file/traffic_15_nodes_random.json --inspection-rate 0.001 --mess-rate 0.002 --algorithm shortest,1.481593000001,0,521,475,356,258,170,1363,329,436,0,244,449,0,0,508,462,848,277,912,373,0,0,470,645,896,719,248,0,193,0,880,0,0,1072,932,0,1680,1864,1707,1175,1567,1547,1614,1016
project/sim_ext.py --sim-time 1.5 --seq-graph project/file/graph_15_nodes.json --traffic project/file/traffic_15_nodes_random.json --inspection-rate 0.001 --mess-rate 0.002 --algorithm shortest,1.482621000001,0,522,476,358,258,171,1363,330,439,0,244,449,0,0,510,465,848,277,913,373,0,0,470,645,897,720,248,0,193,0,882,0,0,1074,932,0,1681,1864,1707,1175,1569,1547,1618,1017
project/sim_ext.py --sim-time 1.5 --seq-graph project/file/graph_15_nodes.json --traffic project/file/traffic_15_nodes_random.json --inspection-rate 0.001 --mess-rate 0.002 --algorithm shortest,1.483693000001,0,522,476,358,258,171,1363,330,439,0,244,449,0,0,510,465,848,277,913,373,0,0,470,645,897,721,248,0,193,0,882,0,0,1075,934,0,1681,1864,1707,1186,1571,1547,1618,1017
project/sim_ext.py --sim-time 1.5 --seq-graph project/file/graph_15_nodes.json --traffic project/file/traffic_15_nodes_random.json --inspection-rate 0.001 --mess-rate 0.002 --algorithm shortest,1.484728000001,0,522,476,363,258,172,1366,330,439,0,244,449,0,0,510,465,848,277,913,373,0,0,470,645,897,723,249,0,193,0,883,0,0,1076,935,0,1682,1864,1707,1192,1571,1547,1618,1021
project/sim_ext.py --sim-time 1.5 --seq-graph project/file/graph_15_nodes.json --traffic project/file/traffic_15_nodes_random.json --inspection-rate 0.001 --mess-rate 0.002 --algorithm shortest,1.4857545999969999,0,522,476,363,258,173,1368,332,439,0,244,449,0,0,510,465,848,277,913,374,0,0,470,645,897,723,249,0,193,0,883,0,0,1076,935,0,1682,1864,1707,1193,1571,1547,1618,1021
project/sim_ext.py --sim-time 1.5 --seq-graph project/file/graph_15_nodes.json --traffic project/file/traffic_15_nodes_random.json --inspection-rate 0.001 --mess-rate 0.002 --algorithm shortest,1.486897000001,0,522,476,363,258,173,1368,332,439,0,244,449,0,0,510,465,848,277,913,374,0,0,470,645,897,723,249,0,193,0,884,0,0,1077,935,0,1682,1864,1707,1194,1571,1547,1618,1021
project/sim_ext.py --sim-time 1.5 --seq-graph project/file/graph_15_nodes.json --traffic project/file/traffic_15_nodes_random.json --inspection-rate 0.001 --mess-rate 0.002 --algorithm shortest,1.487907000001,0,522,476,363,258,173,1369,332,439,0,244,449,0,0,510,465,848,277,915,374,0,0,470,645,897,723,249,0,193,0,884,0,0,1077,935,0,1682,1864,1707,1195,1571,1547,1618,1021
project/sim_ext.py --sim-time 1.5 --seq-graph project/file/graph_15_nodes.json --traffic project/file/traffic_15_nodes_random.json --inspection-rate 0.001 --mess-rate 0.002 --algorithm shortest,1.488914999872,0,522,476,363,258,173,1371,332,439,0,244,449,0,0,510,465,848,277,915,374,0,0,470,645,897,723,249,0,193,0,885,0,0,1077,935,0,1682,1864,1707,1195,1571,1547,1618,1021
project/sim_ext.py --sim-time 1.5 --seq-graph project/file/graph_15_nodes.json --traffic project/file/traffic_15_nodes_random.json --inspection-rate 0.001 --mess-rate 0.002 --algorithm shortest,1.490056999997,0,522,476,363,258,173,1373,332,439,0,244,449,0,0,510,465,848,277,916,374,0,0,470,645,897,723,249,0,193,0,885,0,0,1077,935,0,1682,1864,1707,1196,1571,1547,1618,1021
project/sim_ext.py --sim-time 1.5 --seq-graph project/file/graph_15_nodes.json --traffic project/file/traffic_15_nodes_random.json --inspection-rate 0.001 --mess-rate 0.002 --algorithm shortest,1.491134799997,0,522,476,363,258,173,1374,332,439,0,244,451,0,0,510,465,848,277,916,374,0,0,470,645,897,723,249,0,193,0,885,0,0,1077,935,0,1682,1864,1707,1196,1571,1547,1618,1021
project/sim_ext.py --sim-time 1.5 --seq-graph project/file/graph_15_nodes.json --traffic project/file/traffic_15_nodes_random.json --inspection-rate 0.001 --mess-rate 0.002 --algorithm shortest,1.4922488237338347,0,522,476,363,258,173,1377,332,439,0,244,451,0,0,510,465,849,277,916,374,0,0,470,645,902,724,249,0,193,0,886,0,0,1077,936,0,1682,1864,1707,1196,1571,1547,1618,1021
project/sim_ext.py --sim-time 1.5 --seq-graph project/file/graph_15_nodes.json --traffic project/file/traffic_15_nodes_random.json --inspection-rate 0.001 --mess-rate 0.002 --algorithm shortest,1.4933600000009999,0,522,476,363,258,173,1378,332,439,0,244,452,0,0,510,465,849,277,916,374,0,0,470,645,902,726,249,0,193,0,886,0,0,1077,937,0,1682,1864,1707,1196,1571,1547,1618,1021
project/sim_ext.py --sim-time 1.5 --seq-graph project/file/graph_15_nodes.json --traffic project/file/traffic_15_nodes_random.json --inspection-rate 0.001 --mess-rate 0.002 --algorithm shortest,1.494716000001,0,522,476,363,258,173,1378,332,439,0,244,452,0,0,510,465,849,277,916,374,0,0,470,645,902,726,249,0,193,0,886,0,0,1077,937,0,1682,1864,1707,1196,1571,1547,1618,1021
project/sim_ext.py --sim-time 1.5 --seq-graph project/file/graph_15_nodes.json --traffic project/file/traffic_15_nodes_random.json --inspection-rate 0.001 --mess-rate 0.002 --algorithm shortest,1.495751000001,0,522,476,363,258,173,1378,332,439,0,244,452,0,0,510,465,849,277,916,374,0,0,470,645,903,727,249,0,193,0,887,0,0,1077,938,0,1682,1864,1707,1196,1571,1547,1618,1021
project/sim_ext.py --sim-time 1.5 --seq-graph project/file/graph_15_nodes.json --traffic project/file/traffic_15_nodes_random.json --inspection-rate 0.001 --mess-rate 0.002 --algorithm shortest,1.4968265725747116,0,522,476,363,258,173,1380,332,439,0,244,452,0,0,510,465,849,277,916,374,0,0,470,645,903,729,249,0,193,0,887,0,0,1077,939,0,1682,1864,1707,1196,1571,1547,1618,1021
project/sim_ext.py --sim-time 1.5 --seq-graph project/file/graph_15_nodes.json --traffic project/file/traffic_15_nodes_random.json --inspection-rate 0.001 --mess-rate 0.002 --algorithm shortest,1.497879000001,0,522,476,363,258,173,1382,332,439,0,244,452,0,0,510,465,849,277,916,374,0,0,470,645,904,729,249,0,193,0,887,0,0,1077,939,0,1682,1864,1707,1196,1571,1547,1618,1021
project/sim_ext.py --sim-time 1.5 --seq-graph project/file/graph_15_nodes.json --traffic project/file/traffic_15_nodes_random.json --inspection-rate 0.001 --mess-rate 0.002 --algorithm shortest,1.498891000001,0,522,476,363,258,173,1382,332,439,0,244,452,0,0,510,465,850,277,919,374,0,0,470,645,904,729,249,0,193,0,887,0,0,1077,939,0,1682,1864,1707,1196,1571,1547,1618,1021
project/sim_ext.py --sim-time 1.5 --seq-graph project/file/graph_15_nodes.json --traffic project/file/traffic_15_nodes_random.json --inspection-rate 0.001 --mess-rate 0.002 --algorithm shortest,1.499988000001,0,522,476,363,258,173,1382,332,439,0,244,452,0,0,510,465,850,277,920,374,0,0,470,645,904,730,249,0,193,0,887,0,0,1077,939,0,1682,1864,1707,1196,1571,1547,1618,1021
