Sim. Command,Time,tr_node0_to_node1,tr_node0_to_node2,tr_node0_to_node3,tr_node0_to_node4,tr_node0_to_node12,tr_node1_to_node0,tr_node1_to_node2,tr_node1_to_node3,tr_node2_to_node0,tr_node2_to_node1,tr_node2_to_node3,tr_node2_to_node5,tr_node2_to_node8,tr_node2_to_node9,tr_node3_to_node0,tr_node3_to_node1,tr_node3_to_node2,tr_node3_to_node4,tr_node3_to_node5,tr_node3_to_node6,tr_node3_to_node10,tr_node3_to_node13,tr_node4_to_node0,tr_node4_to_node3,tr_node4_to_node5,tr_node4_to_node6,tr_node4_to_node7,tr_node4_to_node14,tr_node5_to_node2,tr_node5_to_node3,tr_node5_to_node4,tr_node5_to_node6,tr_node5_to_node11,tr_node6_to_node3,tr_node6_to_node4,tr_node6_to_node5,tr_node7_to_node4,tr_node8_to_node2,tr_node9_to_node2,tr_node10_to_node3,tr_node11_to_node5,tr_node12_to_node0,tr_node13_to_node3,tr_node14_to_node4
project/sim_ext.py --sim-time 1.5 --seq-graph project/file/graph_15_nodes.json --traffic project/file/traffic_15_nodes_outer_chatting.json --inspection-rate 0.001 --mess-rate 0.002 --algorithm betweenness,0.001007,0,0,0,0,0,0,0,0,0,0,0,0,0,0,0,0,0,0,0,0,0,0,0,0,0,0,0,0,0,0,0,0,0,0,0,0,0,0,0,0,0,0,0,0
project/sim_ext.py --sim-time 1.5 --seq-graph project/file/graph_15_nodes.json --traffic project/file/traffic_15_nodes_outer_chatting.json --inspection-rate 0.001 --mess-rate 0.002 --algorithm betweenness,0.002333,0,0,0,0,0,0,0,0,0,0,0,0,0,0,0,0,0,0,0,0,0,0,0,0,0,0,0,0,0,0,0,0,0,0,0,0,0,0,0,0,0,0,0,0
project/sim_ext.py --sim-time 1.5 --seq-graph project/file/graph_15_nodes.json --traffic project/file/traffic_15_nodes_outer_chatting.json --inspection-rate 0.001 --mess-rate 0.002 --algorithm betweenness,0.003636,0,0,0,0,0,0,0,0,0,0,0,0,0,0,0,0,0,0,0,0,0,0,0,0,0,0,0,0,0,0,0,0,0,0,0,0,0,0,0,0,0,0,0,0
project/sim_ext.py --sim-time 1.5 --seq-graph project/file/graph_15_nodes.json --traffic project/file/traffic_15_nodes_outer_chatting.json --inspection-rate 0.001 --mess-rate 0.002 --algorithm betweenness,0.004807055621394602,0,0,0,0,0,0,0,0,0,0,0,0,0,0,0,0,0,0,0,0,0,0,0,0,0,0,0,0,0,0,0,0,0,0,0,0,0,0,0,0,0,0,0,0
project/sim_ext.py --sim-time 1.5 --seq-graph project/file/graph_15_nodes.json --traffic project/file/traffic_15_nodes_outer_chatting.json --inspection-rate 0.001 --mess-rate 0.002 --algorithm betweenness,0.005854458832365927,0,0,0,0,0,0,0,0,0,0,0,0,0,0,0,0,0,0,0,0,0,0,0,0,0,0,0,0,0,0,0,0,0,0,0,0,0,0,0,0,0,0,0,0
project/sim_ext.py --sim-time 1.5 --seq-graph project/file/graph_15_nodes.json --traffic project/file/traffic_15_nodes_outer_chatting.json --inspection-rate 0.001 --mess-rate 0.002 --algorithm betweenness,0.006958,0,0,0,0,0,0,0,0,0,0,0,0,0,0,0,0,0,0,0,0,0,0,0,0,0,0,0,0,0,0,0,0,0,0,0,0,0,0,0,0,0,0,0,0
project/sim_ext.py --sim-time 1.5 --seq-graph project/file/graph_15_nodes.json --traffic project/file/traffic_15_nodes_outer_chatting.json --inspection-rate 0.001 --mess-rate 0.002 --algorithm betweenness,0.008064,0,0,0,0,0,0,0,0,0,0,0,0,0,0,0,0,0,0,0,0,0,0,0,0,0,0,0,0,0,0,0,0,0,0,0,0,0,0,0,0,0,0,0,0
project/sim_ext.py --sim-time 1.5 --seq-graph project/file/graph_15_nodes.json --traffic project/file/traffic_15_nodes_outer_chatting.json --inspection-rate 0.001 --mess-rate 0.002 --algorithm betweenness,0.009184757807654353,0,0,0,0,0,0,0,0,0,0,0,0,0,0,0,0,0,0,0,0,0,0,0,0,0,0,0,0,0,0,0,0,0,0,0,0,0,0,0,0,0,0,0,0
project/sim_ext.py --sim-time 1.5 --seq-graph project/file/graph_15_nodes.json --traffic project/file/traffic_15_nodes_outer_chatting.json --inspection-rate 0.001 --mess-rate 0.002 --algorithm betweenness,0.010193538262205468,0,0,0,0,0,0,0,0,0,0,0,0,0,0,0,0,0,0,0,0,0,0,0,0,0,0,0,0,0,0,0,0,0,0,0,0,0,0,0,0,0,0,0,0
project/sim_ext.py --sim-time 1.5 --seq-graph project/file/graph_15_nodes.json --traffic project/file/traffic_15_nodes_outer_chatting.json --inspection-rate 0.001 --mess-rate 0.002 --algorithm betweenness,0.011196,0,0,0,0,0,0,0,0,0,0,0,0,0,0,0,0,0,0,0,0,0,0,0,0,0,0,0,0,0,0,0,0,0,0,0,0,0,0,0,0,0,0,0,0
project/sim_ext.py --sim-time 1.5 --seq-graph project/file/graph_15_nodes.json --traffic project/file/traffic_15_nodes_outer_chatting.json --inspection-rate 0.001 --mess-rate 0.002 --algorithm betweenness,0.012329999999999999,0,0,0,0,0,0,0,0,0,0,0,0,0,0,0,0,0,0,0,0,0,0,0,0,0,0,0,0,0,0,0,0,0,0,0,0,0,0,0,0,0,0,0,0
project/sim_ext.py --sim-time 1.5 --seq-graph project/file/graph_15_nodes.json --traffic project/file/traffic_15_nodes_outer_chatting.json --inspection-rate 0.001 --mess-rate 0.002 --algorithm betweenness,0.013449,0,0,0,0,0,0,0,0,0,0,0,0,0,0,0,0,0,0,0,0,0,0,0,0,0,0,0,0,0,0,0,0,0,0,0,0,0,0,0,0,0,0,0,0
project/sim_ext.py --sim-time 1.5 --seq-graph project/file/graph_15_nodes.json --traffic project/file/traffic_15_nodes_outer_chatting.json --inspection-rate 0.001 --mess-rate 0.002 --algorithm betweenness,0.014561,0,0,0,0,0,0,0,0,0,0,0,0,0,0,0,0,0,0,0,0,0,0,0,0,0,0,0,0,0,0,0,0,0,0,0,0,0,0,0,0,0,0,0,0
project/sim_ext.py --sim-time 1.5 --seq-graph project/file/graph_15_nodes.json --traffic project/file/traffic_15_nodes_outer_chatting.json --inspection-rate 0.001 --mess-rate 0.002 --algorithm betweenness,0.015616999999999999,0,0,0,0,0,0,0,0,0,0,0,0,0,0,0,0,0,0,0,0,0,0,0,0,0,0,0,0,0,0,0,0,0,0,0,0,0,0,0,0,0,0,0,0
project/sim_ext.py --sim-time 1.5 --seq-graph project/file/graph_15_nodes.json --traffic project/file/traffic_15_nodes_outer_chatting.json --inspection-rate 0.001 --mess-rate 0.002 --algorithm betweenness,0.016668,0,0,0,0,0,0,0,0,0,0,0,0,0,0,0,0,0,0,0,0,0,0,0,0,0,0,0,0,0,0,0,0,0,0,0,0,0,0,0,0,0,0,0,0
project/sim_ext.py --sim-time 1.5 --seq-graph project/file/graph_15_nodes.json --traffic project/file/traffic_15_nodes_outer_chatting.json --inspection-rate 0.001 --mess-rate 0.002 --algorithm betweenness,0.017874,0,0,0,0,0,0,0,0,0,0,0,0,0,0,0,0,0,0,0,0,0,0,0,0,0,0,0,0,0,0,0,0,0,0,0,0,0,0,0,0,0,0,0,0
project/sim_ext.py --sim-time 1.5 --seq-graph project/file/graph_15_nodes.json --traffic project/file/traffic_15_nodes_outer_chatting.json --inspection-rate 0.001 --mess-rate 0.002 --algorithm betweenness,0.01894,0,0,0,0,0,0,0,0,0,0,0,0,0,0,0,0,0,0,0,0,0,0,0,0,0,0,0,0,0,0,0,0,0,0,0,0,0,0,0,0,0,0,0,0
project/sim_ext.py --sim-time 1.5 --seq-graph project/file/graph_15_nodes.json --traffic project/file/traffic_15_nodes_outer_chatting.json --inspection-rate 0.001 --mess-rate 0.002 --algorithm betweenness,0.020080999999999998,0,0,0,0,0,0,0,0,0,0,0,0,0,0,0,0,0,0,0,0,0,0,0,0,0,0,0,0,0,0,0,0,0,0,0,0,0,0,0,0,0,0,0,0
project/sim_ext.py --sim-time 1.5 --seq-graph project/file/graph_15_nodes.json --traffic project/file/traffic_15_nodes_outer_chatting.json --inspection-rate 0.001 --mess-rate 0.002 --algorithm betweenness,0.02121964921225815,0,0,0,0,0,0,0,0,0,0,0,0,0,0,0,0,0,0,0,0,0,0,0,0,0,0,0,0,0,0,0,0,0,0,0,0,0,0,0,0,0,0,0,0
project/sim_ext.py --sim-time 1.5 --seq-graph project/file/graph_15_nodes.json --traffic project/file/traffic_15_nodes_outer_chatting.json --inspection-rate 0.001 --mess-rate 0.002 --algorithm betweenness,0.022237,0,0,0,0,0,0,0,0,0,0,0,0,0,0,0,0,0,0,0,0,0,0,0,0,0,0,0,0,0,0,0,0,0,0,0,0,0,0,0,0,0,0,0,0
project/sim_ext.py --sim-time 1.5 --seq-graph project/file/graph_15_nodes.json --traffic project/file/traffic_15_nodes_outer_chatting.json --inspection-rate 0.001 --mess-rate 0.002 --algorithm betweenness,0.023264,0,0,0,0,0,0,0,0,0,0,0,0,0,0,0,0,0,0,0,0,0,0,0,0,0,0,0,0,0,0,0,0,0,0,0,0,0,0,0,0,0,0,0,0
project/sim_ext.py --sim-time 1.5 --seq-graph project/file/graph_15_nodes.json --traffic project/file/traffic_15_nodes_outer_chatting.json --inspection-rate 0.001 --mess-rate 0.002 --algorithm betweenness,0.024271,0,0,0,0,0,0,0,0,0,0,0,0,0,0,0,0,0,0,0,0,0,0,0,0,0,0,0,0,0,0,0,0,0,0,0,0,0,0,0,0,0,0,0,0
project/sim_ext.py --sim-time 1.5 --seq-graph project/file/graph_15_nodes.json --traffic project/file/traffic_15_nodes_outer_chatting.json --inspection-rate 0.001 --mess-rate 0.002 --algorithm betweenness,0.025463,0,0,0,0,0,0,0,0,0,0,0,0,0,0,0,0,0,0,0,0,0,0,0,0,0,0,0,0,0,0,0,0,0,0,0,0,0,0,0,0,0,0,0,0
project/sim_ext.py --sim-time 1.5 --seq-graph project/file/graph_15_nodes.json --traffic project/file/traffic_15_nodes_outer_chatting.json --inspection-rate 0.001 --mess-rate 0.002 --algorithm betweenness,0.026824,0,0,0,0,0,0,0,0,0,0,0,0,0,0,0,0,0,0,0,0,0,0,0,0,0,0,0,0,0,0,0,0,0,0,0,0,0,0,0,0,0,0,0,0
project/sim_ext.py --sim-time 1.5 --seq-graph project/file/graph_15_nodes.json --traffic project/file/traffic_15_nodes_outer_chatting.json --inspection-rate 0.001 --mess-rate 0.002 --algorithm betweenness,0.027852,0,0,0,0,0,0,0,0,0,0,0,0,0,0,0,0,0,0,0,0,0,0,0,0,0,0,0,0,0,0,0,0,0,0,0,0,0,0,0,0,0,0,0,0
project/sim_ext.py --sim-time 1.5 --seq-graph project/file/graph_15_nodes.json --traffic project/file/traffic_15_nodes_outer_chatting.json --inspection-rate 0.001 --mess-rate 0.002 --algorithm betweenness,0.029008,0,0,0,0,0,0,0,0,0,0,0,0,0,0,0,0,0,0,0,0,0,0,0,0,0,0,0,0,0,0,0,0,0,0,0,0,0,0,0,0,0,0,0,0
project/sim_ext.py --sim-time 1.5 --seq-graph project/file/graph_15_nodes.json --traffic project/file/traffic_15_nodes_outer_chatting.json --inspection-rate 0.001 --mess-rate 0.002 --algorithm betweenness,0.030015,0,0,0,0,0,0,0,0,0,0,0,0,0,0,0,0,0,0,0,0,0,0,0,0,0,0,0,0,0,0,0,0,0,0,0,0,0,0,0,0,0,0,0,0
project/sim_ext.py --sim-time 1.5 --seq-graph project/file/graph_15_nodes.json --traffic project/file/traffic_15_nodes_outer_chatting.json --inspection-rate 0.001 --mess-rate 0.002 --algorithm betweenness,0.031017,0,0,0,0,0,0,0,0,0,0,0,0,0,0,0,0,0,0,0,0,0,0,0,0,0,0,0,0,0,0,0,0,0,0,0,0,0,0,0,0,0,0,0,0
project/sim_ext.py --sim-time 1.5 --seq-graph project/file/graph_15_nodes.json --traffic project/file/traffic_15_nodes_outer_chatting.json --inspection-rate 0.001 --mess-rate 0.002 --algorithm betweenness,0.03212935497003305,0,0,0,0,0,0,0,0,0,0,0,0,0,0,0,0,0,0,0,0,0,0,0,0,0,0,0,0,0,0,0,0,0,0,0,0,0,0,0,0,0,0,0,0
project/sim_ext.py --sim-time 1.5 --seq-graph project/file/graph_15_nodes.json --traffic project/file/traffic_15_nodes_outer_chatting.json --inspection-rate 0.001 --mess-rate 0.002 --algorithm betweenness,0.033172,0,0,0,0,0,0,0,0,0,0,0,0,0,0,0,0,0,0,0,0,0,0,0,0,0,0,0,0,0,0,0,0,0,0,0,0,0,0,0,0,0,0,0,0
project/sim_ext.py --sim-time 1.5 --seq-graph project/file/graph_15_nodes.json --traffic project/file/traffic_15_nodes_outer_chatting.json --inspection-rate 0.001 --mess-rate 0.002 --algorithm betweenness,0.03431,0,0,0,0,0,0,0,0,0,0,0,0,0,0,0,0,0,0,0,0,0,0,0,0,0,0,0,0,0,0,0,0,0,0,0,0,0,0,0,0,0,0,0,0
project/sim_ext.py --sim-time 1.5 --seq-graph project/file/graph_15_nodes.json --traffic project/file/traffic_15_nodes_outer_chatting.json --inspection-rate 0.001 --mess-rate 0.002 --algorithm betweenness,0.035332999999999996,0,0,0,0,0,0,0,0,0,0,0,0,0,0,0,0,0,0,0,0,0,0,0,0,0,0,0,0,0,0,0,0,0,0,0,0,0,0,0,0,0,0,0,0
project/sim_ext.py --sim-time 1.5 --seq-graph project/file/graph_15_nodes.json --traffic project/file/traffic_15_nodes_outer_chatting.json --inspection-rate 0.001 --mess-rate 0.002 --algorithm betweenness,0.036359,0,0,0,0,0,0,0,0,0,0,0,0,0,0,0,0,0,0,0,0,0,0,0,0,0,0,0,0,0,0,0,0,0,0,0,0,0,0,0,0,0,0,0,0
project/sim_ext.py --sim-time 1.5 --seq-graph project/file/graph_15_nodes.json --traffic project/file/traffic_15_nodes_outer_chatting.json --inspection-rate 0.001 --mess-rate 0.002 --algorithm betweenness,0.037511,0,0,0,0,0,0,0,0,0,0,0,0,0,0,0,0,0,0,0,0,0,0,0,0,0,0,0,0,0,0,0,0,0,0,0,0,0,0,0,0,0,0,0,0
project/sim_ext.py --sim-time 1.5 --seq-graph project/file/graph_15_nodes.json --traffic project/file/traffic_15_nodes_outer_chatting.json --inspection-rate 0.001 --mess-rate 0.002 --algorithm betweenness,0.038635,0,0,0,0,0,0,0,0,0,0,0,0,0,0,0,0,0,0,0,0,0,0,0,0,0,0,0,0,0,0,0,0,0,0,0,0,0,0,0,0,0,0,0,0
project/sim_ext.py --sim-time 1.5 --seq-graph project/file/graph_15_nodes.json --traffic project/file/traffic_15_nodes_outer_chatting.json --inspection-rate 0.001 --mess-rate 0.002 --algorithm betweenness,0.039720092807538236,0,0,0,0,0,0,0,0,0,0,0,0,0,0,0,0,0,0,0,0,0,0,0,0,0,0,0,0,0,0,0,0,0,0,0,0,0,0,0,0,0,0,0,0
project/sim_ext.py --sim-time 1.5 --seq-graph project/file/graph_15_nodes.json --traffic project/file/traffic_15_nodes_outer_chatting.json --inspection-rate 0.001 --mess-rate 0.002 --algorithm betweenness,0.040832,0,0,0,0,0,0,0,0,0,0,0,0,0,0,0,0,0,0,0,0,0,0,0,0,0,0,0,0,0,0,0,0,0,0,0,0,0,0,0,0,0,0,0,0
project/sim_ext.py --sim-time 1.5 --seq-graph project/file/graph_15_nodes.json --traffic project/file/traffic_15_nodes_outer_chatting.json --inspection-rate 0.001 --mess-rate 0.002 --algorithm betweenness,0.042047,0,0,0,0,0,0,0,0,0,0,0,0,0,0,0,0,0,0,0,0,0,0,0,0,0,0,0,0,0,0,0,0,0,0,0,0,0,0,0,0,0,0,0,0
project/sim_ext.py --sim-time 1.5 --seq-graph project/file/graph_15_nodes.json --traffic project/file/traffic_15_nodes_outer_chatting.json --inspection-rate 0.001 --mess-rate 0.002 --algorithm betweenness,0.04311366062418121,0,0,0,0,0,0,0,0,0,0,0,0,0,0,0,0,0,0,0,0,0,0,0,0,0,0,0,0,0,0,0,0,0,0,0,0,0,0,0,0,0,0,0,0
project/sim_ext.py --sim-time 1.5 --seq-graph project/file/graph_15_nodes.json --traffic project/file/traffic_15_nodes_outer_chatting.json --inspection-rate 0.001 --mess-rate 0.002 --algorithm betweenness,0.044149,0,0,0,0,0,0,0,0,0,0,0,0,0,0,0,0,0,0,0,0,0,0,0,0,0,0,0,0,0,0,0,0,0,0,0,0,0,0,0,0,0,0,0,0
project/sim_ext.py --sim-time 1.5 --seq-graph project/file/graph_15_nodes.json --traffic project/file/traffic_15_nodes_outer_chatting.json --inspection-rate 0.001 --mess-rate 0.002 --algorithm betweenness,0.045195,0,0,0,0,0,0,0,0,0,0,0,0,0,0,0,0,0,0,0,0,0,0,0,0,0,0,0,0,0,0,0,0,0,0,0,0,0,0,0,0,0,0,0,0
project/sim_ext.py --sim-time 1.5 --seq-graph project/file/graph_15_nodes.json --traffic project/file/traffic_15_nodes_outer_chatting.json --inspection-rate 0.001 --mess-rate 0.002 --algorithm betweenness,0.046224,0,0,0,0,0,0,0,0,0,0,0,0,0,0,0,0,0,0,0,0,0,0,0,0,0,0,0,0,0,0,0,0,0,0,0,0,0,0,0,0,0,0,0,0
project/sim_ext.py --sim-time 1.5 --seq-graph project/file/graph_15_nodes.json --traffic project/file/traffic_15_nodes_outer_chatting.json --inspection-rate 0.001 --mess-rate 0.002 --algorithm betweenness,0.04742,0,0,0,0,0,0,0,0,0,0,0,0,0,0,0,0,0,0,0,0,0,0,0,0,0,0,0,0,0,0,0,0,0,0,0,0,0,0,0,0,0,0,0,0
project/sim_ext.py --sim-time 1.5 --seq-graph project/file/graph_15_nodes.json --traffic project/file/traffic_15_nodes_outer_chatting.json --inspection-rate 0.001 --mess-rate 0.002 --algorithm betweenness,0.04872,0,0,0,0,0,0,0,0,0,0,0,0,0,0,0,0,0,0,0,0,0,0,0,0,0,0,0,0,0,0,0,0,0,0,0,0,0,0,0,0,0,0,0,0
project/sim_ext.py --sim-time 1.5 --seq-graph project/file/graph_15_nodes.json --traffic project/file/traffic_15_nodes_outer_chatting.json --inspection-rate 0.001 --mess-rate 0.002 --algorithm betweenness,0.049777,0,0,0,0,0,0,0,0,0,0,0,0,0,0,0,0,0,0,0,0,0,0,0,0,0,0,0,0,0,0,0,0,0,0,0,0,0,0,0,0,0,0,0,0
project/sim_ext.py --sim-time 1.5 --seq-graph project/file/graph_15_nodes.json --traffic project/file/traffic_15_nodes_outer_chatting.json --inspection-rate 0.001 --mess-rate 0.002 --algorithm betweenness,0.050814000001,0,0,0,0,0,0,0,0,0,0,0,0,0,0,0,0,0,0,0,0,0,0,0,0,0,0,0,0,0,0,0,0,0,0,0,0,0,0,0,0,0,0,0,0
project/sim_ext.py --sim-time 1.5 --seq-graph project/file/graph_15_nodes.json --traffic project/file/traffic_15_nodes_outer_chatting.json --inspection-rate 0.001 --mess-rate 0.002 --algorithm betweenness,0.052120000001,0,0,0,0,0,0,0,0,0,0,0,0,0,0,0,0,0,0,0,0,0,0,0,0,0,0,0,0,0,0,0,0,0,0,0,0,0,0,0,0,0,0,0,0
project/sim_ext.py --sim-time 1.5 --seq-graph project/file/graph_15_nodes.json --traffic project/file/traffic_15_nodes_outer_chatting.json --inspection-rate 0.001 --mess-rate 0.002 --algorithm betweenness,0.053210000001,0,0,0,0,0,0,0,0,0,0,0,0,0,0,0,0,0,0,0,0,0,0,0,0,0,0,0,0,0,0,0,0,0,0,0,0,0,0,0,0,0,0,0,0
project/sim_ext.py --sim-time 1.5 --seq-graph project/file/graph_15_nodes.json --traffic project/file/traffic_15_nodes_outer_chatting.json --inspection-rate 0.001 --mess-rate 0.002 --algorithm betweenness,0.054252000001,0,0,0,0,0,0,0,0,0,0,0,0,0,0,0,0,0,0,0,0,0,0,0,0,0,0,0,0,0,0,0,0,0,0,0,0,0,0,0,0,0,0,0,0
project/sim_ext.py --sim-time 1.5 --seq-graph project/file/graph_15_nodes.json --traffic project/file/traffic_15_nodes_outer_chatting.json --inspection-rate 0.001 --mess-rate 0.002 --algorithm betweenness,0.055355000001,0,0,0,0,0,0,0,0,0,0,0,0,0,0,0,0,0,0,0,0,0,0,0,0,0,0,0,0,0,0,0,0,0,0,0,0,0,0,0,0,0,0,0,0
project/sim_ext.py --sim-time 1.5 --seq-graph project/file/graph_15_nodes.json --traffic project/file/traffic_15_nodes_outer_chatting.json --inspection-rate 0.001 --mess-rate 0.002 --algorithm betweenness,0.056494000001,0,0,0,0,0,0,0,0,0,0,0,0,0,0,0,0,0,0,0,0,0,0,0,0,0,0,0,0,0,0,0,0,0,0,0,0,0,0,0,0,0,0,0,0
project/sim_ext.py --sim-time 1.5 --seq-graph project/file/graph_15_nodes.json --traffic project/file/traffic_15_nodes_outer_chatting.json --inspection-rate 0.001 --mess-rate 0.002 --algorithm betweenness,0.057566000001,0,0,0,0,0,0,0,0,0,0,0,0,0,0,0,0,0,0,0,0,0,0,0,0,0,0,0,0,0,0,0,0,0,0,0,0,0,0,0,0,0,0,0,0
project/sim_ext.py --sim-time 1.5 --seq-graph project/file/graph_15_nodes.json --traffic project/file/traffic_15_nodes_outer_chatting.json --inspection-rate 0.001 --mess-rate 0.002 --algorithm betweenness,0.058668000001,0,0,0,0,0,0,0,0,0,0,0,0,0,0,0,0,0,0,0,0,0,0,0,0,0,0,0,0,0,0,0,0,0,0,0,0,0,0,0,0,0,0,0,0
project/sim_ext.py --sim-time 1.5 --seq-graph project/file/graph_15_nodes.json --traffic project/file/traffic_15_nodes_outer_chatting.json --inspection-rate 0.001 --mess-rate 0.002 --algorithm betweenness,0.05973673249632942,0,0,0,0,0,0,0,0,0,0,0,0,0,0,0,0,0,0,0,0,0,0,0,0,0,0,0,0,0,0,0,0,0,0,0,0,0,0,0,0,0,0,0,0
project/sim_ext.py --sim-time 1.5 --seq-graph project/file/graph_15_nodes.json --traffic project/file/traffic_15_nodes_outer_chatting.json --inspection-rate 0.001 --mess-rate 0.002 --algorithm betweenness,0.060918000001,0,0,0,0,0,0,0,0,0,0,0,0,0,0,0,0,0,0,0,0,0,0,0,0,0,0,0,0,0,0,0,0,0,0,0,0,0,0,0,0,0,0,0,0
project/sim_ext.py --sim-time 1.5 --seq-graph project/file/graph_15_nodes.json --traffic project/file/traffic_15_nodes_outer_chatting.json --inspection-rate 0.001 --mess-rate 0.002 --algorithm betweenness,0.062077687529414866,0,0,0,0,0,0,0,0,0,0,0,0,0,0,0,0,0,0,0,0,0,0,0,0,0,0,0,0,0,0,0,0,0,0,0,0,0,0,0,0,0,0,0,0
project/sim_ext.py --sim-time 1.5 --seq-graph project/file/graph_15_nodes.json --traffic project/file/traffic_15_nodes_outer_chatting.json --inspection-rate 0.001 --mess-rate 0.002 --algorithm betweenness,0.063297000001,0,0,0,0,0,0,0,0,0,0,0,0,0,0,0,0,0,0,0,0,0,0,0,0,0,0,0,0,0,0,0,0,0,0,0,0,0,0,0,0,0,0,0,0
project/sim_ext.py --sim-time 1.5 --seq-graph project/file/graph_15_nodes.json --traffic project/file/traffic_15_nodes_outer_chatting.json --inspection-rate 0.001 --mess-rate 0.002 --algorithm betweenness,0.06432829842178425,0,0,0,0,0,0,0,0,0,0,0,0,0,0,0,0,0,0,0,0,0,0,0,0,0,0,0,0,0,0,0,0,0,0,0,0,0,0,0,0,0,0,0,0
project/sim_ext.py --sim-time 1.5 --seq-graph project/file/graph_15_nodes.json --traffic project/file/traffic_15_nodes_outer_chatting.json --inspection-rate 0.001 --mess-rate 0.002 --algorithm betweenness,0.06533200000099999,0,0,0,0,0,0,0,0,0,0,0,0,0,0,0,0,0,0,0,0,0,0,0,0,0,0,0,0,0,0,0,0,0,0,0,0,0,0,0,0,0,0,0,0
project/sim_ext.py --sim-time 1.5 --seq-graph project/file/graph_15_nodes.json --traffic project/file/traffic_15_nodes_outer_chatting.json --inspection-rate 0.001 --mess-rate 0.002 --algorithm betweenness,0.066367000001,0,0,0,0,0,0,0,0,0,0,0,0,0,0,0,0,0,0,0,0,0,0,0,0,0,0,0,0,0,0,0,0,0,0,0,0,0,0,0,0,0,0,0,0
project/sim_ext.py --sim-time 1.5 --seq-graph project/file/graph_15_nodes.json --traffic project/file/traffic_15_nodes_outer_chatting.json --inspection-rate 0.001 --mess-rate 0.002 --algorithm betweenness,0.067429000001,0,0,0,0,0,0,0,0,0,0,0,0,0,0,0,0,0,0,0,0,0,0,0,0,0,0,0,0,0,0,0,0,0,0,0,0,0,0,0,0,0,0,0,0
project/sim_ext.py --sim-time 1.5 --seq-graph project/file/graph_15_nodes.json --traffic project/file/traffic_15_nodes_outer_chatting.json --inspection-rate 0.001 --mess-rate 0.002 --algorithm betweenness,0.068463000001,0,0,0,0,0,0,0,0,0,0,0,0,0,0,0,0,0,0,0,0,0,0,0,0,0,0,0,0,0,0,0,0,0,0,0,0,0,0,0,0,0,0,0,0
project/sim_ext.py --sim-time 1.5 --seq-graph project/file/graph_15_nodes.json --traffic project/file/traffic_15_nodes_outer_chatting.json --inspection-rate 0.001 --mess-rate 0.002 --algorithm betweenness,0.06955839492493421,0,0,0,0,0,0,0,0,0,0,0,0,0,0,0,0,0,0,0,0,0,0,0,0,0,0,0,0,0,0,0,0,0,0,0,0,0,0,0,0,0,0,0,0
project/sim_ext.py --sim-time 1.5 --seq-graph project/file/graph_15_nodes.json --traffic project/file/traffic_15_nodes_outer_chatting.json --inspection-rate 0.001 --mess-rate 0.002 --algorithm betweenness,0.070639000001,0,0,0,0,0,0,0,0,0,0,0,0,0,0,0,0,0,0,0,0,0,0,0,0,0,0,0,0,0,0,0,0,0,0,0,0,0,0,0,0,0,0,0,0
project/sim_ext.py --sim-time 1.5 --seq-graph project/file/graph_15_nodes.json --traffic project/file/traffic_15_nodes_outer_chatting.json --inspection-rate 0.001 --mess-rate 0.002 --algorithm betweenness,0.071746000001,0,0,0,0,0,0,0,0,0,0,0,0,0,0,0,0,0,0,0,0,0,0,0,0,0,0,0,0,0,0,0,0,0,0,0,0,0,0,0,0,0,0,0,0
project/sim_ext.py --sim-time 1.5 --seq-graph project/file/graph_15_nodes.json --traffic project/file/traffic_15_nodes_outer_chatting.json --inspection-rate 0.001 --mess-rate 0.002 --algorithm betweenness,0.072975000001,0,0,0,0,0,0,0,0,0,0,0,0,0,0,0,0,0,0,0,0,0,0,0,0,0,0,0,0,0,0,0,0,0,0,0,0,0,0,0,0,0,0,0,0
project/sim_ext.py --sim-time 1.5 --seq-graph project/file/graph_15_nodes.json --traffic project/file/traffic_15_nodes_outer_chatting.json --inspection-rate 0.001 --mess-rate 0.002 --algorithm betweenness,0.074191000001,0,0,0,0,0,0,0,0,0,0,0,0,0,0,0,0,0,0,0,0,0,0,0,0,0,0,0,0,0,0,0,0,0,0,0,0,0,0,0,0,0,0,0,0
project/sim_ext.py --sim-time 1.5 --seq-graph project/file/graph_15_nodes.json --traffic project/file/traffic_15_nodes_outer_chatting.json --inspection-rate 0.001 --mess-rate 0.002 --algorithm betweenness,0.075307000001,0,0,0,0,0,0,0,0,0,0,0,0,0,0,0,0,0,0,0,0,0,0,0,0,0,0,0,0,0,0,0,0,0,0,0,0,0,0,0,0,0,0,0,0
project/sim_ext.py --sim-time 1.5 --seq-graph project/file/graph_15_nodes.json --traffic project/file/traffic_15_nodes_outer_chatting.json --inspection-rate 0.001 --mess-rate 0.002 --algorithm betweenness,0.076344000001,0,0,0,0,0,0,0,0,0,0,0,0,0,0,0,0,0,0,0,0,0,0,0,0,0,0,0,0,0,0,0,0,0,0,0,0,0,0,0,0,0,0,0,0
project/sim_ext.py --sim-time 1.5 --seq-graph project/file/graph_15_nodes.json --traffic project/file/traffic_15_nodes_outer_chatting.json --inspection-rate 0.001 --mess-rate 0.002 --algorithm betweenness,0.077423000001,0,0,0,0,0,0,0,0,0,0,0,0,0,0,0,0,0,0,0,0,0,0,0,0,0,0,0,0,0,0,0,0,0,0,0,0,0,0,0,0,0,0,0,0
project/sim_ext.py --sim-time 1.5 --seq-graph project/file/graph_15_nodes.json --traffic project/file/traffic_15_nodes_outer_chatting.json --inspection-rate 0.001 --mess-rate 0.002 --algorithm betweenness,0.078508000001,0,0,0,0,0,0,0,0,0,0,0,0,0,0,0,0,0,0,0,0,0,0,0,0,0,0,0,0,0,0,0,0,0,0,0,0,0,0,0,0,0,0,0,0
project/sim_ext.py --sim-time 1.5 --seq-graph project/file/graph_15_nodes.json --traffic project/file/traffic_15_nodes_outer_chatting.json --inspection-rate 0.001 --mess-rate 0.002 --algorithm betweenness,0.079521000001,0,0,0,0,0,0,0,0,0,0,0,0,0,0,0,0,0,0,0,0,0,0,0,0,0,0,0,0,0,0,0,0,0,0,0,0,0,0,0,0,0,0,0,0
project/sim_ext.py --sim-time 1.5 --seq-graph project/file/graph_15_nodes.json --traffic project/file/traffic_15_nodes_outer_chatting.json --inspection-rate 0.001 --mess-rate 0.002 --algorithm betweenness,0.080561000001,0,0,0,0,0,0,0,0,0,0,0,0,0,0,0,0,0,0,0,0,0,0,0,0,0,0,0,0,0,0,0,0,0,0,0,0,0,0,0,0,0,0,0,0
project/sim_ext.py --sim-time 1.5 --seq-graph project/file/graph_15_nodes.json --traffic project/file/traffic_15_nodes_outer_chatting.json --inspection-rate 0.001 --mess-rate 0.002 --algorithm betweenness,0.081776000001,0,0,0,0,0,0,0,0,0,0,0,0,0,0,0,0,0,0,0,0,0,0,0,0,0,0,0,0,0,0,0,0,0,0,0,0,0,0,0,0,0,0,0,0
project/sim_ext.py --sim-time 1.5 --seq-graph project/file/graph_15_nodes.json --traffic project/file/traffic_15_nodes_outer_chatting.json --inspection-rate 0.001 --mess-rate 0.002 --algorithm betweenness,0.082796000001,0,0,0,0,0,0,0,0,0,0,0,0,0,0,0,0,0,0,0,0,0,0,0,0,0,0,0,0,0,0,0,0,0,0,0,0,0,0,0,0,0,0,0,0
project/sim_ext.py --sim-time 1.5 --seq-graph project/file/graph_15_nodes.json --traffic project/file/traffic_15_nodes_outer_chatting.json --inspection-rate 0.001 --mess-rate 0.002 --algorithm betweenness,0.083811000001,0,0,0,0,0,0,0,0,0,0,0,0,0,0,0,0,0,0,0,0,0,0,0,0,0,0,0,0,0,0,0,0,0,0,0,0,0,0,0,0,0,0,0,0
project/sim_ext.py --sim-time 1.5 --seq-graph project/file/graph_15_nodes.json --traffic project/file/traffic_15_nodes_outer_chatting.json --inspection-rate 0.001 --mess-rate 0.002 --algorithm betweenness,0.085061000001,0,0,0,0,0,0,0,0,0,0,0,0,0,0,0,0,0,0,0,0,0,0,0,0,0,0,0,0,0,0,0,0,0,0,0,0,0,0,0,0,0,0,0,0
project/sim_ext.py --sim-time 1.5 --seq-graph project/file/graph_15_nodes.json --traffic project/file/traffic_15_nodes_outer_chatting.json --inspection-rate 0.001 --mess-rate 0.002 --algorithm betweenness,0.086086000001,0,0,0,0,0,0,0,0,0,0,0,0,0,0,0,0,0,0,0,0,0,0,0,0,0,0,0,0,0,0,0,0,0,0,0,0,0,0,0,0,0,0,0,0
project/sim_ext.py --sim-time 1.5 --seq-graph project/file/graph_15_nodes.json --traffic project/file/traffic_15_nodes_outer_chatting.json --inspection-rate 0.001 --mess-rate 0.002 --algorithm betweenness,0.087157000001,0,0,0,0,0,0,0,0,0,0,0,0,0,0,0,0,0,0,0,0,0,0,0,0,0,0,0,0,0,0,0,0,0,0,0,0,0,0,0,0,0,0,0,0
project/sim_ext.py --sim-time 1.5 --seq-graph project/file/graph_15_nodes.json --traffic project/file/traffic_15_nodes_outer_chatting.json --inspection-rate 0.001 --mess-rate 0.002 --algorithm betweenness,0.088309000001,0,0,0,0,0,0,0,0,0,0,0,0,0,0,0,0,0,0,0,0,0,0,0,0,0,0,0,0,0,0,0,0,0,0,0,0,0,0,0,0,0,0,0,0
project/sim_ext.py --sim-time 1.5 --seq-graph project/file/graph_15_nodes.json --traffic project/file/traffic_15_nodes_outer_chatting.json --inspection-rate 0.001 --mess-rate 0.002 --algorithm betweenness,0.0894622725476511,0,0,0,0,0,0,0,0,0,0,0,0,0,0,0,0,0,0,0,0,0,0,0,0,0,0,0,0,0,0,0,0,0,0,0,0,0,0,0,0,0,0,0,0
project/sim_ext.py --sim-time 1.5 --seq-graph project/file/graph_15_nodes.json --traffic project/file/traffic_15_nodes_outer_chatting.json --inspection-rate 0.001 --mess-rate 0.002 --algorithm betweenness,0.09047345055781425,0,0,0,0,0,0,0,0,0,0,0,0,0,0,0,0,0,0,0,0,0,0,0,0,0,0,0,0,0,0,0,0,0,0,0,0,0,0,0,0,0,0,0,0
project/sim_ext.py --sim-time 1.5 --seq-graph project/file/graph_15_nodes.json --traffic project/file/traffic_15_nodes_outer_chatting.json --inspection-rate 0.001 --mess-rate 0.002 --algorithm betweenness,0.09154239999699999,80,66,72,66,61,80,80,80,66,80,66,69,59,65,72,80,66,72,73,80,0,60,66,72,63,80,58,59,69,73,63,80,59,80,80,80,58,59,65,0,59,61,60,59
project/sim_ext.py --sim-time 1.5 --seq-graph project/file/graph_15_nodes.json --traffic project/file/traffic_15_nodes_outer_chatting.json --inspection-rate 0.001 --mess-rate 0.002 --algorithm betweenness,0.092831000001,80,65,70,65,58,80,80,80,65,80,66,67,53,59,70,80,66,72,73,80,0,58,65,72,63,80,57,59,67,73,63,80,59,80,80,80,57,53,59,0,59,58,58,59
project/sim_ext.py --sim-time 1.5 --seq-graph project/file/graph_15_nodes.json --traffic project/file/traffic_15_nodes_outer_chatting.json --inspection-rate 0.001 --mess-rate 0.002 --algorithm betweenness,0.093978000001,80,65,70,65,58,80,80,80,65,80,66,67,53,59,70,80,66,72,73,80,0,58,65,72,63,80,57,59,67,73,63,80,59,80,80,80,57,53,59,0,59,58,58,59
project/sim_ext.py --sim-time 1.5 --seq-graph project/file/graph_15_nodes.json --traffic project/file/traffic_15_nodes_outer_chatting.json --inspection-rate 0.001 --mess-rate 0.002 --algorithm betweenness,0.095185999997,80,65,70,65,58,80,80,80,65,80,66,67,53,59,70,80,66,72,73,80,0,58,65,72,63,80,57,59,67,73,63,80,59,80,80,80,57,53,59,0,59,58,58,59
project/sim_ext.py --sim-time 1.5 --seq-graph project/file/graph_15_nodes.json --traffic project/file/traffic_15_nodes_outer_chatting.json --inspection-rate 0.001 --mess-rate 0.002 --algorithm betweenness,0.09624199999699999,80,65,70,65,58,80,80,80,65,80,66,67,53,59,70,80,66,72,73,80,0,58,65,72,63,80,57,59,67,73,63,80,59,80,80,80,57,53,59,0,59,58,58,59
project/sim_ext.py --sim-time 1.5 --seq-graph project/file/graph_15_nodes.json --traffic project/file/traffic_15_nodes_outer_chatting.json --inspection-rate 0.001 --mess-rate 0.002 --algorithm betweenness,0.097351000001,80,65,70,65,58,80,80,80,65,80,66,67,53,59,70,80,66,72,73,80,0,58,65,72,63,80,57,59,67,73,63,80,59,80,80,80,57,53,59,0,59,58,58,59
project/sim_ext.py --sim-time 1.5 --seq-graph project/file/graph_15_nodes.json --traffic project/file/traffic_15_nodes_outer_chatting.json --inspection-rate 0.001 --mess-rate 0.002 --algorithm betweenness,0.098490000001,80,65,70,65,58,80,80,80,65,80,66,67,53,59,70,80,66,72,73,80,0,58,65,72,63,80,57,59,67,73,63,80,59,80,80,80,57,53,59,0,59,58,58,59
project/sim_ext.py --sim-time 1.5 --seq-graph project/file/graph_15_nodes.json --traffic project/file/traffic_15_nodes_outer_chatting.json --inspection-rate 0.001 --mess-rate 0.002 --algorithm betweenness,0.0996817921863652,80,65,70,65,58,80,80,80,65,80,66,67,53,59,70,80,66,72,73,80,0,58,65,72,63,80,57,59,67,73,63,80,59,80,80,80,57,53,59,0,59,58,58,59
project/sim_ext.py --sim-time 1.5 --seq-graph project/file/graph_15_nodes.json --traffic project/file/traffic_15_nodes_outer_chatting.json --inspection-rate 0.001 --mess-rate 0.002 --algorithm betweenness,0.100696000001,80,65,70,65,58,80,80,80,65,80,66,67,53,59,70,80,66,72,73,80,0,58,65,72,63,80,57,59,67,73,63,80,59,80,80,80,57,53,59,0,59,58,58,59
project/sim_ext.py --sim-time 1.5 --seq-graph project/file/graph_15_nodes.json --traffic project/file/traffic_15_nodes_outer_chatting.json --inspection-rate 0.001 --mess-rate 0.002 --algorithm betweenness,0.101797000001,80,65,70,65,58,80,80,80,65,80,66,67,53,59,70,80,66,72,73,80,0,58,65,72,63,80,57,59,67,73,63,80,59,80,80,80,57,53,59,0,59,58,58,59
project/sim_ext.py --sim-time 1.5 --seq-graph project/file/graph_15_nodes.json --traffic project/file/traffic_15_nodes_outer_chatting.json --inspection-rate 0.001 --mess-rate 0.002 --algorithm betweenness,0.10298579514844679,80,65,70,65,58,80,80,80,65,80,66,67,53,59,70,80,66,72,73,80,0,58,65,72,63,80,57,59,67,73,63,80,59,80,80,80,57,53,59,0,59,58,58,59
project/sim_ext.py --sim-time 1.5 --seq-graph project/file/graph_15_nodes.json --traffic project/file/traffic_15_nodes_outer_chatting.json --inspection-rate 0.001 --mess-rate 0.002 --algorithm betweenness,0.10404187547529237,80,65,70,65,58,80,80,80,65,80,66,67,53,59,70,80,66,72,73,80,0,58,65,72,63,80,57,59,67,73,63,80,59,80,80,80,57,53,59,0,59,58,58,59
project/sim_ext.py --sim-time 1.5 --seq-graph project/file/graph_15_nodes.json --traffic project/file/traffic_15_nodes_outer_chatting.json --inspection-rate 0.001 --mess-rate 0.002 --algorithm betweenness,0.105197000001,80,65,70,65,58,80,80,80,65,80,66,67,53,59,70,80,66,72,73,80,0,58,65,72,63,80,57,59,67,73,63,80,59,80,80,80,57,53,59,0,59,58,58,59
project/sim_ext.py --sim-time 1.5 --seq-graph project/file/graph_15_nodes.json --traffic project/file/traffic_15_nodes_outer_chatting.json --inspection-rate 0.001 --mess-rate 0.002 --algorithm betweenness,0.10626700000099999,80,65,70,65,58,80,80,80,65,80,66,67,53,59,70,80,66,72,73,80,0,58,65,72,63,80,57,59,67,73,63,80,59,80,80,80,57,53,59,0,59,58,58,59
project/sim_ext.py --sim-time 1.5 --seq-graph project/file/graph_15_nodes.json --traffic project/file/traffic_15_nodes_outer_chatting.json --inspection-rate 0.001 --mess-rate 0.002 --algorithm betweenness,0.107315000001,80,65,70,65,58,80,80,80,65,80,66,67,53,59,70,80,66,72,73,80,0,58,65,72,63,80,57,59,67,73,63,80,59,80,80,80,57,53,59,0,59,58,58,59
project/sim_ext.py --sim-time 1.5 --seq-graph project/file/graph_15_nodes.json --traffic project/file/traffic_15_nodes_outer_chatting.json --inspection-rate 0.001 --mess-rate 0.002 --algorithm betweenness,0.108410000001,80,65,70,65,58,80,80,80,65,80,66,67,53,59,70,80,66,72,73,80,0,58,65,72,63,80,57,59,67,73,63,80,59,80,80,80,57,53,59,0,59,58,58,59
project/sim_ext.py --sim-time 1.5 --seq-graph project/file/graph_15_nodes.json --traffic project/file/traffic_15_nodes_outer_chatting.json --inspection-rate 0.001 --mess-rate 0.002 --algorithm betweenness,0.109731000001,80,65,70,65,58,80,80,80,65,80,66,67,53,59,70,80,66,72,73,80,0,58,65,72,63,80,57,59,67,73,63,80,59,80,80,80,57,53,59,0,59,58,58,59
project/sim_ext.py --sim-time 1.5 --seq-graph project/file/graph_15_nodes.json --traffic project/file/traffic_15_nodes_outer_chatting.json --inspection-rate 0.001 --mess-rate 0.002 --algorithm betweenness,0.110853000001,80,65,70,65,58,80,80,80,65,80,66,67,53,59,70,80,66,72,73,80,0,58,65,72,63,80,57,59,67,73,63,80,59,80,80,80,57,53,59,0,59,58,58,59
project/sim_ext.py --sim-time 1.5 --seq-graph project/file/graph_15_nodes.json --traffic project/file/traffic_15_nodes_outer_chatting.json --inspection-rate 0.001 --mess-rate 0.002 --algorithm betweenness,0.111951000001,80,65,70,65,58,80,80,80,65,80,66,67,53,59,70,80,66,72,73,80,0,58,65,72,63,80,57,59,67,73,63,80,59,80,80,80,57,53,59,0,59,58,58,59
project/sim_ext.py --sim-time 1.5 --seq-graph project/file/graph_15_nodes.json --traffic project/file/traffic_15_nodes_outer_chatting.json --inspection-rate 0.001 --mess-rate 0.002 --algorithm betweenness,0.112960000001,80,65,70,65,58,80,80,80,65,80,66,67,53,59,70,80,66,72,73,80,0,58,65,72,63,80,57,59,67,73,63,80,59,80,80,80,57,53,59,0,59,58,58,59
project/sim_ext.py --sim-time 1.5 --seq-graph project/file/graph_15_nodes.json --traffic project/file/traffic_15_nodes_outer_chatting.json --inspection-rate 0.001 --mess-rate 0.002 --algorithm betweenness,0.11396672420471843,80,65,70,65,58,80,80,80,65,80,66,67,53,59,70,80,66,72,73,80,0,58,65,72,63,80,57,59,67,73,63,80,59,80,80,80,57,53,59,0,59,58,58,59
project/sim_ext.py --sim-time 1.5 --seq-graph project/file/graph_15_nodes.json --traffic project/file/traffic_15_nodes_outer_chatting.json --inspection-rate 0.001 --mess-rate 0.002 --algorithm betweenness,0.11497196918281344,80,65,70,65,58,80,80,80,65,80,66,67,53,59,70,80,66,72,73,80,0,58,65,72,63,80,57,59,67,73,63,80,59,80,80,80,57,53,59,0,59,58,58,59
project/sim_ext.py --sim-time 1.5 --seq-graph project/file/graph_15_nodes.json --traffic project/file/traffic_15_nodes_outer_chatting.json --inspection-rate 0.001 --mess-rate 0.002 --algorithm betweenness,0.11599511995758434,80,65,70,65,58,80,80,80,65,80,66,67,53,59,70,80,66,72,73,80,0,58,65,72,63,80,57,59,67,73,63,80,59,80,80,80,57,53,59,0,59,58,58,59
project/sim_ext.py --sim-time 1.5 --seq-graph project/file/graph_15_nodes.json --traffic project/file/traffic_15_nodes_outer_chatting.json --inspection-rate 0.001 --mess-rate 0.002 --algorithm betweenness,0.117002000001,80,65,70,65,58,80,80,80,65,80,66,67,53,59,70,80,66,72,73,80,0,58,65,72,63,80,57,59,67,73,63,80,59,80,80,80,57,53,59,0,59,58,58,59
project/sim_ext.py --sim-time 1.5 --seq-graph project/file/graph_15_nodes.json --traffic project/file/traffic_15_nodes_outer_chatting.json --inspection-rate 0.001 --mess-rate 0.002 --algorithm betweenness,0.118091000001,80,65,70,65,58,80,80,80,65,80,66,67,53,59,70,80,66,72,73,80,0,58,65,72,63,80,57,59,67,73,63,80,59,80,80,80,57,53,59,0,59,58,58,59
project/sim_ext.py --sim-time 1.5 --seq-graph project/file/graph_15_nodes.json --traffic project/file/traffic_15_nodes_outer_chatting.json --inspection-rate 0.001 --mess-rate 0.002 --algorithm betweenness,0.119244000001,80,65,70,65,58,80,80,80,65,80,66,67,53,59,70,80,66,72,73,80,0,58,65,72,63,80,57,59,67,73,63,80,59,80,80,80,57,53,59,0,59,58,58,59
project/sim_ext.py --sim-time 1.5 --seq-graph project/file/graph_15_nodes.json --traffic project/file/traffic_15_nodes_outer_chatting.json --inspection-rate 0.001 --mess-rate 0.002 --algorithm betweenness,0.120272000001,80,65,70,65,58,80,80,80,65,80,66,67,53,59,70,80,66,72,73,80,0,58,65,72,63,80,57,59,67,73,63,80,59,80,80,80,57,53,59,0,59,58,58,59
project/sim_ext.py --sim-time 1.5 --seq-graph project/file/graph_15_nodes.json --traffic project/file/traffic_15_nodes_outer_chatting.json --inspection-rate 0.001 --mess-rate 0.002 --algorithm betweenness,0.121403000001,80,65,70,65,58,80,80,80,65,80,66,67,53,59,70,80,66,72,73,80,0,58,65,72,63,80,57,59,67,73,63,80,59,80,80,80,57,53,59,0,59,58,58,59
project/sim_ext.py --sim-time 1.5 --seq-graph project/file/graph_15_nodes.json --traffic project/file/traffic_15_nodes_outer_chatting.json --inspection-rate 0.001 --mess-rate 0.002 --algorithm betweenness,0.122491000001,160,145,150,145,138,160,160,160,145,160,146,147,133,139,150,160,146,152,153,160,0,138,145,152,143,160,137,139,147,153,143,160,139,160,160,160,137,133,139,0,139,138,138,139
project/sim_ext.py --sim-time 1.5 --seq-graph project/file/graph_15_nodes.json --traffic project/file/traffic_15_nodes_outer_chatting.json --inspection-rate 0.001 --mess-rate 0.002 --algorithm betweenness,0.12354400000099999,160,145,150,145,138,160,160,160,145,160,146,147,133,139,150,160,146,152,153,160,0,138,145,152,143,160,137,139,147,153,143,160,139,160,160,160,137,133,139,0,139,138,138,139
project/sim_ext.py --sim-time 1.5 --seq-graph project/file/graph_15_nodes.json --traffic project/file/traffic_15_nodes_outer_chatting.json --inspection-rate 0.001 --mess-rate 0.002 --algorithm betweenness,0.12463900000099999,160,145,150,145,138,160,160,160,145,160,146,147,133,139,150,160,146,152,153,160,0,138,145,152,143,160,137,139,147,153,143,160,139,160,160,160,137,133,139,0,139,138,138,139
project/sim_ext.py --sim-time 1.5 --seq-graph project/file/graph_15_nodes.json --traffic project/file/traffic_15_nodes_outer_chatting.json --inspection-rate 0.001 --mess-rate 0.002 --algorithm betweenness,0.12572900000099999,160,145,150,145,138,160,160,160,145,160,146,147,133,139,150,160,146,152,153,160,0,138,145,152,143,160,137,139,147,153,143,160,139,160,160,160,137,133,139,0,139,138,138,139
project/sim_ext.py --sim-time 1.5 --seq-graph project/file/graph_15_nodes.json --traffic project/file/traffic_15_nodes_outer_chatting.json --inspection-rate 0.001 --mess-rate 0.002 --algorithm betweenness,0.126734000001,160,145,150,145,138,160,160,160,145,160,146,147,133,139,150,160,146,152,153,160,0,138,145,152,143,160,137,139,147,153,143,160,139,160,160,160,137,133,139,0,139,138,138,139
project/sim_ext.py --sim-time 1.5 --seq-graph project/file/graph_15_nodes.json --traffic project/file/traffic_15_nodes_outer_chatting.json --inspection-rate 0.001 --mess-rate 0.002 --algorithm betweenness,0.127800000001,160,145,150,145,138,160,160,160,145,160,146,147,133,139,150,160,146,152,153,160,0,138,145,152,143,160,137,139,147,153,143,160,139,160,160,160,137,133,139,0,139,138,138,139
project/sim_ext.py --sim-time 1.5 --seq-graph project/file/graph_15_nodes.json --traffic project/file/traffic_15_nodes_outer_chatting.json --inspection-rate 0.001 --mess-rate 0.002 --algorithm betweenness,0.128841000001,160,145,150,145,138,160,160,160,145,160,146,147,133,139,150,160,146,152,153,160,0,138,145,152,143,160,137,139,147,153,143,160,139,160,160,160,137,133,139,0,139,138,138,139
project/sim_ext.py --sim-time 1.5 --seq-graph project/file/graph_15_nodes.json --traffic project/file/traffic_15_nodes_outer_chatting.json --inspection-rate 0.001 --mess-rate 0.002 --algorithm betweenness,0.129963000001,160,145,150,145,138,160,160,160,145,160,146,147,133,139,150,160,146,152,153,160,0,138,145,152,143,160,137,139,147,153,143,160,139,160,160,160,137,133,139,0,139,138,138,139
project/sim_ext.py --sim-time 1.5 --seq-graph project/file/graph_15_nodes.json --traffic project/file/traffic_15_nodes_outer_chatting.json --inspection-rate 0.001 --mess-rate 0.002 --algorithm betweenness,0.131275000001,160,145,150,145,138,160,160,160,145,160,146,147,133,139,150,160,146,152,153,160,0,138,145,152,143,160,137,139,147,153,143,160,139,160,160,160,137,133,139,0,139,138,138,139
project/sim_ext.py --sim-time 1.5 --seq-graph project/file/graph_15_nodes.json --traffic project/file/traffic_15_nodes_outer_chatting.json --inspection-rate 0.001 --mess-rate 0.002 --algorithm betweenness,0.13227800000099998,160,145,150,145,138,160,160,160,145,160,146,147,133,139,150,160,146,152,153,160,0,138,145,152,143,160,137,139,147,153,143,160,139,160,160,160,137,133,139,0,139,138,138,139
project/sim_ext.py --sim-time 1.5 --seq-graph project/file/graph_15_nodes.json --traffic project/file/traffic_15_nodes_outer_chatting.json --inspection-rate 0.001 --mess-rate 0.002 --algorithm betweenness,0.1332995274290793,160,145,150,145,138,160,160,160,145,160,146,147,133,139,150,160,146,152,153,160,0,138,145,152,143,160,137,139,147,153,143,160,139,160,160,160,137,133,139,0,139,138,138,139
project/sim_ext.py --sim-time 1.5 --seq-graph project/file/graph_15_nodes.json --traffic project/file/traffic_15_nodes_outer_chatting.json --inspection-rate 0.001 --mess-rate 0.002 --algorithm betweenness,0.13434776902690299,160,145,150,145,138,160,160,160,145,160,146,147,133,139,150,160,146,152,153,160,0,138,145,152,143,160,137,139,147,153,143,160,139,160,160,160,137,133,139,0,139,138,138,139
project/sim_ext.py --sim-time 1.5 --seq-graph project/file/graph_15_nodes.json --traffic project/file/traffic_15_nodes_outer_chatting.json --inspection-rate 0.001 --mess-rate 0.002 --algorithm betweenness,0.1353561968415755,160,145,150,145,138,160,160,160,145,160,146,147,133,139,150,160,146,152,153,160,0,138,145,152,143,160,137,139,147,153,143,160,139,160,160,160,137,133,139,0,139,138,138,139
project/sim_ext.py --sim-time 1.5 --seq-graph project/file/graph_15_nodes.json --traffic project/file/traffic_15_nodes_outer_chatting.json --inspection-rate 0.001 --mess-rate 0.002 --algorithm betweenness,0.136359399997,160,145,150,145,138,160,160,160,145,160,146,147,133,139,150,160,146,152,153,160,0,138,145,152,143,160,137,139,147,153,143,160,139,160,160,160,137,133,139,0,139,138,138,139
project/sim_ext.py --sim-time 1.5 --seq-graph project/file/graph_15_nodes.json --traffic project/file/traffic_15_nodes_outer_chatting.json --inspection-rate 0.001 --mess-rate 0.002 --algorithm betweenness,0.137432000001,160,145,150,145,138,160,160,160,145,160,146,147,133,139,150,160,146,152,153,160,0,138,145,152,143,160,137,139,147,153,143,160,139,160,160,160,137,133,139,0,139,138,138,139
project/sim_ext.py --sim-time 1.5 --seq-graph project/file/graph_15_nodes.json --traffic project/file/traffic_15_nodes_outer_chatting.json --inspection-rate 0.001 --mess-rate 0.002 --algorithm betweenness,0.138513000001,160,145,150,145,138,160,160,160,145,160,146,147,133,139,150,160,146,152,153,160,0,138,145,152,143,160,137,139,147,153,143,160,139,160,160,160,137,133,139,0,139,138,138,139
project/sim_ext.py --sim-time 1.5 --seq-graph project/file/graph_15_nodes.json --traffic project/file/traffic_15_nodes_outer_chatting.json --inspection-rate 0.001 --mess-rate 0.002 --algorithm betweenness,0.139615000001,160,145,150,145,138,160,160,160,145,160,146,147,133,139,150,160,146,152,153,160,0,138,145,152,143,160,137,139,147,153,143,160,139,160,160,160,137,133,139,0,139,138,138,139
project/sim_ext.py --sim-time 1.5 --seq-graph project/file/graph_15_nodes.json --traffic project/file/traffic_15_nodes_outer_chatting.json --inspection-rate 0.001 --mess-rate 0.002 --algorithm betweenness,0.140726000001,160,145,150,145,138,160,160,160,145,160,146,147,133,139,150,160,146,152,153,160,0,138,145,152,143,160,137,139,147,153,143,160,139,160,160,160,137,133,139,0,139,138,138,139
project/sim_ext.py --sim-time 1.5 --seq-graph project/file/graph_15_nodes.json --traffic project/file/traffic_15_nodes_outer_chatting.json --inspection-rate 0.001 --mess-rate 0.002 --algorithm betweenness,0.141887000001,160,145,150,145,138,160,160,160,145,160,146,147,133,139,150,160,146,152,153,160,0,138,145,152,143,160,137,139,147,153,143,160,139,160,160,160,137,133,139,0,139,138,138,139
project/sim_ext.py --sim-time 1.5 --seq-graph project/file/graph_15_nodes.json --traffic project/file/traffic_15_nodes_outer_chatting.json --inspection-rate 0.001 --mess-rate 0.002 --algorithm betweenness,0.142929000001,160,145,150,145,138,160,160,160,145,160,146,147,133,139,150,160,146,152,153,160,0,138,145,152,143,160,137,139,147,153,143,160,139,160,160,160,137,133,139,0,139,138,138,139
project/sim_ext.py --sim-time 1.5 --seq-graph project/file/graph_15_nodes.json --traffic project/file/traffic_15_nodes_outer_chatting.json --inspection-rate 0.001 --mess-rate 0.002 --algorithm betweenness,0.143964000001,160,145,150,145,138,160,160,160,145,160,146,147,133,139,150,160,146,152,153,160,0,138,145,152,143,160,137,139,147,153,143,160,139,160,160,160,137,133,139,0,139,138,138,139
project/sim_ext.py --sim-time 1.5 --seq-graph project/file/graph_15_nodes.json --traffic project/file/traffic_15_nodes_outer_chatting.json --inspection-rate 0.001 --mess-rate 0.002 --algorithm betweenness,0.14505840092064837,160,145,150,145,138,160,160,160,145,160,146,147,133,139,150,160,146,152,153,160,0,138,145,152,143,160,137,139,147,153,143,160,139,160,160,160,137,133,139,0,139,138,138,139
project/sim_ext.py --sim-time 1.5 --seq-graph project/file/graph_15_nodes.json --traffic project/file/traffic_15_nodes_outer_chatting.json --inspection-rate 0.001 --mess-rate 0.002 --algorithm betweenness,0.146135000001,160,145,150,145,138,160,160,160,145,160,146,147,133,139,150,160,146,152,153,160,0,138,145,152,143,160,137,139,147,153,143,160,139,160,160,160,137,133,139,0,139,138,138,139
project/sim_ext.py --sim-time 1.5 --seq-graph project/file/graph_15_nodes.json --traffic project/file/traffic_15_nodes_outer_chatting.json --inspection-rate 0.001 --mess-rate 0.002 --algorithm betweenness,0.147196000001,160,145,150,145,138,160,160,160,145,160,146,147,133,139,150,160,146,152,153,160,0,138,145,152,143,160,137,139,147,153,143,160,139,160,160,160,137,133,139,0,139,138,138,139
project/sim_ext.py --sim-time 1.5 --seq-graph project/file/graph_15_nodes.json --traffic project/file/traffic_15_nodes_outer_chatting.json --inspection-rate 0.001 --mess-rate 0.002 --algorithm betweenness,0.148269000001,160,145,150,145,138,160,160,160,145,160,146,147,133,139,150,160,146,152,153,160,0,138,145,152,143,160,137,139,147,153,143,160,139,160,160,160,137,133,139,0,139,138,138,139
project/sim_ext.py --sim-time 1.5 --seq-graph project/file/graph_15_nodes.json --traffic project/file/traffic_15_nodes_outer_chatting.json --inspection-rate 0.001 --mess-rate 0.002 --algorithm betweenness,0.149408370597666,160,145,150,145,138,160,160,160,145,160,146,147,133,139,150,160,146,152,153,160,0,138,145,152,143,160,137,139,147,153,143,160,139,160,160,160,137,133,139,0,139,138,138,139
project/sim_ext.py --sim-time 1.5 --seq-graph project/file/graph_15_nodes.json --traffic project/file/traffic_15_nodes_outer_chatting.json --inspection-rate 0.001 --mess-rate 0.002 --algorithm betweenness,0.1504805035359057,160,145,150,145,138,160,160,160,145,160,146,147,133,139,150,160,146,152,153,160,0,138,145,152,143,160,137,139,147,153,143,160,139,160,160,160,137,133,139,0,139,138,138,139
project/sim_ext.py --sim-time 1.5 --seq-graph project/file/graph_15_nodes.json --traffic project/file/traffic_15_nodes_outer_chatting.json --inspection-rate 0.001 --mess-rate 0.002 --algorithm betweenness,0.151613000001,160,145,150,145,138,160,160,160,145,160,146,147,133,139,150,160,146,152,153,160,0,138,145,152,143,160,137,139,147,153,143,160,139,160,160,160,137,133,139,0,139,138,138,139
project/sim_ext.py --sim-time 1.5 --seq-graph project/file/graph_15_nodes.json --traffic project/file/traffic_15_nodes_outer_chatting.json --inspection-rate 0.001 --mess-rate 0.002 --algorithm betweenness,0.15274706428049412,160,145,150,145,138,160,160,160,145,160,146,147,133,139,150,160,146,152,153,160,0,138,145,152,143,160,137,139,147,153,143,160,139,160,160,160,137,133,139,0,139,138,138,139
project/sim_ext.py --sim-time 1.5 --seq-graph project/file/graph_15_nodes.json --traffic project/file/traffic_15_nodes_outer_chatting.json --inspection-rate 0.001 --mess-rate 0.002 --algorithm betweenness,0.153919999993,160,145,150,145,138,160,160,160,145,160,146,147,133,139,150,160,146,152,153,160,0,138,145,152,143,160,137,139,147,153,143,160,139,160,160,160,137,133,139,0,139,138,138,139
project/sim_ext.py --sim-time 1.5 --seq-graph project/file/graph_15_nodes.json --traffic project/file/traffic_15_nodes_outer_chatting.json --inspection-rate 0.001 --mess-rate 0.002 --algorithm betweenness,0.15502321213578066,160,145,150,145,138,160,160,160,145,160,146,147,133,139,150,160,146,152,153,160,0,138,145,152,143,160,137,139,147,153,143,160,139,160,160,160,137,133,139,0,139,138,138,139
project/sim_ext.py --sim-time 1.5 --seq-graph project/file/graph_15_nodes.json --traffic project/file/traffic_15_nodes_outer_chatting.json --inspection-rate 0.001 --mess-rate 0.002 --algorithm betweenness,0.156080000001,160,145,150,145,138,160,160,160,145,160,146,147,133,139,150,160,146,152,153,160,0,138,145,152,143,160,137,139,147,153,143,160,139,160,160,160,137,133,139,0,139,138,138,139
project/sim_ext.py --sim-time 1.5 --seq-graph project/file/graph_15_nodes.json --traffic project/file/traffic_15_nodes_outer_chatting.json --inspection-rate 0.001 --mess-rate 0.002 --algorithm betweenness,0.157182799997,160,145,150,145,138,160,160,160,145,160,146,147,133,139,150,160,146,152,153,160,0,138,145,152,143,160,137,139,147,153,143,160,139,160,160,160,137,133,139,0,139,138,138,139
project/sim_ext.py --sim-time 1.5 --seq-graph project/file/graph_15_nodes.json --traffic project/file/traffic_15_nodes_outer_chatting.json --inspection-rate 0.001 --mess-rate 0.002 --algorithm betweenness,0.158240000001,160,145,150,145,138,160,160,160,145,160,146,147,133,139,150,160,146,152,153,160,0,138,145,152,143,160,137,139,147,153,143,160,139,160,160,160,137,133,139,0,139,138,138,139
project/sim_ext.py --sim-time 1.5 --seq-graph project/file/graph_15_nodes.json --traffic project/file/traffic_15_nodes_outer_chatting.json --inspection-rate 0.001 --mess-rate 0.002 --algorithm betweenness,0.159285000001,160,145,150,145,138,160,160,160,145,160,146,147,133,139,150,160,146,152,153,160,0,138,145,152,143,160,137,139,147,153,143,160,139,160,160,160,137,133,139,0,139,138,138,139
project/sim_ext.py --sim-time 1.5 --seq-graph project/file/graph_15_nodes.json --traffic project/file/traffic_15_nodes_outer_chatting.json --inspection-rate 0.001 --mess-rate 0.002 --algorithm betweenness,0.160353000001,160,145,150,145,138,160,160,160,145,160,146,147,133,139,150,160,146,152,153,160,0,138,145,152,143,160,137,139,147,153,143,160,139,160,160,160,137,133,139,0,139,138,138,139
project/sim_ext.py --sim-time 1.5 --seq-graph project/file/graph_15_nodes.json --traffic project/file/traffic_15_nodes_outer_chatting.json --inspection-rate 0.001 --mess-rate 0.002 --algorithm betweenness,0.16136076766165144,160,145,150,145,138,160,160,160,145,160,146,147,133,139,150,160,146,152,153,160,0,138,145,152,143,160,137,139,147,153,143,160,139,160,160,160,137,133,139,0,139,138,138,139
project/sim_ext.py --sim-time 1.5 --seq-graph project/file/graph_15_nodes.json --traffic project/file/traffic_15_nodes_outer_chatting.json --inspection-rate 0.001 --mess-rate 0.002 --algorithm betweenness,0.1624578565450694,160,145,150,145,138,160,160,160,145,160,146,147,133,139,150,160,146,152,153,160,0,138,145,152,143,160,137,139,147,153,143,160,139,160,160,160,137,133,139,0,139,138,138,139
project/sim_ext.py --sim-time 1.5 --seq-graph project/file/graph_15_nodes.json --traffic project/file/traffic_15_nodes_outer_chatting.json --inspection-rate 0.001 --mess-rate 0.002 --algorithm betweenness,0.1635758594196987,240,225,230,225,218,240,240,240,225,240,226,227,213,219,230,240,226,232,233,240,0,218,225,232,223,240,217,219,227,233,223,240,219,240,240,240,217,213,219,0,219,218,218,219
project/sim_ext.py --sim-time 1.5 --seq-graph project/file/graph_15_nodes.json --traffic project/file/traffic_15_nodes_outer_chatting.json --inspection-rate 0.001 --mess-rate 0.002 --algorithm betweenness,0.16462100936539836,240,225,230,225,218,240,240,240,225,240,226,227,213,219,230,240,226,232,233,240,0,218,225,232,223,240,217,219,227,233,223,240,219,240,240,240,217,213,219,0,219,218,218,219
project/sim_ext.py --sim-time 1.5 --seq-graph project/file/graph_15_nodes.json --traffic project/file/traffic_15_nodes_outer_chatting.json --inspection-rate 0.001 --mess-rate 0.002 --algorithm betweenness,0.165667000001,240,225,230,225,218,240,240,240,225,240,226,227,213,219,230,240,226,232,233,240,0,218,225,232,223,240,217,219,227,233,223,240,219,240,240,240,217,213,219,0,219,218,218,219
project/sim_ext.py --sim-time 1.5 --seq-graph project/file/graph_15_nodes.json --traffic project/file/traffic_15_nodes_outer_chatting.json --inspection-rate 0.001 --mess-rate 0.002 --algorithm betweenness,0.166759000001,240,225,230,225,218,240,240,240,225,240,226,227,213,219,230,240,226,232,233,240,0,218,225,232,223,240,217,219,227,233,223,240,219,240,240,240,217,213,219,0,219,218,218,219
project/sim_ext.py --sim-time 1.5 --seq-graph project/file/graph_15_nodes.json --traffic project/file/traffic_15_nodes_outer_chatting.json --inspection-rate 0.001 --mess-rate 0.002 --algorithm betweenness,0.167879000001,240,225,230,225,218,240,240,240,225,240,226,227,213,219,230,240,226,232,233,240,0,218,225,232,223,240,217,219,227,233,223,240,219,240,240,240,217,213,219,0,219,218,218,219
project/sim_ext.py --sim-time 1.5 --seq-graph project/file/graph_15_nodes.json --traffic project/file/traffic_15_nodes_outer_chatting.json --inspection-rate 0.001 --mess-rate 0.002 --algorithm betweenness,0.168950000001,240,225,230,225,218,240,240,240,225,240,226,227,213,219,230,240,226,232,233,240,0,218,225,232,223,240,217,219,227,233,223,240,219,240,240,240,217,213,219,0,219,218,218,219
project/sim_ext.py --sim-time 1.5 --seq-graph project/file/graph_15_nodes.json --traffic project/file/traffic_15_nodes_outer_chatting.json --inspection-rate 0.001 --mess-rate 0.002 --algorithm betweenness,0.170097000001,240,225,230,225,218,240,240,240,225,240,226,227,213,219,230,240,226,232,233,240,0,218,225,232,223,240,217,219,227,233,223,240,219,240,240,240,217,213,219,0,219,218,218,219
project/sim_ext.py --sim-time 1.5 --seq-graph project/file/graph_15_nodes.json --traffic project/file/traffic_15_nodes_outer_chatting.json --inspection-rate 0.001 --mess-rate 0.002 --algorithm betweenness,0.17113963504287877,240,225,230,225,218,240,240,240,225,240,226,227,213,219,230,240,226,232,233,240,0,218,225,232,223,240,217,219,227,233,223,240,219,240,240,240,217,213,219,0,219,218,218,219
project/sim_ext.py --sim-time 1.5 --seq-graph project/file/graph_15_nodes.json --traffic project/file/traffic_15_nodes_outer_chatting.json --inspection-rate 0.001 --mess-rate 0.002 --algorithm betweenness,0.172402000001,240,225,230,225,218,240,240,240,225,240,226,227,213,219,230,240,226,232,233,240,0,218,225,232,223,240,217,219,227,233,223,240,219,240,240,240,217,213,219,0,219,218,218,219
project/sim_ext.py --sim-time 1.5 --seq-graph project/file/graph_15_nodes.json --traffic project/file/traffic_15_nodes_outer_chatting.json --inspection-rate 0.001 --mess-rate 0.002 --algorithm betweenness,0.1735154309975714,240,225,230,225,218,240,240,240,225,240,226,227,213,219,230,240,226,232,233,240,0,218,225,232,223,240,217,219,227,233,223,240,219,240,240,240,217,213,219,0,219,218,218,219
project/sim_ext.py --sim-time 1.5 --seq-graph project/file/graph_15_nodes.json --traffic project/file/traffic_15_nodes_outer_chatting.json --inspection-rate 0.001 --mess-rate 0.002 --algorithm betweenness,0.174671000001,240,225,230,225,218,240,240,240,225,240,226,227,213,219,230,240,226,232,233,240,0,218,225,232,223,240,217,219,227,233,223,240,219,240,240,240,217,213,219,0,219,218,218,219
project/sim_ext.py --sim-time 1.5 --seq-graph project/file/graph_15_nodes.json --traffic project/file/traffic_15_nodes_outer_chatting.json --inspection-rate 0.001 --mess-rate 0.002 --algorithm betweenness,0.175680000001,240,225,230,225,218,240,240,240,225,240,226,227,213,219,230,240,226,232,233,240,0,218,225,232,223,240,217,219,227,233,223,240,219,240,240,240,217,213,219,0,219,218,218,219
project/sim_ext.py --sim-time 1.5 --seq-graph project/file/graph_15_nodes.json --traffic project/file/traffic_15_nodes_outer_chatting.json --inspection-rate 0.001 --mess-rate 0.002 --algorithm betweenness,0.176760000001,240,225,230,225,218,240,240,240,225,240,226,227,213,219,230,240,226,232,233,240,0,218,225,232,223,240,217,219,227,233,223,240,219,240,240,240,217,213,219,0,219,218,218,219
project/sim_ext.py --sim-time 1.5 --seq-graph project/file/graph_15_nodes.json --traffic project/file/traffic_15_nodes_outer_chatting.json --inspection-rate 0.001 --mess-rate 0.002 --algorithm betweenness,0.177763000001,240,225,230,225,218,240,240,240,225,240,226,227,213,219,230,240,226,232,233,240,0,218,225,232,223,240,217,219,227,233,223,240,219,240,240,240,217,213,219,0,219,218,218,219
project/sim_ext.py --sim-time 1.5 --seq-graph project/file/graph_15_nodes.json --traffic project/file/traffic_15_nodes_outer_chatting.json --inspection-rate 0.001 --mess-rate 0.002 --algorithm betweenness,0.178870000001,240,225,230,225,218,240,240,240,225,240,226,227,213,219,230,240,226,232,233,240,0,218,225,232,223,240,217,219,227,233,223,240,219,240,240,240,217,213,219,0,219,218,218,219
project/sim_ext.py --sim-time 1.5 --seq-graph project/file/graph_15_nodes.json --traffic project/file/traffic_15_nodes_outer_chatting.json --inspection-rate 0.001 --mess-rate 0.002 --algorithm betweenness,0.179979000001,240,225,230,225,218,240,240,240,225,240,226,227,213,219,230,240,226,232,233,240,0,218,225,232,223,240,217,219,227,233,223,240,219,240,240,240,217,213,219,0,219,218,218,219
project/sim_ext.py --sim-time 1.5 --seq-graph project/file/graph_15_nodes.json --traffic project/file/traffic_15_nodes_outer_chatting.json --inspection-rate 0.001 --mess-rate 0.002 --algorithm betweenness,0.181074999997,240,225,230,225,218,240,240,240,225,240,226,227,213,219,230,240,226,232,233,240,0,218,225,232,223,240,217,219,227,233,223,240,219,240,240,240,217,213,219,0,219,218,218,219
project/sim_ext.py --sim-time 1.5 --seq-graph project/file/graph_15_nodes.json --traffic project/file/traffic_15_nodes_outer_chatting.json --inspection-rate 0.001 --mess-rate 0.002 --algorithm betweenness,0.18218999998899998,240,225,230,225,218,240,240,240,225,240,226,227,213,219,230,240,226,232,233,240,0,218,225,232,223,240,217,219,227,233,223,240,219,240,240,240,217,213,219,0,219,218,218,219
project/sim_ext.py --sim-time 1.5 --seq-graph project/file/graph_15_nodes.json --traffic project/file/traffic_15_nodes_outer_chatting.json --inspection-rate 0.001 --mess-rate 0.002 --algorithm betweenness,0.183333000001,240,225,230,225,218,240,240,240,225,240,226,227,213,219,230,240,226,232,233,240,0,218,225,232,223,240,217,219,227,233,223,240,219,240,240,240,217,213,219,0,219,218,218,219
project/sim_ext.py --sim-time 1.5 --seq-graph project/file/graph_15_nodes.json --traffic project/file/traffic_15_nodes_outer_chatting.json --inspection-rate 0.001 --mess-rate 0.002 --algorithm betweenness,0.184450000001,240,225,230,225,218,240,240,240,225,240,226,227,213,219,230,240,226,232,233,240,0,218,225,232,223,240,217,219,227,233,223,240,219,240,240,240,217,213,219,0,219,218,218,219
project/sim_ext.py --sim-time 1.5 --seq-graph project/file/graph_15_nodes.json --traffic project/file/traffic_15_nodes_outer_chatting.json --inspection-rate 0.001 --mess-rate 0.002 --algorithm betweenness,0.185631000001,240,225,230,225,218,240,240,240,225,240,226,227,213,219,230,240,226,232,233,240,0,218,225,232,223,240,217,219,227,233,223,240,219,240,240,240,217,213,219,0,219,218,218,219
project/sim_ext.py --sim-time 1.5 --seq-graph project/file/graph_15_nodes.json --traffic project/file/traffic_15_nodes_outer_chatting.json --inspection-rate 0.001 --mess-rate 0.002 --algorithm betweenness,0.186668000001,240,225,230,225,218,240,240,240,225,240,226,227,213,219,230,240,226,232,233,240,0,218,225,232,223,240,217,219,227,233,223,240,219,240,240,240,217,213,219,0,219,218,218,219
project/sim_ext.py --sim-time 1.5 --seq-graph project/file/graph_15_nodes.json --traffic project/file/traffic_15_nodes_outer_chatting.json --inspection-rate 0.001 --mess-rate 0.002 --algorithm betweenness,0.187926000001,240,225,230,225,218,240,240,240,225,240,226,227,213,219,230,240,226,232,233,240,0,218,225,232,223,240,217,219,227,233,223,240,219,240,240,240,217,213,219,0,219,218,218,219
project/sim_ext.py --sim-time 1.5 --seq-graph project/file/graph_15_nodes.json --traffic project/file/traffic_15_nodes_outer_chatting.json --inspection-rate 0.001 --mess-rate 0.002 --algorithm betweenness,0.18898178625326928,240,225,230,225,218,240,240,240,225,240,226,227,213,219,230,240,226,232,233,240,0,218,225,232,223,240,217,219,227,233,223,240,219,240,240,240,217,213,219,0,219,218,218,219
project/sim_ext.py --sim-time 1.5 --seq-graph project/file/graph_15_nodes.json --traffic project/file/traffic_15_nodes_outer_chatting.json --inspection-rate 0.001 --mess-rate 0.002 --algorithm betweenness,0.19019900000099998,240,225,230,225,218,240,240,240,225,240,226,227,213,219,230,240,226,232,233,240,0,218,225,232,223,240,217,219,227,233,223,240,219,240,240,240,217,213,219,0,219,218,218,219
project/sim_ext.py --sim-time 1.5 --seq-graph project/file/graph_15_nodes.json --traffic project/file/traffic_15_nodes_outer_chatting.json --inspection-rate 0.001 --mess-rate 0.002 --algorithm betweenness,0.191297000001,240,225,230,225,218,240,240,240,225,240,226,227,213,219,230,240,226,232,233,240,0,218,225,232,223,240,217,219,227,233,223,240,219,240,240,240,217,213,219,0,219,218,218,219
project/sim_ext.py --sim-time 1.5 --seq-graph project/file/graph_15_nodes.json --traffic project/file/traffic_15_nodes_outer_chatting.json --inspection-rate 0.001 --mess-rate 0.002 --algorithm betweenness,0.19245604352111273,240,225,230,225,218,240,240,240,225,240,226,227,213,219,230,240,226,232,233,240,0,218,225,232,223,240,217,219,227,233,223,240,219,240,240,240,217,213,219,0,219,218,218,219
project/sim_ext.py --sim-time 1.5 --seq-graph project/file/graph_15_nodes.json --traffic project/file/traffic_15_nodes_outer_chatting.json --inspection-rate 0.001 --mess-rate 0.002 --algorithm betweenness,0.193459999987,240,225,230,225,218,240,240,240,225,240,226,227,213,219,230,240,226,232,233,240,0,218,225,232,223,240,217,219,227,233,223,240,219,240,240,240,217,213,219,0,219,218,218,219
project/sim_ext.py --sim-time 1.5 --seq-graph project/file/graph_15_nodes.json --traffic project/file/traffic_15_nodes_outer_chatting.json --inspection-rate 0.001 --mess-rate 0.002 --algorithm betweenness,0.194482000001,320,305,310,305,298,320,320,320,305,320,306,307,293,299,310,320,306,312,313,320,0,298,305,312,303,320,297,299,307,313,303,320,299,320,320,320,297,293,299,0,299,298,298,299
project/sim_ext.py --sim-time 1.5 --seq-graph project/file/graph_15_nodes.json --traffic project/file/traffic_15_nodes_outer_chatting.json --inspection-rate 0.001 --mess-rate 0.002 --algorithm betweenness,0.195598000001,320,305,310,305,298,320,320,320,305,320,306,307,293,299,310,320,306,312,313,320,0,298,305,312,303,320,297,299,307,313,303,320,299,320,320,320,297,293,299,0,299,298,298,299
project/sim_ext.py --sim-time 1.5 --seq-graph project/file/graph_15_nodes.json --traffic project/file/traffic_15_nodes_outer_chatting.json --inspection-rate 0.001 --mess-rate 0.002 --algorithm betweenness,0.196739000001,320,305,310,305,298,320,320,320,305,320,306,307,293,299,310,320,306,312,313,320,0,298,305,312,303,320,297,299,307,313,303,320,299,320,320,320,297,293,299,0,299,298,298,299
project/sim_ext.py --sim-time 1.5 --seq-graph project/file/graph_15_nodes.json --traffic project/file/traffic_15_nodes_outer_chatting.json --inspection-rate 0.001 --mess-rate 0.002 --algorithm betweenness,0.197762000001,320,305,310,305,298,320,320,320,305,320,306,307,293,299,310,320,306,312,313,320,0,298,305,312,303,320,297,299,307,313,303,320,299,320,320,320,297,293,299,0,299,298,298,299
project/sim_ext.py --sim-time 1.5 --seq-graph project/file/graph_15_nodes.json --traffic project/file/traffic_15_nodes_outer_chatting.json --inspection-rate 0.001 --mess-rate 0.002 --algorithm betweenness,0.198813000001,320,305,310,305,298,320,320,320,305,320,306,307,293,299,310,320,306,312,313,320,0,298,305,312,303,320,297,299,307,313,303,320,299,320,320,320,297,293,299,0,299,298,298,299
project/sim_ext.py --sim-time 1.5 --seq-graph project/file/graph_15_nodes.json --traffic project/file/traffic_15_nodes_outer_chatting.json --inspection-rate 0.001 --mess-rate 0.002 --algorithm betweenness,0.199893000001,320,305,310,305,298,320,320,320,305,320,306,307,293,299,310,320,306,312,313,320,0,298,305,312,303,320,297,299,307,313,303,320,299,320,320,320,297,293,299,0,299,298,298,299
project/sim_ext.py --sim-time 1.5 --seq-graph project/file/graph_15_nodes.json --traffic project/file/traffic_15_nodes_outer_chatting.json --inspection-rate 0.001 --mess-rate 0.002 --algorithm betweenness,0.200961000001,320,305,310,305,298,320,320,320,305,320,306,307,293,299,310,320,306,312,313,320,0,298,305,312,303,320,297,299,307,313,303,320,299,320,320,320,297,293,299,0,299,298,298,299
project/sim_ext.py --sim-time 1.5 --seq-graph project/file/graph_15_nodes.json --traffic project/file/traffic_15_nodes_outer_chatting.json --inspection-rate 0.001 --mess-rate 0.002 --algorithm betweenness,0.202063000001,320,305,310,305,298,320,320,320,305,320,306,307,293,299,310,320,306,312,313,320,0,298,305,312,303,320,297,299,307,313,303,320,299,320,320,320,297,293,299,0,299,298,298,299
project/sim_ext.py --sim-time 1.5 --seq-graph project/file/graph_15_nodes.json --traffic project/file/traffic_15_nodes_outer_chatting.json --inspection-rate 0.001 --mess-rate 0.002 --algorithm betweenness,0.2031487545318861,320,305,310,305,298,320,320,320,305,320,306,307,293,299,310,320,306,312,313,320,0,298,305,312,303,320,297,299,307,313,303,320,299,320,320,320,297,293,299,0,299,298,298,299
project/sim_ext.py --sim-time 1.5 --seq-graph project/file/graph_15_nodes.json --traffic project/file/traffic_15_nodes_outer_chatting.json --inspection-rate 0.001 --mess-rate 0.002 --algorithm betweenness,0.204223000001,320,305,310,305,298,320,320,320,305,320,306,307,293,299,310,320,306,312,313,320,0,298,305,312,303,320,297,299,307,313,303,320,299,320,320,320,297,293,299,0,299,298,298,299
project/sim_ext.py --sim-time 1.5 --seq-graph project/file/graph_15_nodes.json --traffic project/file/traffic_15_nodes_outer_chatting.json --inspection-rate 0.001 --mess-rate 0.002 --algorithm betweenness,0.205304999989,320,305,310,305,298,320,320,320,305,320,306,307,293,299,310,320,306,312,313,320,0,298,305,312,303,320,297,299,307,313,303,320,299,320,320,320,297,293,299,0,299,298,298,299
project/sim_ext.py --sim-time 1.5 --seq-graph project/file/graph_15_nodes.json --traffic project/file/traffic_15_nodes_outer_chatting.json --inspection-rate 0.001 --mess-rate 0.002 --algorithm betweenness,0.206372000001,320,305,310,305,298,320,320,320,305,320,306,307,293,299,310,320,306,312,313,320,0,298,305,312,303,320,297,299,307,313,303,320,299,320,320,320,297,293,299,0,299,298,298,299
project/sim_ext.py --sim-time 1.5 --seq-graph project/file/graph_15_nodes.json --traffic project/file/traffic_15_nodes_outer_chatting.json --inspection-rate 0.001 --mess-rate 0.002 --algorithm betweenness,0.207524000001,320,305,310,305,298,320,320,320,305,320,306,307,293,299,310,320,306,312,313,320,0,298,305,312,303,320,297,299,307,313,303,320,299,320,320,320,297,293,299,0,299,298,298,299
project/sim_ext.py --sim-time 1.5 --seq-graph project/file/graph_15_nodes.json --traffic project/file/traffic_15_nodes_outer_chatting.json --inspection-rate 0.001 --mess-rate 0.002 --algorithm betweenness,0.208583000001,320,305,310,305,298,320,320,320,305,320,306,307,293,299,310,320,306,312,313,320,0,298,305,312,303,320,297,299,307,313,303,320,299,320,320,320,297,293,299,0,299,298,298,299
project/sim_ext.py --sim-time 1.5 --seq-graph project/file/graph_15_nodes.json --traffic project/file/traffic_15_nodes_outer_chatting.json --inspection-rate 0.001 --mess-rate 0.002 --algorithm betweenness,0.20965500000099999,320,305,310,305,298,320,320,320,305,320,306,307,293,299,310,320,306,312,313,320,0,298,305,312,303,320,297,299,307,313,303,320,299,320,320,320,297,293,299,0,299,298,298,299
project/sim_ext.py --sim-time 1.5 --seq-graph project/file/graph_15_nodes.json --traffic project/file/traffic_15_nodes_outer_chatting.json --inspection-rate 0.001 --mess-rate 0.002 --algorithm betweenness,0.210674000001,320,305,310,305,298,320,320,320,305,320,306,307,293,299,310,320,306,312,313,320,0,298,305,312,303,320,297,299,307,313,303,320,299,320,320,320,297,293,299,0,299,298,298,299
project/sim_ext.py --sim-time 1.5 --seq-graph project/file/graph_15_nodes.json --traffic project/file/traffic_15_nodes_outer_chatting.json --inspection-rate 0.001 --mess-rate 0.002 --algorithm betweenness,0.211683000001,320,305,310,305,298,320,320,320,305,320,306,307,293,299,310,320,306,312,313,320,0,298,305,312,303,320,297,299,307,313,303,320,299,320,320,320,297,293,299,0,299,298,298,299
project/sim_ext.py --sim-time 1.5 --seq-graph project/file/graph_15_nodes.json --traffic project/file/traffic_15_nodes_outer_chatting.json --inspection-rate 0.001 --mess-rate 0.002 --algorithm betweenness,0.212774000001,320,305,310,305,298,320,320,320,305,320,306,307,293,299,310,320,306,312,313,320,0,298,305,312,303,320,297,299,307,313,303,320,299,320,320,320,297,293,299,0,299,298,298,299
project/sim_ext.py --sim-time 1.5 --seq-graph project/file/graph_15_nodes.json --traffic project/file/traffic_15_nodes_outer_chatting.json --inspection-rate 0.001 --mess-rate 0.002 --algorithm betweenness,0.2139332630013888,320,305,310,305,298,320,320,320,305,320,306,307,293,299,310,320,306,312,313,320,0,298,305,312,303,320,297,299,307,313,303,320,299,320,320,320,297,293,299,0,299,298,298,299
project/sim_ext.py --sim-time 1.5 --seq-graph project/file/graph_15_nodes.json --traffic project/file/traffic_15_nodes_outer_chatting.json --inspection-rate 0.001 --mess-rate 0.002 --algorithm betweenness,0.214948000001,320,305,310,305,298,320,320,320,305,320,306,307,293,299,310,320,306,312,313,320,0,298,305,312,303,320,297,299,307,313,303,320,299,320,320,320,297,293,299,0,299,298,298,299
project/sim_ext.py --sim-time 1.5 --seq-graph project/file/graph_15_nodes.json --traffic project/file/traffic_15_nodes_outer_chatting.json --inspection-rate 0.001 --mess-rate 0.002 --algorithm betweenness,0.216073000001,320,305,310,305,298,320,320,320,305,320,306,307,293,299,310,320,306,312,313,320,0,298,305,312,303,320,297,299,307,313,303,320,299,320,320,320,297,293,299,0,299,298,298,299
project/sim_ext.py --sim-time 1.5 --seq-graph project/file/graph_15_nodes.json --traffic project/file/traffic_15_nodes_outer_chatting.json --inspection-rate 0.001 --mess-rate 0.002 --algorithm betweenness,0.217124999989,320,305,310,305,298,320,320,320,305,320,306,307,293,299,310,320,306,312,313,320,0,298,305,312,303,320,297,299,307,313,303,320,299,320,320,320,297,293,299,0,299,298,298,299
project/sim_ext.py --sim-time 1.5 --seq-graph project/file/graph_15_nodes.json --traffic project/file/traffic_15_nodes_outer_chatting.json --inspection-rate 0.001 --mess-rate 0.002 --algorithm betweenness,0.21827754693449783,320,305,310,305,298,320,320,320,305,320,306,307,293,299,310,320,306,312,313,320,0,298,305,312,303,320,297,299,307,313,303,320,299,320,320,320,297,293,299,0,299,298,298,299
project/sim_ext.py --sim-time 1.5 --seq-graph project/file/graph_15_nodes.json --traffic project/file/traffic_15_nodes_outer_chatting.json --inspection-rate 0.001 --mess-rate 0.002 --algorithm betweenness,0.219304999993,320,305,310,305,298,320,320,320,305,320,306,307,293,299,310,320,306,312,313,320,0,298,305,312,303,320,297,299,307,313,303,320,299,320,320,320,297,293,299,0,299,298,298,299
project/sim_ext.py --sim-time 1.5 --seq-graph project/file/graph_15_nodes.json --traffic project/file/traffic_15_nodes_outer_chatting.json --inspection-rate 0.001 --mess-rate 0.002 --algorithm betweenness,0.220444999993,320,305,310,305,298,320,320,320,305,320,306,307,293,299,310,320,306,312,313,320,0,298,305,312,303,320,297,299,307,313,303,320,299,320,320,320,297,293,299,0,299,298,298,299
project/sim_ext.py --sim-time 1.5 --seq-graph project/file/graph_15_nodes.json --traffic project/file/traffic_15_nodes_outer_chatting.json --inspection-rate 0.001 --mess-rate 0.002 --algorithm betweenness,0.221617000001,320,305,310,305,298,320,320,320,305,320,306,307,293,299,310,320,306,312,313,320,0,298,305,312,303,320,297,299,307,313,303,320,299,320,320,320,297,293,299,0,299,298,298,299
project/sim_ext.py --sim-time 1.5 --seq-graph project/file/graph_15_nodes.json --traffic project/file/traffic_15_nodes_outer_chatting.json --inspection-rate 0.001 --mess-rate 0.002 --algorithm betweenness,0.2227374892667607,320,305,310,305,298,320,320,320,305,320,306,307,293,299,310,320,306,312,313,320,0,298,305,312,303,320,297,299,307,313,303,320,299,320,320,320,297,293,299,0,299,298,298,299
project/sim_ext.py --sim-time 1.5 --seq-graph project/file/graph_15_nodes.json --traffic project/file/traffic_15_nodes_outer_chatting.json --inspection-rate 0.001 --mess-rate 0.002 --algorithm betweenness,0.223838000001,320,305,310,305,298,320,320,320,305,320,306,307,293,299,310,320,306,312,313,320,0,298,305,312,303,320,297,299,307,313,303,320,299,320,320,320,297,293,299,0,299,298,298,299
project/sim_ext.py --sim-time 1.5 --seq-graph project/file/graph_15_nodes.json --traffic project/file/traffic_15_nodes_outer_chatting.json --inspection-rate 0.001 --mess-rate 0.002 --algorithm betweenness,0.224931000001,400,385,390,385,378,400,400,400,385,400,386,387,373,379,390,400,386,392,393,400,0,378,385,392,383,400,377,379,387,393,383,400,379,400,400,400,377,373,379,0,379,378,378,379
project/sim_ext.py --sim-time 1.5 --seq-graph project/file/graph_15_nodes.json --traffic project/file/traffic_15_nodes_outer_chatting.json --inspection-rate 0.001 --mess-rate 0.002 --algorithm betweenness,0.22599900000099998,400,385,390,385,378,400,400,400,385,400,386,387,373,379,390,400,386,392,393,400,0,378,385,392,383,400,377,379,387,393,383,400,379,400,400,400,377,373,379,0,379,378,378,379
project/sim_ext.py --sim-time 1.5 --seq-graph project/file/graph_15_nodes.json --traffic project/file/traffic_15_nodes_outer_chatting.json --inspection-rate 0.001 --mess-rate 0.002 --algorithm betweenness,0.227032000001,400,385,390,385,378,400,400,400,385,400,386,387,373,379,390,400,386,392,393,400,0,378,385,392,383,400,377,379,387,393,383,400,379,400,400,400,377,373,379,0,379,378,378,379
project/sim_ext.py --sim-time 1.5 --seq-graph project/file/graph_15_nodes.json --traffic project/file/traffic_15_nodes_outer_chatting.json --inspection-rate 0.001 --mess-rate 0.002 --algorithm betweenness,0.228141000001,400,385,390,385,378,400,400,400,385,400,386,387,373,379,390,400,386,392,393,400,0,378,385,392,383,400,377,379,387,393,383,400,379,400,400,400,377,373,379,0,379,378,378,379
project/sim_ext.py --sim-time 1.5 --seq-graph project/file/graph_15_nodes.json --traffic project/file/traffic_15_nodes_outer_chatting.json --inspection-rate 0.001 --mess-rate 0.002 --algorithm betweenness,0.22927400000099998,400,385,390,385,378,400,400,400,385,400,386,387,373,379,390,400,386,392,393,400,0,378,385,392,383,400,377,379,387,393,383,400,379,400,400,400,377,373,379,0,379,378,378,379
project/sim_ext.py --sim-time 1.5 --seq-graph project/file/graph_15_nodes.json --traffic project/file/traffic_15_nodes_outer_chatting.json --inspection-rate 0.001 --mess-rate 0.002 --algorithm betweenness,0.230336999997,400,385,390,385,378,400,400,400,385,400,386,387,373,379,390,400,386,392,393,400,0,378,385,392,383,400,377,379,387,393,383,400,379,400,400,400,377,373,379,0,379,378,378,379
project/sim_ext.py --sim-time 1.5 --seq-graph project/file/graph_15_nodes.json --traffic project/file/traffic_15_nodes_outer_chatting.json --inspection-rate 0.001 --mess-rate 0.002 --algorithm betweenness,0.231340000001,400,385,390,385,378,400,400,400,385,400,386,387,373,379,390,400,386,392,393,400,0,378,385,392,383,400,377,379,387,393,383,400,379,400,400,400,377,373,379,0,379,378,378,379
project/sim_ext.py --sim-time 1.5 --seq-graph project/file/graph_15_nodes.json --traffic project/file/traffic_15_nodes_outer_chatting.json --inspection-rate 0.001 --mess-rate 0.002 --algorithm betweenness,0.232341000001,400,385,390,385,378,400,400,400,385,400,386,387,373,379,390,400,386,392,393,400,0,378,385,392,383,400,377,379,387,393,383,400,379,400,400,400,377,373,379,0,379,378,378,379
project/sim_ext.py --sim-time 1.5 --seq-graph project/file/graph_15_nodes.json --traffic project/file/traffic_15_nodes_outer_chatting.json --inspection-rate 0.001 --mess-rate 0.002 --algorithm betweenness,0.233464999993,400,385,390,385,378,400,400,400,385,400,386,387,373,379,390,400,386,392,393,400,0,378,385,392,383,400,377,379,387,393,383,400,379,400,400,400,377,373,379,0,379,378,378,379
project/sim_ext.py --sim-time 1.5 --seq-graph project/file/graph_15_nodes.json --traffic project/file/traffic_15_nodes_outer_chatting.json --inspection-rate 0.001 --mess-rate 0.002 --algorithm betweenness,0.234613000001,400,385,390,385,378,400,400,400,385,400,386,387,373,379,390,400,386,392,393,400,0,378,385,392,383,400,377,379,387,393,383,400,379,400,400,400,377,373,379,0,379,378,378,379
project/sim_ext.py --sim-time 1.5 --seq-graph project/file/graph_15_nodes.json --traffic project/file/traffic_15_nodes_outer_chatting.json --inspection-rate 0.001 --mess-rate 0.002 --algorithm betweenness,0.23568400000099998,400,385,390,385,378,400,400,400,385,400,386,387,373,379,390,400,386,392,393,400,0,378,385,392,383,400,377,379,387,393,383,400,379,400,400,400,377,373,379,0,379,378,378,379
project/sim_ext.py --sim-time 1.5 --seq-graph project/file/graph_15_nodes.json --traffic project/file/traffic_15_nodes_outer_chatting.json --inspection-rate 0.001 --mess-rate 0.002 --algorithm betweenness,0.236835000001,400,385,390,385,378,400,400,400,385,400,386,387,373,379,390,400,386,392,393,400,0,378,385,392,383,400,377,379,387,393,383,400,379,400,400,400,377,373,379,0,379,378,378,379
project/sim_ext.py --sim-time 1.5 --seq-graph project/file/graph_15_nodes.json --traffic project/file/traffic_15_nodes_outer_chatting.json --inspection-rate 0.001 --mess-rate 0.002 --algorithm betweenness,0.237917000001,400,385,390,385,378,400,400,400,385,400,386,387,373,379,390,400,386,392,393,400,0,378,385,392,383,400,377,379,387,393,383,400,379,400,400,400,377,373,379,0,379,378,378,379
project/sim_ext.py --sim-time 1.5 --seq-graph project/file/graph_15_nodes.json --traffic project/file/traffic_15_nodes_outer_chatting.json --inspection-rate 0.001 --mess-rate 0.002 --algorithm betweenness,0.239034000001,400,385,390,385,378,400,400,400,385,400,386,387,373,379,390,400,386,392,393,400,0,378,385,392,383,400,377,379,387,393,383,400,379,400,400,400,377,373,379,0,379,378,378,379
project/sim_ext.py --sim-time 1.5 --seq-graph project/file/graph_15_nodes.json --traffic project/file/traffic_15_nodes_outer_chatting.json --inspection-rate 0.001 --mess-rate 0.002 --algorithm betweenness,0.240094999993,400,385,390,385,378,400,400,400,385,400,386,387,373,379,390,400,386,392,393,400,0,378,385,392,383,400,377,379,387,393,383,400,379,400,400,400,377,373,379,0,379,378,378,379
project/sim_ext.py --sim-time 1.5 --seq-graph project/file/graph_15_nodes.json --traffic project/file/traffic_15_nodes_outer_chatting.json --inspection-rate 0.001 --mess-rate 0.002 --algorithm betweenness,0.241194000001,400,385,390,385,378,400,400,400,385,400,386,387,373,379,390,400,386,392,393,400,0,378,385,392,383,400,377,379,387,393,383,400,379,400,400,400,377,373,379,0,379,378,378,379
project/sim_ext.py --sim-time 1.5 --seq-graph project/file/graph_15_nodes.json --traffic project/file/traffic_15_nodes_outer_chatting.json --inspection-rate 0.001 --mess-rate 0.002 --algorithm betweenness,0.242303000001,400,385,390,385,378,400,400,400,385,400,386,387,373,379,390,400,386,392,393,400,0,378,385,392,383,400,377,379,387,393,383,400,379,400,400,400,377,373,379,0,379,378,378,379
project/sim_ext.py --sim-time 1.5 --seq-graph project/file/graph_15_nodes.json --traffic project/file/traffic_15_nodes_outer_chatting.json --inspection-rate 0.001 --mess-rate 0.002 --algorithm betweenness,0.243427199997,400,385,390,385,378,400,400,400,385,400,383,387,371,379,390,400,384,392,393,400,74,377,385,392,383,400,377,379,387,393,383,400,379,400,400,400,377,371,379,73,379,378,377,379
project/sim_ext.py --sim-time 1.5 --seq-graph project/file/graph_15_nodes.json --traffic project/file/traffic_15_nodes_outer_chatting.json --inspection-rate 0.001 --mess-rate 0.002 --algorithm betweenness,0.244480000001,400,372,376,385,356,400,400,400,372,400,373,387,356,365,376,400,373,392,393,400,52,358,385,392,383,400,377,379,387,393,383,400,379,400,400,400,377,356,365,52,379,356,357,379
project/sim_ext.py --sim-time 1.5 --seq-graph project/file/graph_15_nodes.json --traffic project/file/traffic_15_nodes_outer_chatting.json --inspection-rate 0.001 --mess-rate 0.002 --algorithm betweenness,0.245614000001,400,372,375,385,354,400,400,400,372,400,373,387,356,365,375,400,373,392,393,400,49,349,385,392,383,400,377,379,387,393,383,400,379,400,400,400,377,356,365,49,379,354,349,379
project/sim_ext.py --sim-time 1.5 --seq-graph project/file/graph_15_nodes.json --traffic project/file/traffic_15_nodes_outer_chatting.json --inspection-rate 0.001 --mess-rate 0.002 --algorithm betweenness,0.246820000001,400,372,373,385,347,400,400,400,372,400,373,387,356,365,373,400,373,392,393,400,49,349,385,392,383,400,377,379,387,393,383,400,379,400,400,400,377,356,365,49,379,347,349,379
project/sim_ext.py --sim-time 1.5 --seq-graph project/file/graph_15_nodes.json --traffic project/file/traffic_15_nodes_outer_chatting.json --inspection-rate 0.001 --mess-rate 0.002 --algorithm betweenness,0.247848000001,400,372,372,385,344,400,400,400,372,400,373,387,356,365,372,400,373,392,393,400,38,338,385,392,383,400,377,379,387,393,383,400,379,400,400,400,377,356,365,38,379,343,338,379
project/sim_ext.py --sim-time 1.5 --seq-graph project/file/graph_15_nodes.json --traffic project/file/traffic_15_nodes_outer_chatting.json --inspection-rate 0.001 --mess-rate 0.002 --algorithm betweenness,0.248927000001,400,372,366,385,337,400,400,400,372,400,373,387,356,365,366,400,373,392,393,400,36,338,385,392,383,400,377,379,387,393,383,400,379,400,400,400,377,356,365,36,379,337,338,379
project/sim_ext.py --sim-time 1.5 --seq-graph project/file/graph_15_nodes.json --traffic project/file/traffic_15_nodes_outer_chatting.json --inspection-rate 0.001 --mess-rate 0.002 --algorithm betweenness,0.250004000001,400,372,366,385,337,400,400,400,372,400,373,387,356,365,366,400,373,392,393,400,36,338,385,392,383,400,377,379,387,393,383,400,379,400,400,400,377,356,365,36,379,337,338,379
project/sim_ext.py --sim-time 1.5 --seq-graph project/file/graph_15_nodes.json --traffic project/file/traffic_15_nodes_outer_chatting.json --inspection-rate 0.001 --mess-rate 0.002 --algorithm betweenness,0.251056000001,400,372,366,385,337,400,400,400,372,400,373,387,356,365,366,400,373,392,393,400,36,338,385,392,383,400,377,379,387,393,383,400,379,400,400,400,377,356,365,36,379,337,338,379
project/sim_ext.py --sim-time 1.5 --seq-graph project/file/graph_15_nodes.json --traffic project/file/traffic_15_nodes_outer_chatting.json --inspection-rate 0.001 --mess-rate 0.002 --algorithm betweenness,0.25221000000099997,400,372,366,385,337,400,400,400,372,400,373,387,356,365,366,400,373,392,393,400,36,338,385,392,383,400,377,379,387,393,383,400,379,400,400,400,377,356,365,36,379,337,338,379
project/sim_ext.py --sim-time 1.5 --seq-graph project/file/graph_15_nodes.json --traffic project/file/traffic_15_nodes_outer_chatting.json --inspection-rate 0.001 --mess-rate 0.002 --algorithm betweenness,0.253398000001,400,372,366,385,337,400,400,400,372,400,373,387,356,365,366,400,373,392,393,400,36,338,385,392,383,400,377,379,387,393,383,400,379,400,400,400,377,356,365,36,379,337,338,379
project/sim_ext.py --sim-time 1.5 --seq-graph project/file/graph_15_nodes.json --traffic project/file/traffic_15_nodes_outer_chatting.json --inspection-rate 0.001 --mess-rate 0.002 --algorithm betweenness,0.2545584455533783,400,372,366,385,337,400,400,400,372,400,373,387,356,365,366,400,373,392,393,400,36,338,385,392,383,400,377,379,387,393,383,400,379,400,400,400,377,356,365,36,379,337,338,379
project/sim_ext.py --sim-time 1.5 --seq-graph project/file/graph_15_nodes.json --traffic project/file/traffic_15_nodes_outer_chatting.json --inspection-rate 0.001 --mess-rate 0.002 --algorithm betweenness,0.255724000001,400,372,366,385,337,400,400,400,372,400,373,387,356,365,366,400,373,392,393,400,36,338,385,392,383,400,377,379,387,393,383,400,379,400,400,400,377,356,365,36,379,337,338,379
project/sim_ext.py --sim-time 1.5 --seq-graph project/file/graph_15_nodes.json --traffic project/file/traffic_15_nodes_outer_chatting.json --inspection-rate 0.001 --mess-rate 0.002 --algorithm betweenness,0.2567632199234502,400,372,366,385,337,400,400,400,372,400,373,387,356,365,366,400,373,392,393,400,36,338,385,392,383,400,377,379,387,393,383,400,379,400,400,400,377,356,365,36,379,337,338,379
project/sim_ext.py --sim-time 1.5 --seq-graph project/file/graph_15_nodes.json --traffic project/file/traffic_15_nodes_outer_chatting.json --inspection-rate 0.001 --mess-rate 0.002 --algorithm betweenness,0.257834999989,400,372,366,385,337,400,400,400,372,400,373,387,356,365,366,400,373,392,393,400,36,338,385,392,383,400,377,379,387,393,383,400,379,400,400,400,377,356,365,36,379,337,338,379
project/sim_ext.py --sim-time 1.5 --seq-graph project/file/graph_15_nodes.json --traffic project/file/traffic_15_nodes_outer_chatting.json --inspection-rate 0.001 --mess-rate 0.002 --algorithm betweenness,0.258869000001,400,372,366,385,337,400,400,400,372,400,373,387,356,365,366,400,373,392,393,400,36,338,385,392,383,400,377,379,387,393,383,400,379,400,400,400,377,356,365,36,379,337,338,379
project/sim_ext.py --sim-time 1.5 --seq-graph project/file/graph_15_nodes.json --traffic project/file/traffic_15_nodes_outer_chatting.json --inspection-rate 0.001 --mess-rate 0.002 --algorithm betweenness,0.259965000001,400,372,366,385,337,400,400,400,372,400,373,387,356,365,366,400,373,392,393,400,36,338,385,392,383,400,377,379,387,393,383,400,379,400,400,400,377,356,365,36,379,337,338,379
project/sim_ext.py --sim-time 1.5 --seq-graph project/file/graph_15_nodes.json --traffic project/file/traffic_15_nodes_outer_chatting.json --inspection-rate 0.001 --mess-rate 0.002 --algorithm betweenness,0.26106700000099997,400,372,366,385,337,400,400,400,372,400,373,387,356,365,366,400,373,392,393,400,36,338,385,392,383,400,377,379,387,393,383,400,379,400,400,400,377,356,365,36,379,337,338,379
project/sim_ext.py --sim-time 1.5 --seq-graph project/file/graph_15_nodes.json --traffic project/file/traffic_15_nodes_outer_chatting.json --inspection-rate 0.001 --mess-rate 0.002 --algorithm betweenness,0.262188000001,400,372,366,385,337,400,400,400,372,400,373,387,356,365,366,400,373,392,393,400,36,338,385,392,383,400,377,379,387,393,383,400,379,400,400,400,377,356,365,36,379,337,338,379
project/sim_ext.py --sim-time 1.5 --seq-graph project/file/graph_15_nodes.json --traffic project/file/traffic_15_nodes_outer_chatting.json --inspection-rate 0.001 --mess-rate 0.002 --algorithm betweenness,0.263390000001,400,372,366,385,337,400,400,400,372,400,373,387,356,365,366,400,373,392,393,400,36,338,385,392,383,400,377,379,387,393,383,400,379,400,400,400,377,356,365,36,379,337,338,379
project/sim_ext.py --sim-time 1.5 --seq-graph project/file/graph_15_nodes.json --traffic project/file/traffic_15_nodes_outer_chatting.json --inspection-rate 0.001 --mess-rate 0.002 --algorithm betweenness,0.26450700000099997,400,372,366,385,337,400,400,400,372,400,373,387,356,365,366,400,373,392,393,400,36,338,385,392,383,400,377,379,387,393,383,400,379,400,400,400,377,356,365,36,379,337,338,379
project/sim_ext.py --sim-time 1.5 --seq-graph project/file/graph_15_nodes.json --traffic project/file/traffic_15_nodes_outer_chatting.json --inspection-rate 0.001 --mess-rate 0.002 --algorithm betweenness,0.2655995029608233,480,452,446,465,417,480,480,480,452,480,453,467,436,445,446,480,453,472,473,480,36,418,465,472,463,480,457,459,467,473,463,480,459,480,480,480,457,436,445,36,459,417,418,459
project/sim_ext.py --sim-time 1.5 --seq-graph project/file/graph_15_nodes.json --traffic project/file/traffic_15_nodes_outer_chatting.json --inspection-rate 0.001 --mess-rate 0.002 --algorithm betweenness,0.266744000001,480,452,446,465,417,480,480,480,452,480,453,467,436,445,446,480,453,472,473,480,36,418,465,472,463,480,457,459,467,473,463,480,459,480,480,480,457,436,445,36,459,417,418,459
project/sim_ext.py --sim-time 1.5 --seq-graph project/file/graph_15_nodes.json --traffic project/file/traffic_15_nodes_outer_chatting.json --inspection-rate 0.001 --mess-rate 0.002 --algorithm betweenness,0.26795576188129844,480,452,446,465,417,480,480,480,452,480,453,467,436,445,446,480,453,472,473,480,36,418,465,472,463,480,457,459,467,473,463,480,459,480,480,480,457,436,445,36,459,417,418,459
project/sim_ext.py --sim-time 1.5 --seq-graph project/file/graph_15_nodes.json --traffic project/file/traffic_15_nodes_outer_chatting.json --inspection-rate 0.001 --mess-rate 0.002 --algorithm betweenness,0.268974999982,480,452,446,465,417,480,480,480,452,480,453,467,436,445,446,480,453,472,473,480,36,418,465,472,463,480,457,459,467,473,463,480,459,480,480,480,457,436,445,36,459,417,418,459
project/sim_ext.py --sim-time 1.5 --seq-graph project/file/graph_15_nodes.json --traffic project/file/traffic_15_nodes_outer_chatting.json --inspection-rate 0.001 --mess-rate 0.002 --algorithm betweenness,0.270118000001,480,452,446,465,417,480,480,480,452,480,453,467,436,445,446,480,453,472,473,480,36,418,465,472,463,480,457,459,467,473,463,480,459,480,480,480,457,436,445,36,459,417,418,459
project/sim_ext.py --sim-time 1.5 --seq-graph project/file/graph_15_nodes.json --traffic project/file/traffic_15_nodes_outer_chatting.json --inspection-rate 0.001 --mess-rate 0.002 --algorithm betweenness,0.27127900000099997,480,452,446,465,417,480,480,480,452,480,453,467,436,445,446,480,453,472,473,480,36,418,465,472,463,480,457,459,467,473,463,480,459,480,480,480,457,436,445,36,459,417,418,459
project/sim_ext.py --sim-time 1.5 --seq-graph project/file/graph_15_nodes.json --traffic project/file/traffic_15_nodes_outer_chatting.json --inspection-rate 0.001 --mess-rate 0.002 --algorithm betweenness,0.272447000001,480,452,446,465,417,480,480,480,452,480,453,467,436,445,446,480,453,472,473,480,36,418,465,472,463,480,457,459,467,473,463,480,459,480,480,480,457,436,445,36,459,417,418,459
project/sim_ext.py --sim-time 1.5 --seq-graph project/file/graph_15_nodes.json --traffic project/file/traffic_15_nodes_outer_chatting.json --inspection-rate 0.001 --mess-rate 0.002 --algorithm betweenness,0.27356415151665886,480,452,446,465,417,480,480,480,452,480,453,467,436,445,446,480,453,472,473,480,36,418,465,472,463,480,457,459,467,473,463,480,459,480,480,480,457,436,445,36,459,417,418,459
project/sim_ext.py --sim-time 1.5 --seq-graph project/file/graph_15_nodes.json --traffic project/file/traffic_15_nodes_outer_chatting.json --inspection-rate 0.001 --mess-rate 0.002 --algorithm betweenness,0.274635000001,480,452,446,465,417,480,480,480,452,480,453,467,436,445,446,480,453,472,473,480,36,418,465,472,463,480,457,459,467,473,463,480,459,480,480,480,457,436,445,36,459,417,418,459
project/sim_ext.py --sim-time 1.5 --seq-graph project/file/graph_15_nodes.json --traffic project/file/traffic_15_nodes_outer_chatting.json --inspection-rate 0.001 --mess-rate 0.002 --algorithm betweenness,0.275714999989,480,452,446,465,417,480,480,480,452,480,453,467,436,445,446,480,453,472,473,480,36,418,465,472,463,480,457,459,467,473,463,480,459,480,480,480,457,436,445,36,459,417,418,459
project/sim_ext.py --sim-time 1.5 --seq-graph project/file/graph_15_nodes.json --traffic project/file/traffic_15_nodes_outer_chatting.json --inspection-rate 0.001 --mess-rate 0.002 --algorithm betweenness,0.276774999985,480,452,446,465,417,480,480,480,452,480,453,467,436,445,446,480,453,472,473,480,36,418,465,472,463,480,457,459,467,473,463,480,459,480,480,480,457,436,445,36,459,417,418,459
project/sim_ext.py --sim-time 1.5 --seq-graph project/file/graph_15_nodes.json --traffic project/file/traffic_15_nodes_outer_chatting.json --inspection-rate 0.001 --mess-rate 0.002 --algorithm betweenness,0.277793000001,480,452,446,465,417,480,480,480,452,480,453,467,436,445,446,480,453,472,473,480,36,418,465,472,463,480,457,459,467,473,463,480,459,480,480,480,457,436,445,36,459,417,418,459
project/sim_ext.py --sim-time 1.5 --seq-graph project/file/graph_15_nodes.json --traffic project/file/traffic_15_nodes_outer_chatting.json --inspection-rate 0.001 --mess-rate 0.002 --algorithm betweenness,0.27893700000099997,480,452,446,465,417,480,480,480,452,480,453,467,436,445,446,480,453,472,473,480,36,418,465,472,463,480,457,459,467,473,463,480,459,480,480,480,457,436,445,36,459,417,418,459
project/sim_ext.py --sim-time 1.5 --seq-graph project/file/graph_15_nodes.json --traffic project/file/traffic_15_nodes_outer_chatting.json --inspection-rate 0.001 --mess-rate 0.002 --algorithm betweenness,0.280052000001,480,452,446,465,417,480,480,480,452,480,453,467,436,445,446,480,453,472,473,480,36,418,465,472,463,480,457,459,467,473,463,480,459,480,480,480,457,436,445,36,459,417,418,459
project/sim_ext.py --sim-time 1.5 --seq-graph project/file/graph_15_nodes.json --traffic project/file/traffic_15_nodes_outer_chatting.json --inspection-rate 0.001 --mess-rate 0.002 --algorithm betweenness,0.281243000001,480,452,446,465,417,480,480,480,452,480,453,467,436,445,446,480,453,472,473,480,36,418,465,472,463,480,457,459,467,473,463,480,459,480,480,480,457,436,445,36,459,417,418,459
project/sim_ext.py --sim-time 1.5 --seq-graph project/file/graph_15_nodes.json --traffic project/file/traffic_15_nodes_outer_chatting.json --inspection-rate 0.001 --mess-rate 0.002 --algorithm betweenness,0.28236039999699997,480,452,446,465,417,480,480,480,452,480,453,467,436,445,446,480,453,472,473,480,36,418,465,472,463,480,457,459,467,473,463,480,459,480,480,480,457,436,445,36,459,417,418,459
project/sim_ext.py --sim-time 1.5 --seq-graph project/file/graph_15_nodes.json --traffic project/file/traffic_15_nodes_outer_chatting.json --inspection-rate 0.001 --mess-rate 0.002 --algorithm betweenness,0.283521000001,480,452,446,465,417,480,480,480,452,480,453,467,436,445,446,480,453,472,473,480,36,418,465,472,463,480,457,459,467,473,463,480,459,480,480,480,457,436,445,36,459,417,418,459
project/sim_ext.py --sim-time 1.5 --seq-graph project/file/graph_15_nodes.json --traffic project/file/traffic_15_nodes_outer_chatting.json --inspection-rate 0.001 --mess-rate 0.002 --algorithm betweenness,0.284603000001,480,452,446,465,417,480,480,480,452,480,453,467,436,445,446,480,453,472,473,480,116,418,465,472,463,480,457,459,467,473,463,480,459,480,480,480,457,436,445,116,459,417,418,459
project/sim_ext.py --sim-time 1.5 --seq-graph project/file/graph_15_nodes.json --traffic project/file/traffic_15_nodes_outer_chatting.json --inspection-rate 0.001 --mess-rate 0.002 --algorithm betweenness,0.2856729427034987,480,452,446,465,417,480,480,480,452,480,453,467,436,445,446,480,453,472,473,480,116,418,465,472,463,480,457,459,467,473,463,480,459,480,480,480,457,436,445,116,459,417,418,459
project/sim_ext.py --sim-time 1.5 --seq-graph project/file/graph_15_nodes.json --traffic project/file/traffic_15_nodes_outer_chatting.json --inspection-rate 0.001 --mess-rate 0.002 --algorithm betweenness,0.286710000001,480,452,446,465,417,480,480,480,452,480,453,467,436,445,446,480,453,472,473,480,116,418,465,472,463,480,457,459,467,473,463,480,459,480,480,480,457,436,445,116,459,417,418,459
project/sim_ext.py --sim-time 1.5 --seq-graph project/file/graph_15_nodes.json --traffic project/file/traffic_15_nodes_outer_chatting.json --inspection-rate 0.001 --mess-rate 0.002 --algorithm betweenness,0.287810000001,480,452,446,465,417,480,480,480,452,480,453,467,436,445,446,480,453,472,473,480,116,418,465,472,463,480,457,459,467,473,463,480,459,480,480,480,457,436,445,116,459,417,418,459
project/sim_ext.py --sim-time 1.5 --seq-graph project/file/graph_15_nodes.json --traffic project/file/traffic_15_nodes_outer_chatting.json --inspection-rate 0.001 --mess-rate 0.002 --algorithm betweenness,0.2889344990529391,480,452,446,465,417,480,480,480,452,480,453,467,436,445,446,480,453,472,473,480,116,418,465,472,463,480,457,459,467,473,463,480,459,480,480,480,457,436,445,116,459,417,418,459
project/sim_ext.py --sim-time 1.5 --seq-graph project/file/graph_15_nodes.json --traffic project/file/traffic_15_nodes_outer_chatting.json --inspection-rate 0.001 --mess-rate 0.002 --algorithm betweenness,0.289938000001,480,452,446,465,417,480,480,480,452,480,453,467,436,445,446,480,453,472,473,480,116,418,465,472,463,480,457,459,467,473,463,480,459,480,480,480,457,436,445,116,459,417,418,459
project/sim_ext.py --sim-time 1.5 --seq-graph project/file/graph_15_nodes.json --traffic project/file/traffic_15_nodes_outer_chatting.json --inspection-rate 0.001 --mess-rate 0.002 --algorithm betweenness,0.2909410873428562,480,452,446,465,417,480,480,480,452,480,453,467,436,445,446,480,453,472,473,480,116,418,465,472,463,480,457,459,467,473,463,480,459,480,480,480,457,436,445,116,459,417,418,459
project/sim_ext.py --sim-time 1.5 --seq-graph project/file/graph_15_nodes.json --traffic project/file/traffic_15_nodes_outer_chatting.json --inspection-rate 0.001 --mess-rate 0.002 --algorithm betweenness,0.291948000001,480,452,446,465,417,480,480,480,452,480,453,467,436,445,446,480,453,472,473,480,116,418,465,472,463,480,457,459,467,473,463,480,459,480,480,480,457,436,445,116,459,417,418,459
project/sim_ext.py --sim-time 1.5 --seq-graph project/file/graph_15_nodes.json --traffic project/file/traffic_15_nodes_outer_chatting.json --inspection-rate 0.001 --mess-rate 0.002 --algorithm betweenness,0.293163000001,480,452,446,465,417,480,480,480,452,480,453,467,436,445,446,480,453,472,473,480,116,418,465,472,463,480,457,459,467,473,463,480,459,480,480,480,457,436,445,116,459,417,418,459
project/sim_ext.py --sim-time 1.5 --seq-graph project/file/graph_15_nodes.json --traffic project/file/traffic_15_nodes_outer_chatting.json --inspection-rate 0.001 --mess-rate 0.002 --algorithm betweenness,0.294186000001,480,452,446,465,417,480,480,480,452,480,453,467,436,445,446,480,453,472,473,480,116,418,465,472,463,480,457,459,467,473,463,480,459,480,480,480,457,436,445,116,459,417,418,459
project/sim_ext.py --sim-time 1.5 --seq-graph project/file/graph_15_nodes.json --traffic project/file/traffic_15_nodes_outer_chatting.json --inspection-rate 0.001 --mess-rate 0.002 --algorithm betweenness,0.29553700000099997,480,452,446,465,417,480,480,480,452,480,453,467,436,445,446,480,453,472,473,480,116,418,465,472,463,480,457,459,467,473,463,480,459,480,480,480,457,436,445,116,459,417,418,459
project/sim_ext.py --sim-time 1.5 --seq-graph project/file/graph_15_nodes.json --traffic project/file/traffic_15_nodes_outer_chatting.json --inspection-rate 0.001 --mess-rate 0.002 --algorithm betweenness,0.29659100000099997,560,532,526,545,497,560,560,560,532,560,533,547,516,525,526,560,533,552,553,560,116,498,545,552,543,560,537,539,547,553,543,560,539,560,560,560,537,516,525,116,539,497,498,539
project/sim_ext.py --sim-time 1.5 --seq-graph project/file/graph_15_nodes.json --traffic project/file/traffic_15_nodes_outer_chatting.json --inspection-rate 0.001 --mess-rate 0.002 --algorithm betweenness,0.297760999997,560,532,526,545,497,560,560,560,532,560,533,547,516,525,526,560,533,552,553,560,116,498,545,552,543,560,537,539,547,553,543,560,539,560,560,560,537,516,525,116,539,497,498,539
project/sim_ext.py --sim-time 1.5 --seq-graph project/file/graph_15_nodes.json --traffic project/file/traffic_15_nodes_outer_chatting.json --inspection-rate 0.001 --mess-rate 0.002 --algorithm betweenness,0.29880700000099997,560,532,526,545,497,560,560,560,532,560,533,547,516,525,526,560,533,552,553,560,116,498,545,552,543,560,537,539,547,553,543,560,539,560,560,560,537,516,525,116,539,497,498,539
project/sim_ext.py --sim-time 1.5 --seq-graph project/file/graph_15_nodes.json --traffic project/file/traffic_15_nodes_outer_chatting.json --inspection-rate 0.001 --mess-rate 0.002 --algorithm betweenness,0.299892199997,560,532,526,545,497,560,560,560,532,560,533,547,516,525,526,560,533,552,553,560,116,498,545,552,543,560,537,539,547,553,543,560,539,560,560,560,537,516,525,116,539,497,498,539
project/sim_ext.py --sim-time 1.5 --seq-graph project/file/graph_15_nodes.json --traffic project/file/traffic_15_nodes_outer_chatting.json --inspection-rate 0.001 --mess-rate 0.002 --algorithm betweenness,0.301073000001,560,532,526,545,497,560,560,560,532,560,533,547,516,525,526,560,533,552,553,560,116,498,545,552,543,560,537,539,547,553,543,560,539,560,560,560,537,516,525,116,539,497,498,539
project/sim_ext.py --sim-time 1.5 --seq-graph project/file/graph_15_nodes.json --traffic project/file/traffic_15_nodes_outer_chatting.json --inspection-rate 0.001 --mess-rate 0.002 --algorithm betweenness,0.30209322599261645,560,532,526,545,497,560,560,560,532,560,533,547,516,525,526,560,533,552,553,560,116,498,545,552,543,560,537,539,547,553,543,560,539,560,560,560,537,516,525,116,539,497,498,539
project/sim_ext.py --sim-time 1.5 --seq-graph project/file/graph_15_nodes.json --traffic project/file/traffic_15_nodes_outer_chatting.json --inspection-rate 0.001 --mess-rate 0.002 --algorithm betweenness,0.30317135675522944,560,532,526,545,497,560,560,560,532,560,533,547,516,525,526,560,533,552,553,560,116,498,545,552,543,560,537,539,547,553,543,560,539,560,560,560,537,516,525,116,539,497,498,539
project/sim_ext.py --sim-time 1.5 --seq-graph project/file/graph_15_nodes.json --traffic project/file/traffic_15_nodes_outer_chatting.json --inspection-rate 0.001 --mess-rate 0.002 --algorithm betweenness,0.30425100000099997,560,532,526,545,497,560,560,560,532,560,533,547,516,525,526,560,533,552,553,560,116,498,545,552,543,560,537,539,547,553,543,560,539,560,560,560,537,516,525,116,539,497,498,539
project/sim_ext.py --sim-time 1.5 --seq-graph project/file/graph_15_nodes.json --traffic project/file/traffic_15_nodes_outer_chatting.json --inspection-rate 0.001 --mess-rate 0.002 --algorithm betweenness,0.3053114693024606,560,532,526,545,497,560,560,560,532,560,533,547,516,525,526,560,533,552,553,560,116,498,545,552,543,560,537,539,547,553,543,560,539,560,560,560,537,516,525,116,539,497,498,539
project/sim_ext.py --sim-time 1.5 --seq-graph project/file/graph_15_nodes.json --traffic project/file/traffic_15_nodes_outer_chatting.json --inspection-rate 0.001 --mess-rate 0.002 --algorithm betweenness,0.306378000001,560,532,526,545,497,560,560,560,532,560,533,547,516,525,526,560,533,552,553,560,116,498,545,552,543,560,537,539,547,553,543,560,539,560,560,560,537,516,525,116,539,497,498,539
project/sim_ext.py --sim-time 1.5 --seq-graph project/file/graph_15_nodes.json --traffic project/file/traffic_15_nodes_outer_chatting.json --inspection-rate 0.001 --mess-rate 0.002 --algorithm betweenness,0.307395000001,560,532,526,545,497,560,560,560,532,560,533,547,516,525,526,560,533,552,553,560,116,498,545,552,543,560,537,539,547,553,543,560,539,560,560,560,537,516,525,116,539,497,498,539
project/sim_ext.py --sim-time 1.5 --seq-graph project/file/graph_15_nodes.json --traffic project/file/traffic_15_nodes_outer_chatting.json --inspection-rate 0.001 --mess-rate 0.002 --algorithm betweenness,0.308463000001,560,532,526,545,497,560,560,560,532,560,533,547,516,525,526,560,533,552,553,560,116,498,545,552,543,560,537,539,547,553,543,560,539,560,560,560,537,516,525,116,539,497,498,539
project/sim_ext.py --sim-time 1.5 --seq-graph project/file/graph_15_nodes.json --traffic project/file/traffic_15_nodes_outer_chatting.json --inspection-rate 0.001 --mess-rate 0.002 --algorithm betweenness,0.309554000001,560,532,526,545,497,560,560,560,532,560,533,547,516,525,526,560,533,552,553,560,116,498,545,552,543,560,537,539,547,553,543,560,539,560,560,560,537,516,525,116,539,497,498,539
project/sim_ext.py --sim-time 1.5 --seq-graph project/file/graph_15_nodes.json --traffic project/file/traffic_15_nodes_outer_chatting.json --inspection-rate 0.001 --mess-rate 0.002 --algorithm betweenness,0.310644999982,560,532,526,545,497,560,560,560,532,560,533,547,516,525,526,560,533,552,553,560,116,498,545,552,543,560,537,539,547,553,543,560,539,560,560,560,537,516,525,116,539,497,498,539
project/sim_ext.py --sim-time 1.5 --seq-graph project/file/graph_15_nodes.json --traffic project/file/traffic_15_nodes_outer_chatting.json --inspection-rate 0.001 --mess-rate 0.002 --algorithm betweenness,0.3117258141089375,560,532,526,545,497,560,560,560,532,560,533,547,516,525,526,560,533,552,553,560,116,498,545,552,543,560,537,539,547,553,543,560,539,560,560,560,537,516,525,116,539,497,498,539
project/sim_ext.py --sim-time 1.5 --seq-graph project/file/graph_15_nodes.json --traffic project/file/traffic_15_nodes_outer_chatting.json --inspection-rate 0.001 --mess-rate 0.002 --algorithm betweenness,0.312767000001,560,532,526,545,497,560,560,560,532,560,533,547,516,525,526,560,533,552,553,560,116,498,545,552,543,560,537,539,547,553,543,560,539,560,560,560,537,516,525,116,539,497,498,539
project/sim_ext.py --sim-time 1.5 --seq-graph project/file/graph_15_nodes.json --traffic project/file/traffic_15_nodes_outer_chatting.json --inspection-rate 0.001 --mess-rate 0.002 --algorithm betweenness,0.3137932181006244,560,532,526,545,497,560,560,560,532,560,533,547,516,525,526,560,533,552,553,560,116,498,545,552,543,560,537,539,547,553,543,560,539,560,560,560,537,516,525,116,539,497,498,539
project/sim_ext.py --sim-time 1.5 --seq-graph project/file/graph_15_nodes.json --traffic project/file/traffic_15_nodes_outer_chatting.json --inspection-rate 0.001 --mess-rate 0.002 --algorithm betweenness,0.314948000001,560,532,526,545,497,560,560,560,532,560,533,547,516,525,526,560,533,552,553,560,116,498,545,552,543,560,537,539,547,553,543,560,539,560,560,560,537,516,525,116,539,497,498,539
project/sim_ext.py --sim-time 1.5 --seq-graph project/file/graph_15_nodes.json --traffic project/file/traffic_15_nodes_outer_chatting.json --inspection-rate 0.001 --mess-rate 0.002 --algorithm betweenness,0.316000000001,560,532,526,545,497,560,560,560,532,560,533,547,516,525,526,560,533,552,553,560,116,498,545,552,543,560,537,539,547,553,543,560,539,560,560,560,537,516,525,116,539,497,498,539
project/sim_ext.py --sim-time 1.5 --seq-graph project/file/graph_15_nodes.json --traffic project/file/traffic_15_nodes_outer_chatting.json --inspection-rate 0.001 --mess-rate 0.002 --algorithm betweenness,0.3170313437908724,560,532,526,545,497,560,560,560,532,560,533,547,516,525,526,560,533,552,553,560,116,498,545,552,543,560,537,539,547,553,543,560,539,560,560,560,537,516,525,116,539,497,498,539
project/sim_ext.py --sim-time 1.5 --seq-graph project/file/graph_15_nodes.json --traffic project/file/traffic_15_nodes_outer_chatting.json --inspection-rate 0.001 --mess-rate 0.002 --algorithm betweenness,0.318084000001,560,532,526,545,497,560,560,560,532,560,533,547,516,525,526,560,533,552,553,560,116,498,545,552,543,560,537,539,547,553,543,560,539,560,560,560,537,516,525,116,539,497,498,539
project/sim_ext.py --sim-time 1.5 --seq-graph project/file/graph_15_nodes.json --traffic project/file/traffic_15_nodes_outer_chatting.json --inspection-rate 0.001 --mess-rate 0.002 --algorithm betweenness,0.3191090119584063,560,532,526,545,497,560,560,560,532,560,533,547,516,525,526,560,533,552,553,560,116,498,545,552,543,560,537,539,547,553,543,560,539,560,560,560,537,516,525,116,539,497,498,539
project/sim_ext.py --sim-time 1.5 --seq-graph project/file/graph_15_nodes.json --traffic project/file/traffic_15_nodes_outer_chatting.json --inspection-rate 0.001 --mess-rate 0.002 --algorithm betweenness,0.320166000001,560,532,526,545,497,560,560,560,532,560,533,547,516,525,526,560,533,552,553,560,116,498,545,552,543,560,537,539,547,553,543,560,539,560,560,560,537,516,525,116,539,497,498,539
project/sim_ext.py --sim-time 1.5 --seq-graph project/file/graph_15_nodes.json --traffic project/file/traffic_15_nodes_outer_chatting.json --inspection-rate 0.001 --mess-rate 0.002 --algorithm betweenness,0.32134625650720766,560,532,526,545,497,560,560,560,532,560,533,547,516,525,526,560,533,552,553,560,116,498,545,552,543,560,537,539,547,553,543,560,539,560,560,560,537,516,525,116,539,497,498,539
project/sim_ext.py --sim-time 1.5 --seq-graph project/file/graph_15_nodes.json --traffic project/file/traffic_15_nodes_outer_chatting.json --inspection-rate 0.001 --mess-rate 0.002 --algorithm betweenness,0.322497000001,560,532,526,545,497,560,560,560,532,560,533,547,516,525,526,560,533,552,553,560,116,498,545,552,543,560,537,539,547,553,543,560,539,560,560,560,537,516,525,116,539,497,498,539
project/sim_ext.py --sim-time 1.5 --seq-graph project/file/graph_15_nodes.json --traffic project/file/traffic_15_nodes_outer_chatting.json --inspection-rate 0.001 --mess-rate 0.002 --algorithm betweenness,0.323616000001,560,532,526,545,497,560,560,560,532,560,533,547,516,525,526,560,533,552,553,560,116,498,545,552,543,560,537,539,547,553,543,560,539,560,560,560,537,516,525,116,539,497,498,539
project/sim_ext.py --sim-time 1.5 --seq-graph project/file/graph_15_nodes.json --traffic project/file/traffic_15_nodes_outer_chatting.json --inspection-rate 0.001 --mess-rate 0.002 --algorithm betweenness,0.324625000001,560,532,526,545,497,560,560,560,532,560,533,547,516,525,526,560,533,552,553,560,116,498,545,552,543,560,537,539,547,553,543,560,539,560,560,560,537,516,525,116,539,497,498,539
project/sim_ext.py --sim-time 1.5 --seq-graph project/file/graph_15_nodes.json --traffic project/file/traffic_15_nodes_outer_chatting.json --inspection-rate 0.001 --mess-rate 0.002 --algorithm betweenness,0.32575600000099997,560,532,526,545,497,560,560,560,532,560,533,547,516,525,526,560,533,552,553,560,116,498,545,552,543,560,537,539,547,553,543,560,539,560,560,560,537,516,525,116,539,497,498,539
project/sim_ext.py --sim-time 1.5 --seq-graph project/file/graph_15_nodes.json --traffic project/file/traffic_15_nodes_outer_chatting.json --inspection-rate 0.001 --mess-rate 0.002 --algorithm betweenness,0.326801000001,640,612,606,625,497,640,640,640,612,640,613,627,516,525,606,640,613,632,633,640,196,578,625,632,623,560,617,619,627,633,623,640,619,640,560,640,617,516,525,196,619,497,578,619
project/sim_ext.py --sim-time 1.5 --seq-graph project/file/graph_15_nodes.json --traffic project/file/traffic_15_nodes_outer_chatting.json --inspection-rate 0.001 --mess-rate 0.002 --algorithm betweenness,0.327804000001,640,612,606,625,497,640,640,640,612,640,613,627,516,525,606,640,613,632,633,640,196,578,625,632,623,560,617,619,627,633,623,640,619,640,560,640,617,516,525,196,619,497,578,619
project/sim_ext.py --sim-time 1.5 --seq-graph project/file/graph_15_nodes.json --traffic project/file/traffic_15_nodes_outer_chatting.json --inspection-rate 0.001 --mess-rate 0.002 --algorithm betweenness,0.328846000001,640,612,606,625,497,640,640,640,612,640,613,627,516,525,606,640,613,632,633,640,196,578,625,632,623,560,617,619,627,633,623,640,619,640,560,640,617,516,525,196,619,497,578,619
project/sim_ext.py --sim-time 1.5 --seq-graph project/file/graph_15_nodes.json --traffic project/file/traffic_15_nodes_outer_chatting.json --inspection-rate 0.001 --mess-rate 0.002 --algorithm betweenness,0.329874999985,640,612,606,625,497,640,640,640,612,640,613,627,516,525,606,640,613,632,633,640,196,578,625,632,623,560,617,619,627,633,623,640,619,640,560,640,617,516,525,196,619,497,578,619
project/sim_ext.py --sim-time 1.5 --seq-graph project/file/graph_15_nodes.json --traffic project/file/traffic_15_nodes_outer_chatting.json --inspection-rate 0.001 --mess-rate 0.002 --algorithm betweenness,0.3309397985201704,640,612,606,625,497,640,640,640,612,640,613,627,516,525,606,640,613,632,633,640,196,578,625,632,623,560,617,619,627,633,623,640,619,640,560,640,617,516,525,196,619,497,578,619
project/sim_ext.py --sim-time 1.5 --seq-graph project/file/graph_15_nodes.json --traffic project/file/traffic_15_nodes_outer_chatting.json --inspection-rate 0.001 --mess-rate 0.002 --algorithm betweenness,0.331957000001,640,612,606,625,497,640,640,640,612,640,613,627,516,525,606,640,613,632,633,640,196,578,625,632,623,560,617,619,627,633,623,640,619,640,560,640,617,516,525,196,619,497,578,619
project/sim_ext.py --sim-time 1.5 --seq-graph project/file/graph_15_nodes.json --traffic project/file/traffic_15_nodes_outer_chatting.json --inspection-rate 0.001 --mess-rate 0.002 --algorithm betweenness,0.333013000001,640,612,606,625,497,640,640,640,612,640,613,627,516,525,606,640,613,632,633,640,196,578,625,632,623,560,617,619,627,633,623,640,619,640,560,640,617,516,525,196,619,497,578,619
project/sim_ext.py --sim-time 1.5 --seq-graph project/file/graph_15_nodes.json --traffic project/file/traffic_15_nodes_outer_chatting.json --inspection-rate 0.001 --mess-rate 0.002 --algorithm betweenness,0.334054000001,640,612,606,625,497,640,640,640,612,640,613,627,516,525,606,640,613,632,633,640,196,578,625,632,623,560,617,619,627,633,623,640,619,640,560,640,617,516,525,196,619,497,578,619
project/sim_ext.py --sim-time 1.5 --seq-graph project/file/graph_15_nodes.json --traffic project/file/traffic_15_nodes_outer_chatting.json --inspection-rate 0.001 --mess-rate 0.002 --algorithm betweenness,0.3351756086010655,640,612,606,625,497,640,640,640,612,640,613,627,516,525,606,640,613,632,633,640,196,578,625,632,623,560,617,619,627,633,623,640,619,640,560,640,617,516,525,196,619,497,578,619
project/sim_ext.py --sim-time 1.5 --seq-graph project/file/graph_15_nodes.json --traffic project/file/traffic_15_nodes_outer_chatting.json --inspection-rate 0.001 --mess-rate 0.002 --algorithm betweenness,0.3362208664601002,640,612,606,625,497,640,640,640,612,640,613,627,516,525,606,640,613,632,633,640,196,578,625,632,623,560,617,619,627,633,623,640,619,640,560,640,617,516,525,196,619,497,578,619
project/sim_ext.py --sim-time 1.5 --seq-graph project/file/graph_15_nodes.json --traffic project/file/traffic_15_nodes_outer_chatting.json --inspection-rate 0.001 --mess-rate 0.002 --algorithm betweenness,0.33722238908251984,640,612,606,625,577,640,640,640,612,640,613,627,596,605,606,640,613,632,633,640,196,578,625,632,623,640,617,619,627,633,623,640,619,640,640,640,617,596,605,196,619,577,578,619
project/sim_ext.py --sim-time 1.5 --seq-graph project/file/graph_15_nodes.json --traffic project/file/traffic_15_nodes_outer_chatting.json --inspection-rate 0.001 --mess-rate 0.002 --algorithm betweenness,0.3383918515185894,640,612,606,625,577,640,640,640,612,640,613,627,596,605,606,640,613,632,633,640,196,578,625,632,623,640,617,619,627,633,623,640,619,640,640,640,617,596,605,196,619,577,578,619
project/sim_ext.py --sim-time 1.5 --seq-graph project/file/graph_15_nodes.json --traffic project/file/traffic_15_nodes_outer_chatting.json --inspection-rate 0.001 --mess-rate 0.002 --algorithm betweenness,0.339398000001,640,612,606,625,577,640,640,640,612,640,613,627,596,605,606,640,613,632,633,640,196,578,625,632,623,640,617,619,627,633,623,640,619,640,640,640,617,596,605,196,619,577,578,619
project/sim_ext.py --sim-time 1.5 --seq-graph project/file/graph_15_nodes.json --traffic project/file/traffic_15_nodes_outer_chatting.json --inspection-rate 0.001 --mess-rate 0.002 --algorithm betweenness,0.3405004917364526,640,612,606,625,577,640,640,640,612,640,613,627,596,605,606,640,613,632,633,640,196,578,625,632,623,640,617,619,627,633,623,640,619,640,640,640,617,596,605,196,619,577,578,619
project/sim_ext.py --sim-time 1.5 --seq-graph project/file/graph_15_nodes.json --traffic project/file/traffic_15_nodes_outer_chatting.json --inspection-rate 0.001 --mess-rate 0.002 --algorithm betweenness,0.341593000001,640,612,606,625,577,640,640,640,612,640,613,627,596,605,606,640,613,632,633,640,196,578,625,632,623,640,617,619,627,633,623,640,619,640,640,640,617,596,605,196,619,577,578,619
project/sim_ext.py --sim-time 1.5 --seq-graph project/file/graph_15_nodes.json --traffic project/file/traffic_15_nodes_outer_chatting.json --inspection-rate 0.001 --mess-rate 0.002 --algorithm betweenness,0.3426057973618469,640,612,606,625,577,640,640,640,612,640,613,627,596,605,606,640,613,632,633,640,196,578,625,632,623,640,617,619,627,633,623,640,619,640,640,640,617,596,605,196,619,577,578,619
project/sim_ext.py --sim-time 1.5 --seq-graph project/file/graph_15_nodes.json --traffic project/file/traffic_15_nodes_outer_chatting.json --inspection-rate 0.001 --mess-rate 0.002 --algorithm betweenness,0.343631000001,640,612,606,625,577,640,640,640,612,640,613,627,596,605,606,640,613,632,633,640,196,578,625,632,623,640,617,619,627,633,623,640,619,640,640,640,617,596,605,196,619,577,578,619
project/sim_ext.py --sim-time 1.5 --seq-graph project/file/graph_15_nodes.json --traffic project/file/traffic_15_nodes_outer_chatting.json --inspection-rate 0.001 --mess-rate 0.002 --algorithm betweenness,0.34465700000099997,640,612,606,625,577,640,640,640,612,640,613,627,596,605,606,640,613,632,633,640,196,578,625,632,623,640,617,619,627,633,623,640,619,640,640,640,617,596,605,196,619,577,578,619
project/sim_ext.py --sim-time 1.5 --seq-graph project/file/graph_15_nodes.json --traffic project/file/traffic_15_nodes_outer_chatting.json --inspection-rate 0.001 --mess-rate 0.002 --algorithm betweenness,0.3458537206321914,640,612,606,625,577,640,640,640,612,640,613,627,596,605,606,640,613,632,633,640,196,578,625,632,623,640,617,619,627,633,623,640,619,640,640,640,617,596,605,196,619,577,578,619
project/sim_ext.py --sim-time 1.5 --seq-graph project/file/graph_15_nodes.json --traffic project/file/traffic_15_nodes_outer_chatting.json --inspection-rate 0.001 --mess-rate 0.002 --algorithm betweenness,0.346970000001,640,612,606,625,577,640,640,640,612,640,613,627,596,605,606,640,613,632,633,640,196,578,625,632,623,640,617,619,627,633,623,640,619,640,640,640,617,596,605,196,619,577,578,619
project/sim_ext.py --sim-time 1.5 --seq-graph project/file/graph_15_nodes.json --traffic project/file/traffic_15_nodes_outer_chatting.json --inspection-rate 0.001 --mess-rate 0.002 --algorithm betweenness,0.34801198877006106,640,612,606,625,577,640,640,640,612,640,613,627,596,605,606,640,613,632,633,640,196,578,625,632,623,640,617,619,627,633,623,640,619,640,640,640,617,596,605,196,619,577,578,619
project/sim_ext.py --sim-time 1.5 --seq-graph project/file/graph_15_nodes.json --traffic project/file/traffic_15_nodes_outer_chatting.json --inspection-rate 0.001 --mess-rate 0.002 --algorithm betweenness,0.349046000001,640,612,606,625,577,640,640,640,612,640,613,627,596,605,606,640,613,632,633,640,196,578,625,632,623,640,617,619,627,633,623,640,619,640,640,640,617,596,605,196,619,577,578,619
project/sim_ext.py --sim-time 1.5 --seq-graph project/file/graph_15_nodes.json --traffic project/file/traffic_15_nodes_outer_chatting.json --inspection-rate 0.001 --mess-rate 0.002 --algorithm betweenness,0.350057000001,640,612,606,625,577,640,640,640,612,640,613,627,596,605,606,640,613,632,633,640,196,578,625,632,623,640,617,619,627,633,623,640,619,640,640,640,617,596,605,196,619,577,578,619
project/sim_ext.py --sim-time 1.5 --seq-graph project/file/graph_15_nodes.json --traffic project/file/traffic_15_nodes_outer_chatting.json --inspection-rate 0.001 --mess-rate 0.002 --algorithm betweenness,0.351094000001,640,612,606,625,577,640,640,640,612,640,613,627,596,605,606,640,613,632,633,640,196,578,625,632,623,640,617,619,627,633,623,640,619,640,640,640,617,596,605,196,619,577,578,619
project/sim_ext.py --sim-time 1.5 --seq-graph project/file/graph_15_nodes.json --traffic project/file/traffic_15_nodes_outer_chatting.json --inspection-rate 0.001 --mess-rate 0.002 --algorithm betweenness,0.352104000001,640,612,606,625,577,640,640,640,612,640,613,627,596,605,606,640,613,632,633,640,196,578,625,632,623,640,617,619,627,633,623,640,619,640,640,640,617,596,605,196,619,577,578,619
project/sim_ext.py --sim-time 1.5 --seq-graph project/file/graph_15_nodes.json --traffic project/file/traffic_15_nodes_outer_chatting.json --inspection-rate 0.001 --mess-rate 0.002 --algorithm betweenness,0.353153000001,640,612,606,625,577,640,640,640,612,640,613,627,596,605,606,640,613,632,633,640,196,578,625,632,623,640,617,619,627,633,623,640,619,640,640,640,617,596,605,196,619,577,578,619
project/sim_ext.py --sim-time 1.5 --seq-graph project/file/graph_15_nodes.json --traffic project/file/traffic_15_nodes_outer_chatting.json --inspection-rate 0.001 --mess-rate 0.002 --algorithm betweenness,0.354316000001,640,612,606,625,577,640,640,640,612,640,613,627,596,605,606,640,613,632,633,640,196,578,625,632,623,640,617,619,627,633,623,640,619,640,640,640,617,596,605,196,619,577,578,619
project/sim_ext.py --sim-time 1.5 --seq-graph project/file/graph_15_nodes.json --traffic project/file/traffic_15_nodes_outer_chatting.json --inspection-rate 0.001 --mess-rate 0.002 --algorithm betweenness,0.355516000001,640,612,606,625,577,640,640,640,612,640,613,627,596,605,606,640,613,632,633,640,196,578,625,632,623,640,617,619,627,633,623,640,619,640,640,640,617,596,605,196,619,577,578,619
project/sim_ext.py --sim-time 1.5 --seq-graph project/file/graph_15_nodes.json --traffic project/file/traffic_15_nodes_outer_chatting.json --inspection-rate 0.001 --mess-rate 0.002 --algorithm betweenness,0.356595000001,640,612,606,625,577,640,640,640,612,640,613,627,596,605,606,640,613,632,633,640,196,578,625,632,623,640,617,619,627,633,623,640,619,640,640,640,617,596,605,196,619,577,578,619
project/sim_ext.py --sim-time 1.5 --seq-graph project/file/graph_15_nodes.json --traffic project/file/traffic_15_nodes_outer_chatting.json --inspection-rate 0.001 --mess-rate 0.002 --algorithm betweenness,0.357682000001,640,612,606,625,577,640,640,640,612,640,613,627,596,605,606,640,613,632,633,640,196,578,625,632,623,640,617,619,627,633,623,640,619,640,640,640,617,596,605,196,619,577,578,619
project/sim_ext.py --sim-time 1.5 --seq-graph project/file/graph_15_nodes.json --traffic project/file/traffic_15_nodes_outer_chatting.json --inspection-rate 0.001 --mess-rate 0.002 --algorithm betweenness,0.358843000001,640,612,606,625,577,640,640,640,612,640,613,627,596,605,606,640,613,632,633,640,196,578,625,632,623,640,617,619,627,633,623,640,619,640,640,640,617,596,605,196,619,577,578,619
project/sim_ext.py --sim-time 1.5 --seq-graph project/file/graph_15_nodes.json --traffic project/file/traffic_15_nodes_outer_chatting.json --inspection-rate 0.001 --mess-rate 0.002 --algorithm betweenness,0.359874000001,640,612,606,625,577,640,640,640,612,640,613,627,596,605,606,640,613,632,633,640,196,578,625,632,623,640,617,619,627,633,623,640,619,640,640,640,617,596,605,196,619,577,578,619
project/sim_ext.py --sim-time 1.5 --seq-graph project/file/graph_15_nodes.json --traffic project/file/traffic_15_nodes_outer_chatting.json --inspection-rate 0.001 --mess-rate 0.002 --algorithm betweenness,0.360959000001,640,612,606,625,577,640,640,640,612,640,613,627,596,605,606,640,613,632,633,640,196,578,625,632,623,640,617,619,627,633,623,640,619,640,640,640,617,596,605,196,619,577,578,619
project/sim_ext.py --sim-time 1.5 --seq-graph project/file/graph_15_nodes.json --traffic project/file/traffic_15_nodes_outer_chatting.json --inspection-rate 0.001 --mess-rate 0.002 --algorithm betweenness,0.36199485586067476,640,612,606,625,577,640,640,640,612,640,613,627,596,605,606,640,613,632,633,640,196,578,625,632,623,640,617,619,627,633,623,640,619,640,640,640,617,596,605,196,619,577,578,619
project/sim_ext.py --sim-time 1.5 --seq-graph project/file/graph_15_nodes.json --traffic project/file/traffic_15_nodes_outer_chatting.json --inspection-rate 0.001 --mess-rate 0.002 --algorithm betweenness,0.363102799997,640,612,606,625,577,640,640,640,612,640,613,627,596,605,606,640,613,632,633,640,196,578,625,632,623,640,617,619,627,633,623,640,619,640,640,640,617,596,605,196,619,577,578,619
project/sim_ext.py --sim-time 1.5 --seq-graph project/file/graph_15_nodes.json --traffic project/file/traffic_15_nodes_outer_chatting.json --inspection-rate 0.001 --mess-rate 0.002 --algorithm betweenness,0.364179000001,640,612,606,625,577,640,640,640,612,640,613,627,596,605,606,640,613,632,633,640,196,578,625,632,623,640,617,619,627,633,623,640,619,640,640,640,617,596,605,196,619,577,578,619
project/sim_ext.py --sim-time 1.5 --seq-graph project/file/graph_15_nodes.json --traffic project/file/traffic_15_nodes_outer_chatting.json --inspection-rate 0.001 --mess-rate 0.002 --algorithm betweenness,0.365304999982,640,612,606,625,577,640,640,640,612,640,613,627,596,605,606,640,613,632,633,640,196,578,625,632,623,640,617,619,627,633,623,640,619,640,640,640,617,596,605,196,619,577,578,619
project/sim_ext.py --sim-time 1.5 --seq-graph project/file/graph_15_nodes.json --traffic project/file/traffic_15_nodes_outer_chatting.json --inspection-rate 0.001 --mess-rate 0.002 --algorithm betweenness,0.36630909342062334,640,612,606,625,577,640,640,640,612,640,613,627,596,605,606,640,613,632,633,640,276,578,625,632,623,640,617,619,627,633,623,640,619,640,640,640,617,596,605,276,619,577,578,619
project/sim_ext.py --sim-time 1.5 --seq-graph project/file/graph_15_nodes.json --traffic project/file/traffic_15_nodes_outer_chatting.json --inspection-rate 0.001 --mess-rate 0.002 --algorithm betweenness,0.367344999982,640,612,606,625,577,640,640,640,612,640,613,627,596,605,606,640,613,632,633,640,276,578,625,632,623,640,617,619,627,633,623,640,619,640,640,640,617,596,605,276,619,577,578,619
project/sim_ext.py --sim-time 1.5 --seq-graph project/file/graph_15_nodes.json --traffic project/file/traffic_15_nodes_outer_chatting.json --inspection-rate 0.001 --mess-rate 0.002 --algorithm betweenness,0.3684907527514826,720,692,686,705,657,720,720,720,692,720,693,707,676,685,686,720,693,712,713,720,276,658,705,712,703,720,697,699,707,713,703,720,699,720,720,720,697,676,685,276,699,657,658,699
project/sim_ext.py --sim-time 1.5 --seq-graph project/file/graph_15_nodes.json --traffic project/file/traffic_15_nodes_outer_chatting.json --inspection-rate 0.001 --mess-rate 0.002 --algorithm betweenness,0.36963439122992203,720,692,686,705,657,720,720,720,692,720,693,707,676,685,686,720,693,712,713,720,276,658,705,712,703,720,697,699,707,713,703,720,699,720,720,720,697,676,685,276,699,657,658,699
project/sim_ext.py --sim-time 1.5 --seq-graph project/file/graph_15_nodes.json --traffic project/file/traffic_15_nodes_outer_chatting.json --inspection-rate 0.001 --mess-rate 0.002 --algorithm betweenness,0.370804000001,720,692,686,705,657,720,720,720,692,720,693,707,676,685,686,720,693,712,713,720,276,658,705,712,703,720,697,699,707,713,703,720,699,720,720,720,697,676,685,276,699,657,658,699
project/sim_ext.py --sim-time 1.5 --seq-graph project/file/graph_15_nodes.json --traffic project/file/traffic_15_nodes_outer_chatting.json --inspection-rate 0.001 --mess-rate 0.002 --algorithm betweenness,0.371815000001,720,692,686,705,657,720,720,720,692,720,693,707,676,685,686,720,693,712,713,720,276,658,705,712,703,720,697,699,707,713,703,720,699,720,720,720,697,676,685,276,699,657,658,699
project/sim_ext.py --sim-time 1.5 --seq-graph project/file/graph_15_nodes.json --traffic project/file/traffic_15_nodes_outer_chatting.json --inspection-rate 0.001 --mess-rate 0.002 --algorithm betweenness,0.372900000001,720,692,686,705,657,720,720,720,692,720,693,707,676,685,686,720,693,712,713,720,276,658,705,712,703,720,697,699,707,713,703,720,699,720,720,720,697,676,685,276,699,657,658,699
project/sim_ext.py --sim-time 1.5 --seq-graph project/file/graph_15_nodes.json --traffic project/file/traffic_15_nodes_outer_chatting.json --inspection-rate 0.001 --mess-rate 0.002 --algorithm betweenness,0.373920999997,720,692,686,705,657,720,720,720,692,720,693,707,676,685,686,720,693,712,713,720,276,658,705,712,703,720,697,699,707,713,703,720,699,720,720,720,697,676,685,276,699,657,658,699
project/sim_ext.py --sim-time 1.5 --seq-graph project/file/graph_15_nodes.json --traffic project/file/traffic_15_nodes_outer_chatting.json --inspection-rate 0.001 --mess-rate 0.002 --algorithm betweenness,0.37506179249013993,720,692,686,705,657,720,720,720,692,720,693,707,676,685,686,720,693,712,713,720,276,658,705,712,703,720,697,699,707,713,703,720,699,720,720,720,697,676,685,276,699,657,658,699
project/sim_ext.py --sim-time 1.5 --seq-graph project/file/graph_15_nodes.json --traffic project/file/traffic_15_nodes_outer_chatting.json --inspection-rate 0.001 --mess-rate 0.002 --algorithm betweenness,0.37612500000099996,720,692,686,705,657,720,720,720,692,720,693,707,676,685,686,720,693,712,713,720,276,658,705,712,703,720,697,699,707,713,703,720,699,720,720,720,697,676,685,276,699,657,658,699
project/sim_ext.py --sim-time 1.5 --seq-graph project/file/graph_15_nodes.json --traffic project/file/traffic_15_nodes_outer_chatting.json --inspection-rate 0.001 --mess-rate 0.002 --algorithm betweenness,0.377134000001,720,692,686,705,657,720,720,720,692,720,693,707,676,685,686,720,693,712,713,720,276,658,705,712,703,720,697,699,707,713,703,720,699,720,720,720,697,676,685,276,699,657,658,699
project/sim_ext.py --sim-time 1.5 --seq-graph project/file/graph_15_nodes.json --traffic project/file/traffic_15_nodes_outer_chatting.json --inspection-rate 0.001 --mess-rate 0.002 --algorithm betweenness,0.378354000001,720,692,686,705,657,720,720,720,692,720,693,707,676,685,686,720,693,712,713,720,276,658,705,712,703,720,697,699,707,713,703,720,699,720,720,720,697,676,685,276,699,657,658,699
project/sim_ext.py --sim-time 1.5 --seq-graph project/file/graph_15_nodes.json --traffic project/file/traffic_15_nodes_outer_chatting.json --inspection-rate 0.001 --mess-rate 0.002 --algorithm betweenness,0.379547000001,720,692,686,705,657,720,720,720,692,720,693,707,676,685,686,720,693,712,713,720,276,658,705,712,703,720,697,699,707,713,703,720,699,720,720,720,697,676,685,276,699,657,658,699
project/sim_ext.py --sim-time 1.5 --seq-graph project/file/graph_15_nodes.json --traffic project/file/traffic_15_nodes_outer_chatting.json --inspection-rate 0.001 --mess-rate 0.002 --algorithm betweenness,0.380606799997,720,692,686,705,657,720,720,720,692,720,693,707,676,685,686,720,693,712,713,720,276,658,705,712,703,720,697,699,707,713,703,720,699,720,720,720,697,676,685,276,699,657,658,699
project/sim_ext.py --sim-time 1.5 --seq-graph project/file/graph_15_nodes.json --traffic project/file/traffic_15_nodes_outer_chatting.json --inspection-rate 0.001 --mess-rate 0.002 --algorithm betweenness,0.381656000001,720,692,686,705,657,720,720,720,692,720,693,707,676,685,686,720,693,712,713,720,276,658,705,712,703,720,697,699,707,713,703,720,699,720,720,720,697,676,685,276,699,657,658,699
project/sim_ext.py --sim-time 1.5 --seq-graph project/file/graph_15_nodes.json --traffic project/file/traffic_15_nodes_outer_chatting.json --inspection-rate 0.001 --mess-rate 0.002 --algorithm betweenness,0.382778599997,720,692,686,705,657,720,720,720,692,720,693,707,676,685,686,720,693,712,713,720,276,658,705,712,703,720,697,699,707,713,703,720,699,720,720,720,697,676,685,276,699,657,658,699
project/sim_ext.py --sim-time 1.5 --seq-graph project/file/graph_15_nodes.json --traffic project/file/traffic_15_nodes_outer_chatting.json --inspection-rate 0.001 --mess-rate 0.002 --algorithm betweenness,0.383922000001,720,692,686,705,657,720,720,720,692,720,693,707,676,685,686,720,693,712,713,720,276,658,705,712,703,720,697,699,707,713,703,720,699,720,720,720,697,676,685,276,699,657,658,699
project/sim_ext.py --sim-time 1.5 --seq-graph project/file/graph_15_nodes.json --traffic project/file/traffic_15_nodes_outer_chatting.json --inspection-rate 0.001 --mess-rate 0.002 --algorithm betweenness,0.384992000001,720,692,686,705,657,720,720,720,692,720,693,707,676,685,686,720,693,712,713,720,276,658,705,712,703,720,697,699,707,713,703,720,699,720,720,720,697,676,685,276,699,657,658,699
project/sim_ext.py --sim-time 1.5 --seq-graph project/file/graph_15_nodes.json --traffic project/file/traffic_15_nodes_outer_chatting.json --inspection-rate 0.001 --mess-rate 0.002 --algorithm betweenness,0.38606499997,720,692,686,705,657,720,720,720,692,720,693,707,676,685,686,720,693,712,713,720,276,658,705,712,703,720,697,699,707,713,703,720,699,720,720,720,697,676,685,276,699,657,658,699
project/sim_ext.py --sim-time 1.5 --seq-graph project/file/graph_15_nodes.json --traffic project/file/traffic_15_nodes_outer_chatting.json --inspection-rate 0.001 --mess-rate 0.002 --algorithm betweenness,0.38708499998199997,720,692,686,705,657,720,720,720,692,720,693,707,676,685,686,720,693,712,713,720,276,658,705,712,703,720,697,699,707,713,703,720,699,720,720,720,697,676,685,276,699,657,658,699
project/sim_ext.py --sim-time 1.5 --seq-graph project/file/graph_15_nodes.json --traffic project/file/traffic_15_nodes_outer_chatting.json --inspection-rate 0.001 --mess-rate 0.002 --algorithm betweenness,0.388147000001,720,692,686,705,657,720,720,720,692,720,693,707,676,685,686,720,693,712,713,720,276,658,705,712,703,720,697,699,707,713,703,720,699,720,720,720,697,676,685,276,699,657,658,699
project/sim_ext.py --sim-time 1.5 --seq-graph project/file/graph_15_nodes.json --traffic project/file/traffic_15_nodes_outer_chatting.json --inspection-rate 0.001 --mess-rate 0.002 --algorithm betweenness,0.3892714458034969,720,692,686,705,657,720,720,720,692,720,693,707,676,685,686,720,693,712,713,720,276,658,705,712,703,720,697,699,707,713,703,720,699,720,720,720,697,676,685,276,699,657,658,699
project/sim_ext.py --sim-time 1.5 --seq-graph project/file/graph_15_nodes.json --traffic project/file/traffic_15_nodes_outer_chatting.json --inspection-rate 0.001 --mess-rate 0.002 --algorithm betweenness,0.390354000001,720,692,686,705,657,720,720,720,692,720,693,707,676,685,686,720,693,712,713,720,276,658,705,712,703,720,697,699,707,713,703,720,699,720,720,720,697,676,685,276,699,657,658,699
project/sim_ext.py --sim-time 1.5 --seq-graph project/file/graph_15_nodes.json --traffic project/file/traffic_15_nodes_outer_chatting.json --inspection-rate 0.001 --mess-rate 0.002 --algorithm betweenness,0.391514000001,720,692,686,705,657,720,720,720,692,720,693,707,676,685,686,720,693,712,713,720,276,658,705,712,703,720,697,699,707,713,703,720,699,720,720,720,697,676,685,276,699,657,658,699
project/sim_ext.py --sim-time 1.5 --seq-graph project/file/graph_15_nodes.json --traffic project/file/traffic_15_nodes_outer_chatting.json --inspection-rate 0.001 --mess-rate 0.002 --algorithm betweenness,0.39253000000099997,720,692,686,705,657,720,720,720,692,720,693,707,676,685,686,720,693,712,713,720,276,658,705,712,703,720,697,699,707,713,703,720,699,720,720,720,697,676,685,276,699,657,658,699
project/sim_ext.py --sim-time 1.5 --seq-graph project/file/graph_15_nodes.json --traffic project/file/traffic_15_nodes_outer_chatting.json --inspection-rate 0.001 --mess-rate 0.002 --algorithm betweenness,0.393654999982,720,692,686,705,657,720,720,720,692,720,693,707,676,685,686,720,693,712,713,720,276,658,705,712,703,720,697,699,707,713,703,720,699,720,720,720,697,676,685,276,699,657,658,699
project/sim_ext.py --sim-time 1.5 --seq-graph project/file/graph_15_nodes.json --traffic project/file/traffic_15_nodes_outer_chatting.json --inspection-rate 0.001 --mess-rate 0.002 --algorithm betweenness,0.394734999982,720,692,686,705,657,720,720,720,692,720,693,707,676,685,686,720,693,712,713,720,276,658,705,712,703,720,697,699,707,713,703,720,699,720,720,720,697,676,685,276,699,657,658,699
project/sim_ext.py --sim-time 1.5 --seq-graph project/file/graph_15_nodes.json --traffic project/file/traffic_15_nodes_outer_chatting.json --inspection-rate 0.001 --mess-rate 0.002 --algorithm betweenness,0.395883000001,720,692,686,705,657,720,720,720,692,720,693,707,676,685,686,720,693,712,713,720,276,658,705,712,703,720,697,699,707,713,703,720,699,720,720,720,697,676,685,276,699,657,658,699
project/sim_ext.py --sim-time 1.5 --seq-graph project/file/graph_15_nodes.json --traffic project/file/traffic_15_nodes_outer_chatting.json --inspection-rate 0.001 --mess-rate 0.002 --algorithm betweenness,0.397029000001,720,692,686,705,657,720,720,720,692,720,693,707,676,685,686,720,693,712,713,720,276,658,705,712,703,720,697,699,707,713,703,720,699,720,720,720,697,676,685,276,699,657,658,699
project/sim_ext.py --sim-time 1.5 --seq-graph project/file/graph_15_nodes.json --traffic project/file/traffic_15_nodes_outer_chatting.json --inspection-rate 0.001 --mess-rate 0.002 --algorithm betweenness,0.39805700000099997,720,692,686,705,657,720,720,720,692,720,693,707,676,685,686,720,693,712,713,720,276,658,705,712,703,720,697,699,707,713,703,720,699,720,720,720,697,676,685,276,699,657,658,699
project/sim_ext.py --sim-time 1.5 --seq-graph project/file/graph_15_nodes.json --traffic project/file/traffic_15_nodes_outer_chatting.json --inspection-rate 0.001 --mess-rate 0.002 --algorithm betweenness,0.399174000001,800,772,766,785,737,800,800,800,772,800,773,787,756,765,766,800,773,792,793,800,276,738,785,792,783,800,777,779,787,793,783,800,779,800,800,800,777,756,765,276,779,737,738,779
project/sim_ext.py --sim-time 1.5 --seq-graph project/file/graph_15_nodes.json --traffic project/file/traffic_15_nodes_outer_chatting.json --inspection-rate 0.001 --mess-rate 0.002 --algorithm betweenness,0.40019814814875293,800,772,766,785,737,800,800,800,772,800,773,787,756,765,766,800,773,792,793,800,356,738,785,792,783,800,777,779,787,793,783,800,779,800,800,800,777,756,765,356,779,737,738,779
project/sim_ext.py --sim-time 1.5 --seq-graph project/file/graph_15_nodes.json --traffic project/file/traffic_15_nodes_outer_chatting.json --inspection-rate 0.001 --mess-rate 0.002 --algorithm betweenness,0.4013714376993654,800,772,766,785,737,800,800,800,772,800,773,787,756,765,766,800,773,792,793,800,356,738,785,792,783,800,777,779,787,793,783,800,779,800,800,800,777,756,765,356,779,737,738,779
project/sim_ext.py --sim-time 1.5 --seq-graph project/file/graph_15_nodes.json --traffic project/file/traffic_15_nodes_outer_chatting.json --inspection-rate 0.001 --mess-rate 0.002 --algorithm betweenness,0.402377000001,800,772,766,785,737,800,800,800,772,800,773,787,756,765,766,800,773,792,793,800,356,738,785,792,783,800,777,779,787,793,783,800,779,800,800,800,777,756,765,356,779,737,738,779
project/sim_ext.py --sim-time 1.5 --seq-graph project/file/graph_15_nodes.json --traffic project/file/traffic_15_nodes_outer_chatting.json --inspection-rate 0.001 --mess-rate 0.002 --algorithm betweenness,0.403396000001,800,772,766,785,737,800,800,800,772,800,773,787,756,765,766,800,773,792,793,800,356,738,785,792,783,800,777,779,787,793,783,800,779,800,800,800,777,756,765,356,779,737,738,779
project/sim_ext.py --sim-time 1.5 --seq-graph project/file/graph_15_nodes.json --traffic project/file/traffic_15_nodes_outer_chatting.json --inspection-rate 0.001 --mess-rate 0.002 --algorithm betweenness,0.404417000001,800,772,766,785,737,800,800,800,772,800,773,787,756,765,766,800,773,792,793,800,356,738,785,792,783,800,777,779,787,793,783,800,779,800,800,800,777,756,765,356,779,737,738,779
project/sim_ext.py --sim-time 1.5 --seq-graph project/file/graph_15_nodes.json --traffic project/file/traffic_15_nodes_outer_chatting.json --inspection-rate 0.001 --mess-rate 0.002 --algorithm betweenness,0.405568000001,800,772,766,785,737,800,800,800,772,800,773,787,756,765,766,800,773,792,793,800,356,738,785,792,783,800,777,779,787,793,783,800,779,800,800,800,777,756,765,356,779,737,738,779
project/sim_ext.py --sim-time 1.5 --seq-graph project/file/graph_15_nodes.json --traffic project/file/traffic_15_nodes_outer_chatting.json --inspection-rate 0.001 --mess-rate 0.002 --algorithm betweenness,0.406607000001,800,772,766,785,737,800,800,800,772,800,773,787,756,765,766,800,773,792,793,800,356,738,785,792,783,800,777,779,787,793,783,800,779,800,800,800,777,756,765,356,779,737,738,779
project/sim_ext.py --sim-time 1.5 --seq-graph project/file/graph_15_nodes.json --traffic project/file/traffic_15_nodes_outer_chatting.json --inspection-rate 0.001 --mess-rate 0.002 --algorithm betweenness,0.407731000001,800,772,766,785,737,800,800,800,772,800,773,787,756,765,766,800,773,792,793,800,356,738,785,792,783,800,777,779,787,793,783,800,779,800,800,800,777,756,765,356,779,737,738,779
project/sim_ext.py --sim-time 1.5 --seq-graph project/file/graph_15_nodes.json --traffic project/file/traffic_15_nodes_outer_chatting.json --inspection-rate 0.001 --mess-rate 0.002 --algorithm betweenness,0.4088343089265514,800,772,766,785,737,800,800,800,772,800,773,787,756,765,766,800,773,792,793,800,356,738,785,792,783,800,777,779,787,793,783,800,779,800,800,800,777,756,765,356,779,737,738,779
project/sim_ext.py --sim-time 1.5 --seq-graph project/file/graph_15_nodes.json --traffic project/file/traffic_15_nodes_outer_chatting.json --inspection-rate 0.001 --mess-rate 0.002 --algorithm betweenness,0.409885000001,800,772,766,785,737,800,800,800,772,800,773,787,756,765,766,800,773,792,793,800,356,738,785,792,783,800,777,779,787,793,783,800,779,800,800,800,777,756,765,356,779,737,738,779
project/sim_ext.py --sim-time 1.5 --seq-graph project/file/graph_15_nodes.json --traffic project/file/traffic_15_nodes_outer_chatting.json --inspection-rate 0.001 --mess-rate 0.002 --algorithm betweenness,0.410976000001,800,772,766,785,737,800,800,800,772,800,773,787,756,765,766,800,773,792,793,800,356,738,785,792,783,800,777,779,787,793,783,800,779,800,800,800,777,756,765,356,779,737,738,779
project/sim_ext.py --sim-time 1.5 --seq-graph project/file/graph_15_nodes.json --traffic project/file/traffic_15_nodes_outer_chatting.json --inspection-rate 0.001 --mess-rate 0.002 --algorithm betweenness,0.412119000001,800,772,766,785,737,800,800,800,772,800,773,787,756,765,766,800,773,792,793,800,356,738,785,792,783,800,777,779,787,793,783,800,779,800,800,800,777,756,765,356,779,737,738,779
project/sim_ext.py --sim-time 1.5 --seq-graph project/file/graph_15_nodes.json --traffic project/file/traffic_15_nodes_outer_chatting.json --inspection-rate 0.001 --mess-rate 0.002 --algorithm betweenness,0.413220000001,800,772,766,785,737,800,800,800,772,800,773,787,756,765,766,800,773,792,793,800,356,738,785,792,783,800,777,779,787,793,783,800,779,800,800,800,777,756,765,356,779,737,738,779
project/sim_ext.py --sim-time 1.5 --seq-graph project/file/graph_15_nodes.json --traffic project/file/traffic_15_nodes_outer_chatting.json --inspection-rate 0.001 --mess-rate 0.002 --algorithm betweenness,0.41424639805552016,800,772,766,785,737,800,800,800,772,800,773,787,756,765,766,800,773,792,793,800,356,738,785,792,783,800,777,779,787,793,783,800,779,800,800,800,777,756,765,356,779,737,738,779
project/sim_ext.py --sim-time 1.5 --seq-graph project/file/graph_15_nodes.json --traffic project/file/traffic_15_nodes_outer_chatting.json --inspection-rate 0.001 --mess-rate 0.002 --algorithm betweenness,0.415324000001,800,772,766,785,737,800,800,800,772,800,773,787,756,765,766,800,773,792,793,800,356,738,785,792,783,800,777,779,787,793,783,800,779,800,800,800,777,756,765,356,779,737,738,779
project/sim_ext.py --sim-time 1.5 --seq-graph project/file/graph_15_nodes.json --traffic project/file/traffic_15_nodes_outer_chatting.json --inspection-rate 0.001 --mess-rate 0.002 --algorithm betweenness,0.416349000001,800,772,766,785,737,800,800,800,772,800,773,787,756,765,766,800,773,792,793,800,356,738,785,792,783,800,777,779,787,793,783,800,779,800,800,800,777,756,765,356,779,737,738,779
project/sim_ext.py --sim-time 1.5 --seq-graph project/file/graph_15_nodes.json --traffic project/file/traffic_15_nodes_outer_chatting.json --inspection-rate 0.001 --mess-rate 0.002 --algorithm betweenness,0.417484000001,800,772,766,785,737,800,800,800,772,800,773,787,756,765,766,800,773,792,793,800,356,738,785,792,783,800,777,779,787,793,783,800,779,800,800,800,777,756,765,356,779,737,738,779
project/sim_ext.py --sim-time 1.5 --seq-graph project/file/graph_15_nodes.json --traffic project/file/traffic_15_nodes_outer_chatting.json --inspection-rate 0.001 --mess-rate 0.002 --algorithm betweenness,0.418604000001,800,772,766,785,737,800,800,800,772,800,773,787,756,765,766,800,773,792,793,800,356,738,785,792,783,800,777,779,787,793,783,800,779,800,800,800,777,756,765,356,779,737,738,779
project/sim_ext.py --sim-time 1.5 --seq-graph project/file/graph_15_nodes.json --traffic project/file/traffic_15_nodes_outer_chatting.json --inspection-rate 0.001 --mess-rate 0.002 --algorithm betweenness,0.419698000001,800,772,766,785,737,800,800,800,772,800,773,787,756,765,766,800,773,792,793,800,356,738,785,792,783,800,777,779,787,793,783,800,779,800,800,800,777,756,765,356,779,737,738,779
project/sim_ext.py --sim-time 1.5 --seq-graph project/file/graph_15_nodes.json --traffic project/file/traffic_15_nodes_outer_chatting.json --inspection-rate 0.001 --mess-rate 0.002 --algorithm betweenness,0.420851000001,800,772,766,785,737,800,800,800,772,800,773,787,756,765,766,800,773,792,793,800,356,738,785,792,783,800,777,779,787,793,783,800,779,800,800,800,777,756,765,356,779,737,738,779
project/sim_ext.py --sim-time 1.5 --seq-graph project/file/graph_15_nodes.json --traffic project/file/traffic_15_nodes_outer_chatting.json --inspection-rate 0.001 --mess-rate 0.002 --algorithm betweenness,0.421854799997,800,772,766,785,737,800,800,800,772,800,773,787,756,765,766,800,773,792,793,800,356,738,785,792,783,800,777,779,787,793,783,800,779,800,800,800,777,756,765,356,779,737,738,779
project/sim_ext.py --sim-time 1.5 --seq-graph project/file/graph_15_nodes.json --traffic project/file/traffic_15_nodes_outer_chatting.json --inspection-rate 0.001 --mess-rate 0.002 --algorithm betweenness,0.422974000001,800,772,766,785,737,800,800,800,772,800,773,787,756,765,766,800,773,792,793,800,356,738,785,792,783,800,777,779,787,793,783,800,779,800,800,800,777,756,765,356,779,737,738,779
project/sim_ext.py --sim-time 1.5 --seq-graph project/file/graph_15_nodes.json --traffic project/file/traffic_15_nodes_outer_chatting.json --inspection-rate 0.001 --mess-rate 0.002 --algorithm betweenness,0.423992000001,800,772,766,785,737,800,800,800,772,800,773,787,756,765,766,800,773,792,793,800,356,738,785,792,783,800,777,779,787,793,783,800,779,800,800,800,777,756,765,356,779,737,738,779
project/sim_ext.py --sim-time 1.5 --seq-graph project/file/graph_15_nodes.json --traffic project/file/traffic_15_nodes_outer_chatting.json --inspection-rate 0.001 --mess-rate 0.002 --algorithm betweenness,0.425131000001,800,772,766,785,737,800,800,800,772,800,773,787,756,765,766,800,773,792,793,800,356,738,785,792,783,800,777,779,787,793,783,800,779,800,800,800,777,756,765,356,779,737,738,779
project/sim_ext.py --sim-time 1.5 --seq-graph project/file/graph_15_nodes.json --traffic project/file/traffic_15_nodes_outer_chatting.json --inspection-rate 0.001 --mess-rate 0.002 --algorithm betweenness,0.426158000001,800,772,766,785,737,800,800,800,772,800,773,787,756,765,766,800,773,792,793,800,356,738,785,792,783,800,777,779,787,793,783,800,779,800,800,800,777,756,765,356,779,737,738,779
project/sim_ext.py --sim-time 1.5 --seq-graph project/file/graph_15_nodes.json --traffic project/file/traffic_15_nodes_outer_chatting.json --inspection-rate 0.001 --mess-rate 0.002 --algorithm betweenness,0.427309000001,800,772,766,785,737,800,800,800,772,800,773,787,756,765,766,800,773,792,793,800,356,738,785,792,783,800,777,779,787,793,783,800,779,800,800,800,777,756,765,356,779,737,738,779
project/sim_ext.py --sim-time 1.5 --seq-graph project/file/graph_15_nodes.json --traffic project/file/traffic_15_nodes_outer_chatting.json --inspection-rate 0.001 --mess-rate 0.002 --algorithm betweenness,0.42844400000099997,800,772,766,785,737,800,800,800,772,800,773,787,756,765,766,800,773,792,793,800,356,738,785,792,783,800,777,779,787,793,783,800,779,800,800,800,777,756,765,356,779,737,738,779
project/sim_ext.py --sim-time 1.5 --seq-graph project/file/graph_15_nodes.json --traffic project/file/traffic_15_nodes_outer_chatting.json --inspection-rate 0.001 --mess-rate 0.002 --algorithm betweenness,0.429524000001,800,772,846,785,737,800,800,880,772,800,853,867,756,765,846,880,853,792,793,800,356,738,785,792,863,800,857,779,867,793,863,800,779,800,800,800,857,756,765,356,779,737,738,779
project/sim_ext.py --sim-time 1.5 --seq-graph project/file/graph_15_nodes.json --traffic project/file/traffic_15_nodes_outer_chatting.json --inspection-rate 0.001 --mess-rate 0.002 --algorithm betweenness,0.430721000001,800,772,846,785,737,800,800,880,772,800,853,867,756,765,846,880,853,792,793,800,356,738,785,792,863,800,857,779,867,793,863,800,779,800,800,800,857,756,765,356,779,737,738,779
project/sim_ext.py --sim-time 1.5 --seq-graph project/file/graph_15_nodes.json --traffic project/file/traffic_15_nodes_outer_chatting.json --inspection-rate 0.001 --mess-rate 0.002 --algorithm betweenness,0.431808000001,800,772,846,785,737,800,800,880,772,800,853,867,756,765,846,880,853,792,793,800,356,738,785,792,863,800,857,779,867,793,863,800,779,800,800,800,857,756,765,356,779,737,738,779
project/sim_ext.py --sim-time 1.5 --seq-graph project/file/graph_15_nodes.json --traffic project/file/traffic_15_nodes_outer_chatting.json --inspection-rate 0.001 --mess-rate 0.002 --algorithm betweenness,0.432945999997,800,772,846,785,737,800,800,880,772,800,853,867,756,765,846,880,853,792,793,800,356,738,785,792,863,800,857,779,867,793,863,800,779,800,800,800,857,756,765,356,779,737,738,779
project/sim_ext.py --sim-time 1.5 --seq-graph project/file/graph_15_nodes.json --traffic project/file/traffic_15_nodes_outer_chatting.json --inspection-rate 0.001 --mess-rate 0.002 --algorithm betweenness,0.434136000001,800,772,846,785,737,800,800,880,772,800,853,867,756,765,846,880,853,792,793,800,356,738,785,792,863,800,857,779,867,793,863,800,779,800,800,800,857,756,765,356,779,737,738,779
project/sim_ext.py --sim-time 1.5 --seq-graph project/file/graph_15_nodes.json --traffic project/file/traffic_15_nodes_outer_chatting.json --inspection-rate 0.001 --mess-rate 0.002 --algorithm betweenness,0.435149000001,800,772,846,785,737,800,800,880,772,800,853,867,756,765,846,880,853,792,793,800,356,738,785,792,863,800,857,779,867,793,863,800,779,800,800,800,857,756,765,356,779,737,738,779
project/sim_ext.py --sim-time 1.5 --seq-graph project/file/graph_15_nodes.json --traffic project/file/traffic_15_nodes_outer_chatting.json --inspection-rate 0.001 --mess-rate 0.002 --algorithm betweenness,0.436236000001,800,772,846,785,737,800,800,880,772,800,853,867,756,765,846,880,853,792,793,800,356,738,785,792,863,800,857,779,867,793,863,800,779,800,800,800,857,756,765,356,779,737,738,779
project/sim_ext.py --sim-time 1.5 --seq-graph project/file/graph_15_nodes.json --traffic project/file/traffic_15_nodes_outer_chatting.json --inspection-rate 0.001 --mess-rate 0.002 --algorithm betweenness,0.437291000001,800,772,846,785,737,800,800,880,772,800,853,867,756,765,846,880,853,792,793,800,356,738,785,792,863,800,857,779,867,793,863,800,779,800,800,800,857,756,765,356,779,737,738,779
project/sim_ext.py --sim-time 1.5 --seq-graph project/file/graph_15_nodes.json --traffic project/file/traffic_15_nodes_outer_chatting.json --inspection-rate 0.001 --mess-rate 0.002 --algorithm betweenness,0.438374999974,800,772,846,785,737,800,800,880,772,800,853,867,756,765,846,880,853,792,793,800,436,738,785,792,863,800,857,779,867,793,863,800,779,800,800,800,857,756,765,436,779,737,738,779
project/sim_ext.py --sim-time 1.5 --seq-graph project/file/graph_15_nodes.json --traffic project/file/traffic_15_nodes_outer_chatting.json --inspection-rate 0.001 --mess-rate 0.002 --algorithm betweenness,0.4395043334219452,880,852,846,865,817,880,880,880,852,880,853,867,836,845,846,880,853,872,873,880,436,818,865,872,863,880,857,859,867,873,863,880,859,880,880,880,857,836,845,436,859,817,818,859
project/sim_ext.py --sim-time 1.5 --seq-graph project/file/graph_15_nodes.json --traffic project/file/traffic_15_nodes_outer_chatting.json --inspection-rate 0.001 --mess-rate 0.002 --algorithm betweenness,0.44059971670809317,880,852,846,865,817,880,880,880,852,880,853,867,836,845,846,880,853,872,873,880,436,818,865,872,863,880,857,859,867,873,863,880,859,880,880,880,857,836,845,436,859,817,818,859
project/sim_ext.py --sim-time 1.5 --seq-graph project/file/graph_15_nodes.json --traffic project/file/traffic_15_nodes_outer_chatting.json --inspection-rate 0.001 --mess-rate 0.002 --algorithm betweenness,0.44164938915369384,880,852,846,865,817,880,880,880,852,880,853,867,836,845,846,880,853,872,873,880,436,818,865,872,863,880,857,859,867,873,863,880,859,880,880,880,857,836,845,436,859,817,818,859
project/sim_ext.py --sim-time 1.5 --seq-graph project/file/graph_15_nodes.json --traffic project/file/traffic_15_nodes_outer_chatting.json --inspection-rate 0.001 --mess-rate 0.002 --algorithm betweenness,0.442705000001,880,852,846,865,817,880,880,880,852,880,853,867,836,845,846,880,853,872,873,880,436,818,865,872,863,880,857,859,867,873,863,880,859,880,880,880,857,836,845,436,859,817,818,859
project/sim_ext.py --sim-time 1.5 --seq-graph project/file/graph_15_nodes.json --traffic project/file/traffic_15_nodes_outer_chatting.json --inspection-rate 0.001 --mess-rate 0.002 --algorithm betweenness,0.44386766708941267,880,852,846,865,817,880,880,880,852,880,853,867,836,845,846,880,853,872,873,880,436,818,865,872,863,880,857,859,867,873,863,880,859,880,880,880,857,836,845,436,859,817,818,859
project/sim_ext.py --sim-time 1.5 --seq-graph project/file/graph_15_nodes.json --traffic project/file/traffic_15_nodes_outer_chatting.json --inspection-rate 0.001 --mess-rate 0.002 --algorithm betweenness,0.444923000001,880,852,846,865,817,880,880,880,852,880,853,867,836,845,846,880,853,872,873,880,436,818,865,872,863,880,857,859,867,873,863,880,859,880,880,880,857,836,845,436,859,817,818,859
project/sim_ext.py --sim-time 1.5 --seq-graph project/file/graph_15_nodes.json --traffic project/file/traffic_15_nodes_outer_chatting.json --inspection-rate 0.001 --mess-rate 0.002 --algorithm betweenness,0.44603400000099996,880,852,846,865,817,880,880,880,852,880,853,867,836,845,846,880,853,872,873,880,436,818,865,872,863,880,857,859,867,873,863,880,859,880,880,880,857,836,845,436,859,817,818,859
project/sim_ext.py --sim-time 1.5 --seq-graph project/file/graph_15_nodes.json --traffic project/file/traffic_15_nodes_outer_chatting.json --inspection-rate 0.001 --mess-rate 0.002 --algorithm betweenness,0.447164999974,880,852,846,865,817,880,880,880,852,880,853,867,836,845,846,880,853,872,873,880,436,818,865,872,863,880,857,859,867,873,863,880,859,880,880,880,857,836,845,436,859,817,818,859
project/sim_ext.py --sim-time 1.5 --seq-graph project/file/graph_15_nodes.json --traffic project/file/traffic_15_nodes_outer_chatting.json --inspection-rate 0.001 --mess-rate 0.002 --algorithm betweenness,0.448387000001,880,852,846,865,817,880,880,880,852,880,853,867,836,845,846,880,853,872,873,880,436,818,865,872,863,880,857,859,867,873,863,880,859,880,880,880,857,836,845,436,859,817,818,859
project/sim_ext.py --sim-time 1.5 --seq-graph project/file/graph_15_nodes.json --traffic project/file/traffic_15_nodes_outer_chatting.json --inspection-rate 0.001 --mess-rate 0.002 --algorithm betweenness,0.449392000001,880,852,846,865,817,880,880,880,852,880,853,867,836,845,846,880,853,872,873,880,436,818,865,872,863,880,857,859,867,873,863,880,859,880,880,880,857,836,845,436,859,817,818,859
project/sim_ext.py --sim-time 1.5 --seq-graph project/file/graph_15_nodes.json --traffic project/file/traffic_15_nodes_outer_chatting.json --inspection-rate 0.001 --mess-rate 0.002 --algorithm betweenness,0.450418000001,880,852,846,865,817,880,880,880,852,880,853,867,836,845,846,880,853,872,873,880,436,818,865,872,863,880,857,859,867,873,863,880,859,880,880,880,857,836,845,436,859,817,818,859
project/sim_ext.py --sim-time 1.5 --seq-graph project/file/graph_15_nodes.json --traffic project/file/traffic_15_nodes_outer_chatting.json --inspection-rate 0.001 --mess-rate 0.002 --algorithm betweenness,0.451636000001,880,852,846,865,817,880,880,880,852,880,853,867,836,845,846,880,853,872,873,880,436,818,865,872,863,880,857,859,867,873,863,880,859,880,880,880,857,836,845,436,859,817,818,859
project/sim_ext.py --sim-time 1.5 --seq-graph project/file/graph_15_nodes.json --traffic project/file/traffic_15_nodes_outer_chatting.json --inspection-rate 0.001 --mess-rate 0.002 --algorithm betweenness,0.452830000001,880,852,846,865,817,880,880,880,852,880,853,867,836,845,846,880,853,872,873,880,436,818,865,872,863,880,857,859,867,873,863,880,859,880,880,880,857,836,845,436,859,817,818,859
project/sim_ext.py --sim-time 1.5 --seq-graph project/file/graph_15_nodes.json --traffic project/file/traffic_15_nodes_outer_chatting.json --inspection-rate 0.001 --mess-rate 0.002 --algorithm betweenness,0.4539894140980314,880,852,846,865,817,880,880,880,852,880,853,867,836,845,846,880,853,872,873,880,436,818,865,872,863,880,857,859,867,873,863,880,859,880,880,880,857,836,845,436,859,817,818,859
project/sim_ext.py --sim-time 1.5 --seq-graph project/file/graph_15_nodes.json --traffic project/file/traffic_15_nodes_outer_chatting.json --inspection-rate 0.001 --mess-rate 0.002 --algorithm betweenness,0.45505300000099996,880,852,846,865,817,880,880,880,852,880,853,867,836,845,846,880,853,872,873,880,436,818,865,872,863,880,857,859,867,873,863,880,859,880,880,880,857,836,845,436,859,817,818,859
project/sim_ext.py --sim-time 1.5 --seq-graph project/file/graph_15_nodes.json --traffic project/file/traffic_15_nodes_outer_chatting.json --inspection-rate 0.001 --mess-rate 0.002 --algorithm betweenness,0.45610468387151143,880,852,846,865,817,880,880,880,852,880,853,867,836,845,846,880,853,872,873,880,436,818,865,872,863,880,857,859,867,873,863,880,859,880,880,880,857,836,845,436,859,817,818,859
project/sim_ext.py --sim-time 1.5 --seq-graph project/file/graph_15_nodes.json --traffic project/file/traffic_15_nodes_outer_chatting.json --inspection-rate 0.001 --mess-rate 0.002 --algorithm betweenness,0.457206000001,880,852,846,865,817,880,880,880,852,880,853,867,836,845,846,880,853,872,873,880,436,818,865,872,863,880,857,859,867,873,863,880,859,880,880,880,857,836,845,436,859,817,818,859
project/sim_ext.py --sim-time 1.5 --seq-graph project/file/graph_15_nodes.json --traffic project/file/traffic_15_nodes_outer_chatting.json --inspection-rate 0.001 --mess-rate 0.002 --algorithm betweenness,0.45842000000099997,880,852,846,865,817,880,880,880,852,880,853,867,836,845,846,880,853,872,873,880,436,818,865,872,863,880,857,859,867,873,863,880,859,880,880,880,857,836,845,436,859,817,818,859
project/sim_ext.py --sim-time 1.5 --seq-graph project/file/graph_15_nodes.json --traffic project/file/traffic_15_nodes_outer_chatting.json --inspection-rate 0.001 --mess-rate 0.002 --algorithm betweenness,0.459475000001,880,852,846,865,817,880,880,880,852,880,853,867,836,845,846,880,853,872,873,880,436,818,865,872,863,880,857,859,867,873,863,880,859,880,880,880,857,836,845,436,859,817,818,859
project/sim_ext.py --sim-time 1.5 --seq-graph project/file/graph_15_nodes.json --traffic project/file/traffic_15_nodes_outer_chatting.json --inspection-rate 0.001 --mess-rate 0.002 --algorithm betweenness,0.460664999974,880,852,846,865,817,880,880,880,852,880,853,867,836,845,846,880,853,872,873,880,436,818,865,872,863,880,857,859,867,873,863,880,859,880,880,880,857,836,845,436,859,817,818,859
project/sim_ext.py --sim-time 1.5 --seq-graph project/file/graph_15_nodes.json --traffic project/file/traffic_15_nodes_outer_chatting.json --inspection-rate 0.001 --mess-rate 0.002 --algorithm betweenness,0.46188700000099997,880,852,846,865,817,880,880,880,852,880,853,867,836,845,846,880,853,872,873,880,436,818,865,872,863,880,857,859,867,873,863,880,859,880,880,880,857,836,845,436,859,817,818,859
project/sim_ext.py --sim-time 1.5 --seq-graph project/file/graph_15_nodes.json --traffic project/file/traffic_15_nodes_outer_chatting.json --inspection-rate 0.001 --mess-rate 0.002 --algorithm betweenness,0.463000399997,880,852,846,865,817,880,880,880,852,880,853,867,836,845,846,880,853,872,873,880,436,818,865,872,863,880,857,859,867,873,863,880,859,880,880,880,857,836,845,436,859,817,818,859
project/sim_ext.py --sim-time 1.5 --seq-graph project/file/graph_15_nodes.json --traffic project/file/traffic_15_nodes_outer_chatting.json --inspection-rate 0.001 --mess-rate 0.002 --algorithm betweenness,0.464006000001,880,852,846,865,817,880,880,880,852,880,853,867,836,845,846,880,853,872,873,880,436,818,865,872,863,880,857,859,867,873,863,880,859,880,880,880,857,836,845,436,859,817,818,859
project/sim_ext.py --sim-time 1.5 --seq-graph project/file/graph_15_nodes.json --traffic project/file/traffic_15_nodes_outer_chatting.json --inspection-rate 0.001 --mess-rate 0.002 --algorithm betweenness,0.465061000001,880,852,846,865,817,880,880,880,852,880,853,867,836,845,846,880,853,872,873,880,436,818,865,872,863,880,857,859,867,873,863,880,859,880,880,880,857,836,845,436,859,817,818,859
project/sim_ext.py --sim-time 1.5 --seq-graph project/file/graph_15_nodes.json --traffic project/file/traffic_15_nodes_outer_chatting.json --inspection-rate 0.001 --mess-rate 0.002 --algorithm betweenness,0.466085199997,880,852,846,865,817,880,880,880,852,880,853,867,836,845,846,880,853,872,873,880,436,818,865,872,863,880,857,859,867,873,863,880,859,880,880,880,857,836,845,436,859,817,818,859
project/sim_ext.py --sim-time 1.5 --seq-graph project/file/graph_15_nodes.json --traffic project/file/traffic_15_nodes_outer_chatting.json --inspection-rate 0.001 --mess-rate 0.002 --algorithm betweenness,0.467148000001,880,852,846,865,817,880,880,880,852,880,853,867,836,845,846,880,853,872,873,880,436,818,865,872,863,880,857,859,867,873,863,880,859,880,880,880,857,836,845,436,859,817,818,859
project/sim_ext.py --sim-time 1.5 --seq-graph project/file/graph_15_nodes.json --traffic project/file/traffic_15_nodes_outer_chatting.json --inspection-rate 0.001 --mess-rate 0.002 --algorithm betweenness,0.468150000001,880,852,846,865,817,880,880,880,852,880,853,867,836,845,846,880,853,872,873,880,436,818,865,872,863,880,857,859,867,873,863,880,859,880,880,880,857,836,845,436,859,817,818,859
project/sim_ext.py --sim-time 1.5 --seq-graph project/file/graph_15_nodes.json --traffic project/file/traffic_15_nodes_outer_chatting.json --inspection-rate 0.001 --mess-rate 0.002 --algorithm betweenness,0.469214000001,880,852,846,865,817,880,880,880,852,880,853,867,836,845,846,880,853,872,873,880,436,818,865,872,863,880,857,859,867,873,863,880,859,880,880,880,857,836,845,436,859,817,818,859
project/sim_ext.py --sim-time 1.5 --seq-graph project/file/graph_15_nodes.json --traffic project/file/traffic_15_nodes_outer_chatting.json --inspection-rate 0.001 --mess-rate 0.002 --algorithm betweenness,0.47024000000099997,960,932,926,945,897,960,960,960,932,960,933,947,916,925,926,960,933,952,953,960,436,898,945,952,943,960,937,939,947,953,943,960,939,960,960,960,937,916,925,436,939,897,898,939
project/sim_ext.py --sim-time 1.5 --seq-graph project/file/graph_15_nodes.json --traffic project/file/traffic_15_nodes_outer_chatting.json --inspection-rate 0.001 --mess-rate 0.002 --algorithm betweenness,0.471411000001,960,932,926,945,897,960,960,960,932,960,933,947,916,925,926,960,933,952,953,960,436,898,945,952,943,960,937,939,947,953,943,960,939,960,960,960,937,916,925,436,939,897,898,939
project/sim_ext.py --sim-time 1.5 --seq-graph project/file/graph_15_nodes.json --traffic project/file/traffic_15_nodes_outer_chatting.json --inspection-rate 0.001 --mess-rate 0.002 --algorithm betweenness,0.472444000001,960,932,926,945,897,960,960,960,932,960,933,947,916,925,926,960,933,952,953,960,436,898,945,952,943,960,937,939,947,953,943,960,939,960,960,960,937,916,925,436,939,897,898,939
project/sim_ext.py --sim-time 1.5 --seq-graph project/file/graph_15_nodes.json --traffic project/file/traffic_15_nodes_outer_chatting.json --inspection-rate 0.001 --mess-rate 0.002 --algorithm betweenness,0.4735678016554737,960,932,926,945,897,960,960,960,932,960,933,947,916,925,926,960,933,952,953,960,436,898,945,952,943,960,937,939,947,953,943,960,939,960,960,960,937,916,925,436,939,897,898,939
project/sim_ext.py --sim-time 1.5 --seq-graph project/file/graph_15_nodes.json --traffic project/file/traffic_15_nodes_outer_chatting.json --inspection-rate 0.001 --mess-rate 0.002 --algorithm betweenness,0.474629000001,960,932,926,945,897,960,960,960,932,960,933,947,916,925,926,960,933,952,953,960,436,898,945,952,943,960,937,939,947,953,943,960,939,960,960,960,937,916,925,436,939,897,898,939
project/sim_ext.py --sim-time 1.5 --seq-graph project/file/graph_15_nodes.json --traffic project/file/traffic_15_nodes_outer_chatting.json --inspection-rate 0.001 --mess-rate 0.002 --algorithm betweenness,0.475747399997,960,932,926,945,897,960,960,960,932,960,933,947,916,925,926,960,933,952,953,960,436,898,945,952,943,960,937,939,947,953,943,960,939,960,960,960,937,916,925,436,939,897,898,939
project/sim_ext.py --sim-time 1.5 --seq-graph project/file/graph_15_nodes.json --traffic project/file/traffic_15_nodes_outer_chatting.json --inspection-rate 0.001 --mess-rate 0.002 --algorithm betweenness,0.47675900000099997,960,932,926,945,897,960,960,960,932,960,933,947,916,925,926,960,933,952,953,960,436,898,945,952,943,960,937,939,947,953,943,960,939,960,960,960,937,916,925,436,939,897,898,939
project/sim_ext.py --sim-time 1.5 --seq-graph project/file/graph_15_nodes.json --traffic project/file/traffic_15_nodes_outer_chatting.json --inspection-rate 0.001 --mess-rate 0.002 --algorithm betweenness,0.47786900000099997,960,932,926,945,897,960,960,960,932,960,933,947,916,925,926,960,933,952,953,960,436,898,945,952,943,960,937,939,947,953,943,960,939,960,960,960,937,916,925,436,939,897,898,939
project/sim_ext.py --sim-time 1.5 --seq-graph project/file/graph_15_nodes.json --traffic project/file/traffic_15_nodes_outer_chatting.json --inspection-rate 0.001 --mess-rate 0.002 --algorithm betweenness,0.47904244154204983,960,932,926,945,897,960,960,960,932,960,933,947,916,925,926,960,933,952,953,960,436,898,945,952,943,960,937,939,947,953,943,960,939,960,960,960,937,916,925,436,939,897,898,939
project/sim_ext.py --sim-time 1.5 --seq-graph project/file/graph_15_nodes.json --traffic project/file/traffic_15_nodes_outer_chatting.json --inspection-rate 0.001 --mess-rate 0.002 --algorithm betweenness,0.480044000001,960,932,926,945,897,960,960,960,932,960,933,947,916,925,926,960,933,952,953,960,436,898,945,952,943,960,937,939,947,953,943,960,939,960,960,960,937,916,925,436,939,897,898,939
project/sim_ext.py --sim-time 1.5 --seq-graph project/file/graph_15_nodes.json --traffic project/file/traffic_15_nodes_outer_chatting.json --inspection-rate 0.001 --mess-rate 0.002 --algorithm betweenness,0.481063399997,960,932,926,945,897,960,960,960,932,960,933,947,916,925,926,960,933,952,953,960,516,898,945,952,943,960,937,939,947,953,943,960,939,960,960,960,937,916,925,516,939,897,898,939
project/sim_ext.py --sim-time 1.5 --seq-graph project/file/graph_15_nodes.json --traffic project/file/traffic_15_nodes_outer_chatting.json --inspection-rate 0.001 --mess-rate 0.002 --algorithm betweenness,0.482088000001,960,932,926,945,897,960,960,960,932,960,933,947,916,925,926,960,933,952,953,960,516,898,945,952,943,960,937,939,947,953,943,960,939,960,960,960,937,916,925,516,939,897,898,939
project/sim_ext.py --sim-time 1.5 --seq-graph project/file/graph_15_nodes.json --traffic project/file/traffic_15_nodes_outer_chatting.json --inspection-rate 0.001 --mess-rate 0.002 --algorithm betweenness,0.483106000001,960,932,926,945,897,960,960,960,932,960,933,947,916,925,926,960,933,952,953,960,516,898,945,952,943,960,937,939,947,953,943,960,939,960,960,960,937,916,925,516,939,897,898,939
project/sim_ext.py --sim-time 1.5 --seq-graph project/file/graph_15_nodes.json --traffic project/file/traffic_15_nodes_outer_chatting.json --inspection-rate 0.001 --mess-rate 0.002 --algorithm betweenness,0.484238000001,960,932,926,945,897,960,960,960,932,960,933,947,916,925,926,960,933,952,953,960,516,898,945,952,943,960,937,939,947,953,943,960,939,960,960,960,937,916,925,516,939,897,898,939
project/sim_ext.py --sim-time 1.5 --seq-graph project/file/graph_15_nodes.json --traffic project/file/traffic_15_nodes_outer_chatting.json --inspection-rate 0.001 --mess-rate 0.002 --algorithm betweenness,0.485246000001,960,932,926,945,897,960,960,960,932,960,933,947,916,925,926,960,933,952,953,960,516,898,945,952,943,960,937,939,947,953,943,960,939,960,960,960,937,916,925,516,939,897,898,939
project/sim_ext.py --sim-time 1.5 --seq-graph project/file/graph_15_nodes.json --traffic project/file/traffic_15_nodes_outer_chatting.json --inspection-rate 0.001 --mess-rate 0.002 --algorithm betweenness,0.48636500000099997,960,932,926,945,897,960,960,960,932,960,933,947,916,925,926,960,933,952,953,960,516,898,945,952,943,960,937,939,947,953,943,960,939,960,960,960,937,916,925,516,939,897,898,939
project/sim_ext.py --sim-time 1.5 --seq-graph project/file/graph_15_nodes.json --traffic project/file/traffic_15_nodes_outer_chatting.json --inspection-rate 0.001 --mess-rate 0.002 --algorithm betweenness,0.487481000001,960,932,926,945,897,960,960,960,932,960,933,947,916,925,926,960,933,952,953,960,516,898,945,952,943,960,937,939,947,953,943,960,939,960,960,960,937,916,925,516,939,897,898,939
project/sim_ext.py --sim-time 1.5 --seq-graph project/file/graph_15_nodes.json --traffic project/file/traffic_15_nodes_outer_chatting.json --inspection-rate 0.001 --mess-rate 0.002 --algorithm betweenness,0.488486000001,960,932,926,945,897,960,960,960,932,960,933,947,916,925,926,960,933,952,953,960,516,898,945,952,943,960,937,939,947,953,943,960,939,960,960,960,937,916,925,516,939,897,898,939
project/sim_ext.py --sim-time 1.5 --seq-graph project/file/graph_15_nodes.json --traffic project/file/traffic_15_nodes_outer_chatting.json --inspection-rate 0.001 --mess-rate 0.002 --algorithm betweenness,0.4895184012851296,960,932,926,945,897,960,960,960,932,960,933,947,916,925,926,960,933,952,953,960,516,898,945,952,943,960,937,939,947,953,943,960,939,960,960,960,937,916,925,516,939,897,898,939
project/sim_ext.py --sim-time 1.5 --seq-graph project/file/graph_15_nodes.json --traffic project/file/traffic_15_nodes_outer_chatting.json --inspection-rate 0.001 --mess-rate 0.002 --algorithm betweenness,0.490564000001,960,932,926,945,897,960,960,960,932,960,933,947,916,925,926,960,933,952,953,960,516,898,945,952,943,960,937,939,947,953,943,960,939,960,960,960,937,916,925,516,939,897,898,939
project/sim_ext.py --sim-time 1.5 --seq-graph project/file/graph_15_nodes.json --traffic project/file/traffic_15_nodes_outer_chatting.json --inspection-rate 0.001 --mess-rate 0.002 --algorithm betweenness,0.491644000001,960,932,926,945,897,960,960,960,932,960,933,947,916,925,926,960,933,952,953,960,516,898,945,952,943,960,937,939,947,953,943,960,939,960,960,960,937,916,925,516,939,897,898,939
project/sim_ext.py --sim-time 1.5 --seq-graph project/file/graph_15_nodes.json --traffic project/file/traffic_15_nodes_outer_chatting.json --inspection-rate 0.001 --mess-rate 0.002 --algorithm betweenness,0.492655000001,960,932,926,945,897,960,960,960,932,960,933,947,916,925,926,960,933,952,953,960,516,898,945,952,943,960,937,939,947,953,943,960,939,960,960,960,937,916,925,516,939,897,898,939
project/sim_ext.py --sim-time 1.5 --seq-graph project/file/graph_15_nodes.json --traffic project/file/traffic_15_nodes_outer_chatting.json --inspection-rate 0.001 --mess-rate 0.002 --algorithm betweenness,0.493822000001,960,932,926,945,897,960,960,960,932,960,933,947,916,925,926,960,933,952,953,960,516,898,945,952,943,960,937,939,947,953,943,960,939,960,960,960,937,916,925,516,939,897,898,939
project/sim_ext.py --sim-time 1.5 --seq-graph project/file/graph_15_nodes.json --traffic project/file/traffic_15_nodes_outer_chatting.json --inspection-rate 0.001 --mess-rate 0.002 --algorithm betweenness,0.49494200000099997,960,932,926,945,897,960,960,960,932,960,933,947,916,925,926,960,933,952,953,960,516,898,945,952,943,960,937,939,947,953,943,960,939,960,960,960,937,916,925,516,939,897,898,939
project/sim_ext.py --sim-time 1.5 --seq-graph project/file/graph_15_nodes.json --traffic project/file/traffic_15_nodes_outer_chatting.json --inspection-rate 0.001 --mess-rate 0.002 --algorithm betweenness,0.495985000001,960,932,926,945,897,960,960,960,932,960,933,947,916,925,926,960,933,952,953,960,516,898,945,952,943,960,937,939,947,953,943,960,939,960,960,960,937,916,925,516,939,897,898,939
project/sim_ext.py --sim-time 1.5 --seq-graph project/file/graph_15_nodes.json --traffic project/file/traffic_15_nodes_outer_chatting.json --inspection-rate 0.001 --mess-rate 0.002 --algorithm betweenness,0.497095000001,960,932,926,945,897,960,960,960,932,960,933,947,916,925,926,960,933,952,953,960,516,898,945,952,943,960,937,939,947,953,943,960,939,960,960,960,937,916,925,516,939,897,898,939
project/sim_ext.py --sim-time 1.5 --seq-graph project/file/graph_15_nodes.json --traffic project/file/traffic_15_nodes_outer_chatting.json --inspection-rate 0.001 --mess-rate 0.002 --algorithm betweenness,0.498234000001,960,932,926,945,897,960,960,960,932,960,933,947,916,925,926,960,933,952,953,960,516,898,945,952,943,960,937,939,947,953,943,960,939,960,960,960,937,916,925,516,939,897,898,939
project/sim_ext.py --sim-time 1.5 --seq-graph project/file/graph_15_nodes.json --traffic project/file/traffic_15_nodes_outer_chatting.json --inspection-rate 0.001 --mess-rate 0.002 --algorithm betweenness,0.4993175908436722,960,932,926,945,897,960,960,960,932,960,933,947,916,925,926,960,933,952,953,960,516,898,945,952,943,960,937,939,947,953,943,960,939,960,960,960,937,916,925,516,939,897,898,939
project/sim_ext.py --sim-time 1.5 --seq-graph project/file/graph_15_nodes.json --traffic project/file/traffic_15_nodes_outer_chatting.json --inspection-rate 0.001 --mess-rate 0.002 --algorithm betweenness,0.5003231669504031,960,932,926,945,897,960,960,960,932,960,933,947,916,925,926,960,933,952,953,960,516,898,945,952,943,960,937,939,947,953,943,960,939,960,960,960,937,916,925,516,939,897,898,939
project/sim_ext.py --sim-time 1.5 --seq-graph project/file/graph_15_nodes.json --traffic project/file/traffic_15_nodes_outer_chatting.json --inspection-rate 0.001 --mess-rate 0.002 --algorithm betweenness,0.5013835015219097,1040,1012,1006,1025,977,1040,1040,1040,1012,1040,1013,1027,916,925,1006,1040,1013,1032,1033,1040,516,978,1025,1032,1023,1040,1017,1019,1027,1033,1023,1040,1019,1040,1040,1040,1017,916,925,516,1019,977,978,1019
project/sim_ext.py --sim-time 1.5 --seq-graph project/file/graph_15_nodes.json --traffic project/file/traffic_15_nodes_outer_chatting.json --inspection-rate 0.001 --mess-rate 0.002 --algorithm betweenness,0.502550000001,1040,1012,1006,1025,977,1040,1040,1040,1012,1040,1013,1027,916,925,1006,1040,1013,1032,1033,1040,516,978,1025,1032,1023,1040,1017,1019,1027,1033,1023,1040,1019,1040,1040,1040,1017,916,925,516,1019,977,978,1019
project/sim_ext.py --sim-time 1.5 --seq-graph project/file/graph_15_nodes.json --traffic project/file/traffic_15_nodes_outer_chatting.json --inspection-rate 0.001 --mess-rate 0.002 --algorithm betweenness,0.503664000001,1040,1012,1006,1025,977,1040,1040,1040,1012,1040,1013,1027,916,925,1006,1040,1013,1032,1033,1040,516,978,1025,1032,1023,1040,1017,1019,1027,1033,1023,1040,1019,1040,1040,1040,1017,916,925,516,1019,977,978,1019
project/sim_ext.py --sim-time 1.5 --seq-graph project/file/graph_15_nodes.json --traffic project/file/traffic_15_nodes_outer_chatting.json --inspection-rate 0.001 --mess-rate 0.002 --algorithm betweenness,0.5047630000009999,1040,1012,1006,1025,977,1040,1040,1040,1012,1040,1013,1027,916,925,1006,1040,1013,1032,1033,1040,516,978,1025,1032,1023,1040,1017,1019,1027,1033,1023,1040,1019,1040,1040,1040,1017,916,925,516,1019,977,978,1019
project/sim_ext.py --sim-time 1.5 --seq-graph project/file/graph_15_nodes.json --traffic project/file/traffic_15_nodes_outer_chatting.json --inspection-rate 0.001 --mess-rate 0.002 --algorithm betweenness,0.5058750000009999,1040,1012,1006,1025,977,1040,1040,1040,1012,1040,1013,1027,916,925,1006,1040,1013,1032,1033,1040,516,978,1025,1032,1023,1040,1017,1019,1027,1033,1023,1040,1019,1040,1040,1040,1017,916,925,516,1019,977,978,1019
project/sim_ext.py --sim-time 1.5 --seq-graph project/file/graph_15_nodes.json --traffic project/file/traffic_15_nodes_outer_chatting.json --inspection-rate 0.001 --mess-rate 0.002 --algorithm betweenness,0.506924000001,1040,1012,1006,1025,977,1040,1040,1040,1012,1040,1013,1027,916,925,1006,1040,1013,1032,1033,1040,516,978,1025,1032,1023,1040,1017,1019,1027,1033,1023,1040,1019,1040,1040,1040,1017,916,925,516,1019,977,978,1019
project/sim_ext.py --sim-time 1.5 --seq-graph project/file/graph_15_nodes.json --traffic project/file/traffic_15_nodes_outer_chatting.json --inspection-rate 0.001 --mess-rate 0.002 --algorithm betweenness,0.507947000001,1040,1012,1006,1025,977,1040,1040,1040,1012,1040,1013,1027,916,925,1006,1040,1013,1032,1033,1040,516,978,1025,1032,1023,1040,1017,1019,1027,1033,1023,1040,1019,1040,1040,1040,1017,916,925,516,1019,977,978,1019
project/sim_ext.py --sim-time 1.5 --seq-graph project/file/graph_15_nodes.json --traffic project/file/traffic_15_nodes_outer_chatting.json --inspection-rate 0.001 --mess-rate 0.002 --algorithm betweenness,0.509102000001,1040,1012,1006,1025,977,1040,1040,1040,1012,1040,1013,1027,916,925,1006,1040,1013,1032,1033,1040,516,978,1025,1032,1023,1040,1017,1019,1027,1033,1023,1040,1019,1040,1040,1040,1017,916,925,516,1019,977,978,1019
project/sim_ext.py --sim-time 1.5 --seq-graph project/file/graph_15_nodes.json --traffic project/file/traffic_15_nodes_outer_chatting.json --inspection-rate 0.001 --mess-rate 0.002 --algorithm betweenness,0.5101552596645036,1040,1012,1006,1025,977,1040,1040,1040,1012,1040,1013,1027,916,925,1006,1040,1013,1032,1033,1040,516,978,1025,1032,1023,1040,1017,1019,1027,1033,1023,1040,1019,1040,1040,1040,1017,916,925,516,1019,977,978,1019
project/sim_ext.py --sim-time 1.5 --seq-graph project/file/graph_15_nodes.json --traffic project/file/traffic_15_nodes_outer_chatting.json --inspection-rate 0.001 --mess-rate 0.002 --algorithm betweenness,0.511186000001,1040,1012,1006,1025,977,1040,1040,1040,1012,1040,1013,1027,996,1005,1006,1040,1013,1032,1033,1040,516,978,1025,1032,1023,1040,1017,1019,1027,1033,1023,1040,1019,1040,1040,1040,1017,996,1005,516,1019,977,978,1019
project/sim_ext.py --sim-time 1.5 --seq-graph project/file/graph_15_nodes.json --traffic project/file/traffic_15_nodes_outer_chatting.json --inspection-rate 0.001 --mess-rate 0.002 --algorithm betweenness,0.512194999963,1040,1012,1006,1025,977,1040,1040,1040,1012,1040,1013,1027,996,1005,1006,1040,1013,1032,1033,1040,516,978,1025,1032,1023,1040,1017,1019,1027,1033,1023,1040,1019,1040,1040,1040,1017,996,1005,516,1019,977,978,1019
project/sim_ext.py --sim-time 1.5 --seq-graph project/file/graph_15_nodes.json --traffic project/file/traffic_15_nodes_outer_chatting.json --inspection-rate 0.001 --mess-rate 0.002 --algorithm betweenness,0.513221000001,1040,1012,1006,1025,977,1040,1040,1040,1012,1040,1013,1027,996,1005,1006,1040,1013,1032,1033,1040,516,978,1025,1032,1023,1040,1017,1019,1027,1033,1023,1040,1019,1040,1040,1040,1017,996,1005,516,1019,977,978,1019
project/sim_ext.py --sim-time 1.5 --seq-graph project/file/graph_15_nodes.json --traffic project/file/traffic_15_nodes_outer_chatting.json --inspection-rate 0.001 --mess-rate 0.002 --algorithm betweenness,0.5142506610484276,1040,1012,1006,1025,977,1040,1040,1040,1012,1040,1013,1027,996,1005,1006,1040,1013,1032,1033,1040,516,978,1025,1032,1023,1040,1017,1019,1027,1033,1023,1040,1019,1040,1040,1040,1017,996,1005,516,1019,977,978,1019
project/sim_ext.py --sim-time 1.5 --seq-graph project/file/graph_15_nodes.json --traffic project/file/traffic_15_nodes_outer_chatting.json --inspection-rate 0.001 --mess-rate 0.002 --algorithm betweenness,0.515290000001,1040,1012,1006,1025,977,1040,1040,1040,1012,1040,1013,1027,996,1005,1006,1040,1013,1032,1033,1040,516,978,1025,1032,1023,1040,1017,1019,1027,1033,1023,1040,1019,1040,1040,1040,1017,996,1005,516,1019,977,978,1019
project/sim_ext.py --sim-time 1.5 --seq-graph project/file/graph_15_nodes.json --traffic project/file/traffic_15_nodes_outer_chatting.json --inspection-rate 0.001 --mess-rate 0.002 --algorithm betweenness,0.516324000001,1040,1012,1006,1025,977,1040,1040,1040,1012,1040,1013,1027,996,1005,1006,1040,1013,1032,1033,1040,516,978,1025,1032,1023,1040,1017,1019,1027,1033,1023,1040,1019,1040,1040,1040,1017,996,1005,516,1019,977,978,1019
project/sim_ext.py --sim-time 1.5 --seq-graph project/file/graph_15_nodes.json --traffic project/file/traffic_15_nodes_outer_chatting.json --inspection-rate 0.001 --mess-rate 0.002 --algorithm betweenness,0.517344000001,1040,1012,1006,1025,977,1040,1040,1040,1012,1040,1013,1027,996,1005,1006,1040,1013,1032,1033,1040,516,978,1025,1032,1023,1040,1017,1019,1027,1033,1023,1040,1019,1040,1040,1040,1017,996,1005,516,1019,977,978,1019
project/sim_ext.py --sim-time 1.5 --seq-graph project/file/graph_15_nodes.json --traffic project/file/traffic_15_nodes_outer_chatting.json --inspection-rate 0.001 --mess-rate 0.002 --algorithm betweenness,0.518410000001,1040,1012,1006,1025,977,1040,1040,1040,1012,1040,1013,1027,996,1005,1006,1040,1013,1032,1033,1040,516,978,1025,1032,1023,1040,1017,1019,1027,1033,1023,1040,1019,1040,1040,1040,1017,996,1005,516,1019,977,978,1019
project/sim_ext.py --sim-time 1.5 --seq-graph project/file/graph_15_nodes.json --traffic project/file/traffic_15_nodes_outer_chatting.json --inspection-rate 0.001 --mess-rate 0.002 --algorithm betweenness,0.519453000001,1040,1012,1006,1025,977,1040,1040,1040,1012,1040,1013,1027,996,1005,1006,1040,1013,1032,1033,1040,516,978,1025,1032,1023,1040,1017,1019,1027,1033,1023,1040,1019,1040,1040,1040,1017,996,1005,516,1019,977,978,1019
project/sim_ext.py --sim-time 1.5 --seq-graph project/file/graph_15_nodes.json --traffic project/file/traffic_15_nodes_outer_chatting.json --inspection-rate 0.001 --mess-rate 0.002 --algorithm betweenness,0.520500199997,1040,1012,1006,1025,977,1040,1040,1040,1012,1040,1013,1027,996,1005,1006,1040,1013,1032,1033,1040,596,978,1025,1032,1023,1040,1017,1019,1027,1033,1023,1040,1019,1040,1040,1040,1017,996,1005,596,1019,977,978,1019
project/sim_ext.py --sim-time 1.5 --seq-graph project/file/graph_15_nodes.json --traffic project/file/traffic_15_nodes_outer_chatting.json --inspection-rate 0.001 --mess-rate 0.002 --algorithm betweenness,0.521569000001,1040,1012,1006,1025,977,1040,1040,1040,1012,1040,1013,1027,996,1005,1006,1040,1013,1032,1033,1040,596,978,1025,1032,1023,1040,1017,1019,1027,1033,1023,1040,1019,1040,1040,1040,1017,996,1005,596,1019,977,978,1019
project/sim_ext.py --sim-time 1.5 --seq-graph project/file/graph_15_nodes.json --traffic project/file/traffic_15_nodes_outer_chatting.json --inspection-rate 0.001 --mess-rate 0.002 --algorithm betweenness,0.522730000001,1040,1012,1006,1025,977,1040,1040,1040,1012,1040,1013,1027,996,1005,1006,1040,1013,1032,1033,1040,596,978,1025,1032,1023,1040,1017,1019,1027,1033,1023,1040,1019,1040,1040,1040,1017,996,1005,596,1019,977,978,1019
project/sim_ext.py --sim-time 1.5 --seq-graph project/file/graph_15_nodes.json --traffic project/file/traffic_15_nodes_outer_chatting.json --inspection-rate 0.001 --mess-rate 0.002 --algorithm betweenness,0.523830000001,1040,1012,1006,1025,977,1040,1040,1040,1012,1040,1013,1027,996,1005,1006,1040,1013,1032,1033,1040,596,978,1025,1032,1023,1040,1017,1019,1027,1033,1023,1040,1019,1040,1040,1040,1017,996,1005,596,1019,977,978,1019
project/sim_ext.py --sim-time 1.5 --seq-graph project/file/graph_15_nodes.json --traffic project/file/traffic_15_nodes_outer_chatting.json --inspection-rate 0.001 --mess-rate 0.002 --algorithm betweenness,0.5249900000009999,1040,1012,1006,1025,977,1040,1040,1040,1012,1040,1013,1027,996,1005,1006,1040,1013,1032,1033,1040,596,978,1025,1032,1023,1040,1017,1019,1027,1033,1023,1040,1019,1040,1040,1040,1017,996,1005,596,1019,977,978,1019
project/sim_ext.py --sim-time 1.5 --seq-graph project/file/graph_15_nodes.json --traffic project/file/traffic_15_nodes_outer_chatting.json --inspection-rate 0.001 --mess-rate 0.002 --algorithm betweenness,0.5261600000009999,1040,1012,1006,1025,977,1040,1040,1040,1012,1040,1013,1027,996,1005,1006,1040,1013,1032,1033,1040,596,978,1025,1032,1023,1040,1017,1019,1027,1033,1023,1040,1019,1040,1040,1040,1017,996,1005,596,1019,977,978,1019
project/sim_ext.py --sim-time 1.5 --seq-graph project/file/graph_15_nodes.json --traffic project/file/traffic_15_nodes_outer_chatting.json --inspection-rate 0.001 --mess-rate 0.002 --algorithm betweenness,0.527269000001,1040,1012,1006,1025,977,1040,1040,1040,1012,1040,1013,1027,996,1005,1006,1040,1013,1032,1033,1040,596,978,1025,1032,1023,1040,1017,1019,1027,1033,1023,1040,1019,1040,1040,1040,1017,996,1005,596,1019,977,978,1019
project/sim_ext.py --sim-time 1.5 --seq-graph project/file/graph_15_nodes.json --traffic project/file/traffic_15_nodes_outer_chatting.json --inspection-rate 0.001 --mess-rate 0.002 --algorithm betweenness,0.528270000001,1040,1012,1006,1025,977,1040,1040,1040,1012,1040,1013,1027,996,1005,1006,1040,1013,1032,1033,1040,596,978,1025,1032,1023,1040,1017,1019,1027,1033,1023,1040,1019,1040,1040,1040,1017,996,1005,596,1019,977,978,1019
project/sim_ext.py --sim-time 1.5 --seq-graph project/file/graph_15_nodes.json --traffic project/file/traffic_15_nodes_outer_chatting.json --inspection-rate 0.001 --mess-rate 0.002 --algorithm betweenness,0.529387000001,1040,1012,1006,1025,977,1040,1040,1040,1012,1040,1013,1027,996,1005,1006,1040,1013,1032,1033,1040,596,978,1025,1032,1023,1040,1017,1019,1027,1033,1023,1040,1019,1040,1040,1040,1017,996,1005,596,1019,977,978,1019
project/sim_ext.py --sim-time 1.5 --seq-graph project/file/graph_15_nodes.json --traffic project/file/traffic_15_nodes_outer_chatting.json --inspection-rate 0.001 --mess-rate 0.002 --algorithm betweenness,0.530428000001,1040,1012,1006,1025,977,1040,1040,1040,1012,1040,1013,1027,996,1005,1006,1040,1013,1032,1033,1040,596,978,1025,1032,1023,1040,1017,1019,1027,1033,1023,1040,1019,1040,1040,1040,1017,996,1005,596,1019,977,978,1019
project/sim_ext.py --sim-time 1.5 --seq-graph project/file/graph_15_nodes.json --traffic project/file/traffic_15_nodes_outer_chatting.json --inspection-rate 0.001 --mess-rate 0.002 --algorithm betweenness,0.5314429440713483,1040,1012,1086,1025,977,1040,1040,1040,1012,1040,1013,1027,996,1005,1086,1040,1013,1032,1033,1040,596,978,1025,1032,1103,1040,1017,1019,1027,1033,1103,1040,1019,1040,1040,1040,1017,996,1005,596,1019,977,978,1019
project/sim_ext.py --sim-time 1.5 --seq-graph project/file/graph_15_nodes.json --traffic project/file/traffic_15_nodes_outer_chatting.json --inspection-rate 0.001 --mess-rate 0.002 --algorithm betweenness,0.532458000001,1040,1012,1086,1025,977,1040,1040,1040,1012,1040,1013,1027,996,1005,1086,1040,1013,1032,1033,1040,596,978,1025,1032,1103,1040,1017,1019,1027,1033,1103,1040,1019,1040,1040,1040,1017,996,1005,596,1019,977,978,1019
project/sim_ext.py --sim-time 1.5 --seq-graph project/file/graph_15_nodes.json --traffic project/file/traffic_15_nodes_outer_chatting.json --inspection-rate 0.001 --mess-rate 0.002 --algorithm betweenness,0.533514000001,1040,1012,1086,1025,977,1040,1040,1040,1012,1040,1013,1027,996,1005,1086,1040,1013,1032,1033,1040,596,978,1025,1032,1103,1040,1017,1019,1027,1033,1103,1040,1019,1040,1040,1040,1017,996,1005,596,1019,977,978,1019
project/sim_ext.py --sim-time 1.5 --seq-graph project/file/graph_15_nodes.json --traffic project/file/traffic_15_nodes_outer_chatting.json --inspection-rate 0.001 --mess-rate 0.002 --algorithm betweenness,0.5345395872175531,1040,1012,1086,1025,977,1040,1040,1040,1012,1040,1013,1027,996,1005,1086,1040,1013,1032,1033,1040,596,978,1025,1032,1103,1040,1017,1019,1027,1033,1103,1040,1019,1040,1040,1040,1017,996,1005,596,1019,977,978,1019
project/sim_ext.py --sim-time 1.5 --seq-graph project/file/graph_15_nodes.json --traffic project/file/traffic_15_nodes_outer_chatting.json --inspection-rate 0.001 --mess-rate 0.002 --algorithm betweenness,0.535748000001,1040,1012,1086,1025,977,1040,1040,1040,1012,1040,1013,1027,996,1005,1086,1040,1013,1032,1033,1040,596,978,1025,1032,1103,1040,1017,1019,1027,1033,1103,1040,1019,1040,1040,1040,1017,996,1005,596,1019,977,978,1019
project/sim_ext.py --sim-time 1.5 --seq-graph project/file/graph_15_nodes.json --traffic project/file/traffic_15_nodes_outer_chatting.json --inspection-rate 0.001 --mess-rate 0.002 --algorithm betweenness,0.536846000001,1040,1012,1086,1025,977,1040,1040,1040,1012,1040,1013,1027,996,1005,1086,1040,1013,1032,1033,1040,596,978,1025,1032,1103,1040,1017,1019,1027,1033,1103,1040,1019,1040,1040,1040,1017,996,1005,596,1019,977,978,1019
project/sim_ext.py --sim-time 1.5 --seq-graph project/file/graph_15_nodes.json --traffic project/file/traffic_15_nodes_outer_chatting.json --inspection-rate 0.001 --mess-rate 0.002 --algorithm betweenness,0.537992000001,1040,1012,1086,1025,977,1040,1040,1040,1012,1040,1013,1027,996,1005,1086,1040,1013,1032,1033,1040,596,978,1025,1032,1103,1040,1017,1019,1027,1033,1103,1040,1019,1040,1040,1040,1017,996,1005,596,1019,977,978,1019
project/sim_ext.py --sim-time 1.5 --seq-graph project/file/graph_15_nodes.json --traffic project/file/traffic_15_nodes_outer_chatting.json --inspection-rate 0.001 --mess-rate 0.002 --algorithm betweenness,0.539072000001,1040,1012,1086,1025,977,1040,1040,1040,1012,1040,1013,1027,996,1005,1086,1040,1013,1032,1033,1040,596,978,1025,1032,1103,1040,1017,1019,1027,1033,1103,1040,1019,1040,1040,1040,1017,996,1005,596,1019,977,978,1019
project/sim_ext.py --sim-time 1.5 --seq-graph project/file/graph_15_nodes.json --traffic project/file/traffic_15_nodes_outer_chatting.json --inspection-rate 0.001 --mess-rate 0.002 --algorithm betweenness,0.5401768486427505,1040,1012,1086,1025,977,1040,1040,1040,1012,1040,1013,1027,996,1005,1086,1040,1013,1032,1033,1040,596,978,1025,1032,1103,1040,1017,1019,1027,1033,1103,1040,1019,1040,1040,1040,1017,996,1005,596,1019,977,978,1019
project/sim_ext.py --sim-time 1.5 --seq-graph project/file/graph_15_nodes.json --traffic project/file/traffic_15_nodes_outer_chatting.json --inspection-rate 0.001 --mess-rate 0.002 --algorithm betweenness,0.541189199997,1040,1012,1086,1025,977,1040,1040,1040,1012,1040,1013,1027,996,1005,1086,1040,1013,1032,1033,1040,596,978,1025,1032,1103,1040,1017,1019,1027,1033,1103,1040,1019,1040,1040,1040,1017,996,1005,596,1019,977,978,1019
project/sim_ext.py --sim-time 1.5 --seq-graph project/file/graph_15_nodes.json --traffic project/file/traffic_15_nodes_outer_chatting.json --inspection-rate 0.001 --mess-rate 0.002 --algorithm betweenness,0.542314999966,1120,1092,1086,1105,1057,1120,1120,1120,1092,1120,1093,1107,1076,1085,1086,1120,1093,1112,1113,1120,596,1058,1105,1112,1103,1120,1097,1099,1107,1113,1103,1120,1099,1120,1120,1120,1097,1076,1085,596,1099,1057,1058,1099
project/sim_ext.py --sim-time 1.5 --seq-graph project/file/graph_15_nodes.json --traffic project/file/traffic_15_nodes_outer_chatting.json --inspection-rate 0.001 --mess-rate 0.002 --algorithm betweenness,0.543333000001,1120,1092,1086,1105,1057,1120,1120,1120,1092,1120,1093,1107,1076,1085,1086,1120,1093,1112,1113,1120,596,1058,1105,1112,1103,1120,1097,1099,1107,1113,1103,1120,1099,1120,1120,1120,1097,1076,1085,596,1099,1057,1058,1099
project/sim_ext.py --sim-time 1.5 --seq-graph project/file/graph_15_nodes.json --traffic project/file/traffic_15_nodes_outer_chatting.json --inspection-rate 0.001 --mess-rate 0.002 --algorithm betweenness,0.544352000001,1120,1092,1086,1105,1057,1120,1120,1120,1092,1120,1093,1107,1076,1085,1086,1120,1093,1112,1113,1120,596,1058,1105,1112,1103,1120,1097,1099,1107,1113,1103,1120,1099,1120,1120,1120,1097,1076,1085,596,1099,1057,1058,1099
project/sim_ext.py --sim-time 1.5 --seq-graph project/file/graph_15_nodes.json --traffic project/file/traffic_15_nodes_outer_chatting.json --inspection-rate 0.001 --mess-rate 0.002 --algorithm betweenness,0.545358000001,1120,1092,1086,1105,1057,1120,1120,1120,1092,1120,1093,1107,1076,1085,1086,1120,1093,1112,1113,1120,596,1058,1105,1112,1103,1120,1097,1099,1107,1113,1103,1120,1099,1120,1120,1120,1097,1076,1085,596,1099,1057,1058,1099
project/sim_ext.py --sim-time 1.5 --seq-graph project/file/graph_15_nodes.json --traffic project/file/traffic_15_nodes_outer_chatting.json --inspection-rate 0.001 --mess-rate 0.002 --algorithm betweenness,0.546430000001,1120,1092,1086,1105,1057,1120,1120,1120,1092,1120,1093,1107,1076,1085,1086,1120,1093,1112,1113,1120,596,1058,1105,1112,1103,1120,1097,1099,1107,1113,1103,1120,1099,1120,1120,1120,1097,1076,1085,596,1099,1057,1058,1099
project/sim_ext.py --sim-time 1.5 --seq-graph project/file/graph_15_nodes.json --traffic project/file/traffic_15_nodes_outer_chatting.json --inspection-rate 0.001 --mess-rate 0.002 --algorithm betweenness,0.547566000001,1120,1092,1086,1105,1057,1120,1120,1120,1092,1120,1093,1107,1076,1085,1086,1120,1093,1112,1113,1120,596,1058,1105,1112,1103,1120,1097,1099,1107,1113,1103,1120,1099,1120,1120,1120,1097,1076,1085,596,1099,1057,1058,1099
project/sim_ext.py --sim-time 1.5 --seq-graph project/file/graph_15_nodes.json --traffic project/file/traffic_15_nodes_outer_chatting.json --inspection-rate 0.001 --mess-rate 0.002 --algorithm betweenness,0.548671000001,1120,1092,1086,1105,1057,1120,1120,1120,1092,1120,1093,1107,1076,1085,1086,1120,1093,1112,1113,1120,596,1058,1105,1112,1103,1120,1097,1099,1107,1113,1103,1120,1099,1120,1120,1120,1097,1076,1085,596,1099,1057,1058,1099
project/sim_ext.py --sim-time 1.5 --seq-graph project/file/graph_15_nodes.json --traffic project/file/traffic_15_nodes_outer_chatting.json --inspection-rate 0.001 --mess-rate 0.002 --algorithm betweenness,0.5498377194738694,1120,1092,1086,1105,1057,1120,1120,1120,1092,1120,1093,1107,1076,1085,1086,1120,1093,1112,1113,1120,596,1058,1105,1112,1103,1120,1097,1099,1107,1113,1103,1120,1099,1120,1120,1120,1097,1076,1085,596,1099,1057,1058,1099
project/sim_ext.py --sim-time 1.5 --seq-graph project/file/graph_15_nodes.json --traffic project/file/traffic_15_nodes_outer_chatting.json --inspection-rate 0.001 --mess-rate 0.002 --algorithm betweenness,0.550844000001,1120,1092,1086,1105,1057,1120,1120,1120,1092,1120,1093,1107,1076,1085,1086,1120,1093,1112,1113,1120,596,1058,1105,1112,1103,1120,1097,1099,1107,1113,1103,1120,1099,1120,1120,1120,1097,1076,1085,596,1099,1057,1058,1099
project/sim_ext.py --sim-time 1.5 --seq-graph project/file/graph_15_nodes.json --traffic project/file/traffic_15_nodes_outer_chatting.json --inspection-rate 0.001 --mess-rate 0.002 --algorithm betweenness,0.551977513477391,1120,1092,1086,1105,1057,1120,1120,1120,1092,1120,1093,1107,1076,1085,1086,1120,1093,1112,1113,1120,596,1058,1105,1112,1103,1120,1097,1099,1107,1113,1103,1120,1099,1120,1120,1120,1097,1076,1085,596,1099,1057,1058,1099
project/sim_ext.py --sim-time 1.5 --seq-graph project/file/graph_15_nodes.json --traffic project/file/traffic_15_nodes_outer_chatting.json --inspection-rate 0.001 --mess-rate 0.002 --algorithm betweenness,0.552984000001,1120,1092,1086,1105,1057,1120,1120,1120,1092,1120,1093,1107,1076,1085,1086,1120,1093,1112,1113,1120,596,1058,1105,1112,1103,1120,1097,1099,1107,1113,1103,1120,1099,1120,1120,1120,1097,1076,1085,596,1099,1057,1058,1099
project/sim_ext.py --sim-time 1.5 --seq-graph project/file/graph_15_nodes.json --traffic project/file/traffic_15_nodes_outer_chatting.json --inspection-rate 0.001 --mess-rate 0.002 --algorithm betweenness,0.554130000001,1120,1092,1086,1105,1057,1120,1120,1120,1092,1120,1093,1107,1076,1085,1086,1120,1093,1112,1113,1120,596,1058,1105,1112,1103,1120,1097,1099,1107,1113,1103,1120,1099,1120,1120,1120,1097,1076,1085,596,1099,1057,1058,1099
project/sim_ext.py --sim-time 1.5 --seq-graph project/file/graph_15_nodes.json --traffic project/file/traffic_15_nodes_outer_chatting.json --inspection-rate 0.001 --mess-rate 0.002 --algorithm betweenness,0.555267000001,1120,1092,1086,1105,1057,1120,1120,1120,1092,1120,1093,1107,1076,1085,1086,1120,1093,1112,1113,1120,596,1058,1105,1112,1103,1120,1097,1099,1107,1113,1103,1120,1099,1120,1120,1120,1097,1076,1085,596,1099,1057,1058,1099
project/sim_ext.py --sim-time 1.5 --seq-graph project/file/graph_15_nodes.json --traffic project/file/traffic_15_nodes_outer_chatting.json --inspection-rate 0.001 --mess-rate 0.002 --algorithm betweenness,0.556303000001,1120,1092,1086,1105,1057,1120,1120,1120,1092,1120,1093,1107,1076,1085,1086,1120,1093,1112,1113,1120,596,1058,1105,1112,1103,1120,1097,1099,1107,1113,1103,1120,1099,1120,1120,1120,1097,1076,1085,596,1099,1057,1058,1099
project/sim_ext.py --sim-time 1.5 --seq-graph project/file/graph_15_nodes.json --traffic project/file/traffic_15_nodes_outer_chatting.json --inspection-rate 0.001 --mess-rate 0.002 --algorithm betweenness,0.557339000001,1120,1092,1086,1105,1057,1120,1120,1120,1092,1120,1093,1107,1076,1085,1086,1120,1093,1112,1113,1120,596,1058,1105,1112,1103,1120,1097,1099,1107,1113,1103,1120,1099,1120,1120,1120,1097,1076,1085,596,1099,1057,1058,1099
project/sim_ext.py --sim-time 1.5 --seq-graph project/file/graph_15_nodes.json --traffic project/file/traffic_15_nodes_outer_chatting.json --inspection-rate 0.001 --mess-rate 0.002 --algorithm betweenness,0.558454999966,1120,1092,1086,1105,1057,1120,1120,1120,1092,1120,1093,1107,1076,1085,1086,1120,1093,1112,1113,1120,596,1058,1105,1112,1103,1120,1097,1099,1107,1113,1103,1120,1099,1120,1120,1120,1097,1076,1085,596,1099,1057,1058,1099
project/sim_ext.py --sim-time 1.5 --seq-graph project/file/graph_15_nodes.json --traffic project/file/traffic_15_nodes_outer_chatting.json --inspection-rate 0.001 --mess-rate 0.002 --algorithm betweenness,0.559538000001,1120,1092,1086,1105,1057,1120,1120,1120,1092,1120,1093,1107,1076,1085,1086,1120,1093,1112,1113,1120,596,1058,1105,1112,1103,1120,1097,1099,1107,1113,1103,1120,1099,1120,1120,1120,1097,1076,1085,596,1099,1057,1058,1099
project/sim_ext.py --sim-time 1.5 --seq-graph project/file/graph_15_nodes.json --traffic project/file/traffic_15_nodes_outer_chatting.json --inspection-rate 0.001 --mess-rate 0.002 --algorithm betweenness,0.560550000001,1120,1092,1086,1105,1057,1120,1120,1120,1092,1120,1093,1107,1076,1085,1086,1120,1093,1112,1113,1120,596,1058,1105,1112,1103,1120,1097,1099,1107,1113,1103,1120,1099,1120,1120,1120,1097,1076,1085,596,1099,1057,1058,1099
project/sim_ext.py --sim-time 1.5 --seq-graph project/file/graph_15_nodes.json --traffic project/file/traffic_15_nodes_outer_chatting.json --inspection-rate 0.001 --mess-rate 0.002 --algorithm betweenness,0.561795000001,1120,1092,1086,1105,1057,1120,1120,1120,1092,1120,1093,1107,1076,1085,1086,1120,1093,1112,1113,1120,596,1058,1105,1112,1103,1120,1097,1099,1107,1113,1103,1120,1099,1120,1120,1120,1097,1076,1085,596,1099,1057,1058,1099
project/sim_ext.py --sim-time 1.5 --seq-graph project/file/graph_15_nodes.json --traffic project/file/traffic_15_nodes_outer_chatting.json --inspection-rate 0.001 --mess-rate 0.002 --algorithm betweenness,0.562865000001,1120,1092,1086,1105,1057,1120,1120,1120,1092,1120,1093,1107,1076,1085,1086,1120,1093,1112,1113,1120,596,1058,1105,1112,1103,1120,1097,1099,1107,1113,1103,1120,1099,1120,1120,1120,1097,1076,1085,596,1099,1057,1058,1099
project/sim_ext.py --sim-time 1.5 --seq-graph project/file/graph_15_nodes.json --traffic project/file/traffic_15_nodes_outer_chatting.json --inspection-rate 0.001 --mess-rate 0.002 --algorithm betweenness,0.564036000001,1120,1092,1086,1105,1057,1120,1120,1120,1092,1120,1093,1107,1076,1085,1086,1120,1093,1112,1113,1120,676,1058,1105,1112,1103,1120,1097,1099,1107,1113,1103,1120,1099,1120,1120,1120,1097,1076,1085,676,1099,1057,1058,1099
project/sim_ext.py --sim-time 1.5 --seq-graph project/file/graph_15_nodes.json --traffic project/file/traffic_15_nodes_outer_chatting.json --inspection-rate 0.001 --mess-rate 0.002 --algorithm betweenness,0.5651313277322414,1120,1092,1086,1105,1057,1120,1120,1120,1092,1120,1093,1107,1076,1085,1086,1120,1093,1112,1113,1120,676,1058,1105,1112,1103,1120,1097,1099,1107,1113,1103,1120,1099,1120,1120,1120,1097,1076,1085,676,1099,1057,1058,1099
project/sim_ext.py --sim-time 1.5 --seq-graph project/file/graph_15_nodes.json --traffic project/file/traffic_15_nodes_outer_chatting.json --inspection-rate 0.001 --mess-rate 0.002 --algorithm betweenness,0.5662653775316089,1120,1092,1086,1105,1057,1120,1120,1120,1092,1120,1093,1107,1076,1085,1086,1120,1093,1112,1113,1120,676,1058,1105,1112,1103,1120,1097,1099,1107,1113,1103,1120,1099,1120,1120,1120,1097,1076,1085,676,1099,1057,1058,1099
project/sim_ext.py --sim-time 1.5 --seq-graph project/file/graph_15_nodes.json --traffic project/file/traffic_15_nodes_outer_chatting.json --inspection-rate 0.001 --mess-rate 0.002 --algorithm betweenness,0.567305000001,1120,1092,1086,1105,1057,1120,1120,1120,1092,1120,1093,1107,1076,1085,1086,1120,1093,1112,1113,1120,676,1058,1105,1112,1103,1120,1097,1099,1107,1113,1103,1120,1099,1120,1120,1120,1097,1076,1085,676,1099,1057,1058,1099
project/sim_ext.py --sim-time 1.5 --seq-graph project/file/graph_15_nodes.json --traffic project/file/traffic_15_nodes_outer_chatting.json --inspection-rate 0.001 --mess-rate 0.002 --algorithm betweenness,0.568397000001,1120,1092,1086,1105,1057,1120,1120,1120,1092,1120,1093,1107,1076,1085,1086,1120,1093,1112,1113,1120,676,1058,1105,1112,1103,1120,1097,1099,1107,1113,1103,1120,1099,1120,1120,1120,1097,1076,1085,676,1099,1057,1058,1099
project/sim_ext.py --sim-time 1.5 --seq-graph project/file/graph_15_nodes.json --traffic project/file/traffic_15_nodes_outer_chatting.json --inspection-rate 0.001 --mess-rate 0.002 --algorithm betweenness,0.569460199997,1120,1092,1086,1105,1057,1120,1120,1120,1092,1120,1093,1107,1076,1085,1086,1120,1093,1112,1113,1120,676,1058,1105,1112,1103,1120,1097,1099,1107,1113,1103,1120,1099,1120,1120,1120,1097,1076,1085,676,1099,1057,1058,1099
project/sim_ext.py --sim-time 1.5 --seq-graph project/file/graph_15_nodes.json --traffic project/file/traffic_15_nodes_outer_chatting.json --inspection-rate 0.001 --mess-rate 0.002 --algorithm betweenness,0.570559000001,1120,1092,1086,1105,1057,1120,1120,1120,1092,1120,1093,1107,1076,1085,1086,1120,1093,1112,1113,1120,676,1058,1105,1112,1103,1120,1097,1099,1107,1113,1103,1120,1099,1120,1120,1120,1097,1076,1085,676,1099,1057,1058,1099
project/sim_ext.py --sim-time 1.5 --seq-graph project/file/graph_15_nodes.json --traffic project/file/traffic_15_nodes_outer_chatting.json --inspection-rate 0.001 --mess-rate 0.002 --algorithm betweenness,0.571652000001,1120,1092,1086,1105,1057,1120,1120,1120,1092,1120,1093,1107,1076,1085,1086,1120,1093,1112,1113,1120,676,1058,1105,1112,1103,1120,1097,1099,1107,1113,1103,1120,1099,1120,1120,1120,1097,1076,1085,676,1099,1057,1058,1099
project/sim_ext.py --sim-time 1.5 --seq-graph project/file/graph_15_nodes.json --traffic project/file/traffic_15_nodes_outer_chatting.json --inspection-rate 0.001 --mess-rate 0.002 --algorithm betweenness,0.572766000001,1200,1172,1166,1185,1137,1200,1200,1200,1172,1200,1173,1187,1156,1165,1166,1200,1173,1192,1193,1200,676,1138,1185,1192,1183,1200,1177,1179,1187,1193,1183,1200,1179,1200,1200,1200,1177,1156,1165,676,1179,1137,1138,1179
project/sim_ext.py --sim-time 1.5 --seq-graph project/file/graph_15_nodes.json --traffic project/file/traffic_15_nodes_outer_chatting.json --inspection-rate 0.001 --mess-rate 0.002 --algorithm betweenness,0.573995000001,1200,1172,1166,1185,1137,1200,1200,1200,1172,1200,1173,1187,1156,1165,1166,1200,1173,1192,1193,1200,676,1138,1185,1192,1183,1200,1177,1179,1187,1193,1183,1200,1179,1200,1200,1200,1177,1156,1165,676,1179,1137,1138,1179
project/sim_ext.py --sim-time 1.5 --seq-graph project/file/graph_15_nodes.json --traffic project/file/traffic_15_nodes_outer_chatting.json --inspection-rate 0.001 --mess-rate 0.002 --algorithm betweenness,0.575131000001,1200,1172,1166,1185,1137,1200,1200,1200,1172,1200,1173,1187,1156,1165,1166,1200,1173,1192,1193,1200,676,1138,1185,1192,1183,1200,1177,1179,1187,1193,1183,1200,1179,1200,1200,1200,1177,1156,1165,676,1179,1137,1138,1179
project/sim_ext.py --sim-time 1.5 --seq-graph project/file/graph_15_nodes.json --traffic project/file/traffic_15_nodes_outer_chatting.json --inspection-rate 0.001 --mess-rate 0.002 --algorithm betweenness,0.576158000001,1200,1172,1166,1185,1137,1200,1200,1200,1172,1200,1173,1187,1156,1165,1166,1200,1173,1192,1193,1200,676,1138,1185,1192,1183,1200,1177,1179,1187,1193,1183,1200,1179,1200,1200,1200,1177,1156,1165,676,1179,1137,1138,1179
project/sim_ext.py --sim-time 1.5 --seq-graph project/file/graph_15_nodes.json --traffic project/file/traffic_15_nodes_outer_chatting.json --inspection-rate 0.001 --mess-rate 0.002 --algorithm betweenness,0.577192000001,1200,1172,1166,1185,1137,1200,1200,1200,1172,1200,1173,1187,1156,1165,1166,1200,1173,1192,1193,1200,676,1138,1185,1192,1183,1200,1177,1179,1187,1193,1183,1200,1179,1200,1200,1200,1177,1156,1165,676,1179,1137,1138,1179
project/sim_ext.py --sim-time 1.5 --seq-graph project/file/graph_15_nodes.json --traffic project/file/traffic_15_nodes_outer_chatting.json --inspection-rate 0.001 --mess-rate 0.002 --algorithm betweenness,0.578243000001,1200,1172,1166,1185,1137,1200,1200,1200,1172,1200,1173,1187,1156,1165,1166,1200,1173,1192,1193,1200,676,1138,1185,1192,1183,1200,1177,1179,1187,1193,1183,1200,1179,1200,1200,1200,1177,1156,1165,676,1179,1137,1138,1179
project/sim_ext.py --sim-time 1.5 --seq-graph project/file/graph_15_nodes.json --traffic project/file/traffic_15_nodes_outer_chatting.json --inspection-rate 0.001 --mess-rate 0.002 --algorithm betweenness,0.5792550000009999,1200,1172,1166,1185,1137,1200,1200,1200,1172,1200,1173,1187,1156,1165,1166,1200,1173,1192,1193,1200,676,1138,1185,1192,1183,1200,1177,1179,1187,1193,1183,1200,1179,1200,1200,1200,1177,1156,1165,676,1179,1137,1138,1179
project/sim_ext.py --sim-time 1.5 --seq-graph project/file/graph_15_nodes.json --traffic project/file/traffic_15_nodes_outer_chatting.json --inspection-rate 0.001 --mess-rate 0.002 --algorithm betweenness,0.580478000001,1200,1172,1166,1185,1137,1200,1200,1200,1172,1200,1173,1187,1156,1165,1166,1200,1173,1192,1193,1200,676,1138,1185,1192,1183,1200,1177,1179,1187,1193,1183,1200,1179,1200,1200,1200,1177,1156,1165,676,1179,1137,1138,1179
project/sim_ext.py --sim-time 1.5 --seq-graph project/file/graph_15_nodes.json --traffic project/file/traffic_15_nodes_outer_chatting.json --inspection-rate 0.001 --mess-rate 0.002 --algorithm betweenness,0.581689999963,1200,1172,1166,1185,1137,1200,1200,1200,1172,1200,1173,1187,1156,1165,1166,1200,1173,1192,1193,1200,676,1138,1185,1192,1183,1200,1177,1179,1187,1193,1183,1200,1179,1200,1200,1200,1177,1156,1165,676,1179,1137,1138,1179
project/sim_ext.py --sim-time 1.5 --seq-graph project/file/graph_15_nodes.json --traffic project/file/traffic_15_nodes_outer_chatting.json --inspection-rate 0.001 --mess-rate 0.002 --algorithm betweenness,0.582694999963,1200,1172,1166,1185,1137,1200,1200,1200,1172,1200,1173,1187,1156,1165,1166,1200,1173,1192,1193,1200,676,1138,1185,1192,1183,1200,1177,1179,1187,1193,1183,1200,1179,1200,1200,1200,1177,1156,1165,676,1179,1137,1138,1179
project/sim_ext.py --sim-time 1.5 --seq-graph project/file/graph_15_nodes.json --traffic project/file/traffic_15_nodes_outer_chatting.json --inspection-rate 0.001 --mess-rate 0.002 --algorithm betweenness,0.583904999959,1200,1172,1166,1185,1137,1200,1200,1200,1172,1200,1173,1187,1156,1165,1166,1200,1173,1192,1193,1200,676,1138,1185,1192,1183,1200,1177,1179,1187,1193,1183,1200,1179,1200,1200,1200,1177,1156,1165,676,1179,1137,1138,1179
project/sim_ext.py --sim-time 1.5 --seq-graph project/file/graph_15_nodes.json --traffic project/file/traffic_15_nodes_outer_chatting.json --inspection-rate 0.001 --mess-rate 0.002 --algorithm betweenness,0.5850113889495928,1200,1172,1166,1185,1137,1200,1200,1200,1172,1200,1173,1187,1156,1165,1166,1200,1173,1192,1193,1200,676,1138,1185,1192,1183,1200,1177,1179,1187,1193,1183,1200,1179,1200,1200,1200,1177,1156,1165,676,1179,1137,1138,1179
project/sim_ext.py --sim-time 1.5 --seq-graph project/file/graph_15_nodes.json --traffic project/file/traffic_15_nodes_outer_chatting.json --inspection-rate 0.001 --mess-rate 0.002 --algorithm betweenness,0.586223000001,1200,1172,1166,1185,1137,1200,1200,1200,1172,1200,1173,1187,1156,1165,1166,1200,1173,1192,1193,1200,676,1138,1185,1192,1183,1200,1177,1179,1187,1193,1183,1200,1179,1200,1200,1200,1177,1156,1165,676,1179,1137,1138,1179
project/sim_ext.py --sim-time 1.5 --seq-graph project/file/graph_15_nodes.json --traffic project/file/traffic_15_nodes_outer_chatting.json --inspection-rate 0.001 --mess-rate 0.002 --algorithm betweenness,0.5872997025801173,1200,1172,1166,1185,1137,1200,1200,1200,1172,1200,1173,1187,1156,1165,1166,1200,1173,1192,1193,1200,676,1138,1185,1192,1183,1200,1177,1179,1187,1193,1183,1200,1179,1200,1200,1200,1177,1156,1165,676,1179,1137,1138,1179
project/sim_ext.py --sim-time 1.5 --seq-graph project/file/graph_15_nodes.json --traffic project/file/traffic_15_nodes_outer_chatting.json --inspection-rate 0.001 --mess-rate 0.002 --algorithm betweenness,0.5883516004444116,1200,1172,1166,1185,1137,1200,1200,1200,1172,1200,1173,1187,1156,1165,1166,1200,1173,1192,1193,1200,676,1138,1185,1192,1183,1200,1177,1179,1187,1193,1183,1200,1179,1200,1200,1200,1177,1156,1165,676,1179,1137,1138,1179
project/sim_ext.py --sim-time 1.5 --seq-graph project/file/graph_15_nodes.json --traffic project/file/traffic_15_nodes_outer_chatting.json --inspection-rate 0.001 --mess-rate 0.002 --algorithm betweenness,0.589414999963,1200,1172,1166,1185,1137,1200,1200,1200,1172,1200,1173,1187,1156,1165,1166,1200,1173,1192,1193,1200,676,1138,1185,1192,1183,1200,1177,1179,1187,1193,1183,1200,1179,1200,1200,1200,1177,1156,1165,676,1179,1137,1138,1179
project/sim_ext.py --sim-time 1.5 --seq-graph project/file/graph_15_nodes.json --traffic project/file/traffic_15_nodes_outer_chatting.json --inspection-rate 0.001 --mess-rate 0.002 --algorithm betweenness,0.590527000001,1200,1172,1166,1185,1137,1200,1200,1200,1172,1200,1173,1187,1156,1165,1166,1200,1173,1192,1193,1200,676,1138,1185,1192,1183,1200,1177,1179,1187,1193,1183,1200,1179,1200,1200,1200,1177,1156,1165,676,1179,1137,1138,1179
project/sim_ext.py --sim-time 1.5 --seq-graph project/file/graph_15_nodes.json --traffic project/file/traffic_15_nodes_outer_chatting.json --inspection-rate 0.001 --mess-rate 0.002 --algorithm betweenness,0.591673000001,1200,1172,1166,1185,1137,1200,1200,1200,1172,1200,1173,1187,1156,1165,1166,1200,1173,1192,1193,1200,756,1138,1185,1192,1183,1200,1177,1179,1187,1193,1183,1200,1179,1200,1200,1200,1177,1156,1165,756,1179,1137,1138,1179
project/sim_ext.py --sim-time 1.5 --seq-graph project/file/graph_15_nodes.json --traffic project/file/traffic_15_nodes_outer_chatting.json --inspection-rate 0.001 --mess-rate 0.002 --algorithm betweenness,0.5928526739528829,1200,1172,1166,1185,1137,1200,1200,1200,1172,1200,1173,1187,1156,1165,1166,1200,1173,1192,1193,1200,756,1138,1185,1192,1183,1200,1177,1179,1187,1193,1183,1200,1179,1200,1200,1200,1177,1156,1165,756,1179,1137,1138,1179
project/sim_ext.py --sim-time 1.5 --seq-graph project/file/graph_15_nodes.json --traffic project/file/traffic_15_nodes_outer_chatting.json --inspection-rate 0.001 --mess-rate 0.002 --algorithm betweenness,0.593900000001,1200,1172,1166,1185,1137,1200,1200,1200,1172,1200,1173,1187,1156,1165,1166,1200,1173,1192,1193,1200,756,1138,1185,1192,1183,1200,1177,1179,1187,1193,1183,1200,1179,1200,1200,1200,1177,1156,1165,756,1179,1137,1138,1179
project/sim_ext.py --sim-time 1.5 --seq-graph project/file/graph_15_nodes.json --traffic project/file/traffic_15_nodes_outer_chatting.json --inspection-rate 0.001 --mess-rate 0.002 --algorithm betweenness,0.594974000001,1200,1172,1166,1185,1137,1200,1200,1200,1172,1200,1173,1187,1156,1165,1166,1200,1173,1192,1193,1200,756,1138,1185,1192,1183,1200,1177,1179,1187,1193,1183,1200,1179,1200,1200,1200,1177,1156,1165,756,1179,1137,1138,1179
project/sim_ext.py --sim-time 1.5 --seq-graph project/file/graph_15_nodes.json --traffic project/file/traffic_15_nodes_outer_chatting.json --inspection-rate 0.001 --mess-rate 0.002 --algorithm betweenness,0.596097000001,1200,1172,1166,1185,1137,1200,1200,1200,1172,1200,1173,1187,1156,1165,1166,1200,1173,1192,1193,1200,756,1138,1185,1192,1183,1200,1177,1179,1187,1193,1183,1200,1179,1200,1200,1200,1177,1156,1165,756,1179,1137,1138,1179
project/sim_ext.py --sim-time 1.5 --seq-graph project/file/graph_15_nodes.json --traffic project/file/traffic_15_nodes_outer_chatting.json --inspection-rate 0.001 --mess-rate 0.002 --algorithm betweenness,0.5972428140011914,1200,1172,1166,1185,1137,1200,1200,1200,1172,1200,1173,1187,1156,1165,1166,1200,1173,1192,1193,1200,756,1138,1185,1192,1183,1200,1177,1179,1187,1193,1183,1200,1179,1200,1200,1200,1177,1156,1165,756,1179,1137,1138,1179
project/sim_ext.py --sim-time 1.5 --seq-graph project/file/graph_15_nodes.json --traffic project/file/traffic_15_nodes_outer_chatting.json --inspection-rate 0.001 --mess-rate 0.002 --algorithm betweenness,0.5982930000009999,1200,1172,1166,1185,1137,1200,1200,1200,1172,1200,1173,1187,1156,1165,1166,1200,1173,1192,1193,1200,756,1138,1185,1192,1183,1200,1177,1179,1187,1193,1183,1200,1179,1200,1200,1200,1177,1156,1165,756,1179,1137,1138,1179
project/sim_ext.py --sim-time 1.5 --seq-graph project/file/graph_15_nodes.json --traffic project/file/traffic_15_nodes_outer_chatting.json --inspection-rate 0.001 --mess-rate 0.002 --algorithm betweenness,0.599422000001,1200,1172,1166,1185,1137,1200,1200,1200,1172,1200,1173,1187,1156,1165,1166,1200,1173,1192,1193,1200,756,1138,1185,1192,1183,1200,1177,1179,1187,1193,1183,1200,1179,1200,1200,1200,1177,1156,1165,756,1179,1137,1138,1179
project/sim_ext.py --sim-time 1.5 --seq-graph project/file/graph_15_nodes.json --traffic project/file/traffic_15_nodes_outer_chatting.json --inspection-rate 0.001 --mess-rate 0.002 --algorithm betweenness,0.600589000001,1200,1172,1166,1185,1137,1200,1200,1200,1172,1200,1173,1187,1156,1165,1166,1200,1173,1192,1193,1200,756,1138,1185,1192,1183,1200,1177,1179,1187,1193,1183,1200,1179,1200,1200,1200,1177,1156,1165,756,1179,1137,1138,1179
project/sim_ext.py --sim-time 1.5 --seq-graph project/file/graph_15_nodes.json --traffic project/file/traffic_15_nodes_outer_chatting.json --inspection-rate 0.001 --mess-rate 0.002 --algorithm betweenness,0.601596000001,1200,1172,1166,1185,1137,1200,1200,1200,1172,1200,1173,1187,1156,1165,1166,1200,1173,1192,1193,1200,756,1138,1185,1192,1183,1200,1177,1179,1187,1193,1183,1200,1179,1200,1200,1200,1177,1156,1165,756,1179,1137,1138,1179
project/sim_ext.py --sim-time 1.5 --seq-graph project/file/graph_15_nodes.json --traffic project/file/traffic_15_nodes_outer_chatting.json --inspection-rate 0.001 --mess-rate 0.002 --algorithm betweenness,0.602659000001,1200,1172,1166,1185,1137,1200,1200,1200,1172,1200,1173,1187,1156,1165,1166,1200,1173,1192,1193,1200,756,1138,1185,1192,1183,1200,1177,1179,1187,1193,1183,1200,1179,1200,1200,1200,1177,1156,1165,756,1179,1137,1138,1179
project/sim_ext.py --sim-time 1.5 --seq-graph project/file/graph_15_nodes.json --traffic project/file/traffic_15_nodes_outer_chatting.json --inspection-rate 0.001 --mess-rate 0.002 --algorithm betweenness,0.603886000001,1200,1252,1246,1185,1137,1200,1280,1280,1252,1280,1253,1267,1156,1165,1246,1280,1253,1272,1193,1280,756,1218,1185,1272,1263,1200,1257,1259,1267,1193,1263,1280,1259,1280,1200,1280,1257,1156,1165,756,1259,1137,1218,1259
project/sim_ext.py --sim-time 1.5 --seq-graph project/file/graph_15_nodes.json --traffic project/file/traffic_15_nodes_outer_chatting.json --inspection-rate 0.001 --mess-rate 0.002 --algorithm betweenness,0.605023000001,1200,1252,1246,1185,1137,1200,1280,1280,1252,1280,1253,1267,1156,1165,1246,1280,1253,1272,1193,1280,756,1218,1185,1272,1263,1200,1257,1259,1267,1193,1263,1280,1259,1280,1200,1280,1257,1156,1165,756,1259,1137,1218,1259
project/sim_ext.py --sim-time 1.5 --seq-graph project/file/graph_15_nodes.json --traffic project/file/traffic_15_nodes_outer_chatting.json --inspection-rate 0.001 --mess-rate 0.002 --algorithm betweenness,0.606079000001,1200,1252,1246,1185,1137,1200,1280,1280,1252,1280,1253,1267,1156,1165,1246,1280,1253,1272,1193,1280,756,1218,1185,1272,1263,1200,1257,1259,1267,1193,1263,1280,1259,1280,1200,1280,1257,1156,1165,756,1259,1137,1218,1259
project/sim_ext.py --sim-time 1.5 --seq-graph project/file/graph_15_nodes.json --traffic project/file/traffic_15_nodes_outer_chatting.json --inspection-rate 0.001 --mess-rate 0.002 --algorithm betweenness,0.607174000001,1200,1252,1246,1185,1137,1200,1280,1280,1252,1280,1253,1267,1156,1165,1246,1280,1253,1272,1193,1280,756,1218,1185,1272,1263,1200,1257,1259,1267,1193,1263,1280,1259,1280,1200,1280,1257,1156,1165,756,1259,1137,1218,1259
project/sim_ext.py --sim-time 1.5 --seq-graph project/file/graph_15_nodes.json --traffic project/file/traffic_15_nodes_outer_chatting.json --inspection-rate 0.001 --mess-rate 0.002 --algorithm betweenness,0.6082585939469587,1200,1252,1246,1185,1137,1200,1280,1280,1252,1280,1253,1267,1156,1165,1246,1280,1253,1272,1193,1280,756,1218,1185,1272,1263,1200,1257,1259,1267,1193,1263,1280,1259,1280,1200,1280,1257,1156,1165,756,1259,1137,1218,1259
project/sim_ext.py --sim-time 1.5 --seq-graph project/file/graph_15_nodes.json --traffic project/file/traffic_15_nodes_outer_chatting.json --inspection-rate 0.001 --mess-rate 0.002 --algorithm betweenness,0.6095010000009999,1200,1252,1246,1185,1137,1200,1280,1280,1252,1280,1253,1267,1156,1165,1246,1280,1253,1272,1193,1280,756,1218,1185,1272,1263,1200,1257,1259,1267,1193,1263,1280,1259,1280,1200,1280,1257,1156,1165,756,1259,1137,1218,1259
project/sim_ext.py --sim-time 1.5 --seq-graph project/file/graph_15_nodes.json --traffic project/file/traffic_15_nodes_outer_chatting.json --inspection-rate 0.001 --mess-rate 0.002 --algorithm betweenness,0.610512000001,1200,1252,1246,1185,1137,1200,1280,1280,1252,1280,1253,1267,1156,1165,1246,1280,1253,1272,1193,1280,756,1218,1185,1272,1263,1200,1257,1259,1267,1193,1263,1280,1259,1280,1200,1280,1257,1156,1165,756,1259,1137,1218,1259
project/sim_ext.py --sim-time 1.5 --seq-graph project/file/graph_15_nodes.json --traffic project/file/traffic_15_nodes_outer_chatting.json --inspection-rate 0.001 --mess-rate 0.002 --algorithm betweenness,0.611654000001,1200,1252,1246,1185,1137,1200,1280,1280,1252,1280,1253,1267,1156,1165,1246,1280,1253,1272,1193,1280,756,1218,1185,1272,1263,1200,1257,1259,1267,1193,1263,1280,1259,1280,1200,1280,1257,1156,1165,756,1259,1137,1218,1259
project/sim_ext.py --sim-time 1.5 --seq-graph project/file/graph_15_nodes.json --traffic project/file/traffic_15_nodes_outer_chatting.json --inspection-rate 0.001 --mess-rate 0.002 --algorithm betweenness,0.612654999955,1200,1252,1246,1185,1137,1200,1280,1280,1252,1280,1253,1267,1156,1165,1246,1280,1253,1272,1193,1280,756,1218,1185,1272,1263,1200,1257,1259,1267,1193,1263,1280,1259,1280,1200,1280,1257,1156,1165,756,1259,1137,1218,1259
project/sim_ext.py --sim-time 1.5 --seq-graph project/file/graph_15_nodes.json --traffic project/file/traffic_15_nodes_outer_chatting.json --inspection-rate 0.001 --mess-rate 0.002 --algorithm betweenness,0.613814000001,1280,1252,1246,1265,1217,1280,1280,1280,1252,1280,1253,1267,1236,1245,1246,1280,1253,1272,1273,1280,756,1218,1265,1272,1263,1280,1257,1259,1267,1273,1263,1280,1259,1280,1280,1280,1257,1236,1245,756,1259,1217,1218,1259
project/sim_ext.py --sim-time 1.5 --seq-graph project/file/graph_15_nodes.json --traffic project/file/traffic_15_nodes_outer_chatting.json --inspection-rate 0.001 --mess-rate 0.002 --algorithm betweenness,0.614907000001,1280,1252,1246,1265,1217,1280,1280,1280,1252,1280,1253,1267,1236,1245,1246,1280,1253,1272,1273,1280,756,1218,1265,1272,1263,1280,1257,1259,1267,1273,1263,1280,1259,1280,1280,1280,1257,1236,1245,756,1259,1217,1218,1259
project/sim_ext.py --sim-time 1.5 --seq-graph project/file/graph_15_nodes.json --traffic project/file/traffic_15_nodes_outer_chatting.json --inspection-rate 0.001 --mess-rate 0.002 --algorithm betweenness,0.615927000001,1280,1252,1246,1265,1217,1280,1280,1280,1252,1280,1253,1267,1236,1245,1246,1280,1253,1272,1273,1280,756,1218,1265,1272,1263,1280,1257,1259,1267,1273,1263,1280,1259,1280,1280,1280,1257,1236,1245,756,1259,1217,1218,1259
project/sim_ext.py --sim-time 1.5 --seq-graph project/file/graph_15_nodes.json --traffic project/file/traffic_15_nodes_outer_chatting.json --inspection-rate 0.001 --mess-rate 0.002 --algorithm betweenness,0.617085000001,1280,1252,1246,1265,1217,1280,1280,1280,1252,1280,1253,1267,1236,1245,1246,1280,1253,1272,1273,1280,756,1218,1265,1272,1263,1280,1257,1259,1267,1273,1263,1280,1259,1280,1280,1280,1257,1236,1245,756,1259,1217,1218,1259
project/sim_ext.py --sim-time 1.5 --seq-graph project/file/graph_15_nodes.json --traffic project/file/traffic_15_nodes_outer_chatting.json --inspection-rate 0.001 --mess-rate 0.002 --algorithm betweenness,0.618129000001,1280,1252,1246,1265,1217,1280,1280,1280,1252,1280,1253,1267,1236,1245,1246,1280,1253,1272,1273,1280,756,1218,1265,1272,1263,1280,1257,1259,1267,1273,1263,1280,1259,1280,1280,1280,1257,1236,1245,756,1259,1217,1218,1259
project/sim_ext.py --sim-time 1.5 --seq-graph project/file/graph_15_nodes.json --traffic project/file/traffic_15_nodes_outer_chatting.json --inspection-rate 0.001 --mess-rate 0.002 --algorithm betweenness,0.619251000001,1280,1252,1246,1265,1217,1280,1280,1280,1252,1280,1253,1267,1236,1245,1246,1280,1253,1272,1273,1280,756,1218,1265,1272,1263,1280,1257,1259,1267,1273,1263,1280,1259,1280,1280,1280,1257,1236,1245,756,1259,1217,1218,1259
project/sim_ext.py --sim-time 1.5 --seq-graph project/file/graph_15_nodes.json --traffic project/file/traffic_15_nodes_outer_chatting.json --inspection-rate 0.001 --mess-rate 0.002 --algorithm betweenness,0.620272000001,1280,1252,1246,1265,1217,1280,1280,1280,1252,1280,1253,1267,1236,1245,1246,1280,1253,1272,1273,1280,756,1218,1265,1272,1263,1280,1257,1259,1267,1273,1263,1280,1259,1280,1280,1280,1257,1236,1245,756,1259,1217,1218,1259
project/sim_ext.py --sim-time 1.5 --seq-graph project/file/graph_15_nodes.json --traffic project/file/traffic_15_nodes_outer_chatting.json --inspection-rate 0.001 --mess-rate 0.002 --algorithm betweenness,0.621444999955,1280,1252,1246,1265,1217,1280,1280,1280,1252,1280,1253,1267,1236,1245,1246,1280,1253,1272,1273,1280,756,1218,1265,1272,1263,1280,1257,1259,1267,1273,1263,1280,1259,1280,1280,1280,1257,1236,1245,756,1259,1217,1218,1259
project/sim_ext.py --sim-time 1.5 --seq-graph project/file/graph_15_nodes.json --traffic project/file/traffic_15_nodes_outer_chatting.json --inspection-rate 0.001 --mess-rate 0.002 --algorithm betweenness,0.622463000001,1280,1252,1246,1265,1217,1280,1280,1280,1252,1280,1253,1267,1236,1245,1246,1280,1253,1272,1273,1280,756,1218,1265,1272,1263,1280,1257,1259,1267,1273,1263,1280,1259,1280,1280,1280,1257,1236,1245,756,1259,1217,1218,1259
project/sim_ext.py --sim-time 1.5 --seq-graph project/file/graph_15_nodes.json --traffic project/file/traffic_15_nodes_outer_chatting.json --inspection-rate 0.001 --mess-rate 0.002 --algorithm betweenness,0.623669000001,1280,1252,1246,1265,1217,1280,1280,1280,1252,1280,1253,1267,1236,1245,1246,1280,1253,1272,1273,1280,756,1218,1265,1272,1263,1280,1257,1259,1267,1273,1263,1280,1259,1280,1280,1280,1257,1236,1245,756,1259,1217,1218,1259
project/sim_ext.py --sim-time 1.5 --seq-graph project/file/graph_15_nodes.json --traffic project/file/traffic_15_nodes_outer_chatting.json --inspection-rate 0.001 --mess-rate 0.002 --algorithm betweenness,0.6247596098523638,1280,1252,1246,1265,1217,1280,1280,1280,1252,1280,1253,1267,1236,1245,1246,1280,1253,1272,1273,1280,756,1218,1265,1272,1263,1280,1257,1259,1267,1273,1263,1280,1259,1280,1280,1280,1257,1236,1245,756,1259,1217,1218,1259
project/sim_ext.py --sim-time 1.5 --seq-graph project/file/graph_15_nodes.json --traffic project/file/traffic_15_nodes_outer_chatting.json --inspection-rate 0.001 --mess-rate 0.002 --algorithm betweenness,0.625784999947,1280,1252,1246,1265,1217,1280,1280,1280,1252,1280,1253,1267,1236,1245,1246,1280,1253,1272,1273,1280,756,1218,1265,1272,1263,1280,1257,1259,1267,1273,1263,1280,1259,1280,1280,1280,1257,1236,1245,756,1259,1217,1218,1259
project/sim_ext.py --sim-time 1.5 --seq-graph project/file/graph_15_nodes.json --traffic project/file/traffic_15_nodes_outer_chatting.json --inspection-rate 0.001 --mess-rate 0.002 --algorithm betweenness,0.626795000001,1280,1252,1246,1265,1217,1280,1280,1280,1252,1280,1253,1267,1236,1245,1246,1280,1253,1272,1273,1280,756,1218,1265,1272,1263,1280,1257,1259,1267,1273,1263,1280,1259,1280,1280,1280,1257,1236,1245,756,1259,1217,1218,1259
project/sim_ext.py --sim-time 1.5 --seq-graph project/file/graph_15_nodes.json --traffic project/file/traffic_15_nodes_outer_chatting.json --inspection-rate 0.001 --mess-rate 0.002 --algorithm betweenness,0.6278217999969999,1280,1252,1246,1265,1217,1280,1280,1280,1252,1280,1253,1267,1236,1245,1246,1280,1253,1272,1273,1280,756,1218,1265,1272,1263,1280,1257,1259,1267,1273,1263,1280,1259,1280,1280,1280,1257,1236,1245,756,1259,1217,1218,1259
project/sim_ext.py --sim-time 1.5 --seq-graph project/file/graph_15_nodes.json --traffic project/file/traffic_15_nodes_outer_chatting.json --inspection-rate 0.001 --mess-rate 0.002 --algorithm betweenness,0.628997000001,1280,1252,1246,1265,1217,1280,1280,1280,1252,1280,1253,1267,1236,1245,1246,1280,1253,1272,1273,1280,756,1218,1265,1272,1263,1280,1257,1259,1267,1273,1263,1280,1259,1280,1280,1280,1257,1236,1245,756,1259,1217,1218,1259
project/sim_ext.py --sim-time 1.5 --seq-graph project/file/graph_15_nodes.json --traffic project/file/traffic_15_nodes_outer_chatting.json --inspection-rate 0.001 --mess-rate 0.002 --algorithm betweenness,0.630142799997,1280,1252,1246,1265,1217,1280,1280,1280,1252,1280,1253,1267,1236,1245,1246,1280,1253,1272,1273,1280,836,1218,1265,1272,1263,1280,1257,1259,1267,1273,1263,1280,1259,1280,1280,1280,1257,1236,1245,836,1259,1217,1218,1259
project/sim_ext.py --sim-time 1.5 --seq-graph project/file/graph_15_nodes.json --traffic project/file/traffic_15_nodes_outer_chatting.json --inspection-rate 0.001 --mess-rate 0.002 --algorithm betweenness,0.6312570000009999,1280,1252,1246,1265,1217,1280,1280,1280,1252,1280,1253,1267,1236,1245,1246,1280,1253,1272,1273,1280,836,1218,1265,1272,1263,1280,1257,1259,1267,1273,1263,1280,1259,1280,1280,1280,1257,1236,1245,836,1259,1217,1218,1259
project/sim_ext.py --sim-time 1.5 --seq-graph project/file/graph_15_nodes.json --traffic project/file/traffic_15_nodes_outer_chatting.json --inspection-rate 0.001 --mess-rate 0.002 --algorithm betweenness,0.632269000001,1280,1252,1246,1265,1217,1280,1280,1280,1252,1280,1253,1267,1236,1245,1246,1280,1253,1272,1273,1280,836,1218,1265,1272,1263,1280,1257,1259,1267,1273,1263,1280,1259,1280,1280,1280,1257,1236,1245,836,1259,1217,1218,1259
project/sim_ext.py --sim-time 1.5 --seq-graph project/file/graph_15_nodes.json --traffic project/file/traffic_15_nodes_outer_chatting.json --inspection-rate 0.001 --mess-rate 0.002 --algorithm betweenness,0.6333944501098494,1280,1252,1246,1265,1217,1280,1280,1280,1252,1280,1253,1267,1236,1245,1246,1280,1253,1272,1273,1280,836,1218,1265,1272,1263,1280,1257,1259,1267,1273,1263,1280,1259,1280,1280,1280,1257,1236,1245,836,1259,1217,1218,1259
project/sim_ext.py --sim-time 1.5 --seq-graph project/file/graph_15_nodes.json --traffic project/file/traffic_15_nodes_outer_chatting.json --inspection-rate 0.001 --mess-rate 0.002 --algorithm betweenness,0.634410000001,1280,1252,1326,1265,1217,1280,1280,1280,1252,1280,1253,1267,1236,1245,1326,1280,1253,1272,1273,1280,836,1218,1265,1272,1263,1280,1257,1259,1267,1273,1263,1280,1259,1280,1280,1280,1257,1236,1245,836,1259,1217,1218,1259
project/sim_ext.py --sim-time 1.5 --seq-graph project/file/graph_15_nodes.json --traffic project/file/traffic_15_nodes_outer_chatting.json --inspection-rate 0.001 --mess-rate 0.002 --algorithm betweenness,0.635438000001,1280,1252,1326,1265,1217,1280,1280,1280,1252,1280,1253,1267,1236,1245,1326,1280,1253,1272,1273,1280,836,1218,1265,1272,1263,1280,1257,1259,1267,1273,1263,1280,1259,1280,1280,1280,1257,1236,1245,836,1259,1217,1218,1259
project/sim_ext.py --sim-time 1.5 --seq-graph project/file/graph_15_nodes.json --traffic project/file/traffic_15_nodes_outer_chatting.json --inspection-rate 0.001 --mess-rate 0.002 --algorithm betweenness,0.636529000001,1280,1252,1326,1265,1217,1280,1280,1280,1252,1280,1253,1267,1236,1245,1326,1280,1253,1272,1273,1280,836,1218,1265,1272,1263,1280,1257,1259,1267,1273,1263,1280,1259,1280,1280,1280,1257,1236,1245,836,1259,1217,1218,1259
project/sim_ext.py --sim-time 1.5 --seq-graph project/file/graph_15_nodes.json --traffic project/file/traffic_15_nodes_outer_chatting.json --inspection-rate 0.001 --mess-rate 0.002 --algorithm betweenness,0.637655000001,1280,1252,1326,1265,1217,1280,1280,1280,1252,1280,1253,1267,1236,1245,1326,1280,1253,1272,1273,1280,836,1218,1265,1272,1263,1280,1257,1259,1267,1273,1263,1280,1259,1280,1280,1280,1257,1236,1245,836,1259,1217,1218,1259
project/sim_ext.py --sim-time 1.5 --seq-graph project/file/graph_15_nodes.json --traffic project/file/traffic_15_nodes_outer_chatting.json --inspection-rate 0.001 --mess-rate 0.002 --algorithm betweenness,0.638704000001,1280,1252,1326,1265,1217,1280,1280,1280,1252,1280,1253,1267,1236,1245,1326,1280,1253,1272,1273,1280,836,1218,1265,1272,1263,1280,1257,1259,1267,1273,1263,1280,1259,1280,1280,1280,1257,1236,1245,836,1259,1217,1218,1259
project/sim_ext.py --sim-time 1.5 --seq-graph project/file/graph_15_nodes.json --traffic project/file/traffic_15_nodes_outer_chatting.json --inspection-rate 0.001 --mess-rate 0.002 --algorithm betweenness,0.639762000001,1280,1252,1326,1265,1217,1280,1280,1280,1252,1280,1253,1267,1236,1245,1326,1280,1253,1272,1273,1280,836,1218,1265,1272,1263,1280,1257,1259,1267,1273,1263,1280,1259,1280,1280,1280,1257,1236,1245,836,1259,1217,1218,1259
project/sim_ext.py --sim-time 1.5 --seq-graph project/file/graph_15_nodes.json --traffic project/file/traffic_15_nodes_outer_chatting.json --inspection-rate 0.001 --mess-rate 0.002 --algorithm betweenness,0.6408595800516362,1280,1252,1326,1265,1217,1280,1280,1280,1252,1280,1253,1267,1236,1245,1326,1280,1253,1272,1273,1280,836,1218,1265,1272,1263,1280,1257,1259,1267,1273,1263,1280,1259,1280,1280,1280,1257,1236,1245,836,1259,1217,1218,1259
project/sim_ext.py --sim-time 1.5 --seq-graph project/file/graph_15_nodes.json --traffic project/file/traffic_15_nodes_outer_chatting.json --inspection-rate 0.001 --mess-rate 0.002 --algorithm betweenness,0.641927000001,1280,1252,1326,1265,1217,1280,1280,1280,1252,1280,1253,1267,1236,1245,1326,1280,1253,1272,1273,1280,836,1218,1265,1272,1263,1280,1257,1259,1267,1273,1263,1280,1259,1280,1280,1280,1257,1236,1245,836,1259,1217,1218,1259
project/sim_ext.py --sim-time 1.5 --seq-graph project/file/graph_15_nodes.json --traffic project/file/traffic_15_nodes_outer_chatting.json --inspection-rate 0.001 --mess-rate 0.002 --algorithm betweenness,0.6430259999969999,1280,1252,1326,1265,1217,1280,1280,1280,1252,1280,1253,1267,1236,1245,1326,1280,1253,1272,1273,1280,836,1218,1265,1272,1263,1280,1257,1259,1267,1273,1263,1280,1259,1280,1280,1280,1257,1236,1245,836,1259,1217,1218,1259
project/sim_ext.py --sim-time 1.5 --seq-graph project/file/graph_15_nodes.json --traffic project/file/traffic_15_nodes_outer_chatting.json --inspection-rate 0.001 --mess-rate 0.002 --algorithm betweenness,0.644046000001,1280,1252,1326,1265,1217,1280,1280,1280,1252,1280,1253,1267,1236,1245,1326,1280,1253,1272,1273,1280,836,1218,1265,1272,1263,1280,1257,1259,1267,1273,1263,1280,1259,1280,1280,1280,1257,1236,1245,836,1259,1217,1218,1259
project/sim_ext.py --sim-time 1.5 --seq-graph project/file/graph_15_nodes.json --traffic project/file/traffic_15_nodes_outer_chatting.json --inspection-rate 0.001 --mess-rate 0.002 --algorithm betweenness,0.645074000001,1360,1332,1326,1345,1297,1360,1360,1360,1332,1360,1333,1347,1316,1325,1326,1360,1333,1352,1353,1360,836,1298,1345,1352,1343,1360,1337,1339,1347,1353,1343,1360,1339,1360,1360,1360,1337,1316,1325,836,1339,1297,1298,1339
project/sim_ext.py --sim-time 1.5 --seq-graph project/file/graph_15_nodes.json --traffic project/file/traffic_15_nodes_outer_chatting.json --inspection-rate 0.001 --mess-rate 0.002 --algorithm betweenness,0.646142000001,1360,1332,1326,1345,1297,1360,1360,1360,1332,1360,1333,1347,1316,1325,1326,1360,1333,1352,1353,1360,836,1298,1345,1352,1343,1360,1337,1339,1347,1353,1343,1360,1339,1360,1360,1360,1337,1316,1325,836,1339,1297,1298,1339
project/sim_ext.py --sim-time 1.5 --seq-graph project/file/graph_15_nodes.json --traffic project/file/traffic_15_nodes_outer_chatting.json --inspection-rate 0.001 --mess-rate 0.002 --algorithm betweenness,0.647224999951,1360,1332,1326,1345,1297,1360,1360,1360,1332,1360,1333,1347,1316,1325,1326,1360,1333,1352,1353,1360,836,1298,1345,1352,1343,1360,1337,1339,1347,1353,1343,1360,1339,1360,1360,1360,1337,1316,1325,836,1339,1297,1298,1339
project/sim_ext.py --sim-time 1.5 --seq-graph project/file/graph_15_nodes.json --traffic project/file/traffic_15_nodes_outer_chatting.json --inspection-rate 0.001 --mess-rate 0.002 --algorithm betweenness,0.648328000001,1360,1332,1326,1345,1297,1360,1360,1360,1332,1360,1333,1347,1316,1325,1326,1360,1333,1352,1353,1360,836,1298,1345,1352,1343,1360,1337,1339,1347,1353,1343,1360,1339,1360,1360,1360,1337,1316,1325,836,1339,1297,1298,1339
project/sim_ext.py --sim-time 1.5 --seq-graph project/file/graph_15_nodes.json --traffic project/file/traffic_15_nodes_outer_chatting.json --inspection-rate 0.001 --mess-rate 0.002 --algorithm betweenness,0.649331000001,1360,1332,1326,1345,1297,1360,1360,1360,1332,1360,1333,1347,1316,1325,1326,1360,1333,1352,1353,1360,836,1298,1345,1352,1343,1360,1337,1339,1347,1353,1343,1360,1339,1360,1360,1360,1337,1316,1325,836,1339,1297,1298,1339
project/sim_ext.py --sim-time 1.5 --seq-graph project/file/graph_15_nodes.json --traffic project/file/traffic_15_nodes_outer_chatting.json --inspection-rate 0.001 --mess-rate 0.002 --algorithm betweenness,0.650480000001,1360,1332,1326,1345,1297,1360,1360,1360,1332,1360,1333,1347,1316,1325,1326,1360,1333,1352,1353,1360,836,1298,1345,1352,1343,1360,1337,1339,1347,1353,1343,1360,1339,1360,1360,1360,1337,1316,1325,836,1339,1297,1298,1339
project/sim_ext.py --sim-time 1.5 --seq-graph project/file/graph_15_nodes.json --traffic project/file/traffic_15_nodes_outer_chatting.json --inspection-rate 0.001 --mess-rate 0.002 --algorithm betweenness,0.651564000001,1360,1332,1326,1345,1297,1360,1360,1360,1332,1360,1333,1347,1316,1325,1326,1360,1333,1352,1353,1360,836,1298,1345,1352,1343,1360,1337,1339,1347,1353,1343,1360,1339,1360,1360,1360,1337,1316,1325,836,1339,1297,1298,1339
project/sim_ext.py --sim-time 1.5 --seq-graph project/file/graph_15_nodes.json --traffic project/file/traffic_15_nodes_outer_chatting.json --inspection-rate 0.001 --mess-rate 0.002 --algorithm betweenness,0.652805000001,1360,1332,1326,1345,1297,1360,1360,1360,1332,1360,1333,1347,1316,1325,1326,1360,1333,1352,1353,1360,836,1298,1345,1352,1343,1360,1337,1339,1347,1353,1343,1360,1339,1360,1360,1360,1337,1316,1325,836,1339,1297,1298,1339
project/sim_ext.py --sim-time 1.5 --seq-graph project/file/graph_15_nodes.json --traffic project/file/traffic_15_nodes_outer_chatting.json --inspection-rate 0.001 --mess-rate 0.002 --algorithm betweenness,0.653834999947,1360,1332,1326,1345,1297,1360,1360,1360,1332,1360,1333,1347,1316,1325,1326,1360,1333,1352,1353,1360,836,1298,1345,1352,1343,1360,1337,1339,1347,1353,1343,1360,1339,1360,1360,1360,1337,1316,1325,836,1339,1297,1298,1339
project/sim_ext.py --sim-time 1.5 --seq-graph project/file/graph_15_nodes.json --traffic project/file/traffic_15_nodes_outer_chatting.json --inspection-rate 0.001 --mess-rate 0.002 --algorithm betweenness,0.654840000001,1360,1332,1326,1345,1297,1360,1360,1360,1332,1360,1333,1347,1316,1325,1326,1360,1333,1352,1353,1360,836,1298,1345,1352,1343,1360,1337,1339,1347,1353,1343,1360,1339,1360,1360,1360,1337,1316,1325,836,1339,1297,1298,1339
project/sim_ext.py --sim-time 1.5 --seq-graph project/file/graph_15_nodes.json --traffic project/file/traffic_15_nodes_outer_chatting.json --inspection-rate 0.001 --mess-rate 0.002 --algorithm betweenness,0.6560198155163927,1360,1332,1326,1345,1297,1360,1360,1360,1332,1360,1333,1347,1316,1325,1326,1360,1333,1352,1353,1360,836,1298,1345,1352,1343,1360,1337,1339,1347,1353,1343,1360,1339,1360,1360,1360,1337,1316,1325,836,1339,1297,1298,1339
project/sim_ext.py --sim-time 1.5 --seq-graph project/file/graph_15_nodes.json --traffic project/file/traffic_15_nodes_outer_chatting.json --inspection-rate 0.001 --mess-rate 0.002 --algorithm betweenness,0.657079000001,1360,1332,1326,1345,1297,1360,1360,1360,1332,1360,1333,1347,1316,1325,1326,1360,1333,1352,1353,1360,836,1298,1345,1352,1343,1360,1337,1339,1347,1353,1343,1360,1339,1360,1360,1360,1337,1316,1325,836,1339,1297,1298,1339
project/sim_ext.py --sim-time 1.5 --seq-graph project/file/graph_15_nodes.json --traffic project/file/traffic_15_nodes_outer_chatting.json --inspection-rate 0.001 --mess-rate 0.002 --algorithm betweenness,0.658087000001,1360,1332,1326,1345,1297,1360,1360,1360,1332,1360,1333,1347,1316,1325,1326,1360,1333,1352,1353,1360,836,1298,1345,1352,1343,1360,1337,1339,1347,1353,1343,1360,1339,1360,1360,1360,1337,1316,1325,836,1339,1297,1298,1339
project/sim_ext.py --sim-time 1.5 --seq-graph project/file/graph_15_nodes.json --traffic project/file/traffic_15_nodes_outer_chatting.json --inspection-rate 0.001 --mess-rate 0.002 --algorithm betweenness,0.659276000001,1360,1332,1326,1345,1297,1360,1360,1360,1332,1360,1333,1347,1316,1325,1326,1360,1333,1352,1353,1360,836,1298,1345,1352,1343,1360,1337,1339,1347,1353,1343,1360,1339,1360,1360,1360,1337,1316,1325,836,1339,1297,1298,1339
project/sim_ext.py --sim-time 1.5 --seq-graph project/file/graph_15_nodes.json --traffic project/file/traffic_15_nodes_outer_chatting.json --inspection-rate 0.001 --mess-rate 0.002 --algorithm betweenness,0.660370000001,1360,1332,1326,1345,1297,1360,1360,1360,1332,1360,1333,1347,1316,1325,1326,1360,1333,1352,1353,1360,836,1298,1345,1352,1343,1360,1337,1339,1347,1353,1343,1360,1339,1360,1360,1360,1337,1316,1325,836,1339,1297,1298,1339
project/sim_ext.py --sim-time 1.5 --seq-graph project/file/graph_15_nodes.json --traffic project/file/traffic_15_nodes_outer_chatting.json --inspection-rate 0.001 --mess-rate 0.002 --algorithm betweenness,0.6614596117214492,1360,1332,1326,1345,1297,1360,1360,1360,1332,1360,1333,1347,1316,1325,1326,1360,1333,1352,1353,1360,836,1298,1345,1352,1343,1360,1337,1339,1347,1353,1343,1360,1339,1360,1360,1360,1337,1316,1325,836,1339,1297,1298,1339
project/sim_ext.py --sim-time 1.5 --seq-graph project/file/graph_15_nodes.json --traffic project/file/traffic_15_nodes_outer_chatting.json --inspection-rate 0.001 --mess-rate 0.002 --algorithm betweenness,0.662481000001,1360,1332,1326,1345,1297,1360,1360,1360,1332,1360,1333,1347,1316,1325,1326,1360,1333,1352,1353,1360,836,1298,1345,1352,1343,1360,1337,1339,1347,1353,1343,1360,1339,1360,1360,1360,1337,1316,1325,836,1339,1297,1298,1339
project/sim_ext.py --sim-time 1.5 --seq-graph project/file/graph_15_nodes.json --traffic project/file/traffic_15_nodes_outer_chatting.json --inspection-rate 0.001 --mess-rate 0.002 --algorithm betweenness,0.663724999951,1360,1332,1326,1345,1297,1360,1360,1360,1332,1360,1333,1347,1316,1325,1326,1360,1333,1352,1353,1360,836,1298,1345,1352,1343,1360,1337,1339,1347,1353,1343,1360,1339,1360,1360,1360,1337,1316,1325,836,1339,1297,1298,1339
project/sim_ext.py --sim-time 1.5 --seq-graph project/file/graph_15_nodes.json --traffic project/file/traffic_15_nodes_outer_chatting.json --inspection-rate 0.001 --mess-rate 0.002 --algorithm betweenness,0.664890000001,1360,1332,1326,1345,1297,1360,1360,1360,1332,1360,1333,1347,1316,1325,1326,1360,1333,1352,1353,1360,836,1298,1345,1352,1343,1360,1337,1339,1347,1353,1343,1360,1339,1360,1360,1360,1337,1316,1325,836,1339,1297,1298,1339
project/sim_ext.py --sim-time 1.5 --seq-graph project/file/graph_15_nodes.json --traffic project/file/traffic_15_nodes_outer_chatting.json --inspection-rate 0.001 --mess-rate 0.002 --algorithm betweenness,0.6659740000009999,1360,1332,1326,1345,1297,1360,1360,1360,1332,1360,1333,1347,1316,1325,1326,1360,1333,1352,1353,1360,836,1298,1345,1352,1343,1360,1337,1339,1347,1353,1343,1360,1339,1360,1360,1360,1337,1316,1325,836,1339,1297,1298,1339
project/sim_ext.py --sim-time 1.5 --seq-graph project/file/graph_15_nodes.json --traffic project/file/traffic_15_nodes_outer_chatting.json --inspection-rate 0.001 --mess-rate 0.002 --algorithm betweenness,0.666983000001,1360,1332,1326,1345,1297,1360,1360,1360,1332,1360,1333,1347,1316,1325,1326,1360,1333,1352,1353,1360,836,1298,1345,1352,1343,1360,1337,1339,1347,1353,1343,1360,1339,1360,1360,1360,1337,1316,1325,836,1339,1297,1298,1339
project/sim_ext.py --sim-time 1.5 --seq-graph project/file/graph_15_nodes.json --traffic project/file/traffic_15_nodes_outer_chatting.json --inspection-rate 0.001 --mess-rate 0.002 --algorithm betweenness,0.668161000001,1360,1332,1326,1345,1297,1360,1360,1360,1332,1360,1333,1347,1316,1325,1326,1360,1333,1352,1353,1360,836,1298,1345,1352,1343,1360,1337,1339,1347,1353,1343,1360,1339,1360,1360,1360,1337,1316,1325,836,1339,1297,1298,1339
project/sim_ext.py --sim-time 1.5 --seq-graph project/file/graph_15_nodes.json --traffic project/file/traffic_15_nodes_outer_chatting.json --inspection-rate 0.001 --mess-rate 0.002 --algorithm betweenness,0.669351000001,1360,1332,1326,1345,1297,1360,1360,1360,1332,1360,1333,1347,1316,1325,1326,1360,1333,1352,1353,1360,836,1298,1345,1352,1343,1360,1337,1339,1347,1353,1343,1360,1339,1360,1360,1360,1337,1316,1325,836,1339,1297,1298,1339
project/sim_ext.py --sim-time 1.5 --seq-graph project/file/graph_15_nodes.json --traffic project/file/traffic_15_nodes_outer_chatting.json --inspection-rate 0.001 --mess-rate 0.002 --algorithm betweenness,0.670385000001,1360,1332,1326,1345,1297,1360,1360,1360,1332,1360,1333,1347,1316,1325,1326,1360,1333,1352,1353,1360,836,1298,1345,1352,1343,1360,1337,1339,1347,1353,1343,1360,1339,1360,1360,1360,1337,1316,1325,836,1339,1297,1298,1339
project/sim_ext.py --sim-time 1.5 --seq-graph project/file/graph_15_nodes.json --traffic project/file/traffic_15_nodes_outer_chatting.json --inspection-rate 0.001 --mess-rate 0.002 --algorithm betweenness,0.671590000001,1360,1332,1326,1345,1297,1360,1360,1360,1332,1360,1333,1347,1316,1325,1326,1360,1333,1352,1353,1360,916,1298,1345,1352,1343,1360,1337,1339,1347,1353,1343,1360,1339,1360,1360,1360,1337,1316,1325,916,1339,1297,1298,1339
project/sim_ext.py --sim-time 1.5 --seq-graph project/file/graph_15_nodes.json --traffic project/file/traffic_15_nodes_outer_chatting.json --inspection-rate 0.001 --mess-rate 0.002 --algorithm betweenness,0.672614000001,1360,1332,1326,1345,1297,1360,1360,1360,1332,1360,1333,1347,1316,1325,1326,1360,1333,1352,1353,1360,916,1298,1345,1352,1343,1360,1337,1339,1347,1353,1343,1360,1339,1360,1360,1360,1337,1316,1325,916,1339,1297,1298,1339
project/sim_ext.py --sim-time 1.5 --seq-graph project/file/graph_15_nodes.json --traffic project/file/traffic_15_nodes_outer_chatting.json --inspection-rate 0.001 --mess-rate 0.002 --algorithm betweenness,0.673823000001,1360,1332,1326,1345,1297,1360,1360,1360,1332,1360,1333,1347,1316,1325,1326,1360,1333,1352,1353,1360,916,1298,1345,1352,1343,1360,1337,1339,1347,1353,1343,1360,1339,1360,1360,1360,1337,1316,1325,916,1339,1297,1298,1339
project/sim_ext.py --sim-time 1.5 --seq-graph project/file/graph_15_nodes.json --traffic project/file/traffic_15_nodes_outer_chatting.json --inspection-rate 0.001 --mess-rate 0.002 --algorithm betweenness,0.674884999951,1440,1412,1406,1425,1377,1440,1440,1440,1412,1440,1413,1427,1396,1405,1406,1440,1413,1432,1433,1440,916,1378,1425,1432,1423,1440,1417,1419,1427,1433,1423,1440,1419,1440,1440,1440,1417,1396,1405,916,1419,1377,1378,1419
project/sim_ext.py --sim-time 1.5 --seq-graph project/file/graph_15_nodes.json --traffic project/file/traffic_15_nodes_outer_chatting.json --inspection-rate 0.001 --mess-rate 0.002 --algorithm betweenness,0.676057000001,1440,1412,1406,1425,1377,1440,1440,1440,1412,1440,1413,1427,1396,1405,1406,1440,1413,1432,1433,1440,916,1378,1425,1432,1423,1440,1417,1419,1427,1433,1423,1440,1419,1440,1440,1440,1417,1396,1405,916,1419,1377,1378,1419
project/sim_ext.py --sim-time 1.5 --seq-graph project/file/graph_15_nodes.json --traffic project/file/traffic_15_nodes_outer_chatting.json --inspection-rate 0.001 --mess-rate 0.002 --algorithm betweenness,0.677180000001,1440,1412,1406,1425,1377,1440,1440,1440,1412,1440,1413,1427,1396,1405,1406,1440,1413,1432,1433,1440,916,1378,1425,1432,1423,1440,1417,1419,1427,1433,1423,1440,1419,1440,1440,1440,1417,1396,1405,916,1419,1377,1378,1419
project/sim_ext.py --sim-time 1.5 --seq-graph project/file/graph_15_nodes.json --traffic project/file/traffic_15_nodes_outer_chatting.json --inspection-rate 0.001 --mess-rate 0.002 --algorithm betweenness,0.6783910000009999,1440,1412,1406,1425,1377,1440,1440,1440,1412,1440,1413,1427,1396,1405,1406,1440,1413,1432,1433,1440,916,1378,1425,1432,1423,1440,1417,1419,1427,1433,1423,1440,1419,1440,1440,1440,1417,1396,1405,916,1419,1377,1378,1419
project/sim_ext.py --sim-time 1.5 --seq-graph project/file/graph_15_nodes.json --traffic project/file/traffic_15_nodes_outer_chatting.json --inspection-rate 0.001 --mess-rate 0.002 --algorithm betweenness,0.679424999947,1440,1412,1406,1425,1377,1440,1440,1440,1412,1440,1413,1427,1396,1405,1406,1440,1413,1432,1433,1440,916,1378,1425,1432,1423,1440,1417,1419,1427,1433,1423,1440,1419,1440,1440,1440,1417,1396,1405,916,1419,1377,1378,1419
project/sim_ext.py --sim-time 1.5 --seq-graph project/file/graph_15_nodes.json --traffic project/file/traffic_15_nodes_outer_chatting.json --inspection-rate 0.001 --mess-rate 0.002 --algorithm betweenness,0.680639000001,1440,1412,1406,1425,1377,1440,1440,1440,1412,1440,1413,1427,1396,1405,1406,1440,1413,1432,1433,1440,916,1378,1425,1432,1423,1440,1417,1419,1427,1433,1423,1440,1419,1440,1440,1440,1417,1396,1405,916,1419,1377,1378,1419
project/sim_ext.py --sim-time 1.5 --seq-graph project/file/graph_15_nodes.json --traffic project/file/traffic_15_nodes_outer_chatting.json --inspection-rate 0.001 --mess-rate 0.002 --algorithm betweenness,0.681784839507728,1440,1412,1406,1425,1377,1440,1440,1440,1412,1440,1413,1427,1396,1405,1406,1440,1413,1432,1433,1440,916,1378,1425,1432,1423,1440,1417,1419,1427,1433,1423,1440,1419,1440,1440,1440,1417,1396,1405,916,1419,1377,1378,1419
project/sim_ext.py --sim-time 1.5 --seq-graph project/file/graph_15_nodes.json --traffic project/file/traffic_15_nodes_outer_chatting.json --inspection-rate 0.001 --mess-rate 0.002 --algorithm betweenness,0.6828500269512535,1440,1412,1406,1425,1377,1440,1440,1440,1412,1440,1413,1427,1396,1405,1406,1440,1413,1432,1433,1440,916,1378,1425,1432,1423,1440,1417,1419,1427,1433,1423,1440,1419,1440,1440,1440,1417,1396,1405,916,1419,1377,1378,1419
project/sim_ext.py --sim-time 1.5 --seq-graph project/file/graph_15_nodes.json --traffic project/file/traffic_15_nodes_outer_chatting.json --inspection-rate 0.001 --mess-rate 0.002 --algorithm betweenness,0.683971000001,1440,1412,1406,1425,1377,1440,1440,1440,1412,1440,1413,1427,1396,1405,1406,1440,1413,1432,1433,1440,916,1378,1425,1432,1423,1440,1417,1419,1427,1433,1423,1440,1419,1440,1440,1440,1417,1396,1405,916,1419,1377,1378,1419
project/sim_ext.py --sim-time 1.5 --seq-graph project/file/graph_15_nodes.json --traffic project/file/traffic_15_nodes_outer_chatting.json --inspection-rate 0.001 --mess-rate 0.002 --algorithm betweenness,0.685040000001,1440,1412,1406,1425,1377,1440,1440,1440,1412,1440,1413,1427,1396,1405,1406,1440,1413,1432,1433,1440,916,1378,1425,1432,1423,1440,1417,1419,1427,1433,1423,1440,1419,1440,1440,1440,1417,1396,1405,916,1419,1377,1378,1419
project/sim_ext.py --sim-time 1.5 --seq-graph project/file/graph_15_nodes.json --traffic project/file/traffic_15_nodes_outer_chatting.json --inspection-rate 0.001 --mess-rate 0.002 --algorithm betweenness,0.686173000001,1440,1412,1406,1425,1377,1440,1440,1440,1412,1440,1413,1427,1396,1405,1406,1440,1413,1432,1433,1440,916,1378,1425,1432,1423,1440,1417,1419,1427,1433,1423,1440,1419,1440,1440,1440,1417,1396,1405,916,1419,1377,1378,1419
project/sim_ext.py --sim-time 1.5 --seq-graph project/file/graph_15_nodes.json --traffic project/file/traffic_15_nodes_outer_chatting.json --inspection-rate 0.001 --mess-rate 0.002 --algorithm betweenness,0.687312000001,1440,1412,1406,1425,1377,1440,1440,1440,1412,1440,1413,1427,1396,1405,1406,1440,1413,1432,1433,1440,916,1378,1425,1432,1423,1440,1417,1419,1427,1433,1423,1440,1419,1440,1440,1440,1417,1396,1405,916,1419,1377,1378,1419
project/sim_ext.py --sim-time 1.5 --seq-graph project/file/graph_15_nodes.json --traffic project/file/traffic_15_nodes_outer_chatting.json --inspection-rate 0.001 --mess-rate 0.002 --algorithm betweenness,0.688461000001,1440,1412,1406,1425,1377,1440,1440,1440,1412,1440,1413,1427,1396,1405,1406,1440,1413,1432,1433,1440,916,1378,1425,1432,1423,1440,1417,1419,1427,1433,1423,1440,1419,1440,1440,1440,1417,1396,1405,916,1419,1377,1378,1419
project/sim_ext.py --sim-time 1.5 --seq-graph project/file/graph_15_nodes.json --traffic project/file/traffic_15_nodes_outer_chatting.json --inspection-rate 0.001 --mess-rate 0.002 --algorithm betweenness,0.689578000001,1440,1412,1406,1425,1377,1440,1440,1440,1412,1440,1413,1427,1396,1405,1406,1440,1413,1432,1433,1440,916,1378,1425,1432,1423,1440,1417,1419,1427,1433,1423,1440,1419,1440,1440,1440,1417,1396,1405,916,1419,1377,1378,1419
project/sim_ext.py --sim-time 1.5 --seq-graph project/file/graph_15_nodes.json --traffic project/file/traffic_15_nodes_outer_chatting.json --inspection-rate 0.001 --mess-rate 0.002 --algorithm betweenness,0.690801000001,1440,1412,1406,1425,1377,1440,1440,1440,1412,1440,1413,1427,1396,1405,1406,1440,1413,1432,1433,1440,916,1378,1425,1432,1423,1440,1417,1419,1427,1433,1423,1440,1419,1440,1440,1440,1417,1396,1405,916,1419,1377,1378,1419
project/sim_ext.py --sim-time 1.5 --seq-graph project/file/graph_15_nodes.json --traffic project/file/traffic_15_nodes_outer_chatting.json --inspection-rate 0.001 --mess-rate 0.002 --algorithm betweenness,0.691911000001,1440,1412,1406,1425,1377,1440,1440,1440,1412,1440,1413,1427,1396,1405,1406,1440,1413,1432,1433,1440,916,1378,1425,1432,1423,1440,1417,1419,1427,1433,1423,1440,1419,1440,1440,1440,1417,1396,1405,916,1419,1377,1378,1419
project/sim_ext.py --sim-time 1.5 --seq-graph project/file/graph_15_nodes.json --traffic project/file/traffic_15_nodes_outer_chatting.json --inspection-rate 0.001 --mess-rate 0.002 --algorithm betweenness,0.693029042552964,1440,1412,1406,1425,1377,1440,1440,1440,1412,1440,1413,1427,1396,1405,1406,1440,1413,1432,1433,1440,916,1378,1425,1432,1423,1440,1417,1419,1427,1433,1423,1440,1419,1440,1440,1440,1417,1396,1405,916,1419,1377,1378,1419
project/sim_ext.py --sim-time 1.5 --seq-graph project/file/graph_15_nodes.json --traffic project/file/traffic_15_nodes_outer_chatting.json --inspection-rate 0.001 --mess-rate 0.002 --algorithm betweenness,0.694131000001,1440,1412,1406,1425,1377,1440,1440,1440,1412,1440,1413,1427,1396,1405,1406,1440,1413,1432,1433,1440,916,1378,1425,1432,1423,1440,1417,1419,1427,1433,1423,1440,1419,1440,1440,1440,1417,1396,1405,916,1419,1377,1378,1419
project/sim_ext.py --sim-time 1.5 --seq-graph project/file/graph_15_nodes.json --traffic project/file/traffic_15_nodes_outer_chatting.json --inspection-rate 0.001 --mess-rate 0.002 --algorithm betweenness,0.695245000001,1440,1412,1406,1425,1377,1440,1440,1440,1412,1440,1413,1427,1396,1405,1406,1440,1413,1432,1433,1440,916,1378,1425,1432,1423,1440,1417,1419,1427,1433,1423,1440,1419,1440,1440,1440,1417,1396,1405,916,1419,1377,1378,1419
project/sim_ext.py --sim-time 1.5 --seq-graph project/file/graph_15_nodes.json --traffic project/file/traffic_15_nodes_outer_chatting.json --inspection-rate 0.001 --mess-rate 0.002 --algorithm betweenness,0.6964356184723504,1440,1412,1406,1425,1377,1440,1440,1440,1412,1440,1413,1427,1396,1405,1406,1440,1413,1432,1433,1440,916,1378,1425,1432,1423,1440,1417,1419,1427,1433,1423,1440,1419,1440,1440,1440,1417,1396,1405,916,1419,1377,1378,1419
project/sim_ext.py --sim-time 1.5 --seq-graph project/file/graph_15_nodes.json --traffic project/file/traffic_15_nodes_outer_chatting.json --inspection-rate 0.001 --mess-rate 0.002 --algorithm betweenness,0.6974478251794977,1440,1412,1406,1425,1377,1440,1440,1440,1412,1440,1413,1427,1396,1405,1406,1440,1413,1432,1433,1440,916,1378,1425,1432,1423,1440,1417,1419,1427,1433,1423,1440,1419,1440,1440,1440,1417,1396,1405,916,1419,1377,1378,1419
project/sim_ext.py --sim-time 1.5 --seq-graph project/file/graph_15_nodes.json --traffic project/file/traffic_15_nodes_outer_chatting.json --inspection-rate 0.001 --mess-rate 0.002 --algorithm betweenness,0.6985640000009999,1440,1412,1406,1425,1377,1440,1440,1440,1412,1440,1413,1427,1396,1405,1406,1440,1413,1432,1433,1440,916,1378,1425,1432,1423,1440,1417,1419,1427,1433,1423,1440,1419,1440,1440,1440,1417,1396,1405,916,1419,1377,1378,1419
project/sim_ext.py --sim-time 1.5 --seq-graph project/file/graph_15_nodes.json --traffic project/file/traffic_15_nodes_outer_chatting.json --inspection-rate 0.001 --mess-rate 0.002 --algorithm betweenness,0.699679000001,1440,1412,1406,1425,1377,1440,1440,1440,1412,1440,1413,1427,1396,1405,1406,1440,1413,1432,1433,1440,916,1378,1425,1432,1423,1440,1417,1419,1427,1433,1423,1440,1419,1440,1440,1440,1417,1396,1405,916,1419,1377,1378,1419
project/sim_ext.py --sim-time 1.5 --seq-graph project/file/graph_15_nodes.json --traffic project/file/traffic_15_nodes_outer_chatting.json --inspection-rate 0.001 --mess-rate 0.002 --algorithm betweenness,0.700823000001,1440,1412,1406,1425,1377,1440,1440,1440,1412,1440,1413,1427,1396,1405,1406,1440,1413,1432,1433,1440,916,1378,1425,1432,1423,1440,1417,1419,1427,1433,1423,1440,1419,1440,1440,1440,1417,1396,1405,916,1419,1377,1378,1419
project/sim_ext.py --sim-time 1.5 --seq-graph project/file/graph_15_nodes.json --traffic project/file/traffic_15_nodes_outer_chatting.json --inspection-rate 0.001 --mess-rate 0.002 --algorithm betweenness,0.701853000001,1440,1412,1406,1425,1377,1440,1440,1440,1412,1440,1413,1427,1396,1405,1406,1440,1413,1432,1433,1440,916,1378,1425,1432,1423,1440,1417,1419,1427,1433,1423,1440,1419,1440,1440,1440,1417,1396,1405,916,1419,1377,1378,1419
project/sim_ext.py --sim-time 1.5 --seq-graph project/file/graph_15_nodes.json --traffic project/file/traffic_15_nodes_outer_chatting.json --inspection-rate 0.001 --mess-rate 0.002 --algorithm betweenness,0.702858000001,1440,1412,1406,1425,1377,1440,1440,1440,1412,1440,1413,1427,1396,1405,1406,1440,1413,1432,1433,1440,916,1378,1425,1432,1423,1440,1417,1419,1427,1433,1423,1440,1419,1440,1440,1440,1417,1396,1405,916,1419,1377,1378,1419
project/sim_ext.py --sim-time 1.5 --seq-graph project/file/graph_15_nodes.json --traffic project/file/traffic_15_nodes_outer_chatting.json --inspection-rate 0.001 --mess-rate 0.002 --algorithm betweenness,0.704017071197312,1440,1412,1406,1425,1377,1440,1440,1440,1412,1440,1413,1427,1396,1405,1406,1440,1413,1432,1433,1440,916,1378,1425,1432,1423,1440,1417,1419,1427,1433,1423,1440,1419,1440,1440,1440,1417,1396,1405,916,1419,1377,1378,1419
project/sim_ext.py --sim-time 1.5 --seq-graph project/file/graph_15_nodes.json --traffic project/file/traffic_15_nodes_outer_chatting.json --inspection-rate 0.001 --mess-rate 0.002 --algorithm betweenness,0.705113000001,1440,1412,1406,1425,1377,1440,1440,1440,1412,1440,1413,1427,1396,1405,1406,1440,1413,1432,1433,1440,916,1378,1425,1432,1423,1440,1417,1419,1427,1433,1423,1440,1419,1440,1440,1440,1417,1396,1405,916,1419,1377,1378,1419
project/sim_ext.py --sim-time 1.5 --seq-graph project/file/graph_15_nodes.json --traffic project/file/traffic_15_nodes_outer_chatting.json --inspection-rate 0.001 --mess-rate 0.002 --algorithm betweenness,0.706155000001,1440,1412,1486,1425,1377,1440,1520,1440,1412,1520,1493,1427,1396,1405,1486,1440,1493,1432,1433,1440,916,1458,1425,1432,1503,1440,1497,1419,1427,1433,1503,1440,1419,1440,1440,1440,1497,1396,1405,916,1419,1377,1458,1419
project/sim_ext.py --sim-time 1.5 --seq-graph project/file/graph_15_nodes.json --traffic project/file/traffic_15_nodes_outer_chatting.json --inspection-rate 0.001 --mess-rate 0.002 --algorithm betweenness,0.707349000001,1440,1412,1486,1425,1377,1440,1520,1440,1412,1520,1493,1427,1396,1405,1486,1440,1493,1432,1433,1440,916,1458,1425,1432,1503,1440,1497,1419,1427,1433,1503,1440,1419,1440,1440,1440,1497,1396,1405,916,1419,1377,1458,1419
project/sim_ext.py --sim-time 1.5 --seq-graph project/file/graph_15_nodes.json --traffic project/file/traffic_15_nodes_outer_chatting.json --inspection-rate 0.001 --mess-rate 0.002 --algorithm betweenness,0.708367000001,1440,1412,1486,1425,1377,1440,1520,1440,1412,1520,1493,1427,1396,1405,1486,1440,1493,1432,1433,1440,916,1458,1425,1432,1503,1440,1497,1419,1427,1433,1503,1440,1419,1440,1440,1440,1497,1396,1405,916,1419,1377,1458,1419
project/sim_ext.py --sim-time 1.5 --seq-graph project/file/graph_15_nodes.json --traffic project/file/traffic_15_nodes_outer_chatting.json --inspection-rate 0.001 --mess-rate 0.002 --algorithm betweenness,0.709589000001,1440,1412,1486,1425,1377,1440,1520,1440,1412,1520,1493,1427,1396,1405,1486,1440,1493,1432,1433,1440,916,1458,1425,1432,1503,1440,1497,1419,1427,1433,1503,1440,1419,1440,1440,1440,1497,1396,1405,916,1419,1377,1458,1419
project/sim_ext.py --sim-time 1.5 --seq-graph project/file/graph_15_nodes.json --traffic project/file/traffic_15_nodes_outer_chatting.json --inspection-rate 0.001 --mess-rate 0.002 --algorithm betweenness,0.7106590098738371,1440,1412,1486,1425,1377,1440,1520,1440,1412,1520,1493,1427,1396,1405,1486,1440,1493,1432,1433,1440,916,1458,1425,1432,1503,1440,1497,1419,1427,1433,1503,1440,1419,1440,1440,1440,1497,1396,1405,916,1419,1377,1458,1419
project/sim_ext.py --sim-time 1.5 --seq-graph project/file/graph_15_nodes.json --traffic project/file/traffic_15_nodes_outer_chatting.json --inspection-rate 0.001 --mess-rate 0.002 --algorithm betweenness,0.711739000001,1440,1412,1486,1425,1377,1440,1520,1440,1412,1520,1493,1427,1396,1405,1486,1440,1493,1432,1433,1440,916,1458,1425,1432,1503,1440,1497,1419,1427,1433,1503,1440,1419,1440,1440,1440,1497,1396,1405,916,1419,1377,1458,1419
project/sim_ext.py --sim-time 1.5 --seq-graph project/file/graph_15_nodes.json --traffic project/file/traffic_15_nodes_outer_chatting.json --inspection-rate 0.001 --mess-rate 0.002 --algorithm betweenness,0.7129300000009999,1440,1412,1486,1425,1377,1440,1520,1440,1412,1520,1493,1427,1396,1405,1486,1440,1493,1432,1433,1440,916,1458,1425,1432,1503,1440,1497,1419,1427,1433,1503,1440,1419,1440,1440,1440,1497,1396,1405,916,1419,1377,1458,1419
project/sim_ext.py --sim-time 1.5 --seq-graph project/file/graph_15_nodes.json --traffic project/file/traffic_15_nodes_outer_chatting.json --inspection-rate 0.001 --mess-rate 0.002 --algorithm betweenness,0.714036000001,1440,1412,1486,1425,1377,1440,1520,1440,1412,1520,1493,1427,1396,1405,1486,1440,1493,1432,1433,1440,916,1458,1425,1432,1503,1440,1497,1419,1427,1433,1503,1440,1419,1440,1440,1440,1497,1396,1405,916,1419,1377,1458,1419
project/sim_ext.py --sim-time 1.5 --seq-graph project/file/graph_15_nodes.json --traffic project/file/traffic_15_nodes_outer_chatting.json --inspection-rate 0.001 --mess-rate 0.002 --algorithm betweenness,0.715047000001,1440,1412,1486,1425,1377,1440,1520,1440,1412,1520,1493,1427,1396,1405,1486,1440,1493,1432,1433,1440,916,1458,1425,1432,1503,1440,1497,1419,1427,1433,1503,1440,1419,1440,1440,1440,1497,1396,1405,916,1419,1377,1458,1419
project/sim_ext.py --sim-time 1.5 --seq-graph project/file/graph_15_nodes.json --traffic project/file/traffic_15_nodes_outer_chatting.json --inspection-rate 0.001 --mess-rate 0.002 --algorithm betweenness,0.716247000001,1520,1492,1486,1505,1457,1520,1520,1520,1492,1520,1493,1507,1476,1485,1486,1520,1493,1512,1513,1520,916,1458,1505,1512,1503,1520,1497,1499,1507,1513,1503,1520,1499,1520,1520,1520,1497,1476,1485,916,1499,1457,1458,1499
project/sim_ext.py --sim-time 1.5 --seq-graph project/file/graph_15_nodes.json --traffic project/file/traffic_15_nodes_outer_chatting.json --inspection-rate 0.001 --mess-rate 0.002 --algorithm betweenness,0.717275000001,1520,1492,1486,1505,1457,1520,1520,1520,1492,1520,1493,1507,1476,1485,1486,1520,1493,1512,1513,1520,916,1458,1505,1512,1503,1520,1497,1499,1507,1513,1503,1520,1499,1520,1520,1520,1497,1476,1485,916,1499,1457,1458,1499
project/sim_ext.py --sim-time 1.5 --seq-graph project/file/graph_15_nodes.json --traffic project/file/traffic_15_nodes_outer_chatting.json --inspection-rate 0.001 --mess-rate 0.002 --algorithm betweenness,0.7183740000009999,1520,1492,1486,1505,1457,1520,1520,1520,1492,1520,1493,1507,1476,1485,1486,1520,1493,1512,1513,1520,996,1458,1505,1512,1503,1520,1497,1499,1507,1513,1503,1520,1499,1520,1520,1520,1497,1476,1485,996,1499,1457,1458,1499
project/sim_ext.py --sim-time 1.5 --seq-graph project/file/graph_15_nodes.json --traffic project/file/traffic_15_nodes_outer_chatting.json --inspection-rate 0.001 --mess-rate 0.002 --algorithm betweenness,0.719525000001,1520,1492,1486,1505,1457,1520,1520,1520,1492,1520,1493,1507,1476,1485,1486,1520,1493,1512,1513,1520,996,1458,1505,1512,1503,1520,1497,1499,1507,1513,1503,1520,1499,1520,1520,1520,1497,1476,1485,996,1499,1457,1458,1499
project/sim_ext.py --sim-time 1.5 --seq-graph project/file/graph_15_nodes.json --traffic project/file/traffic_15_nodes_outer_chatting.json --inspection-rate 0.001 --mess-rate 0.002 --algorithm betweenness,0.720603000001,1520,1492,1486,1505,1457,1520,1520,1520,1492,1520,1493,1507,1476,1485,1486,1520,1493,1512,1513,1520,996,1458,1505,1512,1503,1520,1497,1499,1507,1513,1503,1520,1499,1520,1520,1520,1497,1476,1485,996,1499,1457,1458,1499
project/sim_ext.py --sim-time 1.5 --seq-graph project/file/graph_15_nodes.json --traffic project/file/traffic_15_nodes_outer_chatting.json --inspection-rate 0.001 --mess-rate 0.002 --algorithm betweenness,0.721777000001,1520,1492,1486,1505,1457,1520,1520,1520,1492,1520,1493,1507,1476,1485,1486,1520,1493,1512,1513,1520,996,1458,1505,1512,1503,1520,1497,1499,1507,1513,1503,1520,1499,1520,1520,1520,1497,1476,1485,996,1499,1457,1458,1499
project/sim_ext.py --sim-time 1.5 --seq-graph project/file/graph_15_nodes.json --traffic project/file/traffic_15_nodes_outer_chatting.json --inspection-rate 0.001 --mess-rate 0.002 --algorithm betweenness,0.722809000001,1520,1492,1486,1505,1457,1520,1520,1520,1492,1520,1493,1507,1476,1485,1486,1520,1493,1512,1513,1520,996,1458,1505,1512,1503,1520,1497,1499,1507,1513,1503,1520,1499,1520,1520,1520,1497,1476,1485,996,1499,1457,1458,1499
project/sim_ext.py --sim-time 1.5 --seq-graph project/file/graph_15_nodes.json --traffic project/file/traffic_15_nodes_outer_chatting.json --inspection-rate 0.001 --mess-rate 0.002 --algorithm betweenness,0.723943000001,1520,1492,1486,1505,1457,1520,1520,1520,1492,1520,1493,1507,1476,1485,1486,1520,1493,1512,1513,1520,996,1458,1505,1512,1503,1520,1497,1499,1507,1513,1503,1520,1499,1520,1520,1520,1497,1476,1485,996,1499,1457,1458,1499
project/sim_ext.py --sim-time 1.5 --seq-graph project/file/graph_15_nodes.json --traffic project/file/traffic_15_nodes_outer_chatting.json --inspection-rate 0.001 --mess-rate 0.002 --algorithm betweenness,0.725024999947,1520,1492,1486,1505,1457,1520,1520,1520,1492,1520,1493,1507,1476,1485,1486,1520,1493,1512,1513,1520,996,1458,1505,1512,1503,1520,1497,1499,1507,1513,1503,1520,1499,1520,1520,1520,1497,1476,1485,996,1499,1457,1458,1499
project/sim_ext.py --sim-time 1.5 --seq-graph project/file/graph_15_nodes.json --traffic project/file/traffic_15_nodes_outer_chatting.json --inspection-rate 0.001 --mess-rate 0.002 --algorithm betweenness,0.726028000001,1520,1492,1486,1505,1457,1520,1520,1520,1492,1520,1493,1507,1476,1485,1486,1520,1493,1512,1513,1520,996,1458,1505,1512,1503,1520,1497,1499,1507,1513,1503,1520,1499,1520,1520,1520,1497,1476,1485,996,1499,1457,1458,1499
project/sim_ext.py --sim-time 1.5 --seq-graph project/file/graph_15_nodes.json --traffic project/file/traffic_15_nodes_outer_chatting.json --inspection-rate 0.001 --mess-rate 0.002 --algorithm betweenness,0.727111000001,1520,1492,1486,1505,1457,1520,1520,1520,1492,1520,1493,1507,1476,1485,1486,1520,1493,1512,1513,1520,996,1458,1505,1512,1503,1520,1497,1499,1507,1513,1503,1520,1499,1520,1520,1520,1497,1476,1485,996,1499,1457,1458,1499
project/sim_ext.py --sim-time 1.5 --seq-graph project/file/graph_15_nodes.json --traffic project/file/traffic_15_nodes_outer_chatting.json --inspection-rate 0.001 --mess-rate 0.002 --algorithm betweenness,0.728231399997,1520,1492,1486,1505,1457,1520,1520,1520,1492,1520,1493,1507,1476,1485,1486,1520,1493,1512,1513,1520,996,1458,1505,1512,1503,1520,1497,1499,1507,1513,1503,1520,1499,1520,1520,1520,1497,1476,1485,996,1499,1457,1458,1499
project/sim_ext.py --sim-time 1.5 --seq-graph project/file/graph_15_nodes.json --traffic project/file/traffic_15_nodes_outer_chatting.json --inspection-rate 0.001 --mess-rate 0.002 --algorithm betweenness,0.7293389148421289,1520,1492,1486,1505,1457,1520,1520,1520,1492,1520,1493,1507,1476,1485,1486,1520,1493,1512,1513,1520,996,1458,1505,1512,1503,1520,1497,1499,1507,1513,1503,1520,1499,1520,1520,1520,1497,1476,1485,996,1499,1457,1458,1499
project/sim_ext.py --sim-time 1.5 --seq-graph project/file/graph_15_nodes.json --traffic project/file/traffic_15_nodes_outer_chatting.json --inspection-rate 0.001 --mess-rate 0.002 --algorithm betweenness,0.730348000001,1520,1492,1486,1505,1457,1520,1520,1520,1492,1520,1493,1507,1476,1485,1486,1520,1493,1512,1513,1520,996,1458,1505,1512,1503,1520,1497,1499,1507,1513,1503,1520,1499,1520,1520,1520,1497,1476,1485,996,1499,1457,1458,1499
project/sim_ext.py --sim-time 1.5 --seq-graph project/file/graph_15_nodes.json --traffic project/file/traffic_15_nodes_outer_chatting.json --inspection-rate 0.001 --mess-rate 0.002 --algorithm betweenness,0.731534999947,1520,1492,1486,1505,1457,1520,1520,1520,1492,1520,1493,1507,1476,1485,1486,1520,1493,1512,1513,1520,996,1458,1505,1512,1503,1520,1497,1499,1507,1513,1503,1520,1499,1520,1520,1520,1497,1476,1485,996,1499,1457,1458,1499
project/sim_ext.py --sim-time 1.5 --seq-graph project/file/graph_15_nodes.json --traffic project/file/traffic_15_nodes_outer_chatting.json --inspection-rate 0.001 --mess-rate 0.002 --algorithm betweenness,0.7325543676065178,1520,1492,1486,1505,1457,1520,1520,1520,1492,1520,1493,1507,1476,1485,1486,1520,1493,1512,1513,1520,996,1458,1505,1512,1503,1520,1497,1499,1507,1513,1503,1520,1499,1520,1520,1520,1497,1476,1485,996,1499,1457,1458,1499
project/sim_ext.py --sim-time 1.5 --seq-graph project/file/graph_15_nodes.json --traffic project/file/traffic_15_nodes_outer_chatting.json --inspection-rate 0.001 --mess-rate 0.002 --algorithm betweenness,0.733616000001,1520,1492,1486,1505,1457,1520,1520,1520,1492,1520,1493,1507,1476,1485,1486,1520,1493,1512,1513,1520,996,1458,1505,1512,1503,1520,1497,1499,1507,1513,1503,1520,1499,1520,1520,1520,1497,1476,1485,996,1499,1457,1458,1499
project/sim_ext.py --sim-time 1.5 --seq-graph project/file/graph_15_nodes.json --traffic project/file/traffic_15_nodes_outer_chatting.json --inspection-rate 0.001 --mess-rate 0.002 --algorithm betweenness,0.734718000001,1520,1492,1486,1505,1457,1520,1520,1520,1492,1520,1493,1507,1476,1485,1486,1520,1493,1512,1513,1520,996,1458,1505,1512,1503,1520,1497,1499,1507,1513,1503,1520,1499,1520,1520,1520,1497,1476,1485,996,1499,1457,1458,1499
project/sim_ext.py --sim-time 1.5 --seq-graph project/file/graph_15_nodes.json --traffic project/file/traffic_15_nodes_outer_chatting.json --inspection-rate 0.001 --mess-rate 0.002 --algorithm betweenness,0.735759000001,1520,1492,1486,1505,1457,1520,1520,1520,1492,1520,1493,1507,1476,1485,1486,1520,1493,1512,1513,1520,996,1458,1505,1512,1503,1520,1497,1499,1507,1513,1503,1520,1499,1520,1520,1520,1497,1476,1485,996,1499,1457,1458,1499
project/sim_ext.py --sim-time 1.5 --seq-graph project/file/graph_15_nodes.json --traffic project/file/traffic_15_nodes_outer_chatting.json --inspection-rate 0.001 --mess-rate 0.002 --algorithm betweenness,0.736809000001,1520,1492,1486,1505,1457,1520,1520,1520,1492,1520,1493,1507,1476,1485,1486,1520,1493,1512,1513,1520,996,1458,1505,1512,1503,1520,1497,1499,1507,1513,1503,1520,1499,1520,1520,1520,1497,1476,1485,996,1499,1457,1458,1499
project/sim_ext.py --sim-time 1.5 --seq-graph project/file/graph_15_nodes.json --traffic project/file/traffic_15_nodes_outer_chatting.json --inspection-rate 0.001 --mess-rate 0.002 --algorithm betweenness,0.737994000001,1520,1492,1486,1505,1457,1520,1520,1520,1492,1520,1493,1507,1476,1485,1486,1520,1493,1512,1513,1520,996,1458,1505,1512,1503,1520,1497,1499,1507,1513,1503,1520,1499,1520,1520,1520,1497,1476,1485,996,1499,1457,1458,1499
project/sim_ext.py --sim-time 1.5 --seq-graph project/file/graph_15_nodes.json --traffic project/file/traffic_15_nodes_outer_chatting.json --inspection-rate 0.001 --mess-rate 0.002 --algorithm betweenness,0.739162000001,1520,1492,1486,1505,1457,1520,1520,1520,1492,1520,1493,1507,1476,1485,1486,1520,1493,1512,1513,1520,996,1458,1505,1512,1503,1520,1497,1499,1507,1513,1503,1520,1499,1520,1520,1520,1497,1476,1485,996,1499,1457,1458,1499
project/sim_ext.py --sim-time 1.5 --seq-graph project/file/graph_15_nodes.json --traffic project/file/traffic_15_nodes_outer_chatting.json --inspection-rate 0.001 --mess-rate 0.002 --algorithm betweenness,0.740173000001,1520,1492,1486,1505,1457,1520,1520,1520,1492,1520,1493,1507,1476,1485,1486,1520,1493,1512,1513,1520,996,1458,1505,1512,1503,1520,1497,1499,1507,1513,1503,1520,1499,1520,1520,1520,1497,1476,1485,996,1499,1457,1458,1499
project/sim_ext.py --sim-time 1.5 --seq-graph project/file/graph_15_nodes.json --traffic project/file/traffic_15_nodes_outer_chatting.json --inspection-rate 0.001 --mess-rate 0.002 --algorithm betweenness,0.741394999936,1520,1492,1486,1505,1457,1520,1520,1520,1492,1520,1493,1507,1476,1485,1486,1520,1493,1512,1513,1520,996,1458,1505,1512,1503,1520,1497,1499,1507,1513,1503,1520,1499,1520,1520,1520,1497,1476,1485,996,1499,1457,1458,1499
project/sim_ext.py --sim-time 1.5 --seq-graph project/file/graph_15_nodes.json --traffic project/file/traffic_15_nodes_outer_chatting.json --inspection-rate 0.001 --mess-rate 0.002 --algorithm betweenness,0.742453000001,1520,1492,1486,1505,1457,1520,1520,1520,1492,1520,1493,1507,1476,1485,1486,1520,1493,1512,1513,1520,996,1458,1505,1512,1503,1520,1497,1499,1507,1513,1503,1520,1499,1520,1520,1520,1497,1476,1485,996,1499,1457,1458,1499
project/sim_ext.py --sim-time 1.5 --seq-graph project/file/graph_15_nodes.json --traffic project/file/traffic_15_nodes_outer_chatting.json --inspection-rate 0.001 --mess-rate 0.002 --algorithm betweenness,0.7434921627241946,1520,1492,1486,1505,1457,1520,1520,1520,1492,1520,1493,1507,1476,1485,1486,1520,1493,1512,1513,1520,996,1458,1505,1512,1503,1520,1497,1499,1507,1513,1503,1520,1499,1520,1520,1520,1497,1476,1485,996,1499,1457,1458,1499
project/sim_ext.py --sim-time 1.5 --seq-graph project/file/graph_15_nodes.json --traffic project/file/traffic_15_nodes_outer_chatting.json --inspection-rate 0.001 --mess-rate 0.002 --algorithm betweenness,0.744507000001,1520,1492,1486,1505,1457,1520,1520,1520,1492,1520,1493,1507,1476,1485,1486,1520,1493,1512,1513,1520,996,1458,1505,1512,1503,1520,1497,1499,1507,1513,1503,1520,1499,1520,1520,1520,1497,1476,1485,996,1499,1457,1458,1499
project/sim_ext.py --sim-time 1.5 --seq-graph project/file/graph_15_nodes.json --traffic project/file/traffic_15_nodes_outer_chatting.json --inspection-rate 0.001 --mess-rate 0.002 --algorithm betweenness,0.745511399997,1520,1492,1486,1505,1457,1520,1520,1520,1492,1520,1493,1507,1476,1485,1486,1520,1493,1512,1513,1520,996,1458,1505,1512,1503,1520,1497,1499,1507,1513,1503,1520,1499,1520,1520,1520,1497,1476,1485,996,1499,1457,1458,1499
project/sim_ext.py --sim-time 1.5 --seq-graph project/file/graph_15_nodes.json --traffic project/file/traffic_15_nodes_outer_chatting.json --inspection-rate 0.001 --mess-rate 0.002 --algorithm betweenness,0.746522000001,1600,1572,1566,1585,1537,1600,1600,1600,1572,1600,1573,1587,1556,1565,1566,1600,1573,1592,1593,1600,996,1538,1585,1592,1583,1600,1577,1579,1587,1593,1583,1600,1579,1600,1600,1600,1577,1556,1565,996,1579,1537,1538,1579
project/sim_ext.py --sim-time 1.5 --seq-graph project/file/graph_15_nodes.json --traffic project/file/traffic_15_nodes_outer_chatting.json --inspection-rate 0.001 --mess-rate 0.002 --algorithm betweenness,0.7476630000009999,1600,1572,1566,1585,1537,1600,1600,1600,1572,1600,1573,1587,1556,1565,1566,1600,1573,1592,1593,1600,996,1538,1585,1592,1583,1600,1577,1579,1587,1593,1583,1600,1579,1600,1600,1600,1577,1556,1565,996,1579,1537,1538,1579
project/sim_ext.py --sim-time 1.5 --seq-graph project/file/graph_15_nodes.json --traffic project/file/traffic_15_nodes_outer_chatting.json --inspection-rate 0.001 --mess-rate 0.002 --algorithm betweenness,0.748731000001,1600,1572,1566,1585,1537,1600,1600,1600,1572,1600,1573,1587,1556,1565,1566,1600,1573,1592,1593,1600,996,1538,1585,1592,1583,1600,1577,1579,1587,1593,1583,1600,1579,1600,1600,1600,1577,1556,1565,996,1579,1537,1538,1579
project/sim_ext.py --sim-time 1.5 --seq-graph project/file/graph_15_nodes.json --traffic project/file/traffic_15_nodes_outer_chatting.json --inspection-rate 0.001 --mess-rate 0.002 --algorithm betweenness,0.7498660750337005,1600,1572,1566,1585,1537,1600,1600,1600,1572,1600,1573,1587,1556,1565,1566,1600,1573,1592,1593,1600,996,1538,1585,1592,1583,1600,1577,1579,1587,1593,1583,1600,1579,1600,1600,1600,1577,1556,1565,996,1579,1537,1538,1579
project/sim_ext.py --sim-time 1.5 --seq-graph project/file/graph_15_nodes.json --traffic project/file/traffic_15_nodes_outer_chatting.json --inspection-rate 0.001 --mess-rate 0.002 --algorithm betweenness,0.750881000001,1600,1572,1566,1585,1537,1600,1600,1600,1572,1600,1573,1587,1556,1565,1566,1600,1573,1592,1593,1600,996,1538,1585,1592,1583,1600,1577,1579,1587,1593,1583,1600,1579,1600,1600,1600,1577,1556,1565,996,1579,1537,1538,1579
project/sim_ext.py --sim-time 1.5 --seq-graph project/file/graph_15_nodes.json --traffic project/file/traffic_15_nodes_outer_chatting.json --inspection-rate 0.001 --mess-rate 0.002 --algorithm betweenness,0.751972000001,1600,1572,1566,1585,1537,1600,1600,1600,1572,1600,1573,1587,1556,1565,1566,1600,1573,1592,1593,1600,996,1538,1585,1592,1583,1600,1577,1579,1587,1593,1583,1600,1579,1600,1600,1600,1577,1556,1565,996,1579,1537,1538,1579
project/sim_ext.py --sim-time 1.5 --seq-graph project/file/graph_15_nodes.json --traffic project/file/traffic_15_nodes_outer_chatting.json --inspection-rate 0.001 --mess-rate 0.002 --algorithm betweenness,0.7530059932000053,1600,1572,1566,1585,1537,1600,1600,1600,1572,1600,1573,1587,1556,1565,1566,1600,1573,1592,1593,1600,996,1538,1585,1592,1583,1600,1577,1579,1587,1593,1583,1600,1579,1600,1600,1600,1577,1556,1565,996,1579,1537,1538,1579
project/sim_ext.py --sim-time 1.5 --seq-graph project/file/graph_15_nodes.json --traffic project/file/traffic_15_nodes_outer_chatting.json --inspection-rate 0.001 --mess-rate 0.002 --algorithm betweenness,0.7540368680604675,1600,1572,1566,1585,1537,1600,1600,1600,1572,1600,1573,1587,1556,1565,1566,1600,1573,1592,1593,1600,996,1538,1585,1592,1583,1600,1577,1579,1587,1593,1583,1600,1579,1600,1600,1600,1577,1556,1565,996,1579,1537,1538,1579
project/sim_ext.py --sim-time 1.5 --seq-graph project/file/graph_15_nodes.json --traffic project/file/traffic_15_nodes_outer_chatting.json --inspection-rate 0.001 --mess-rate 0.002 --algorithm betweenness,0.7551323146809503,1600,1572,1566,1585,1537,1600,1600,1600,1572,1600,1573,1587,1556,1565,1566,1600,1573,1592,1593,1600,996,1538,1585,1592,1583,1600,1577,1579,1587,1593,1583,1600,1579,1600,1600,1600,1577,1556,1565,996,1579,1537,1538,1579
project/sim_ext.py --sim-time 1.5 --seq-graph project/file/graph_15_nodes.json --traffic project/file/traffic_15_nodes_outer_chatting.json --inspection-rate 0.001 --mess-rate 0.002 --algorithm betweenness,0.756188000001,1600,1572,1566,1585,1537,1600,1600,1600,1572,1600,1573,1587,1556,1565,1566,1600,1573,1592,1593,1600,996,1538,1585,1592,1583,1600,1577,1579,1587,1593,1583,1600,1579,1600,1600,1600,1577,1556,1565,996,1579,1537,1538,1579
project/sim_ext.py --sim-time 1.5 --seq-graph project/file/graph_15_nodes.json --traffic project/file/traffic_15_nodes_outer_chatting.json --inspection-rate 0.001 --mess-rate 0.002 --algorithm betweenness,0.757221000001,1600,1572,1566,1585,1537,1600,1600,1600,1572,1600,1573,1587,1556,1565,1566,1600,1573,1592,1593,1600,1076,1538,1585,1592,1583,1600,1577,1579,1587,1593,1583,1600,1579,1600,1600,1600,1577,1556,1565,1076,1579,1537,1538,1579
project/sim_ext.py --sim-time 1.5 --seq-graph project/file/graph_15_nodes.json --traffic project/file/traffic_15_nodes_outer_chatting.json --inspection-rate 0.001 --mess-rate 0.002 --algorithm betweenness,0.758313000001,1600,1572,1566,1585,1537,1600,1600,1600,1572,1600,1573,1587,1556,1565,1566,1600,1573,1592,1593,1600,1076,1538,1585,1592,1583,1600,1577,1579,1587,1593,1583,1600,1579,1600,1600,1600,1577,1556,1565,1076,1579,1537,1538,1579
project/sim_ext.py --sim-time 1.5 --seq-graph project/file/graph_15_nodes.json --traffic project/file/traffic_15_nodes_outer_chatting.json --inspection-rate 0.001 --mess-rate 0.002 --algorithm betweenness,0.759398000001,1600,1572,1566,1585,1537,1600,1600,1600,1572,1600,1573,1587,1556,1565,1566,1600,1573,1592,1593,1600,1076,1538,1585,1592,1583,1600,1577,1579,1587,1593,1583,1600,1579,1600,1600,1600,1577,1556,1565,1076,1579,1537,1538,1579
project/sim_ext.py --sim-time 1.5 --seq-graph project/file/graph_15_nodes.json --traffic project/file/traffic_15_nodes_outer_chatting.json --inspection-rate 0.001 --mess-rate 0.002 --algorithm betweenness,0.760455000001,1600,1572,1566,1585,1537,1600,1600,1600,1572,1600,1573,1587,1556,1565,1566,1600,1573,1592,1593,1600,1076,1538,1585,1592,1583,1600,1577,1579,1587,1593,1583,1600,1579,1600,1600,1600,1577,1556,1565,1076,1579,1537,1538,1579
project/sim_ext.py --sim-time 1.5 --seq-graph project/file/graph_15_nodes.json --traffic project/file/traffic_15_nodes_outer_chatting.json --inspection-rate 0.001 --mess-rate 0.002 --algorithm betweenness,0.761486000001,1600,1572,1566,1585,1537,1600,1600,1600,1572,1600,1573,1587,1556,1565,1566,1600,1573,1592,1593,1600,1076,1538,1585,1592,1583,1600,1577,1579,1587,1593,1583,1600,1579,1600,1600,1600,1577,1556,1565,1076,1579,1537,1538,1579
project/sim_ext.py --sim-time 1.5 --seq-graph project/file/graph_15_nodes.json --traffic project/file/traffic_15_nodes_outer_chatting.json --inspection-rate 0.001 --mess-rate 0.002 --algorithm betweenness,0.762582000001,1600,1572,1566,1585,1537,1600,1600,1600,1572,1600,1573,1587,1556,1565,1566,1600,1573,1592,1593,1600,1076,1538,1585,1592,1583,1600,1577,1579,1587,1593,1583,1600,1579,1600,1600,1600,1577,1556,1565,1076,1579,1537,1538,1579
project/sim_ext.py --sim-time 1.5 --seq-graph project/file/graph_15_nodes.json --traffic project/file/traffic_15_nodes_outer_chatting.json --inspection-rate 0.001 --mess-rate 0.002 --algorithm betweenness,0.7636930000009999,1600,1572,1566,1585,1537,1600,1600,1600,1572,1600,1573,1587,1556,1565,1566,1600,1573,1592,1593,1600,1076,1538,1585,1592,1583,1600,1577,1579,1587,1593,1583,1600,1579,1600,1600,1600,1577,1556,1565,1076,1579,1537,1538,1579
project/sim_ext.py --sim-time 1.5 --seq-graph project/file/graph_15_nodes.json --traffic project/file/traffic_15_nodes_outer_chatting.json --inspection-rate 0.001 --mess-rate 0.002 --algorithm betweenness,0.764699000001,1600,1572,1566,1585,1537,1600,1600,1600,1572,1600,1573,1587,1556,1565,1566,1600,1573,1592,1593,1600,1076,1538,1585,1592,1583,1600,1577,1579,1587,1593,1583,1600,1579,1600,1600,1600,1577,1556,1565,1076,1579,1537,1538,1579
project/sim_ext.py --sim-time 1.5 --seq-graph project/file/graph_15_nodes.json --traffic project/file/traffic_15_nodes_outer_chatting.json --inspection-rate 0.001 --mess-rate 0.002 --algorithm betweenness,0.765721000001,1600,1572,1566,1585,1537,1600,1600,1600,1572,1600,1573,1587,1556,1565,1566,1600,1573,1592,1593,1600,1076,1538,1585,1592,1583,1600,1577,1579,1587,1593,1583,1600,1579,1600,1600,1600,1577,1556,1565,1076,1579,1537,1538,1579
project/sim_ext.py --sim-time 1.5 --seq-graph project/file/graph_15_nodes.json --traffic project/file/traffic_15_nodes_outer_chatting.json --inspection-rate 0.001 --mess-rate 0.002 --algorithm betweenness,0.766884999931,1600,1572,1566,1585,1537,1600,1600,1600,1572,1600,1573,1587,1556,1565,1566,1600,1573,1592,1593,1600,1076,1538,1585,1592,1583,1600,1577,1579,1587,1593,1583,1600,1579,1600,1600,1600,1577,1556,1565,1076,1579,1537,1538,1579
project/sim_ext.py --sim-time 1.5 --seq-graph project/file/graph_15_nodes.json --traffic project/file/traffic_15_nodes_outer_chatting.json --inspection-rate 0.001 --mess-rate 0.002 --algorithm betweenness,0.7679980000009999,1600,1572,1566,1585,1537,1600,1600,1600,1572,1600,1573,1587,1556,1565,1566,1600,1573,1592,1593,1600,1076,1538,1585,1592,1583,1600,1577,1579,1587,1593,1583,1600,1579,1600,1600,1600,1577,1556,1565,1076,1579,1537,1538,1579
project/sim_ext.py --sim-time 1.5 --seq-graph project/file/graph_15_nodes.json --traffic project/file/traffic_15_nodes_outer_chatting.json --inspection-rate 0.001 --mess-rate 0.002 --algorithm betweenness,0.769152000001,1600,1572,1566,1585,1537,1600,1600,1600,1572,1600,1573,1587,1556,1565,1566,1600,1573,1592,1593,1600,1076,1538,1585,1592,1583,1600,1577,1579,1587,1593,1583,1600,1579,1600,1600,1600,1577,1556,1565,1076,1579,1537,1538,1579
project/sim_ext.py --sim-time 1.5 --seq-graph project/file/graph_15_nodes.json --traffic project/file/traffic_15_nodes_outer_chatting.json --inspection-rate 0.001 --mess-rate 0.002 --algorithm betweenness,0.7702028038078014,1600,1572,1566,1585,1537,1600,1600,1600,1572,1600,1573,1587,1556,1565,1566,1600,1573,1592,1593,1600,1076,1538,1585,1592,1583,1600,1577,1579,1587,1593,1583,1600,1579,1600,1600,1600,1577,1556,1565,1076,1579,1537,1538,1579
project/sim_ext.py --sim-time 1.5 --seq-graph project/file/graph_15_nodes.json --traffic project/file/traffic_15_nodes_outer_chatting.json --inspection-rate 0.001 --mess-rate 0.002 --algorithm betweenness,0.771224000001,1600,1572,1566,1585,1537,1600,1600,1600,1572,1600,1573,1587,1556,1565,1566,1600,1573,1592,1593,1600,1076,1538,1585,1592,1583,1600,1577,1579,1587,1593,1583,1600,1579,1600,1600,1600,1577,1556,1565,1076,1579,1537,1538,1579
project/sim_ext.py --sim-time 1.5 --seq-graph project/file/graph_15_nodes.json --traffic project/file/traffic_15_nodes_outer_chatting.json --inspection-rate 0.001 --mess-rate 0.002 --algorithm betweenness,0.772305000001,1600,1572,1566,1585,1537,1600,1600,1600,1572,1600,1573,1587,1556,1565,1566,1600,1573,1592,1593,1600,1076,1538,1585,1592,1583,1600,1577,1579,1587,1593,1583,1600,1579,1600,1600,1600,1577,1556,1565,1076,1579,1537,1538,1579
project/sim_ext.py --sim-time 1.5 --seq-graph project/file/graph_15_nodes.json --traffic project/file/traffic_15_nodes_outer_chatting.json --inspection-rate 0.001 --mess-rate 0.002 --algorithm betweenness,0.773321000001,1600,1572,1566,1585,1537,1600,1600,1600,1572,1600,1573,1587,1556,1565,1566,1600,1573,1592,1593,1600,1076,1538,1585,1592,1583,1600,1577,1579,1587,1593,1583,1600,1579,1600,1600,1600,1577,1556,1565,1076,1579,1537,1538,1579
project/sim_ext.py --sim-time 1.5 --seq-graph project/file/graph_15_nodes.json --traffic project/file/traffic_15_nodes_outer_chatting.json --inspection-rate 0.001 --mess-rate 0.002 --algorithm betweenness,0.774393000001,1600,1572,1566,1585,1537,1600,1600,1600,1572,1600,1573,1587,1556,1565,1566,1600,1573,1592,1593,1600,1076,1538,1585,1592,1583,1600,1577,1579,1587,1593,1583,1600,1579,1600,1600,1600,1577,1556,1565,1076,1579,1537,1538,1579
project/sim_ext.py --sim-time 1.5 --seq-graph project/file/graph_15_nodes.json --traffic project/file/traffic_15_nodes_outer_chatting.json --inspection-rate 0.001 --mess-rate 0.002 --algorithm betweenness,0.775473000001,1600,1572,1566,1585,1537,1600,1600,1600,1572,1600,1573,1587,1556,1565,1566,1600,1573,1592,1593,1600,1076,1538,1585,1592,1583,1600,1577,1579,1587,1593,1583,1600,1579,1600,1600,1600,1577,1556,1565,1076,1579,1537,1538,1579
project/sim_ext.py --sim-time 1.5 --seq-graph project/file/graph_15_nodes.json --traffic project/file/traffic_15_nodes_outer_chatting.json --inspection-rate 0.001 --mess-rate 0.002 --algorithm betweenness,0.776697000001,1600,1572,1566,1585,1537,1600,1600,1600,1572,1600,1573,1587,1556,1565,1566,1600,1573,1592,1593,1600,1076,1538,1585,1592,1583,1600,1577,1579,1587,1593,1583,1600,1579,1600,1600,1600,1577,1556,1565,1076,1579,1537,1538,1579
project/sim_ext.py --sim-time 1.5 --seq-graph project/file/graph_15_nodes.json --traffic project/file/traffic_15_nodes_outer_chatting.json --inspection-rate 0.001 --mess-rate 0.002 --algorithm betweenness,0.777839000001,1680,1652,1646,1665,1617,1680,1680,1680,1652,1680,1653,1667,1556,1645,1646,1680,1653,1672,1593,1680,1076,1618,1665,1672,1663,1680,1657,1659,1667,1593,1663,1680,1659,1680,1680,1680,1657,1556,1645,1076,1659,1617,1618,1659
project/sim_ext.py --sim-time 1.5 --seq-graph project/file/graph_15_nodes.json --traffic project/file/traffic_15_nodes_outer_chatting.json --inspection-rate 0.001 --mess-rate 0.002 --algorithm betweenness,0.7788510000009999,1680,1652,1646,1665,1617,1680,1680,1680,1652,1680,1653,1667,1556,1645,1646,1680,1653,1672,1593,1680,1076,1618,1665,1672,1663,1680,1657,1659,1667,1593,1663,1680,1659,1680,1680,1680,1657,1556,1645,1076,1659,1617,1618,1659
project/sim_ext.py --sim-time 1.5 --seq-graph project/file/graph_15_nodes.json --traffic project/file/traffic_15_nodes_outer_chatting.json --inspection-rate 0.001 --mess-rate 0.002 --algorithm betweenness,0.780024399997,1680,1652,1646,1665,1617,1680,1680,1680,1652,1680,1653,1667,1556,1645,1646,1680,1653,1672,1593,1680,1076,1618,1665,1672,1663,1680,1657,1659,1667,1593,1663,1680,1659,1680,1680,1680,1657,1556,1645,1076,1659,1617,1618,1659
project/sim_ext.py --sim-time 1.5 --seq-graph project/file/graph_15_nodes.json --traffic project/file/traffic_15_nodes_outer_chatting.json --inspection-rate 0.001 --mess-rate 0.002 --algorithm betweenness,0.781197000001,1680,1652,1646,1665,1617,1680,1680,1680,1652,1680,1653,1667,1556,1645,1646,1680,1653,1672,1593,1680,1076,1618,1665,1672,1663,1680,1657,1659,1667,1593,1663,1680,1659,1680,1680,1680,1657,1556,1645,1076,1659,1617,1618,1659
project/sim_ext.py --sim-time 1.5 --seq-graph project/file/graph_15_nodes.json --traffic project/file/traffic_15_nodes_outer_chatting.json --inspection-rate 0.001 --mess-rate 0.002 --algorithm betweenness,0.7822950000009999,1680,1652,1646,1665,1617,1680,1680,1680,1652,1680,1653,1667,1556,1645,1646,1680,1653,1672,1593,1680,1076,1618,1665,1672,1663,1680,1657,1659,1667,1593,1663,1680,1659,1680,1680,1680,1657,1556,1645,1076,1659,1617,1618,1659
project/sim_ext.py --sim-time 1.5 --seq-graph project/file/graph_15_nodes.json --traffic project/file/traffic_15_nodes_outer_chatting.json --inspection-rate 0.001 --mess-rate 0.002 --algorithm betweenness,0.7833184142337566,1680,1652,1646,1665,1617,1680,1680,1680,1652,1680,1653,1667,1556,1645,1646,1680,1653,1672,1593,1680,1076,1618,1665,1672,1663,1680,1657,1659,1667,1593,1663,1680,1659,1680,1680,1680,1657,1556,1645,1076,1659,1617,1618,1659
project/sim_ext.py --sim-time 1.5 --seq-graph project/file/graph_15_nodes.json --traffic project/file/traffic_15_nodes_outer_chatting.json --inspection-rate 0.001 --mess-rate 0.002 --algorithm betweenness,0.784365000001,1680,1652,1646,1665,1617,1680,1680,1680,1652,1680,1653,1667,1556,1645,1646,1680,1653,1672,1593,1680,1076,1618,1665,1672,1663,1680,1657,1659,1667,1593,1663,1680,1659,1680,1680,1680,1657,1556,1645,1076,1659,1617,1618,1659
project/sim_ext.py --sim-time 1.5 --seq-graph project/file/graph_15_nodes.json --traffic project/file/traffic_15_nodes_outer_chatting.json --inspection-rate 0.001 --mess-rate 0.002 --algorithm betweenness,0.785579599997,1680,1652,1646,1665,1617,1680,1680,1680,1652,1680,1653,1667,1556,1645,1646,1680,1653,1672,1593,1680,1076,1618,1665,1672,1663,1680,1657,1659,1667,1593,1663,1680,1659,1680,1680,1680,1657,1556,1645,1076,1659,1617,1618,1659
project/sim_ext.py --sim-time 1.5 --seq-graph project/file/graph_15_nodes.json --traffic project/file/traffic_15_nodes_outer_chatting.json --inspection-rate 0.001 --mess-rate 0.002 --algorithm betweenness,0.786595000001,1680,1652,1646,1665,1617,1680,1680,1680,1652,1680,1653,1667,1556,1645,1646,1680,1653,1672,1593,1680,1076,1618,1665,1672,1663,1680,1657,1659,1667,1593,1663,1680,1659,1680,1680,1680,1657,1556,1645,1076,1659,1617,1618,1659
project/sim_ext.py --sim-time 1.5 --seq-graph project/file/graph_15_nodes.json --traffic project/file/traffic_15_nodes_outer_chatting.json --inspection-rate 0.001 --mess-rate 0.002 --algorithm betweenness,0.787692000001,1680,1652,1646,1665,1617,1680,1680,1680,1652,1680,1653,1667,1636,1645,1646,1680,1653,1672,1673,1680,1076,1618,1665,1672,1663,1680,1657,1659,1667,1673,1663,1680,1659,1680,1680,1680,1657,1636,1645,1076,1659,1617,1618,1659
project/sim_ext.py --sim-time 1.5 --seq-graph project/file/graph_15_nodes.json --traffic project/file/traffic_15_nodes_outer_chatting.json --inspection-rate 0.001 --mess-rate 0.002 --algorithm betweenness,0.788953000001,1680,1652,1646,1665,1617,1680,1680,1680,1652,1680,1653,1667,1636,1645,1646,1680,1653,1672,1673,1680,1076,1618,1665,1672,1663,1680,1657,1659,1667,1673,1663,1680,1659,1680,1680,1680,1657,1636,1645,1076,1659,1617,1618,1659
project/sim_ext.py --sim-time 1.5 --seq-graph project/file/graph_15_nodes.json --traffic project/file/traffic_15_nodes_outer_chatting.json --inspection-rate 0.001 --mess-rate 0.002 --algorithm betweenness,0.790021000001,1680,1652,1646,1665,1617,1680,1680,1680,1652,1680,1653,1667,1636,1645,1646,1680,1653,1672,1673,1680,1076,1618,1665,1672,1663,1680,1657,1659,1667,1673,1663,1680,1659,1680,1680,1680,1657,1636,1645,1076,1659,1617,1618,1659
project/sim_ext.py --sim-time 1.5 --seq-graph project/file/graph_15_nodes.json --traffic project/file/traffic_15_nodes_outer_chatting.json --inspection-rate 0.001 --mess-rate 0.002 --algorithm betweenness,0.791073000001,1680,1652,1646,1665,1617,1680,1680,1680,1652,1680,1653,1667,1636,1645,1646,1680,1653,1672,1673,1680,1076,1618,1665,1672,1663,1680,1657,1659,1667,1673,1663,1680,1659,1680,1680,1680,1657,1636,1645,1076,1659,1617,1618,1659
project/sim_ext.py --sim-time 1.5 --seq-graph project/file/graph_15_nodes.json --traffic project/file/traffic_15_nodes_outer_chatting.json --inspection-rate 0.001 --mess-rate 0.002 --algorithm betweenness,0.7922210000009999,1680,1652,1646,1665,1617,1680,1680,1680,1652,1680,1653,1667,1636,1645,1646,1680,1653,1672,1673,1680,1156,1618,1665,1672,1663,1680,1657,1659,1667,1673,1663,1680,1659,1680,1680,1680,1657,1636,1645,1156,1659,1617,1618,1659
project/sim_ext.py --sim-time 1.5 --seq-graph project/file/graph_15_nodes.json --traffic project/file/traffic_15_nodes_outer_chatting.json --inspection-rate 0.001 --mess-rate 0.002 --algorithm betweenness,0.793223000001,1680,1652,1646,1665,1617,1680,1680,1680,1652,1680,1653,1667,1636,1645,1646,1680,1653,1672,1673,1680,1156,1618,1665,1672,1663,1680,1657,1659,1667,1673,1663,1680,1659,1680,1680,1680,1657,1636,1645,1156,1659,1617,1618,1659
project/sim_ext.py --sim-time 1.5 --seq-graph project/file/graph_15_nodes.json --traffic project/file/traffic_15_nodes_outer_chatting.json --inspection-rate 0.001 --mess-rate 0.002 --algorithm betweenness,0.794315000001,1680,1652,1646,1665,1617,1680,1680,1680,1652,1680,1653,1667,1636,1645,1646,1680,1653,1672,1673,1680,1156,1618,1665,1672,1663,1680,1657,1659,1667,1673,1663,1680,1659,1680,1680,1680,1657,1636,1645,1156,1659,1617,1618,1659
project/sim_ext.py --sim-time 1.5 --seq-graph project/file/graph_15_nodes.json --traffic project/file/traffic_15_nodes_outer_chatting.json --inspection-rate 0.001 --mess-rate 0.002 --algorithm betweenness,0.795525199997,1680,1652,1646,1665,1617,1680,1680,1680,1652,1680,1653,1667,1636,1645,1646,1680,1653,1672,1673,1680,1156,1618,1665,1672,1663,1680,1657,1659,1667,1673,1663,1680,1659,1680,1680,1680,1657,1636,1645,1156,1659,1617,1618,1659
project/sim_ext.py --sim-time 1.5 --seq-graph project/file/graph_15_nodes.json --traffic project/file/traffic_15_nodes_outer_chatting.json --inspection-rate 0.001 --mess-rate 0.002 --algorithm betweenness,0.796636000001,1680,1652,1646,1665,1617,1680,1680,1680,1652,1680,1653,1667,1636,1645,1646,1680,1653,1672,1673,1680,1156,1618,1665,1672,1663,1680,1657,1659,1667,1673,1663,1680,1659,1680,1680,1680,1657,1636,1645,1156,1659,1617,1618,1659
project/sim_ext.py --sim-time 1.5 --seq-graph project/file/graph_15_nodes.json --traffic project/file/traffic_15_nodes_outer_chatting.json --inspection-rate 0.001 --mess-rate 0.002 --algorithm betweenness,0.7978411873148118,1680,1652,1646,1665,1617,1680,1680,1680,1652,1680,1653,1667,1636,1645,1646,1680,1653,1672,1673,1680,1156,1618,1665,1672,1663,1680,1657,1659,1667,1673,1663,1680,1659,1680,1680,1680,1657,1636,1645,1156,1659,1617,1618,1659
project/sim_ext.py --sim-time 1.5 --seq-graph project/file/graph_15_nodes.json --traffic project/file/traffic_15_nodes_outer_chatting.json --inspection-rate 0.001 --mess-rate 0.002 --algorithm betweenness,0.798869000001,1680,1652,1646,1665,1617,1680,1680,1680,1652,1680,1653,1667,1636,1645,1646,1680,1653,1672,1673,1680,1156,1618,1665,1672,1663,1680,1657,1659,1667,1673,1663,1680,1659,1680,1680,1680,1657,1636,1645,1156,1659,1617,1618,1659
project/sim_ext.py --sim-time 1.5 --seq-graph project/file/graph_15_nodes.json --traffic project/file/traffic_15_nodes_outer_chatting.json --inspection-rate 0.001 --mess-rate 0.002 --algorithm betweenness,0.799898000001,1680,1652,1646,1665,1617,1680,1680,1680,1652,1680,1653,1667,1636,1645,1646,1680,1653,1672,1673,1680,1156,1618,1665,1672,1663,1680,1657,1659,1667,1673,1663,1680,1659,1680,1680,1680,1657,1636,1645,1156,1659,1617,1618,1659
project/sim_ext.py --sim-time 1.5 --seq-graph project/file/graph_15_nodes.json --traffic project/file/traffic_15_nodes_outer_chatting.json --inspection-rate 0.001 --mess-rate 0.002 --algorithm betweenness,0.800906000001,1680,1652,1646,1665,1617,1680,1680,1680,1652,1680,1653,1667,1636,1645,1646,1680,1653,1672,1673,1680,1156,1618,1665,1672,1663,1680,1657,1659,1667,1673,1663,1680,1659,1680,1680,1680,1657,1636,1645,1156,1659,1617,1618,1659
project/sim_ext.py --sim-time 1.5 --seq-graph project/file/graph_15_nodes.json --traffic project/file/traffic_15_nodes_outer_chatting.json --inspection-rate 0.001 --mess-rate 0.002 --algorithm betweenness,0.801913000001,1680,1652,1646,1665,1617,1680,1680,1680,1652,1680,1653,1667,1636,1645,1646,1680,1653,1672,1673,1680,1156,1618,1665,1672,1663,1680,1657,1659,1667,1673,1663,1680,1659,1680,1680,1680,1657,1636,1645,1156,1659,1617,1618,1659
project/sim_ext.py --sim-time 1.5 --seq-graph project/file/graph_15_nodes.json --traffic project/file/traffic_15_nodes_outer_chatting.json --inspection-rate 0.001 --mess-rate 0.002 --algorithm betweenness,0.803033000001,1680,1652,1646,1665,1617,1680,1680,1680,1652,1680,1653,1667,1636,1645,1646,1680,1653,1672,1673,1680,1156,1618,1665,1672,1663,1680,1657,1659,1667,1673,1663,1680,1659,1680,1680,1680,1657,1636,1645,1156,1659,1617,1618,1659
project/sim_ext.py --sim-time 1.5 --seq-graph project/file/graph_15_nodes.json --traffic project/file/traffic_15_nodes_outer_chatting.json --inspection-rate 0.001 --mess-rate 0.002 --algorithm betweenness,0.804052000001,1680,1652,1646,1665,1617,1680,1680,1680,1652,1680,1653,1667,1636,1645,1646,1680,1653,1672,1673,1680,1156,1618,1665,1672,1663,1680,1657,1659,1667,1673,1663,1680,1659,1680,1680,1680,1657,1636,1645,1156,1659,1617,1618,1659
project/sim_ext.py --sim-time 1.5 --seq-graph project/file/graph_15_nodes.json --traffic project/file/traffic_15_nodes_outer_chatting.json --inspection-rate 0.001 --mess-rate 0.002 --algorithm betweenness,0.805331000001,1680,1652,1646,1665,1617,1680,1680,1680,1652,1680,1653,1667,1636,1645,1646,1680,1653,1672,1673,1680,1156,1618,1665,1672,1663,1680,1657,1659,1667,1673,1663,1680,1659,1680,1680,1680,1657,1636,1645,1156,1659,1617,1618,1659
project/sim_ext.py --sim-time 1.5 --seq-graph project/file/graph_15_nodes.json --traffic project/file/traffic_15_nodes_outer_chatting.json --inspection-rate 0.001 --mess-rate 0.002 --algorithm betweenness,0.806536000001,1680,1652,1646,1665,1617,1680,1680,1680,1652,1680,1653,1667,1636,1645,1646,1680,1653,1672,1673,1680,1156,1618,1665,1672,1663,1680,1657,1659,1667,1673,1663,1680,1659,1680,1680,1680,1657,1636,1645,1156,1659,1617,1618,1659
project/sim_ext.py --sim-time 1.5 --seq-graph project/file/graph_15_nodes.json --traffic project/file/traffic_15_nodes_outer_chatting.json --inspection-rate 0.001 --mess-rate 0.002 --algorithm betweenness,0.807789000001,1680,1652,1646,1665,1617,1680,1680,1680,1652,1680,1653,1667,1636,1645,1646,1680,1653,1672,1673,1680,1156,1618,1665,1672,1663,1680,1657,1659,1667,1673,1663,1680,1659,1680,1680,1680,1657,1636,1645,1156,1659,1617,1618,1659
project/sim_ext.py --sim-time 1.5 --seq-graph project/file/graph_15_nodes.json --traffic project/file/traffic_15_nodes_outer_chatting.json --inspection-rate 0.001 --mess-rate 0.002 --algorithm betweenness,0.80882499994,1680,1652,1726,1665,1617,1680,1680,1680,1652,1680,1733,1667,1636,1645,1726,1680,1733,1672,1673,1680,1156,1618,1665,1672,1663,1680,1657,1659,1667,1673,1663,1680,1659,1680,1680,1680,1657,1636,1645,1156,1659,1617,1618,1659
project/sim_ext.py --sim-time 1.5 --seq-graph project/file/graph_15_nodes.json --traffic project/file/traffic_15_nodes_outer_chatting.json --inspection-rate 0.001 --mess-rate 0.002 --algorithm betweenness,0.809847000001,1680,1652,1726,1665,1617,1680,1680,1680,1652,1680,1733,1667,1636,1645,1726,1680,1733,1672,1673,1680,1156,1618,1665,1672,1663,1680,1657,1659,1667,1673,1663,1680,1659,1680,1680,1680,1657,1636,1645,1156,1659,1617,1618,1659
project/sim_ext.py --sim-time 1.5 --seq-graph project/file/graph_15_nodes.json --traffic project/file/traffic_15_nodes_outer_chatting.json --inspection-rate 0.001 --mess-rate 0.002 --algorithm betweenness,0.810886000001,1680,1652,1726,1665,1617,1680,1680,1680,1652,1680,1733,1667,1636,1645,1726,1680,1733,1672,1673,1680,1156,1618,1665,1672,1663,1680,1657,1659,1667,1673,1663,1680,1659,1680,1680,1680,1657,1636,1645,1156,1659,1617,1618,1659
project/sim_ext.py --sim-time 1.5 --seq-graph project/file/graph_15_nodes.json --traffic project/file/traffic_15_nodes_outer_chatting.json --inspection-rate 0.001 --mess-rate 0.002 --algorithm betweenness,0.811942000001,1680,1652,1726,1665,1617,1680,1680,1680,1652,1680,1733,1667,1636,1645,1726,1680,1733,1672,1673,1680,1156,1618,1665,1672,1663,1680,1657,1659,1667,1673,1663,1680,1659,1680,1680,1680,1657,1636,1645,1156,1659,1617,1618,1659
project/sim_ext.py --sim-time 1.5 --seq-graph project/file/graph_15_nodes.json --traffic project/file/traffic_15_nodes_outer_chatting.json --inspection-rate 0.001 --mess-rate 0.002 --algorithm betweenness,0.813139000001,1680,1652,1726,1665,1617,1680,1680,1680,1652,1680,1733,1667,1636,1645,1726,1680,1733,1672,1673,1680,1156,1618,1665,1672,1663,1680,1657,1659,1667,1673,1663,1680,1659,1680,1680,1680,1657,1636,1645,1156,1659,1617,1618,1659
project/sim_ext.py --sim-time 1.5 --seq-graph project/file/graph_15_nodes.json --traffic project/file/traffic_15_nodes_outer_chatting.json --inspection-rate 0.001 --mess-rate 0.002 --algorithm betweenness,0.814312000001,1680,1652,1726,1665,1617,1680,1680,1680,1652,1680,1733,1667,1636,1645,1726,1680,1733,1672,1673,1680,1156,1618,1665,1672,1663,1680,1657,1659,1667,1673,1663,1680,1659,1680,1680,1680,1657,1636,1645,1156,1659,1617,1618,1659
project/sim_ext.py --sim-time 1.5 --seq-graph project/file/graph_15_nodes.json --traffic project/file/traffic_15_nodes_outer_chatting.json --inspection-rate 0.001 --mess-rate 0.002 --algorithm betweenness,0.815519999932,1680,1652,1726,1665,1617,1680,1680,1680,1652,1680,1733,1667,1636,1645,1726,1680,1733,1672,1673,1680,1156,1618,1665,1672,1663,1680,1657,1659,1667,1673,1663,1680,1659,1680,1680,1680,1657,1636,1645,1156,1659,1617,1618,1659
project/sim_ext.py --sim-time 1.5 --seq-graph project/file/graph_15_nodes.json --traffic project/file/traffic_15_nodes_outer_chatting.json --inspection-rate 0.001 --mess-rate 0.002 --algorithm betweenness,0.816763000001,1680,1652,1726,1665,1617,1680,1680,1680,1652,1680,1733,1667,1636,1645,1726,1680,1733,1672,1673,1680,1156,1618,1665,1672,1663,1680,1657,1659,1667,1673,1663,1680,1659,1680,1680,1680,1657,1636,1645,1156,1659,1617,1618,1659
project/sim_ext.py --sim-time 1.5 --seq-graph project/file/graph_15_nodes.json --traffic project/file/traffic_15_nodes_outer_chatting.json --inspection-rate 0.001 --mess-rate 0.002 --algorithm betweenness,0.817937000001,1680,1652,1726,1665,1617,1680,1680,1680,1652,1680,1733,1667,1636,1645,1726,1680,1733,1672,1673,1680,1156,1618,1665,1672,1663,1680,1657,1659,1667,1673,1663,1680,1659,1680,1680,1680,1657,1636,1645,1156,1659,1617,1618,1659
project/sim_ext.py --sim-time 1.5 --seq-graph project/file/graph_15_nodes.json --traffic project/file/traffic_15_nodes_outer_chatting.json --inspection-rate 0.001 --mess-rate 0.002 --algorithm betweenness,0.818961999997,1760,1732,1726,1745,1697,1760,1760,1760,1732,1760,1733,1747,1716,1725,1726,1760,1733,1752,1753,1760,1156,1698,1745,1752,1743,1760,1737,1739,1747,1753,1743,1760,1739,1760,1760,1760,1737,1716,1725,1156,1739,1697,1698,1739
project/sim_ext.py --sim-time 1.5 --seq-graph project/file/graph_15_nodes.json --traffic project/file/traffic_15_nodes_outer_chatting.json --inspection-rate 0.001 --mess-rate 0.002 --algorithm betweenness,0.820069000001,1760,1732,1726,1745,1697,1760,1760,1760,1732,1760,1733,1747,1716,1725,1726,1760,1733,1752,1753,1760,1156,1698,1745,1752,1743,1760,1737,1739,1747,1753,1743,1760,1739,1760,1760,1760,1737,1716,1725,1156,1739,1697,1698,1739
project/sim_ext.py --sim-time 1.5 --seq-graph project/file/graph_15_nodes.json --traffic project/file/traffic_15_nodes_outer_chatting.json --inspection-rate 0.001 --mess-rate 0.002 --algorithm betweenness,0.821159000001,1760,1732,1726,1745,1697,1760,1760,1760,1732,1760,1733,1747,1716,1725,1726,1760,1733,1752,1753,1760,1156,1698,1745,1752,1743,1760,1737,1739,1747,1753,1743,1760,1739,1760,1760,1760,1737,1716,1725,1156,1739,1697,1698,1739
project/sim_ext.py --sim-time 1.5 --seq-graph project/file/graph_15_nodes.json --traffic project/file/traffic_15_nodes_outer_chatting.json --inspection-rate 0.001 --mess-rate 0.002 --algorithm betweenness,0.8222249999319999,1760,1732,1726,1745,1697,1760,1760,1760,1732,1760,1733,1747,1716,1725,1726,1760,1733,1752,1753,1760,1156,1698,1745,1752,1743,1760,1737,1739,1747,1753,1743,1760,1739,1760,1760,1760,1737,1716,1725,1156,1739,1697,1698,1739
project/sim_ext.py --sim-time 1.5 --seq-graph project/file/graph_15_nodes.json --traffic project/file/traffic_15_nodes_outer_chatting.json --inspection-rate 0.001 --mess-rate 0.002 --algorithm betweenness,0.823365000001,1760,1732,1726,1745,1697,1760,1760,1760,1732,1760,1733,1747,1716,1725,1726,1760,1733,1752,1753,1760,1156,1698,1745,1752,1743,1760,1737,1739,1747,1753,1743,1760,1739,1760,1760,1760,1737,1716,1725,1156,1739,1697,1698,1739
project/sim_ext.py --sim-time 1.5 --seq-graph project/file/graph_15_nodes.json --traffic project/file/traffic_15_nodes_outer_chatting.json --inspection-rate 0.001 --mess-rate 0.002 --algorithm betweenness,0.824521000001,1760,1732,1726,1745,1697,1760,1760,1760,1732,1760,1733,1747,1716,1725,1726,1760,1733,1752,1753,1760,1156,1698,1745,1752,1743,1760,1737,1739,1747,1753,1743,1760,1739,1760,1760,1760,1737,1716,1725,1156,1739,1697,1698,1739
project/sim_ext.py --sim-time 1.5 --seq-graph project/file/graph_15_nodes.json --traffic project/file/traffic_15_nodes_outer_chatting.json --inspection-rate 0.001 --mess-rate 0.002 --algorithm betweenness,0.825593000001,1760,1732,1726,1745,1697,1760,1760,1760,1732,1760,1733,1747,1716,1725,1726,1760,1733,1752,1753,1760,1156,1698,1745,1752,1743,1760,1737,1739,1747,1753,1743,1760,1739,1760,1760,1760,1737,1716,1725,1156,1739,1697,1698,1739
project/sim_ext.py --sim-time 1.5 --seq-graph project/file/graph_15_nodes.json --traffic project/file/traffic_15_nodes_outer_chatting.json --inspection-rate 0.001 --mess-rate 0.002 --algorithm betweenness,0.826702000001,1760,1732,1726,1745,1697,1760,1760,1760,1732,1760,1733,1747,1716,1725,1726,1760,1733,1752,1753,1760,1156,1698,1745,1752,1743,1760,1737,1739,1747,1753,1743,1760,1739,1760,1760,1760,1737,1716,1725,1156,1739,1697,1698,1739
project/sim_ext.py --sim-time 1.5 --seq-graph project/file/graph_15_nodes.json --traffic project/file/traffic_15_nodes_outer_chatting.json --inspection-rate 0.001 --mess-rate 0.002 --algorithm betweenness,0.827707000001,1760,1732,1726,1745,1697,1760,1760,1760,1732,1760,1733,1747,1716,1725,1726,1760,1733,1752,1753,1760,1156,1698,1745,1752,1743,1760,1737,1739,1747,1753,1743,1760,1739,1760,1760,1760,1737,1716,1725,1156,1739,1697,1698,1739
project/sim_ext.py --sim-time 1.5 --seq-graph project/file/graph_15_nodes.json --traffic project/file/traffic_15_nodes_outer_chatting.json --inspection-rate 0.001 --mess-rate 0.002 --algorithm betweenness,0.8287212379990371,1760,1732,1726,1745,1697,1760,1760,1760,1732,1760,1733,1747,1716,1725,1726,1760,1733,1752,1753,1760,1236,1698,1745,1752,1743,1760,1737,1739,1747,1753,1743,1760,1739,1760,1760,1760,1737,1716,1725,1236,1739,1697,1698,1739
project/sim_ext.py --sim-time 1.5 --seq-graph project/file/graph_15_nodes.json --traffic project/file/traffic_15_nodes_outer_chatting.json --inspection-rate 0.001 --mess-rate 0.002 --algorithm betweenness,0.8297437697089833,1760,1732,1726,1745,1697,1760,1760,1760,1732,1760,1733,1747,1716,1725,1726,1760,1733,1752,1753,1760,1236,1698,1745,1752,1743,1760,1737,1739,1747,1753,1743,1760,1739,1760,1760,1760,1737,1716,1725,1236,1739,1697,1698,1739
project/sim_ext.py --sim-time 1.5 --seq-graph project/file/graph_15_nodes.json --traffic project/file/traffic_15_nodes_outer_chatting.json --inspection-rate 0.001 --mess-rate 0.002 --algorithm betweenness,0.8307800000009999,1760,1732,1726,1745,1697,1760,1760,1760,1732,1760,1733,1747,1716,1725,1726,1760,1733,1752,1753,1760,1236,1698,1745,1752,1743,1760,1737,1739,1747,1753,1743,1760,1739,1760,1760,1760,1737,1716,1725,1236,1739,1697,1698,1739
project/sim_ext.py --sim-time 1.5 --seq-graph project/file/graph_15_nodes.json --traffic project/file/traffic_15_nodes_outer_chatting.json --inspection-rate 0.001 --mess-rate 0.002 --algorithm betweenness,0.831836999997,1760,1732,1726,1745,1697,1760,1760,1760,1732,1760,1733,1747,1716,1725,1726,1760,1733,1752,1753,1760,1236,1698,1745,1752,1743,1760,1737,1739,1747,1753,1743,1760,1739,1760,1760,1760,1737,1716,1725,1236,1739,1697,1698,1739
project/sim_ext.py --sim-time 1.5 --seq-graph project/file/graph_15_nodes.json --traffic project/file/traffic_15_nodes_outer_chatting.json --inspection-rate 0.001 --mess-rate 0.002 --algorithm betweenness,0.832976000001,1760,1732,1726,1745,1697,1760,1760,1760,1732,1760,1733,1747,1716,1725,1726,1760,1733,1752,1753,1760,1236,1698,1745,1752,1743,1760,1737,1739,1747,1753,1743,1760,1739,1760,1760,1760,1737,1716,1725,1236,1739,1697,1698,1739
project/sim_ext.py --sim-time 1.5 --seq-graph project/file/graph_15_nodes.json --traffic project/file/traffic_15_nodes_outer_chatting.json --inspection-rate 0.001 --mess-rate 0.002 --algorithm betweenness,0.833989000001,1760,1732,1726,1745,1697,1760,1760,1760,1732,1760,1733,1747,1716,1725,1726,1760,1733,1752,1753,1760,1236,1698,1745,1752,1743,1760,1737,1739,1747,1753,1743,1760,1739,1760,1760,1760,1737,1716,1725,1236,1739,1697,1698,1739
project/sim_ext.py --sim-time 1.5 --seq-graph project/file/graph_15_nodes.json --traffic project/file/traffic_15_nodes_outer_chatting.json --inspection-rate 0.001 --mess-rate 0.002 --algorithm betweenness,0.8350540000009999,1760,1732,1726,1745,1697,1760,1760,1760,1732,1760,1733,1747,1716,1725,1726,1760,1733,1752,1753,1760,1236,1698,1745,1752,1743,1760,1737,1739,1747,1753,1743,1760,1739,1760,1760,1760,1737,1716,1725,1236,1739,1697,1698,1739
project/sim_ext.py --sim-time 1.5 --seq-graph project/file/graph_15_nodes.json --traffic project/file/traffic_15_nodes_outer_chatting.json --inspection-rate 0.001 --mess-rate 0.002 --algorithm betweenness,0.836055000001,1760,1732,1726,1745,1697,1760,1760,1760,1732,1760,1733,1747,1716,1725,1726,1760,1733,1752,1753,1760,1236,1698,1745,1752,1743,1760,1737,1739,1747,1753,1743,1760,1739,1760,1760,1760,1737,1716,1725,1236,1739,1697,1698,1739
project/sim_ext.py --sim-time 1.5 --seq-graph project/file/graph_15_nodes.json --traffic project/file/traffic_15_nodes_outer_chatting.json --inspection-rate 0.001 --mess-rate 0.002 --algorithm betweenness,0.8371160989799056,1760,1732,1726,1745,1697,1760,1760,1760,1732,1760,1733,1747,1716,1725,1726,1760,1733,1752,1753,1760,1236,1698,1745,1752,1743,1760,1737,1739,1747,1753,1743,1760,1739,1760,1760,1760,1737,1716,1725,1236,1739,1697,1698,1739
project/sim_ext.py --sim-time 1.5 --seq-graph project/file/graph_15_nodes.json --traffic project/file/traffic_15_nodes_outer_chatting.json --inspection-rate 0.001 --mess-rate 0.002 --algorithm betweenness,0.8381327916466007,1760,1732,1726,1745,1697,1760,1760,1760,1732,1760,1733,1747,1716,1725,1726,1760,1733,1752,1753,1760,1236,1698,1745,1752,1743,1760,1737,1739,1747,1753,1743,1760,1739,1760,1760,1760,1737,1716,1725,1236,1739,1697,1698,1739
project/sim_ext.py --sim-time 1.5 --seq-graph project/file/graph_15_nodes.json --traffic project/file/traffic_15_nodes_outer_chatting.json --inspection-rate 0.001 --mess-rate 0.002 --algorithm betweenness,0.839268000001,1760,1732,1726,1745,1697,1760,1760,1760,1732,1760,1733,1747,1716,1725,1726,1760,1733,1752,1753,1760,1236,1698,1745,1752,1743,1760,1737,1739,1747,1753,1743,1760,1739,1760,1760,1760,1737,1716,1725,1236,1739,1697,1698,1739
project/sim_ext.py --sim-time 1.5 --seq-graph project/file/graph_15_nodes.json --traffic project/file/traffic_15_nodes_outer_chatting.json --inspection-rate 0.001 --mess-rate 0.002 --algorithm betweenness,0.840361000001,1760,1732,1726,1745,1697,1760,1760,1760,1732,1760,1733,1747,1716,1725,1726,1760,1733,1752,1753,1760,1236,1698,1745,1752,1743,1760,1737,1739,1747,1753,1743,1760,1739,1760,1760,1760,1737,1716,1725,1236,1739,1697,1698,1739
project/sim_ext.py --sim-time 1.5 --seq-graph project/file/graph_15_nodes.json --traffic project/file/traffic_15_nodes_outer_chatting.json --inspection-rate 0.001 --mess-rate 0.002 --algorithm betweenness,0.8414849999289999,1760,1732,1726,1745,1697,1760,1760,1760,1732,1760,1733,1747,1716,1725,1726,1760,1733,1752,1753,1760,1236,1698,1745,1752,1743,1760,1737,1739,1747,1753,1743,1760,1739,1760,1760,1760,1737,1716,1725,1236,1739,1697,1698,1739
project/sim_ext.py --sim-time 1.5 --seq-graph project/file/graph_15_nodes.json --traffic project/file/traffic_15_nodes_outer_chatting.json --inspection-rate 0.001 --mess-rate 0.002 --algorithm betweenness,0.842645000001,1760,1732,1726,1745,1697,1760,1760,1760,1732,1760,1733,1747,1716,1725,1726,1760,1733,1752,1753,1760,1236,1698,1745,1752,1743,1760,1737,1739,1747,1753,1743,1760,1739,1760,1760,1760,1737,1716,1725,1236,1739,1697,1698,1739
project/sim_ext.py --sim-time 1.5 --seq-graph project/file/graph_15_nodes.json --traffic project/file/traffic_15_nodes_outer_chatting.json --inspection-rate 0.001 --mess-rate 0.002 --algorithm betweenness,0.843714999925,1760,1732,1726,1745,1697,1760,1760,1760,1732,1760,1733,1747,1716,1725,1726,1760,1733,1752,1753,1760,1236,1698,1745,1752,1743,1760,1737,1739,1747,1753,1743,1760,1739,1760,1760,1760,1737,1716,1725,1236,1739,1697,1698,1739
project/sim_ext.py --sim-time 1.5 --seq-graph project/file/graph_15_nodes.json --traffic project/file/traffic_15_nodes_outer_chatting.json --inspection-rate 0.001 --mess-rate 0.002 --algorithm betweenness,0.844856000001,1760,1732,1726,1745,1697,1760,1760,1760,1732,1760,1733,1747,1716,1725,1726,1760,1733,1752,1753,1760,1236,1698,1745,1752,1743,1760,1737,1739,1747,1753,1743,1760,1739,1760,1760,1760,1737,1716,1725,1236,1739,1697,1698,1739
project/sim_ext.py --sim-time 1.5 --seq-graph project/file/graph_15_nodes.json --traffic project/file/traffic_15_nodes_outer_chatting.json --inspection-rate 0.001 --mess-rate 0.002 --algorithm betweenness,0.845929000001,1760,1732,1726,1745,1697,1760,1760,1760,1732,1760,1733,1747,1716,1725,1726,1760,1733,1752,1753,1760,1236,1698,1745,1752,1743,1760,1737,1739,1747,1753,1743,1760,1739,1760,1760,1760,1737,1716,1725,1236,1739,1697,1698,1739
project/sim_ext.py --sim-time 1.5 --seq-graph project/file/graph_15_nodes.json --traffic project/file/traffic_15_nodes_outer_chatting.json --inspection-rate 0.001 --mess-rate 0.002 --algorithm betweenness,0.8470259031362976,1760,1732,1726,1745,1697,1760,1760,1760,1732,1760,1733,1747,1716,1725,1726,1760,1733,1752,1753,1760,1236,1698,1745,1752,1743,1760,1737,1739,1747,1753,1743,1760,1739,1760,1760,1760,1737,1716,1725,1236,1739,1697,1698,1739
project/sim_ext.py --sim-time 1.5 --seq-graph project/file/graph_15_nodes.json --traffic project/file/traffic_15_nodes_outer_chatting.json --inspection-rate 0.001 --mess-rate 0.002 --algorithm betweenness,0.848124000001,1760,1732,1726,1745,1697,1760,1760,1760,1732,1760,1733,1747,1716,1725,1726,1760,1733,1752,1753,1760,1236,1698,1745,1752,1743,1760,1737,1739,1747,1753,1743,1760,1739,1760,1760,1760,1737,1716,1725,1236,1739,1697,1698,1739
project/sim_ext.py --sim-time 1.5 --seq-graph project/file/graph_15_nodes.json --traffic project/file/traffic_15_nodes_outer_chatting.json --inspection-rate 0.001 --mess-rate 0.002 --algorithm betweenness,0.849225000001,1840,1812,1806,1825,1777,1840,1840,1840,1812,1840,1813,1827,1796,1805,1806,1840,1813,1832,1833,1840,1236,1778,1825,1832,1823,1840,1817,1819,1827,1833,1823,1840,1819,1840,1840,1840,1817,1796,1805,1236,1819,1777,1778,1819
project/sim_ext.py --sim-time 1.5 --seq-graph project/file/graph_15_nodes.json --traffic project/file/traffic_15_nodes_outer_chatting.json --inspection-rate 0.001 --mess-rate 0.002 --algorithm betweenness,0.850236653281136,1840,1812,1806,1825,1777,1840,1840,1840,1812,1840,1813,1827,1796,1805,1806,1840,1813,1832,1833,1840,1236,1778,1825,1832,1823,1840,1817,1819,1827,1833,1823,1840,1819,1840,1840,1840,1817,1796,1805,1236,1819,1777,1778,1819
project/sim_ext.py --sim-time 1.5 --seq-graph project/file/graph_15_nodes.json --traffic project/file/traffic_15_nodes_outer_chatting.json --inspection-rate 0.001 --mess-rate 0.002 --algorithm betweenness,0.851364000001,1840,1812,1806,1825,1777,1840,1840,1840,1812,1840,1813,1827,1796,1805,1806,1840,1813,1832,1833,1840,1236,1778,1825,1832,1823,1840,1817,1819,1827,1833,1823,1840,1819,1840,1840,1840,1817,1796,1805,1236,1819,1777,1778,1819
project/sim_ext.py --sim-time 1.5 --seq-graph project/file/graph_15_nodes.json --traffic project/file/traffic_15_nodes_outer_chatting.json --inspection-rate 0.001 --mess-rate 0.002 --algorithm betweenness,0.8524465248035242,1840,1812,1806,1825,1777,1840,1840,1840,1812,1840,1813,1827,1796,1805,1806,1840,1813,1832,1833,1840,1236,1778,1825,1832,1823,1840,1817,1819,1827,1833,1823,1840,1819,1840,1840,1840,1817,1796,1805,1236,1819,1777,1778,1819
project/sim_ext.py --sim-time 1.5 --seq-graph project/file/graph_15_nodes.json --traffic project/file/traffic_15_nodes_outer_chatting.json --inspection-rate 0.001 --mess-rate 0.002 --algorithm betweenness,0.8534700000009999,1840,1812,1806,1825,1777,1840,1840,1840,1812,1840,1813,1827,1796,1805,1806,1840,1813,1832,1833,1840,1236,1778,1825,1832,1823,1840,1817,1819,1827,1833,1823,1840,1819,1840,1840,1840,1817,1796,1805,1236,1819,1777,1778,1819
project/sim_ext.py --sim-time 1.5 --seq-graph project/file/graph_15_nodes.json --traffic project/file/traffic_15_nodes_outer_chatting.json --inspection-rate 0.001 --mess-rate 0.002 --algorithm betweenness,0.8547060000009999,1840,1812,1806,1825,1777,1840,1840,1840,1812,1840,1813,1827,1796,1805,1806,1840,1813,1832,1833,1840,1236,1778,1825,1832,1823,1840,1817,1819,1827,1833,1823,1840,1819,1840,1840,1840,1817,1796,1805,1236,1819,1777,1778,1819
project/sim_ext.py --sim-time 1.5 --seq-graph project/file/graph_15_nodes.json --traffic project/file/traffic_15_nodes_outer_chatting.json --inspection-rate 0.001 --mess-rate 0.002 --algorithm betweenness,0.855711000001,1840,1812,1806,1825,1777,1840,1840,1840,1812,1840,1813,1827,1796,1805,1806,1840,1813,1832,1833,1840,1236,1778,1825,1832,1823,1840,1817,1819,1827,1833,1823,1840,1819,1840,1840,1840,1817,1796,1805,1236,1819,1777,1778,1819
project/sim_ext.py --sim-time 1.5 --seq-graph project/file/graph_15_nodes.json --traffic project/file/traffic_15_nodes_outer_chatting.json --inspection-rate 0.001 --mess-rate 0.002 --algorithm betweenness,0.8568179350663393,1840,1812,1806,1825,1777,1840,1840,1840,1812,1840,1813,1827,1796,1805,1806,1840,1813,1832,1833,1840,1236,1778,1825,1832,1823,1840,1817,1819,1827,1833,1823,1840,1819,1840,1840,1840,1817,1796,1805,1236,1819,1777,1778,1819
project/sim_ext.py --sim-time 1.5 --seq-graph project/file/graph_15_nodes.json --traffic project/file/traffic_15_nodes_outer_chatting.json --inspection-rate 0.001 --mess-rate 0.002 --algorithm betweenness,0.857824999936,1840,1812,1806,1825,1777,1840,1840,1840,1812,1840,1813,1827,1796,1805,1806,1840,1813,1832,1833,1840,1236,1778,1825,1832,1823,1840,1817,1819,1827,1833,1823,1840,1819,1840,1840,1840,1817,1796,1805,1236,1819,1777,1778,1819
project/sim_ext.py --sim-time 1.5 --seq-graph project/file/graph_15_nodes.json --traffic project/file/traffic_15_nodes_outer_chatting.json --inspection-rate 0.001 --mess-rate 0.002 --algorithm betweenness,0.858874999936,1840,1812,1806,1825,1777,1840,1840,1840,1812,1840,1813,1827,1796,1805,1806,1840,1813,1832,1833,1840,1236,1778,1825,1832,1823,1840,1817,1819,1827,1833,1823,1840,1819,1840,1840,1840,1817,1796,1805,1236,1819,1777,1778,1819
project/sim_ext.py --sim-time 1.5 --seq-graph project/file/graph_15_nodes.json --traffic project/file/traffic_15_nodes_outer_chatting.json --inspection-rate 0.001 --mess-rate 0.002 --algorithm betweenness,0.860020000001,1840,1812,1806,1825,1777,1840,1840,1840,1812,1840,1813,1827,1796,1805,1806,1840,1813,1832,1833,1840,1236,1778,1825,1832,1823,1840,1817,1819,1827,1833,1823,1840,1819,1840,1840,1840,1817,1796,1805,1236,1819,1777,1778,1819
project/sim_ext.py --sim-time 1.5 --seq-graph project/file/graph_15_nodes.json --traffic project/file/traffic_15_nodes_outer_chatting.json --inspection-rate 0.001 --mess-rate 0.002 --algorithm betweenness,0.8611436394379695,1840,1812,1806,1825,1777,1840,1840,1840,1812,1840,1813,1827,1796,1805,1806,1840,1813,1832,1833,1840,1236,1778,1825,1832,1823,1840,1817,1819,1827,1833,1823,1840,1819,1840,1840,1840,1817,1796,1805,1236,1819,1777,1778,1819
project/sim_ext.py --sim-time 1.5 --seq-graph project/file/graph_15_nodes.json --traffic project/file/traffic_15_nodes_outer_chatting.json --inspection-rate 0.001 --mess-rate 0.002 --algorithm betweenness,0.862212000001,1840,1812,1806,1825,1777,1840,1840,1840,1812,1840,1813,1827,1796,1805,1806,1840,1813,1832,1833,1840,1236,1778,1825,1832,1823,1840,1817,1819,1827,1833,1823,1840,1819,1840,1840,1840,1817,1796,1805,1236,1819,1777,1778,1819
project/sim_ext.py --sim-time 1.5 --seq-graph project/file/graph_15_nodes.json --traffic project/file/traffic_15_nodes_outer_chatting.json --inspection-rate 0.001 --mess-rate 0.002 --algorithm betweenness,0.863409999997,1840,1812,1806,1825,1777,1840,1840,1840,1812,1840,1813,1827,1796,1805,1806,1840,1813,1832,1833,1840,1236,1778,1825,1832,1823,1840,1817,1819,1827,1833,1823,1840,1819,1840,1840,1840,1817,1796,1805,1236,1819,1777,1778,1819
project/sim_ext.py --sim-time 1.5 --seq-graph project/file/graph_15_nodes.json --traffic project/file/traffic_15_nodes_outer_chatting.json --inspection-rate 0.001 --mess-rate 0.002 --algorithm betweenness,0.864490000001,1840,1812,1806,1825,1777,1840,1840,1840,1812,1840,1813,1827,1796,1805,1806,1840,1813,1832,1833,1840,1236,1778,1825,1832,1823,1840,1817,1819,1827,1833,1823,1840,1819,1840,1840,1840,1817,1796,1805,1236,1819,1777,1778,1819
project/sim_ext.py --sim-time 1.5 --seq-graph project/file/graph_15_nodes.json --traffic project/file/traffic_15_nodes_outer_chatting.json --inspection-rate 0.001 --mess-rate 0.002 --algorithm betweenness,0.865626000001,1840,1812,1806,1825,1777,1840,1840,1840,1812,1840,1813,1827,1796,1805,1806,1840,1813,1832,1833,1840,1236,1778,1825,1832,1823,1840,1817,1819,1827,1833,1823,1840,1819,1840,1840,1840,1817,1796,1805,1236,1819,1777,1778,1819
project/sim_ext.py --sim-time 1.5 --seq-graph project/file/graph_15_nodes.json --traffic project/file/traffic_15_nodes_outer_chatting.json --inspection-rate 0.001 --mess-rate 0.002 --algorithm betweenness,0.866755000001,1840,1812,1806,1825,1777,1840,1840,1840,1812,1840,1813,1827,1796,1805,1806,1840,1813,1832,1833,1840,1236,1778,1825,1832,1823,1840,1817,1819,1827,1833,1823,1840,1819,1840,1840,1840,1817,1796,1805,1236,1819,1777,1778,1819
project/sim_ext.py --sim-time 1.5 --seq-graph project/file/graph_15_nodes.json --traffic project/file/traffic_15_nodes_outer_chatting.json --inspection-rate 0.001 --mess-rate 0.002 --algorithm betweenness,0.867795000001,1840,1812,1806,1825,1777,1840,1840,1840,1812,1840,1813,1827,1796,1805,1806,1840,1813,1832,1833,1840,1236,1778,1825,1832,1823,1840,1817,1819,1827,1833,1823,1840,1819,1840,1840,1840,1817,1796,1805,1236,1819,1777,1778,1819
project/sim_ext.py --sim-time 1.5 --seq-graph project/file/graph_15_nodes.json --traffic project/file/traffic_15_nodes_outer_chatting.json --inspection-rate 0.001 --mess-rate 0.002 --algorithm betweenness,0.868918000001,1840,1812,1806,1825,1777,1840,1840,1840,1812,1840,1813,1827,1796,1805,1806,1840,1813,1832,1833,1840,1236,1778,1825,1832,1823,1840,1817,1819,1827,1833,1823,1840,1819,1840,1840,1840,1817,1796,1805,1236,1819,1777,1778,1819
project/sim_ext.py --sim-time 1.5 --seq-graph project/file/graph_15_nodes.json --traffic project/file/traffic_15_nodes_outer_chatting.json --inspection-rate 0.001 --mess-rate 0.002 --algorithm betweenness,0.870004999936,1840,1812,1806,1825,1777,1840,1840,1840,1812,1840,1813,1827,1796,1805,1806,1840,1813,1832,1833,1840,1236,1778,1825,1832,1823,1840,1817,1819,1827,1833,1823,1840,1819,1840,1840,1840,1817,1796,1805,1236,1819,1777,1778,1819
project/sim_ext.py --sim-time 1.5 --seq-graph project/file/graph_15_nodes.json --traffic project/file/traffic_15_nodes_outer_chatting.json --inspection-rate 0.001 --mess-rate 0.002 --algorithm betweenness,0.8711300000009999,1840,1812,1806,1825,1777,1840,1840,1840,1812,1840,1813,1827,1796,1805,1806,1840,1813,1832,1833,1840,1236,1778,1825,1832,1823,1840,1817,1819,1827,1833,1823,1840,1819,1840,1840,1840,1817,1796,1805,1236,1819,1777,1778,1819
project/sim_ext.py --sim-time 1.5 --seq-graph project/file/graph_15_nodes.json --traffic project/file/traffic_15_nodes_outer_chatting.json --inspection-rate 0.001 --mess-rate 0.002 --algorithm betweenness,0.872333000001,1840,1812,1806,1825,1777,1840,1840,1840,1812,1840,1813,1827,1796,1805,1806,1840,1813,1832,1833,1840,1316,1778,1825,1832,1823,1840,1817,1819,1827,1833,1823,1840,1819,1840,1840,1840,1817,1796,1805,1316,1819,1777,1778,1819
project/sim_ext.py --sim-time 1.5 --seq-graph project/file/graph_15_nodes.json --traffic project/file/traffic_15_nodes_outer_chatting.json --inspection-rate 0.001 --mess-rate 0.002 --algorithm betweenness,0.873349199997,1840,1812,1806,1825,1777,1840,1840,1840,1812,1840,1813,1827,1796,1805,1806,1840,1813,1832,1833,1840,1316,1778,1825,1832,1823,1840,1817,1819,1827,1833,1823,1840,1819,1840,1840,1840,1817,1796,1805,1316,1819,1777,1778,1819
project/sim_ext.py --sim-time 1.5 --seq-graph project/file/graph_15_nodes.json --traffic project/file/traffic_15_nodes_outer_chatting.json --inspection-rate 0.001 --mess-rate 0.002 --algorithm betweenness,0.874455000001,1840,1812,1806,1825,1777,1840,1840,1840,1812,1840,1813,1827,1796,1805,1806,1840,1813,1832,1833,1840,1316,1778,1825,1832,1823,1840,1817,1819,1827,1833,1823,1840,1819,1840,1840,1840,1817,1796,1805,1316,1819,1777,1778,1819
project/sim_ext.py --sim-time 1.5 --seq-graph project/file/graph_15_nodes.json --traffic project/file/traffic_15_nodes_outer_chatting.json --inspection-rate 0.001 --mess-rate 0.002 --algorithm betweenness,0.875553000001,1840,1812,1806,1825,1777,1840,1840,1840,1812,1840,1813,1827,1796,1805,1806,1840,1813,1832,1833,1840,1316,1778,1825,1832,1823,1840,1817,1819,1827,1833,1823,1840,1819,1840,1840,1840,1817,1796,1805,1316,1819,1777,1778,1819
project/sim_ext.py --sim-time 1.5 --seq-graph project/file/graph_15_nodes.json --traffic project/file/traffic_15_nodes_outer_chatting.json --inspection-rate 0.001 --mess-rate 0.002 --algorithm betweenness,0.876697000001,1840,1812,1806,1825,1777,1840,1840,1840,1812,1840,1813,1827,1796,1805,1806,1840,1813,1832,1833,1840,1316,1778,1825,1832,1823,1840,1817,1819,1827,1833,1823,1840,1819,1840,1840,1840,1817,1796,1805,1316,1819,1777,1778,1819
project/sim_ext.py --sim-time 1.5 --seq-graph project/file/graph_15_nodes.json --traffic project/file/traffic_15_nodes_outer_chatting.json --inspection-rate 0.001 --mess-rate 0.002 --algorithm betweenness,0.877832000001,1840,1812,1806,1825,1777,1840,1840,1840,1812,1840,1813,1827,1796,1805,1806,1840,1813,1832,1833,1840,1316,1778,1825,1832,1823,1840,1817,1819,1827,1833,1823,1840,1819,1840,1840,1840,1817,1796,1805,1316,1819,1777,1778,1819
project/sim_ext.py --sim-time 1.5 --seq-graph project/file/graph_15_nodes.json --traffic project/file/traffic_15_nodes_outer_chatting.json --inspection-rate 0.001 --mess-rate 0.002 --algorithm betweenness,0.878958000001,1840,1812,1806,1825,1777,1840,1840,1840,1812,1840,1813,1827,1796,1805,1806,1840,1813,1832,1833,1840,1316,1778,1825,1832,1823,1840,1817,1819,1827,1833,1823,1840,1819,1840,1840,1840,1817,1796,1805,1316,1819,1777,1778,1819
project/sim_ext.py --sim-time 1.5 --seq-graph project/file/graph_15_nodes.json --traffic project/file/traffic_15_nodes_outer_chatting.json --inspection-rate 0.001 --mess-rate 0.002 --algorithm betweenness,0.880025000001,1840,1892,1886,1825,1857,1840,1920,1920,1892,1920,1893,1907,1796,1805,1886,1920,1893,1912,1833,1920,1316,1858,1825,1912,1903,1840,1897,1819,1907,1833,1903,1920,1819,1920,1840,1920,1897,1796,1805,1316,1819,1857,1858,1819
project/sim_ext.py --sim-time 1.5 --seq-graph project/file/graph_15_nodes.json --traffic project/file/traffic_15_nodes_outer_chatting.json --inspection-rate 0.001 --mess-rate 0.002 --algorithm betweenness,0.881221199997,1840,1892,1886,1825,1857,1840,1920,1920,1892,1920,1893,1907,1796,1805,1886,1920,1893,1912,1833,1920,1316,1858,1825,1912,1903,1840,1897,1819,1907,1833,1903,1920,1819,1920,1840,1920,1897,1796,1805,1316,1819,1857,1858,1819
project/sim_ext.py --sim-time 1.5 --seq-graph project/file/graph_15_nodes.json --traffic project/file/traffic_15_nodes_outer_chatting.json --inspection-rate 0.001 --mess-rate 0.002 --algorithm betweenness,0.882496000001,1840,1892,1886,1825,1857,1840,1920,1920,1892,1920,1893,1907,1796,1805,1886,1920,1893,1912,1833,1920,1316,1858,1825,1912,1903,1840,1897,1819,1907,1833,1903,1920,1819,1920,1840,1920,1897,1796,1805,1316,1819,1857,1858,1819
project/sim_ext.py --sim-time 1.5 --seq-graph project/file/graph_15_nodes.json --traffic project/file/traffic_15_nodes_outer_chatting.json --inspection-rate 0.001 --mess-rate 0.002 --algorithm betweenness,0.883614000001,1840,1892,1886,1825,1857,1840,1920,1920,1892,1920,1893,1907,1796,1805,1886,1920,1893,1912,1833,1920,1316,1858,1825,1912,1903,1840,1897,1819,1907,1833,1903,1920,1819,1920,1840,1920,1897,1796,1805,1316,1819,1857,1858,1819
project/sim_ext.py --sim-time 1.5 --seq-graph project/file/graph_15_nodes.json --traffic project/file/traffic_15_nodes_outer_chatting.json --inspection-rate 0.001 --mess-rate 0.002 --algorithm betweenness,0.8848170000009999,1840,1892,1886,1825,1857,1840,1920,1920,1892,1920,1893,1907,1796,1805,1886,1920,1893,1912,1833,1920,1316,1858,1825,1912,1903,1840,1897,1819,1907,1833,1903,1920,1819,1920,1840,1920,1897,1796,1805,1316,1819,1857,1858,1819
project/sim_ext.py --sim-time 1.5 --seq-graph project/file/graph_15_nodes.json --traffic project/file/traffic_15_nodes_outer_chatting.json --inspection-rate 0.001 --mess-rate 0.002 --algorithm betweenness,0.885839000001,1840,1892,1886,1825,1857,1840,1920,1920,1892,1920,1893,1907,1796,1805,1886,1920,1893,1912,1833,1920,1316,1858,1825,1912,1903,1840,1897,1819,1907,1833,1903,1920,1819,1920,1840,1920,1897,1796,1805,1316,1819,1857,1858,1819
project/sim_ext.py --sim-time 1.5 --seq-graph project/file/graph_15_nodes.json --traffic project/file/traffic_15_nodes_outer_chatting.json --inspection-rate 0.001 --mess-rate 0.002 --algorithm betweenness,0.8868923828823381,1840,1892,1886,1825,1857,1840,1920,1920,1892,1920,1893,1907,1796,1805,1886,1920,1893,1912,1833,1920,1316,1858,1825,1912,1903,1840,1897,1819,1907,1833,1903,1920,1819,1920,1840,1920,1897,1796,1805,1316,1819,1857,1858,1819
project/sim_ext.py --sim-time 1.5 --seq-graph project/file/graph_15_nodes.json --traffic project/file/traffic_15_nodes_outer_chatting.json --inspection-rate 0.001 --mess-rate 0.002 --algorithm betweenness,0.887995000001,1840,1892,1886,1825,1857,1840,1920,1920,1892,1920,1893,1907,1796,1805,1886,1920,1893,1912,1833,1920,1316,1858,1825,1912,1903,1840,1897,1819,1907,1833,1903,1920,1819,1920,1840,1920,1897,1796,1805,1316,1819,1857,1858,1819
project/sim_ext.py --sim-time 1.5 --seq-graph project/file/graph_15_nodes.json --traffic project/file/traffic_15_nodes_outer_chatting.json --inspection-rate 0.001 --mess-rate 0.002 --algorithm betweenness,0.8891640000009999,1840,1892,1886,1825,1857,1840,1920,1920,1892,1920,1893,1907,1796,1805,1886,1920,1893,1912,1833,1920,1316,1858,1825,1912,1903,1840,1897,1819,1907,1833,1903,1920,1819,1920,1840,1920,1897,1796,1805,1316,1819,1857,1858,1819
project/sim_ext.py --sim-time 1.5 --seq-graph project/file/graph_15_nodes.json --traffic project/file/traffic_15_nodes_outer_chatting.json --inspection-rate 0.001 --mess-rate 0.002 --algorithm betweenness,0.890269000001,1920,1892,1886,1905,1857,1920,1920,1920,1892,1920,1893,1907,1876,1885,1886,1920,1893,1912,1913,1920,1316,1858,1905,1912,1903,1920,1897,1899,1907,1913,1903,1920,1899,1920,1920,1920,1897,1876,1885,1316,1899,1857,1858,1899
project/sim_ext.py --sim-time 1.5 --seq-graph project/file/graph_15_nodes.json --traffic project/file/traffic_15_nodes_outer_chatting.json --inspection-rate 0.001 --mess-rate 0.002 --algorithm betweenness,0.8915266836744309,1920,1892,1886,1905,1857,1920,1920,1920,1892,1920,1893,1907,1876,1885,1886,1920,1893,1912,1913,1920,1316,1858,1905,1912,1903,1920,1897,1899,1907,1913,1903,1920,1899,1920,1920,1920,1897,1876,1885,1316,1899,1857,1858,1899
project/sim_ext.py --sim-time 1.5 --seq-graph project/file/graph_15_nodes.json --traffic project/file/traffic_15_nodes_outer_chatting.json --inspection-rate 0.001 --mess-rate 0.002 --algorithm betweenness,0.8925810000009999,1920,1892,1886,1905,1857,1920,1920,1920,1892,1920,1893,1907,1876,1885,1886,1920,1893,1912,1913,1920,1316,1858,1905,1912,1903,1920,1897,1899,1907,1913,1903,1920,1899,1920,1920,1920,1897,1876,1885,1316,1899,1857,1858,1899
project/sim_ext.py --sim-time 1.5 --seq-graph project/file/graph_15_nodes.json --traffic project/file/traffic_15_nodes_outer_chatting.json --inspection-rate 0.001 --mess-rate 0.002 --algorithm betweenness,0.893691000001,1920,1892,1886,1905,1857,1920,1920,1920,1892,1920,1893,1907,1876,1885,1886,1920,1893,1912,1913,1920,1316,1858,1905,1912,1903,1920,1897,1899,1907,1913,1903,1920,1899,1920,1920,1920,1897,1876,1885,1316,1899,1857,1858,1899
project/sim_ext.py --sim-time 1.5 --seq-graph project/file/graph_15_nodes.json --traffic project/file/traffic_15_nodes_outer_chatting.json --inspection-rate 0.001 --mess-rate 0.002 --algorithm betweenness,0.894773000001,1920,1892,1886,1905,1857,1920,1920,1920,1892,1920,1893,1907,1876,1885,1886,1920,1893,1912,1913,1920,1316,1858,1905,1912,1903,1920,1897,1899,1907,1913,1903,1920,1899,1920,1920,1920,1897,1876,1885,1316,1899,1857,1858,1899
project/sim_ext.py --sim-time 1.5 --seq-graph project/file/graph_15_nodes.json --traffic project/file/traffic_15_nodes_outer_chatting.json --inspection-rate 0.001 --mess-rate 0.002 --algorithm betweenness,0.895845599997,1920,1892,1886,1905,1857,1920,1920,1920,1892,1920,1893,1907,1876,1885,1886,1920,1893,1912,1913,1920,1316,1858,1905,1912,1903,1920,1897,1899,1907,1913,1903,1920,1899,1920,1920,1920,1897,1876,1885,1316,1899,1857,1858,1899
project/sim_ext.py --sim-time 1.5 --seq-graph project/file/graph_15_nodes.json --traffic project/file/traffic_15_nodes_outer_chatting.json --inspection-rate 0.001 --mess-rate 0.002 --algorithm betweenness,0.896914000001,1920,1892,1886,1905,1857,1920,1920,1920,1892,1920,1893,1907,1876,1885,1886,1920,1893,1912,1913,1920,1316,1858,1905,1912,1903,1920,1897,1899,1907,1913,1903,1920,1899,1920,1920,1920,1897,1876,1885,1316,1899,1857,1858,1899
project/sim_ext.py --sim-time 1.5 --seq-graph project/file/graph_15_nodes.json --traffic project/file/traffic_15_nodes_outer_chatting.json --inspection-rate 0.001 --mess-rate 0.002 --algorithm betweenness,0.897974999932,1920,1892,1886,1905,1857,1920,1920,1920,1892,1920,1893,1907,1876,1885,1886,1920,1893,1912,1913,1920,1316,1858,1905,1912,1903,1920,1897,1899,1907,1913,1903,1920,1899,1920,1920,1920,1897,1876,1885,1316,1899,1857,1858,1899
project/sim_ext.py --sim-time 1.5 --seq-graph project/file/graph_15_nodes.json --traffic project/file/traffic_15_nodes_outer_chatting.json --inspection-rate 0.001 --mess-rate 0.002 --algorithm betweenness,0.898980000001,1920,1892,1886,1905,1857,1920,1920,1920,1892,1920,1893,1907,1876,1885,1886,1920,1893,1912,1913,1920,1316,1858,1905,1912,1903,1920,1897,1899,1907,1913,1903,1920,1899,1920,1920,1920,1897,1876,1885,1316,1899,1857,1858,1899
project/sim_ext.py --sim-time 1.5 --seq-graph project/file/graph_15_nodes.json --traffic project/file/traffic_15_nodes_outer_chatting.json --inspection-rate 0.001 --mess-rate 0.002 --algorithm betweenness,0.8999975156570736,1920,1892,1886,1905,1857,1920,1920,1920,1892,1920,1893,1907,1876,1885,1886,1920,1893,1912,1913,1920,1316,1858,1905,1912,1903,1920,1897,1899,1907,1913,1903,1920,1899,1920,1920,1920,1897,1876,1885,1316,1899,1857,1858,1899
project/sim_ext.py --sim-time 1.5 --seq-graph project/file/graph_15_nodes.json --traffic project/file/traffic_15_nodes_outer_chatting.json --inspection-rate 0.001 --mess-rate 0.002 --algorithm betweenness,0.9010439165580633,1920,1892,1886,1905,1857,1920,1920,1920,1892,1920,1893,1907,1876,1885,1886,1920,1893,1912,1913,1920,1316,1858,1905,1912,1903,1920,1897,1899,1907,1913,1903,1920,1899,1920,1920,1920,1897,1876,1885,1316,1899,1857,1858,1899
project/sim_ext.py --sim-time 1.5 --seq-graph project/file/graph_15_nodes.json --traffic project/file/traffic_15_nodes_outer_chatting.json --inspection-rate 0.001 --mess-rate 0.002 --algorithm betweenness,0.9021048499474223,1920,1892,1886,1905,1857,1920,1920,1920,1892,1920,1893,1907,1876,1885,1886,1920,1893,1912,1913,1920,1316,1858,1905,1912,1903,1920,1897,1899,1907,1913,1903,1920,1899,1920,1920,1920,1897,1876,1885,1316,1899,1857,1858,1899
project/sim_ext.py --sim-time 1.5 --seq-graph project/file/graph_15_nodes.json --traffic project/file/traffic_15_nodes_outer_chatting.json --inspection-rate 0.001 --mess-rate 0.002 --algorithm betweenness,0.9031290000009999,1920,1892,1886,1905,1857,1920,1920,1920,1892,1920,1893,1907,1876,1885,1886,1920,1893,1912,1913,1920,1316,1858,1905,1912,1903,1920,1897,1899,1907,1913,1903,1920,1899,1920,1920,1920,1897,1876,1885,1316,1899,1857,1858,1899
project/sim_ext.py --sim-time 1.5 --seq-graph project/file/graph_15_nodes.json --traffic project/file/traffic_15_nodes_outer_chatting.json --inspection-rate 0.001 --mess-rate 0.002 --algorithm betweenness,0.9042370000009999,1920,1892,1886,1905,1857,1920,1920,1920,1892,1920,1893,1907,1876,1885,1886,1920,1893,1912,1913,1920,1316,1858,1905,1912,1903,1920,1897,1899,1907,1913,1903,1920,1899,1920,1920,1920,1897,1876,1885,1316,1899,1857,1858,1899
project/sim_ext.py --sim-time 1.5 --seq-graph project/file/graph_15_nodes.json --traffic project/file/traffic_15_nodes_outer_chatting.json --inspection-rate 0.001 --mess-rate 0.002 --algorithm betweenness,0.905375000001,1920,1892,1886,1905,1857,1920,1920,1920,1892,1920,1893,1907,1876,1885,1886,1920,1893,1912,1913,1920,1316,1858,1905,1912,1903,1920,1897,1899,1907,1913,1903,1920,1899,1920,1920,1920,1897,1876,1885,1316,1899,1857,1858,1899
project/sim_ext.py --sim-time 1.5 --seq-graph project/file/graph_15_nodes.json --traffic project/file/traffic_15_nodes_outer_chatting.json --inspection-rate 0.001 --mess-rate 0.002 --algorithm betweenness,0.9064625432246929,1920,1892,1886,1905,1857,1920,1920,1920,1892,1920,1893,1907,1876,1885,1886,1920,1893,1912,1913,1920,1316,1858,1905,1912,1903,1920,1897,1899,1907,1913,1903,1920,1899,1920,1920,1920,1897,1876,1885,1316,1899,1857,1858,1899
project/sim_ext.py --sim-time 1.5 --seq-graph project/file/graph_15_nodes.json --traffic project/file/traffic_15_nodes_outer_chatting.json --inspection-rate 0.001 --mess-rate 0.002 --algorithm betweenness,0.907594000001,1920,1892,1886,1905,1857,1920,1920,1920,1892,1920,1893,1907,1876,1885,1886,1920,1893,1912,1913,1920,1316,1858,1905,1912,1903,1920,1897,1899,1907,1913,1903,1920,1899,1920,1920,1920,1897,1876,1885,1316,1899,1857,1858,1899
project/sim_ext.py --sim-time 1.5 --seq-graph project/file/graph_15_nodes.json --traffic project/file/traffic_15_nodes_outer_chatting.json --inspection-rate 0.001 --mess-rate 0.002 --algorithm betweenness,0.908744999932,1920,1892,1886,1905,1857,1920,1920,1920,1892,1920,1893,1907,1876,1885,1886,1920,1893,1912,1913,1920,1316,1858,1905,1912,1903,1920,1897,1899,1907,1913,1903,1920,1899,1920,1920,1920,1897,1876,1885,1316,1899,1857,1858,1899
project/sim_ext.py --sim-time 1.5 --seq-graph project/file/graph_15_nodes.json --traffic project/file/traffic_15_nodes_outer_chatting.json --inspection-rate 0.001 --mess-rate 0.002 --algorithm betweenness,0.909848000001,1920,1892,1886,1905,1857,1920,1920,1920,1892,1920,1893,1907,1876,1885,1886,1920,1893,1912,1913,1920,1316,1858,1905,1912,1903,1920,1897,1899,1907,1913,1903,1920,1899,1920,1920,1920,1897,1876,1885,1316,1899,1857,1858,1899
project/sim_ext.py --sim-time 1.5 --seq-graph project/file/graph_15_nodes.json --traffic project/file/traffic_15_nodes_outer_chatting.json --inspection-rate 0.001 --mess-rate 0.002 --algorithm betweenness,0.911004999925,1920,1892,1886,1905,1857,1920,1920,1920,1892,1920,1893,1907,1876,1885,1886,1920,1893,1912,1913,1920,1316,1858,1905,1912,1903,1920,1897,1899,1907,1913,1903,1920,1899,1920,1920,1920,1897,1876,1885,1316,1899,1857,1858,1899
project/sim_ext.py --sim-time 1.5 --seq-graph project/file/graph_15_nodes.json --traffic project/file/traffic_15_nodes_outer_chatting.json --inspection-rate 0.001 --mess-rate 0.002 --algorithm betweenness,0.912102000001,1920,1892,1886,1905,1857,1920,1920,1920,1892,1920,1893,1907,1876,1885,1886,1920,1893,1912,1913,1920,1396,1858,1905,1912,1903,1920,1897,1899,1907,1913,1903,1920,1899,1920,1920,1920,1897,1876,1885,1396,1899,1857,1858,1899
project/sim_ext.py --sim-time 1.5 --seq-graph project/file/graph_15_nodes.json --traffic project/file/traffic_15_nodes_outer_chatting.json --inspection-rate 0.001 --mess-rate 0.002 --algorithm betweenness,0.913156000001,1920,1892,1886,1905,1857,1920,1920,1920,1892,1920,1893,1907,1876,1885,1886,1920,1893,1912,1913,1920,1396,1858,1905,1912,1903,1920,1897,1899,1907,1913,1903,1920,1899,1920,1920,1920,1897,1876,1885,1396,1899,1857,1858,1899
project/sim_ext.py --sim-time 1.5 --seq-graph project/file/graph_15_nodes.json --traffic project/file/traffic_15_nodes_outer_chatting.json --inspection-rate 0.001 --mess-rate 0.002 --algorithm betweenness,0.9142455089810456,1920,1892,1886,1905,1857,1920,1920,1920,1892,1920,1893,1907,1876,1885,1886,1920,1893,1912,1913,1920,1396,1858,1905,1912,1903,1920,1897,1899,1907,1913,1903,1920,1899,1920,1920,1920,1897,1876,1885,1396,1899,1857,1858,1899
project/sim_ext.py --sim-time 1.5 --seq-graph project/file/graph_15_nodes.json --traffic project/file/traffic_15_nodes_outer_chatting.json --inspection-rate 0.001 --mess-rate 0.002 --algorithm betweenness,0.915320000001,1920,1892,1886,1905,1857,1920,1920,1920,1892,1920,1893,1907,1876,1885,1886,1920,1893,1912,1913,1920,1396,1858,1905,1912,1903,1920,1897,1899,1907,1913,1903,1920,1899,1920,1920,1920,1897,1876,1885,1396,1899,1857,1858,1899
project/sim_ext.py --sim-time 1.5 --seq-graph project/file/graph_15_nodes.json --traffic project/file/traffic_15_nodes_outer_chatting.json --inspection-rate 0.001 --mess-rate 0.002 --algorithm betweenness,0.916332000001,1920,1892,1886,1905,1857,1920,1920,1920,1892,1920,1893,1907,1876,1885,1886,1920,1893,1912,1913,1920,1396,1858,1905,1912,1903,1920,1897,1899,1907,1913,1903,1920,1899,1920,1920,1920,1897,1876,1885,1396,1899,1857,1858,1899
project/sim_ext.py --sim-time 1.5 --seq-graph project/file/graph_15_nodes.json --traffic project/file/traffic_15_nodes_outer_chatting.json --inspection-rate 0.001 --mess-rate 0.002 --algorithm betweenness,0.917380000001,1920,1892,1886,1905,1857,1920,1920,1920,1892,1920,1893,1907,1876,1885,1886,1920,1893,1912,1913,1920,1396,1858,1905,1912,1903,1920,1897,1899,1907,1913,1903,1920,1899,1920,1920,1920,1897,1876,1885,1396,1899,1857,1858,1899
project/sim_ext.py --sim-time 1.5 --seq-graph project/file/graph_15_nodes.json --traffic project/file/traffic_15_nodes_outer_chatting.json --inspection-rate 0.001 --mess-rate 0.002 --algorithm betweenness,0.918492000001,1920,1892,1886,1905,1857,1920,1920,1920,1892,1920,1893,1907,1876,1885,1886,1920,1893,1912,1913,1920,1396,1858,1905,1912,1903,1920,1897,1899,1907,1913,1903,1920,1899,1920,1920,1920,1897,1876,1885,1396,1899,1857,1858,1899
project/sim_ext.py --sim-time 1.5 --seq-graph project/file/graph_15_nodes.json --traffic project/file/traffic_15_nodes_outer_chatting.json --inspection-rate 0.001 --mess-rate 0.002 --algorithm betweenness,0.919655000001,1920,1892,1886,1905,1857,1920,1920,1920,1892,1920,1893,1907,1876,1885,1886,1920,1893,1912,1913,1920,1396,1858,1905,1912,1903,1920,1897,1899,1907,1913,1903,1920,1899,1920,1920,1920,1897,1876,1885,1396,1899,1857,1858,1899
project/sim_ext.py --sim-time 1.5 --seq-graph project/file/graph_15_nodes.json --traffic project/file/traffic_15_nodes_outer_chatting.json --inspection-rate 0.001 --mess-rate 0.002 --algorithm betweenness,0.9207203634770375,2000,1972,1966,1985,1937,2000,2000,2000,1972,2000,1973,1987,1956,1965,1966,2000,1973,1992,1993,2000,1396,1938,1985,1992,1983,2000,1977,1979,1987,1993,1983,2000,1979,2000,2000,2000,1977,1956,1965,1396,1979,1937,1938,1979
project/sim_ext.py --sim-time 1.5 --seq-graph project/file/graph_15_nodes.json --traffic project/file/traffic_15_nodes_outer_chatting.json --inspection-rate 0.001 --mess-rate 0.002 --algorithm betweenness,0.921861199997,2000,1972,1966,1985,1937,2000,2000,2000,1972,2000,1973,1987,1956,1965,1966,2000,1973,1992,1993,2000,1396,1938,1985,1992,1983,2000,1977,1979,1987,1993,1983,2000,1979,2000,2000,2000,1977,1956,1965,1396,1979,1937,1938,1979
project/sim_ext.py --sim-time 1.5 --seq-graph project/file/graph_15_nodes.json --traffic project/file/traffic_15_nodes_outer_chatting.json --inspection-rate 0.001 --mess-rate 0.002 --algorithm betweenness,0.922934000001,2000,1972,1966,1985,1937,2000,2000,2000,1972,2000,1973,1987,1956,1965,1966,2000,1973,1992,1993,2000,1396,1938,1985,1992,1983,2000,1977,1979,1987,1993,1983,2000,1979,2000,2000,2000,1977,1956,1965,1396,1979,1937,1938,1979
project/sim_ext.py --sim-time 1.5 --seq-graph project/file/graph_15_nodes.json --traffic project/file/traffic_15_nodes_outer_chatting.json --inspection-rate 0.001 --mess-rate 0.002 --algorithm betweenness,0.923968999997,2000,1972,1966,1985,1937,2000,2000,2000,1972,2000,1973,1987,1956,1965,1966,2000,1973,1992,1993,2000,1396,1938,1985,1992,1983,2000,1977,1979,1987,1993,1983,2000,1979,2000,2000,2000,1977,1956,1965,1396,1979,1937,1938,1979
project/sim_ext.py --sim-time 1.5 --seq-graph project/file/graph_15_nodes.json --traffic project/file/traffic_15_nodes_outer_chatting.json --inspection-rate 0.001 --mess-rate 0.002 --algorithm betweenness,0.924972000001,2000,1972,1966,1985,1937,2000,2000,2000,1972,2000,1973,1987,1956,1965,1966,2000,1973,1992,1993,2000,1396,1938,1985,1992,1983,2000,1977,1979,1987,1993,1983,2000,1979,2000,2000,2000,1977,1956,1965,1396,1979,1937,1938,1979
project/sim_ext.py --sim-time 1.5 --seq-graph project/file/graph_15_nodes.json --traffic project/file/traffic_15_nodes_outer_chatting.json --inspection-rate 0.001 --mess-rate 0.002 --algorithm betweenness,0.926138000001,2000,1972,1966,1985,1937,2000,2000,2000,1972,2000,1973,1987,1956,1965,1966,2000,1973,1992,1993,2000,1396,1938,1985,1992,1983,2000,1977,1979,1987,1993,1983,2000,1979,2000,2000,2000,1977,1956,1965,1396,1979,1937,1938,1979
project/sim_ext.py --sim-time 1.5 --seq-graph project/file/graph_15_nodes.json --traffic project/file/traffic_15_nodes_outer_chatting.json --inspection-rate 0.001 --mess-rate 0.002 --algorithm betweenness,0.927227000001,2000,1972,1966,1985,1937,2000,2000,2000,1972,2000,1973,1987,1956,1965,1966,2000,1973,1992,1993,2000,1396,1938,1985,1992,1983,2000,1977,1979,1987,1993,1983,2000,1979,2000,2000,2000,1977,1956,1965,1396,1979,1937,1938,1979
project/sim_ext.py --sim-time 1.5 --seq-graph project/file/graph_15_nodes.json --traffic project/file/traffic_15_nodes_outer_chatting.json --inspection-rate 0.001 --mess-rate 0.002 --algorithm betweenness,0.928296000001,2000,1972,1966,1985,1937,2000,2000,2000,1972,2000,1973,1987,1956,1965,1966,2000,1973,1992,1993,2000,1396,1938,1985,1992,1983,2000,1977,1979,1987,1993,1983,2000,1979,2000,2000,2000,1977,1956,1965,1396,1979,1937,1938,1979
project/sim_ext.py --sim-time 1.5 --seq-graph project/file/graph_15_nodes.json --traffic project/file/traffic_15_nodes_outer_chatting.json --inspection-rate 0.001 --mess-rate 0.002 --algorithm betweenness,0.929450000001,2000,1972,1966,1985,1937,2000,2000,2000,1972,2000,1973,1987,1956,1965,1966,2000,1973,1992,1993,2000,1396,1938,1985,1992,1983,2000,1977,1979,1987,1993,1983,2000,1979,2000,2000,2000,1977,1956,1965,1396,1979,1937,1938,1979
project/sim_ext.py --sim-time 1.5 --seq-graph project/file/graph_15_nodes.json --traffic project/file/traffic_15_nodes_outer_chatting.json --inspection-rate 0.001 --mess-rate 0.002 --algorithm betweenness,0.930524000001,2000,1972,1966,1985,1937,2000,2000,2000,1972,2000,1973,1987,1956,1965,1966,2000,1973,1992,1993,2000,1396,1938,1985,1992,1983,2000,1977,1979,1987,1993,1983,2000,1979,2000,2000,2000,1977,1956,1965,1396,1979,1937,1938,1979
project/sim_ext.py --sim-time 1.5 --seq-graph project/file/graph_15_nodes.json --traffic project/file/traffic_15_nodes_outer_chatting.json --inspection-rate 0.001 --mess-rate 0.002 --algorithm betweenness,0.931565000001,2000,1972,1966,1985,1937,2000,2000,2000,1972,2000,1973,1987,1956,1965,1966,2000,1973,1992,1993,2000,1396,1938,1985,1992,1983,2000,1977,1979,1987,1993,1983,2000,1979,2000,2000,2000,1977,1956,1965,1396,1979,1937,1938,1979
project/sim_ext.py --sim-time 1.5 --seq-graph project/file/graph_15_nodes.json --traffic project/file/traffic_15_nodes_outer_chatting.json --inspection-rate 0.001 --mess-rate 0.002 --algorithm betweenness,0.932636000001,2000,1972,1966,1985,1937,2000,2000,2000,1972,2000,1973,1987,1956,1965,1966,2000,1973,1992,1993,2000,1396,1938,1985,1992,1983,2000,1977,1979,1987,1993,1983,2000,1979,2000,2000,2000,1977,1956,1965,1396,1979,1937,1938,1979
project/sim_ext.py --sim-time 1.5 --seq-graph project/file/graph_15_nodes.json --traffic project/file/traffic_15_nodes_outer_chatting.json --inspection-rate 0.001 --mess-rate 0.002 --algorithm betweenness,0.933699000001,2000,1972,1966,1985,1937,2000,2000,2000,1972,2000,1973,1987,1956,1965,1966,2000,1973,1992,1993,2000,1396,1938,1985,1992,1983,2000,1977,1979,1987,1993,1983,2000,1979,2000,2000,2000,1977,1956,1965,1396,1979,1937,1938,1979
project/sim_ext.py --sim-time 1.5 --seq-graph project/file/graph_15_nodes.json --traffic project/file/traffic_15_nodes_outer_chatting.json --inspection-rate 0.001 --mess-rate 0.002 --algorithm betweenness,0.934827945669649,2000,1972,1966,1985,1937,2000,2000,2000,1972,2000,1973,1987,1956,1965,1966,2000,1973,1992,1993,2000,1396,1938,1985,1992,1983,2000,1977,1979,1987,1993,1983,2000,1979,2000,2000,2000,1977,1956,1965,1396,1979,1937,1938,1979
project/sim_ext.py --sim-time 1.5 --seq-graph project/file/graph_15_nodes.json --traffic project/file/traffic_15_nodes_outer_chatting.json --inspection-rate 0.001 --mess-rate 0.002 --algorithm betweenness,0.935988000001,2000,1972,1966,1985,1937,2000,2000,2000,1972,2000,1973,1987,1956,1965,1966,2000,1973,1992,1993,2000,1396,1938,1985,1992,1983,2000,1977,1979,1987,1993,1983,2000,1979,2000,2000,2000,1977,1956,1965,1396,1979,1937,1938,1979
project/sim_ext.py --sim-time 1.5 --seq-graph project/file/graph_15_nodes.json --traffic project/file/traffic_15_nodes_outer_chatting.json --inspection-rate 0.001 --mess-rate 0.002 --algorithm betweenness,0.936988721188369,2000,1972,1966,1985,1937,2000,2000,2000,1972,2000,1973,1987,1956,1965,1966,2000,1973,1992,1993,2000,1396,1938,1985,1992,1983,2000,1977,1979,1987,1993,1983,2000,1979,2000,2000,2000,1977,1956,1965,1396,1979,1937,1938,1979
project/sim_ext.py --sim-time 1.5 --seq-graph project/file/graph_15_nodes.json --traffic project/file/traffic_15_nodes_outer_chatting.json --inspection-rate 0.001 --mess-rate 0.002 --algorithm betweenness,0.937996000001,2000,1972,1966,1985,1937,2000,2000,2000,1972,2000,1973,1987,1956,1965,1966,2000,1973,1992,1993,2000,1396,1938,1985,1992,1983,2000,1977,1979,1987,1993,1983,2000,1979,2000,2000,2000,1977,1956,1965,1396,1979,1937,1938,1979
project/sim_ext.py --sim-time 1.5 --seq-graph project/file/graph_15_nodes.json --traffic project/file/traffic_15_nodes_outer_chatting.json --inspection-rate 0.001 --mess-rate 0.002 --algorithm betweenness,0.9391549999209999,2000,1972,1966,1985,1937,2000,2000,2000,1972,2000,1973,1987,1956,1965,1966,2000,1973,1992,1993,2000,1396,1938,1985,1992,1983,2000,1977,1979,1987,1993,1983,2000,1979,2000,2000,2000,1977,1956,1965,1396,1979,1937,1938,1979
project/sim_ext.py --sim-time 1.5 --seq-graph project/file/graph_15_nodes.json --traffic project/file/traffic_15_nodes_outer_chatting.json --inspection-rate 0.001 --mess-rate 0.002 --algorithm betweenness,0.940405000001,2000,1972,1966,1985,1937,2000,2000,2000,1972,2000,1973,1987,1956,1965,1966,2000,1973,1992,1993,2000,1396,1938,1985,1992,1983,2000,1977,1979,1987,1993,1983,2000,1979,2000,2000,2000,1977,1956,1965,1396,1979,1937,1938,1979
project/sim_ext.py --sim-time 1.5 --seq-graph project/file/graph_15_nodes.json --traffic project/file/traffic_15_nodes_outer_chatting.json --inspection-rate 0.001 --mess-rate 0.002 --algorithm betweenness,0.941524999921,2000,1972,1966,1985,1937,2000,2000,2000,1972,2000,1973,1987,1956,1965,1966,2000,1973,1992,1993,2000,1396,1938,1985,1992,1983,2000,1977,1979,1987,1993,1983,2000,1979,2000,2000,2000,1977,1956,1965,1396,1979,1937,1938,1979
project/sim_ext.py --sim-time 1.5 --seq-graph project/file/graph_15_nodes.json --traffic project/file/traffic_15_nodes_outer_chatting.json --inspection-rate 0.001 --mess-rate 0.002 --algorithm betweenness,0.9427778852570916,2000,1972,1966,1985,1937,2000,2000,2000,1972,2000,1973,1987,1956,1965,1966,2000,1973,1992,1993,2000,1476,1938,1985,1992,1983,2000,1977,1979,1987,1993,1983,2000,1979,2000,2000,2000,1977,1956,1965,1476,1979,1937,1938,1979
project/sim_ext.py --sim-time 1.5 --seq-graph project/file/graph_15_nodes.json --traffic project/file/traffic_15_nodes_outer_chatting.json --inspection-rate 0.001 --mess-rate 0.002 --algorithm betweenness,0.9438150000009999,2000,1972,1966,1985,1937,2000,2000,2000,1972,2000,1973,1987,1956,1965,1966,2000,1973,1992,1993,2000,1476,1938,1985,1992,1983,2000,1977,1979,1987,1993,1983,2000,1979,2000,2000,2000,1977,1956,1965,1476,1979,1937,1938,1979
project/sim_ext.py --sim-time 1.5 --seq-graph project/file/graph_15_nodes.json --traffic project/file/traffic_15_nodes_outer_chatting.json --inspection-rate 0.001 --mess-rate 0.002 --algorithm betweenness,0.944939999917,2000,1972,1966,1985,1937,2000,2000,2000,1972,2000,1973,1987,1956,1965,1966,2000,1973,1992,1993,2000,1476,1938,1985,1992,1983,2000,1977,1979,1987,1993,1983,2000,1979,2000,2000,2000,1977,1956,1965,1476,1979,1937,1938,1979
project/sim_ext.py --sim-time 1.5 --seq-graph project/file/graph_15_nodes.json --traffic project/file/traffic_15_nodes_outer_chatting.json --inspection-rate 0.001 --mess-rate 0.002 --algorithm betweenness,0.946045000001,2000,1972,1966,1985,1937,2000,2000,2000,1972,2000,1973,1987,1956,1965,1966,2000,1973,1992,1993,2000,1476,1938,1985,1992,1983,2000,1977,1979,1987,1993,1983,2000,1979,2000,2000,2000,1977,1956,1965,1476,1979,1937,1938,1979
project/sim_ext.py --sim-time 1.5 --seq-graph project/file/graph_15_nodes.json --traffic project/file/traffic_15_nodes_outer_chatting.json --inspection-rate 0.001 --mess-rate 0.002 --algorithm betweenness,0.947240000001,2000,1972,1966,1985,1937,2000,2000,2000,1972,2000,1973,1987,1956,1965,1966,2000,1973,1992,1993,2000,1476,1938,1985,1992,1983,2000,1977,1979,1987,1993,1983,2000,1979,2000,2000,2000,1977,1956,1965,1476,1979,1937,1938,1979
project/sim_ext.py --sim-time 1.5 --seq-graph project/file/graph_15_nodes.json --traffic project/file/traffic_15_nodes_outer_chatting.json --inspection-rate 0.001 --mess-rate 0.002 --algorithm betweenness,0.9484750000009999,2000,1972,1966,1985,1937,2000,2000,2000,1972,2000,1973,1987,1956,1965,1966,2000,1973,1992,1993,2000,1476,1938,1985,1992,1983,2000,1977,1979,1987,1993,1983,2000,1979,2000,2000,2000,1977,1956,1965,1476,1979,1937,1938,1979
project/sim_ext.py --sim-time 1.5 --seq-graph project/file/graph_15_nodes.json --traffic project/file/traffic_15_nodes_outer_chatting.json --inspection-rate 0.001 --mess-rate 0.002 --algorithm betweenness,0.949477000001,2000,1972,1966,1985,1937,2000,2000,2000,1972,2000,1973,1987,1956,1965,1966,2000,1973,1992,1993,2000,1476,1938,1985,1992,1983,2000,1977,1979,1987,1993,1983,2000,1979,2000,2000,2000,1977,1956,1965,1476,1979,1937,1938,1979
project/sim_ext.py --sim-time 1.5 --seq-graph project/file/graph_15_nodes.json --traffic project/file/traffic_15_nodes_outer_chatting.json --inspection-rate 0.001 --mess-rate 0.002 --algorithm betweenness,0.950601000001,2000,1972,1966,1985,1937,2000,2000,2000,1972,2000,1973,1987,1956,1965,1966,2000,1973,1992,1993,2000,1476,1938,1985,1992,1983,2000,1977,1979,1987,1993,1983,2000,1979,2000,2000,2000,1977,1956,1965,1476,1979,1937,1938,1979
project/sim_ext.py --sim-time 1.5 --seq-graph project/file/graph_15_nodes.json --traffic project/file/traffic_15_nodes_outer_chatting.json --inspection-rate 0.001 --mess-rate 0.002 --algorithm betweenness,0.9516297999969999,2080,2052,2046,2065,2017,2080,2080,2080,2052,2080,2053,2067,2036,2045,2046,2080,2053,2072,2073,2080,1476,2018,2065,2072,2063,2080,2057,2059,2067,2073,2063,2080,2059,2080,2080,2080,2057,2036,2045,1476,2059,2017,2018,2059
project/sim_ext.py --sim-time 1.5 --seq-graph project/file/graph_15_nodes.json --traffic project/file/traffic_15_nodes_outer_chatting.json --inspection-rate 0.001 --mess-rate 0.002 --algorithm betweenness,0.952747599997,2080,2052,2046,2065,2017,2080,2080,2080,2052,2080,2053,2067,2036,2045,2046,2080,2053,2072,2073,2080,1476,2018,2065,2072,2063,2080,2057,2059,2067,2073,2063,2080,2059,2080,2080,2080,2057,2036,2045,1476,2059,2017,2018,2059
project/sim_ext.py --sim-time 1.5 --seq-graph project/file/graph_15_nodes.json --traffic project/file/traffic_15_nodes_outer_chatting.json --inspection-rate 0.001 --mess-rate 0.002 --algorithm betweenness,0.953752000001,2080,2052,2046,2065,2017,2080,2080,2080,2052,2080,2053,2067,2036,2045,2046,2080,2053,2072,2073,2080,1476,2018,2065,2072,2063,2080,2057,2059,2067,2073,2063,2080,2059,2080,2080,2080,2057,2036,2045,1476,2059,2017,2018,2059
project/sim_ext.py --sim-time 1.5 --seq-graph project/file/graph_15_nodes.json --traffic project/file/traffic_15_nodes_outer_chatting.json --inspection-rate 0.001 --mess-rate 0.002 --algorithm betweenness,0.954954000001,2080,2052,2046,2065,2017,2080,2080,2080,2052,2080,2053,2067,2036,2045,2046,2080,2053,2072,2073,2080,1476,2018,2065,2072,2063,2080,2057,2059,2067,2073,2063,2080,2059,2080,2080,2080,2057,2036,2045,1476,2059,2017,2018,2059
project/sim_ext.py --sim-time 1.5 --seq-graph project/file/graph_15_nodes.json --traffic project/file/traffic_15_nodes_outer_chatting.json --inspection-rate 0.001 --mess-rate 0.002 --algorithm betweenness,0.9560310000009999,2080,2052,2046,2065,2017,2080,2080,2080,2052,2080,2053,2067,2036,2045,2046,2080,2053,2072,2073,2080,1476,2018,2065,2072,2063,2080,2057,2059,2067,2073,2063,2080,2059,2080,2080,2080,2057,2036,2045,1476,2059,2017,2018,2059
project/sim_ext.py --sim-time 1.5 --seq-graph project/file/graph_15_nodes.json --traffic project/file/traffic_15_nodes_outer_chatting.json --inspection-rate 0.001 --mess-rate 0.002 --algorithm betweenness,0.9571970000009999,2080,2052,2046,2065,2017,2080,2080,2080,2052,2080,2053,2067,2036,2045,2046,2080,2053,2072,2073,2080,1476,2018,2065,2072,2063,2080,2057,2059,2067,2073,2063,2080,2059,2080,2080,2080,2057,2036,2045,1476,2059,2017,2018,2059
project/sim_ext.py --sim-time 1.5 --seq-graph project/file/graph_15_nodes.json --traffic project/file/traffic_15_nodes_outer_chatting.json --inspection-rate 0.001 --mess-rate 0.002 --algorithm betweenness,0.958204999921,2080,2052,2046,2065,2017,2080,2080,2080,2052,2080,2053,2067,2036,2045,2046,2080,2053,2072,2073,2080,1476,2018,2065,2072,2063,2080,2057,2059,2067,2073,2063,2080,2059,2080,2080,2080,2057,2036,2045,1476,2059,2017,2018,2059
project/sim_ext.py --sim-time 1.5 --seq-graph project/file/graph_15_nodes.json --traffic project/file/traffic_15_nodes_outer_chatting.json --inspection-rate 0.001 --mess-rate 0.002 --algorithm betweenness,0.959327000001,2080,2052,2046,2065,2017,2080,2080,2080,2052,2080,2053,2067,2036,2045,2046,2080,2053,2072,2073,2080,1476,2018,2065,2072,2063,2080,2057,2059,2067,2073,2063,2080,2059,2080,2080,2080,2057,2036,2045,1476,2059,2017,2018,2059
project/sim_ext.py --sim-time 1.5 --seq-graph project/file/graph_15_nodes.json --traffic project/file/traffic_15_nodes_outer_chatting.json --inspection-rate 0.001 --mess-rate 0.002 --algorithm betweenness,0.960391399997,2080,2052,2046,2065,2017,2080,2080,2080,2052,2080,2053,2067,2036,2045,2046,2080,2053,2072,2073,2080,1476,2018,2065,2072,2063,2080,2057,2059,2067,2073,2063,2080,2059,2080,2080,2080,2057,2036,2045,1476,2059,2017,2018,2059
project/sim_ext.py --sim-time 1.5 --seq-graph project/file/graph_15_nodes.json --traffic project/file/traffic_15_nodes_outer_chatting.json --inspection-rate 0.001 --mess-rate 0.002 --algorithm betweenness,0.9614322730169789,2080,2052,2046,2065,2017,2080,2080,2080,2052,2080,2053,2067,2036,2045,2046,2080,2053,2072,2073,2080,1476,2018,2065,2072,2063,2080,2057,2059,2067,2073,2063,2080,2059,2080,2080,2080,2057,2036,2045,1476,2059,2017,2018,2059
project/sim_ext.py --sim-time 1.5 --seq-graph project/file/graph_15_nodes.json --traffic project/file/traffic_15_nodes_outer_chatting.json --inspection-rate 0.001 --mess-rate 0.002 --algorithm betweenness,0.962450000001,2080,2052,2046,2065,2017,2080,2080,2080,2052,2080,2053,2067,2036,2045,2046,2080,2053,2072,2073,2080,1476,2018,2065,2072,2063,2080,2057,2059,2067,2073,2063,2080,2059,2080,2080,2080,2057,2036,2045,1476,2059,2017,2018,2059
project/sim_ext.py --sim-time 1.5 --seq-graph project/file/graph_15_nodes.json --traffic project/file/traffic_15_nodes_outer_chatting.json --inspection-rate 0.001 --mess-rate 0.002 --algorithm betweenness,0.9635976682823612,2080,2052,2046,2065,2017,2080,2080,2080,2052,2080,2053,2067,2036,2045,2046,2080,2053,2072,2073,2080,1476,2018,2065,2072,2063,2080,2057,2059,2067,2073,2063,2080,2059,2080,2080,2080,2057,2036,2045,1476,2059,2017,2018,2059
project/sim_ext.py --sim-time 1.5 --seq-graph project/file/graph_15_nodes.json --traffic project/file/traffic_15_nodes_outer_chatting.json --inspection-rate 0.001 --mess-rate 0.002 --algorithm betweenness,0.964661000001,2080,2052,2046,2065,2017,2080,2080,2080,2052,2080,2053,2067,2036,2045,2046,2080,2053,2072,2073,2080,1476,2018,2065,2072,2063,2080,2057,2059,2067,2073,2063,2080,2059,2080,2080,2080,2057,2036,2045,1476,2059,2017,2018,2059
project/sim_ext.py --sim-time 1.5 --seq-graph project/file/graph_15_nodes.json --traffic project/file/traffic_15_nodes_outer_chatting.json --inspection-rate 0.001 --mess-rate 0.002 --algorithm betweenness,0.965824000001,2080,2052,2046,2065,2017,2080,2080,2080,2052,2080,2053,2067,2036,2045,2046,2080,2053,2072,2073,2080,1476,2018,2065,2072,2063,2080,2057,2059,2067,2073,2063,2080,2059,2080,2080,2080,2057,2036,2045,1476,2059,2017,2018,2059
project/sim_ext.py --sim-time 1.5 --seq-graph project/file/graph_15_nodes.json --traffic project/file/traffic_15_nodes_outer_chatting.json --inspection-rate 0.001 --mess-rate 0.002 --algorithm betweenness,0.966897000001,2080,2052,2046,2065,2017,2080,2080,2080,2052,2080,2053,2067,2036,2045,2046,2080,2053,2072,2073,2080,1476,2018,2065,2072,2063,2080,2057,2059,2067,2073,2063,2080,2059,2080,2080,2080,2057,2036,2045,1476,2059,2017,2018,2059
project/sim_ext.py --sim-time 1.5 --seq-graph project/file/graph_15_nodes.json --traffic project/file/traffic_15_nodes_outer_chatting.json --inspection-rate 0.001 --mess-rate 0.002 --algorithm betweenness,0.967987280731354,2080,2052,2046,2065,2017,2080,2080,2080,2052,2080,2053,2067,2036,2045,2046,2080,2053,2072,2073,2080,1476,2018,2065,2072,2063,2080,2057,2059,2067,2073,2063,2080,2059,2080,2080,2080,2057,2036,2045,1476,2059,2017,2018,2059
project/sim_ext.py --sim-time 1.5 --seq-graph project/file/graph_15_nodes.json --traffic project/file/traffic_15_nodes_outer_chatting.json --inspection-rate 0.001 --mess-rate 0.002 --algorithm betweenness,0.9690460000009999,2080,2052,2046,2065,2017,2080,2080,2080,2052,2080,2053,2067,2036,2045,2046,2080,2053,2072,2073,2080,1476,2018,2065,2072,2063,2080,2057,2059,2067,2073,2063,2080,2059,2080,2080,2080,2057,2036,2045,1476,2059,2017,2018,2059
project/sim_ext.py --sim-time 1.5 --seq-graph project/file/graph_15_nodes.json --traffic project/file/traffic_15_nodes_outer_chatting.json --inspection-rate 0.001 --mess-rate 0.002 --algorithm betweenness,0.970108000001,2080,2052,2046,2065,2017,2080,2080,2080,2052,2080,2053,2067,2036,2045,2046,2080,2053,2072,2073,2080,1476,2018,2065,2072,2063,2080,2057,2059,2067,2073,2063,2080,2059,2080,2080,2080,2057,2036,2045,1476,2059,2017,2018,2059
project/sim_ext.py --sim-time 1.5 --seq-graph project/file/graph_15_nodes.json --traffic project/file/traffic_15_nodes_outer_chatting.json --inspection-rate 0.001 --mess-rate 0.002 --algorithm betweenness,0.9712620000009999,2080,2052,2046,2065,2017,2080,2080,2080,2052,2080,2053,2067,2036,2045,2046,2080,2053,2072,2073,2080,1476,2018,2065,2072,2063,2080,2057,2059,2067,2073,2063,2080,2059,2080,2080,2080,2057,2036,2045,1476,2059,2017,2018,2059
project/sim_ext.py --sim-time 1.5 --seq-graph project/file/graph_15_nodes.json --traffic project/file/traffic_15_nodes_outer_chatting.json --inspection-rate 0.001 --mess-rate 0.002 --algorithm betweenness,0.972379000001,2080,2052,2046,2065,2017,2080,2080,2080,2052,2080,2053,2067,2036,2045,2046,2080,2053,2072,2073,2080,1476,2018,2065,2072,2063,2080,2057,2059,2067,2073,2063,2080,2059,2080,2080,2080,2057,2036,2045,1476,2059,2017,2018,2059
project/sim_ext.py --sim-time 1.5 --seq-graph project/file/graph_15_nodes.json --traffic project/file/traffic_15_nodes_outer_chatting.json --inspection-rate 0.001 --mess-rate 0.002 --algorithm betweenness,0.973512000001,2080,2052,2046,2065,2017,2080,2080,2080,2052,2080,2053,2067,2036,2045,2046,2080,2053,2072,2073,2080,1476,2018,2065,2072,2063,2080,2057,2059,2067,2073,2063,2080,2059,2080,2080,2080,2057,2036,2045,1476,2059,2017,2018,2059
project/sim_ext.py --sim-time 1.5 --seq-graph project/file/graph_15_nodes.json --traffic project/file/traffic_15_nodes_outer_chatting.json --inspection-rate 0.001 --mess-rate 0.002 --algorithm betweenness,0.974631000001,2080,2052,2046,2065,2017,2080,2080,2080,2052,2080,2053,2067,2036,2045,2046,2080,2053,2072,2073,2080,1476,2018,2065,2072,2063,2080,2057,2059,2067,2073,2063,2080,2059,2080,2080,2080,2057,2036,2045,1476,2059,2017,2018,2059
project/sim_ext.py --sim-time 1.5 --seq-graph project/file/graph_15_nodes.json --traffic project/file/traffic_15_nodes_outer_chatting.json --inspection-rate 0.001 --mess-rate 0.002 --algorithm betweenness,0.975641000001,2080,2052,2046,2065,2017,2080,2080,2080,2052,2080,2053,2067,2036,2045,2046,2080,2053,2072,2073,2080,1476,2018,2065,2072,2063,2080,2057,2059,2067,2073,2063,2080,2059,2080,2080,2080,2057,2036,2045,1476,2059,2017,2018,2059
project/sim_ext.py --sim-time 1.5 --seq-graph project/file/graph_15_nodes.json --traffic project/file/traffic_15_nodes_outer_chatting.json --inspection-rate 0.001 --mess-rate 0.002 --algorithm betweenness,0.976744000001,2080,2052,2046,2065,2017,2080,2080,2080,2052,2080,2053,2067,2036,2045,2046,2080,2053,2072,2073,2080,1476,2018,2065,2072,2063,2080,2057,2059,2067,2073,2063,2080,2059,2080,2080,2080,2057,2036,2045,1476,2059,2017,2018,2059
project/sim_ext.py --sim-time 1.5 --seq-graph project/file/graph_15_nodes.json --traffic project/file/traffic_15_nodes_outer_chatting.json --inspection-rate 0.001 --mess-rate 0.002 --algorithm betweenness,0.977873000001,2080,2052,2046,2065,2017,2080,2080,2080,2052,2080,2053,2067,2036,2045,2046,2080,2053,2072,2073,2080,1476,2018,2065,2072,2063,2080,2057,2059,2067,2073,2063,2080,2059,2080,2080,2080,2057,2036,2045,1476,2059,2017,2018,2059
project/sim_ext.py --sim-time 1.5 --seq-graph project/file/graph_15_nodes.json --traffic project/file/traffic_15_nodes_outer_chatting.json --inspection-rate 0.001 --mess-rate 0.002 --algorithm betweenness,0.9789438437905006,2080,2052,2046,2065,2017,2080,2080,2080,2052,2080,2053,2067,2036,2045,2046,2080,2053,2072,2073,2080,1476,2018,2065,2072,2063,2080,2057,2059,2067,2073,2063,2080,2059,2080,2080,2080,2057,2036,2045,1476,2059,2017,2018,2059
project/sim_ext.py --sim-time 1.5 --seq-graph project/file/graph_15_nodes.json --traffic project/file/traffic_15_nodes_outer_chatting.json --inspection-rate 0.001 --mess-rate 0.002 --algorithm betweenness,0.979974999913,2080,2052,2046,2065,2017,2080,2080,2080,2052,2080,2053,2067,2036,2045,2046,2080,2053,2072,2073,2080,1476,2018,2065,2072,2063,2080,2057,2059,2067,2073,2063,2080,2059,2080,2080,2080,2057,2036,2045,1476,2059,2017,2018,2059
project/sim_ext.py --sim-time 1.5 --seq-graph project/file/graph_15_nodes.json --traffic project/file/traffic_15_nodes_outer_chatting.json --inspection-rate 0.001 --mess-rate 0.002 --algorithm betweenness,0.981090000001,2080,2052,2046,2065,2017,2080,2080,2080,2052,2080,2053,2067,2036,2045,2046,2080,2053,2072,2073,2080,1476,2018,2065,2072,2063,2080,2057,2059,2067,2073,2063,2080,2059,2080,2080,2080,2057,2036,2045,1476,2059,2017,2018,2059
project/sim_ext.py --sim-time 1.5 --seq-graph project/file/graph_15_nodes.json --traffic project/file/traffic_15_nodes_outer_chatting.json --inspection-rate 0.001 --mess-rate 0.002 --algorithm betweenness,0.9821149999209999,2080,2052,2126,2065,2017,2080,2080,2160,2052,2080,2133,2067,2036,2045,2126,2160,2133,2072,2073,2080,1556,2098,2065,2072,2143,2080,2057,2059,2067,2073,2143,2080,2059,2080,2080,2080,2057,2036,2045,1556,2059,2017,2098,2059
project/sim_ext.py --sim-time 1.5 --seq-graph project/file/graph_15_nodes.json --traffic project/file/traffic_15_nodes_outer_chatting.json --inspection-rate 0.001 --mess-rate 0.002 --algorithm betweenness,0.983222000001,2080,2052,2126,2065,2017,2080,2080,2160,2052,2080,2133,2067,2036,2045,2126,2160,2133,2072,2073,2080,1556,2098,2065,2072,2143,2080,2057,2059,2067,2073,2143,2080,2059,2080,2080,2080,2057,2036,2045,1556,2059,2017,2098,2059
project/sim_ext.py --sim-time 1.5 --seq-graph project/file/graph_15_nodes.json --traffic project/file/traffic_15_nodes_outer_chatting.json --inspection-rate 0.001 --mess-rate 0.002 --algorithm betweenness,0.984403000001,2080,2052,2126,2065,2017,2080,2080,2160,2052,2080,2133,2067,2036,2045,2126,2160,2133,2072,2073,2080,1556,2098,2065,2072,2143,2080,2057,2059,2067,2073,2143,2080,2059,2080,2080,2080,2057,2036,2045,1556,2059,2017,2098,2059
project/sim_ext.py --sim-time 1.5 --seq-graph project/file/graph_15_nodes.json --traffic project/file/traffic_15_nodes_outer_chatting.json --inspection-rate 0.001 --mess-rate 0.002 --algorithm betweenness,0.985566000001,2080,2052,2126,2065,2017,2080,2080,2160,2052,2080,2133,2067,2036,2045,2126,2160,2133,2072,2073,2080,1556,2098,2065,2072,2143,2080,2057,2059,2067,2073,2143,2080,2059,2080,2080,2080,2057,2036,2045,1556,2059,2017,2098,2059
project/sim_ext.py --sim-time 1.5 --seq-graph project/file/graph_15_nodes.json --traffic project/file/traffic_15_nodes_outer_chatting.json --inspection-rate 0.001 --mess-rate 0.002 --algorithm betweenness,0.986599399997,2080,2052,2126,2065,2017,2080,2080,2160,2052,2080,2133,2067,2036,2045,2126,2160,2133,2072,2073,2080,1556,2098,2065,2072,2143,2080,2057,2059,2067,2073,2143,2080,2059,2080,2080,2080,2057,2036,2045,1556,2059,2017,2098,2059
project/sim_ext.py --sim-time 1.5 --seq-graph project/file/graph_15_nodes.json --traffic project/file/traffic_15_nodes_outer_chatting.json --inspection-rate 0.001 --mess-rate 0.002 --algorithm betweenness,0.9877294490305294,2080,2052,2126,2065,2017,2080,2080,2160,2052,2080,2133,2067,2036,2045,2126,2160,2133,2072,2073,2080,1556,2098,2065,2072,2143,2080,2057,2059,2067,2073,2143,2080,2059,2080,2080,2080,2057,2036,2045,1556,2059,2017,2098,2059
project/sim_ext.py --sim-time 1.5 --seq-graph project/file/graph_15_nodes.json --traffic project/file/traffic_15_nodes_outer_chatting.json --inspection-rate 0.001 --mess-rate 0.002 --algorithm betweenness,0.9887812702591654,2080,2052,2126,2065,2017,2080,2080,2160,2052,2080,2133,2067,2036,2045,2126,2160,2133,2072,2073,2080,1556,2098,2065,2072,2143,2080,2057,2059,2067,2073,2143,2080,2059,2080,2080,2080,2057,2036,2045,1556,2059,2017,2098,2059
project/sim_ext.py --sim-time 1.5 --seq-graph project/file/graph_15_nodes.json --traffic project/file/traffic_15_nodes_outer_chatting.json --inspection-rate 0.001 --mess-rate 0.002 --algorithm betweenness,0.989834000001,2080,2052,2126,2065,2017,2080,2080,2160,2052,2080,2133,2067,2036,2045,2126,2160,2133,2072,2073,2080,1556,2098,2065,2072,2143,2080,2057,2059,2067,2073,2143,2080,2059,2080,2080,2080,2057,2036,2045,1556,2059,2017,2098,2059
project/sim_ext.py --sim-time 1.5 --seq-graph project/file/graph_15_nodes.json --traffic project/file/traffic_15_nodes_outer_chatting.json --inspection-rate 0.001 --mess-rate 0.002 --algorithm betweenness,0.9909060000009999,2080,2052,2126,2065,2017,2080,2080,2160,2052,2080,2133,2067,2036,2045,2126,2160,2133,2072,2073,2080,1556,2098,2065,2072,2143,2080,2057,2059,2067,2073,2143,2080,2059,2080,2080,2080,2057,2036,2045,1556,2059,2017,2098,2059
project/sim_ext.py --sim-time 1.5 --seq-graph project/file/graph_15_nodes.json --traffic project/file/traffic_15_nodes_outer_chatting.json --inspection-rate 0.001 --mess-rate 0.002 --algorithm betweenness,0.992007000001,2080,2052,2126,2065,2017,2080,2080,2160,2052,2080,2133,2067,2036,2045,2126,2160,2133,2072,2073,2080,1556,2098,2065,2072,2143,2080,2057,2059,2067,2073,2143,2080,2059,2080,2080,2080,2057,2036,2045,1556,2059,2017,2098,2059
project/sim_ext.py --sim-time 1.5 --seq-graph project/file/graph_15_nodes.json --traffic project/file/traffic_15_nodes_outer_chatting.json --inspection-rate 0.001 --mess-rate 0.002 --algorithm betweenness,0.9930801719624951,2160,2132,2126,2145,2097,2160,2160,2160,2132,2160,2133,2147,2116,2125,2126,2160,2133,2152,2153,2160,1556,2098,2145,2152,2143,2160,2137,2139,2147,2153,2143,2160,2139,2160,2160,2160,2137,2116,2125,1556,2139,2097,2098,2139
project/sim_ext.py --sim-time 1.5 --seq-graph project/file/graph_15_nodes.json --traffic project/file/traffic_15_nodes_outer_chatting.json --inspection-rate 0.001 --mess-rate 0.002 --algorithm betweenness,0.9942499999209999,2160,2132,2126,2145,2097,2160,2160,2160,2132,2160,2133,2147,2116,2125,2126,2160,2133,2152,2153,2160,1556,2098,2145,2152,2143,2160,2137,2139,2147,2153,2143,2160,2139,2160,2160,2160,2137,2116,2125,1556,2139,2097,2098,2139
project/sim_ext.py --sim-time 1.5 --seq-graph project/file/graph_15_nodes.json --traffic project/file/traffic_15_nodes_outer_chatting.json --inspection-rate 0.001 --mess-rate 0.002 --algorithm betweenness,0.995374000001,2160,2132,2126,2145,2097,2160,2160,2160,2132,2160,2133,2147,2116,2125,2126,2160,2133,2152,2153,2160,1556,2098,2145,2152,2143,2160,2137,2139,2147,2153,2143,2160,2139,2160,2160,2160,2137,2116,2125,1556,2139,2097,2098,2139
project/sim_ext.py --sim-time 1.5 --seq-graph project/file/graph_15_nodes.json --traffic project/file/traffic_15_nodes_outer_chatting.json --inspection-rate 0.001 --mess-rate 0.002 --algorithm betweenness,0.9964941951798608,2160,2132,2126,2145,2097,2160,2160,2160,2132,2160,2133,2147,2116,2125,2126,2160,2133,2152,2153,2160,1556,2098,2145,2152,2143,2160,2137,2139,2147,2153,2143,2160,2139,2160,2160,2160,2137,2116,2125,1556,2139,2097,2098,2139
project/sim_ext.py --sim-time 1.5 --seq-graph project/file/graph_15_nodes.json --traffic project/file/traffic_15_nodes_outer_chatting.json --inspection-rate 0.001 --mess-rate 0.002 --algorithm betweenness,0.997644000001,2160,2132,2126,2145,2097,2160,2160,2160,2132,2160,2133,2147,2116,2125,2126,2160,2133,2152,2153,2160,1556,2098,2145,2152,2143,2160,2137,2139,2147,2153,2143,2160,2139,2160,2160,2160,2137,2116,2125,1556,2139,2097,2098,2139
project/sim_ext.py --sim-time 1.5 --seq-graph project/file/graph_15_nodes.json --traffic project/file/traffic_15_nodes_outer_chatting.json --inspection-rate 0.001 --mess-rate 0.002 --algorithm betweenness,0.998745000001,2160,2132,2126,2145,2097,2160,2160,2160,2132,2160,2133,2147,2116,2125,2126,2160,2133,2152,2153,2160,1556,2098,2145,2152,2143,2160,2137,2139,2147,2153,2143,2160,2139,2160,2160,2160,2137,2116,2125,1556,2139,2097,2098,2139
project/sim_ext.py --sim-time 1.5 --seq-graph project/file/graph_15_nodes.json --traffic project/file/traffic_15_nodes_outer_chatting.json --inspection-rate 0.001 --mess-rate 0.002 --algorithm betweenness,0.999760000001,2160,2132,2126,2145,2097,2160,2160,2160,2132,2160,2133,2147,2116,2125,2126,2160,2133,2152,2153,2160,1556,2098,2145,2152,2143,2160,2137,2139,2147,2153,2143,2160,2139,2160,2160,2160,2137,2116,2125,1556,2139,2097,2098,2139
project/sim_ext.py --sim-time 1.5 --seq-graph project/file/graph_15_nodes.json --traffic project/file/traffic_15_nodes_outer_chatting.json --inspection-rate 0.001 --mess-rate 0.002 --algorithm betweenness,1.000786000001,2160,2132,2126,2145,2097,2160,2160,2160,2132,2160,2133,2147,2116,2125,2126,2160,2133,2152,2153,2160,1556,2098,2145,2152,2143,2160,2137,2139,2147,2153,2143,2160,2139,2160,2160,2160,2137,2116,2125,1556,2139,2097,2098,2139
project/sim_ext.py --sim-time 1.5 --seq-graph project/file/graph_15_nodes.json --traffic project/file/traffic_15_nodes_outer_chatting.json --inspection-rate 0.001 --mess-rate 0.002 --algorithm betweenness,1.002011000001,2160,2132,2126,2145,2097,2160,2160,2160,2132,2160,2133,2147,2116,2125,2126,2160,2133,2152,2153,2160,1556,2098,2145,2152,2143,2160,2137,2139,2147,2153,2143,2160,2139,2160,2160,2160,2137,2116,2125,1556,2139,2097,2098,2139
project/sim_ext.py --sim-time 1.5 --seq-graph project/file/graph_15_nodes.json --traffic project/file/traffic_15_nodes_outer_chatting.json --inspection-rate 0.001 --mess-rate 0.002 --algorithm betweenness,1.003218000001,2160,2132,2126,2145,2097,2160,2160,2160,2132,2160,2133,2147,2116,2125,2126,2160,2133,2152,2153,2160,1556,2098,2145,2152,2143,2160,2137,2139,2147,2153,2143,2160,2139,2160,2160,2160,2137,2116,2125,1556,2139,2097,2098,2139
project/sim_ext.py --sim-time 1.5 --seq-graph project/file/graph_15_nodes.json --traffic project/file/traffic_15_nodes_outer_chatting.json --inspection-rate 0.001 --mess-rate 0.002 --algorithm betweenness,1.004386000001,2160,2132,2126,2145,2097,2160,2160,2160,2132,2160,2133,2147,2116,2125,2126,2160,2133,2152,2153,2160,1556,2098,2145,2152,2143,2160,2137,2139,2147,2153,2143,2160,2139,2160,2160,2160,2137,2116,2125,1556,2139,2097,2098,2139
project/sim_ext.py --sim-time 1.5 --seq-graph project/file/graph_15_nodes.json --traffic project/file/traffic_15_nodes_outer_chatting.json --inspection-rate 0.001 --mess-rate 0.002 --algorithm betweenness,1.005492000001,2160,2132,2126,2145,2097,2160,2160,2160,2132,2160,2133,2147,2116,2125,2126,2160,2133,2152,2153,2160,1556,2098,2145,2152,2143,2160,2137,2139,2147,2153,2143,2160,2139,2160,2160,2160,2137,2116,2125,1556,2139,2097,2098,2139
project/sim_ext.py --sim-time 1.5 --seq-graph project/file/graph_15_nodes.json --traffic project/file/traffic_15_nodes_outer_chatting.json --inspection-rate 0.001 --mess-rate 0.002 --algorithm betweenness,1.0065566662747727,2160,2132,2126,2145,2097,2160,2160,2160,2132,2160,2133,2147,2116,2125,2126,2160,2133,2152,2153,2160,1556,2098,2145,2152,2143,2160,2137,2139,2147,2153,2143,2160,2139,2160,2160,2160,2137,2116,2125,1556,2139,2097,2098,2139
project/sim_ext.py --sim-time 1.5 --seq-graph project/file/graph_15_nodes.json --traffic project/file/traffic_15_nodes_outer_chatting.json --inspection-rate 0.001 --mess-rate 0.002 --algorithm betweenness,1.007654999917,2160,2132,2126,2145,2097,2160,2160,2160,2132,2160,2133,2147,2116,2125,2126,2160,2133,2152,2153,2160,1556,2098,2145,2152,2143,2160,2137,2139,2147,2153,2143,2160,2139,2160,2160,2160,2137,2116,2125,1556,2139,2097,2098,2139
project/sim_ext.py --sim-time 1.5 --seq-graph project/file/graph_15_nodes.json --traffic project/file/traffic_15_nodes_outer_chatting.json --inspection-rate 0.001 --mess-rate 0.002 --algorithm betweenness,1.00881999991,2160,2132,2126,2145,2097,2160,2160,2160,2132,2160,2133,2147,2116,2125,2126,2160,2133,2152,2153,2160,1556,2098,2145,2152,2143,2160,2137,2139,2147,2153,2143,2160,2139,2160,2160,2160,2137,2116,2125,1556,2139,2097,2098,2139
project/sim_ext.py --sim-time 1.5 --seq-graph project/file/graph_15_nodes.json --traffic project/file/traffic_15_nodes_outer_chatting.json --inspection-rate 0.001 --mess-rate 0.002 --algorithm betweenness,1.010005741388482,2160,2132,2126,2145,2097,2160,2160,2160,2132,2160,2133,2147,2116,2125,2126,2160,2133,2152,2153,2160,1556,2098,2145,2152,2143,2160,2137,2139,2147,2153,2143,2160,2139,2160,2160,2160,2137,2116,2125,1556,2139,2097,2098,2139
project/sim_ext.py --sim-time 1.5 --seq-graph project/file/graph_15_nodes.json --traffic project/file/traffic_15_nodes_outer_chatting.json --inspection-rate 0.001 --mess-rate 0.002 --algorithm betweenness,1.011194000001,2160,2132,2126,2145,2097,2160,2160,2160,2132,2160,2133,2147,2116,2125,2126,2160,2133,2152,2153,2160,1556,2098,2145,2152,2143,2160,2137,2139,2147,2153,2143,2160,2139,2160,2160,2160,2137,2116,2125,1556,2139,2097,2098,2139
project/sim_ext.py --sim-time 1.5 --seq-graph project/file/graph_15_nodes.json --traffic project/file/traffic_15_nodes_outer_chatting.json --inspection-rate 0.001 --mess-rate 0.002 --algorithm betweenness,1.012407000001,2160,2132,2126,2145,2097,2160,2160,2160,2132,2160,2133,2147,2116,2125,2126,2160,2133,2152,2153,2160,1556,2098,2145,2152,2143,2160,2137,2139,2147,2153,2143,2160,2139,2160,2160,2160,2137,2116,2125,1556,2139,2097,2098,2139
project/sim_ext.py --sim-time 1.5 --seq-graph project/file/graph_15_nodes.json --traffic project/file/traffic_15_nodes_outer_chatting.json --inspection-rate 0.001 --mess-rate 0.002 --algorithm betweenness,1.013500000001,2160,2132,2126,2145,2097,2160,2160,2160,2132,2160,2133,2147,2116,2125,2126,2160,2133,2152,2153,2160,1556,2098,2145,2152,2143,2160,2137,2139,2147,2153,2143,2160,2139,2160,2160,2160,2137,2116,2125,1556,2139,2097,2098,2139
project/sim_ext.py --sim-time 1.5 --seq-graph project/file/graph_15_nodes.json --traffic project/file/traffic_15_nodes_outer_chatting.json --inspection-rate 0.001 --mess-rate 0.002 --algorithm betweenness,1.014504999913,2160,2132,2126,2145,2097,2160,2160,2160,2132,2160,2133,2147,2116,2125,2126,2160,2133,2152,2153,2160,1556,2098,2145,2152,2143,2160,2137,2139,2147,2153,2143,2160,2139,2160,2160,2160,2137,2116,2125,1556,2139,2097,2098,2139
project/sim_ext.py --sim-time 1.5 --seq-graph project/file/graph_15_nodes.json --traffic project/file/traffic_15_nodes_outer_chatting.json --inspection-rate 0.001 --mess-rate 0.002 --algorithm betweenness,1.0155060210490863,2160,2132,2126,2145,2097,2160,2160,2160,2132,2160,2133,2147,2116,2125,2126,2160,2133,2152,2153,2160,1556,2098,2145,2152,2143,2160,2137,2139,2147,2153,2143,2160,2139,2160,2160,2160,2137,2116,2125,1556,2139,2097,2098,2139
project/sim_ext.py --sim-time 1.5 --seq-graph project/file/graph_15_nodes.json --traffic project/file/traffic_15_nodes_outer_chatting.json --inspection-rate 0.001 --mess-rate 0.002 --algorithm betweenness,1.016518000001,2160,2132,2126,2145,2097,2160,2160,2160,2132,2160,2133,2147,2116,2125,2126,2160,2133,2152,2153,2160,1556,2098,2145,2152,2143,2160,2137,2139,2147,2153,2143,2160,2139,2160,2160,2160,2137,2116,2125,1556,2139,2097,2098,2139
project/sim_ext.py --sim-time 1.5 --seq-graph project/file/graph_15_nodes.json --traffic project/file/traffic_15_nodes_outer_chatting.json --inspection-rate 0.001 --mess-rate 0.002 --algorithm betweenness,1.017531000001,2160,2132,2126,2145,2097,2160,2160,2160,2132,2160,2133,2147,2116,2125,2126,2160,2133,2152,2153,2160,1556,2098,2145,2152,2143,2160,2137,2139,2147,2153,2143,2160,2139,2160,2160,2160,2137,2116,2125,1556,2139,2097,2098,2139
project/sim_ext.py --sim-time 1.5 --seq-graph project/file/graph_15_nodes.json --traffic project/file/traffic_15_nodes_outer_chatting.json --inspection-rate 0.001 --mess-rate 0.002 --algorithm betweenness,1.0186939436952775,2160,2132,2126,2145,2097,2160,2160,2160,2132,2160,2133,2147,2116,2125,2126,2160,2133,2152,2153,2160,1556,2098,2145,2152,2143,2160,2137,2139,2147,2153,2143,2160,2139,2160,2160,2160,2137,2116,2125,1556,2139,2097,2098,2139
project/sim_ext.py --sim-time 1.5 --seq-graph project/file/graph_15_nodes.json --traffic project/file/traffic_15_nodes_outer_chatting.json --inspection-rate 0.001 --mess-rate 0.002 --algorithm betweenness,1.019773000001,2160,2132,2126,2145,2097,2160,2160,2160,2132,2160,2133,2147,2116,2125,2126,2160,2133,2152,2153,2160,1556,2098,2145,2152,2143,2160,2137,2139,2147,2153,2143,2160,2139,2160,2160,2160,2137,2116,2125,1556,2139,2097,2098,2139
project/sim_ext.py --sim-time 1.5 --seq-graph project/file/graph_15_nodes.json --traffic project/file/traffic_15_nodes_outer_chatting.json --inspection-rate 0.001 --mess-rate 0.002 --algorithm betweenness,1.020897000001,2160,2132,2126,2145,2097,2160,2160,2160,2132,2160,2133,2147,2116,2125,2126,2160,2133,2152,2153,2160,1556,2098,2145,2152,2143,2160,2137,2139,2147,2153,2143,2160,2139,2160,2160,2160,2137,2116,2125,1556,2139,2097,2098,2139
project/sim_ext.py --sim-time 1.5 --seq-graph project/file/graph_15_nodes.json --traffic project/file/traffic_15_nodes_outer_chatting.json --inspection-rate 0.001 --mess-rate 0.002 --algorithm betweenness,1.021921000001,2160,2132,2126,2145,2097,2160,2160,2160,2132,2160,2133,2147,2116,2125,2126,2160,2133,2152,2153,2160,1556,2098,2145,2152,2143,2160,2137,2139,2147,2153,2143,2160,2139,2160,2160,2160,2137,2116,2125,1556,2139,2097,2098,2139
project/sim_ext.py --sim-time 1.5 --seq-graph project/file/graph_15_nodes.json --traffic project/file/traffic_15_nodes_outer_chatting.json --inspection-rate 0.001 --mess-rate 0.002 --algorithm betweenness,1.022944999906,2160,2132,2126,2225,2097,2240,2160,2160,2212,2240,2133,2147,2116,2205,2206,2240,2213,2152,2153,2160,1556,2098,2225,2232,2143,2240,2217,2139,2227,2233,2223,2160,2219,2240,2240,2240,2217,2196,2205,1556,2219,2177,2178,2219
project/sim_ext.py --sim-time 1.5 --seq-graph project/file/graph_15_nodes.json --traffic project/file/traffic_15_nodes_outer_chatting.json --inspection-rate 0.001 --mess-rate 0.002 --algorithm betweenness,1.023956199997,2240,2212,2206,2225,2177,2240,2240,2240,2212,2240,2213,2227,2196,2205,2206,2240,2213,2232,2233,2240,1636,2178,2225,2232,2223,2240,2217,2219,2227,2233,2223,2240,2219,2240,2240,2240,2217,2196,2205,1636,2219,2177,2178,2219
project/sim_ext.py --sim-time 1.5 --seq-graph project/file/graph_15_nodes.json --traffic project/file/traffic_15_nodes_outer_chatting.json --inspection-rate 0.001 --mess-rate 0.002 --algorithm betweenness,1.0251151353507015,2240,2212,2206,2225,2177,2240,2240,2240,2212,2240,2213,2227,2196,2205,2206,2240,2213,2232,2233,2240,1636,2178,2225,2232,2223,2240,2217,2219,2227,2233,2223,2240,2219,2240,2240,2240,2217,2196,2205,1636,2219,2177,2178,2219
project/sim_ext.py --sim-time 1.5 --seq-graph project/file/graph_15_nodes.json --traffic project/file/traffic_15_nodes_outer_chatting.json --inspection-rate 0.001 --mess-rate 0.002 --algorithm betweenness,1.0263159658770062,2240,2212,2206,2225,2177,2240,2240,2240,2212,2240,2213,2227,2196,2205,2206,2240,2213,2232,2233,2240,1636,2178,2225,2232,2223,2240,2217,2219,2227,2233,2223,2240,2219,2240,2240,2240,2217,2196,2205,1636,2219,2177,2178,2219
project/sim_ext.py --sim-time 1.5 --seq-graph project/file/graph_15_nodes.json --traffic project/file/traffic_15_nodes_outer_chatting.json --inspection-rate 0.001 --mess-rate 0.002 --algorithm betweenness,1.027534000001,2240,2212,2206,2225,2177,2240,2240,2240,2212,2240,2213,2227,2196,2205,2206,2240,2213,2232,2233,2240,1636,2178,2225,2232,2223,2240,2217,2219,2227,2233,2223,2240,2219,2240,2240,2240,2217,2196,2205,1636,2219,2177,2178,2219
project/sim_ext.py --sim-time 1.5 --seq-graph project/file/graph_15_nodes.json --traffic project/file/traffic_15_nodes_outer_chatting.json --inspection-rate 0.001 --mess-rate 0.002 --algorithm betweenness,1.028581000001,2240,2212,2206,2225,2177,2240,2240,2240,2212,2240,2213,2227,2196,2205,2206,2240,2213,2232,2233,2240,1636,2178,2225,2232,2223,2240,2217,2219,2227,2233,2223,2240,2219,2240,2240,2240,2217,2196,2205,1636,2219,2177,2178,2219
project/sim_ext.py --sim-time 1.5 --seq-graph project/file/graph_15_nodes.json --traffic project/file/traffic_15_nodes_outer_chatting.json --inspection-rate 0.001 --mess-rate 0.002 --algorithm betweenness,1.029650000001,2240,2212,2206,2225,2177,2240,2240,2240,2212,2240,2213,2227,2196,2205,2206,2240,2213,2232,2233,2240,1636,2178,2225,2232,2223,2240,2217,2219,2227,2233,2223,2240,2219,2240,2240,2240,2217,2196,2205,1636,2219,2177,2178,2219
project/sim_ext.py --sim-time 1.5 --seq-graph project/file/graph_15_nodes.json --traffic project/file/traffic_15_nodes_outer_chatting.json --inspection-rate 0.001 --mess-rate 0.002 --algorithm betweenness,1.030820000001,2240,2212,2206,2225,2177,2240,2240,2240,2212,2240,2213,2227,2196,2205,2206,2240,2213,2232,2233,2240,1636,2178,2225,2232,2223,2240,2217,2219,2227,2233,2223,2240,2219,2240,2240,2240,2217,2196,2205,1636,2219,2177,2178,2219
project/sim_ext.py --sim-time 1.5 --seq-graph project/file/graph_15_nodes.json --traffic project/file/traffic_15_nodes_outer_chatting.json --inspection-rate 0.001 --mess-rate 0.002 --algorithm betweenness,1.031934000001,2240,2212,2206,2225,2177,2240,2240,2240,2212,2240,2213,2227,2196,2205,2206,2240,2213,2232,2233,2240,1636,2178,2225,2232,2223,2240,2217,2219,2227,2233,2223,2240,2219,2240,2240,2240,2217,2196,2205,1636,2219,2177,2178,2219
project/sim_ext.py --sim-time 1.5 --seq-graph project/file/graph_15_nodes.json --traffic project/file/traffic_15_nodes_outer_chatting.json --inspection-rate 0.001 --mess-rate 0.002 --algorithm betweenness,1.0329650301599007,2240,2212,2206,2225,2177,2240,2240,2240,2212,2240,2213,2227,2196,2205,2206,2240,2213,2232,2233,2240,1636,2178,2225,2232,2223,2240,2217,2219,2227,2233,2223,2240,2219,2240,2240,2240,2217,2196,2205,1636,2219,2177,2178,2219
project/sim_ext.py --sim-time 1.5 --seq-graph project/file/graph_15_nodes.json --traffic project/file/traffic_15_nodes_outer_chatting.json --inspection-rate 0.001 --mess-rate 0.002 --algorithm betweenness,1.034031000001,2240,2212,2206,2225,2177,2240,2240,2240,2212,2240,2213,2227,2196,2205,2206,2240,2213,2232,2233,2240,1636,2178,2225,2232,2223,2240,2217,2219,2227,2233,2223,2240,2219,2240,2240,2240,2217,2196,2205,1636,2219,2177,2178,2219
project/sim_ext.py --sim-time 1.5 --seq-graph project/file/graph_15_nodes.json --traffic project/file/traffic_15_nodes_outer_chatting.json --inspection-rate 0.001 --mess-rate 0.002 --algorithm betweenness,1.035072000001,2240,2212,2206,2225,2177,2240,2240,2240,2212,2240,2213,2227,2196,2205,2206,2240,2213,2232,2233,2240,1636,2178,2225,2232,2223,2240,2217,2219,2227,2233,2223,2240,2219,2240,2240,2240,2217,2196,2205,1636,2219,2177,2178,2219
project/sim_ext.py --sim-time 1.5 --seq-graph project/file/graph_15_nodes.json --traffic project/file/traffic_15_nodes_outer_chatting.json --inspection-rate 0.001 --mess-rate 0.002 --algorithm betweenness,1.03621971583114,2240,2212,2206,2225,2177,2240,2240,2240,2212,2240,2213,2227,2196,2205,2206,2240,2213,2232,2233,2240,1636,2178,2225,2232,2223,2240,2217,2219,2227,2233,2223,2240,2219,2240,2240,2240,2217,2196,2205,1636,2219,2177,2178,2219
project/sim_ext.py --sim-time 1.5 --seq-graph project/file/graph_15_nodes.json --traffic project/file/traffic_15_nodes_outer_chatting.json --inspection-rate 0.001 --mess-rate 0.002 --algorithm betweenness,1.037350000001,2240,2212,2206,2225,2177,2240,2240,2240,2212,2240,2213,2227,2196,2205,2206,2240,2213,2232,2233,2240,1636,2178,2225,2232,2223,2240,2217,2219,2227,2233,2223,2240,2219,2240,2240,2240,2217,2196,2205,1636,2219,2177,2178,2219
project/sim_ext.py --sim-time 1.5 --seq-graph project/file/graph_15_nodes.json --traffic project/file/traffic_15_nodes_outer_chatting.json --inspection-rate 0.001 --mess-rate 0.002 --algorithm betweenness,1.038383000001,2240,2212,2206,2225,2177,2240,2240,2240,2212,2240,2213,2227,2196,2205,2206,2240,2213,2232,2233,2240,1636,2178,2225,2232,2223,2240,2217,2219,2227,2233,2223,2240,2219,2240,2240,2240,2217,2196,2205,1636,2219,2177,2178,2219
project/sim_ext.py --sim-time 1.5 --seq-graph project/file/graph_15_nodes.json --traffic project/file/traffic_15_nodes_outer_chatting.json --inspection-rate 0.001 --mess-rate 0.002 --algorithm betweenness,1.0394528060610493,2240,2212,2206,2225,2177,2240,2240,2240,2212,2240,2213,2227,2196,2205,2206,2240,2213,2232,2233,2240,1636,2178,2225,2232,2223,2240,2217,2219,2227,2233,2223,2240,2219,2240,2240,2240,2217,2196,2205,1636,2219,2177,2178,2219
project/sim_ext.py --sim-time 1.5 --seq-graph project/file/graph_15_nodes.json --traffic project/file/traffic_15_nodes_outer_chatting.json --inspection-rate 0.001 --mess-rate 0.002 --algorithm betweenness,1.040543000001,2240,2212,2206,2225,2177,2240,2240,2240,2212,2240,2213,2227,2196,2205,2206,2240,2213,2232,2233,2240,1636,2178,2225,2232,2223,2240,2217,2219,2227,2233,2223,2240,2219,2240,2240,2240,2217,2196,2205,1636,2219,2177,2178,2219
project/sim_ext.py --sim-time 1.5 --seq-graph project/file/graph_15_nodes.json --traffic project/file/traffic_15_nodes_outer_chatting.json --inspection-rate 0.001 --mess-rate 0.002 --algorithm betweenness,1.041554999917,2240,2212,2206,2225,2177,2240,2240,2240,2212,2240,2213,2227,2196,2205,2206,2240,2213,2232,2233,2240,1636,2178,2225,2232,2223,2240,2217,2219,2227,2233,2223,2240,2219,2240,2240,2240,2217,2196,2205,1636,2219,2177,2178,2219
project/sim_ext.py --sim-time 1.5 --seq-graph project/file/graph_15_nodes.json --traffic project/file/traffic_15_nodes_outer_chatting.json --inspection-rate 0.001 --mess-rate 0.002 --algorithm betweenness,1.042563000001,2240,2212,2206,2225,2177,2240,2240,2240,2212,2240,2213,2227,2196,2205,2206,2240,2213,2232,2233,2240,1636,2178,2225,2232,2223,2240,2217,2219,2227,2233,2223,2240,2219,2240,2240,2240,2217,2196,2205,1636,2219,2177,2178,2219
project/sim_ext.py --sim-time 1.5 --seq-graph project/file/graph_15_nodes.json --traffic project/file/traffic_15_nodes_outer_chatting.json --inspection-rate 0.001 --mess-rate 0.002 --algorithm betweenness,1.043605000001,2240,2212,2206,2225,2177,2240,2240,2240,2212,2240,2213,2227,2196,2205,2206,2240,2213,2232,2233,2240,1636,2178,2225,2232,2223,2240,2217,2219,2227,2233,2223,2240,2219,2240,2240,2240,2217,2196,2205,1636,2219,2177,2178,2219
project/sim_ext.py --sim-time 1.5 --seq-graph project/file/graph_15_nodes.json --traffic project/file/traffic_15_nodes_outer_chatting.json --inspection-rate 0.001 --mess-rate 0.002 --algorithm betweenness,1.044781000001,2240,2212,2206,2225,2177,2240,2240,2240,2212,2240,2213,2227,2196,2205,2206,2240,2213,2232,2233,2240,1636,2178,2225,2232,2223,2240,2217,2219,2227,2233,2223,2240,2219,2240,2240,2240,2217,2196,2205,1636,2219,2177,2178,2219
project/sim_ext.py --sim-time 1.5 --seq-graph project/file/graph_15_nodes.json --traffic project/file/traffic_15_nodes_outer_chatting.json --inspection-rate 0.001 --mess-rate 0.002 --algorithm betweenness,1.045790000001,2240,2212,2206,2225,2177,2240,2240,2240,2212,2240,2213,2227,2196,2205,2206,2240,2213,2232,2233,2240,1636,2178,2225,2232,2223,2240,2217,2219,2227,2233,2223,2240,2219,2240,2240,2240,2217,2196,2205,1636,2219,2177,2178,2219
project/sim_ext.py --sim-time 1.5 --seq-graph project/file/graph_15_nodes.json --traffic project/file/traffic_15_nodes_outer_chatting.json --inspection-rate 0.001 --mess-rate 0.002 --algorithm betweenness,1.047020265035532,2240,2212,2206,2225,2177,2240,2240,2240,2212,2240,2213,2227,2196,2205,2206,2240,2213,2232,2233,2240,1636,2178,2225,2232,2223,2240,2217,2219,2227,2233,2223,2240,2219,2240,2240,2240,2217,2196,2205,1636,2219,2177,2178,2219
project/sim_ext.py --sim-time 1.5 --seq-graph project/file/graph_15_nodes.json --traffic project/file/traffic_15_nodes_outer_chatting.json --inspection-rate 0.001 --mess-rate 0.002 --algorithm betweenness,1.048033000001,2240,2212,2206,2225,2177,2240,2240,2240,2212,2240,2213,2227,2196,2205,2206,2240,2213,2232,2233,2240,1636,2178,2225,2232,2223,2240,2217,2219,2227,2233,2223,2240,2219,2240,2240,2240,2217,2196,2205,1636,2219,2177,2178,2219
project/sim_ext.py --sim-time 1.5 --seq-graph project/file/graph_15_nodes.json --traffic project/file/traffic_15_nodes_outer_chatting.json --inspection-rate 0.001 --mess-rate 0.002 --algorithm betweenness,1.04903499991,2240,2212,2206,2225,2177,2240,2240,2240,2212,2240,2213,2227,2196,2205,2206,2240,2213,2232,2233,2240,1636,2178,2225,2232,2223,2240,2217,2219,2227,2233,2223,2240,2219,2240,2240,2240,2217,2196,2205,1636,2219,2177,2178,2219
project/sim_ext.py --sim-time 1.5 --seq-graph project/file/graph_15_nodes.json --traffic project/file/traffic_15_nodes_outer_chatting.json --inspection-rate 0.001 --mess-rate 0.002 --algorithm betweenness,1.050173000001,2240,2212,2206,2225,2177,2240,2240,2240,2212,2240,2213,2227,2196,2205,2206,2240,2213,2232,2233,2240,1636,2178,2225,2232,2223,2240,2217,2219,2227,2233,2223,2240,2219,2240,2240,2240,2217,2196,2205,1636,2219,2177,2178,2219
project/sim_ext.py --sim-time 1.5 --seq-graph project/file/graph_15_nodes.json --traffic project/file/traffic_15_nodes_outer_chatting.json --inspection-rate 0.001 --mess-rate 0.002 --algorithm betweenness,1.051372000001,2240,2212,2206,2225,2177,2240,2240,2240,2212,2240,2213,2227,2196,2205,2206,2240,2213,2232,2233,2240,1636,2178,2225,2232,2223,2240,2217,2219,2227,2233,2223,2240,2219,2240,2240,2240,2217,2196,2205,1636,2219,2177,2178,2219
project/sim_ext.py --sim-time 1.5 --seq-graph project/file/graph_15_nodes.json --traffic project/file/traffic_15_nodes_outer_chatting.json --inspection-rate 0.001 --mess-rate 0.002 --algorithm betweenness,1.052477000001,2240,2212,2206,2225,2177,2240,2240,2240,2212,2240,2213,2227,2196,2205,2206,2240,2213,2232,2233,2240,1636,2178,2225,2232,2223,2240,2217,2219,2227,2233,2223,2240,2219,2240,2240,2240,2217,2196,2205,1636,2219,2177,2178,2219
project/sim_ext.py --sim-time 1.5 --seq-graph project/file/graph_15_nodes.json --traffic project/file/traffic_15_nodes_outer_chatting.json --inspection-rate 0.001 --mess-rate 0.002 --algorithm betweenness,1.053495000001,2240,2212,2206,2225,2177,2240,2240,2240,2212,2240,2213,2227,2196,2205,2206,2240,2213,2232,2233,2240,1636,2178,2225,2232,2223,2240,2217,2219,2227,2233,2223,2240,2219,2240,2240,2240,2217,2196,2205,1636,2219,2177,2178,2219
project/sim_ext.py --sim-time 1.5 --seq-graph project/file/graph_15_nodes.json --traffic project/file/traffic_15_nodes_outer_chatting.json --inspection-rate 0.001 --mess-rate 0.002 --algorithm betweenness,1.054580000001,2320,2292,2286,2305,2257,2320,2320,2320,2292,2320,2293,2307,2276,2285,2286,2320,2293,2312,2313,2320,1636,2258,2305,2312,2303,2240,2297,2299,2307,2313,2303,2320,2299,2320,2240,2320,2297,2276,2285,1636,2299,2257,2258,2299
project/sim_ext.py --sim-time 1.5 --seq-graph project/file/graph_15_nodes.json --traffic project/file/traffic_15_nodes_outer_chatting.json --inspection-rate 0.001 --mess-rate 0.002 --algorithm betweenness,1.055584000001,2320,2292,2286,2305,2257,2320,2320,2320,2292,2320,2293,2307,2276,2285,2286,2320,2293,2312,2313,2320,1636,2258,2305,2312,2303,2240,2297,2299,2307,2313,2303,2320,2299,2320,2240,2320,2297,2276,2285,1636,2299,2257,2258,2299
project/sim_ext.py --sim-time 1.5 --seq-graph project/file/graph_15_nodes.json --traffic project/file/traffic_15_nodes_outer_chatting.json --inspection-rate 0.001 --mess-rate 0.002 --algorithm betweenness,1.0566320000009999,2320,2292,2286,2305,2257,2320,2320,2320,2292,2320,2293,2307,2276,2285,2286,2320,2293,2312,2313,2320,1636,2258,2305,2312,2303,2240,2297,2299,2307,2313,2303,2320,2299,2320,2240,2320,2297,2276,2285,1636,2299,2257,2258,2299
project/sim_ext.py --sim-time 1.5 --seq-graph project/file/graph_15_nodes.json --traffic project/file/traffic_15_nodes_outer_chatting.json --inspection-rate 0.001 --mess-rate 0.002 --algorithm betweenness,1.057721000001,2320,2292,2286,2305,2257,2320,2320,2320,2292,2320,2293,2307,2276,2285,2286,2320,2293,2312,2313,2320,1636,2258,2305,2312,2303,2240,2297,2299,2307,2313,2303,2320,2299,2320,2240,2320,2297,2276,2285,1636,2299,2257,2258,2299
project/sim_ext.py --sim-time 1.5 --seq-graph project/file/graph_15_nodes.json --traffic project/file/traffic_15_nodes_outer_chatting.json --inspection-rate 0.001 --mess-rate 0.002 --algorithm betweenness,1.058839000001,2320,2292,2286,2305,2257,2320,2320,2320,2292,2320,2293,2307,2276,2285,2286,2320,2293,2312,2313,2320,1636,2258,2305,2312,2303,2240,2297,2299,2307,2313,2303,2320,2299,2320,2240,2320,2297,2276,2285,1636,2299,2257,2258,2299
project/sim_ext.py --sim-time 1.5 --seq-graph project/file/graph_15_nodes.json --traffic project/file/traffic_15_nodes_outer_chatting.json --inspection-rate 0.001 --mess-rate 0.002 --algorithm betweenness,1.059956000001,2320,2292,2286,2305,2257,2320,2320,2320,2292,2320,2293,2307,2276,2285,2286,2320,2293,2312,2313,2320,1636,2258,2305,2312,2303,2240,2297,2299,2307,2313,2303,2320,2299,2320,2240,2320,2297,2276,2285,1636,2299,2257,2258,2299
project/sim_ext.py --sim-time 1.5 --seq-graph project/file/graph_15_nodes.json --traffic project/file/traffic_15_nodes_outer_chatting.json --inspection-rate 0.001 --mess-rate 0.002 --algorithm betweenness,1.060969999906,2320,2292,2286,2305,2257,2320,2320,2320,2292,2320,2293,2307,2276,2285,2286,2320,2293,2312,2313,2320,1636,2258,2305,2312,2303,2240,2297,2299,2307,2313,2303,2320,2299,2320,2240,2320,2297,2276,2285,1636,2299,2257,2258,2299
project/sim_ext.py --sim-time 1.5 --seq-graph project/file/graph_15_nodes.json --traffic project/file/traffic_15_nodes_outer_chatting.json --inspection-rate 0.001 --mess-rate 0.002 --algorithm betweenness,1.062044000001,2320,2292,2286,2305,2257,2320,2320,2320,2292,2320,2293,2307,2276,2285,2286,2320,2293,2312,2313,2320,1636,2258,2305,2312,2303,2240,2297,2299,2307,2313,2303,2320,2299,2320,2240,2320,2297,2276,2285,1636,2299,2257,2258,2299
project/sim_ext.py --sim-time 1.5 --seq-graph project/file/graph_15_nodes.json --traffic project/file/traffic_15_nodes_outer_chatting.json --inspection-rate 0.001 --mess-rate 0.002 --algorithm betweenness,1.0631206011289773,2320,2292,2286,2305,2257,2320,2320,2320,2292,2320,2293,2307,2276,2285,2286,2320,2293,2312,2313,2320,1716,2258,2305,2312,2303,2240,2297,2299,2307,2313,2303,2320,2299,2320,2240,2320,2297,2276,2285,1716,2299,2257,2258,2299
project/sim_ext.py --sim-time 1.5 --seq-graph project/file/graph_15_nodes.json --traffic project/file/traffic_15_nodes_outer_chatting.json --inspection-rate 0.001 --mess-rate 0.002 --algorithm betweenness,1.0641840000009999,2320,2292,2286,2305,2257,2320,2320,2320,2292,2320,2293,2307,2276,2285,2286,2320,2293,2312,2313,2320,1716,2258,2305,2312,2303,2320,2297,2299,2307,2313,2303,2320,2299,2320,2320,2320,2297,2276,2285,1716,2299,2257,2258,2299
project/sim_ext.py --sim-time 1.5 --seq-graph project/file/graph_15_nodes.json --traffic project/file/traffic_15_nodes_outer_chatting.json --inspection-rate 0.001 --mess-rate 0.002 --algorithm betweenness,1.0651949301040302,2320,2292,2286,2305,2257,2320,2320,2320,2292,2320,2293,2307,2276,2285,2286,2320,2293,2312,2313,2320,1716,2258,2305,2312,2303,2320,2297,2299,2307,2313,2303,2320,2299,2320,2320,2320,2297,2276,2285,1716,2299,2257,2258,2299
project/sim_ext.py --sim-time 1.5 --seq-graph project/file/graph_15_nodes.json --traffic project/file/traffic_15_nodes_outer_chatting.json --inspection-rate 0.001 --mess-rate 0.002 --algorithm betweenness,1.066314000001,2320,2292,2286,2305,2257,2320,2320,2320,2292,2320,2293,2307,2276,2285,2286,2320,2293,2312,2313,2320,1716,2258,2305,2312,2303,2320,2297,2299,2307,2313,2303,2320,2299,2320,2320,2320,2297,2276,2285,1716,2299,2257,2258,2299
project/sim_ext.py --sim-time 1.5 --seq-graph project/file/graph_15_nodes.json --traffic project/file/traffic_15_nodes_outer_chatting.json --inspection-rate 0.001 --mess-rate 0.002 --algorithm betweenness,1.067463000001,2320,2292,2286,2305,2257,2320,2320,2320,2292,2320,2293,2307,2276,2285,2286,2320,2293,2312,2313,2320,1716,2258,2305,2312,2303,2320,2297,2299,2307,2313,2303,2320,2299,2320,2320,2320,2297,2276,2285,1716,2299,2257,2258,2299
project/sim_ext.py --sim-time 1.5 --seq-graph project/file/graph_15_nodes.json --traffic project/file/traffic_15_nodes_outer_chatting.json --inspection-rate 0.001 --mess-rate 0.002 --algorithm betweenness,1.068617000001,2320,2292,2286,2305,2257,2320,2320,2320,2292,2320,2293,2307,2276,2285,2286,2320,2293,2312,2313,2320,1716,2258,2305,2312,2303,2320,2297,2299,2307,2313,2303,2320,2299,2320,2320,2320,2297,2276,2285,1716,2299,2257,2258,2299
project/sim_ext.py --sim-time 1.5 --seq-graph project/file/graph_15_nodes.json --traffic project/file/traffic_15_nodes_outer_chatting.json --inspection-rate 0.001 --mess-rate 0.002 --algorithm betweenness,1.0696744558967846,2320,2292,2286,2305,2257,2320,2320,2320,2292,2320,2293,2307,2276,2285,2286,2320,2293,2312,2313,2320,1716,2258,2305,2312,2303,2320,2297,2299,2307,2313,2303,2320,2299,2320,2320,2320,2297,2276,2285,1716,2299,2257,2258,2299
project/sim_ext.py --sim-time 1.5 --seq-graph project/file/graph_15_nodes.json --traffic project/file/traffic_15_nodes_outer_chatting.json --inspection-rate 0.001 --mess-rate 0.002 --algorithm betweenness,1.070797000001,2320,2292,2286,2305,2257,2320,2320,2320,2292,2320,2293,2307,2276,2285,2286,2320,2293,2312,2313,2320,1716,2258,2305,2312,2303,2320,2297,2299,2307,2313,2303,2320,2299,2320,2320,2320,2297,2276,2285,1716,2299,2257,2258,2299
project/sim_ext.py --sim-time 1.5 --seq-graph project/file/graph_15_nodes.json --traffic project/file/traffic_15_nodes_outer_chatting.json --inspection-rate 0.001 --mess-rate 0.002 --algorithm betweenness,1.0718395347534337,2320,2292,2286,2305,2257,2320,2320,2320,2292,2320,2293,2307,2276,2285,2286,2320,2293,2312,2313,2320,1716,2258,2305,2312,2303,2320,2297,2299,2307,2313,2303,2320,2299,2320,2320,2320,2297,2276,2285,1716,2299,2257,2258,2299
project/sim_ext.py --sim-time 1.5 --seq-graph project/file/graph_15_nodes.json --traffic project/file/traffic_15_nodes_outer_chatting.json --inspection-rate 0.001 --mess-rate 0.002 --algorithm betweenness,1.072974999913,2320,2292,2286,2305,2257,2320,2320,2320,2292,2320,2293,2307,2276,2285,2286,2320,2293,2312,2313,2320,1716,2258,2305,2312,2303,2320,2297,2299,2307,2313,2303,2320,2299,2320,2320,2320,2297,2276,2285,1716,2299,2257,2258,2299
project/sim_ext.py --sim-time 1.5 --seq-graph project/file/graph_15_nodes.json --traffic project/file/traffic_15_nodes_outer_chatting.json --inspection-rate 0.001 --mess-rate 0.002 --algorithm betweenness,1.07399887273986,2320,2292,2286,2305,2257,2320,2320,2320,2292,2320,2293,2307,2276,2285,2286,2320,2293,2312,2313,2320,1716,2258,2305,2312,2303,2320,2297,2299,2307,2313,2303,2320,2299,2320,2320,2320,2297,2276,2285,1716,2299,2257,2258,2299
project/sim_ext.py --sim-time 1.5 --seq-graph project/file/graph_15_nodes.json --traffic project/file/traffic_15_nodes_outer_chatting.json --inspection-rate 0.001 --mess-rate 0.002 --algorithm betweenness,1.075062000001,2320,2292,2286,2305,2257,2320,2320,2320,2292,2320,2293,2307,2276,2285,2286,2320,2293,2312,2313,2320,1716,2258,2305,2312,2303,2320,2297,2299,2307,2313,2303,2320,2299,2320,2320,2320,2297,2276,2285,1716,2299,2257,2258,2299
project/sim_ext.py --sim-time 1.5 --seq-graph project/file/graph_15_nodes.json --traffic project/file/traffic_15_nodes_outer_chatting.json --inspection-rate 0.001 --mess-rate 0.002 --algorithm betweenness,1.076122000001,2320,2292,2286,2305,2257,2320,2320,2320,2292,2320,2293,2307,2276,2285,2286,2320,2293,2312,2313,2320,1716,2258,2305,2312,2303,2320,2297,2299,2307,2313,2303,2320,2299,2320,2320,2320,2297,2276,2285,1716,2299,2257,2258,2299
project/sim_ext.py --sim-time 1.5 --seq-graph project/file/graph_15_nodes.json --traffic project/file/traffic_15_nodes_outer_chatting.json --inspection-rate 0.001 --mess-rate 0.002 --algorithm betweenness,1.077192000001,2320,2292,2286,2305,2257,2320,2320,2320,2292,2320,2293,2307,2276,2285,2286,2320,2293,2312,2313,2320,1716,2258,2305,2312,2303,2320,2297,2299,2307,2313,2303,2320,2299,2320,2320,2320,2297,2276,2285,1716,2299,2257,2258,2299
project/sim_ext.py --sim-time 1.5 --seq-graph project/file/graph_15_nodes.json --traffic project/file/traffic_15_nodes_outer_chatting.json --inspection-rate 0.001 --mess-rate 0.002 --algorithm betweenness,1.078218000001,2320,2292,2286,2305,2257,2320,2320,2320,2292,2320,2293,2307,2276,2285,2286,2320,2293,2312,2313,2320,1716,2258,2305,2312,2303,2320,2297,2299,2307,2313,2303,2320,2299,2320,2320,2320,2297,2276,2285,1716,2299,2257,2258,2299
project/sim_ext.py --sim-time 1.5 --seq-graph project/file/graph_15_nodes.json --traffic project/file/traffic_15_nodes_outer_chatting.json --inspection-rate 0.001 --mess-rate 0.002 --algorithm betweenness,1.079278000001,2320,2292,2286,2305,2257,2320,2320,2320,2292,2320,2293,2307,2276,2285,2286,2320,2293,2312,2313,2320,1716,2258,2305,2312,2303,2320,2297,2299,2307,2313,2303,2320,2299,2320,2320,2320,2297,2276,2285,1716,2299,2257,2258,2299
project/sim_ext.py --sim-time 1.5 --seq-graph project/file/graph_15_nodes.json --traffic project/file/traffic_15_nodes_outer_chatting.json --inspection-rate 0.001 --mess-rate 0.002 --algorithm betweenness,1.080320000001,2320,2292,2286,2305,2257,2320,2320,2320,2292,2320,2293,2307,2276,2285,2286,2320,2293,2312,2313,2320,1716,2258,2305,2312,2303,2320,2297,2299,2307,2313,2303,2320,2299,2320,2320,2320,2297,2276,2285,1716,2299,2257,2258,2299
project/sim_ext.py --sim-time 1.5 --seq-graph project/file/graph_15_nodes.json --traffic project/file/traffic_15_nodes_outer_chatting.json --inspection-rate 0.001 --mess-rate 0.002 --algorithm betweenness,1.081367000001,2320,2292,2286,2305,2257,2320,2320,2320,2292,2320,2293,2307,2276,2285,2286,2320,2293,2312,2313,2320,1716,2258,2305,2312,2303,2320,2297,2299,2307,2313,2303,2320,2299,2320,2320,2320,2297,2276,2285,1716,2299,2257,2258,2299
project/sim_ext.py --sim-time 1.5 --seq-graph project/file/graph_15_nodes.json --traffic project/file/traffic_15_nodes_outer_chatting.json --inspection-rate 0.001 --mess-rate 0.002 --algorithm betweenness,1.0824728327389297,2320,2292,2286,2305,2257,2320,2320,2320,2292,2320,2293,2307,2276,2285,2286,2320,2293,2312,2313,2320,1716,2258,2305,2312,2303,2320,2297,2299,2307,2313,2303,2320,2299,2320,2320,2320,2297,2276,2285,1716,2299,2257,2258,2299
project/sim_ext.py --sim-time 1.5 --seq-graph project/file/graph_15_nodes.json --traffic project/file/traffic_15_nodes_outer_chatting.json --inspection-rate 0.001 --mess-rate 0.002 --algorithm betweenness,1.083663000001,2320,2292,2286,2305,2257,2320,2320,2320,2292,2320,2293,2307,2276,2285,2286,2320,2293,2312,2313,2320,1716,2258,2305,2312,2303,2320,2297,2299,2307,2313,2303,2320,2299,2320,2320,2320,2297,2276,2285,1716,2299,2257,2258,2299
project/sim_ext.py --sim-time 1.5 --seq-graph project/file/graph_15_nodes.json --traffic project/file/traffic_15_nodes_outer_chatting.json --inspection-rate 0.001 --mess-rate 0.002 --algorithm betweenness,1.0847628895087822,2320,2292,2286,2305,2257,2320,2320,2320,2292,2320,2293,2307,2276,2285,2286,2320,2293,2312,2313,2320,1716,2258,2305,2312,2383,2320,2297,2299,2307,2313,2383,2320,2299,2320,2320,2320,2297,2276,2285,1716,2299,2257,2258,2299
project/sim_ext.py --sim-time 1.5 --seq-graph project/file/graph_15_nodes.json --traffic project/file/traffic_15_nodes_outer_chatting.json --inspection-rate 0.001 --mess-rate 0.002 --algorithm betweenness,1.085848399997,2320,2292,2286,2305,2257,2320,2320,2320,2292,2320,2293,2307,2276,2285,2286,2320,2293,2312,2313,2320,1716,2258,2305,2312,2383,2320,2297,2299,2307,2313,2383,2320,2299,2320,2320,2320,2297,2276,2285,1716,2299,2257,2258,2299
project/sim_ext.py --sim-time 1.5 --seq-graph project/file/graph_15_nodes.json --traffic project/file/traffic_15_nodes_outer_chatting.json --inspection-rate 0.001 --mess-rate 0.002 --algorithm betweenness,1.086942799997,2320,2292,2286,2305,2257,2320,2320,2320,2292,2320,2293,2307,2276,2285,2286,2320,2293,2312,2313,2320,1716,2258,2305,2312,2383,2320,2297,2299,2307,2313,2383,2320,2299,2320,2320,2320,2297,2276,2285,1716,2299,2257,2258,2299
project/sim_ext.py --sim-time 1.5 --seq-graph project/file/graph_15_nodes.json --traffic project/file/traffic_15_nodes_outer_chatting.json --inspection-rate 0.001 --mess-rate 0.002 --algorithm betweenness,1.088115000001,2320,2292,2286,2305,2257,2320,2320,2320,2292,2320,2293,2307,2276,2285,2286,2320,2293,2312,2313,2320,1716,2258,2305,2312,2383,2320,2297,2299,2307,2313,2383,2320,2299,2320,2320,2320,2297,2276,2285,1716,2299,2257,2258,2299
project/sim_ext.py --sim-time 1.5 --seq-graph project/file/graph_15_nodes.json --traffic project/file/traffic_15_nodes_outer_chatting.json --inspection-rate 0.001 --mess-rate 0.002 --algorithm betweenness,1.0892449999059999,2320,2292,2286,2305,2257,2320,2320,2320,2292,2320,2293,2307,2276,2285,2286,2320,2293,2312,2313,2320,1716,2258,2305,2312,2383,2320,2297,2299,2307,2313,2383,2320,2299,2320,2320,2320,2297,2276,2285,1716,2299,2257,2258,2299
project/sim_ext.py --sim-time 1.5 --seq-graph project/file/graph_15_nodes.json --traffic project/file/traffic_15_nodes_outer_chatting.json --inspection-rate 0.001 --mess-rate 0.002 --algorithm betweenness,1.090335000001,2320,2292,2286,2305,2257,2320,2320,2320,2292,2320,2293,2307,2276,2285,2286,2320,2293,2312,2313,2320,1716,2258,2305,2312,2383,2320,2297,2299,2307,2313,2383,2320,2299,2320,2320,2320,2297,2276,2285,1716,2299,2257,2258,2299
project/sim_ext.py --sim-time 1.5 --seq-graph project/file/graph_15_nodes.json --traffic project/file/traffic_15_nodes_outer_chatting.json --inspection-rate 0.001 --mess-rate 0.002 --algorithm betweenness,1.0914794013948814,2320,2292,2286,2305,2257,2320,2320,2320,2292,2320,2293,2307,2276,2285,2286,2320,2293,2312,2313,2320,1716,2258,2305,2312,2383,2320,2297,2299,2307,2313,2383,2320,2299,2320,2320,2320,2297,2276,2285,1716,2299,2257,2258,2299
project/sim_ext.py --sim-time 1.5 --seq-graph project/file/graph_15_nodes.json --traffic project/file/traffic_15_nodes_outer_chatting.json --inspection-rate 0.001 --mess-rate 0.002 --algorithm betweenness,1.092583399997,2320,2292,2286,2305,2257,2320,2320,2320,2292,2320,2293,2307,2276,2285,2286,2320,2293,2312,2313,2320,1716,2258,2305,2312,2383,2320,2297,2299,2307,2313,2383,2320,2299,2320,2320,2320,2297,2276,2285,1716,2299,2257,2258,2299
project/sim_ext.py --sim-time 1.5 --seq-graph project/file/graph_15_nodes.json --traffic project/file/traffic_15_nodes_outer_chatting.json --inspection-rate 0.001 --mess-rate 0.002 --algorithm betweenness,1.093589000001,2320,2292,2286,2305,2257,2320,2320,2320,2292,2320,2293,2307,2276,2285,2286,2320,2293,2312,2313,2320,1716,2258,2305,2312,2383,2320,2297,2299,2307,2313,2383,2320,2299,2320,2320,2320,2297,2276,2285,1716,2299,2257,2258,2299
project/sim_ext.py --sim-time 1.5 --seq-graph project/file/graph_15_nodes.json --traffic project/file/traffic_15_nodes_outer_chatting.json --inspection-rate 0.001 --mess-rate 0.002 --algorithm betweenness,1.094640000001,2400,2372,2366,2385,2337,2400,2400,2400,2372,2400,2373,2387,2356,2365,2366,2400,2373,2392,2393,2400,1716,2338,2385,2392,2383,2400,2377,2379,2387,2393,2383,2400,2379,2400,2400,2400,2377,2356,2365,1716,2379,2337,2338,2379
project/sim_ext.py --sim-time 1.5 --seq-graph project/file/graph_15_nodes.json --traffic project/file/traffic_15_nodes_outer_chatting.json --inspection-rate 0.001 --mess-rate 0.002 --algorithm betweenness,1.095646000001,2400,2372,2366,2385,2337,2400,2400,2400,2372,2400,2373,2387,2356,2365,2366,2400,2373,2392,2393,2400,1716,2338,2385,2392,2383,2400,2377,2379,2387,2393,2383,2400,2379,2400,2400,2400,2377,2356,2365,1716,2379,2337,2338,2379
project/sim_ext.py --sim-time 1.5 --seq-graph project/file/graph_15_nodes.json --traffic project/file/traffic_15_nodes_outer_chatting.json --inspection-rate 0.001 --mess-rate 0.002 --algorithm betweenness,1.096769000001,2400,2372,2366,2385,2337,2400,2400,2400,2372,2400,2373,2387,2356,2365,2366,2400,2373,2392,2393,2400,1716,2338,2385,2392,2383,2400,2377,2379,2387,2393,2383,2400,2379,2400,2400,2400,2377,2356,2365,1716,2379,2337,2338,2379
project/sim_ext.py --sim-time 1.5 --seq-graph project/file/graph_15_nodes.json --traffic project/file/traffic_15_nodes_outer_chatting.json --inspection-rate 0.001 --mess-rate 0.002 --algorithm betweenness,1.097895000001,2400,2372,2366,2385,2337,2400,2400,2400,2372,2400,2373,2387,2356,2365,2366,2400,2373,2392,2393,2400,1716,2338,2385,2392,2383,2400,2377,2379,2387,2393,2383,2400,2379,2400,2400,2400,2377,2356,2365,1716,2379,2337,2338,2379
project/sim_ext.py --sim-time 1.5 --seq-graph project/file/graph_15_nodes.json --traffic project/file/traffic_15_nodes_outer_chatting.json --inspection-rate 0.001 --mess-rate 0.002 --algorithm betweenness,1.0990050000009999,2400,2372,2366,2385,2337,2400,2400,2400,2372,2400,2373,2387,2356,2365,2366,2400,2373,2392,2393,2400,1716,2338,2385,2392,2383,2400,2377,2379,2387,2393,2383,2400,2379,2400,2400,2400,2377,2356,2365,1716,2379,2337,2338,2379
project/sim_ext.py --sim-time 1.5 --seq-graph project/file/graph_15_nodes.json --traffic project/file/traffic_15_nodes_outer_chatting.json --inspection-rate 0.001 --mess-rate 0.002 --algorithm betweenness,1.1001159225928492,2400,2372,2366,2385,2337,2400,2400,2400,2372,2400,2373,2387,2356,2365,2366,2400,2373,2392,2393,2400,1716,2338,2385,2392,2383,2400,2377,2379,2387,2393,2383,2400,2379,2400,2400,2400,2377,2356,2365,1716,2379,2337,2338,2379
project/sim_ext.py --sim-time 1.5 --seq-graph project/file/graph_15_nodes.json --traffic project/file/traffic_15_nodes_outer_chatting.json --inspection-rate 0.001 --mess-rate 0.002 --algorithm betweenness,1.101292000001,2400,2372,2366,2385,2337,2400,2400,2400,2372,2400,2373,2387,2356,2365,2366,2400,2373,2392,2393,2400,1716,2338,2385,2392,2383,2400,2377,2379,2387,2393,2383,2400,2379,2400,2400,2400,2377,2356,2365,1716,2379,2337,2338,2379
project/sim_ext.py --sim-time 1.5 --seq-graph project/file/graph_15_nodes.json --traffic project/file/traffic_15_nodes_outer_chatting.json --inspection-rate 0.001 --mess-rate 0.002 --algorithm betweenness,1.102294000001,2400,2372,2366,2385,2337,2400,2400,2400,2372,2400,2373,2387,2356,2365,2366,2400,2373,2392,2393,2400,1716,2338,2385,2392,2383,2400,2377,2379,2387,2393,2383,2400,2379,2400,2400,2400,2377,2356,2365,1716,2379,2337,2338,2379
project/sim_ext.py --sim-time 1.5 --seq-graph project/file/graph_15_nodes.json --traffic project/file/traffic_15_nodes_outer_chatting.json --inspection-rate 0.001 --mess-rate 0.002 --algorithm betweenness,1.103385000001,2400,2372,2366,2385,2337,2400,2400,2400,2372,2400,2373,2387,2356,2365,2366,2400,2373,2392,2393,2400,1716,2338,2385,2392,2383,2400,2377,2379,2387,2393,2383,2400,2379,2400,2400,2400,2377,2356,2365,1716,2379,2337,2338,2379
project/sim_ext.py --sim-time 1.5 --seq-graph project/file/graph_15_nodes.json --traffic project/file/traffic_15_nodes_outer_chatting.json --inspection-rate 0.001 --mess-rate 0.002 --algorithm betweenness,1.104404199997,2400,2372,2366,2385,2337,2400,2400,2400,2372,2400,2373,2387,2356,2365,2366,2400,2373,2392,2393,2400,1716,2338,2385,2392,2383,2400,2377,2379,2387,2393,2383,2400,2379,2400,2400,2400,2377,2356,2365,1716,2379,2337,2338,2379
project/sim_ext.py --sim-time 1.5 --seq-graph project/file/graph_15_nodes.json --traffic project/file/traffic_15_nodes_outer_chatting.json --inspection-rate 0.001 --mess-rate 0.002 --algorithm betweenness,1.105619000001,2400,2372,2366,2385,2337,2400,2400,2400,2372,2400,2373,2387,2356,2365,2366,2400,2373,2392,2393,2400,1716,2338,2385,2392,2383,2400,2377,2379,2387,2393,2383,2400,2379,2400,2400,2400,2377,2356,2365,1716,2379,2337,2338,2379
project/sim_ext.py --sim-time 1.5 --seq-graph project/file/graph_15_nodes.json --traffic project/file/traffic_15_nodes_outer_chatting.json --inspection-rate 0.001 --mess-rate 0.002 --algorithm betweenness,1.106774999902,2400,2372,2366,2385,2337,2400,2400,2400,2372,2400,2373,2387,2356,2365,2366,2400,2373,2392,2393,2400,1716,2338,2385,2392,2383,2400,2377,2379,2387,2393,2383,2400,2379,2400,2400,2400,2377,2356,2365,1716,2379,2337,2338,2379
project/sim_ext.py --sim-time 1.5 --seq-graph project/file/graph_15_nodes.json --traffic project/file/traffic_15_nodes_outer_chatting.json --inspection-rate 0.001 --mess-rate 0.002 --algorithm betweenness,1.107924000001,2400,2372,2366,2385,2337,2400,2400,2400,2372,2400,2373,2387,2356,2365,2366,2400,2373,2392,2393,2400,1796,2338,2385,2392,2383,2400,2377,2379,2387,2393,2383,2400,2379,2400,2400,2400,2377,2356,2365,1796,2379,2337,2338,2379
project/sim_ext.py --sim-time 1.5 --seq-graph project/file/graph_15_nodes.json --traffic project/file/traffic_15_nodes_outer_chatting.json --inspection-rate 0.001 --mess-rate 0.002 --algorithm betweenness,1.109015000001,2400,2372,2366,2385,2337,2400,2400,2400,2372,2400,2373,2387,2356,2365,2366,2400,2373,2392,2393,2400,1796,2338,2385,2392,2383,2400,2377,2379,2387,2393,2383,2400,2379,2400,2400,2400,2377,2356,2365,1796,2379,2337,2338,2379
project/sim_ext.py --sim-time 1.5 --seq-graph project/file/graph_15_nodes.json --traffic project/file/traffic_15_nodes_outer_chatting.json --inspection-rate 0.001 --mess-rate 0.002 --algorithm betweenness,1.110018000001,2400,2372,2366,2385,2337,2400,2400,2400,2372,2400,2373,2387,2356,2365,2366,2400,2373,2392,2393,2400,1796,2338,2385,2392,2383,2400,2377,2379,2387,2393,2383,2400,2379,2400,2400,2400,2377,2356,2365,1796,2379,2337,2338,2379
project/sim_ext.py --sim-time 1.5 --seq-graph project/file/graph_15_nodes.json --traffic project/file/traffic_15_nodes_outer_chatting.json --inspection-rate 0.001 --mess-rate 0.002 --algorithm betweenness,1.11104499991,2400,2372,2366,2385,2337,2400,2400,2400,2372,2400,2373,2387,2356,2365,2366,2400,2373,2392,2393,2400,1796,2338,2385,2392,2383,2400,2377,2379,2387,2393,2383,2400,2379,2400,2400,2400,2377,2356,2365,1796,2379,2337,2338,2379
project/sim_ext.py --sim-time 1.5 --seq-graph project/file/graph_15_nodes.json --traffic project/file/traffic_15_nodes_outer_chatting.json --inspection-rate 0.001 --mess-rate 0.002 --algorithm betweenness,1.112135000001,2400,2372,2366,2385,2337,2400,2400,2400,2372,2400,2373,2387,2356,2365,2366,2400,2373,2392,2393,2400,1796,2338,2385,2392,2383,2400,2377,2379,2387,2393,2383,2400,2379,2400,2400,2400,2377,2356,2365,1796,2379,2337,2338,2379
project/sim_ext.py --sim-time 1.5 --seq-graph project/file/graph_15_nodes.json --traffic project/file/traffic_15_nodes_outer_chatting.json --inspection-rate 0.001 --mess-rate 0.002 --algorithm betweenness,1.113246000001,2400,2372,2366,2385,2337,2400,2400,2400,2372,2400,2373,2387,2356,2365,2366,2400,2373,2392,2393,2400,1796,2338,2385,2392,2383,2400,2377,2379,2387,2393,2383,2400,2379,2400,2400,2400,2377,2356,2365,1796,2379,2337,2338,2379
project/sim_ext.py --sim-time 1.5 --seq-graph project/file/graph_15_nodes.json --traffic project/file/traffic_15_nodes_outer_chatting.json --inspection-rate 0.001 --mess-rate 0.002 --algorithm betweenness,1.1143495624912507,2400,2372,2366,2385,2337,2400,2400,2400,2372,2400,2373,2387,2356,2365,2366,2400,2373,2392,2393,2400,1796,2338,2385,2392,2383,2400,2377,2379,2387,2393,2383,2400,2379,2400,2400,2400,2377,2356,2365,1796,2379,2337,2338,2379
project/sim_ext.py --sim-time 1.5 --seq-graph project/file/graph_15_nodes.json --traffic project/file/traffic_15_nodes_outer_chatting.json --inspection-rate 0.001 --mess-rate 0.002 --algorithm betweenness,1.1154280998680375,2400,2372,2366,2385,2337,2400,2400,2400,2372,2400,2373,2387,2356,2365,2366,2400,2373,2392,2393,2400,1796,2338,2385,2392,2383,2400,2377,2379,2387,2393,2383,2400,2379,2400,2400,2400,2377,2356,2365,1796,2379,2337,2338,2379
project/sim_ext.py --sim-time 1.5 --seq-graph project/file/graph_15_nodes.json --traffic project/file/traffic_15_nodes_outer_chatting.json --inspection-rate 0.001 --mess-rate 0.002 --algorithm betweenness,1.116439000001,2400,2372,2366,2385,2337,2400,2400,2400,2372,2400,2373,2387,2356,2365,2366,2400,2373,2392,2393,2400,1796,2338,2385,2392,2383,2400,2377,2379,2387,2393,2383,2400,2379,2400,2400,2400,2377,2356,2365,1796,2379,2337,2338,2379
project/sim_ext.py --sim-time 1.5 --seq-graph project/file/graph_15_nodes.json --traffic project/file/traffic_15_nodes_outer_chatting.json --inspection-rate 0.001 --mess-rate 0.002 --algorithm betweenness,1.117578000001,2400,2372,2366,2385,2337,2400,2400,2400,2372,2400,2373,2387,2356,2365,2366,2400,2373,2392,2393,2400,1796,2338,2385,2392,2383,2400,2377,2379,2387,2393,2383,2400,2379,2400,2400,2400,2377,2356,2365,1796,2379,2337,2338,2379
project/sim_ext.py --sim-time 1.5 --seq-graph project/file/graph_15_nodes.json --traffic project/file/traffic_15_nodes_outer_chatting.json --inspection-rate 0.001 --mess-rate 0.002 --algorithm betweenness,1.118774421799498,2400,2372,2366,2385,2337,2400,2400,2400,2372,2400,2373,2387,2356,2365,2366,2400,2373,2392,2393,2400,1796,2338,2385,2392,2383,2400,2377,2379,2387,2393,2383,2400,2379,2400,2400,2400,2377,2356,2365,1796,2379,2337,2338,2379
project/sim_ext.py --sim-time 1.5 --seq-graph project/file/graph_15_nodes.json --traffic project/file/traffic_15_nodes_outer_chatting.json --inspection-rate 0.001 --mess-rate 0.002 --algorithm betweenness,1.119824000001,2400,2372,2366,2385,2337,2400,2400,2400,2372,2400,2373,2387,2356,2365,2366,2400,2373,2392,2393,2400,1796,2338,2385,2392,2383,2400,2377,2379,2387,2393,2383,2400,2379,2400,2400,2400,2377,2356,2365,1796,2379,2337,2338,2379
project/sim_ext.py --sim-time 1.5 --seq-graph project/file/graph_15_nodes.json --traffic project/file/traffic_15_nodes_outer_chatting.json --inspection-rate 0.001 --mess-rate 0.002 --algorithm betweenness,1.120969000001,2400,2372,2366,2385,2337,2400,2400,2400,2372,2400,2373,2387,2356,2365,2366,2400,2373,2392,2393,2400,1796,2338,2385,2392,2383,2400,2377,2379,2387,2393,2383,2400,2379,2400,2400,2400,2377,2356,2365,1796,2379,2337,2338,2379
project/sim_ext.py --sim-time 1.5 --seq-graph project/file/graph_15_nodes.json --traffic project/file/traffic_15_nodes_outer_chatting.json --inspection-rate 0.001 --mess-rate 0.002 --algorithm betweenness,1.122059000001,2400,2372,2366,2385,2337,2400,2400,2400,2372,2400,2373,2387,2356,2365,2366,2400,2373,2392,2393,2400,1796,2338,2385,2392,2383,2400,2377,2379,2387,2393,2383,2400,2379,2400,2400,2400,2377,2356,2365,1796,2379,2337,2338,2379
project/sim_ext.py --sim-time 1.5 --seq-graph project/file/graph_15_nodes.json --traffic project/file/traffic_15_nodes_outer_chatting.json --inspection-rate 0.001 --mess-rate 0.002 --algorithm betweenness,1.123201000001,2400,2372,2366,2385,2337,2400,2400,2400,2372,2400,2373,2387,2356,2365,2366,2400,2373,2392,2393,2400,1796,2338,2385,2392,2383,2400,2377,2379,2387,2393,2383,2400,2379,2400,2400,2400,2377,2356,2365,1796,2379,2337,2338,2379
project/sim_ext.py --sim-time 1.5 --seq-graph project/file/graph_15_nodes.json --traffic project/file/traffic_15_nodes_outer_chatting.json --inspection-rate 0.001 --mess-rate 0.002 --algorithm betweenness,1.1242057999969999,2400,2372,2366,2385,2337,2400,2400,2400,2372,2400,2373,2387,2356,2365,2366,2400,2373,2392,2393,2400,1796,2338,2385,2392,2383,2400,2377,2379,2387,2393,2383,2400,2379,2400,2400,2400,2377,2356,2365,1796,2379,2337,2338,2379
project/sim_ext.py --sim-time 1.5 --seq-graph project/file/graph_15_nodes.json --traffic project/file/traffic_15_nodes_outer_chatting.json --inspection-rate 0.001 --mess-rate 0.002 --algorithm betweenness,1.125214799997,2400,2372,2366,2385,2337,2400,2400,2400,2372,2400,2373,2387,2356,2365,2366,2400,2373,2392,2393,2400,1796,2338,2385,2392,2383,2400,2377,2379,2387,2393,2383,2400,2379,2400,2400,2400,2377,2356,2365,1796,2379,2337,2338,2379
project/sim_ext.py --sim-time 1.5 --seq-graph project/file/graph_15_nodes.json --traffic project/file/traffic_15_nodes_outer_chatting.json --inspection-rate 0.001 --mess-rate 0.002 --algorithm betweenness,1.126260453112339,2480,2452,2446,2465,2417,2480,2480,2480,2452,2480,2453,2467,2436,2445,2446,2480,2453,2472,2473,2480,1796,2418,2465,2472,2463,2480,2457,2459,2467,2473,2463,2480,2459,2480,2480,2480,2457,2436,2445,1796,2459,2417,2418,2459
project/sim_ext.py --sim-time 1.5 --seq-graph project/file/graph_15_nodes.json --traffic project/file/traffic_15_nodes_outer_chatting.json --inspection-rate 0.001 --mess-rate 0.002 --algorithm betweenness,1.12730499991,2480,2452,2446,2465,2417,2480,2480,2480,2452,2480,2453,2467,2436,2445,2446,2480,2453,2472,2473,2480,1796,2418,2465,2472,2463,2480,2457,2459,2467,2473,2463,2480,2459,2480,2480,2480,2457,2436,2445,1796,2459,2417,2418,2459
project/sim_ext.py --sim-time 1.5 --seq-graph project/file/graph_15_nodes.json --traffic project/file/traffic_15_nodes_outer_chatting.json --inspection-rate 0.001 --mess-rate 0.002 --algorithm betweenness,1.1283900000009999,2480,2452,2446,2465,2417,2480,2480,2480,2452,2480,2453,2467,2436,2445,2446,2480,2453,2472,2473,2480,1796,2418,2465,2472,2463,2480,2457,2459,2467,2473,2463,2480,2459,2480,2480,2480,2457,2436,2445,1796,2459,2417,2418,2459
project/sim_ext.py --sim-time 1.5 --seq-graph project/file/graph_15_nodes.json --traffic project/file/traffic_15_nodes_outer_chatting.json --inspection-rate 0.001 --mess-rate 0.002 --algorithm betweenness,1.129508000001,2480,2452,2446,2465,2417,2480,2480,2480,2452,2480,2453,2467,2436,2445,2446,2480,2453,2472,2473,2480,1796,2418,2465,2472,2463,2480,2457,2459,2467,2473,2463,2480,2459,2480,2480,2480,2457,2436,2445,1796,2459,2417,2418,2459
project/sim_ext.py --sim-time 1.5 --seq-graph project/file/graph_15_nodes.json --traffic project/file/traffic_15_nodes_outer_chatting.json --inspection-rate 0.001 --mess-rate 0.002 --algorithm betweenness,1.130527000001,2480,2452,2446,2465,2417,2480,2480,2480,2452,2480,2453,2467,2436,2445,2446,2480,2453,2472,2473,2480,1796,2418,2465,2472,2463,2480,2457,2459,2467,2473,2463,2480,2459,2480,2480,2480,2457,2436,2445,1796,2459,2417,2418,2459
project/sim_ext.py --sim-time 1.5 --seq-graph project/file/graph_15_nodes.json --traffic project/file/traffic_15_nodes_outer_chatting.json --inspection-rate 0.001 --mess-rate 0.002 --algorithm betweenness,1.131660000001,2480,2452,2446,2465,2417,2480,2480,2480,2452,2480,2453,2467,2436,2445,2446,2480,2453,2472,2473,2480,1796,2418,2465,2472,2463,2480,2457,2459,2467,2473,2463,2480,2459,2480,2480,2480,2457,2436,2445,1796,2459,2417,2418,2459
project/sim_ext.py --sim-time 1.5 --seq-graph project/file/graph_15_nodes.json --traffic project/file/traffic_15_nodes_outer_chatting.json --inspection-rate 0.001 --mess-rate 0.002 --algorithm betweenness,1.132665000001,2480,2452,2446,2465,2417,2480,2480,2480,2452,2480,2453,2467,2436,2445,2446,2480,2453,2472,2473,2480,1796,2418,2465,2472,2463,2480,2457,2459,2467,2473,2463,2480,2459,2480,2480,2480,2457,2436,2445,1796,2459,2417,2418,2459
project/sim_ext.py --sim-time 1.5 --seq-graph project/file/graph_15_nodes.json --traffic project/file/traffic_15_nodes_outer_chatting.json --inspection-rate 0.001 --mess-rate 0.002 --algorithm betweenness,1.133667000001,2480,2452,2446,2465,2417,2480,2480,2480,2452,2480,2453,2467,2436,2445,2446,2480,2453,2472,2473,2480,1796,2418,2465,2472,2463,2480,2457,2459,2467,2473,2463,2480,2459,2480,2480,2480,2457,2436,2445,1796,2459,2417,2418,2459
project/sim_ext.py --sim-time 1.5 --seq-graph project/file/graph_15_nodes.json --traffic project/file/traffic_15_nodes_outer_chatting.json --inspection-rate 0.001 --mess-rate 0.002 --algorithm betweenness,1.1347230558525676,2480,2452,2446,2465,2417,2480,2480,2480,2452,2480,2453,2467,2436,2445,2446,2480,2453,2472,2473,2480,1796,2418,2465,2472,2463,2480,2457,2459,2467,2473,2463,2480,2459,2480,2480,2480,2457,2436,2445,1796,2459,2417,2418,2459
project/sim_ext.py --sim-time 1.5 --seq-graph project/file/graph_15_nodes.json --traffic project/file/traffic_15_nodes_outer_chatting.json --inspection-rate 0.001 --mess-rate 0.002 --algorithm betweenness,1.135795000001,2480,2452,2446,2465,2417,2480,2480,2480,2452,2480,2453,2467,2436,2445,2446,2480,2453,2472,2473,2480,1796,2418,2465,2472,2463,2480,2457,2459,2467,2473,2463,2480,2459,2480,2480,2480,2457,2436,2445,1796,2459,2417,2418,2459
project/sim_ext.py --sim-time 1.5 --seq-graph project/file/graph_15_nodes.json --traffic project/file/traffic_15_nodes_outer_chatting.json --inspection-rate 0.001 --mess-rate 0.002 --algorithm betweenness,1.136805199997,2480,2452,2446,2465,2417,2480,2480,2480,2452,2480,2453,2467,2436,2445,2446,2480,2453,2472,2473,2480,1876,2418,2465,2472,2463,2480,2457,2459,2467,2473,2463,2480,2459,2480,2480,2480,2457,2436,2445,1876,2459,2417,2418,2459
project/sim_ext.py --sim-time 1.5 --seq-graph project/file/graph_15_nodes.json --traffic project/file/traffic_15_nodes_outer_chatting.json --inspection-rate 0.001 --mess-rate 0.002 --algorithm betweenness,1.1378420000009999,2480,2452,2446,2465,2417,2480,2480,2480,2452,2480,2453,2467,2436,2445,2446,2480,2453,2472,2473,2480,1876,2418,2465,2472,2463,2480,2457,2459,2467,2473,2463,2480,2459,2480,2480,2480,2457,2436,2445,1876,2459,2417,2418,2459
project/sim_ext.py --sim-time 1.5 --seq-graph project/file/graph_15_nodes.json --traffic project/file/traffic_15_nodes_outer_chatting.json --inspection-rate 0.001 --mess-rate 0.002 --algorithm betweenness,1.138907000001,2480,2452,2446,2465,2417,2480,2480,2480,2452,2480,2453,2467,2436,2445,2446,2480,2453,2472,2473,2480,1876,2418,2465,2472,2463,2480,2457,2459,2467,2473,2463,2480,2459,2480,2480,2480,2457,2436,2445,1876,2459,2417,2418,2459
project/sim_ext.py --sim-time 1.5 --seq-graph project/file/graph_15_nodes.json --traffic project/file/traffic_15_nodes_outer_chatting.json --inspection-rate 0.001 --mess-rate 0.002 --algorithm betweenness,1.139981000001,2480,2452,2446,2465,2417,2480,2480,2480,2452,2480,2453,2467,2436,2445,2446,2480,2453,2472,2473,2480,1876,2418,2465,2472,2463,2480,2457,2459,2467,2473,2463,2480,2459,2480,2480,2480,2457,2436,2445,1876,2459,2417,2418,2459
project/sim_ext.py --sim-time 1.5 --seq-graph project/file/graph_15_nodes.json --traffic project/file/traffic_15_nodes_outer_chatting.json --inspection-rate 0.001 --mess-rate 0.002 --algorithm betweenness,1.141213000001,2480,2452,2446,2465,2417,2480,2480,2480,2452,2480,2453,2467,2436,2445,2446,2480,2453,2472,2473,2480,1876,2418,2465,2472,2463,2480,2457,2459,2467,2473,2463,2480,2459,2480,2480,2480,2457,2436,2445,1876,2459,2417,2418,2459
project/sim_ext.py --sim-time 1.5 --seq-graph project/file/graph_15_nodes.json --traffic project/file/traffic_15_nodes_outer_chatting.json --inspection-rate 0.001 --mess-rate 0.002 --algorithm betweenness,1.142266513582134,2480,2452,2446,2465,2417,2480,2480,2480,2452,2480,2453,2467,2436,2445,2446,2480,2453,2472,2473,2480,1876,2418,2465,2472,2463,2480,2457,2459,2467,2473,2463,2480,2459,2480,2480,2480,2457,2436,2445,1876,2459,2417,2418,2459
project/sim_ext.py --sim-time 1.5 --seq-graph project/file/graph_15_nodes.json --traffic project/file/traffic_15_nodes_outer_chatting.json --inspection-rate 0.001 --mess-rate 0.002 --algorithm betweenness,1.143269999902,2480,2452,2446,2465,2417,2480,2480,2480,2452,2480,2453,2467,2436,2445,2446,2480,2453,2472,2473,2480,1876,2418,2465,2472,2463,2480,2457,2459,2467,2473,2463,2480,2459,2480,2480,2480,2457,2436,2445,1876,2459,2417,2418,2459
project/sim_ext.py --sim-time 1.5 --seq-graph project/file/graph_15_nodes.json --traffic project/file/traffic_15_nodes_outer_chatting.json --inspection-rate 0.001 --mess-rate 0.002 --algorithm betweenness,1.144424999902,2480,2452,2446,2465,2417,2480,2480,2480,2452,2480,2453,2467,2436,2445,2446,2480,2453,2472,2473,2480,1876,2418,2465,2472,2463,2480,2457,2459,2467,2473,2463,2480,2459,2480,2480,2480,2457,2436,2445,1876,2459,2417,2418,2459
project/sim_ext.py --sim-time 1.5 --seq-graph project/file/graph_15_nodes.json --traffic project/file/traffic_15_nodes_outer_chatting.json --inspection-rate 0.001 --mess-rate 0.002 --algorithm betweenness,1.1454400000009999,2480,2452,2446,2465,2417,2480,2480,2480,2452,2480,2453,2467,2436,2445,2446,2480,2453,2472,2473,2480,1876,2418,2465,2472,2463,2480,2457,2459,2467,2473,2463,2480,2459,2480,2480,2480,2457,2436,2445,1876,2459,2417,2418,2459
project/sim_ext.py --sim-time 1.5 --seq-graph project/file/graph_15_nodes.json --traffic project/file/traffic_15_nodes_outer_chatting.json --inspection-rate 0.001 --mess-rate 0.002 --algorithm betweenness,1.146556000001,2480,2452,2446,2465,2417,2480,2480,2480,2452,2480,2453,2467,2436,2445,2446,2480,2453,2472,2473,2480,1876,2418,2465,2472,2463,2480,2457,2459,2467,2473,2463,2480,2459,2480,2480,2480,2457,2436,2445,1876,2459,2417,2418,2459
project/sim_ext.py --sim-time 1.5 --seq-graph project/file/graph_15_nodes.json --traffic project/file/traffic_15_nodes_outer_chatting.json --inspection-rate 0.001 --mess-rate 0.002 --algorithm betweenness,1.1475830000009999,2480,2452,2446,2465,2417,2480,2480,2480,2452,2480,2453,2467,2436,2445,2446,2480,2453,2472,2473,2480,1876,2418,2465,2472,2463,2480,2457,2459,2467,2473,2463,2480,2459,2480,2480,2480,2457,2436,2445,1876,2459,2417,2418,2459
project/sim_ext.py --sim-time 1.5 --seq-graph project/file/graph_15_nodes.json --traffic project/file/traffic_15_nodes_outer_chatting.json --inspection-rate 0.001 --mess-rate 0.002 --algorithm betweenness,1.1486239873699866,2480,2452,2446,2465,2417,2480,2480,2480,2452,2480,2453,2467,2436,2445,2446,2480,2453,2472,2473,2480,1876,2418,2465,2472,2463,2480,2457,2459,2467,2473,2463,2480,2459,2480,2480,2480,2457,2436,2445,1876,2459,2417,2418,2459
project/sim_ext.py --sim-time 1.5 --seq-graph project/file/graph_15_nodes.json --traffic project/file/traffic_15_nodes_outer_chatting.json --inspection-rate 0.001 --mess-rate 0.002 --algorithm betweenness,1.149626000001,2480,2452,2446,2465,2417,2480,2480,2480,2452,2480,2453,2467,2436,2445,2446,2480,2453,2472,2473,2480,1876,2418,2465,2472,2463,2480,2457,2459,2467,2473,2463,2480,2459,2480,2480,2480,2457,2436,2445,1876,2459,2417,2418,2459
project/sim_ext.py --sim-time 1.5 --seq-graph project/file/graph_15_nodes.json --traffic project/file/traffic_15_nodes_outer_chatting.json --inspection-rate 0.001 --mess-rate 0.002 --algorithm betweenness,1.1506600000009999,2480,2452,2446,2465,2417,2480,2480,2480,2452,2480,2453,2467,2436,2445,2446,2480,2453,2472,2473,2480,1876,2418,2465,2472,2463,2480,2457,2459,2467,2473,2463,2480,2459,2480,2480,2480,2457,2436,2445,1876,2459,2417,2418,2459
project/sim_ext.py --sim-time 1.5 --seq-graph project/file/graph_15_nodes.json --traffic project/file/traffic_15_nodes_outer_chatting.json --inspection-rate 0.001 --mess-rate 0.002 --algorithm betweenness,1.151804999902,2480,2452,2446,2465,2417,2480,2480,2480,2452,2480,2453,2467,2436,2445,2446,2480,2453,2472,2473,2480,1876,2418,2465,2472,2463,2480,2457,2459,2467,2473,2463,2480,2459,2480,2480,2480,2457,2436,2445,1876,2459,2417,2418,2459
project/sim_ext.py --sim-time 1.5 --seq-graph project/file/graph_15_nodes.json --traffic project/file/traffic_15_nodes_outer_chatting.json --inspection-rate 0.001 --mess-rate 0.002 --algorithm betweenness,1.1529308095918398,2480,2452,2446,2465,2417,2480,2480,2480,2452,2480,2453,2467,2436,2445,2446,2480,2453,2472,2473,2480,1876,2418,2465,2472,2463,2480,2457,2459,2467,2473,2463,2480,2459,2480,2480,2480,2457,2436,2445,1876,2459,2417,2418,2459
project/sim_ext.py --sim-time 1.5 --seq-graph project/file/graph_15_nodes.json --traffic project/file/traffic_15_nodes_outer_chatting.json --inspection-rate 0.001 --mess-rate 0.002 --algorithm betweenness,1.1540340000009999,2480,2452,2446,2465,2417,2480,2480,2480,2452,2480,2453,2467,2436,2445,2446,2480,2453,2472,2473,2480,1876,2418,2465,2472,2463,2480,2457,2459,2467,2473,2463,2480,2459,2480,2480,2480,2457,2436,2445,1876,2459,2417,2418,2459
project/sim_ext.py --sim-time 1.5 --seq-graph project/file/graph_15_nodes.json --traffic project/file/traffic_15_nodes_outer_chatting.json --inspection-rate 0.001 --mess-rate 0.002 --algorithm betweenness,1.1551338576044794,2480,2452,2446,2465,2417,2480,2480,2480,2452,2480,2453,2467,2436,2445,2446,2480,2453,2472,2473,2480,1876,2418,2465,2472,2463,2480,2457,2459,2467,2473,2463,2480,2459,2480,2480,2480,2457,2436,2445,1876,2459,2417,2418,2459
project/sim_ext.py --sim-time 1.5 --seq-graph project/file/graph_15_nodes.json --traffic project/file/traffic_15_nodes_outer_chatting.json --inspection-rate 0.001 --mess-rate 0.002 --algorithm betweenness,1.156182000001,2480,2532,2526,2545,2417,2480,2560,2560,2532,2560,2533,2547,2516,2445,2526,2560,2533,2552,2473,2560,1876,2498,2545,2552,2543,2480,2537,2539,2547,2473,2543,2480,2459,2560,2480,2480,2537,2516,2445,1876,2459,2417,2498,2539
project/sim_ext.py --sim-time 1.5 --seq-graph project/file/graph_15_nodes.json --traffic project/file/traffic_15_nodes_outer_chatting.json --inspection-rate 0.001 --mess-rate 0.002 --algorithm betweenness,1.157202000001,2480,2532,2526,2545,2417,2480,2560,2560,2532,2560,2533,2547,2516,2445,2526,2560,2533,2552,2473,2560,1876,2498,2545,2552,2543,2480,2537,2539,2547,2473,2543,2480,2459,2560,2480,2480,2537,2516,2445,1876,2459,2417,2498,2539
project/sim_ext.py --sim-time 1.5 --seq-graph project/file/graph_15_nodes.json --traffic project/file/traffic_15_nodes_outer_chatting.json --inspection-rate 0.001 --mess-rate 0.002 --algorithm betweenness,1.158275000001,2480,2532,2526,2545,2417,2480,2560,2560,2532,2560,2533,2547,2516,2445,2526,2560,2533,2552,2473,2560,1876,2498,2545,2552,2543,2480,2537,2539,2547,2473,2543,2480,2459,2560,2480,2480,2537,2516,2445,1876,2459,2417,2498,2539
project/sim_ext.py --sim-time 1.5 --seq-graph project/file/graph_15_nodes.json --traffic project/file/traffic_15_nodes_outer_chatting.json --inspection-rate 0.001 --mess-rate 0.002 --algorithm betweenness,1.1593002450790357,2480,2532,2526,2545,2417,2480,2560,2560,2532,2560,2533,2547,2516,2445,2526,2560,2533,2552,2473,2560,1876,2498,2545,2552,2543,2480,2537,2539,2547,2473,2543,2480,2459,2560,2480,2480,2537,2516,2445,1876,2459,2417,2498,2539
project/sim_ext.py --sim-time 1.5 --seq-graph project/file/graph_15_nodes.json --traffic project/file/traffic_15_nodes_outer_chatting.json --inspection-rate 0.001 --mess-rate 0.002 --algorithm betweenness,1.160311000001,2480,2532,2526,2545,2417,2480,2560,2560,2532,2560,2533,2547,2516,2445,2526,2560,2533,2552,2473,2560,1876,2498,2545,2552,2543,2480,2537,2539,2547,2473,2543,2480,2459,2560,2480,2480,2537,2516,2445,1876,2459,2417,2498,2539
project/sim_ext.py --sim-time 1.5 --seq-graph project/file/graph_15_nodes.json --traffic project/file/traffic_15_nodes_outer_chatting.json --inspection-rate 0.001 --mess-rate 0.002 --algorithm betweenness,1.161477000001,2480,2532,2526,2545,2417,2480,2560,2560,2532,2560,2533,2547,2516,2445,2526,2560,2533,2552,2473,2560,1876,2498,2545,2552,2543,2480,2537,2539,2547,2473,2543,2480,2459,2560,2480,2480,2537,2516,2445,1876,2459,2417,2498,2539
project/sim_ext.py --sim-time 1.5 --seq-graph project/file/graph_15_nodes.json --traffic project/file/traffic_15_nodes_outer_chatting.json --inspection-rate 0.001 --mess-rate 0.002 --algorithm betweenness,1.162580000001,2480,2532,2526,2545,2417,2480,2560,2560,2532,2560,2533,2547,2516,2445,2526,2560,2533,2552,2473,2560,1876,2498,2545,2552,2543,2480,2537,2539,2547,2473,2543,2480,2459,2560,2480,2480,2537,2516,2445,1876,2459,2417,2498,2539
project/sim_ext.py --sim-time 1.5 --seq-graph project/file/graph_15_nodes.json --traffic project/file/traffic_15_nodes_outer_chatting.json --inspection-rate 0.001 --mess-rate 0.002 --algorithm betweenness,1.163668000001,2480,2532,2526,2545,2417,2480,2560,2560,2532,2560,2533,2547,2516,2445,2526,2560,2533,2552,2473,2560,1876,2498,2545,2552,2543,2480,2537,2539,2547,2473,2543,2480,2459,2560,2480,2480,2537,2516,2445,1876,2459,2417,2498,2539
project/sim_ext.py --sim-time 1.5 --seq-graph project/file/graph_15_nodes.json --traffic project/file/traffic_15_nodes_outer_chatting.json --inspection-rate 0.001 --mess-rate 0.002 --algorithm betweenness,1.164817452742064,2480,2532,2526,2545,2417,2480,2560,2560,2532,2560,2533,2547,2516,2445,2526,2560,2533,2552,2473,2560,1876,2498,2545,2552,2543,2480,2537,2539,2547,2473,2543,2480,2459,2560,2480,2480,2537,2516,2445,1876,2459,2417,2498,2539
project/sim_ext.py --sim-time 1.5 --seq-graph project/file/graph_15_nodes.json --traffic project/file/traffic_15_nodes_outer_chatting.json --inspection-rate 0.001 --mess-rate 0.002 --algorithm betweenness,1.166004000001,2480,2532,2526,2545,2417,2480,2560,2560,2532,2560,2533,2547,2516,2445,2526,2560,2533,2552,2473,2560,1876,2498,2545,2552,2543,2480,2537,2539,2547,2473,2543,2480,2459,2560,2480,2480,2537,2516,2445,1876,2459,2417,2498,2539
project/sim_ext.py --sim-time 1.5 --seq-graph project/file/graph_15_nodes.json --traffic project/file/traffic_15_nodes_outer_chatting.json --inspection-rate 0.001 --mess-rate 0.002 --algorithm betweenness,1.1670153999969999,2560,2532,2526,2545,2497,2560,2560,2560,2532,2560,2533,2547,2516,2525,2526,2560,2533,2552,2553,2560,1876,2498,2545,2552,2543,2560,2537,2539,2547,2553,2543,2560,2539,2560,2560,2560,2537,2516,2525,1876,2539,2497,2498,2539
project/sim_ext.py --sim-time 1.5 --seq-graph project/file/graph_15_nodes.json --traffic project/file/traffic_15_nodes_outer_chatting.json --inspection-rate 0.001 --mess-rate 0.002 --algorithm betweenness,1.1680178045524419,2560,2532,2526,2545,2497,2560,2560,2560,2532,2560,2533,2547,2516,2525,2526,2560,2533,2552,2553,2560,1876,2498,2545,2552,2543,2560,2537,2539,2547,2553,2543,2560,2539,2560,2560,2560,2537,2516,2525,1876,2539,2497,2498,2539
project/sim_ext.py --sim-time 1.5 --seq-graph project/file/graph_15_nodes.json --traffic project/file/traffic_15_nodes_outer_chatting.json --inspection-rate 0.001 --mess-rate 0.002 --algorithm betweenness,1.169034000001,2560,2532,2526,2545,2497,2560,2560,2560,2532,2560,2533,2547,2516,2525,2526,2560,2533,2552,2553,2560,1876,2498,2545,2552,2543,2560,2537,2539,2547,2553,2543,2560,2539,2560,2560,2560,2537,2516,2525,1876,2539,2497,2498,2539
project/sim_ext.py --sim-time 1.5 --seq-graph project/file/graph_15_nodes.json --traffic project/file/traffic_15_nodes_outer_chatting.json --inspection-rate 0.001 --mess-rate 0.002 --algorithm betweenness,1.170276000001,2560,2532,2526,2545,2497,2560,2560,2560,2532,2560,2533,2547,2516,2525,2526,2560,2533,2552,2553,2560,1876,2498,2545,2552,2543,2560,2537,2539,2547,2553,2543,2560,2539,2560,2560,2560,2537,2516,2525,1876,2539,2497,2498,2539
project/sim_ext.py --sim-time 1.5 --seq-graph project/file/graph_15_nodes.json --traffic project/file/traffic_15_nodes_outer_chatting.json --inspection-rate 0.001 --mess-rate 0.002 --algorithm betweenness,1.171361000001,2560,2532,2526,2545,2497,2560,2560,2560,2532,2560,2533,2547,2516,2525,2526,2560,2533,2552,2553,2560,1876,2498,2545,2552,2543,2560,2537,2539,2547,2553,2543,2560,2539,2560,2560,2560,2537,2516,2525,1876,2539,2497,2498,2539
project/sim_ext.py --sim-time 1.5 --seq-graph project/file/graph_15_nodes.json --traffic project/file/traffic_15_nodes_outer_chatting.json --inspection-rate 0.001 --mess-rate 0.002 --algorithm betweenness,1.1724387769904028,2560,2532,2526,2545,2497,2560,2560,2560,2532,2560,2533,2547,2516,2525,2526,2560,2533,2552,2553,2560,1876,2498,2545,2552,2543,2560,2537,2539,2547,2553,2543,2560,2539,2560,2560,2560,2537,2516,2525,1876,2539,2497,2498,2539
project/sim_ext.py --sim-time 1.5 --seq-graph project/file/graph_15_nodes.json --traffic project/file/traffic_15_nodes_outer_chatting.json --inspection-rate 0.001 --mess-rate 0.002 --algorithm betweenness,1.173648000001,2560,2532,2526,2545,2497,2560,2560,2560,2532,2560,2533,2547,2516,2525,2526,2560,2533,2552,2553,2560,1876,2498,2545,2552,2543,2560,2537,2539,2547,2553,2543,2560,2539,2560,2560,2560,2537,2516,2525,1876,2539,2497,2498,2539
project/sim_ext.py --sim-time 1.5 --seq-graph project/file/graph_15_nodes.json --traffic project/file/traffic_15_nodes_outer_chatting.json --inspection-rate 0.001 --mess-rate 0.002 --algorithm betweenness,1.174767000001,2560,2532,2526,2545,2497,2560,2560,2560,2532,2560,2533,2547,2516,2525,2526,2560,2533,2552,2553,2560,1876,2498,2545,2552,2543,2560,2537,2539,2547,2553,2543,2560,2539,2560,2560,2560,2537,2516,2525,1876,2539,2497,2498,2539
project/sim_ext.py --sim-time 1.5 --seq-graph project/file/graph_15_nodes.json --traffic project/file/traffic_15_nodes_outer_chatting.json --inspection-rate 0.001 --mess-rate 0.002 --algorithm betweenness,1.175896000001,2560,2532,2526,2545,2497,2560,2560,2560,2532,2560,2533,2547,2516,2525,2526,2560,2533,2552,2553,2560,1956,2498,2545,2552,2543,2560,2537,2539,2547,2553,2543,2560,2539,2560,2560,2560,2537,2516,2525,1956,2539,2497,2498,2539
project/sim_ext.py --sim-time 1.5 --seq-graph project/file/graph_15_nodes.json --traffic project/file/traffic_15_nodes_outer_chatting.json --inspection-rate 0.001 --mess-rate 0.002 --algorithm betweenness,1.177102000001,2560,2532,2526,2545,2497,2560,2560,2560,2532,2560,2533,2547,2516,2525,2526,2560,2533,2552,2553,2560,1956,2498,2545,2552,2543,2560,2537,2539,2547,2553,2543,2560,2539,2560,2560,2560,2537,2516,2525,1956,2539,2497,2498,2539
project/sim_ext.py --sim-time 1.5 --seq-graph project/file/graph_15_nodes.json --traffic project/file/traffic_15_nodes_outer_chatting.json --inspection-rate 0.001 --mess-rate 0.002 --algorithm betweenness,1.178246000001,2560,2532,2526,2545,2497,2560,2560,2560,2532,2560,2533,2547,2516,2525,2526,2560,2533,2552,2553,2560,1956,2498,2545,2552,2543,2560,2537,2539,2547,2553,2543,2560,2539,2560,2560,2560,2537,2516,2525,1956,2539,2497,2498,2539
project/sim_ext.py --sim-time 1.5 --seq-graph project/file/graph_15_nodes.json --traffic project/file/traffic_15_nodes_outer_chatting.json --inspection-rate 0.001 --mess-rate 0.002 --algorithm betweenness,1.179380000001,2560,2532,2526,2545,2497,2560,2560,2560,2532,2560,2533,2547,2516,2525,2526,2560,2533,2552,2553,2560,1956,2498,2545,2552,2543,2560,2537,2539,2547,2553,2543,2560,2539,2560,2560,2560,2537,2516,2525,1956,2539,2497,2498,2539
project/sim_ext.py --sim-time 1.5 --seq-graph project/file/graph_15_nodes.json --traffic project/file/traffic_15_nodes_outer_chatting.json --inspection-rate 0.001 --mess-rate 0.002 --algorithm betweenness,1.180478799997,2560,2532,2526,2545,2497,2560,2560,2560,2532,2560,2533,2547,2516,2525,2526,2560,2533,2552,2553,2560,1956,2498,2545,2552,2543,2560,2537,2539,2547,2553,2543,2560,2539,2560,2560,2560,2537,2516,2525,1956,2539,2497,2498,2539
project/sim_ext.py --sim-time 1.5 --seq-graph project/file/graph_15_nodes.json --traffic project/file/traffic_15_nodes_outer_chatting.json --inspection-rate 0.001 --mess-rate 0.002 --algorithm betweenness,1.181510000001,2560,2532,2526,2545,2497,2560,2560,2560,2532,2560,2533,2547,2516,2525,2526,2560,2533,2552,2553,2560,1956,2498,2545,2552,2543,2560,2537,2539,2547,2553,2543,2560,2539,2560,2560,2560,2537,2516,2525,1956,2539,2497,2498,2539
project/sim_ext.py --sim-time 1.5 --seq-graph project/file/graph_15_nodes.json --traffic project/file/traffic_15_nodes_outer_chatting.json --inspection-rate 0.001 --mess-rate 0.002 --algorithm betweenness,1.182548199997,2560,2532,2526,2545,2497,2560,2560,2560,2532,2560,2533,2547,2516,2525,2526,2560,2533,2552,2553,2560,1956,2498,2545,2552,2543,2560,2537,2539,2547,2553,2543,2560,2539,2560,2560,2560,2537,2516,2525,1956,2539,2497,2498,2539
project/sim_ext.py --sim-time 1.5 --seq-graph project/file/graph_15_nodes.json --traffic project/file/traffic_15_nodes_outer_chatting.json --inspection-rate 0.001 --mess-rate 0.002 --algorithm betweenness,1.1836632786890873,2560,2532,2526,2545,2497,2560,2560,2560,2532,2560,2533,2547,2516,2525,2526,2560,2533,2552,2553,2560,1956,2498,2545,2552,2543,2560,2537,2539,2547,2553,2543,2560,2539,2560,2560,2560,2537,2516,2525,1956,2539,2497,2498,2539
project/sim_ext.py --sim-time 1.5 --seq-graph project/file/graph_15_nodes.json --traffic project/file/traffic_15_nodes_outer_chatting.json --inspection-rate 0.001 --mess-rate 0.002 --algorithm betweenness,1.184756337620593,2560,2532,2526,2545,2497,2560,2560,2560,2532,2560,2533,2547,2516,2525,2526,2560,2533,2552,2553,2560,1956,2498,2545,2552,2543,2560,2537,2539,2547,2553,2543,2560,2539,2560,2560,2560,2537,2516,2525,1956,2539,2497,2498,2539
project/sim_ext.py --sim-time 1.5 --seq-graph project/file/graph_15_nodes.json --traffic project/file/traffic_15_nodes_outer_chatting.json --inspection-rate 0.001 --mess-rate 0.002 --algorithm betweenness,1.185811000001,2560,2532,2526,2545,2497,2560,2560,2560,2532,2560,2533,2547,2516,2525,2526,2560,2533,2552,2553,2560,1956,2498,2545,2552,2543,2560,2537,2539,2547,2553,2543,2560,2539,2560,2560,2560,2537,2516,2525,1956,2539,2497,2498,2539
project/sim_ext.py --sim-time 1.5 --seq-graph project/file/graph_15_nodes.json --traffic project/file/traffic_15_nodes_outer_chatting.json --inspection-rate 0.001 --mess-rate 0.002 --algorithm betweenness,1.1869440000009999,2560,2532,2526,2545,2497,2560,2560,2560,2532,2560,2533,2547,2516,2525,2526,2560,2533,2552,2553,2560,1956,2498,2545,2552,2543,2560,2537,2539,2547,2553,2543,2560,2539,2560,2560,2560,2537,2516,2525,1956,2539,2497,2498,2539
project/sim_ext.py --sim-time 1.5 --seq-graph project/file/graph_15_nodes.json --traffic project/file/traffic_15_nodes_outer_chatting.json --inspection-rate 0.001 --mess-rate 0.002 --algorithm betweenness,1.1881349999019999,2560,2532,2526,2545,2497,2560,2560,2560,2532,2560,2533,2547,2516,2525,2526,2560,2533,2552,2553,2560,1956,2498,2545,2552,2543,2560,2537,2539,2547,2553,2543,2560,2539,2560,2560,2560,2537,2516,2525,1956,2539,2497,2498,2539
project/sim_ext.py --sim-time 1.5 --seq-graph project/file/graph_15_nodes.json --traffic project/file/traffic_15_nodes_outer_chatting.json --inspection-rate 0.001 --mess-rate 0.002 --algorithm betweenness,1.189215000001,2560,2532,2526,2545,2497,2560,2560,2560,2532,2560,2533,2547,2516,2525,2526,2560,2533,2552,2553,2560,1956,2498,2545,2552,2543,2560,2537,2539,2547,2553,2543,2560,2539,2560,2560,2560,2537,2516,2525,1956,2539,2497,2498,2539
project/sim_ext.py --sim-time 1.5 --seq-graph project/file/graph_15_nodes.json --traffic project/file/traffic_15_nodes_outer_chatting.json --inspection-rate 0.001 --mess-rate 0.002 --algorithm betweenness,1.190359000001,2560,2532,2526,2545,2497,2560,2560,2560,2532,2560,2533,2547,2516,2525,2526,2560,2533,2552,2553,2560,1956,2498,2545,2552,2543,2560,2537,2539,2547,2553,2543,2560,2539,2560,2560,2560,2537,2516,2525,1956,2539,2497,2498,2539
project/sim_ext.py --sim-time 1.5 --seq-graph project/file/graph_15_nodes.json --traffic project/file/traffic_15_nodes_outer_chatting.json --inspection-rate 0.001 --mess-rate 0.002 --algorithm betweenness,1.1915047211157666,2560,2532,2526,2545,2497,2560,2560,2560,2532,2560,2533,2547,2516,2525,2526,2560,2533,2552,2553,2560,1956,2498,2545,2552,2543,2560,2537,2539,2547,2553,2543,2560,2539,2560,2560,2560,2537,2516,2525,1956,2539,2497,2498,2539
project/sim_ext.py --sim-time 1.5 --seq-graph project/file/graph_15_nodes.json --traffic project/file/traffic_15_nodes_outer_chatting.json --inspection-rate 0.001 --mess-rate 0.002 --algorithm betweenness,1.192630000001,2560,2532,2526,2545,2497,2560,2560,2560,2532,2560,2533,2547,2516,2525,2526,2560,2533,2552,2553,2560,1956,2498,2545,2552,2543,2560,2537,2539,2547,2553,2543,2560,2539,2560,2560,2560,2537,2516,2525,1956,2539,2497,2498,2539
project/sim_ext.py --sim-time 1.5 --seq-graph project/file/graph_15_nodes.json --traffic project/file/traffic_15_nodes_outer_chatting.json --inspection-rate 0.001 --mess-rate 0.002 --algorithm betweenness,1.193720000001,2560,2532,2526,2545,2497,2560,2560,2560,2532,2560,2533,2547,2516,2525,2526,2560,2533,2552,2553,2560,1956,2498,2545,2552,2543,2560,2537,2539,2547,2553,2543,2560,2539,2560,2560,2560,2537,2516,2525,1956,2539,2497,2498,2539
project/sim_ext.py --sim-time 1.5 --seq-graph project/file/graph_15_nodes.json --traffic project/file/traffic_15_nodes_outer_chatting.json --inspection-rate 0.001 --mess-rate 0.002 --algorithm betweenness,1.194869000001,2560,2532,2526,2545,2497,2560,2560,2560,2532,2560,2533,2547,2516,2525,2526,2560,2533,2552,2553,2560,1956,2498,2545,2552,2543,2560,2537,2539,2547,2553,2543,2560,2539,2560,2560,2560,2537,2516,2525,1956,2539,2497,2498,2539
project/sim_ext.py --sim-time 1.5 --seq-graph project/file/graph_15_nodes.json --traffic project/file/traffic_15_nodes_outer_chatting.json --inspection-rate 0.001 --mess-rate 0.002 --algorithm betweenness,1.195973000001,2560,2532,2526,2545,2497,2560,2560,2560,2532,2560,2533,2547,2516,2525,2526,2560,2533,2552,2553,2560,1956,2498,2545,2552,2543,2560,2537,2539,2547,2553,2543,2560,2539,2560,2560,2560,2537,2516,2525,1956,2539,2497,2498,2539
project/sim_ext.py --sim-time 1.5 --seq-graph project/file/graph_15_nodes.json --traffic project/file/traffic_15_nodes_outer_chatting.json --inspection-rate 0.001 --mess-rate 0.002 --algorithm betweenness,1.1971033710223455,2640,2612,2606,2625,2577,2640,2640,2640,2612,2640,2613,2627,2596,2605,2606,2640,2613,2632,2633,2640,1956,2578,2625,2632,2623,2640,2617,2619,2627,2633,2623,2640,2619,2640,2640,2640,2617,2596,2605,1956,2619,2577,2578,2619
project/sim_ext.py --sim-time 1.5 --seq-graph project/file/graph_15_nodes.json --traffic project/file/traffic_15_nodes_outer_chatting.json --inspection-rate 0.001 --mess-rate 0.002 --algorithm betweenness,1.198266000001,2640,2612,2606,2625,2577,2640,2640,2640,2612,2640,2613,2627,2596,2605,2606,2640,2613,2632,2633,2640,1956,2578,2625,2632,2623,2640,2617,2619,2627,2633,2623,2640,2619,2640,2640,2640,2617,2596,2605,1956,2619,2577,2578,2619
project/sim_ext.py --sim-time 1.5 --seq-graph project/file/graph_15_nodes.json --traffic project/file/traffic_15_nodes_outer_chatting.json --inspection-rate 0.001 --mess-rate 0.002 --algorithm betweenness,1.199304999895,2640,2612,2606,2625,2577,2640,2640,2640,2612,2640,2613,2627,2596,2605,2606,2640,2613,2632,2633,2640,1956,2578,2625,2632,2623,2640,2617,2619,2627,2633,2623,2640,2619,2640,2640,2640,2617,2596,2605,1956,2619,2577,2578,2619
project/sim_ext.py --sim-time 1.5 --seq-graph project/file/graph_15_nodes.json --traffic project/file/traffic_15_nodes_outer_chatting.json --inspection-rate 0.001 --mess-rate 0.002 --algorithm betweenness,1.200309000001,2640,2612,2606,2625,2577,2640,2640,2640,2612,2640,2613,2627,2596,2605,2606,2640,2613,2632,2633,2640,1956,2578,2625,2632,2623,2640,2617,2619,2627,2633,2623,2640,2619,2640,2640,2640,2617,2596,2605,1956,2619,2577,2578,2619
project/sim_ext.py --sim-time 1.5 --seq-graph project/file/graph_15_nodes.json --traffic project/file/traffic_15_nodes_outer_chatting.json --inspection-rate 0.001 --mess-rate 0.002 --algorithm betweenness,1.201339000001,2640,2612,2606,2625,2577,2640,2640,2640,2612,2640,2613,2627,2596,2605,2606,2640,2613,2632,2633,2640,1956,2578,2625,2632,2623,2640,2617,2619,2627,2633,2623,2640,2619,2640,2640,2640,2617,2596,2605,1956,2619,2577,2578,2619
project/sim_ext.py --sim-time 1.5 --seq-graph project/file/graph_15_nodes.json --traffic project/file/traffic_15_nodes_outer_chatting.json --inspection-rate 0.001 --mess-rate 0.002 --algorithm betweenness,1.202455000001,2640,2612,2606,2625,2577,2640,2640,2640,2612,2640,2613,2627,2596,2605,2606,2640,2613,2632,2633,2640,1956,2578,2625,2632,2623,2640,2617,2619,2627,2633,2623,2640,2619,2640,2640,2640,2617,2596,2605,1956,2619,2577,2578,2619
project/sim_ext.py --sim-time 1.5 --seq-graph project/file/graph_15_nodes.json --traffic project/file/traffic_15_nodes_outer_chatting.json --inspection-rate 0.001 --mess-rate 0.002 --algorithm betweenness,1.203540199997,2640,2612,2606,2625,2577,2640,2640,2640,2612,2640,2613,2627,2596,2605,2606,2640,2613,2632,2633,2640,1956,2578,2625,2632,2623,2640,2617,2619,2627,2633,2623,2640,2619,2640,2640,2640,2617,2596,2605,1956,2619,2577,2578,2619
project/sim_ext.py --sim-time 1.5 --seq-graph project/file/graph_15_nodes.json --traffic project/file/traffic_15_nodes_outer_chatting.json --inspection-rate 0.001 --mess-rate 0.002 --algorithm betweenness,1.204575000001,2640,2612,2606,2625,2577,2640,2640,2640,2612,2640,2613,2627,2596,2605,2606,2640,2613,2632,2633,2640,1956,2578,2625,2632,2623,2640,2617,2619,2627,2633,2623,2640,2619,2640,2640,2640,2617,2596,2605,1956,2619,2577,2578,2619
project/sim_ext.py --sim-time 1.5 --seq-graph project/file/graph_15_nodes.json --traffic project/file/traffic_15_nodes_outer_chatting.json --inspection-rate 0.001 --mess-rate 0.002 --algorithm betweenness,1.205576000001,2640,2612,2606,2625,2577,2640,2640,2640,2612,2640,2613,2627,2596,2605,2606,2640,2613,2632,2633,2640,1956,2578,2625,2632,2623,2640,2617,2619,2627,2633,2623,2640,2619,2640,2640,2640,2617,2596,2605,1956,2619,2577,2578,2619
project/sim_ext.py --sim-time 1.5 --seq-graph project/file/graph_15_nodes.json --traffic project/file/traffic_15_nodes_outer_chatting.json --inspection-rate 0.001 --mess-rate 0.002 --algorithm betweenness,1.206594000001,2640,2612,2606,2625,2577,2640,2640,2640,2612,2640,2613,2627,2596,2605,2606,2640,2613,2632,2633,2640,1956,2578,2625,2632,2623,2640,2617,2619,2627,2633,2623,2640,2619,2640,2640,2640,2617,2596,2605,1956,2619,2577,2578,2619
project/sim_ext.py --sim-time 1.5 --seq-graph project/file/graph_15_nodes.json --traffic project/file/traffic_15_nodes_outer_chatting.json --inspection-rate 0.001 --mess-rate 0.002 --algorithm betweenness,1.207598000001,2640,2612,2606,2625,2577,2640,2640,2640,2612,2640,2613,2627,2596,2605,2606,2640,2613,2632,2633,2640,1956,2578,2625,2632,2623,2640,2617,2619,2627,2633,2623,2640,2619,2640,2640,2640,2617,2596,2605,1956,2619,2577,2578,2619
project/sim_ext.py --sim-time 1.5 --seq-graph project/file/graph_15_nodes.json --traffic project/file/traffic_15_nodes_outer_chatting.json --inspection-rate 0.001 --mess-rate 0.002 --algorithm betweenness,1.208714000001,2640,2612,2606,2625,2577,2640,2640,2640,2612,2640,2613,2627,2596,2605,2606,2640,2613,2632,2633,2640,1956,2578,2625,2632,2623,2640,2617,2619,2627,2633,2623,2640,2619,2640,2640,2640,2617,2596,2605,1956,2619,2577,2578,2619
project/sim_ext.py --sim-time 1.5 --seq-graph project/file/graph_15_nodes.json --traffic project/file/traffic_15_nodes_outer_chatting.json --inspection-rate 0.001 --mess-rate 0.002 --algorithm betweenness,1.2099049998909999,2640,2612,2606,2625,2577,2640,2640,2640,2612,2640,2613,2627,2596,2605,2606,2640,2613,2632,2633,2640,1956,2578,2625,2632,2623,2640,2617,2619,2627,2633,2623,2640,2619,2640,2640,2640,2617,2596,2605,1956,2619,2577,2578,2619
project/sim_ext.py --sim-time 1.5 --seq-graph project/file/graph_15_nodes.json --traffic project/file/traffic_15_nodes_outer_chatting.json --inspection-rate 0.001 --mess-rate 0.002 --algorithm betweenness,1.210926000001,2640,2612,2606,2625,2577,2640,2640,2640,2612,2640,2613,2627,2596,2605,2606,2640,2613,2632,2633,2640,1956,2578,2625,2632,2623,2640,2617,2619,2627,2633,2623,2640,2619,2640,2640,2640,2617,2596,2605,1956,2619,2577,2578,2619
project/sim_ext.py --sim-time 1.5 --seq-graph project/file/graph_15_nodes.json --traffic project/file/traffic_15_nodes_outer_chatting.json --inspection-rate 0.001 --mess-rate 0.002 --algorithm betweenness,1.211970000001,2640,2612,2606,2625,2577,2640,2640,2640,2612,2640,2613,2627,2596,2605,2606,2640,2613,2632,2633,2640,1956,2578,2625,2632,2623,2640,2617,2619,2627,2633,2623,2640,2619,2640,2640,2640,2617,2596,2605,1956,2619,2577,2578,2619
project/sim_ext.py --sim-time 1.5 --seq-graph project/file/graph_15_nodes.json --traffic project/file/traffic_15_nodes_outer_chatting.json --inspection-rate 0.001 --mess-rate 0.002 --algorithm betweenness,1.2131170000009999,2640,2612,2606,2625,2577,2640,2640,2640,2612,2640,2613,2627,2596,2605,2606,2640,2613,2632,2633,2640,1956,2578,2625,2632,2623,2640,2617,2619,2627,2633,2623,2640,2619,2640,2640,2640,2617,2596,2605,1956,2619,2577,2578,2619
project/sim_ext.py --sim-time 1.5 --seq-graph project/file/graph_15_nodes.json --traffic project/file/traffic_15_nodes_outer_chatting.json --inspection-rate 0.001 --mess-rate 0.002 --algorithm betweenness,1.214224999891,2640,2612,2606,2625,2577,2640,2640,2640,2612,2640,2613,2627,2596,2605,2606,2640,2613,2632,2633,2640,1956,2578,2625,2632,2623,2640,2617,2619,2627,2633,2623,2640,2619,2640,2640,2640,2617,2596,2605,1956,2619,2577,2578,2619
project/sim_ext.py --sim-time 1.5 --seq-graph project/file/graph_15_nodes.json --traffic project/file/traffic_15_nodes_outer_chatting.json --inspection-rate 0.001 --mess-rate 0.002 --algorithm betweenness,1.215248000001,2640,2612,2606,2625,2577,2640,2640,2640,2612,2640,2613,2627,2596,2605,2606,2640,2613,2632,2633,2640,1956,2578,2625,2632,2623,2640,2617,2619,2627,2633,2623,2640,2619,2640,2640,2640,2617,2596,2605,1956,2619,2577,2578,2619
project/sim_ext.py --sim-time 1.5 --seq-graph project/file/graph_15_nodes.json --traffic project/file/traffic_15_nodes_outer_chatting.json --inspection-rate 0.001 --mess-rate 0.002 --algorithm betweenness,1.216367000001,2640,2612,2606,2625,2577,2640,2640,2640,2612,2640,2613,2627,2596,2605,2606,2640,2613,2632,2633,2640,1956,2578,2625,2632,2623,2640,2617,2619,2627,2633,2623,2640,2619,2640,2640,2640,2617,2596,2605,1956,2619,2577,2578,2619
project/sim_ext.py --sim-time 1.5 --seq-graph project/file/graph_15_nodes.json --traffic project/file/traffic_15_nodes_outer_chatting.json --inspection-rate 0.001 --mess-rate 0.002 --algorithm betweenness,1.2175190000009999,2640,2612,2606,2625,2577,2640,2640,2640,2612,2640,2613,2627,2596,2605,2606,2640,2613,2632,2633,2640,2036,2578,2625,2632,2623,2640,2617,2619,2627,2633,2623,2640,2619,2640,2640,2640,2617,2596,2605,2036,2619,2577,2578,2619
project/sim_ext.py --sim-time 1.5 --seq-graph project/file/graph_15_nodes.json --traffic project/file/traffic_15_nodes_outer_chatting.json --inspection-rate 0.001 --mess-rate 0.002 --algorithm betweenness,1.218654000001,2640,2612,2606,2625,2577,2640,2640,2640,2612,2640,2613,2627,2596,2605,2606,2640,2613,2632,2633,2640,2036,2578,2625,2632,2623,2640,2617,2619,2627,2633,2623,2640,2619,2640,2640,2640,2617,2596,2605,2036,2619,2577,2578,2619
project/sim_ext.py --sim-time 1.5 --seq-graph project/file/graph_15_nodes.json --traffic project/file/traffic_15_nodes_outer_chatting.json --inspection-rate 0.001 --mess-rate 0.002 --algorithm betweenness,1.219750000001,2640,2612,2606,2625,2577,2640,2640,2640,2612,2640,2613,2627,2596,2605,2606,2640,2613,2632,2633,2640,2036,2578,2625,2632,2623,2640,2617,2619,2627,2633,2623,2640,2619,2640,2640,2640,2617,2596,2605,2036,2619,2577,2578,2619
project/sim_ext.py --sim-time 1.5 --seq-graph project/file/graph_15_nodes.json --traffic project/file/traffic_15_nodes_outer_chatting.json --inspection-rate 0.001 --mess-rate 0.002 --algorithm betweenness,1.220767000001,2640,2612,2606,2625,2577,2640,2640,2640,2612,2640,2613,2627,2596,2605,2606,2640,2613,2632,2633,2640,2036,2578,2625,2632,2623,2640,2617,2619,2627,2633,2623,2640,2619,2640,2640,2640,2617,2596,2605,2036,2619,2577,2578,2619
project/sim_ext.py --sim-time 1.5 --seq-graph project/file/graph_15_nodes.json --traffic project/file/traffic_15_nodes_outer_chatting.json --inspection-rate 0.001 --mess-rate 0.002 --algorithm betweenness,1.221825000001,2640,2612,2606,2625,2577,2640,2640,2640,2612,2640,2613,2627,2596,2605,2606,2640,2613,2632,2633,2640,2036,2578,2625,2632,2623,2640,2617,2619,2627,2633,2623,2640,2619,2640,2640,2640,2617,2596,2605,2036,2619,2577,2578,2619
project/sim_ext.py --sim-time 1.5 --seq-graph project/file/graph_15_nodes.json --traffic project/file/traffic_15_nodes_outer_chatting.json --inspection-rate 0.001 --mess-rate 0.002 --algorithm betweenness,1.223013000001,2640,2612,2606,2625,2577,2640,2640,2640,2612,2640,2613,2627,2596,2605,2606,2640,2613,2632,2633,2640,2036,2578,2625,2632,2623,2640,2617,2619,2627,2633,2623,2640,2619,2640,2640,2640,2617,2596,2605,2036,2619,2577,2578,2619
project/sim_ext.py --sim-time 1.5 --seq-graph project/file/graph_15_nodes.json --traffic project/file/traffic_15_nodes_outer_chatting.json --inspection-rate 0.001 --mess-rate 0.002 --algorithm betweenness,1.224107000001,2640,2612,2606,2625,2577,2640,2640,2640,2612,2640,2613,2627,2596,2605,2606,2640,2613,2632,2633,2640,2036,2578,2625,2632,2623,2640,2617,2619,2627,2633,2623,2640,2619,2640,2640,2640,2617,2596,2605,2036,2619,2577,2578,2619
project/sim_ext.py --sim-time 1.5 --seq-graph project/file/graph_15_nodes.json --traffic project/file/traffic_15_nodes_outer_chatting.json --inspection-rate 0.001 --mess-rate 0.002 --algorithm betweenness,1.2252600000009999,2640,2612,2606,2625,2577,2640,2640,2640,2612,2640,2613,2627,2596,2605,2606,2640,2613,2632,2633,2640,2036,2578,2625,2632,2623,2640,2617,2619,2627,2633,2623,2640,2619,2640,2640,2640,2617,2596,2605,2036,2619,2577,2578,2619
project/sim_ext.py --sim-time 1.5 --seq-graph project/file/graph_15_nodes.json --traffic project/file/traffic_15_nodes_outer_chatting.json --inspection-rate 0.001 --mess-rate 0.002 --algorithm betweenness,1.226360000001,2640,2612,2606,2625,2577,2640,2640,2640,2612,2640,2613,2627,2596,2605,2606,2640,2613,2632,2633,2640,2036,2578,2625,2632,2623,2640,2617,2619,2627,2633,2623,2640,2619,2640,2640,2640,2617,2596,2605,2036,2619,2577,2578,2619
project/sim_ext.py --sim-time 1.5 --seq-graph project/file/graph_15_nodes.json --traffic project/file/traffic_15_nodes_outer_chatting.json --inspection-rate 0.001 --mess-rate 0.002 --algorithm betweenness,1.227525199997,2640,2612,2606,2625,2577,2640,2640,2640,2612,2640,2613,2627,2596,2605,2606,2640,2613,2632,2633,2640,2036,2578,2625,2632,2623,2640,2617,2619,2627,2633,2623,2640,2619,2640,2640,2640,2617,2596,2605,2036,2619,2577,2578,2619
project/sim_ext.py --sim-time 1.5 --seq-graph project/file/graph_15_nodes.json --traffic project/file/traffic_15_nodes_outer_chatting.json --inspection-rate 0.001 --mess-rate 0.002 --algorithm betweenness,1.228664000001,2720,2692,2686,2705,2657,2720,2720,2720,2692,2720,2693,2707,2676,2685,2686,2720,2693,2712,2713,2720,2036,2658,2705,2712,2703,2720,2697,2699,2707,2713,2703,2720,2699,2720,2720,2720,2697,2676,2685,2036,2699,2657,2658,2699
project/sim_ext.py --sim-time 1.5 --seq-graph project/file/graph_15_nodes.json --traffic project/file/traffic_15_nodes_outer_chatting.json --inspection-rate 0.001 --mess-rate 0.002 --algorithm betweenness,1.229768000001,2720,2692,2686,2705,2657,2720,2720,2720,2692,2720,2693,2707,2676,2685,2686,2720,2693,2712,2713,2720,2036,2658,2705,2712,2703,2720,2697,2699,2707,2713,2703,2720,2699,2720,2720,2720,2697,2676,2685,2036,2699,2657,2658,2699
project/sim_ext.py --sim-time 1.5 --seq-graph project/file/graph_15_nodes.json --traffic project/file/traffic_15_nodes_outer_chatting.json --inspection-rate 0.001 --mess-rate 0.002 --algorithm betweenness,1.230827000001,2720,2692,2686,2705,2657,2720,2720,2720,2692,2720,2693,2707,2676,2685,2686,2720,2693,2712,2713,2720,2036,2658,2705,2712,2703,2720,2697,2699,2707,2713,2703,2720,2699,2720,2720,2720,2697,2676,2685,2036,2699,2657,2658,2699
project/sim_ext.py --sim-time 1.5 --seq-graph project/file/graph_15_nodes.json --traffic project/file/traffic_15_nodes_outer_chatting.json --inspection-rate 0.001 --mess-rate 0.002 --algorithm betweenness,1.231847000001,2720,2692,2686,2705,2657,2720,2720,2720,2692,2720,2693,2707,2676,2685,2686,2720,2693,2712,2713,2720,2036,2658,2705,2712,2703,2720,2697,2699,2707,2713,2703,2720,2699,2720,2720,2720,2697,2676,2685,2036,2699,2657,2658,2699
project/sim_ext.py --sim-time 1.5 --seq-graph project/file/graph_15_nodes.json --traffic project/file/traffic_15_nodes_outer_chatting.json --inspection-rate 0.001 --mess-rate 0.002 --algorithm betweenness,1.233021000001,2720,2692,2686,2705,2657,2720,2720,2720,2692,2720,2693,2707,2676,2685,2686,2720,2693,2712,2713,2720,2036,2658,2705,2712,2703,2720,2697,2699,2707,2713,2703,2720,2699,2720,2720,2720,2697,2676,2685,2036,2699,2657,2658,2699
project/sim_ext.py --sim-time 1.5 --seq-graph project/file/graph_15_nodes.json --traffic project/file/traffic_15_nodes_outer_chatting.json --inspection-rate 0.001 --mess-rate 0.002 --algorithm betweenness,1.234117000001,2720,2692,2686,2705,2657,2720,2720,2720,2692,2720,2693,2707,2676,2685,2686,2720,2693,2712,2713,2720,2036,2658,2705,2712,2703,2720,2697,2699,2707,2713,2703,2720,2699,2720,2720,2720,2697,2676,2685,2036,2699,2657,2658,2699
project/sim_ext.py --sim-time 1.5 --seq-graph project/file/graph_15_nodes.json --traffic project/file/traffic_15_nodes_outer_chatting.json --inspection-rate 0.001 --mess-rate 0.002 --algorithm betweenness,1.235233000001,2720,2692,2686,2705,2657,2720,2720,2720,2692,2720,2693,2707,2676,2685,2686,2720,2693,2712,2713,2720,2036,2658,2705,2712,2703,2720,2697,2699,2707,2713,2703,2720,2699,2720,2720,2720,2697,2676,2685,2036,2699,2657,2658,2699
project/sim_ext.py --sim-time 1.5 --seq-graph project/file/graph_15_nodes.json --traffic project/file/traffic_15_nodes_outer_chatting.json --inspection-rate 0.001 --mess-rate 0.002 --algorithm betweenness,1.236574999891,2720,2692,2686,2705,2657,2720,2720,2720,2692,2720,2693,2707,2676,2685,2686,2720,2693,2712,2713,2720,2036,2658,2705,2712,2703,2720,2697,2699,2707,2713,2703,2720,2699,2720,2720,2720,2697,2676,2685,2036,2699,2657,2658,2699
project/sim_ext.py --sim-time 1.5 --seq-graph project/file/graph_15_nodes.json --traffic project/file/traffic_15_nodes_outer_chatting.json --inspection-rate 0.001 --mess-rate 0.002 --algorithm betweenness,1.237610000001,2720,2692,2686,2705,2657,2720,2720,2720,2692,2720,2693,2707,2676,2685,2686,2720,2693,2712,2713,2720,2036,2658,2705,2712,2703,2720,2697,2699,2707,2713,2703,2720,2699,2720,2720,2720,2697,2676,2685,2036,2699,2657,2658,2699
project/sim_ext.py --sim-time 1.5 --seq-graph project/file/graph_15_nodes.json --traffic project/file/traffic_15_nodes_outer_chatting.json --inspection-rate 0.001 --mess-rate 0.002 --algorithm betweenness,1.2387960000009999,2720,2692,2686,2705,2657,2720,2720,2720,2692,2720,2693,2707,2676,2685,2686,2720,2693,2712,2713,2720,2036,2658,2705,2712,2703,2720,2697,2699,2707,2713,2703,2720,2699,2720,2720,2720,2697,2676,2685,2036,2699,2657,2658,2699
project/sim_ext.py --sim-time 1.5 --seq-graph project/file/graph_15_nodes.json --traffic project/file/traffic_15_nodes_outer_chatting.json --inspection-rate 0.001 --mess-rate 0.002 --algorithm betweenness,1.239907000001,2720,2692,2686,2705,2657,2720,2720,2720,2692,2720,2693,2707,2676,2685,2686,2720,2693,2712,2713,2720,2036,2658,2705,2712,2703,2720,2697,2699,2707,2713,2703,2720,2699,2720,2720,2720,2697,2676,2685,2036,2699,2657,2658,2699
project/sim_ext.py --sim-time 1.5 --seq-graph project/file/graph_15_nodes.json --traffic project/file/traffic_15_nodes_outer_chatting.json --inspection-rate 0.001 --mess-rate 0.002 --algorithm betweenness,1.2410047235083113,2720,2692,2686,2705,2657,2720,2720,2720,2692,2720,2693,2707,2676,2685,2686,2720,2693,2712,2713,2720,2036,2658,2705,2712,2703,2720,2697,2699,2707,2713,2703,2720,2699,2720,2720,2720,2697,2676,2685,2036,2699,2657,2658,2699
project/sim_ext.py --sim-time 1.5 --seq-graph project/file/graph_15_nodes.json --traffic project/file/traffic_15_nodes_outer_chatting.json --inspection-rate 0.001 --mess-rate 0.002 --algorithm betweenness,1.2420496539536192,2720,2692,2686,2705,2657,2720,2720,2720,2692,2720,2693,2707,2676,2685,2686,2720,2693,2712,2713,2720,2036,2658,2705,2712,2703,2720,2697,2699,2707,2713,2703,2720,2699,2720,2720,2720,2697,2676,2685,2036,2699,2657,2658,2699
project/sim_ext.py --sim-time 1.5 --seq-graph project/file/graph_15_nodes.json --traffic project/file/traffic_15_nodes_outer_chatting.json --inspection-rate 0.001 --mess-rate 0.002 --algorithm betweenness,1.2430549998909999,2720,2692,2686,2705,2657,2720,2720,2720,2692,2720,2693,2707,2676,2685,2686,2720,2693,2712,2713,2720,2036,2658,2705,2712,2703,2720,2697,2699,2707,2713,2703,2720,2699,2720,2720,2720,2697,2676,2685,2036,2699,2657,2658,2699
project/sim_ext.py --sim-time 1.5 --seq-graph project/file/graph_15_nodes.json --traffic project/file/traffic_15_nodes_outer_chatting.json --inspection-rate 0.001 --mess-rate 0.002 --algorithm betweenness,1.244060000001,2720,2692,2686,2705,2657,2720,2720,2720,2692,2720,2693,2707,2676,2685,2686,2720,2693,2712,2713,2720,2036,2658,2705,2712,2703,2720,2697,2699,2707,2713,2703,2720,2699,2720,2720,2720,2697,2676,2685,2036,2699,2657,2658,2699
project/sim_ext.py --sim-time 1.5 --seq-graph project/file/graph_15_nodes.json --traffic project/file/traffic_15_nodes_outer_chatting.json --inspection-rate 0.001 --mess-rate 0.002 --algorithm betweenness,1.245113000001,2720,2692,2686,2705,2657,2720,2720,2720,2692,2720,2693,2707,2676,2685,2686,2720,2693,2712,2713,2720,2036,2658,2705,2712,2703,2720,2697,2699,2707,2713,2703,2720,2699,2720,2720,2720,2697,2676,2685,2036,2699,2657,2658,2699
project/sim_ext.py --sim-time 1.5 --seq-graph project/file/graph_15_nodes.json --traffic project/file/traffic_15_nodes_outer_chatting.json --inspection-rate 0.001 --mess-rate 0.002 --algorithm betweenness,1.246145000001,2720,2692,2686,2705,2657,2720,2720,2720,2692,2720,2693,2707,2676,2685,2686,2720,2693,2712,2713,2720,2036,2658,2705,2712,2703,2720,2697,2699,2707,2713,2703,2720,2699,2720,2720,2720,2697,2676,2685,2036,2699,2657,2658,2699
project/sim_ext.py --sim-time 1.5 --seq-graph project/file/graph_15_nodes.json --traffic project/file/traffic_15_nodes_outer_chatting.json --inspection-rate 0.001 --mess-rate 0.002 --algorithm betweenness,1.247296000001,2720,2692,2686,2705,2657,2720,2720,2720,2692,2720,2693,2707,2676,2685,2686,2720,2693,2712,2713,2720,2036,2658,2705,2712,2703,2720,2697,2699,2707,2713,2703,2720,2699,2720,2720,2720,2697,2676,2685,2036,2699,2657,2658,2699
project/sim_ext.py --sim-time 1.5 --seq-graph project/file/graph_15_nodes.json --traffic project/file/traffic_15_nodes_outer_chatting.json --inspection-rate 0.001 --mess-rate 0.002 --algorithm betweenness,1.248404999887,2720,2692,2686,2705,2657,2720,2720,2720,2692,2720,2693,2707,2676,2685,2686,2720,2693,2712,2713,2720,2036,2658,2705,2712,2703,2720,2697,2699,2707,2713,2703,2720,2699,2720,2720,2720,2697,2676,2685,2036,2699,2657,2658,2699
project/sim_ext.py --sim-time 1.5 --seq-graph project/file/graph_15_nodes.json --traffic project/file/traffic_15_nodes_outer_chatting.json --inspection-rate 0.001 --mess-rate 0.002 --algorithm betweenness,1.249535000001,2720,2692,2686,2705,2657,2720,2720,2720,2692,2720,2693,2707,2676,2685,2686,2720,2693,2712,2713,2720,2036,2658,2705,2712,2703,2720,2697,2699,2707,2713,2703,2720,2699,2720,2720,2720,2697,2676,2685,2036,2699,2657,2658,2699
project/sim_ext.py --sim-time 1.5 --seq-graph project/file/graph_15_nodes.json --traffic project/file/traffic_15_nodes_outer_chatting.json --inspection-rate 0.001 --mess-rate 0.002 --algorithm betweenness,1.250543000001,2720,2692,2686,2705,2657,2720,2720,2720,2692,2720,2693,2707,2676,2685,2686,2720,2693,2712,2713,2720,2036,2658,2705,2712,2703,2720,2697,2699,2707,2713,2703,2720,2699,2720,2720,2720,2697,2676,2685,2036,2699,2657,2658,2699
project/sim_ext.py --sim-time 1.5 --seq-graph project/file/graph_15_nodes.json --traffic project/file/traffic_15_nodes_outer_chatting.json --inspection-rate 0.001 --mess-rate 0.002 --algorithm betweenness,1.251707000001,2720,2692,2686,2705,2657,2720,2720,2720,2692,2720,2693,2707,2676,2685,2686,2720,2693,2712,2713,2720,2036,2658,2705,2712,2703,2720,2697,2699,2707,2713,2703,2720,2699,2720,2720,2720,2697,2676,2685,2036,2699,2657,2658,2699
project/sim_ext.py --sim-time 1.5 --seq-graph project/file/graph_15_nodes.json --traffic project/file/traffic_15_nodes_outer_chatting.json --inspection-rate 0.001 --mess-rate 0.002 --algorithm betweenness,1.252727000001,2720,2692,2686,2705,2657,2720,2720,2720,2692,2720,2693,2707,2676,2685,2686,2720,2693,2712,2713,2720,2036,2658,2705,2712,2703,2720,2697,2699,2707,2713,2703,2720,2699,2720,2720,2720,2697,2676,2685,2036,2699,2657,2658,2699
project/sim_ext.py --sim-time 1.5 --seq-graph project/file/graph_15_nodes.json --traffic project/file/traffic_15_nodes_outer_chatting.json --inspection-rate 0.001 --mess-rate 0.002 --algorithm betweenness,1.253799000001,2720,2692,2686,2705,2657,2720,2720,2720,2692,2720,2693,2707,2676,2685,2686,2720,2693,2712,2713,2720,2036,2658,2705,2712,2703,2720,2697,2699,2707,2713,2703,2720,2699,2720,2720,2720,2697,2676,2685,2036,2699,2657,2658,2699
project/sim_ext.py --sim-time 1.5 --seq-graph project/file/graph_15_nodes.json --traffic project/file/traffic_15_nodes_outer_chatting.json --inspection-rate 0.001 --mess-rate 0.002 --algorithm betweenness,1.254887399997,2720,2692,2686,2705,2657,2720,2720,2720,2692,2720,2693,2707,2676,2685,2686,2720,2693,2712,2713,2720,2036,2658,2705,2712,2703,2720,2697,2699,2707,2713,2703,2720,2699,2720,2720,2720,2697,2676,2685,2036,2699,2657,2658,2699
project/sim_ext.py --sim-time 1.5 --seq-graph project/file/graph_15_nodes.json --traffic project/file/traffic_15_nodes_outer_chatting.json --inspection-rate 0.001 --mess-rate 0.002 --algorithm betweenness,1.256136000001,2720,2692,2686,2705,2657,2720,2720,2720,2692,2720,2693,2707,2676,2685,2686,2720,2693,2712,2713,2720,2036,2658,2705,2712,2703,2720,2697,2699,2707,2713,2703,2720,2699,2720,2720,2720,2697,2676,2685,2036,2699,2657,2658,2699
project/sim_ext.py --sim-time 1.5 --seq-graph project/file/graph_15_nodes.json --traffic project/file/traffic_15_nodes_outer_chatting.json --inspection-rate 0.001 --mess-rate 0.002 --algorithm betweenness,1.257327000001,2720,2692,2686,2705,2657,2720,2720,2720,2692,2720,2693,2707,2676,2685,2686,2720,2693,2712,2713,2720,2036,2658,2705,2712,2703,2720,2697,2699,2707,2713,2703,2720,2699,2720,2720,2720,2697,2676,2685,2036,2699,2657,2658,2699
project/sim_ext.py --sim-time 1.5 --seq-graph project/file/graph_15_nodes.json --traffic project/file/traffic_15_nodes_outer_chatting.json --inspection-rate 0.001 --mess-rate 0.002 --algorithm betweenness,1.258388199997,2720,2692,2686,2705,2657,2720,2720,2720,2692,2720,2693,2707,2676,2685,2686,2720,2693,2712,2713,2720,2036,2658,2705,2712,2703,2720,2697,2699,2707,2713,2703,2720,2699,2720,2720,2720,2697,2676,2685,2036,2699,2657,2658,2699
project/sim_ext.py --sim-time 1.5 --seq-graph project/file/graph_15_nodes.json --traffic project/file/traffic_15_nodes_outer_chatting.json --inspection-rate 0.001 --mess-rate 0.002 --algorithm betweenness,1.259392000001,2720,2772,2766,2705,2657,2720,2800,2800,2772,2800,2773,2707,2676,2685,2766,2800,2773,2792,2713,2720,2116,2658,2705,2792,2783,2720,2777,2699,2707,2713,2783,2720,2699,2720,2720,2720,2777,2676,2685,2116,2699,2657,2658,2699
project/sim_ext.py --sim-time 1.5 --seq-graph project/file/graph_15_nodes.json --traffic project/file/traffic_15_nodes_outer_chatting.json --inspection-rate 0.001 --mess-rate 0.002 --algorithm betweenness,1.260465000001,2720,2772,2766,2705,2657,2720,2800,2800,2772,2800,2773,2707,2676,2685,2766,2800,2773,2792,2713,2720,2116,2658,2705,2792,2783,2720,2777,2699,2707,2713,2783,2720,2699,2720,2720,2720,2777,2676,2685,2116,2699,2657,2658,2699
project/sim_ext.py --sim-time 1.5 --seq-graph project/file/graph_15_nodes.json --traffic project/file/traffic_15_nodes_outer_chatting.json --inspection-rate 0.001 --mess-rate 0.002 --algorithm betweenness,1.261608000001,2720,2772,2766,2705,2657,2720,2800,2800,2772,2800,2773,2707,2676,2685,2766,2800,2773,2792,2713,2720,2116,2658,2705,2792,2783,2720,2777,2699,2707,2713,2783,2720,2699,2720,2720,2720,2777,2676,2685,2116,2699,2657,2658,2699
project/sim_ext.py --sim-time 1.5 --seq-graph project/file/graph_15_nodes.json --traffic project/file/traffic_15_nodes_outer_chatting.json --inspection-rate 0.001 --mess-rate 0.002 --algorithm betweenness,1.262670000001,2720,2772,2766,2705,2657,2720,2800,2800,2772,2800,2773,2707,2676,2685,2766,2800,2773,2792,2713,2720,2116,2658,2705,2792,2783,2720,2777,2699,2707,2713,2783,2720,2699,2720,2720,2720,2777,2676,2685,2116,2699,2657,2658,2699
project/sim_ext.py --sim-time 1.5 --seq-graph project/file/graph_15_nodes.json --traffic project/file/traffic_15_nodes_outer_chatting.json --inspection-rate 0.001 --mess-rate 0.002 --algorithm betweenness,1.263781199997,2720,2772,2766,2705,2657,2720,2800,2800,2772,2800,2773,2707,2676,2685,2766,2800,2773,2792,2713,2720,2116,2658,2705,2792,2783,2720,2777,2699,2707,2713,2783,2720,2699,2720,2720,2720,2777,2676,2685,2116,2699,2657,2658,2699
project/sim_ext.py --sim-time 1.5 --seq-graph project/file/graph_15_nodes.json --traffic project/file/traffic_15_nodes_outer_chatting.json --inspection-rate 0.001 --mess-rate 0.002 --algorithm betweenness,1.264843000001,2720,2772,2766,2705,2657,2720,2800,2800,2772,2800,2773,2707,2676,2685,2766,2800,2773,2792,2713,2720,2116,2658,2705,2792,2783,2720,2777,2699,2707,2713,2783,2720,2699,2720,2720,2720,2777,2676,2685,2116,2699,2657,2658,2699
project/sim_ext.py --sim-time 1.5 --seq-graph project/file/graph_15_nodes.json --traffic project/file/traffic_15_nodes_outer_chatting.json --inspection-rate 0.001 --mess-rate 0.002 --algorithm betweenness,1.265913000001,2720,2772,2766,2705,2657,2720,2800,2800,2772,2800,2773,2707,2676,2685,2766,2800,2773,2792,2713,2720,2116,2658,2705,2792,2783,2720,2777,2699,2707,2713,2783,2720,2699,2720,2720,2720,2777,2676,2685,2116,2699,2657,2658,2699
project/sim_ext.py --sim-time 1.5 --seq-graph project/file/graph_15_nodes.json --traffic project/file/traffic_15_nodes_outer_chatting.json --inspection-rate 0.001 --mess-rate 0.002 --algorithm betweenness,1.267078000001,2720,2772,2766,2705,2657,2720,2800,2800,2772,2800,2773,2707,2676,2685,2766,2800,2773,2792,2713,2720,2116,2658,2705,2792,2783,2720,2777,2699,2707,2713,2783,2720,2699,2720,2720,2720,2777,2676,2685,2116,2699,2657,2658,2699
project/sim_ext.py --sim-time 1.5 --seq-graph project/file/graph_15_nodes.json --traffic project/file/traffic_15_nodes_outer_chatting.json --inspection-rate 0.001 --mess-rate 0.002 --algorithm betweenness,1.268132000001,2720,2772,2766,2705,2657,2720,2800,2800,2772,2800,2773,2707,2676,2685,2766,2800,2773,2792,2713,2720,2116,2658,2705,2792,2783,2720,2777,2699,2707,2713,2783,2720,2699,2720,2720,2720,2777,2676,2685,2116,2699,2657,2658,2699
project/sim_ext.py --sim-time 1.5 --seq-graph project/file/graph_15_nodes.json --traffic project/file/traffic_15_nodes_outer_chatting.json --inspection-rate 0.001 --mess-rate 0.002 --algorithm betweenness,1.269208399997,2800,2772,2766,2785,2737,2800,2800,2800,2772,2800,2773,2787,2756,2765,2766,2800,2773,2792,2793,2800,2116,2738,2785,2792,2783,2800,2777,2779,2787,2793,2783,2800,2779,2800,2800,2800,2777,2756,2765,2116,2779,2737,2738,2779
project/sim_ext.py --sim-time 1.5 --seq-graph project/file/graph_15_nodes.json --traffic project/file/traffic_15_nodes_outer_chatting.json --inspection-rate 0.001 --mess-rate 0.002 --algorithm betweenness,1.270360399997,2800,2772,2766,2785,2737,2800,2800,2800,2772,2800,2773,2787,2756,2765,2766,2800,2773,2792,2793,2800,2116,2738,2785,2792,2783,2800,2777,2779,2787,2793,2783,2800,2779,2800,2800,2800,2777,2756,2765,2116,2779,2737,2738,2779
project/sim_ext.py --sim-time 1.5 --seq-graph project/file/graph_15_nodes.json --traffic project/file/traffic_15_nodes_outer_chatting.json --inspection-rate 0.001 --mess-rate 0.002 --algorithm betweenness,1.271492000001,2800,2772,2766,2785,2737,2800,2800,2800,2772,2800,2773,2787,2756,2765,2766,2800,2773,2792,2793,2800,2116,2738,2785,2792,2783,2800,2777,2779,2787,2793,2783,2800,2779,2800,2800,2800,2777,2756,2765,2116,2779,2737,2738,2779
project/sim_ext.py --sim-time 1.5 --seq-graph project/file/graph_15_nodes.json --traffic project/file/traffic_15_nodes_outer_chatting.json --inspection-rate 0.001 --mess-rate 0.002 --algorithm betweenness,1.2726100000009999,2800,2772,2766,2785,2737,2800,2800,2800,2772,2800,2773,2787,2756,2765,2766,2800,2773,2792,2793,2800,2116,2738,2785,2792,2783,2800,2777,2779,2787,2793,2783,2800,2779,2800,2800,2800,2777,2756,2765,2116,2779,2737,2738,2779
project/sim_ext.py --sim-time 1.5 --seq-graph project/file/graph_15_nodes.json --traffic project/file/traffic_15_nodes_outer_chatting.json --inspection-rate 0.001 --mess-rate 0.002 --algorithm betweenness,1.273701000001,2800,2772,2766,2785,2737,2800,2800,2800,2772,2800,2773,2787,2756,2765,2766,2800,2773,2792,2793,2800,2116,2738,2785,2792,2783,2800,2777,2779,2787,2793,2783,2800,2779,2800,2800,2800,2777,2756,2765,2116,2779,2737,2738,2779
project/sim_ext.py --sim-time 1.5 --seq-graph project/file/graph_15_nodes.json --traffic project/file/traffic_15_nodes_outer_chatting.json --inspection-rate 0.001 --mess-rate 0.002 --algorithm betweenness,1.2748180000009999,2800,2772,2766,2785,2737,2800,2800,2800,2772,2800,2773,2787,2756,2765,2766,2800,2773,2792,2793,2800,2116,2738,2785,2792,2783,2800,2777,2779,2787,2793,2783,2800,2779,2800,2800,2800,2777,2756,2765,2116,2779,2737,2738,2779
project/sim_ext.py --sim-time 1.5 --seq-graph project/file/graph_15_nodes.json --traffic project/file/traffic_15_nodes_outer_chatting.json --inspection-rate 0.001 --mess-rate 0.002 --algorithm betweenness,1.2759105039543024,2800,2772,2766,2785,2737,2800,2800,2800,2772,2800,2773,2787,2756,2765,2766,2800,2773,2792,2793,2800,2116,2738,2785,2792,2783,2800,2777,2779,2787,2793,2783,2800,2779,2800,2800,2800,2777,2756,2765,2116,2779,2737,2738,2779
project/sim_ext.py --sim-time 1.5 --seq-graph project/file/graph_15_nodes.json --traffic project/file/traffic_15_nodes_outer_chatting.json --inspection-rate 0.001 --mess-rate 0.002 --algorithm betweenness,1.2769658357180012,2800,2772,2766,2785,2737,2800,2800,2800,2772,2800,2773,2787,2756,2765,2766,2800,2773,2792,2793,2800,2116,2738,2785,2792,2783,2800,2777,2779,2787,2793,2783,2800,2779,2800,2800,2800,2777,2756,2765,2116,2779,2737,2738,2779
project/sim_ext.py --sim-time 1.5 --seq-graph project/file/graph_15_nodes.json --traffic project/file/traffic_15_nodes_outer_chatting.json --inspection-rate 0.001 --mess-rate 0.002 --algorithm betweenness,1.2780386578053913,2800,2772,2766,2785,2737,2800,2800,2800,2772,2800,2773,2787,2756,2765,2766,2800,2773,2792,2793,2800,2116,2738,2785,2792,2783,2800,2777,2779,2787,2793,2783,2800,2779,2800,2800,2800,2777,2756,2765,2116,2779,2737,2738,2779
project/sim_ext.py --sim-time 1.5 --seq-graph project/file/graph_15_nodes.json --traffic project/file/traffic_15_nodes_outer_chatting.json --inspection-rate 0.001 --mess-rate 0.002 --algorithm betweenness,1.279081000001,2800,2772,2766,2785,2737,2800,2800,2800,2772,2800,2773,2787,2756,2765,2766,2800,2773,2792,2793,2800,2116,2738,2785,2792,2783,2800,2777,2779,2787,2793,2783,2800,2779,2800,2800,2800,2777,2756,2765,2116,2779,2737,2738,2779
project/sim_ext.py --sim-time 1.5 --seq-graph project/file/graph_15_nodes.json --traffic project/file/traffic_15_nodes_outer_chatting.json --inspection-rate 0.001 --mess-rate 0.002 --algorithm betweenness,1.280085000001,2800,2772,2766,2785,2737,2800,2800,2800,2772,2800,2773,2787,2756,2765,2766,2800,2773,2792,2793,2800,2116,2738,2785,2792,2783,2800,2777,2779,2787,2793,2783,2800,2779,2800,2800,2800,2777,2756,2765,2116,2779,2737,2738,2779
project/sim_ext.py --sim-time 1.5 --seq-graph project/file/graph_15_nodes.json --traffic project/file/traffic_15_nodes_outer_chatting.json --inspection-rate 0.001 --mess-rate 0.002 --algorithm betweenness,1.2811984042219384,2800,2772,2766,2785,2737,2800,2800,2800,2772,2800,2773,2787,2756,2765,2766,2800,2773,2792,2793,2800,2116,2738,2785,2792,2783,2800,2777,2779,2787,2793,2783,2800,2779,2800,2800,2800,2777,2756,2765,2116,2779,2737,2738,2779
project/sim_ext.py --sim-time 1.5 --seq-graph project/file/graph_15_nodes.json --traffic project/file/traffic_15_nodes_outer_chatting.json --inspection-rate 0.001 --mess-rate 0.002 --algorithm betweenness,1.2823240000009999,2800,2772,2766,2785,2737,2800,2800,2800,2772,2800,2773,2787,2756,2765,2766,2800,2773,2792,2793,2800,2116,2738,2785,2792,2783,2800,2777,2779,2787,2793,2783,2800,2779,2800,2800,2800,2777,2756,2765,2116,2779,2737,2738,2779
project/sim_ext.py --sim-time 1.5 --seq-graph project/file/graph_15_nodes.json --traffic project/file/traffic_15_nodes_outer_chatting.json --inspection-rate 0.001 --mess-rate 0.002 --algorithm betweenness,1.283352000001,2800,2772,2766,2785,2737,2800,2800,2800,2772,2800,2773,2787,2756,2765,2766,2800,2773,2792,2793,2800,2116,2738,2785,2792,2783,2800,2777,2779,2787,2793,2783,2800,2779,2800,2800,2800,2777,2756,2765,2116,2779,2737,2738,2779
project/sim_ext.py --sim-time 1.5 --seq-graph project/file/graph_15_nodes.json --traffic project/file/traffic_15_nodes_outer_chatting.json --inspection-rate 0.001 --mess-rate 0.002 --algorithm betweenness,1.2843753703373533,2800,2772,2766,2785,2737,2800,2800,2800,2772,2800,2773,2787,2756,2765,2766,2800,2773,2792,2793,2800,2116,2738,2785,2792,2783,2800,2777,2779,2787,2793,2783,2800,2779,2800,2800,2800,2777,2756,2765,2116,2779,2737,2738,2779
project/sim_ext.py --sim-time 1.5 --seq-graph project/file/graph_15_nodes.json --traffic project/file/traffic_15_nodes_outer_chatting.json --inspection-rate 0.001 --mess-rate 0.002 --algorithm betweenness,1.285425000001,2800,2772,2766,2785,2737,2800,2800,2800,2772,2800,2773,2787,2756,2765,2766,2800,2773,2792,2793,2800,2116,2738,2785,2792,2783,2800,2777,2779,2787,2793,2783,2800,2779,2800,2800,2800,2777,2756,2765,2116,2779,2737,2738,2779
project/sim_ext.py --sim-time 1.5 --seq-graph project/file/graph_15_nodes.json --traffic project/file/traffic_15_nodes_outer_chatting.json --inspection-rate 0.001 --mess-rate 0.002 --algorithm betweenness,1.286511000001,2800,2772,2766,2785,2737,2800,2800,2800,2772,2800,2773,2787,2756,2765,2766,2800,2773,2792,2793,2800,2116,2738,2785,2792,2783,2800,2777,2779,2787,2793,2783,2800,2779,2800,2800,2800,2777,2756,2765,2116,2779,2737,2738,2779
project/sim_ext.py --sim-time 1.5 --seq-graph project/file/graph_15_nodes.json --traffic project/file/traffic_15_nodes_outer_chatting.json --inspection-rate 0.001 --mess-rate 0.002 --algorithm betweenness,1.287674999887,2800,2772,2766,2785,2737,2800,2800,2800,2772,2800,2773,2787,2756,2765,2766,2800,2773,2792,2793,2800,2116,2738,2785,2792,2783,2800,2777,2779,2787,2793,2783,2800,2779,2800,2800,2800,2777,2756,2765,2116,2779,2737,2738,2779
project/sim_ext.py --sim-time 1.5 --seq-graph project/file/graph_15_nodes.json --traffic project/file/traffic_15_nodes_outer_chatting.json --inspection-rate 0.001 --mess-rate 0.002 --algorithm betweenness,1.288840000001,2800,2772,2766,2785,2737,2800,2800,2800,2772,2800,2773,2787,2756,2765,2766,2800,2773,2792,2793,2800,2116,2738,2785,2792,2783,2800,2777,2779,2787,2793,2783,2800,2779,2800,2800,2800,2777,2756,2765,2116,2779,2737,2738,2779
project/sim_ext.py --sim-time 1.5 --seq-graph project/file/graph_15_nodes.json --traffic project/file/traffic_15_nodes_outer_chatting.json --inspection-rate 0.001 --mess-rate 0.002 --algorithm betweenness,1.289873000001,2800,2772,2766,2785,2737,2800,2800,2800,2772,2800,2773,2787,2756,2765,2766,2800,2773,2792,2793,2800,2116,2738,2785,2792,2783,2800,2777,2779,2787,2793,2783,2800,2779,2800,2800,2800,2777,2756,2765,2116,2779,2737,2738,2779
project/sim_ext.py --sim-time 1.5 --seq-graph project/file/graph_15_nodes.json --traffic project/file/traffic_15_nodes_outer_chatting.json --inspection-rate 0.001 --mess-rate 0.002 --algorithm betweenness,1.2908902244062015,2800,2772,2766,2785,2737,2800,2800,2800,2772,2800,2773,2787,2756,2765,2766,2800,2773,2792,2793,2800,2196,2738,2785,2792,2783,2800,2777,2779,2787,2793,2783,2800,2779,2800,2800,2800,2777,2756,2765,2196,2779,2737,2738,2779
project/sim_ext.py --sim-time 1.5 --seq-graph project/file/graph_15_nodes.json --traffic project/file/traffic_15_nodes_outer_chatting.json --inspection-rate 0.001 --mess-rate 0.002 --algorithm betweenness,1.2919284484626177,2800,2772,2766,2785,2737,2800,2800,2800,2772,2800,2773,2787,2756,2765,2766,2800,2773,2792,2793,2800,2196,2738,2785,2792,2783,2800,2777,2779,2787,2793,2783,2800,2779,2800,2800,2800,2777,2756,2765,2196,2779,2737,2738,2779
project/sim_ext.py --sim-time 1.5 --seq-graph project/file/graph_15_nodes.json --traffic project/file/traffic_15_nodes_outer_chatting.json --inspection-rate 0.001 --mess-rate 0.002 --algorithm betweenness,1.292939599997,2800,2772,2766,2785,2737,2800,2800,2800,2772,2800,2773,2787,2756,2765,2766,2800,2773,2792,2793,2800,2196,2738,2785,2792,2783,2800,2777,2779,2787,2793,2783,2800,2779,2800,2800,2800,2777,2756,2765,2196,2779,2737,2738,2779
project/sim_ext.py --sim-time 1.5 --seq-graph project/file/graph_15_nodes.json --traffic project/file/traffic_15_nodes_outer_chatting.json --inspection-rate 0.001 --mess-rate 0.002 --algorithm betweenness,1.293978599997,2800,2772,2766,2785,2737,2800,2800,2800,2772,2800,2773,2787,2756,2765,2766,2800,2773,2792,2793,2800,2196,2738,2785,2792,2783,2800,2777,2779,2787,2793,2783,2800,2779,2800,2800,2800,2777,2756,2765,2196,2779,2737,2738,2779
project/sim_ext.py --sim-time 1.5 --seq-graph project/file/graph_15_nodes.json --traffic project/file/traffic_15_nodes_outer_chatting.json --inspection-rate 0.001 --mess-rate 0.002 --algorithm betweenness,1.295003000001,2800,2772,2766,2785,2737,2800,2800,2800,2772,2800,2773,2787,2756,2765,2766,2800,2773,2792,2793,2800,2196,2738,2785,2792,2783,2800,2777,2779,2787,2793,2783,2800,2779,2800,2800,2800,2777,2756,2765,2196,2779,2737,2738,2779
project/sim_ext.py --sim-time 1.5 --seq-graph project/file/graph_15_nodes.json --traffic project/file/traffic_15_nodes_outer_chatting.json --inspection-rate 0.001 --mess-rate 0.002 --algorithm betweenness,1.296051000001,2800,2772,2766,2785,2737,2800,2800,2800,2772,2800,2773,2787,2756,2765,2766,2800,2773,2792,2793,2800,2196,2738,2785,2792,2783,2800,2777,2779,2787,2793,2783,2800,2779,2800,2800,2800,2777,2756,2765,2196,2779,2737,2738,2779
project/sim_ext.py --sim-time 1.5 --seq-graph project/file/graph_15_nodes.json --traffic project/file/traffic_15_nodes_outer_chatting.json --inspection-rate 0.001 --mess-rate 0.002 --algorithm betweenness,1.297064000001,2800,2772,2766,2785,2737,2800,2800,2800,2772,2800,2773,2787,2756,2765,2766,2800,2773,2792,2793,2800,2196,2738,2785,2792,2783,2800,2777,2779,2787,2793,2783,2800,2779,2800,2800,2800,2777,2756,2765,2196,2779,2737,2738,2779
project/sim_ext.py --sim-time 1.5 --seq-graph project/file/graph_15_nodes.json --traffic project/file/traffic_15_nodes_outer_chatting.json --inspection-rate 0.001 --mess-rate 0.002 --algorithm betweenness,1.2982579999969999,2800,2772,2766,2785,2737,2800,2800,2800,2772,2800,2773,2787,2756,2765,2766,2800,2773,2792,2793,2800,2196,2738,2785,2792,2783,2800,2777,2779,2787,2793,2783,2800,2779,2800,2800,2800,2777,2756,2765,2196,2779,2737,2738,2779
project/sim_ext.py --sim-time 1.5 --seq-graph project/file/graph_15_nodes.json --traffic project/file/traffic_15_nodes_outer_chatting.json --inspection-rate 0.001 --mess-rate 0.002 --algorithm betweenness,1.299472000001,2880,2852,2846,2865,2817,2880,2880,2880,2852,2880,2853,2867,2836,2845,2846,2880,2853,2872,2873,2880,2196,2818,2865,2872,2863,2880,2857,2859,2867,2873,2863,2880,2859,2880,2880,2880,2857,2836,2845,2196,2859,2817,2818,2859
project/sim_ext.py --sim-time 1.5 --seq-graph project/file/graph_15_nodes.json --traffic project/file/traffic_15_nodes_outer_chatting.json --inspection-rate 0.001 --mess-rate 0.002 --algorithm betweenness,1.300565000001,2880,2852,2846,2865,2817,2880,2880,2880,2852,2880,2853,2867,2836,2845,2846,2880,2853,2872,2873,2880,2196,2818,2865,2872,2863,2880,2857,2859,2867,2873,2863,2880,2859,2880,2880,2880,2857,2836,2845,2196,2859,2817,2818,2859
project/sim_ext.py --sim-time 1.5 --seq-graph project/file/graph_15_nodes.json --traffic project/file/traffic_15_nodes_outer_chatting.json --inspection-rate 0.001 --mess-rate 0.002 --algorithm betweenness,1.301611000001,2880,2852,2846,2865,2817,2880,2880,2880,2852,2880,2853,2867,2836,2845,2846,2880,2853,2872,2873,2880,2196,2818,2865,2872,2863,2880,2857,2859,2867,2873,2863,2880,2859,2880,2880,2880,2857,2836,2845,2196,2859,2817,2818,2859
project/sim_ext.py --sim-time 1.5 --seq-graph project/file/graph_15_nodes.json --traffic project/file/traffic_15_nodes_outer_chatting.json --inspection-rate 0.001 --mess-rate 0.002 --algorithm betweenness,1.3026928408215148,2880,2852,2846,2865,2817,2880,2880,2880,2852,2880,2853,2867,2836,2845,2846,2880,2853,2872,2873,2880,2196,2818,2865,2872,2863,2880,2857,2859,2867,2873,2863,2880,2859,2880,2880,2880,2857,2836,2845,2196,2859,2817,2818,2859
project/sim_ext.py --sim-time 1.5 --seq-graph project/file/graph_15_nodes.json --traffic project/file/traffic_15_nodes_outer_chatting.json --inspection-rate 0.001 --mess-rate 0.002 --algorithm betweenness,1.3037569754889122,2880,2852,2846,2865,2817,2880,2880,2880,2852,2880,2853,2867,2836,2845,2846,2880,2853,2872,2873,2880,2196,2818,2865,2872,2863,2880,2857,2859,2867,2873,2863,2880,2859,2880,2880,2880,2857,2836,2845,2196,2859,2817,2818,2859
project/sim_ext.py --sim-time 1.5 --seq-graph project/file/graph_15_nodes.json --traffic project/file/traffic_15_nodes_outer_chatting.json --inspection-rate 0.001 --mess-rate 0.002 --algorithm betweenness,1.304830000001,2880,2852,2846,2865,2817,2880,2880,2880,2852,2880,2853,2867,2836,2845,2846,2880,2853,2872,2873,2880,2196,2818,2865,2872,2863,2880,2857,2859,2867,2873,2863,2880,2859,2880,2880,2880,2857,2836,2845,2196,2859,2817,2818,2859
project/sim_ext.py --sim-time 1.5 --seq-graph project/file/graph_15_nodes.json --traffic project/file/traffic_15_nodes_outer_chatting.json --inspection-rate 0.001 --mess-rate 0.002 --algorithm betweenness,1.305977000001,2880,2852,2846,2865,2817,2880,2880,2880,2852,2880,2853,2867,2836,2845,2846,2880,2853,2872,2873,2880,2196,2818,2865,2872,2863,2880,2857,2859,2867,2873,2863,2880,2859,2880,2880,2880,2857,2836,2845,2196,2859,2817,2818,2859
project/sim_ext.py --sim-time 1.5 --seq-graph project/file/graph_15_nodes.json --traffic project/file/traffic_15_nodes_outer_chatting.json --inspection-rate 0.001 --mess-rate 0.002 --algorithm betweenness,1.307159000001,2880,2852,2846,2865,2817,2880,2880,2880,2852,2880,2853,2867,2836,2845,2846,2880,2853,2872,2873,2880,2196,2818,2865,2872,2863,2880,2857,2859,2867,2873,2863,2880,2859,2880,2880,2880,2857,2836,2845,2196,2859,2817,2818,2859
project/sim_ext.py --sim-time 1.5 --seq-graph project/file/graph_15_nodes.json --traffic project/file/traffic_15_nodes_outer_chatting.json --inspection-rate 0.001 --mess-rate 0.002 --algorithm betweenness,1.3083110000009999,2880,2852,2846,2865,2817,2880,2880,2880,2852,2880,2853,2867,2836,2845,2846,2880,2853,2872,2873,2880,2196,2818,2865,2872,2863,2880,2857,2859,2867,2873,2863,2880,2859,2880,2880,2880,2857,2836,2845,2196,2859,2817,2818,2859
project/sim_ext.py --sim-time 1.5 --seq-graph project/file/graph_15_nodes.json --traffic project/file/traffic_15_nodes_outer_chatting.json --inspection-rate 0.001 --mess-rate 0.002 --algorithm betweenness,1.3093388492781848,2880,2852,2846,2865,2817,2880,2880,2880,2852,2880,2853,2867,2836,2845,2846,2880,2853,2872,2873,2880,2196,2818,2865,2872,2863,2880,2857,2859,2867,2873,2863,2880,2859,2880,2880,2880,2857,2836,2845,2196,2859,2817,2818,2859
project/sim_ext.py --sim-time 1.5 --seq-graph project/file/graph_15_nodes.json --traffic project/file/traffic_15_nodes_outer_chatting.json --inspection-rate 0.001 --mess-rate 0.002 --algorithm betweenness,1.310342000001,2880,2852,2846,2865,2817,2880,2880,2880,2852,2880,2853,2867,2836,2845,2846,2880,2853,2872,2873,2880,2196,2818,2865,2872,2863,2880,2857,2859,2867,2873,2863,2880,2859,2880,2880,2880,2857,2836,2845,2196,2859,2817,2818,2859
project/sim_ext.py --sim-time 1.5 --seq-graph project/file/graph_15_nodes.json --traffic project/file/traffic_15_nodes_outer_chatting.json --inspection-rate 0.001 --mess-rate 0.002 --algorithm betweenness,1.3114882728710788,2880,2852,2846,2865,2817,2880,2880,2880,2852,2880,2853,2867,2836,2845,2846,2880,2853,2872,2873,2880,2196,2818,2865,2872,2863,2880,2857,2859,2867,2873,2863,2880,2859,2880,2880,2880,2857,2836,2845,2196,2859,2817,2818,2859
project/sim_ext.py --sim-time 1.5 --seq-graph project/file/graph_15_nodes.json --traffic project/file/traffic_15_nodes_outer_chatting.json --inspection-rate 0.001 --mess-rate 0.002 --algorithm betweenness,1.3125130064750172,2880,2852,2846,2865,2817,2880,2880,2880,2852,2880,2853,2867,2836,2845,2846,2880,2853,2872,2873,2880,2196,2818,2865,2872,2863,2880,2857,2859,2867,2873,2863,2880,2859,2880,2880,2880,2857,2836,2845,2196,2859,2817,2818,2859
project/sim_ext.py --sim-time 1.5 --seq-graph project/file/graph_15_nodes.json --traffic project/file/traffic_15_nodes_outer_chatting.json --inspection-rate 0.001 --mess-rate 0.002 --algorithm betweenness,1.313641000001,2880,2852,2846,2865,2817,2880,2880,2880,2852,2880,2853,2867,2836,2845,2846,2880,2853,2872,2873,2880,2196,2818,2865,2872,2863,2880,2857,2859,2867,2873,2863,2880,2859,2880,2880,2880,2857,2836,2845,2196,2859,2817,2818,2859
project/sim_ext.py --sim-time 1.5 --seq-graph project/file/graph_15_nodes.json --traffic project/file/traffic_15_nodes_outer_chatting.json --inspection-rate 0.001 --mess-rate 0.002 --algorithm betweenness,1.314734000001,2880,2852,2846,2865,2817,2880,2880,2880,2852,2880,2853,2867,2836,2845,2846,2880,2853,2872,2873,2880,2196,2818,2865,2872,2863,2880,2857,2859,2867,2873,2863,2880,2859,2880,2880,2880,2857,2836,2845,2196,2859,2817,2818,2859
project/sim_ext.py --sim-time 1.5 --seq-graph project/file/graph_15_nodes.json --traffic project/file/traffic_15_nodes_outer_chatting.json --inspection-rate 0.001 --mess-rate 0.002 --algorithm betweenness,1.315845000001,2880,2852,2846,2865,2817,2880,2880,2880,2852,2880,2853,2867,2836,2845,2846,2880,2853,2872,2873,2880,2196,2818,2865,2872,2863,2880,2857,2859,2867,2873,2863,2880,2859,2880,2880,2880,2857,2836,2845,2196,2859,2817,2818,2859
project/sim_ext.py --sim-time 1.5 --seq-graph project/file/graph_15_nodes.json --traffic project/file/traffic_15_nodes_outer_chatting.json --inspection-rate 0.001 --mess-rate 0.002 --algorithm betweenness,1.316933000001,2880,2852,2846,2865,2817,2880,2880,2880,2852,2880,2853,2867,2836,2845,2846,2880,2853,2872,2873,2880,2196,2818,2865,2872,2863,2880,2857,2859,2867,2873,2863,2880,2859,2880,2880,2880,2857,2836,2845,2196,2859,2817,2818,2859
project/sim_ext.py --sim-time 1.5 --seq-graph project/file/graph_15_nodes.json --traffic project/file/traffic_15_nodes_outer_chatting.json --inspection-rate 0.001 --mess-rate 0.002 --algorithm betweenness,1.318015000001,2880,2852,2846,2865,2817,2880,2880,2880,2852,2880,2853,2867,2836,2845,2846,2880,2853,2872,2873,2880,2196,2818,2865,2872,2863,2880,2857,2859,2867,2873,2863,2880,2859,2880,2880,2880,2857,2836,2845,2196,2859,2817,2818,2859
project/sim_ext.py --sim-time 1.5 --seq-graph project/file/graph_15_nodes.json --traffic project/file/traffic_15_nodes_outer_chatting.json --inspection-rate 0.001 --mess-rate 0.002 --algorithm betweenness,1.319152000001,2880,2852,2846,2865,2817,2880,2880,2880,2852,2880,2853,2867,2836,2845,2846,2880,2853,2872,2873,2880,2196,2818,2865,2872,2863,2880,2857,2859,2867,2873,2863,2880,2859,2880,2880,2880,2857,2836,2845,2196,2859,2817,2818,2859
project/sim_ext.py --sim-time 1.5 --seq-graph project/file/graph_15_nodes.json --traffic project/file/traffic_15_nodes_outer_chatting.json --inspection-rate 0.001 --mess-rate 0.002 --algorithm betweenness,1.320202000001,2880,2852,2846,2865,2817,2880,2880,2880,2852,2880,2853,2867,2836,2845,2846,2880,2853,2872,2873,2880,2196,2818,2865,2872,2863,2880,2857,2859,2867,2873,2863,2880,2859,2880,2880,2880,2857,2836,2845,2196,2859,2817,2818,2859
project/sim_ext.py --sim-time 1.5 --seq-graph project/file/graph_15_nodes.json --traffic project/file/traffic_15_nodes_outer_chatting.json --inspection-rate 0.001 --mess-rate 0.002 --algorithm betweenness,1.321233000001,2880,2852,2846,2865,2817,2880,2880,2880,2852,2880,2853,2867,2836,2845,2846,2880,2853,2872,2873,2880,2196,2818,2865,2872,2863,2880,2857,2859,2867,2873,2863,2880,2859,2880,2880,2880,2857,2836,2845,2196,2859,2817,2818,2859
project/sim_ext.py --sim-time 1.5 --seq-graph project/file/graph_15_nodes.json --traffic project/file/traffic_15_nodes_outer_chatting.json --inspection-rate 0.001 --mess-rate 0.002 --algorithm betweenness,1.322242000001,2880,2852,2846,2865,2817,2880,2880,2880,2852,2880,2853,2867,2836,2845,2846,2880,2853,2872,2873,2880,2196,2818,2865,2872,2863,2880,2857,2859,2867,2873,2863,2880,2859,2880,2880,2880,2857,2836,2845,2196,2859,2817,2818,2859
project/sim_ext.py --sim-time 1.5 --seq-graph project/file/graph_15_nodes.json --traffic project/file/traffic_15_nodes_outer_chatting.json --inspection-rate 0.001 --mess-rate 0.002 --algorithm betweenness,1.323437000001,2880,2852,2846,2865,2817,2880,2880,2880,2852,2880,2853,2867,2836,2845,2846,2880,2853,2872,2873,2880,2196,2818,2865,2872,2863,2880,2857,2859,2867,2873,2863,2880,2859,2880,2880,2880,2857,2836,2845,2196,2859,2817,2818,2859
project/sim_ext.py --sim-time 1.5 --seq-graph project/file/graph_15_nodes.json --traffic project/file/traffic_15_nodes_outer_chatting.json --inspection-rate 0.001 --mess-rate 0.002 --algorithm betweenness,1.324526000001,2880,2852,2846,2865,2817,2880,2880,2880,2852,2880,2853,2867,2836,2845,2846,2880,2853,2872,2873,2880,2196,2818,2865,2872,2863,2880,2857,2859,2867,2873,2863,2880,2859,2880,2880,2880,2857,2836,2845,2196,2859,2817,2818,2859
project/sim_ext.py --sim-time 1.5 --seq-graph project/file/graph_15_nodes.json --traffic project/file/traffic_15_nodes_outer_chatting.json --inspection-rate 0.001 --mess-rate 0.002 --algorithm betweenness,1.325540000001,2880,2852,2846,2865,2817,2880,2880,2880,2852,2880,2853,2867,2836,2845,2846,2880,2853,2872,2873,2880,2196,2818,2865,2872,2863,2880,2857,2859,2867,2873,2863,2880,2859,2880,2880,2880,2857,2836,2845,2196,2859,2817,2818,2859
project/sim_ext.py --sim-time 1.5 --seq-graph project/file/graph_15_nodes.json --traffic project/file/traffic_15_nodes_outer_chatting.json --inspection-rate 0.001 --mess-rate 0.002 --algorithm betweenness,1.326700714492274,2880,2852,2846,2865,2817,2880,2880,2880,2852,2880,2853,2867,2836,2845,2846,2880,2853,2872,2873,2880,2196,2818,2865,2872,2863,2880,2857,2859,2867,2873,2863,2880,2859,2880,2880,2880,2857,2836,2845,2196,2859,2817,2818,2859
project/sim_ext.py --sim-time 1.5 --seq-graph project/file/graph_15_nodes.json --traffic project/file/traffic_15_nodes_outer_chatting.json --inspection-rate 0.001 --mess-rate 0.002 --algorithm betweenness,1.327803000001,2880,2852,2846,2865,2817,2880,2880,2880,2852,2880,2853,2867,2836,2845,2846,2880,2853,2872,2873,2880,2196,2818,2865,2872,2863,2880,2857,2859,2867,2873,2863,2880,2859,2880,2880,2880,2857,2836,2845,2196,2859,2817,2818,2859
project/sim_ext.py --sim-time 1.5 --seq-graph project/file/graph_15_nodes.json --traffic project/file/traffic_15_nodes_outer_chatting.json --inspection-rate 0.001 --mess-rate 0.002 --algorithm betweenness,1.328912000001,2880,2852,2846,2865,2817,2880,2880,2880,2852,2880,2853,2867,2836,2845,2846,2880,2853,2872,2873,2880,2276,2818,2865,2872,2863,2880,2857,2859,2867,2873,2863,2880,2859,2880,2880,2880,2857,2836,2845,2276,2859,2817,2818,2859
project/sim_ext.py --sim-time 1.5 --seq-graph project/file/graph_15_nodes.json --traffic project/file/traffic_15_nodes_outer_chatting.json --inspection-rate 0.001 --mess-rate 0.002 --algorithm betweenness,1.330014999883,2880,2852,2846,2865,2817,2880,2880,2880,2852,2880,2853,2867,2836,2845,2846,2880,2853,2872,2873,2880,2276,2818,2865,2872,2863,2880,2857,2859,2867,2873,2863,2880,2859,2880,2880,2880,2857,2836,2845,2276,2859,2817,2818,2859
project/sim_ext.py --sim-time 1.5 --seq-graph project/file/graph_15_nodes.json --traffic project/file/traffic_15_nodes_outer_chatting.json --inspection-rate 0.001 --mess-rate 0.002 --algorithm betweenness,1.331055000001,2960,2932,2926,2945,2897,2960,2960,2960,2932,2960,2933,2947,2916,2845,2926,2960,2933,2952,2953,2960,2276,2898,2945,2952,2943,2880,2937,2939,2947,2953,2943,2960,2939,2960,2880,2960,2937,2916,2845,2276,2939,2897,2898,2939
project/sim_ext.py --sim-time 1.5 --seq-graph project/file/graph_15_nodes.json --traffic project/file/traffic_15_nodes_outer_chatting.json --inspection-rate 0.001 --mess-rate 0.002 --algorithm betweenness,1.3321108365377847,2960,2932,2926,2945,2897,2960,2960,2960,2932,2960,2933,2947,2916,2845,2926,2960,2933,2952,2953,2960,2276,2898,2945,2952,2943,2880,2937,2939,2947,2953,2943,2960,2939,2960,2880,2960,2937,2916,2845,2276,2939,2897,2898,2939
project/sim_ext.py --sim-time 1.5 --seq-graph project/file/graph_15_nodes.json --traffic project/file/traffic_15_nodes_outer_chatting.json --inspection-rate 0.001 --mess-rate 0.002 --algorithm betweenness,1.333264999879,2960,2932,2926,2945,2897,2960,2960,2960,2932,2960,2933,2947,2916,2845,2926,2960,2933,2952,2953,2960,2276,2898,2945,2952,2943,2880,2937,2939,2947,2953,2943,2960,2939,2960,2880,2960,2937,2916,2845,2276,2939,2897,2898,2939
project/sim_ext.py --sim-time 1.5 --seq-graph project/file/graph_15_nodes.json --traffic project/file/traffic_15_nodes_outer_chatting.json --inspection-rate 0.001 --mess-rate 0.002 --algorithm betweenness,1.334485000001,2960,2932,2926,2945,2897,2960,2960,2960,2932,2960,2933,2947,2916,2845,2926,2960,2933,2952,2953,2960,2276,2898,2945,2952,2943,2880,2937,2939,2947,2953,2943,2960,2939,2960,2880,2960,2937,2916,2845,2276,2939,2897,2898,2939
project/sim_ext.py --sim-time 1.5 --seq-graph project/file/graph_15_nodes.json --traffic project/file/traffic_15_nodes_outer_chatting.json --inspection-rate 0.001 --mess-rate 0.002 --algorithm betweenness,1.3355166828915732,2960,2932,2926,2945,2897,2960,2960,2960,2932,2960,2933,2947,2916,2845,2926,2960,2933,2952,2953,2960,2276,2898,2945,2952,2943,2880,2937,2939,2947,2953,2943,2960,2939,2960,2880,2960,2937,2916,2845,2276,2939,2897,2898,2939
project/sim_ext.py --sim-time 1.5 --seq-graph project/file/graph_15_nodes.json --traffic project/file/traffic_15_nodes_outer_chatting.json --inspection-rate 0.001 --mess-rate 0.002 --algorithm betweenness,1.336590000001,2960,2932,2926,2945,2897,2960,2960,2960,2932,2960,2933,2947,2916,2845,2926,2960,2933,2952,2953,2960,2276,2898,2945,2952,2943,2880,2937,2939,2947,2953,2943,2960,2939,2960,2880,2960,2937,2916,2845,2276,2939,2897,2898,2939
project/sim_ext.py --sim-time 1.5 --seq-graph project/file/graph_15_nodes.json --traffic project/file/traffic_15_nodes_outer_chatting.json --inspection-rate 0.001 --mess-rate 0.002 --algorithm betweenness,1.337754999883,2960,2932,2926,2945,2897,2960,2960,2960,2932,2960,2933,2947,2916,2845,2926,2960,2933,2952,2953,2960,2276,2898,2945,2952,2943,2880,2937,2939,2947,2953,2943,2960,2939,2960,2880,2960,2937,2916,2845,2276,2939,2897,2898,2939
project/sim_ext.py --sim-time 1.5 --seq-graph project/file/graph_15_nodes.json --traffic project/file/traffic_15_nodes_outer_chatting.json --inspection-rate 0.001 --mess-rate 0.002 --algorithm betweenness,1.3389833767546835,2960,2932,2926,2945,2897,2960,2960,2960,2932,2960,2933,2947,2916,2845,2926,2960,2933,2952,2953,2960,2276,2898,2945,2952,2943,2880,2937,2939,2947,2953,2943,2960,2939,2960,2880,2960,2937,2916,2845,2276,2939,2897,2898,2939
project/sim_ext.py --sim-time 1.5 --seq-graph project/file/graph_15_nodes.json --traffic project/file/traffic_15_nodes_outer_chatting.json --inspection-rate 0.001 --mess-rate 0.002 --algorithm betweenness,1.340091000001,2960,2932,2926,2945,2897,2960,2960,2960,2932,2960,2933,2947,2916,2845,2926,2960,2933,2952,2953,2960,2276,2898,2945,2952,2943,2880,2937,2939,2947,2953,2943,2960,2939,2960,2880,2960,2937,2916,2845,2276,2939,2897,2898,2939
project/sim_ext.py --sim-time 1.5 --seq-graph project/file/graph_15_nodes.json --traffic project/file/traffic_15_nodes_outer_chatting.json --inspection-rate 0.001 --mess-rate 0.002 --algorithm betweenness,1.341134000001,2960,2932,2926,2945,2897,2960,2960,2960,2932,2960,2933,2947,2916,2925,2926,2960,2933,2952,2953,2960,2276,2898,2945,2952,2943,2960,2937,2939,2947,2953,2943,2960,2939,2960,2960,2960,2937,2916,2925,2276,2939,2897,2898,2939
project/sim_ext.py --sim-time 1.5 --seq-graph project/file/graph_15_nodes.json --traffic project/file/traffic_15_nodes_outer_chatting.json --inspection-rate 0.001 --mess-rate 0.002 --algorithm betweenness,1.342307000001,2960,2932,2926,2945,2897,2960,2960,2960,2932,2960,2933,2947,2916,2925,2926,2960,2933,2952,2953,2960,2276,2898,2945,2952,2943,2960,2937,2939,2947,2953,2943,2960,2939,2960,2960,2960,2937,2916,2925,2276,2939,2897,2898,2939
project/sim_ext.py --sim-time 1.5 --seq-graph project/file/graph_15_nodes.json --traffic project/file/traffic_15_nodes_outer_chatting.json --inspection-rate 0.001 --mess-rate 0.002 --algorithm betweenness,1.343558000001,2960,2932,2926,2945,2897,2960,2960,2960,2932,2960,2933,2947,2916,2925,2926,2960,2933,2952,2953,2960,2276,2898,2945,2952,2943,2960,2937,2939,2947,2953,2943,2960,2939,2960,2960,2960,2937,2916,2925,2276,2939,2897,2898,2939
project/sim_ext.py --sim-time 1.5 --seq-graph project/file/graph_15_nodes.json --traffic project/file/traffic_15_nodes_outer_chatting.json --inspection-rate 0.001 --mess-rate 0.002 --algorithm betweenness,1.344723000001,2960,2932,2926,2945,2897,2960,2960,2960,2932,2960,2933,2947,2916,2925,2926,2960,2933,2952,2953,2960,2276,2898,2945,2952,2943,2960,2937,2939,2947,2953,2943,2960,2939,2960,2960,2960,2937,2916,2925,2276,2939,2897,2898,2939
project/sim_ext.py --sim-time 1.5 --seq-graph project/file/graph_15_nodes.json --traffic project/file/traffic_15_nodes_outer_chatting.json --inspection-rate 0.001 --mess-rate 0.002 --algorithm betweenness,1.345815000001,2960,2932,2926,2945,2897,2960,2960,2960,2932,2960,2933,2947,2916,2925,2926,2960,2933,2952,2953,2960,2276,2898,2945,2952,2943,2960,2937,2939,2947,2953,2943,2960,2939,2960,2960,2960,2937,2916,2925,2276,2939,2897,2898,2939
project/sim_ext.py --sim-time 1.5 --seq-graph project/file/graph_15_nodes.json --traffic project/file/traffic_15_nodes_outer_chatting.json --inspection-rate 0.001 --mess-rate 0.002 --algorithm betweenness,1.3469175912650175,2960,2932,2926,2945,2897,2960,2960,2960,2932,2960,2933,2947,2916,2925,2926,2960,2933,2952,2953,2960,2276,2898,2945,2952,2943,2960,2937,2939,2947,2953,2943,2960,2939,2960,2960,2960,2937,2916,2925,2276,2939,2897,2898,2939
project/sim_ext.py --sim-time 1.5 --seq-graph project/file/graph_15_nodes.json --traffic project/file/traffic_15_nodes_outer_chatting.json --inspection-rate 0.001 --mess-rate 0.002 --algorithm betweenness,1.348053000001,2960,2932,2926,2945,2897,2960,2960,2960,2932,2960,2933,2947,2916,2925,2926,2960,2933,2952,2953,2960,2276,2898,2945,2952,2943,2960,2937,2939,2947,2953,2943,2960,2939,2960,2960,2960,2937,2916,2925,2276,2939,2897,2898,2939
project/sim_ext.py --sim-time 1.5 --seq-graph project/file/graph_15_nodes.json --traffic project/file/traffic_15_nodes_outer_chatting.json --inspection-rate 0.001 --mess-rate 0.002 --algorithm betweenness,1.349153000001,2960,2932,2926,2945,2897,2960,2960,2960,2932,2960,2933,2947,2916,2925,2926,2960,2933,2952,2953,2960,2276,2898,2945,2952,2943,2960,2937,2939,2947,2953,2943,2960,2939,2960,2960,2960,2937,2916,2925,2276,2939,2897,2898,2939
project/sim_ext.py --sim-time 1.5 --seq-graph project/file/graph_15_nodes.json --traffic project/file/traffic_15_nodes_outer_chatting.json --inspection-rate 0.001 --mess-rate 0.002 --algorithm betweenness,1.350302000001,2960,2932,2926,2945,2897,2960,2960,2960,2932,2960,2933,2947,2916,2925,2926,2960,2933,2952,2953,2960,2276,2898,2945,2952,2943,2960,2937,2939,2947,2953,2943,2960,2939,2960,2960,2960,2937,2916,2925,2276,2939,2897,2898,2939
project/sim_ext.py --sim-time 1.5 --seq-graph project/file/graph_15_nodes.json --traffic project/file/traffic_15_nodes_outer_chatting.json --inspection-rate 0.001 --mess-rate 0.002 --algorithm betweenness,1.351325000001,2960,2932,2926,2945,2897,2960,2960,2960,2932,2960,2933,2947,2916,2925,2926,2960,2933,2952,2953,2960,2276,2898,2945,2952,2943,2960,2937,2939,2947,2953,2943,2960,2939,2960,2960,2960,2937,2916,2925,2276,2939,2897,2898,2939
project/sim_ext.py --sim-time 1.5 --seq-graph project/file/graph_15_nodes.json --traffic project/file/traffic_15_nodes_outer_chatting.json --inspection-rate 0.001 --mess-rate 0.002 --algorithm betweenness,1.352545000001,2960,2932,2926,2945,2897,2960,2960,2960,2932,2960,2933,2947,2916,2925,2926,2960,2933,2952,2953,2960,2276,2898,2945,2952,2943,2960,2937,2939,2947,2953,2943,2960,2939,2960,2960,2960,2937,2916,2925,2276,2939,2897,2898,2939
project/sim_ext.py --sim-time 1.5 --seq-graph project/file/graph_15_nodes.json --traffic project/file/traffic_15_nodes_outer_chatting.json --inspection-rate 0.001 --mess-rate 0.002 --algorithm betweenness,1.353662000001,2960,2932,2926,2945,2897,2960,2960,2960,2932,2960,2933,2947,2916,2925,2926,2960,2933,2952,2953,2960,2276,2898,2945,2952,2943,2960,2937,2939,2947,2953,2943,2960,2939,2960,2960,2960,2937,2916,2925,2276,2939,2897,2898,2939
project/sim_ext.py --sim-time 1.5 --seq-graph project/file/graph_15_nodes.json --traffic project/file/traffic_15_nodes_outer_chatting.json --inspection-rate 0.001 --mess-rate 0.002 --algorithm betweenness,1.354772000001,2960,2932,2926,2945,2897,2960,2960,2960,2932,2960,2933,2947,2916,2925,2926,2960,2933,2952,2953,2960,2276,2898,2945,2952,2943,2960,2937,2939,2947,2953,2943,2960,2939,2960,2960,2960,2937,2916,2925,2276,2939,2897,2898,2939
project/sim_ext.py --sim-time 1.5 --seq-graph project/file/graph_15_nodes.json --traffic project/file/traffic_15_nodes_outer_chatting.json --inspection-rate 0.001 --mess-rate 0.002 --algorithm betweenness,1.355896812849722,2960,2932,2926,2945,2897,2960,2960,2960,2932,2960,2933,2947,2916,2925,2926,2960,2933,2952,2953,2960,2276,2898,2945,2952,2943,2960,2937,2939,2947,2953,2943,2960,2939,2960,2960,2960,2937,2916,2925,2276,2939,2897,2898,2939
project/sim_ext.py --sim-time 1.5 --seq-graph project/file/graph_15_nodes.json --traffic project/file/traffic_15_nodes_outer_chatting.json --inspection-rate 0.001 --mess-rate 0.002 --algorithm betweenness,1.356926799997,2960,2932,2926,2945,2897,2960,2960,2960,2932,2960,2933,2947,2916,2925,2926,2960,2933,2952,2953,2960,2276,2898,2945,2952,2943,2960,2937,2939,2947,2953,2943,2960,2939,2960,2960,2960,2937,2916,2925,2276,2939,2897,2898,2939
project/sim_ext.py --sim-time 1.5 --seq-graph project/file/graph_15_nodes.json --traffic project/file/traffic_15_nodes_outer_chatting.json --inspection-rate 0.001 --mess-rate 0.002 --algorithm betweenness,1.358006000001,2960,2932,2926,2945,2897,2960,2960,2960,2932,2960,2933,2947,2916,2925,2926,2960,2933,2952,2953,2960,2276,2898,2945,2952,2943,2960,2937,2939,2947,2953,2943,2960,2939,2960,2960,2960,2937,2916,2925,2276,2939,2897,2898,2939
project/sim_ext.py --sim-time 1.5 --seq-graph project/file/graph_15_nodes.json --traffic project/file/traffic_15_nodes_outer_chatting.json --inspection-rate 0.001 --mess-rate 0.002 --algorithm betweenness,1.3591510000009999,2960,2932,2926,2945,2897,2960,2960,2960,2932,2960,2933,2947,2916,2925,2926,2960,2933,2952,2953,2960,2276,2898,2945,2952,2943,2960,2937,2939,2947,2953,2943,2960,2939,2960,2960,2960,2937,2916,2925,2276,2939,2897,2898,2939
project/sim_ext.py --sim-time 1.5 --seq-graph project/file/graph_15_nodes.json --traffic project/file/traffic_15_nodes_outer_chatting.json --inspection-rate 0.001 --mess-rate 0.002 --algorithm betweenness,1.360231660814082,2960,2932,2926,2945,2897,2960,2960,2960,2932,2960,2933,2947,2916,2925,2926,2960,2933,2952,2953,2960,2276,2898,2945,2952,2943,2960,2937,2939,2947,2953,2943,2960,2939,2960,2960,2960,2937,2916,2925,2276,2939,2897,2898,2939
project/sim_ext.py --sim-time 1.5 --seq-graph project/file/graph_15_nodes.json --traffic project/file/traffic_15_nodes_outer_chatting.json --inspection-rate 0.001 --mess-rate 0.002 --algorithm betweenness,1.3612940000009999,2960,2932,3006,2945,2897,2960,2960,3040,2932,2960,2933,2947,2916,2925,3006,3040,2933,3032,2953,2960,2276,2898,2945,3032,3023,2960,2937,2939,2947,2953,3023,2960,2939,2960,2960,2960,2937,2916,2925,2276,2939,2897,2898,2939
project/sim_ext.py --sim-time 1.5 --seq-graph project/file/graph_15_nodes.json --traffic project/file/traffic_15_nodes_outer_chatting.json --inspection-rate 0.001 --mess-rate 0.002 --algorithm betweenness,1.36242371832966,2960,2932,3006,2945,2897,2960,2960,3040,2932,2960,2933,2947,2916,2925,3006,3040,2933,3032,2953,2960,2276,2898,2945,3032,3023,2960,2937,2939,2947,2953,3023,2960,2939,2960,2960,2960,2937,2916,2925,2276,2939,2897,2898,2939
project/sim_ext.py --sim-time 1.5 --seq-graph project/file/graph_15_nodes.json --traffic project/file/traffic_15_nodes_outer_chatting.json --inspection-rate 0.001 --mess-rate 0.002 --algorithm betweenness,1.363433000001,2960,2932,3006,2945,2897,2960,2960,3040,2932,2960,2933,2947,2916,2925,3006,3040,2933,3032,2953,2960,2276,2898,2945,3032,3023,2960,2937,2939,2947,2953,3023,2960,2939,2960,2960,2960,2937,2916,2925,2276,2939,2897,2898,2939
project/sim_ext.py --sim-time 1.5 --seq-graph project/file/graph_15_nodes.json --traffic project/file/traffic_15_nodes_outer_chatting.json --inspection-rate 0.001 --mess-rate 0.002 --algorithm betweenness,1.3645222364061587,2960,2932,3006,2945,2897,2960,2960,3040,2932,2960,2933,2947,2916,2925,3006,3040,2933,3032,2953,2960,2276,2898,2945,3032,3023,2960,2937,2939,2947,2953,3023,2960,2939,2960,2960,2960,2937,2916,2925,2276,2939,2897,2898,2939
project/sim_ext.py --sim-time 1.5 --seq-graph project/file/graph_15_nodes.json --traffic project/file/traffic_15_nodes_outer_chatting.json --inspection-rate 0.001 --mess-rate 0.002 --algorithm betweenness,1.365637000001,2960,2932,3006,2945,2897,2960,2960,3040,2932,2960,2933,2947,2916,2925,3006,3040,2933,3032,2953,2960,2276,2898,2945,3032,3023,2960,2937,2939,2947,2953,3023,2960,2939,2960,2960,2960,2937,2916,2925,2276,2939,2897,2898,2939
project/sim_ext.py --sim-time 1.5 --seq-graph project/file/graph_15_nodes.json --traffic project/file/traffic_15_nodes_outer_chatting.json --inspection-rate 0.001 --mess-rate 0.002 --algorithm betweenness,1.366959000001,2960,2932,3006,2945,2897,2960,2960,3040,2932,2960,2933,2947,2916,2925,3006,3040,2933,3032,2953,2960,2276,2898,2945,3032,3023,2960,2937,2939,2947,2953,3023,2960,2939,2960,2960,2960,2937,2916,2925,2276,2939,2897,2898,2939
project/sim_ext.py --sim-time 1.5 --seq-graph project/file/graph_15_nodes.json --traffic project/file/traffic_15_nodes_outer_chatting.json --inspection-rate 0.001 --mess-rate 0.002 --algorithm betweenness,1.367984999887,2960,2932,3006,2945,2897,2960,2960,3040,2932,2960,2933,2947,2916,2925,3006,3040,2933,3032,2953,2960,2276,2898,2945,3032,3023,2960,2937,2939,2947,2953,3023,2960,2939,2960,2960,2960,2937,2916,2925,2276,2939,2897,2898,2939
project/sim_ext.py --sim-time 1.5 --seq-graph project/file/graph_15_nodes.json --traffic project/file/traffic_15_nodes_outer_chatting.json --inspection-rate 0.001 --mess-rate 0.002 --algorithm betweenness,1.3689970000009999,2960,2932,3006,2945,2897,2960,2960,3040,2932,2960,2933,2947,2916,2925,3006,3040,2933,3032,2953,2960,2276,2898,2945,3032,3023,2960,2937,2939,2947,2953,3023,2960,2939,2960,2960,2960,2937,2916,2925,2276,2939,2897,2898,2939
project/sim_ext.py --sim-time 1.5 --seq-graph project/file/graph_15_nodes.json --traffic project/file/traffic_15_nodes_outer_chatting.json --inspection-rate 0.001 --mess-rate 0.002 --algorithm betweenness,1.370177354151324,2960,2932,3006,2945,2897,2960,2960,3040,2932,2960,2933,2947,2916,2925,3006,3040,2933,3032,2953,2960,2276,2898,2945,3032,3023,2960,2937,2939,2947,2953,3023,2960,2939,2960,2960,2960,2937,2916,2925,2276,2939,2897,2898,2939
project/sim_ext.py --sim-time 1.5 --seq-graph project/file/graph_15_nodes.json --traffic project/file/traffic_15_nodes_outer_chatting.json --inspection-rate 0.001 --mess-rate 0.002 --algorithm betweenness,1.371309000001,3040,3012,3006,3025,2977,3040,3040,3040,3012,3040,3013,3027,2996,3005,3006,3040,3013,3032,3033,3040,2276,2978,3025,3032,3023,3040,3017,3019,3027,3033,3023,3040,3019,3040,3040,3040,3017,2996,3005,2276,3019,2977,2978,3019
project/sim_ext.py --sim-time 1.5 --seq-graph project/file/graph_15_nodes.json --traffic project/file/traffic_15_nodes_outer_chatting.json --inspection-rate 0.001 --mess-rate 0.002 --algorithm betweenness,1.372344999883,3040,3012,3006,3025,2977,3040,3040,3040,3012,3040,3013,3027,2996,3005,3006,3040,3013,3032,3033,3040,2356,2978,3025,3032,3023,3040,3017,3019,3027,3033,3023,3040,3019,3040,3040,3040,3017,2996,3005,2356,3019,2977,2978,3019
project/sim_ext.py --sim-time 1.5 --seq-graph project/file/graph_15_nodes.json --traffic project/file/traffic_15_nodes_outer_chatting.json --inspection-rate 0.001 --mess-rate 0.002 --algorithm betweenness,1.373498000001,3040,3012,3006,3025,2977,3040,3040,3040,3012,3040,3013,3027,2996,3005,3006,3040,3013,3032,3033,3040,2356,2978,3025,3032,3023,3040,3017,3019,3027,3033,3023,3040,3019,3040,3040,3040,3017,2996,3005,2356,3019,2977,2978,3019
project/sim_ext.py --sim-time 1.5 --seq-graph project/file/graph_15_nodes.json --traffic project/file/traffic_15_nodes_outer_chatting.json --inspection-rate 0.001 --mess-rate 0.002 --algorithm betweenness,1.374502000001,3040,3012,3006,3025,2977,3040,3040,3040,3012,3040,3013,3027,2996,3005,3006,3040,3013,3032,3033,3040,2356,2978,3025,3032,3023,3040,3017,3019,3027,3033,3023,3040,3019,3040,3040,3040,3017,2996,3005,2356,3019,2977,2978,3019
project/sim_ext.py --sim-time 1.5 --seq-graph project/file/graph_15_nodes.json --traffic project/file/traffic_15_nodes_outer_chatting.json --inspection-rate 0.001 --mess-rate 0.002 --algorithm betweenness,1.3756196022193379,3040,3012,3006,3025,2977,3040,3040,3040,3012,3040,3013,3027,2996,3005,3006,3040,3013,3032,3033,3040,2356,2978,3025,3032,3023,3040,3017,3019,3027,3033,3023,3040,3019,3040,3040,3040,3017,2996,3005,2356,3019,2977,2978,3019
project/sim_ext.py --sim-time 1.5 --seq-graph project/file/graph_15_nodes.json --traffic project/file/traffic_15_nodes_outer_chatting.json --inspection-rate 0.001 --mess-rate 0.002 --algorithm betweenness,1.376735000001,3040,3012,3006,3025,2977,3040,3040,3040,3012,3040,3013,3027,2996,3005,3006,3040,3013,3032,3033,3040,2356,2978,3025,3032,3023,3040,3017,3019,3027,3033,3023,3040,3019,3040,3040,3040,3017,2996,3005,2356,3019,2977,2978,3019
project/sim_ext.py --sim-time 1.5 --seq-graph project/file/graph_15_nodes.json --traffic project/file/traffic_15_nodes_outer_chatting.json --inspection-rate 0.001 --mess-rate 0.002 --algorithm betweenness,1.3777711313594176,3040,3012,3006,3025,2977,3040,3040,3040,3012,3040,3013,3027,2996,3005,3006,3040,3013,3032,3033,3040,2356,2978,3025,3032,3023,3040,3017,3019,3027,3033,3023,3040,3019,3040,3040,3040,3017,2996,3005,2356,3019,2977,2978,3019
project/sim_ext.py --sim-time 1.5 --seq-graph project/file/graph_15_nodes.json --traffic project/file/traffic_15_nodes_outer_chatting.json --inspection-rate 0.001 --mess-rate 0.002 --algorithm betweenness,1.378814000001,3040,3012,3006,3025,2977,3040,3040,3040,3012,3040,3013,3027,2996,3005,3006,3040,3013,3032,3033,3040,2356,2978,3025,3032,3023,3040,3017,3019,3027,3033,3023,3040,3019,3040,3040,3040,3017,2996,3005,2356,3019,2977,2978,3019
project/sim_ext.py --sim-time 1.5 --seq-graph project/file/graph_15_nodes.json --traffic project/file/traffic_15_nodes_outer_chatting.json --inspection-rate 0.001 --mess-rate 0.002 --algorithm betweenness,1.3799817999969999,3040,3012,3006,3025,2977,3040,3040,3040,3012,3040,3013,3027,2996,3005,3006,3040,3013,3032,3033,3040,2356,2978,3025,3032,3023,3040,3017,3019,3027,3033,3023,3040,3019,3040,3040,3040,3017,2996,3005,2356,3019,2977,2978,3019
project/sim_ext.py --sim-time 1.5 --seq-graph project/file/graph_15_nodes.json --traffic project/file/traffic_15_nodes_outer_chatting.json --inspection-rate 0.001 --mess-rate 0.002 --algorithm betweenness,1.3810700000009999,3040,3012,3006,3025,2977,3040,3040,3040,3012,3040,3013,3027,2996,3005,3006,3040,3013,3032,3033,3040,2356,2978,3025,3032,3023,3040,3017,3019,3027,3033,3023,3040,3019,3040,3040,3040,3017,2996,3005,2356,3019,2977,2978,3019
project/sim_ext.py --sim-time 1.5 --seq-graph project/file/graph_15_nodes.json --traffic project/file/traffic_15_nodes_outer_chatting.json --inspection-rate 0.001 --mess-rate 0.002 --algorithm betweenness,1.3821670047530907,3040,3012,3006,3025,2977,3040,3040,3040,3012,3040,3013,3027,2996,3005,3006,3040,3013,3032,3033,3040,2356,2978,3025,3032,3023,3040,3017,3019,3027,3033,3023,3040,3019,3040,3040,3040,3017,2996,3005,2356,3019,2977,2978,3019
project/sim_ext.py --sim-time 1.5 --seq-graph project/file/graph_15_nodes.json --traffic project/file/traffic_15_nodes_outer_chatting.json --inspection-rate 0.001 --mess-rate 0.002 --algorithm betweenness,1.383179000001,3040,3012,3006,3025,2977,3040,3040,3040,3012,3040,3013,3027,2996,3005,3006,3040,3013,3032,3033,3040,2356,2978,3025,3032,3023,3040,3017,3019,3027,3033,3023,3040,3019,3040,3040,3040,3017,2996,3005,2356,3019,2977,2978,3019
project/sim_ext.py --sim-time 1.5 --seq-graph project/file/graph_15_nodes.json --traffic project/file/traffic_15_nodes_outer_chatting.json --inspection-rate 0.001 --mess-rate 0.002 --algorithm betweenness,1.3842930000009999,3040,3012,3006,3025,2977,3040,3040,3040,3012,3040,3013,3027,2996,3005,3006,3040,3013,3032,3033,3040,2356,2978,3025,3032,3023,3040,3017,3019,3027,3033,3023,3040,3019,3040,3040,3040,3017,2996,3005,2356,3019,2977,2978,3019
project/sim_ext.py --sim-time 1.5 --seq-graph project/file/graph_15_nodes.json --traffic project/file/traffic_15_nodes_outer_chatting.json --inspection-rate 0.001 --mess-rate 0.002 --algorithm betweenness,1.385300000001,3040,3012,3006,3025,2977,3040,3040,3040,3012,3040,3013,3027,2996,3005,3006,3040,3013,3032,3033,3040,2356,2978,3025,3032,3023,3040,3017,3019,3027,3033,3023,3040,3019,3040,3040,3040,3017,2996,3005,2356,3019,2977,2978,3019
project/sim_ext.py --sim-time 1.5 --seq-graph project/file/graph_15_nodes.json --traffic project/file/traffic_15_nodes_outer_chatting.json --inspection-rate 0.001 --mess-rate 0.002 --algorithm betweenness,1.386303000001,3040,3012,3006,3025,2977,3040,3040,3040,3012,3040,3013,3027,2996,3005,3006,3040,3013,3032,3033,3040,2356,2978,3025,3032,3023,3040,3017,3019,3027,3033,3023,3040,3019,3040,3040,3040,3017,2996,3005,2356,3019,2977,2978,3019
project/sim_ext.py --sim-time 1.5 --seq-graph project/file/graph_15_nodes.json --traffic project/file/traffic_15_nodes_outer_chatting.json --inspection-rate 0.001 --mess-rate 0.002 --algorithm betweenness,1.387372000001,3040,3012,3006,3025,2977,3040,3040,3040,3012,3040,3013,3027,2996,3005,3006,3040,3013,3032,3033,3040,2356,2978,3025,3032,3023,3040,3017,3019,3027,3033,3023,3040,3019,3040,3040,3040,3017,2996,3005,2356,3019,2977,2978,3019
project/sim_ext.py --sim-time 1.5 --seq-graph project/file/graph_15_nodes.json --traffic project/file/traffic_15_nodes_outer_chatting.json --inspection-rate 0.001 --mess-rate 0.002 --algorithm betweenness,1.388530000001,3040,3012,3006,3025,2977,3040,3040,3040,3012,3040,3013,3027,2996,3005,3006,3040,3013,3032,3033,3040,2356,2978,3025,3032,3023,3040,3017,3019,3027,3033,3023,3040,3019,3040,3040,3040,3017,2996,3005,2356,3019,2977,2978,3019
project/sim_ext.py --sim-time 1.5 --seq-graph project/file/graph_15_nodes.json --traffic project/file/traffic_15_nodes_outer_chatting.json --inspection-rate 0.001 --mess-rate 0.002 --algorithm betweenness,1.3895508638940797,3040,3012,3006,3025,2977,3040,3040,3040,3012,3040,3013,3027,2996,3005,3006,3040,3013,3032,3033,3040,2356,2978,3025,3032,3023,3040,3017,3019,3027,3033,3023,3040,3019,3040,3040,3040,3017,2996,3005,2356,3019,2977,2978,3019
project/sim_ext.py --sim-time 1.5 --seq-graph project/file/graph_15_nodes.json --traffic project/file/traffic_15_nodes_outer_chatting.json --inspection-rate 0.001 --mess-rate 0.002 --algorithm betweenness,1.3905520000009999,3040,3012,3006,3025,2977,3040,3040,3040,3012,3040,3013,3027,2996,3005,3006,3040,3013,3032,3033,3040,2356,2978,3025,3032,3023,3040,3017,3019,3027,3033,3023,3040,3019,3040,3040,3040,3017,2996,3005,2356,3019,2977,2978,3019
project/sim_ext.py --sim-time 1.5 --seq-graph project/file/graph_15_nodes.json --traffic project/file/traffic_15_nodes_outer_chatting.json --inspection-rate 0.001 --mess-rate 0.002 --algorithm betweenness,1.391713000001,3040,3012,3006,3025,2977,3040,3040,3040,3012,3040,3013,3027,2996,3005,3006,3040,3013,3032,3033,3040,2356,2978,3025,3032,3023,3040,3017,3019,3027,3033,3023,3040,3019,3040,3040,3040,3017,2996,3005,2356,3019,2977,2978,3019
project/sim_ext.py --sim-time 1.5 --seq-graph project/file/graph_15_nodes.json --traffic project/file/traffic_15_nodes_outer_chatting.json --inspection-rate 0.001 --mess-rate 0.002 --algorithm betweenness,1.392864999883,3040,3012,3006,3025,2977,3040,3040,3040,3012,3040,3013,3027,2996,3005,3006,3040,3013,3032,3033,3040,2356,2978,3025,3032,3023,3040,3017,3019,3027,3033,3023,3040,3019,3040,3040,3040,3017,2996,3005,2356,3019,2977,2978,3019
project/sim_ext.py --sim-time 1.5 --seq-graph project/file/graph_15_nodes.json --traffic project/file/traffic_15_nodes_outer_chatting.json --inspection-rate 0.001 --mess-rate 0.002 --algorithm betweenness,1.394035000001,3040,3012,3006,3025,2977,3040,3040,3040,3012,3040,3013,3027,2996,3005,3006,3040,3013,3032,3033,3040,2356,2978,3025,3032,3023,3040,3017,3019,3027,3033,3023,3040,3019,3040,3040,3040,3017,2996,3005,2356,3019,2977,2978,3019
project/sim_ext.py --sim-time 1.5 --seq-graph project/file/graph_15_nodes.json --traffic project/file/traffic_15_nodes_outer_chatting.json --inspection-rate 0.001 --mess-rate 0.002 --algorithm betweenness,1.3951198057525256,3040,3012,3006,3025,2977,3040,3040,3040,3012,3040,3013,3027,2996,3005,3006,3040,3013,3032,3033,3040,2356,2978,3025,3032,3023,3040,3017,3019,3027,3033,3023,3040,3019,3040,3040,3040,3017,2996,3005,2356,3019,2977,2978,3019
project/sim_ext.py --sim-time 1.5 --seq-graph project/file/graph_15_nodes.json --traffic project/file/traffic_15_nodes_outer_chatting.json --inspection-rate 0.001 --mess-rate 0.002 --algorithm betweenness,1.396128000001,3040,3012,3006,3025,2977,3040,3040,3040,3012,3040,3013,3027,2996,3005,3006,3040,3013,3032,3033,3040,2356,2978,3025,3032,3023,3040,3017,3019,3027,3033,3023,3040,3019,3040,3040,3040,3017,2996,3005,2356,3019,2977,2978,3019
project/sim_ext.py --sim-time 1.5 --seq-graph project/file/graph_15_nodes.json --traffic project/file/traffic_15_nodes_outer_chatting.json --inspection-rate 0.001 --mess-rate 0.002 --algorithm betweenness,1.397276000001,3040,3012,3006,3025,2977,3040,3040,3040,3012,3040,3013,3027,2996,3005,3006,3040,3013,3032,3033,3040,2356,2978,3025,3032,3023,3040,3017,3019,3027,3033,3023,3040,3019,3040,3040,3040,3017,2996,3005,2356,3019,2977,2978,3019
project/sim_ext.py --sim-time 1.5 --seq-graph project/file/graph_15_nodes.json --traffic project/file/traffic_15_nodes_outer_chatting.json --inspection-rate 0.001 --mess-rate 0.002 --algorithm betweenness,1.398278000001,3040,3012,3006,3025,2977,3040,3040,3040,3012,3040,3013,3027,2996,3005,3006,3040,3013,3032,3033,3040,2356,2978,3025,3032,3023,3040,3017,3019,3027,3033,3023,3040,3019,3040,3040,3040,3017,2996,3005,2356,3019,2977,2978,3019
project/sim_ext.py --sim-time 1.5 --seq-graph project/file/graph_15_nodes.json --traffic project/file/traffic_15_nodes_outer_chatting.json --inspection-rate 0.001 --mess-rate 0.002 --algorithm betweenness,1.399283834788678,3040,3012,3006,3025,2977,3040,3040,3040,3012,3040,3013,3027,2996,3005,3006,3040,3013,3032,3033,3040,2356,2978,3025,3032,3023,3040,3017,3019,3027,3033,3023,3040,3019,3040,3040,3040,3017,2996,3005,2356,3019,2977,2978,3019
project/sim_ext.py --sim-time 1.5 --seq-graph project/file/graph_15_nodes.json --traffic project/file/traffic_15_nodes_outer_chatting.json --inspection-rate 0.001 --mess-rate 0.002 --algorithm betweenness,1.400308000001,3040,3012,3006,3025,2977,3040,3040,3040,3012,3040,3013,3027,2996,3005,3006,3040,3013,3032,3033,3040,2356,2978,3025,3032,3023,3040,3017,3019,3027,3033,3023,3040,3019,3040,3040,3040,3017,2996,3005,2356,3019,2977,2978,3019
project/sim_ext.py --sim-time 1.5 --seq-graph project/file/graph_15_nodes.json --traffic project/file/traffic_15_nodes_outer_chatting.json --inspection-rate 0.001 --mess-rate 0.002 --algorithm betweenness,1.401536000001,3040,3012,3006,3025,2977,3040,3040,3040,3012,3040,3013,3027,2996,3005,3006,3040,3013,3032,3033,3040,2356,2978,3025,3032,3023,3040,3017,3019,3027,3033,3023,3040,3019,3040,3040,3040,3017,2996,3005,2356,3019,2977,2978,3019
project/sim_ext.py --sim-time 1.5 --seq-graph project/file/graph_15_nodes.json --traffic project/file/traffic_15_nodes_outer_chatting.json --inspection-rate 0.001 --mess-rate 0.002 --algorithm betweenness,1.402734000001,3120,3092,3086,3105,3057,3120,3120,3120,3092,3120,3093,3107,3076,3085,3086,3120,3093,3112,3113,3120,2356,3058,3105,3112,3103,3120,3097,3099,3107,3113,3103,3120,3099,3120,3120,3120,3097,3076,3085,2356,3099,3057,3058,3099
project/sim_ext.py --sim-time 1.5 --seq-graph project/file/graph_15_nodes.json --traffic project/file/traffic_15_nodes_outer_chatting.json --inspection-rate 0.001 --mess-rate 0.002 --algorithm betweenness,1.403752000001,3120,3092,3086,3105,3057,3120,3120,3120,3092,3120,3093,3107,3076,3085,3086,3120,3093,3112,3113,3120,2356,3058,3105,3112,3103,3120,3097,3099,3107,3113,3103,3120,3099,3120,3120,3120,3097,3076,3085,2356,3099,3057,3058,3099
project/sim_ext.py --sim-time 1.5 --seq-graph project/file/graph_15_nodes.json --traffic project/file/traffic_15_nodes_outer_chatting.json --inspection-rate 0.001 --mess-rate 0.002 --algorithm betweenness,1.404893000001,3120,3092,3086,3105,3057,3120,3120,3120,3092,3120,3093,3107,3076,3085,3086,3120,3093,3112,3113,3120,2356,3058,3105,3112,3103,3120,3097,3099,3107,3113,3103,3120,3099,3120,3120,3120,3097,3076,3085,2356,3099,3057,3058,3099
project/sim_ext.py --sim-time 1.5 --seq-graph project/file/graph_15_nodes.json --traffic project/file/traffic_15_nodes_outer_chatting.json --inspection-rate 0.001 --mess-rate 0.002 --algorithm betweenness,1.4060561328195578,3120,3092,3086,3105,3057,3120,3120,3120,3092,3120,3093,3107,3076,3085,3086,3120,3093,3112,3113,3120,2356,3058,3105,3112,3103,3120,3097,3099,3107,3113,3103,3120,3099,3120,3120,3120,3097,3076,3085,2356,3099,3057,3058,3099
project/sim_ext.py --sim-time 1.5 --seq-graph project/file/graph_15_nodes.json --traffic project/file/traffic_15_nodes_outer_chatting.json --inspection-rate 0.001 --mess-rate 0.002 --algorithm betweenness,1.407064000001,3120,3092,3086,3105,3057,3120,3120,3120,3092,3120,3093,3107,3076,3085,3086,3120,3093,3112,3113,3120,2356,3058,3105,3112,3103,3120,3097,3099,3107,3113,3103,3120,3099,3120,3120,3120,3097,3076,3085,2356,3099,3057,3058,3099
project/sim_ext.py --sim-time 1.5 --seq-graph project/file/graph_15_nodes.json --traffic project/file/traffic_15_nodes_outer_chatting.json --inspection-rate 0.001 --mess-rate 0.002 --algorithm betweenness,1.408278000001,3120,3092,3086,3105,3057,3120,3120,3120,3092,3120,3093,3107,3076,3085,3086,3120,3093,3112,3113,3120,2356,3058,3105,3112,3103,3120,3097,3099,3107,3113,3103,3120,3099,3120,3120,3120,3097,3076,3085,2356,3099,3057,3058,3099
project/sim_ext.py --sim-time 1.5 --seq-graph project/file/graph_15_nodes.json --traffic project/file/traffic_15_nodes_outer_chatting.json --inspection-rate 0.001 --mess-rate 0.002 --algorithm betweenness,1.409355000001,3120,3092,3086,3105,3057,3120,3120,3120,3092,3120,3093,3107,3076,3085,3086,3120,3093,3112,3113,3120,2356,3058,3105,3112,3103,3120,3097,3099,3107,3113,3103,3120,3099,3120,3120,3120,3097,3076,3085,2356,3099,3057,3058,3099
project/sim_ext.py --sim-time 1.5 --seq-graph project/file/graph_15_nodes.json --traffic project/file/traffic_15_nodes_outer_chatting.json --inspection-rate 0.001 --mess-rate 0.002 --algorithm betweenness,1.410529000001,3120,3092,3086,3105,3057,3120,3120,3120,3092,3120,3093,3107,3076,3085,3086,3120,3093,3112,3113,3120,2356,3058,3105,3112,3103,3120,3097,3099,3107,3113,3103,3120,3099,3120,3120,3120,3097,3076,3085,2356,3099,3057,3058,3099
project/sim_ext.py --sim-time 1.5 --seq-graph project/file/graph_15_nodes.json --traffic project/file/traffic_15_nodes_outer_chatting.json --inspection-rate 0.001 --mess-rate 0.002 --algorithm betweenness,1.411626000001,3120,3092,3086,3105,3057,3120,3120,3120,3092,3120,3093,3107,3076,3085,3086,3120,3093,3112,3113,3120,2356,3058,3105,3112,3103,3120,3097,3099,3107,3113,3103,3120,3099,3120,3120,3120,3097,3076,3085,2356,3099,3057,3058,3099
project/sim_ext.py --sim-time 1.5 --seq-graph project/file/graph_15_nodes.json --traffic project/file/traffic_15_nodes_outer_chatting.json --inspection-rate 0.001 --mess-rate 0.002 --algorithm betweenness,1.412672000001,3120,3092,3086,3105,3057,3120,3120,3120,3092,3120,3093,3107,3076,3085,3086,3120,3093,3112,3113,3120,2436,3058,3105,3112,3103,3120,3097,3099,3107,3113,3103,3120,3099,3120,3120,3120,3097,3076,3085,2436,3099,3057,3058,3099
project/sim_ext.py --sim-time 1.5 --seq-graph project/file/graph_15_nodes.json --traffic project/file/traffic_15_nodes_outer_chatting.json --inspection-rate 0.001 --mess-rate 0.002 --algorithm betweenness,1.4137560000009999,3120,3092,3086,3105,3057,3120,3120,3120,3092,3120,3093,3107,3076,3085,3086,3120,3093,3112,3113,3120,2436,3058,3105,3112,3103,3120,3097,3099,3107,3113,3103,3120,3099,3120,3120,3120,3097,3076,3085,2436,3099,3057,3058,3099
project/sim_ext.py --sim-time 1.5 --seq-graph project/file/graph_15_nodes.json --traffic project/file/traffic_15_nodes_outer_chatting.json --inspection-rate 0.001 --mess-rate 0.002 --algorithm betweenness,1.414850000001,3120,3092,3086,3105,3057,3120,3120,3120,3092,3120,3093,3107,3076,3085,3086,3120,3093,3112,3113,3120,2436,3058,3105,3112,3103,3120,3097,3099,3107,3113,3103,3120,3099,3120,3120,3120,3097,3076,3085,2436,3099,3057,3058,3099
project/sim_ext.py --sim-time 1.5 --seq-graph project/file/graph_15_nodes.json --traffic project/file/traffic_15_nodes_outer_chatting.json --inspection-rate 0.001 --mess-rate 0.002 --algorithm betweenness,1.4160089724265357,3120,3092,3086,3105,3057,3120,3120,3120,3092,3120,3093,3107,3076,3085,3086,3120,3093,3112,3113,3120,2436,3058,3105,3112,3103,3120,3097,3099,3107,3113,3103,3120,3099,3120,3120,3120,3097,3076,3085,2436,3099,3057,3058,3099
project/sim_ext.py --sim-time 1.5 --seq-graph project/file/graph_15_nodes.json --traffic project/file/traffic_15_nodes_outer_chatting.json --inspection-rate 0.001 --mess-rate 0.002 --algorithm betweenness,1.417012000001,3120,3092,3086,3105,3057,3120,3120,3120,3092,3120,3093,3107,3076,3085,3086,3120,3093,3112,3113,3120,2436,3058,3105,3112,3103,3120,3097,3099,3107,3113,3103,3120,3099,3120,3120,3120,3097,3076,3085,2436,3099,3057,3058,3099
project/sim_ext.py --sim-time 1.5 --seq-graph project/file/graph_15_nodes.json --traffic project/file/traffic_15_nodes_outer_chatting.json --inspection-rate 0.001 --mess-rate 0.002 --algorithm betweenness,1.418096000001,3120,3092,3086,3105,3057,3120,3120,3120,3092,3120,3093,3107,3076,3085,3086,3120,3093,3112,3113,3120,2436,3058,3105,3112,3103,3120,3097,3099,3107,3113,3103,3120,3099,3120,3120,3120,3097,3076,3085,2436,3099,3057,3058,3099
project/sim_ext.py --sim-time 1.5 --seq-graph project/file/graph_15_nodes.json --traffic project/file/traffic_15_nodes_outer_chatting.json --inspection-rate 0.001 --mess-rate 0.002 --algorithm betweenness,1.419102000001,3120,3092,3086,3105,3057,3120,3120,3120,3092,3120,3093,3107,3076,3085,3086,3120,3093,3112,3113,3120,2436,3058,3105,3112,3103,3120,3097,3099,3107,3113,3103,3120,3099,3120,3120,3120,3097,3076,3085,2436,3099,3057,3058,3099
project/sim_ext.py --sim-time 1.5 --seq-graph project/file/graph_15_nodes.json --traffic project/file/traffic_15_nodes_outer_chatting.json --inspection-rate 0.001 --mess-rate 0.002 --algorithm betweenness,1.4201800000009999,3120,3092,3086,3105,3057,3120,3120,3120,3092,3120,3093,3107,3076,3085,3086,3120,3093,3112,3113,3120,2436,3058,3105,3112,3103,3120,3097,3099,3107,3113,3103,3120,3099,3120,3120,3120,3097,3076,3085,2436,3099,3057,3058,3099
project/sim_ext.py --sim-time 1.5 --seq-graph project/file/graph_15_nodes.json --traffic project/file/traffic_15_nodes_outer_chatting.json --inspection-rate 0.001 --mess-rate 0.002 --algorithm betweenness,1.4213047315711778,3120,3092,3086,3105,3057,3120,3120,3120,3092,3120,3093,3107,3076,3085,3086,3120,3093,3112,3113,3120,2436,3058,3105,3112,3103,3120,3097,3099,3107,3113,3103,3120,3099,3120,3120,3120,3097,3076,3085,2436,3099,3057,3058,3099
project/sim_ext.py --sim-time 1.5 --seq-graph project/file/graph_15_nodes.json --traffic project/file/traffic_15_nodes_outer_chatting.json --inspection-rate 0.001 --mess-rate 0.002 --algorithm betweenness,1.4223230000009999,3120,3092,3086,3105,3057,3120,3120,3120,3092,3120,3093,3107,3076,3085,3086,3120,3093,3112,3113,3120,2436,3058,3105,3112,3103,3120,3097,3099,3107,3113,3103,3120,3099,3120,3120,3120,3097,3076,3085,2436,3099,3057,3058,3099
project/sim_ext.py --sim-time 1.5 --seq-graph project/file/graph_15_nodes.json --traffic project/file/traffic_15_nodes_outer_chatting.json --inspection-rate 0.001 --mess-rate 0.002 --algorithm betweenness,1.423459577599424,3120,3092,3086,3105,3057,3120,3120,3120,3092,3120,3093,3107,3076,3085,3086,3120,3093,3112,3113,3120,2436,3058,3105,3112,3103,3120,3097,3099,3107,3113,3103,3120,3099,3120,3120,3120,3097,3076,3085,2436,3099,3057,3058,3099
project/sim_ext.py --sim-time 1.5 --seq-graph project/file/graph_15_nodes.json --traffic project/file/traffic_15_nodes_outer_chatting.json --inspection-rate 0.001 --mess-rate 0.002 --algorithm betweenness,1.4245549998759999,3120,3092,3086,3105,3057,3120,3120,3120,3092,3120,3093,3107,3076,3085,3086,3120,3093,3112,3113,3120,2436,3058,3105,3112,3103,3120,3097,3099,3107,3113,3103,3120,3099,3120,3120,3120,3097,3076,3085,2436,3099,3057,3058,3099
project/sim_ext.py --sim-time 1.5 --seq-graph project/file/graph_15_nodes.json --traffic project/file/traffic_15_nodes_outer_chatting.json --inspection-rate 0.001 --mess-rate 0.002 --algorithm betweenness,1.425558000001,3120,3092,3086,3105,3057,3120,3120,3120,3092,3120,3093,3107,3076,3085,3086,3120,3093,3112,3113,3120,2436,3058,3105,3112,3103,3120,3097,3099,3107,3113,3103,3120,3099,3120,3120,3120,3097,3076,3085,2436,3099,3057,3058,3099
project/sim_ext.py --sim-time 1.5 --seq-graph project/file/graph_15_nodes.json --traffic project/file/traffic_15_nodes_outer_chatting.json --inspection-rate 0.001 --mess-rate 0.002 --algorithm betweenness,1.426661000001,3120,3092,3086,3105,3057,3120,3120,3120,3092,3120,3093,3107,3076,3085,3086,3120,3093,3112,3113,3120,2436,3058,3105,3112,3103,3120,3097,3099,3107,3113,3103,3120,3099,3120,3120,3120,3097,3076,3085,2436,3099,3057,3058,3099
project/sim_ext.py --sim-time 1.5 --seq-graph project/file/graph_15_nodes.json --traffic project/file/traffic_15_nodes_outer_chatting.json --inspection-rate 0.001 --mess-rate 0.002 --algorithm betweenness,1.427701000001,3120,3092,3086,3105,3057,3120,3120,3120,3092,3120,3093,3107,3076,3085,3086,3120,3093,3112,3113,3120,2436,3058,3105,3112,3103,3120,3097,3099,3107,3113,3103,3120,3099,3120,3120,3120,3097,3076,3085,2436,3099,3057,3058,3099
project/sim_ext.py --sim-time 1.5 --seq-graph project/file/graph_15_nodes.json --traffic project/file/traffic_15_nodes_outer_chatting.json --inspection-rate 0.001 --mess-rate 0.002 --algorithm betweenness,1.4287024700748383,3120,3092,3086,3105,3057,3120,3120,3120,3092,3120,3093,3107,3076,3085,3086,3120,3093,3112,3113,3120,2436,3058,3105,3112,3103,3120,3097,3099,3107,3113,3103,3120,3099,3120,3120,3120,3097,3076,3085,2436,3099,3057,3058,3099
project/sim_ext.py --sim-time 1.5 --seq-graph project/file/graph_15_nodes.json --traffic project/file/traffic_15_nodes_outer_chatting.json --inspection-rate 0.001 --mess-rate 0.002 --algorithm betweenness,1.429764000001,3120,3092,3086,3105,3057,3120,3120,3120,3092,3120,3093,3107,3076,3085,3086,3120,3093,3112,3113,3120,2436,3058,3105,3112,3103,3120,3097,3099,3107,3113,3103,3120,3099,3120,3120,3120,3097,3076,3085,2436,3099,3057,3058,3099
project/sim_ext.py --sim-time 1.5 --seq-graph project/file/graph_15_nodes.json --traffic project/file/traffic_15_nodes_outer_chatting.json --inspection-rate 0.001 --mess-rate 0.002 --algorithm betweenness,1.430900000001,3120,3092,3086,3105,3057,3120,3120,3120,3092,3120,3093,3107,3076,3085,3086,3120,3093,3112,3113,3120,2436,3058,3105,3112,3103,3120,3097,3099,3107,3113,3103,3120,3099,3120,3120,3120,3097,3076,3085,2436,3099,3057,3058,3099
project/sim_ext.py --sim-time 1.5 --seq-graph project/file/graph_15_nodes.json --traffic project/file/traffic_15_nodes_outer_chatting.json --inspection-rate 0.001 --mess-rate 0.002 --algorithm betweenness,1.432100000001,3120,3092,3086,3105,3057,3120,3120,3120,3092,3120,3093,3107,3076,3085,3086,3120,3093,3112,3113,3120,2436,3058,3105,3112,3103,3120,3097,3099,3107,3113,3103,3120,3099,3120,3120,3120,3097,3076,3085,2436,3099,3057,3058,3099
project/sim_ext.py --sim-time 1.5 --seq-graph project/file/graph_15_nodes.json --traffic project/file/traffic_15_nodes_outer_chatting.json --inspection-rate 0.001 --mess-rate 0.002 --algorithm betweenness,1.4332030000009999,3200,3172,3166,3185,3137,3200,3200,3200,3172,3200,3173,3187,3076,3085,3166,3200,3173,3192,3193,3200,2436,3138,3185,3192,3183,3120,3177,3179,3187,3193,3183,3120,3099,3200,3120,3120,3177,3076,3085,2436,3099,3137,3138,3179
project/sim_ext.py --sim-time 1.5 --seq-graph project/file/graph_15_nodes.json --traffic project/file/traffic_15_nodes_outer_chatting.json --inspection-rate 0.001 --mess-rate 0.002 --algorithm betweenness,1.434274999876,3200,3172,3166,3185,3137,3200,3200,3200,3172,3200,3173,3187,3076,3085,3166,3200,3173,3192,3193,3200,2436,3138,3185,3192,3183,3120,3177,3179,3187,3193,3183,3120,3099,3200,3120,3120,3177,3076,3085,2436,3099,3137,3138,3179
project/sim_ext.py --sim-time 1.5 --seq-graph project/file/graph_15_nodes.json --traffic project/file/traffic_15_nodes_outer_chatting.json --inspection-rate 0.001 --mess-rate 0.002 --algorithm betweenness,1.435406000001,3200,3172,3166,3185,3137,3200,3200,3200,3172,3200,3173,3187,3076,3085,3166,3200,3173,3192,3193,3200,2436,3138,3185,3192,3183,3120,3177,3179,3187,3193,3183,3120,3099,3200,3120,3120,3177,3076,3085,2436,3099,3137,3138,3179
project/sim_ext.py --sim-time 1.5 --seq-graph project/file/graph_15_nodes.json --traffic project/file/traffic_15_nodes_outer_chatting.json --inspection-rate 0.001 --mess-rate 0.002 --algorithm betweenness,1.4364930000009999,3200,3172,3166,3185,3137,3200,3200,3200,3172,3200,3173,3187,3076,3085,3166,3200,3173,3192,3193,3200,2436,3138,3185,3192,3183,3120,3177,3179,3187,3193,3183,3120,3099,3200,3120,3120,3177,3076,3085,2436,3099,3137,3138,3179
project/sim_ext.py --sim-time 1.5 --seq-graph project/file/graph_15_nodes.json --traffic project/file/traffic_15_nodes_outer_chatting.json --inspection-rate 0.001 --mess-rate 0.002 --algorithm betweenness,1.437498599997,3200,3172,3166,3185,3137,3200,3200,3200,3172,3200,3173,3187,3076,3085,3166,3200,3173,3192,3193,3200,2436,3138,3185,3192,3183,3120,3177,3179,3187,3193,3183,3120,3099,3200,3120,3120,3177,3076,3085,2436,3099,3137,3138,3179
project/sim_ext.py --sim-time 1.5 --seq-graph project/file/graph_15_nodes.json --traffic project/file/traffic_15_nodes_outer_chatting.json --inspection-rate 0.001 --mess-rate 0.002 --algorithm betweenness,1.438581000001,3200,3172,3166,3185,3137,3200,3200,3200,3172,3200,3173,3187,3076,3085,3166,3200,3173,3192,3193,3200,2436,3138,3185,3192,3183,3120,3177,3179,3187,3193,3183,3120,3099,3200,3120,3120,3177,3076,3085,2436,3099,3137,3138,3179
project/sim_ext.py --sim-time 1.5 --seq-graph project/file/graph_15_nodes.json --traffic project/file/traffic_15_nodes_outer_chatting.json --inspection-rate 0.001 --mess-rate 0.002 --algorithm betweenness,1.439804999872,3200,3172,3166,3185,3137,3200,3200,3200,3172,3200,3173,3187,3076,3085,3166,3200,3173,3192,3193,3200,2436,3138,3185,3192,3183,3120,3177,3179,3187,3193,3183,3120,3099,3200,3120,3120,3177,3076,3085,2436,3099,3137,3138,3179
project/sim_ext.py --sim-time 1.5 --seq-graph project/file/graph_15_nodes.json --traffic project/file/traffic_15_nodes_outer_chatting.json --inspection-rate 0.001 --mess-rate 0.002 --algorithm betweenness,1.440994000001,3200,3172,3166,3185,3137,3200,3200,3200,3172,3200,3173,3187,3076,3085,3166,3200,3173,3192,3193,3200,2436,3138,3185,3192,3183,3120,3177,3179,3187,3193,3183,3120,3099,3200,3120,3120,3177,3076,3085,2436,3099,3137,3138,3179
project/sim_ext.py --sim-time 1.5 --seq-graph project/file/graph_15_nodes.json --traffic project/file/traffic_15_nodes_outer_chatting.json --inspection-rate 0.001 --mess-rate 0.002 --algorithm betweenness,1.442066000001,3200,3172,3166,3185,3137,3200,3200,3200,3172,3200,3173,3187,3076,3085,3166,3200,3173,3192,3193,3200,2436,3138,3185,3192,3183,3120,3177,3179,3187,3193,3183,3120,3099,3200,3120,3120,3177,3076,3085,2436,3099,3137,3138,3179
project/sim_ext.py --sim-time 1.5 --seq-graph project/file/graph_15_nodes.json --traffic project/file/traffic_15_nodes_outer_chatting.json --inspection-rate 0.001 --mess-rate 0.002 --algorithm betweenness,1.4430938583237998,3200,3172,3166,3185,3137,3200,3200,3200,3172,3200,3173,3187,3156,3165,3166,3200,3173,3192,3193,3200,2436,3138,3185,3192,3183,3200,3177,3179,3187,3193,3183,3200,3179,3200,3200,3200,3177,3156,3165,2436,3179,3137,3138,3179
project/sim_ext.py --sim-time 1.5 --seq-graph project/file/graph_15_nodes.json --traffic project/file/traffic_15_nodes_outer_chatting.json --inspection-rate 0.001 --mess-rate 0.002 --algorithm betweenness,1.444125000001,3200,3172,3166,3185,3137,3200,3200,3200,3172,3200,3173,3187,3156,3165,3166,3200,3173,3192,3193,3200,2436,3138,3185,3192,3183,3200,3177,3179,3187,3193,3183,3200,3179,3200,3200,3200,3177,3156,3165,2436,3179,3137,3138,3179
project/sim_ext.py --sim-time 1.5 --seq-graph project/file/graph_15_nodes.json --traffic project/file/traffic_15_nodes_outer_chatting.json --inspection-rate 0.001 --mess-rate 0.002 --algorithm betweenness,1.445179000001,3200,3172,3166,3185,3137,3200,3200,3200,3172,3200,3173,3187,3156,3165,3166,3200,3173,3192,3193,3200,2436,3138,3185,3192,3183,3200,3177,3179,3187,3193,3183,3200,3179,3200,3200,3200,3177,3156,3165,2436,3179,3137,3138,3179
project/sim_ext.py --sim-time 1.5 --seq-graph project/file/graph_15_nodes.json --traffic project/file/traffic_15_nodes_outer_chatting.json --inspection-rate 0.001 --mess-rate 0.002 --algorithm betweenness,1.446211000001,3200,3172,3166,3185,3137,3200,3200,3200,3172,3200,3173,3187,3156,3165,3166,3200,3173,3192,3193,3200,2436,3138,3185,3192,3183,3200,3177,3179,3187,3193,3183,3200,3179,3200,3200,3200,3177,3156,3165,2436,3179,3137,3138,3179
project/sim_ext.py --sim-time 1.5 --seq-graph project/file/graph_15_nodes.json --traffic project/file/traffic_15_nodes_outer_chatting.json --inspection-rate 0.001 --mess-rate 0.002 --algorithm betweenness,1.4472966729253343,3200,3172,3166,3185,3137,3200,3200,3200,3172,3200,3173,3187,3156,3165,3166,3200,3173,3192,3193,3200,2436,3138,3185,3192,3183,3200,3177,3179,3187,3193,3183,3200,3179,3200,3200,3200,3177,3156,3165,2436,3179,3137,3138,3179
project/sim_ext.py --sim-time 1.5 --seq-graph project/file/graph_15_nodes.json --traffic project/file/traffic_15_nodes_outer_chatting.json --inspection-rate 0.001 --mess-rate 0.002 --algorithm betweenness,1.448403000001,3200,3172,3166,3185,3137,3200,3200,3200,3172,3200,3173,3187,3156,3165,3166,3200,3173,3192,3193,3200,2436,3138,3185,3192,3183,3200,3177,3179,3187,3193,3183,3200,3179,3200,3200,3200,3177,3156,3165,2436,3179,3137,3138,3179
project/sim_ext.py --sim-time 1.5 --seq-graph project/file/graph_15_nodes.json --traffic project/file/traffic_15_nodes_outer_chatting.json --inspection-rate 0.001 --mess-rate 0.002 --algorithm betweenness,1.4495452889820934,3200,3172,3166,3185,3137,3200,3200,3200,3172,3200,3173,3187,3156,3165,3166,3200,3173,3192,3193,3200,2436,3138,3185,3192,3183,3200,3177,3179,3187,3193,3183,3200,3179,3200,3200,3200,3177,3156,3165,2436,3179,3137,3138,3179
project/sim_ext.py --sim-time 1.5 --seq-graph project/file/graph_15_nodes.json --traffic project/file/traffic_15_nodes_outer_chatting.json --inspection-rate 0.001 --mess-rate 0.002 --algorithm betweenness,1.450598000001,3200,3172,3166,3185,3137,3200,3200,3200,3172,3200,3173,3187,3156,3165,3166,3200,3173,3192,3193,3200,2436,3138,3185,3192,3183,3200,3177,3179,3187,3193,3183,3200,3179,3200,3200,3200,3177,3156,3165,2436,3179,3137,3138,3179
project/sim_ext.py --sim-time 1.5 --seq-graph project/file/graph_15_nodes.json --traffic project/file/traffic_15_nodes_outer_chatting.json --inspection-rate 0.001 --mess-rate 0.002 --algorithm betweenness,1.451652000001,3200,3172,3166,3185,3137,3200,3200,3200,3172,3200,3173,3187,3156,3165,3166,3200,3173,3192,3193,3200,2436,3138,3185,3192,3183,3200,3177,3179,3187,3193,3183,3200,3179,3200,3200,3200,3177,3156,3165,2436,3179,3137,3138,3179
project/sim_ext.py --sim-time 1.5 --seq-graph project/file/graph_15_nodes.json --traffic project/file/traffic_15_nodes_outer_chatting.json --inspection-rate 0.001 --mess-rate 0.002 --algorithm betweenness,1.452806000001,3200,3172,3166,3185,3137,3200,3200,3200,3172,3200,3173,3187,3156,3165,3166,3200,3173,3192,3193,3200,2436,3138,3185,3192,3183,3200,3177,3179,3187,3193,3183,3200,3179,3200,3200,3200,3177,3156,3165,2436,3179,3137,3138,3179
project/sim_ext.py --sim-time 1.5 --seq-graph project/file/graph_15_nodes.json --traffic project/file/traffic_15_nodes_outer_chatting.json --inspection-rate 0.001 --mess-rate 0.002 --algorithm betweenness,1.453931000001,3200,3172,3166,3185,3137,3200,3200,3200,3172,3200,3173,3187,3156,3165,3166,3200,3173,3192,3193,3200,2516,3138,3185,3192,3183,3200,3177,3179,3187,3193,3183,3200,3179,3200,3200,3200,3177,3156,3165,2516,3179,3137,3138,3179
project/sim_ext.py --sim-time 1.5 --seq-graph project/file/graph_15_nodes.json --traffic project/file/traffic_15_nodes_outer_chatting.json --inspection-rate 0.001 --mess-rate 0.002 --algorithm betweenness,1.4550520000009999,3200,3172,3166,3185,3137,3200,3200,3200,3172,3200,3173,3187,3156,3165,3166,3200,3173,3192,3193,3200,2516,3138,3185,3192,3183,3200,3177,3179,3187,3193,3183,3200,3179,3200,3200,3200,3177,3156,3165,2516,3179,3137,3138,3179
project/sim_ext.py --sim-time 1.5 --seq-graph project/file/graph_15_nodes.json --traffic project/file/traffic_15_nodes_outer_chatting.json --inspection-rate 0.001 --mess-rate 0.002 --algorithm betweenness,1.456186000001,3200,3172,3166,3185,3137,3200,3200,3200,3172,3200,3173,3187,3156,3165,3166,3200,3173,3192,3193,3200,2516,3138,3185,3192,3183,3200,3177,3179,3187,3193,3183,3200,3179,3200,3200,3200,3177,3156,3165,2516,3179,3137,3138,3179
project/sim_ext.py --sim-time 1.5 --seq-graph project/file/graph_15_nodes.json --traffic project/file/traffic_15_nodes_outer_chatting.json --inspection-rate 0.001 --mess-rate 0.002 --algorithm betweenness,1.4574040817171843,3200,3172,3166,3185,3137,3200,3200,3200,3172,3200,3173,3187,3156,3165,3166,3200,3173,3192,3193,3200,2516,3138,3185,3192,3183,3200,3177,3179,3187,3193,3183,3200,3179,3200,3200,3200,3177,3156,3165,2516,3179,3137,3138,3179
project/sim_ext.py --sim-time 1.5 --seq-graph project/file/graph_15_nodes.json --traffic project/file/traffic_15_nodes_outer_chatting.json --inspection-rate 0.001 --mess-rate 0.002 --algorithm betweenness,1.4585150000009999,3200,3172,3166,3185,3137,3200,3200,3200,3172,3200,3173,3187,3156,3165,3166,3200,3173,3192,3193,3200,2516,3138,3185,3192,3183,3200,3177,3179,3187,3193,3183,3200,3179,3200,3200,3200,3177,3156,3165,2516,3179,3137,3138,3179
project/sim_ext.py --sim-time 1.5 --seq-graph project/file/graph_15_nodes.json --traffic project/file/traffic_15_nodes_outer_chatting.json --inspection-rate 0.001 --mess-rate 0.002 --algorithm betweenness,1.459524999868,3200,3172,3166,3185,3137,3200,3200,3200,3172,3200,3173,3187,3156,3165,3166,3200,3173,3192,3193,3200,2516,3138,3185,3192,3183,3200,3177,3179,3187,3193,3183,3200,3179,3200,3200,3200,3177,3156,3165,2516,3179,3137,3138,3179
project/sim_ext.py --sim-time 1.5 --seq-graph project/file/graph_15_nodes.json --traffic project/file/traffic_15_nodes_outer_chatting.json --inspection-rate 0.001 --mess-rate 0.002 --algorithm betweenness,1.4605773124540724,3200,3172,3166,3185,3137,3200,3200,3200,3172,3200,3173,3187,3156,3165,3166,3200,3173,3192,3193,3200,2516,3138,3185,3192,3183,3200,3177,3179,3187,3193,3183,3200,3179,3200,3200,3200,3177,3156,3165,2516,3179,3137,3138,3179
project/sim_ext.py --sim-time 1.5 --seq-graph project/file/graph_15_nodes.json --traffic project/file/traffic_15_nodes_outer_chatting.json --inspection-rate 0.001 --mess-rate 0.002 --algorithm betweenness,1.461639000001,3200,3172,3166,3185,3137,3200,3200,3200,3172,3200,3173,3187,3156,3165,3166,3200,3173,3192,3193,3200,2516,3138,3185,3192,3183,3200,3177,3179,3187,3193,3183,3200,3179,3200,3200,3200,3177,3156,3165,2516,3179,3137,3138,3179
project/sim_ext.py --sim-time 1.5 --seq-graph project/file/graph_15_nodes.json --traffic project/file/traffic_15_nodes_outer_chatting.json --inspection-rate 0.001 --mess-rate 0.002 --algorithm betweenness,1.4626417019786773,3200,3172,3166,3185,3137,3200,3200,3200,3172,3200,3173,3187,3156,3165,3166,3200,3173,3192,3193,3200,2516,3138,3185,3192,3183,3200,3177,3179,3187,3193,3183,3200,3179,3200,3200,3200,3177,3156,3165,2516,3179,3137,3138,3179
project/sim_ext.py --sim-time 1.5 --seq-graph project/file/graph_15_nodes.json --traffic project/file/traffic_15_nodes_outer_chatting.json --inspection-rate 0.001 --mess-rate 0.002 --algorithm betweenness,1.4637873049907286,3200,3172,3166,3185,3137,3200,3200,3200,3172,3200,3173,3187,3156,3165,3166,3200,3173,3192,3193,3200,2516,3138,3185,3192,3183,3200,3177,3179,3187,3193,3183,3200,3179,3200,3200,3200,3177,3156,3165,2516,3179,3137,3138,3179
project/sim_ext.py --sim-time 1.5 --seq-graph project/file/graph_15_nodes.json --traffic project/file/traffic_15_nodes_outer_chatting.json --inspection-rate 0.001 --mess-rate 0.002 --algorithm betweenness,1.464877000001,3200,3172,3166,3185,3137,3200,3200,3200,3172,3200,3173,3187,3156,3165,3166,3200,3173,3192,3193,3200,2516,3138,3185,3192,3183,3200,3177,3179,3187,3193,3183,3200,3179,3200,3200,3200,3177,3156,3165,2516,3179,3137,3138,3179
project/sim_ext.py --sim-time 1.5 --seq-graph project/file/graph_15_nodes.json --traffic project/file/traffic_15_nodes_outer_chatting.json --inspection-rate 0.001 --mess-rate 0.002 --algorithm betweenness,1.465902000001,3200,3172,3166,3185,3137,3200,3200,3200,3172,3200,3173,3187,3156,3165,3166,3200,3173,3192,3193,3200,2516,3138,3185,3192,3183,3200,3177,3179,3187,3193,3183,3200,3179,3200,3200,3200,3177,3156,3165,2516,3179,3137,3138,3179
project/sim_ext.py --sim-time 1.5 --seq-graph project/file/graph_15_nodes.json --traffic project/file/traffic_15_nodes_outer_chatting.json --inspection-rate 0.001 --mess-rate 0.002 --algorithm betweenness,1.466979000001,3200,3172,3166,3185,3137,3200,3200,3200,3172,3200,3173,3187,3156,3165,3166,3200,3173,3192,3193,3200,2516,3138,3185,3192,3183,3200,3177,3179,3187,3193,3183,3200,3179,3200,3200,3200,3177,3156,3165,2516,3179,3137,3138,3179
project/sim_ext.py --sim-time 1.5 --seq-graph project/file/graph_15_nodes.json --traffic project/file/traffic_15_nodes_outer_chatting.json --inspection-rate 0.001 --mess-rate 0.002 --algorithm betweenness,1.468000000001,3200,3172,3166,3185,3137,3200,3200,3200,3172,3200,3173,3187,3156,3165,3166,3200,3173,3192,3193,3200,2516,3138,3185,3192,3183,3200,3177,3179,3187,3193,3183,3200,3179,3200,3200,3200,3177,3156,3165,2516,3179,3137,3138,3179
project/sim_ext.py --sim-time 1.5 --seq-graph project/file/graph_15_nodes.json --traffic project/file/traffic_15_nodes_outer_chatting.json --inspection-rate 0.001 --mess-rate 0.002 --algorithm betweenness,1.469169000001,3200,3172,3166,3185,3137,3200,3200,3200,3172,3200,3173,3187,3156,3165,3166,3200,3173,3192,3193,3200,2516,3138,3185,3192,3183,3200,3177,3179,3187,3193,3183,3200,3179,3200,3200,3200,3177,3156,3165,2516,3179,3137,3138,3179
project/sim_ext.py --sim-time 1.5 --seq-graph project/file/graph_15_nodes.json --traffic project/file/traffic_15_nodes_outer_chatting.json --inspection-rate 0.001 --mess-rate 0.002 --algorithm betweenness,1.470234999868,3200,3172,3166,3185,3137,3200,3200,3200,3172,3200,3173,3187,3156,3165,3166,3200,3173,3192,3193,3200,2516,3138,3185,3192,3183,3200,3177,3179,3187,3193,3183,3200,3179,3200,3200,3200,3177,3156,3165,2516,3179,3137,3138,3179
project/sim_ext.py --sim-time 1.5 --seq-graph project/file/graph_15_nodes.json --traffic project/file/traffic_15_nodes_outer_chatting.json --inspection-rate 0.001 --mess-rate 0.002 --algorithm betweenness,1.471380000001,3200,3172,3166,3185,3137,3200,3200,3200,3172,3200,3173,3187,3156,3165,3166,3200,3173,3192,3193,3200,2516,3138,3185,3192,3183,3200,3177,3179,3187,3193,3183,3200,3179,3200,3200,3200,3177,3156,3165,2516,3179,3137,3138,3179
project/sim_ext.py --sim-time 1.5 --seq-graph project/file/graph_15_nodes.json --traffic project/file/traffic_15_nodes_outer_chatting.json --inspection-rate 0.001 --mess-rate 0.002 --algorithm betweenness,1.4724640000009999,3200,3172,3166,3185,3137,3200,3200,3200,3172,3200,3173,3187,3156,3165,3166,3200,3173,3192,3193,3200,2516,3138,3185,3192,3183,3200,3177,3179,3187,3193,3183,3200,3179,3200,3200,3200,3177,3156,3165,2516,3179,3137,3138,3179
project/sim_ext.py --sim-time 1.5 --seq-graph project/file/graph_15_nodes.json --traffic project/file/traffic_15_nodes_outer_chatting.json --inspection-rate 0.001 --mess-rate 0.002 --algorithm betweenness,1.4734829249272097,3200,3172,3166,3185,3137,3200,3200,3200,3172,3200,3173,3187,3156,3165,3166,3200,3173,3192,3193,3200,2516,3138,3185,3192,3183,3200,3177,3179,3187,3193,3183,3200,3179,3200,3200,3200,3177,3156,3165,2516,3179,3137,3138,3179
project/sim_ext.py --sim-time 1.5 --seq-graph project/file/graph_15_nodes.json --traffic project/file/traffic_15_nodes_outer_chatting.json --inspection-rate 0.001 --mess-rate 0.002 --algorithm betweenness,1.474510000001,3280,3252,3246,3265,3217,3280,3280,3280,3252,3280,3253,3267,3236,3245,3246,3280,3253,3272,3273,3280,2516,3218,3265,3272,3263,3280,3257,3259,3267,3273,3263,3280,3259,3280,3280,3280,3257,3236,3245,2516,3259,3217,3218,3259
project/sim_ext.py --sim-time 1.5 --seq-graph project/file/graph_15_nodes.json --traffic project/file/traffic_15_nodes_outer_chatting.json --inspection-rate 0.001 --mess-rate 0.002 --algorithm betweenness,1.475534999872,3280,3252,3246,3265,3217,3280,3280,3280,3252,3280,3253,3267,3236,3245,3246,3280,3253,3272,3273,3280,2516,3218,3265,3272,3263,3280,3257,3259,3267,3273,3263,3280,3259,3280,3280,3280,3257,3236,3245,2516,3259,3217,3218,3259
project/sim_ext.py --sim-time 1.5 --seq-graph project/file/graph_15_nodes.json --traffic project/file/traffic_15_nodes_outer_chatting.json --inspection-rate 0.001 --mess-rate 0.002 --algorithm betweenness,1.476624000001,3280,3252,3246,3265,3217,3280,3280,3280,3252,3280,3253,3267,3236,3245,3246,3280,3253,3272,3273,3280,2516,3218,3265,3272,3263,3280,3257,3259,3267,3273,3263,3280,3259,3280,3280,3280,3257,3236,3245,2516,3259,3217,3218,3259
project/sim_ext.py --sim-time 1.5 --seq-graph project/file/graph_15_nodes.json --traffic project/file/traffic_15_nodes_outer_chatting.json --inspection-rate 0.001 --mess-rate 0.002 --algorithm betweenness,1.477707957552824,3280,3252,3246,3265,3217,3280,3280,3280,3252,3280,3253,3267,3236,3245,3246,3280,3253,3272,3273,3280,2516,3218,3265,3272,3263,3280,3257,3259,3267,3273,3263,3280,3259,3280,3280,3280,3257,3236,3245,2516,3259,3217,3218,3259
project/sim_ext.py --sim-time 1.5 --seq-graph project/file/graph_15_nodes.json --traffic project/file/traffic_15_nodes_outer_chatting.json --inspection-rate 0.001 --mess-rate 0.002 --algorithm betweenness,1.4787225025833541,3280,3252,3246,3265,3217,3280,3280,3280,3252,3280,3253,3267,3236,3245,3246,3280,3253,3272,3273,3280,2516,3218,3265,3272,3263,3280,3257,3259,3267,3273,3263,3280,3259,3280,3280,3280,3257,3236,3245,2516,3259,3217,3218,3259
project/sim_ext.py --sim-time 1.5 --seq-graph project/file/graph_15_nodes.json --traffic project/file/traffic_15_nodes_outer_chatting.json --inspection-rate 0.001 --mess-rate 0.002 --algorithm betweenness,1.479804000001,3280,3252,3246,3265,3217,3280,3280,3280,3252,3280,3253,3267,3236,3245,3246,3280,3253,3272,3273,3280,2516,3218,3265,3272,3263,3280,3257,3259,3267,3273,3263,3280,3259,3280,3280,3280,3257,3236,3245,2516,3259,3217,3218,3259
project/sim_ext.py --sim-time 1.5 --seq-graph project/file/graph_15_nodes.json --traffic project/file/traffic_15_nodes_outer_chatting.json --inspection-rate 0.001 --mess-rate 0.002 --algorithm betweenness,1.481004000001,3280,3252,3246,3265,3217,3280,3280,3280,3252,3280,3253,3267,3236,3245,3246,3280,3253,3272,3273,3280,2516,3218,3265,3272,3263,3280,3257,3259,3267,3273,3263,3280,3259,3280,3280,3280,3257,3236,3245,2516,3259,3217,3218,3259
project/sim_ext.py --sim-time 1.5 --seq-graph project/file/graph_15_nodes.json --traffic project/file/traffic_15_nodes_outer_chatting.json --inspection-rate 0.001 --mess-rate 0.002 --algorithm betweenness,1.4820979999969999,3280,3252,3246,3265,3217,3280,3280,3280,3252,3280,3253,3267,3236,3245,3246,3280,3253,3272,3273,3280,2516,3218,3265,3272,3263,3280,3257,3259,3267,3273,3263,3280,3259,3280,3280,3280,3257,3236,3245,2516,3259,3217,3218,3259
project/sim_ext.py --sim-time 1.5 --seq-graph project/file/graph_15_nodes.json --traffic project/file/traffic_15_nodes_outer_chatting.json --inspection-rate 0.001 --mess-rate 0.002 --algorithm betweenness,1.483116000001,3280,3252,3246,3265,3217,3280,3280,3280,3252,3280,3253,3267,3236,3245,3246,3280,3253,3272,3273,3280,2516,3218,3265,3272,3263,3280,3257,3259,3267,3273,3263,3280,3259,3280,3280,3280,3257,3236,3245,2516,3259,3217,3218,3259
project/sim_ext.py --sim-time 1.5 --seq-graph project/file/graph_15_nodes.json --traffic project/file/traffic_15_nodes_outer_chatting.json --inspection-rate 0.001 --mess-rate 0.002 --algorithm betweenness,1.484156000001,3280,3252,3246,3265,3217,3280,3280,3280,3252,3280,3253,3267,3236,3245,3246,3280,3253,3272,3273,3280,2516,3218,3265,3272,3263,3280,3257,3259,3267,3273,3263,3280,3259,3280,3280,3280,3257,3236,3245,2516,3259,3217,3218,3259
project/sim_ext.py --sim-time 1.5 --seq-graph project/file/graph_15_nodes.json --traffic project/file/traffic_15_nodes_outer_chatting.json --inspection-rate 0.001 --mess-rate 0.002 --algorithm betweenness,1.485159000001,3280,3252,3246,3265,3217,3280,3280,3280,3252,3280,3253,3267,3236,3245,3246,3280,3253,3272,3273,3280,2516,3218,3265,3272,3263,3280,3257,3259,3267,3273,3263,3280,3259,3280,3280,3280,3257,3236,3245,2596,3259,3217,3218,3259
project/sim_ext.py --sim-time 1.5 --seq-graph project/file/graph_15_nodes.json --traffic project/file/traffic_15_nodes_outer_chatting.json --inspection-rate 0.001 --mess-rate 0.002 --algorithm betweenness,1.486163000001,3280,3252,3246,3265,3217,3280,3280,3280,3252,3280,3253,3267,3236,3245,3246,3280,3253,3272,3273,3280,2596,3218,3265,3272,3263,3280,3257,3259,3267,3273,3263,3280,3259,3280,3280,3280,3257,3236,3245,2596,3259,3217,3218,3259
project/sim_ext.py --sim-time 1.5 --seq-graph project/file/graph_15_nodes.json --traffic project/file/traffic_15_nodes_outer_chatting.json --inspection-rate 0.001 --mess-rate 0.002 --algorithm betweenness,1.4872812290218451,3280,3252,3246,3265,3217,3280,3280,3280,3252,3280,3253,3267,3236,3245,3246,3280,3253,3272,3273,3280,2596,3218,3265,3272,3263,3280,3257,3259,3267,3273,3263,3280,3259,3280,3280,3280,3257,3236,3245,2596,3259,3217,3218,3259
project/sim_ext.py --sim-time 1.5 --seq-graph project/file/graph_15_nodes.json --traffic project/file/traffic_15_nodes_outer_chatting.json --inspection-rate 0.001 --mess-rate 0.002 --algorithm betweenness,1.488327000001,3280,3252,3246,3265,3217,3280,3280,3280,3252,3280,3253,3267,3236,3245,3246,3280,3253,3272,3273,3280,2596,3218,3265,3272,3263,3280,3257,3259,3267,3273,3263,3280,3259,3280,3280,3280,3257,3236,3245,2596,3259,3217,3218,3259
project/sim_ext.py --sim-time 1.5 --seq-graph project/file/graph_15_nodes.json --traffic project/file/traffic_15_nodes_outer_chatting.json --inspection-rate 0.001 --mess-rate 0.002 --algorithm betweenness,1.489434000001,3280,3252,3246,3265,3217,3280,3280,3280,3252,3280,3253,3267,3236,3245,3246,3280,3253,3272,3273,3280,2596,3218,3265,3272,3263,3280,3257,3259,3267,3273,3263,3280,3259,3280,3280,3280,3257,3236,3245,2596,3259,3217,3218,3259
project/sim_ext.py --sim-time 1.5 --seq-graph project/file/graph_15_nodes.json --traffic project/file/traffic_15_nodes_outer_chatting.json --inspection-rate 0.001 --mess-rate 0.002 --algorithm betweenness,1.490522000001,3280,3252,3246,3265,3217,3280,3280,3280,3252,3280,3253,3267,3236,3245,3246,3280,3253,3272,3273,3280,2596,3218,3265,3272,3263,3280,3257,3259,3267,3273,3263,3280,3259,3280,3280,3280,3257,3236,3245,2596,3259,3217,3218,3259
project/sim_ext.py --sim-time 1.5 --seq-graph project/file/graph_15_nodes.json --traffic project/file/traffic_15_nodes_outer_chatting.json --inspection-rate 0.001 --mess-rate 0.002 --algorithm betweenness,1.4915410000009999,3280,3252,3246,3265,3217,3280,3280,3280,3252,3280,3253,3267,3236,3245,3246,3280,3253,3272,3273,3280,2596,3218,3265,3272,3263,3280,3257,3259,3267,3273,3263,3280,3259,3280,3280,3280,3257,3236,3245,2596,3259,3217,3218,3259
project/sim_ext.py --sim-time 1.5 --seq-graph project/file/graph_15_nodes.json --traffic project/file/traffic_15_nodes_outer_chatting.json --inspection-rate 0.001 --mess-rate 0.002 --algorithm betweenness,1.492548000001,3280,3252,3246,3265,3217,3280,3280,3280,3252,3280,3253,3267,3236,3245,3246,3280,3253,3272,3273,3280,2596,3218,3265,3272,3263,3280,3257,3259,3267,3273,3263,3280,3259,3280,3280,3280,3257,3236,3245,2596,3259,3217,3218,3259
project/sim_ext.py --sim-time 1.5 --seq-graph project/file/graph_15_nodes.json --traffic project/file/traffic_15_nodes_outer_chatting.json --inspection-rate 0.001 --mess-rate 0.002 --algorithm betweenness,1.4935641708634844,3280,3252,3246,3265,3217,3280,3280,3280,3252,3280,3253,3267,3236,3245,3246,3280,3253,3272,3273,3280,2596,3218,3265,3272,3263,3280,3257,3259,3267,3273,3263,3280,3259,3280,3280,3280,3257,3236,3245,2596,3259,3217,3218,3259
project/sim_ext.py --sim-time 1.5 --seq-graph project/file/graph_15_nodes.json --traffic project/file/traffic_15_nodes_outer_chatting.json --inspection-rate 0.001 --mess-rate 0.002 --algorithm betweenness,1.494600000001,3280,3252,3246,3265,3217,3280,3280,3280,3252,3280,3253,3267,3236,3245,3246,3280,3253,3272,3273,3280,2596,3218,3265,3272,3263,3280,3257,3259,3267,3273,3263,3280,3259,3280,3280,3280,3257,3236,3245,2596,3259,3217,3218,3259
project/sim_ext.py --sim-time 1.5 --seq-graph project/file/graph_15_nodes.json --traffic project/file/traffic_15_nodes_outer_chatting.json --inspection-rate 0.001 --mess-rate 0.002 --algorithm betweenness,1.4957412856765981,3280,3252,3246,3265,3217,3280,3280,3280,3252,3280,3253,3267,3236,3245,3246,3280,3253,3272,3273,3280,2596,3218,3265,3272,3263,3280,3257,3259,3267,3273,3263,3280,3259,3280,3280,3280,3257,3236,3245,2596,3259,3217,3218,3259
project/sim_ext.py --sim-time 1.5 --seq-graph project/file/graph_15_nodes.json --traffic project/file/traffic_15_nodes_outer_chatting.json --inspection-rate 0.001 --mess-rate 0.002 --algorithm betweenness,1.496856000001,3280,3252,3246,3265,3217,3280,3280,3280,3252,3280,3253,3267,3236,3245,3246,3280,3253,3272,3273,3280,2596,3218,3265,3272,3263,3280,3257,3259,3267,3273,3263,3280,3259,3280,3280,3280,3257,3236,3245,2596,3259,3217,3218,3259
project/sim_ext.py --sim-time 1.5 --seq-graph project/file/graph_15_nodes.json --traffic project/file/traffic_15_nodes_outer_chatting.json --inspection-rate 0.001 --mess-rate 0.002 --algorithm betweenness,1.498031000001,3280,3252,3246,3265,3217,3280,3280,3280,3252,3280,3253,3267,3236,3245,3246,3280,3253,3272,3273,3280,2596,3218,3265,3272,3263,3280,3257,3259,3267,3273,3263,3280,3259,3280,3280,3280,3257,3236,3245,2596,3259,3217,3218,3259
project/sim_ext.py --sim-time 1.5 --seq-graph project/file/graph_15_nodes.json --traffic project/file/traffic_15_nodes_outer_chatting.json --inspection-rate 0.001 --mess-rate 0.002 --algorithm betweenness,1.499117000001,3280,3252,3246,3265,3217,3280,3280,3280,3252,3280,3253,3267,3236,3245,3246,3280,3253,3272,3273,3280,2596,3218,3265,3272,3263,3280,3257,3259,3267,3273,3263,3280,3259,3280,3280,3280,3257,3236,3245,2596,3259,3217,3218,3259
