Sim. Command,Time,tr_node0_to_node1,tr_node0_to_node2,tr_node0_to_node3,tr_node0_to_node4,tr_node0_to_node12,tr_node1_to_node0,tr_node1_to_node2,tr_node1_to_node3,tr_node2_to_node0,tr_node2_to_node1,tr_node2_to_node3,tr_node2_to_node5,tr_node2_to_node8,tr_node2_to_node9,tr_node3_to_node0,tr_node3_to_node1,tr_node3_to_node2,tr_node3_to_node4,tr_node3_to_node5,tr_node3_to_node6,tr_node3_to_node10,tr_node3_to_node13,tr_node4_to_node0,tr_node4_to_node3,tr_node4_to_node5,tr_node4_to_node6,tr_node4_to_node7,tr_node4_to_node14,tr_node5_to_node2,tr_node5_to_node3,tr_node5_to_node4,tr_node5_to_node6,tr_node5_to_node11,tr_node6_to_node3,tr_node6_to_node4,tr_node6_to_node5,tr_node7_to_node4,tr_node8_to_node2,tr_node9_to_node2,tr_node10_to_node3,tr_node11_to_node5,tr_node12_to_node0,tr_node13_to_node3,tr_node14_to_node4
project/sim_ext.py --sim-time 1.5 --seq-graph project/file/graph_15_nodes.json --traffic project/file/traffic_15_nodes_random.json --inspection-rate 0.001 --mess-rate 0.002 --algorithm greedy,0.00107,0,0,0,0,0,0,0,0,0,0,0,0,0,0,0,0,0,0,0,0,0,0,0,0,0,0,0,0,0,0,0,0,0,0,0,0,0,0,0,0,0,0,0,0
project/sim_ext.py --sim-time 1.5 --seq-graph project/file/graph_15_nodes.json --traffic project/file/traffic_15_nodes_random.json --inspection-rate 0.001 --mess-rate 0.002 --algorithm greedy,0.0024930342344194143,0,0,0,0,0,0,0,0,0,0,0,0,0,0,0,0,0,0,0,0,0,0,0,0,0,0,0,0,0,0,0,0,0,0,0,0,0,0,0,0,0,0,0,0
project/sim_ext.py --sim-time 1.5 --seq-graph project/file/graph_15_nodes.json --traffic project/file/traffic_15_nodes_random.json --inspection-rate 0.001 --mess-rate 0.002 --algorithm greedy,0.003718,0,0,0,0,0,0,0,0,0,0,0,0,0,0,0,0,0,0,0,0,0,0,0,0,0,0,0,0,0,0,0,0,0,0,0,0,0,0,0,0,0,0,0,0
project/sim_ext.py --sim-time 1.5 --seq-graph project/file/graph_15_nodes.json --traffic project/file/traffic_15_nodes_random.json --inspection-rate 0.001 --mess-rate 0.002 --algorithm greedy,0.004801,0,0,0,0,0,0,0,0,0,0,0,0,0,0,0,0,0,0,0,0,0,0,0,0,0,0,0,0,0,0,0,0,0,0,0,0,0,0,0,0,0,0,0,0
project/sim_ext.py --sim-time 1.5 --seq-graph project/file/graph_15_nodes.json --traffic project/file/traffic_15_nodes_random.json --inspection-rate 0.001 --mess-rate 0.002 --algorithm greedy,0.005837,0,0,0,0,0,0,0,0,0,0,0,0,0,0,0,0,0,0,0,0,0,0,0,0,0,0,0,0,0,0,0,0,0,0,0,0,0,0,0,0,0,0,0,0
project/sim_ext.py --sim-time 1.5 --seq-graph project/file/graph_15_nodes.json --traffic project/file/traffic_15_nodes_random.json --inspection-rate 0.001 --mess-rate 0.002 --algorithm greedy,0.006847,0,0,0,0,0,0,0,0,0,0,0,0,0,0,0,0,0,0,0,0,0,0,0,0,0,0,0,0,0,0,0,0,0,0,0,0,0,0,0,0,0,0,0,0
project/sim_ext.py --sim-time 1.5 --seq-graph project/file/graph_15_nodes.json --traffic project/file/traffic_15_nodes_random.json --inspection-rate 0.001 --mess-rate 0.002 --algorithm greedy,0.007857,0,0,0,0,0,0,0,0,0,0,0,0,0,0,0,0,0,0,0,0,0,0,0,0,0,0,0,0,0,0,0,0,0,0,0,0,0,0,0,0,0,0,0,0
project/sim_ext.py --sim-time 1.5 --seq-graph project/file/graph_15_nodes.json --traffic project/file/traffic_15_nodes_random.json --inspection-rate 0.001 --mess-rate 0.002 --algorithm greedy,0.009003,0,0,0,0,0,0,0,0,0,0,0,0,0,0,0,0,0,0,0,0,0,0,0,0,0,0,0,0,0,0,0,0,0,0,0,0,0,0,0,0,0,0,0,0
project/sim_ext.py --sim-time 1.5 --seq-graph project/file/graph_15_nodes.json --traffic project/file/traffic_15_nodes_random.json --inspection-rate 0.001 --mess-rate 0.002 --algorithm greedy,0.010071134917880755,0,0,0,0,0,0,0,0,0,0,0,0,0,0,0,0,0,0,0,0,0,0,0,0,0,0,0,0,0,0,0,0,0,0,0,0,0,0,0,0,0,0,0,0
project/sim_ext.py --sim-time 1.5 --seq-graph project/file/graph_15_nodes.json --traffic project/file/traffic_15_nodes_random.json --inspection-rate 0.001 --mess-rate 0.002 --algorithm greedy,0.011082,0,0,0,0,0,0,0,0,0,0,0,0,0,0,0,0,0,0,0,0,0,0,0,0,0,0,0,0,0,0,0,0,0,0,0,0,0,0,0,0,0,0,0,0
project/sim_ext.py --sim-time 1.5 --seq-graph project/file/graph_15_nodes.json --traffic project/file/traffic_15_nodes_random.json --inspection-rate 0.001 --mess-rate 0.002 --algorithm greedy,0.012132,0,0,0,0,0,0,0,0,0,0,0,0,0,0,0,0,0,0,0,0,0,0,0,0,0,0,0,0,0,0,0,0,0,0,0,0,0,0,0,0,0,0,0,0
project/sim_ext.py --sim-time 1.5 --seq-graph project/file/graph_15_nodes.json --traffic project/file/traffic_15_nodes_random.json --inspection-rate 0.001 --mess-rate 0.002 --algorithm greedy,0.013217,0,0,0,0,0,0,0,0,0,0,0,0,0,0,0,0,0,0,0,0,0,0,0,0,0,0,0,0,0,0,0,0,0,0,0,0,0,0,0,0,0,0,0,0
project/sim_ext.py --sim-time 1.5 --seq-graph project/file/graph_15_nodes.json --traffic project/file/traffic_15_nodes_random.json --inspection-rate 0.001 --mess-rate 0.002 --algorithm greedy,0.014268,0,0,0,0,0,0,0,0,0,0,0,0,0,0,0,0,0,0,0,0,0,0,0,0,0,0,0,0,0,0,0,0,0,0,0,0,0,0,0,0,0,0,0,0
project/sim_ext.py --sim-time 1.5 --seq-graph project/file/graph_15_nodes.json --traffic project/file/traffic_15_nodes_random.json --inspection-rate 0.001 --mess-rate 0.002 --algorithm greedy,0.015393557500478794,0,0,0,0,0,0,0,0,0,0,0,0,0,0,0,0,0,0,0,0,0,0,0,0,0,0,0,0,0,0,0,0,0,0,0,0,0,0,0,0,0,0,0,0
project/sim_ext.py --sim-time 1.5 --seq-graph project/file/graph_15_nodes.json --traffic project/file/traffic_15_nodes_random.json --inspection-rate 0.001 --mess-rate 0.002 --algorithm greedy,0.016413999999999998,0,0,0,0,0,0,0,0,0,0,0,0,0,0,0,0,0,0,0,0,0,0,0,0,0,0,0,0,0,0,0,0,0,0,0,0,0,0,0,0,0,0,0,0
project/sim_ext.py --sim-time 1.5 --seq-graph project/file/graph_15_nodes.json --traffic project/file/traffic_15_nodes_random.json --inspection-rate 0.001 --mess-rate 0.002 --algorithm greedy,0.017429113399154313,0,0,0,0,0,0,0,0,0,0,0,0,0,0,0,0,0,0,0,0,0,0,0,0,0,0,0,0,0,0,0,0,0,0,0,0,0,0,0,0,0,0,0,0
project/sim_ext.py --sim-time 1.5 --seq-graph project/file/graph_15_nodes.json --traffic project/file/traffic_15_nodes_random.json --inspection-rate 0.001 --mess-rate 0.002 --algorithm greedy,0.018608,0,0,0,0,0,0,0,0,0,0,0,0,0,0,0,0,0,0,0,0,0,0,0,0,0,0,0,0,0,0,0,0,0,0,0,0,0,0,0,0,0,0,0,0
project/sim_ext.py --sim-time 1.5 --seq-graph project/file/graph_15_nodes.json --traffic project/file/traffic_15_nodes_random.json --inspection-rate 0.001 --mess-rate 0.002 --algorithm greedy,0.019775,0,0,0,0,0,0,0,0,0,0,0,0,0,0,0,0,0,0,0,0,0,0,0,0,0,0,0,0,0,0,0,0,0,0,0,0,0,0,0,0,0,0,0,0
project/sim_ext.py --sim-time 1.5 --seq-graph project/file/graph_15_nodes.json --traffic project/file/traffic_15_nodes_random.json --inspection-rate 0.001 --mess-rate 0.002 --algorithm greedy,0.020927,0,0,0,0,0,0,0,0,0,0,0,0,0,0,0,0,0,0,0,0,0,0,0,0,0,0,0,0,0,0,0,0,0,0,0,0,0,0,0,0,0,0,0,0
project/sim_ext.py --sim-time 1.5 --seq-graph project/file/graph_15_nodes.json --traffic project/file/traffic_15_nodes_random.json --inspection-rate 0.001 --mess-rate 0.002 --algorithm greedy,0.022049,0,0,0,0,0,0,0,0,0,0,0,0,0,0,0,0,0,0,0,0,0,0,0,0,0,0,0,0,0,0,0,0,0,0,0,0,0,0,0,0,0,0,0,0
project/sim_ext.py --sim-time 1.5 --seq-graph project/file/graph_15_nodes.json --traffic project/file/traffic_15_nodes_random.json --inspection-rate 0.001 --mess-rate 0.002 --algorithm greedy,0.023054218420151634,0,0,0,0,0,0,0,0,0,0,0,0,0,0,0,0,0,0,0,0,0,0,0,0,0,0,0,0,0,0,0,0,0,0,0,0,0,0,0,0,0,0,0,0
project/sim_ext.py --sim-time 1.5 --seq-graph project/file/graph_15_nodes.json --traffic project/file/traffic_15_nodes_random.json --inspection-rate 0.001 --mess-rate 0.002 --algorithm greedy,0.024107,0,0,0,0,0,0,0,0,0,0,0,0,0,0,0,0,0,0,0,0,0,0,0,0,0,0,0,0,0,0,0,0,0,0,0,0,0,0,0,0,0,0,0,0
project/sim_ext.py --sim-time 1.5 --seq-graph project/file/graph_15_nodes.json --traffic project/file/traffic_15_nodes_random.json --inspection-rate 0.001 --mess-rate 0.002 --algorithm greedy,0.025160810960144022,0,0,0,0,0,0,0,0,0,0,0,0,0,0,0,0,0,0,0,0,0,0,0,0,0,0,0,0,0,0,0,0,0,0,0,0,0,0,0,0,0,0,0,0
project/sim_ext.py --sim-time 1.5 --seq-graph project/file/graph_15_nodes.json --traffic project/file/traffic_15_nodes_random.json --inspection-rate 0.001 --mess-rate 0.002 --algorithm greedy,0.026199,0,0,0,0,0,0,0,0,0,0,0,0,0,0,0,0,0,0,0,0,0,0,0,0,0,0,0,0,0,0,0,0,0,0,0,0,0,0,0,0,0,0,0,0
project/sim_ext.py --sim-time 1.5 --seq-graph project/file/graph_15_nodes.json --traffic project/file/traffic_15_nodes_random.json --inspection-rate 0.001 --mess-rate 0.002 --algorithm greedy,0.027393,0,0,0,0,0,0,0,0,0,0,0,0,0,0,0,0,0,0,0,0,0,0,0,0,0,0,0,0,0,0,0,0,0,0,0,0,0,0,0,0,0,0,0,0
project/sim_ext.py --sim-time 1.5 --seq-graph project/file/graph_15_nodes.json --traffic project/file/traffic_15_nodes_random.json --inspection-rate 0.001 --mess-rate 0.002 --algorithm greedy,0.028409999999999998,0,0,0,0,0,0,0,0,0,0,0,0,0,0,0,0,0,0,0,0,0,0,0,0,0,0,0,0,0,0,0,0,0,0,0,0,0,0,0,0,0,0,0,0
project/sim_ext.py --sim-time 1.5 --seq-graph project/file/graph_15_nodes.json --traffic project/file/traffic_15_nodes_random.json --inspection-rate 0.001 --mess-rate 0.002 --algorithm greedy,0.029481999999999998,0,0,0,0,0,0,0,0,0,0,0,0,0,0,0,0,0,0,0,0,0,0,0,0,0,0,0,0,0,0,0,0,0,0,0,0,0,0,0,0,0,0,0,0
project/sim_ext.py --sim-time 1.5 --seq-graph project/file/graph_15_nodes.json --traffic project/file/traffic_15_nodes_random.json --inspection-rate 0.001 --mess-rate 0.002 --algorithm greedy,0.03093,0,0,0,0,0,0,0,0,0,0,0,0,0,0,0,0,0,0,0,0,0,0,0,0,0,0,0,0,0,0,0,0,0,0,0,0,0,0,0,0,0,0,0,0
project/sim_ext.py --sim-time 1.5 --seq-graph project/file/graph_15_nodes.json --traffic project/file/traffic_15_nodes_random.json --inspection-rate 0.001 --mess-rate 0.002 --algorithm greedy,0.031988730958414265,0,0,0,0,0,0,0,0,0,0,0,0,0,0,0,0,0,0,0,0,0,0,0,0,0,0,0,0,0,0,0,0,0,0,0,0,0,0,0,0,0,0,0,0
project/sim_ext.py --sim-time 1.5 --seq-graph project/file/graph_15_nodes.json --traffic project/file/traffic_15_nodes_random.json --inspection-rate 0.001 --mess-rate 0.002 --algorithm greedy,0.033076,0,0,0,0,0,0,0,0,0,0,0,0,0,0,0,0,0,0,0,0,0,0,0,0,0,0,0,0,0,0,0,0,0,0,0,0,0,0,0,0,0,0,0,0
project/sim_ext.py --sim-time 1.5 --seq-graph project/file/graph_15_nodes.json --traffic project/file/traffic_15_nodes_random.json --inspection-rate 0.001 --mess-rate 0.002 --algorithm greedy,0.034186,0,0,0,0,0,0,0,0,0,0,0,0,0,0,0,0,0,0,0,0,0,0,0,0,0,0,0,0,0,0,0,0,0,0,0,0,0,0,0,0,0,0,0,0
project/sim_ext.py --sim-time 1.5 --seq-graph project/file/graph_15_nodes.json --traffic project/file/traffic_15_nodes_random.json --inspection-rate 0.001 --mess-rate 0.002 --algorithm greedy,0.035241,0,0,0,0,0,0,0,0,0,0,0,0,0,0,0,0,0,0,0,0,0,0,0,0,0,0,0,0,0,0,0,0,0,0,0,0,0,0,0,0,0,0,0,0
project/sim_ext.py --sim-time 1.5 --seq-graph project/file/graph_15_nodes.json --traffic project/file/traffic_15_nodes_random.json --inspection-rate 0.001 --mess-rate 0.002 --algorithm greedy,0.036265,0,0,0,0,0,0,0,0,0,0,0,0,0,0,0,0,0,0,0,0,0,0,0,0,0,0,0,0,0,0,0,0,0,0,0,0,0,0,0,0,0,0,0,0
project/sim_ext.py --sim-time 1.5 --seq-graph project/file/graph_15_nodes.json --traffic project/file/traffic_15_nodes_random.json --inspection-rate 0.001 --mess-rate 0.002 --algorithm greedy,0.03744,0,0,0,0,0,0,0,0,0,0,0,0,0,0,0,0,0,0,0,0,0,0,0,0,0,0,0,0,0,0,0,0,0,0,0,0,0,0,0,0,0,0,0,0
project/sim_ext.py --sim-time 1.5 --seq-graph project/file/graph_15_nodes.json --traffic project/file/traffic_15_nodes_random.json --inspection-rate 0.001 --mess-rate 0.002 --algorithm greedy,0.038902,0,0,0,0,0,0,0,0,0,0,0,0,0,0,0,0,0,0,0,0,0,0,0,0,0,0,0,0,0,0,0,0,0,0,0,0,0,0,0,0,0,0,0,0
project/sim_ext.py --sim-time 1.5 --seq-graph project/file/graph_15_nodes.json --traffic project/file/traffic_15_nodes_random.json --inspection-rate 0.001 --mess-rate 0.002 --algorithm greedy,0.040015,0,0,0,0,0,0,0,0,0,0,0,0,0,0,0,0,0,0,0,0,0,0,0,0,0,0,0,0,0,0,0,0,0,0,0,0,0,0,0,0,0,0,0,0
project/sim_ext.py --sim-time 1.5 --seq-graph project/file/graph_15_nodes.json --traffic project/file/traffic_15_nodes_random.json --inspection-rate 0.001 --mess-rate 0.002 --algorithm greedy,0.04103039006614666,0,0,0,0,0,0,0,0,0,0,0,0,0,0,0,0,0,0,0,0,0,0,0,0,0,0,0,0,0,0,0,0,0,0,0,0,0,0,0,0,0,0,0,0
project/sim_ext.py --sim-time 1.5 --seq-graph project/file/graph_15_nodes.json --traffic project/file/traffic_15_nodes_random.json --inspection-rate 0.001 --mess-rate 0.002 --algorithm greedy,0.042329,0,0,0,0,0,0,0,0,0,0,0,0,0,0,0,0,0,0,0,0,0,0,0,0,0,0,0,0,0,0,0,0,0,0,0,0,0,0,0,0,0,0,0,0
project/sim_ext.py --sim-time 1.5 --seq-graph project/file/graph_15_nodes.json --traffic project/file/traffic_15_nodes_random.json --inspection-rate 0.001 --mess-rate 0.002 --algorithm greedy,0.043949999999999996,0,0,0,0,0,0,0,0,0,0,0,0,0,0,0,0,0,0,0,0,0,0,0,0,0,0,0,0,0,0,0,0,0,0,0,0,0,0,0,0,0,0,0,0
project/sim_ext.py --sim-time 1.5 --seq-graph project/file/graph_15_nodes.json --traffic project/file/traffic_15_nodes_random.json --inspection-rate 0.001 --mess-rate 0.002 --algorithm greedy,0.044973,0,0,0,0,0,0,0,0,0,0,0,0,0,0,0,0,0,0,0,0,0,0,0,0,0,0,0,0,0,0,0,0,0,0,0,0,0,0,0,0,0,0,0,0
project/sim_ext.py --sim-time 1.5 --seq-graph project/file/graph_15_nodes.json --traffic project/file/traffic_15_nodes_random.json --inspection-rate 0.001 --mess-rate 0.002 --algorithm greedy,0.046074,0,0,0,0,0,0,0,0,0,0,0,0,0,0,0,0,0,0,0,0,0,0,0,0,0,0,0,0,0,0,0,0,0,0,0,0,0,0,0,0,0,0,0,0
project/sim_ext.py --sim-time 1.5 --seq-graph project/file/graph_15_nodes.json --traffic project/file/traffic_15_nodes_random.json --inspection-rate 0.001 --mess-rate 0.002 --algorithm greedy,0.047297,0,0,0,0,0,0,0,0,0,0,0,0,0,0,0,0,0,0,0,0,0,0,0,0,0,0,0,0,0,0,0,0,0,0,0,0,0,0,0,0,0,0,0,0
project/sim_ext.py --sim-time 1.5 --seq-graph project/file/graph_15_nodes.json --traffic project/file/traffic_15_nodes_random.json --inspection-rate 0.001 --mess-rate 0.002 --algorithm greedy,0.048298,0,0,0,0,0,0,0,0,0,0,0,0,0,0,0,0,0,0,0,0,0,0,0,0,0,0,0,0,0,0,0,0,0,0,0,0,0,0,0,0,0,0,0,0
project/sim_ext.py --sim-time 1.5 --seq-graph project/file/graph_15_nodes.json --traffic project/file/traffic_15_nodes_random.json --inspection-rate 0.001 --mess-rate 0.002 --algorithm greedy,0.049422370232202535,0,0,0,0,0,0,0,0,0,0,0,0,0,0,0,0,0,0,0,0,0,0,0,0,0,0,0,0,0,0,0,0,0,0,0,0,0,0,0,0,0,0,0,0
project/sim_ext.py --sim-time 1.5 --seq-graph project/file/graph_15_nodes.json --traffic project/file/traffic_15_nodes_random.json --inspection-rate 0.001 --mess-rate 0.002 --algorithm greedy,0.05056849928887281,0,0,0,0,0,0,0,0,0,0,0,0,0,0,0,0,0,0,0,0,0,0,0,0,0,0,0,0,0,0,0,0,0,0,0,0,0,0,0,0,0,0,0,0
project/sim_ext.py --sim-time 1.5 --seq-graph project/file/graph_15_nodes.json --traffic project/file/traffic_15_nodes_random.json --inspection-rate 0.001 --mess-rate 0.002 --algorithm greedy,0.05172742383707147,0,0,0,0,0,0,0,0,0,0,0,0,0,0,0,0,0,0,0,0,0,0,0,0,0,0,0,0,0,0,0,0,0,0,0,0,0,0,0,0,0,0,0,0
project/sim_ext.py --sim-time 1.5 --seq-graph project/file/graph_15_nodes.json --traffic project/file/traffic_15_nodes_random.json --inspection-rate 0.001 --mess-rate 0.002 --algorithm greedy,0.052830196522851515,0,0,0,0,0,0,0,0,0,0,0,0,0,0,0,0,0,0,0,0,0,0,0,0,0,0,0,0,0,0,0,0,0,0,0,0,0,0,0,0,0,0,0,0
project/sim_ext.py --sim-time 1.5 --seq-graph project/file/graph_15_nodes.json --traffic project/file/traffic_15_nodes_random.json --inspection-rate 0.001 --mess-rate 0.002 --algorithm greedy,0.053836000001,0,0,0,0,0,0,0,0,0,0,0,0,0,0,0,0,0,0,0,0,0,0,0,0,0,0,0,0,0,0,0,0,0,0,0,0,0,0,0,0,0,0,0,0
project/sim_ext.py --sim-time 1.5 --seq-graph project/file/graph_15_nodes.json --traffic project/file/traffic_15_nodes_random.json --inspection-rate 0.001 --mess-rate 0.002 --algorithm greedy,0.054887000001,0,0,0,0,0,0,0,0,0,0,0,0,0,0,0,0,0,0,0,0,0,0,0,0,0,0,0,0,0,0,0,0,0,0,0,0,0,0,0,0,0,0,0,0
project/sim_ext.py --sim-time 1.5 --seq-graph project/file/graph_15_nodes.json --traffic project/file/traffic_15_nodes_random.json --inspection-rate 0.001 --mess-rate 0.002 --algorithm greedy,0.055990000001,0,0,0,0,0,0,0,0,0,0,0,0,0,0,0,0,0,0,0,0,0,0,0,0,0,0,0,0,0,0,0,0,0,0,0,0,0,0,0,0,0,0,0,0
project/sim_ext.py --sim-time 1.5 --seq-graph project/file/graph_15_nodes.json --traffic project/file/traffic_15_nodes_random.json --inspection-rate 0.001 --mess-rate 0.002 --algorithm greedy,0.057089000001,0,0,0,0,0,0,0,0,0,0,0,0,0,0,0,0,0,0,0,0,0,0,0,0,0,0,0,0,0,0,0,0,0,0,0,0,0,0,0,0,0,0,0,0
project/sim_ext.py --sim-time 1.5 --seq-graph project/file/graph_15_nodes.json --traffic project/file/traffic_15_nodes_random.json --inspection-rate 0.001 --mess-rate 0.002 --algorithm greedy,0.058097000001,0,0,0,0,0,0,0,0,0,0,0,0,0,0,0,0,0,0,0,0,0,0,0,0,0,0,0,0,0,0,0,0,0,0,0,0,0,0,0,0,0,0,0,0
project/sim_ext.py --sim-time 1.5 --seq-graph project/file/graph_15_nodes.json --traffic project/file/traffic_15_nodes_random.json --inspection-rate 0.001 --mess-rate 0.002 --algorithm greedy,0.059121000001,0,0,0,0,0,0,0,0,0,0,0,0,0,0,0,0,0,0,0,0,0,0,0,0,0,0,0,0,0,0,0,0,0,0,0,0,0,0,0,0,0,0,0,0
project/sim_ext.py --sim-time 1.5 --seq-graph project/file/graph_15_nodes.json --traffic project/file/traffic_15_nodes_random.json --inspection-rate 0.001 --mess-rate 0.002 --algorithm greedy,0.060407000001,0,0,0,0,0,0,0,0,0,0,0,0,0,0,0,0,0,0,0,0,0,0,0,0,0,0,0,0,0,0,0,0,0,0,0,0,0,0,0,0,0,0,0,0
project/sim_ext.py --sim-time 1.5 --seq-graph project/file/graph_15_nodes.json --traffic project/file/traffic_15_nodes_random.json --inspection-rate 0.001 --mess-rate 0.002 --algorithm greedy,0.061503060203332204,0,0,0,0,0,0,0,0,0,0,0,0,0,0,0,0,0,0,0,0,0,0,0,0,0,0,0,0,0,0,0,0,0,0,0,0,0,0,0,0,0,0,0,0
project/sim_ext.py --sim-time 1.5 --seq-graph project/file/graph_15_nodes.json --traffic project/file/traffic_15_nodes_random.json --inspection-rate 0.001 --mess-rate 0.002 --algorithm greedy,0.06252800000099999,0,0,0,0,0,0,0,0,0,0,0,0,0,0,0,0,0,0,0,0,0,0,0,0,0,0,0,0,0,0,0,0,0,0,0,0,0,0,0,0,0,0,0,0
project/sim_ext.py --sim-time 1.5 --seq-graph project/file/graph_15_nodes.json --traffic project/file/traffic_15_nodes_random.json --inspection-rate 0.001 --mess-rate 0.002 --algorithm greedy,0.063538000001,0,0,0,0,0,0,0,0,0,0,0,0,0,0,0,0,0,0,0,0,0,0,0,0,0,0,0,0,0,0,0,0,0,0,0,0,0,0,0,0,0,0,0,0
project/sim_ext.py --sim-time 1.5 --seq-graph project/file/graph_15_nodes.json --traffic project/file/traffic_15_nodes_random.json --inspection-rate 0.001 --mess-rate 0.002 --algorithm greedy,0.064553000001,0,0,0,0,0,0,0,0,0,0,0,0,0,0,0,0,0,0,0,0,0,0,0,0,0,0,0,0,0,0,0,0,0,0,0,0,0,0,0,0,0,0,0,0
project/sim_ext.py --sim-time 1.5 --seq-graph project/file/graph_15_nodes.json --traffic project/file/traffic_15_nodes_random.json --inspection-rate 0.001 --mess-rate 0.002 --algorithm greedy,0.065570000001,0,0,0,0,0,0,0,0,0,0,0,0,0,0,0,0,0,0,0,0,0,0,0,0,0,0,0,0,0,0,0,0,0,0,0,0,0,0,0,0,0,0,0,0
project/sim_ext.py --sim-time 1.5 --seq-graph project/file/graph_15_nodes.json --traffic project/file/traffic_15_nodes_random.json --inspection-rate 0.001 --mess-rate 0.002 --algorithm greedy,0.066875000001,0,0,0,0,0,0,0,0,0,0,0,0,0,0,0,0,0,0,0,0,0,0,0,0,0,0,0,0,0,0,0,0,0,0,0,0,0,0,0,0,0,0,0,0
project/sim_ext.py --sim-time 1.5 --seq-graph project/file/graph_15_nodes.json --traffic project/file/traffic_15_nodes_random.json --inspection-rate 0.001 --mess-rate 0.002 --algorithm greedy,0.067921000001,0,0,0,0,0,0,0,0,0,0,0,0,0,0,0,0,0,0,0,0,0,0,0,0,0,0,0,0,0,0,0,0,0,0,0,0,0,0,0,0,0,0,0,0
project/sim_ext.py --sim-time 1.5 --seq-graph project/file/graph_15_nodes.json --traffic project/file/traffic_15_nodes_random.json --inspection-rate 0.001 --mess-rate 0.002 --algorithm greedy,0.069029000001,0,0,0,0,0,0,0,0,0,0,0,0,0,0,0,0,0,0,0,0,0,0,0,0,0,0,0,0,0,0,0,0,0,0,0,0,0,0,0,0,0,0,0,0
project/sim_ext.py --sim-time 1.5 --seq-graph project/file/graph_15_nodes.json --traffic project/file/traffic_15_nodes_random.json --inspection-rate 0.001 --mess-rate 0.002 --algorithm greedy,0.070131000001,0,0,0,0,0,0,0,0,0,0,0,0,0,0,0,0,0,0,0,0,0,0,0,0,0,0,0,0,0,0,0,0,0,0,0,0,0,0,0,0,0,0,0,0
project/sim_ext.py --sim-time 1.5 --seq-graph project/file/graph_15_nodes.json --traffic project/file/traffic_15_nodes_random.json --inspection-rate 0.001 --mess-rate 0.002 --algorithm greedy,0.071151000001,0,0,0,0,0,0,0,0,0,0,0,0,0,0,0,0,0,0,0,0,0,0,0,0,0,0,0,0,0,0,0,0,0,0,0,0,0,0,0,0,0,0,0,0
project/sim_ext.py --sim-time 1.5 --seq-graph project/file/graph_15_nodes.json --traffic project/file/traffic_15_nodes_random.json --inspection-rate 0.001 --mess-rate 0.002 --algorithm greedy,0.072252000001,0,0,0,0,0,0,0,0,0,0,0,0,0,0,0,0,0,0,0,0,0,0,0,0,0,0,0,0,0,0,0,0,0,0,0,0,0,0,0,0,0,0,0,0
project/sim_ext.py --sim-time 1.5 --seq-graph project/file/graph_15_nodes.json --traffic project/file/traffic_15_nodes_random.json --inspection-rate 0.001 --mess-rate 0.002 --algorithm greedy,0.073307000001,0,0,0,0,0,0,0,0,0,0,0,0,0,0,0,0,0,0,0,0,0,0,0,0,0,0,0,0,0,0,0,0,0,0,0,0,0,0,0,0,0,0,0,0
project/sim_ext.py --sim-time 1.5 --seq-graph project/file/graph_15_nodes.json --traffic project/file/traffic_15_nodes_random.json --inspection-rate 0.001 --mess-rate 0.002 --algorithm greedy,0.074452000001,0,0,0,0,0,0,0,0,0,0,0,0,0,0,0,0,0,0,0,0,0,0,0,0,0,0,0,0,0,0,0,0,0,0,0,0,0,0,0,0,0,0,0,0
project/sim_ext.py --sim-time 1.5 --seq-graph project/file/graph_15_nodes.json --traffic project/file/traffic_15_nodes_random.json --inspection-rate 0.001 --mess-rate 0.002 --algorithm greedy,0.075575000001,0,0,0,0,0,0,0,0,0,0,0,0,0,0,0,0,0,0,0,0,0,0,0,0,0,0,0,0,0,0,0,0,0,0,0,0,0,0,0,0,0,0,0,0
project/sim_ext.py --sim-time 1.5 --seq-graph project/file/graph_15_nodes.json --traffic project/file/traffic_15_nodes_random.json --inspection-rate 0.001 --mess-rate 0.002 --algorithm greedy,0.077037000001,0,0,0,0,0,0,0,0,0,0,0,0,0,0,0,0,0,0,0,0,0,0,0,0,0,0,0,0,0,0,0,0,0,0,0,0,0,0,0,0,0,0,0,0
project/sim_ext.py --sim-time 1.5 --seq-graph project/file/graph_15_nodes.json --traffic project/file/traffic_15_nodes_random.json --inspection-rate 0.001 --mess-rate 0.002 --algorithm greedy,0.078136000001,0,0,0,0,0,0,0,0,0,0,0,0,0,0,0,0,0,0,0,0,0,0,0,0,0,0,0,0,0,0,0,0,0,0,0,0,0,0,0,0,0,0,0,0
project/sim_ext.py --sim-time 1.5 --seq-graph project/file/graph_15_nodes.json --traffic project/file/traffic_15_nodes_random.json --inspection-rate 0.001 --mess-rate 0.002 --algorithm greedy,0.079182000001,0,0,0,0,0,0,0,0,0,0,0,0,0,0,0,0,0,0,0,0,0,0,0,0,0,0,0,0,0,0,0,0,0,0,0,0,0,0,0,0,0,0,0,0
project/sim_ext.py --sim-time 1.5 --seq-graph project/file/graph_15_nodes.json --traffic project/file/traffic_15_nodes_random.json --inspection-rate 0.001 --mess-rate 0.002 --algorithm greedy,0.08024702165323894,0,0,0,0,0,0,0,0,0,0,0,0,0,0,0,0,0,0,0,0,0,0,0,0,0,0,0,0,0,0,0,0,0,0,0,0,0,0,0,0,0,0,0,0
project/sim_ext.py --sim-time 1.5 --seq-graph project/file/graph_15_nodes.json --traffic project/file/traffic_15_nodes_random.json --inspection-rate 0.001 --mess-rate 0.002 --algorithm greedy,0.081713000001,0,0,0,0,0,0,0,0,0,0,0,0,0,0,0,0,0,0,0,0,0,0,0,0,0,0,0,0,0,0,0,0,0,0,0,0,0,0,0,0,0,0,0,0
project/sim_ext.py --sim-time 1.5 --seq-graph project/file/graph_15_nodes.json --traffic project/file/traffic_15_nodes_random.json --inspection-rate 0.001 --mess-rate 0.002 --algorithm greedy,0.08298200000099999,0,0,0,0,0,0,0,0,0,0,0,0,0,0,0,0,0,0,0,0,0,0,0,0,0,0,0,0,0,0,0,0,0,0,0,0,0,0,0,0,0,0,0,0
project/sim_ext.py --sim-time 1.5 --seq-graph project/file/graph_15_nodes.json --traffic project/file/traffic_15_nodes_random.json --inspection-rate 0.001 --mess-rate 0.002 --algorithm greedy,0.084029000001,0,0,0,0,0,0,0,0,0,0,0,0,0,0,0,0,0,0,0,0,0,0,0,0,0,0,0,0,0,0,0,0,0,0,0,0,0,0,0,0,0,0,0,0
project/sim_ext.py --sim-time 1.5 --seq-graph project/file/graph_15_nodes.json --traffic project/file/traffic_15_nodes_random.json --inspection-rate 0.001 --mess-rate 0.002 --algorithm greedy,0.085104000001,0,0,0,0,0,0,0,0,0,0,0,0,0,0,0,0,0,0,0,0,0,0,0,0,0,0,0,0,0,0,0,0,0,0,0,0,0,0,0,0,0,0,0,0
project/sim_ext.py --sim-time 1.5 --seq-graph project/file/graph_15_nodes.json --traffic project/file/traffic_15_nodes_random.json --inspection-rate 0.001 --mess-rate 0.002 --algorithm greedy,0.086220000001,0,0,0,0,0,0,0,0,0,0,0,0,0,0,0,0,0,0,0,0,0,0,0,0,0,0,0,0,0,0,0,0,0,0,0,0,0,0,0,0,0,0,0,0
project/sim_ext.py --sim-time 1.5 --seq-graph project/file/graph_15_nodes.json --traffic project/file/traffic_15_nodes_random.json --inspection-rate 0.001 --mess-rate 0.002 --algorithm greedy,0.087308000001,0,0,0,0,0,0,0,0,0,0,0,0,0,0,0,0,0,0,0,0,0,0,0,0,0,0,0,0,0,0,0,0,0,0,0,0,0,0,0,0,0,0,0,0
project/sim_ext.py --sim-time 1.5 --seq-graph project/file/graph_15_nodes.json --traffic project/file/traffic_15_nodes_random.json --inspection-rate 0.001 --mess-rate 0.002 --algorithm greedy,0.088790000001,0,0,0,0,0,0,0,0,0,0,0,0,0,0,0,0,0,0,0,0,0,0,0,0,0,0,0,0,0,0,0,0,0,0,0,0,0,0,0,0,0,0,0,0
project/sim_ext.py --sim-time 1.5 --seq-graph project/file/graph_15_nodes.json --traffic project/file/traffic_15_nodes_random.json --inspection-rate 0.001 --mess-rate 0.002 --algorithm greedy,0.0899046506330764,0,0,0,0,0,0,0,0,0,0,0,0,0,0,0,0,0,0,0,0,0,0,0,0,0,0,0,0,0,0,0,0,0,0,0,0,0,0,0,0,0,0,0,0
project/sim_ext.py --sim-time 1.5 --seq-graph project/file/graph_15_nodes.json --traffic project/file/traffic_15_nodes_random.json --inspection-rate 0.001 --mess-rate 0.002 --algorithm greedy,0.090915000001,0,0,0,0,0,0,0,0,0,0,0,0,0,0,0,0,0,0,0,0,0,0,0,0,0,0,0,0,0,0,0,0,0,0,0,0,0,0,0,0,0,0,0,0
project/sim_ext.py --sim-time 1.5 --seq-graph project/file/graph_15_nodes.json --traffic project/file/traffic_15_nodes_random.json --inspection-rate 0.001 --mess-rate 0.002 --algorithm greedy,0.092012880051174,0,5,1,7,2,0,12,10,3,0,1,8,0,0,3,4,13,3,0,12,0,0,1,4,18,8,1,0,2,0,0,3,0,10,9,0,15,31,33,0,29,24,19,19
project/sim_ext.py --sim-time 1.5 --seq-graph project/file/graph_15_nodes.json --traffic project/file/traffic_15_nodes_random.json --inspection-rate 0.001 --mess-rate 0.002 --algorithm greedy,0.093271000001,0,5,1,7,2,0,12,10,3,0,1,9,0,0,3,5,18,3,0,13,0,0,1,5,19,9,1,0,2,0,0,3,0,16,10,0,19,34,35,0,30,25,22,21
project/sim_ext.py --sim-time 1.5 --seq-graph project/file/graph_15_nodes.json --traffic project/file/traffic_15_nodes_random.json --inspection-rate 0.001 --mess-rate 0.002 --algorithm greedy,0.09436818424184201,0,7,2,11,3,0,13,12,6,0,1,10,0,0,4,5,19,3,0,13,0,0,1,6,20,11,3,0,2,0,0,3,0,18,11,0,22,38,38,0,33,30,22,21
project/sim_ext.py --sim-time 1.5 --seq-graph project/file/graph_15_nodes.json --traffic project/file/traffic_15_nodes_random.json --inspection-rate 0.001 --mess-rate 0.002 --algorithm greedy,0.095407999997,0,7,2,11,4,0,15,12,6,0,1,11,0,0,5,5,20,3,0,13,0,0,2,6,22,12,3,0,4,0,0,3,0,19,13,0,27,41,43,0,34,32,22,24
project/sim_ext.py --sim-time 1.5 --seq-graph project/file/graph_15_nodes.json --traffic project/file/traffic_15_nodes_random.json --inspection-rate 0.001 --mess-rate 0.002 --algorithm greedy,0.096490000001,0,9,2,13,5,0,16,14,7,0,4,14,0,0,6,5,20,5,0,14,0,0,2,8,29,12,3,0,5,0,0,9,0,24,13,0,30,44,45,0,40,33,25,28
project/sim_ext.py --sim-time 1.5 --seq-graph project/file/graph_15_nodes.json --traffic project/file/traffic_15_nodes_random.json --inspection-rate 0.001 --mess-rate 0.002 --algorithm greedy,0.097495000001,0,9,4,15,7,0,17,15,9,0,4,16,0,0,7,5,22,6,0,16,0,0,4,11,30,12,3,0,5,0,0,9,0,25,13,0,32,49,47,0,43,36,30,30
project/sim_ext.py --sim-time 1.5 --seq-graph project/file/graph_15_nodes.json --traffic project/file/traffic_15_nodes_random.json --inspection-rate 0.001 --mess-rate 0.002 --algorithm greedy,0.098544000001,0,9,4,18,7,0,17,15,9,0,4,16,0,0,7,5,23,6,0,16,0,0,4,11,31,12,4,0,5,0,0,10,0,28,13,0,37,49,47,0,46,37,33,31
project/sim_ext.py --sim-time 1.5 --seq-graph project/file/graph_15_nodes.json --traffic project/file/traffic_15_nodes_random.json --inspection-rate 0.001 --mess-rate 0.002 --algorithm greedy,0.099597000001,0,10,7,20,7,0,17,20,10,0,4,16,0,0,7,6,23,6,0,16,0,0,4,11,31,13,4,0,5,0,0,11,0,28,13,0,38,49,47,0,47,38,33,35
project/sim_ext.py --sim-time 1.5 --seq-graph project/file/graph_15_nodes.json --traffic project/file/traffic_15_nodes_random.json --inspection-rate 0.001 --mess-rate 0.002 --algorithm greedy,0.100602599997,0,10,7,21,7,0,18,23,10,0,4,16,0,0,8,6,24,6,0,16,0,0,4,11,31,14,4,0,5,0,0,15,0,28,15,0,39,49,47,0,47,38,34,36
project/sim_ext.py --sim-time 1.5 --seq-graph project/file/graph_15_nodes.json --traffic project/file/traffic_15_nodes_random.json --inspection-rate 0.001 --mess-rate 0.002 --algorithm greedy,0.10164700000099999,0,10,7,21,7,0,19,23,10,0,5,16,0,0,8,6,24,6,0,16,0,0,4,11,31,14,4,0,5,0,0,15,0,28,15,0,39,49,47,0,47,38,34,36
project/sim_ext.py --sim-time 1.5 --seq-graph project/file/graph_15_nodes.json --traffic project/file/traffic_15_nodes_random.json --inspection-rate 0.001 --mess-rate 0.002 --algorithm greedy,0.102726000001,0,10,7,21,7,0,19,24,10,0,5,16,0,0,8,6,24,6,0,16,0,0,4,11,31,14,5,0,5,0,0,16,0,28,15,0,40,49,47,0,47,38,34,36
project/sim_ext.py --sim-time 1.5 --seq-graph project/file/graph_15_nodes.json --traffic project/file/traffic_15_nodes_random.json --inspection-rate 0.001 --mess-rate 0.002 --algorithm greedy,0.10374456994291585,0,10,7,21,7,0,19,24,10,0,5,16,0,0,8,6,24,6,0,16,0,0,4,11,31,15,5,0,5,0,0,18,0,28,15,0,40,49,47,0,47,38,34,36
project/sim_ext.py --sim-time 1.5 --seq-graph project/file/graph_15_nodes.json --traffic project/file/traffic_15_nodes_random.json --inspection-rate 0.001 --mess-rate 0.002 --algorithm greedy,0.104857000001,0,14,7,21,7,0,20,24,10,0,5,16,0,0,8,6,26,6,0,16,0,0,4,11,31,15,5,0,5,0,0,19,0,28,16,0,40,49,47,0,47,38,34,36
project/sim_ext.py --sim-time 1.5 --seq-graph project/file/graph_15_nodes.json --traffic project/file/traffic_15_nodes_random.json --inspection-rate 0.001 --mess-rate 0.002 --algorithm greedy,0.105995000001,0,14,7,21,7,0,20,29,10,0,5,16,0,0,10,10,26,6,0,16,0,0,4,11,32,15,5,0,5,0,0,19,0,28,16,0,40,49,47,0,47,38,34,36
project/sim_ext.py --sim-time 1.5 --seq-graph project/file/graph_15_nodes.json --traffic project/file/traffic_15_nodes_random.json --inspection-rate 0.001 --mess-rate 0.002 --algorithm greedy,0.10704513962136669,0,15,7,21,7,0,21,29,10,0,5,16,0,0,11,10,26,6,0,16,0,0,4,11,32,15,5,0,5,0,0,19,0,28,16,0,40,49,47,0,47,38,34,36
project/sim_ext.py --sim-time 1.5 --seq-graph project/file/graph_15_nodes.json --traffic project/file/traffic_15_nodes_random.json --inspection-rate 0.001 --mess-rate 0.002 --algorithm greedy,0.10815400000099999,0,17,7,21,7,0,21,29,10,0,5,16,0,0,11,10,26,6,0,16,0,0,4,11,32,15,5,0,5,0,0,19,0,28,16,0,40,49,47,0,47,38,34,36
project/sim_ext.py --sim-time 1.5 --seq-graph project/file/graph_15_nodes.json --traffic project/file/traffic_15_nodes_random.json --inspection-rate 0.001 --mess-rate 0.002 --algorithm greedy,0.10925708999096544,0,17,7,21,7,0,21,29,10,0,5,16,0,0,12,10,26,6,0,16,0,0,4,11,32,17,5,0,5,0,0,19,0,28,17,0,40,49,47,0,47,38,34,36
project/sim_ext.py --sim-time 1.5 --seq-graph project/file/graph_15_nodes.json --traffic project/file/traffic_15_nodes_random.json --inspection-rate 0.001 --mess-rate 0.002 --algorithm greedy,0.110431000001,0,17,7,21,7,0,21,30,10,0,5,16,0,0,12,12,26,6,0,19,0,0,4,11,32,17,5,0,5,0,0,19,0,30,17,0,40,49,47,0,47,38,34,36
project/sim_ext.py --sim-time 1.5 --seq-graph project/file/graph_15_nodes.json --traffic project/file/traffic_15_nodes_random.json --inspection-rate 0.001 --mess-rate 0.002 --algorithm greedy,0.11146949289677939,0,17,7,21,7,0,21,33,10,0,5,16,0,0,12,12,26,6,0,22,0,0,4,11,32,17,5,0,5,0,0,19,0,30,17,0,40,49,47,0,47,38,34,36
project/sim_ext.py --sim-time 1.5 --seq-graph project/file/graph_15_nodes.json --traffic project/file/traffic_15_nodes_random.json --inspection-rate 0.001 --mess-rate 0.002 --algorithm greedy,0.112491000001,0,17,7,21,7,0,21,34,10,0,5,16,0,0,12,14,26,6,0,22,0,0,4,11,32,17,5,0,5,0,0,19,0,30,17,0,40,49,47,0,47,38,34,36
project/sim_ext.py --sim-time 1.5 --seq-graph project/file/graph_15_nodes.json --traffic project/file/traffic_15_nodes_random.json --inspection-rate 0.001 --mess-rate 0.002 --algorithm greedy,0.113568000001,0,17,7,21,7,0,21,34,10,0,5,16,0,0,12,14,26,6,0,22,0,0,4,11,32,17,5,0,5,0,0,23,0,30,19,0,40,49,47,0,47,38,34,36
project/sim_ext.py --sim-time 1.5 --seq-graph project/file/graph_15_nodes.json --traffic project/file/traffic_15_nodes_random.json --inspection-rate 0.001 --mess-rate 0.002 --algorithm greedy,0.114755000001,0,17,7,21,7,0,21,34,10,0,5,16,0,0,14,14,26,6,0,22,0,0,4,11,32,17,5,0,5,0,0,24,0,30,19,0,40,49,47,0,47,38,34,36
project/sim_ext.py --sim-time 1.5 --seq-graph project/file/graph_15_nodes.json --traffic project/file/traffic_15_nodes_random.json --inspection-rate 0.001 --mess-rate 0.002 --algorithm greedy,0.115768000001,0,18,7,21,7,0,21,34,10,0,5,16,0,0,14,14,26,6,0,22,0,0,4,11,32,17,5,0,5,0,0,24,0,30,19,0,40,49,47,0,47,38,34,36
project/sim_ext.py --sim-time 1.5 --seq-graph project/file/graph_15_nodes.json --traffic project/file/traffic_15_nodes_random.json --inspection-rate 0.001 --mess-rate 0.002 --algorithm greedy,0.11677200000099999,0,18,7,21,7,0,21,34,10,0,5,16,0,0,14,14,26,6,0,22,0,0,4,11,32,17,5,0,5,0,0,24,0,30,19,0,40,49,47,0,47,38,34,36
project/sim_ext.py --sim-time 1.5 --seq-graph project/file/graph_15_nodes.json --traffic project/file/traffic_15_nodes_random.json --inspection-rate 0.001 --mess-rate 0.002 --algorithm greedy,0.118376000001,0,18,7,21,7,0,21,34,10,0,5,16,0,0,14,14,26,6,0,22,0,0,4,11,32,17,5,0,5,0,0,24,0,30,19,0,40,49,47,0,47,38,34,36
project/sim_ext.py --sim-time 1.5 --seq-graph project/file/graph_15_nodes.json --traffic project/file/traffic_15_nodes_random.json --inspection-rate 0.001 --mess-rate 0.002 --algorithm greedy,0.11970595534492218,0,18,7,21,7,0,21,34,10,0,5,16,0,0,14,14,26,6,0,22,0,0,4,11,32,17,5,0,5,0,0,24,0,30,19,0,40,49,47,0,47,38,34,36
project/sim_ext.py --sim-time 1.5 --seq-graph project/file/graph_15_nodes.json --traffic project/file/traffic_15_nodes_random.json --inspection-rate 0.001 --mess-rate 0.002 --algorithm greedy,0.120775000001,0,18,7,21,7,0,21,34,10,0,5,16,0,0,14,14,26,6,0,22,0,0,4,11,32,17,5,0,5,0,0,24,0,30,19,0,40,49,47,0,47,38,34,36
project/sim_ext.py --sim-time 1.5 --seq-graph project/file/graph_15_nodes.json --traffic project/file/traffic_15_nodes_random.json --inspection-rate 0.001 --mess-rate 0.002 --algorithm greedy,0.121779999994,0,18,7,21,7,0,21,34,10,0,5,16,0,0,14,14,26,6,0,22,0,0,4,11,32,17,5,0,5,0,0,24,0,30,19,0,40,49,47,0,47,38,34,36
project/sim_ext.py --sim-time 1.5 --seq-graph project/file/graph_15_nodes.json --traffic project/file/traffic_15_nodes_random.json --inspection-rate 0.001 --mess-rate 0.002 --algorithm greedy,0.122811000001,0,22,9,31,9,0,27,41,12,0,8,27,0,0,18,20,38,7,0,25,0,0,4,19,48,22,9,0,8,0,0,29,0,36,25,0,55,78,77,0,73,52,56,49
project/sim_ext.py --sim-time 1.5 --seq-graph project/file/graph_15_nodes.json --traffic project/file/traffic_15_nodes_random.json --inspection-rate 0.001 --mess-rate 0.002 --algorithm greedy,0.124261000001,0,23,10,35,10,0,27,43,12,0,8,27,0,0,18,21,39,7,0,26,0,0,4,20,48,22,10,0,9,0,0,35,0,38,27,0,58,79,80,0,80,59,59,49
project/sim_ext.py --sim-time 1.5 --seq-graph project/file/graph_15_nodes.json --traffic project/file/traffic_15_nodes_random.json --inspection-rate 0.001 --mess-rate 0.002 --algorithm greedy,0.125862000001,0,25,12,41,10,0,28,46,14,0,9,30,0,0,20,22,42,7,0,30,0,0,4,20,55,24,10,0,10,0,0,38,0,42,29,0,67,82,82,0,86,67,63,51
project/sim_ext.py --sim-time 1.5 --seq-graph project/file/graph_15_nodes.json --traffic project/file/traffic_15_nodes_random.json --inspection-rate 0.001 --mess-rate 0.002 --algorithm greedy,0.127047000001,0,25,13,42,11,0,31,46,14,0,10,30,0,0,20,22,43,8,0,30,0,0,5,21,56,24,11,0,10,0,0,38,0,42,29,0,69,86,83,0,88,71,69,56
project/sim_ext.py --sim-time 1.5 --seq-graph project/file/graph_15_nodes.json --traffic project/file/traffic_15_nodes_random.json --inspection-rate 0.001 --mess-rate 0.002 --algorithm greedy,0.128412000001,0,30,13,42,13,0,32,51,16,0,10,36,0,0,22,22,45,10,0,33,0,0,5,22,59,25,12,0,11,0,0,38,0,43,32,0,75,90,91,0,90,73,72,57
project/sim_ext.py --sim-time 1.5 --seq-graph project/file/graph_15_nodes.json --traffic project/file/traffic_15_nodes_random.json --inspection-rate 0.001 --mess-rate 0.002 --algorithm greedy,0.129655000001,0,31,14,43,13,0,32,52,16,0,10,36,0,0,23,23,45,10,0,34,0,0,6,23,64,25,12,0,11,0,0,39,0,47,32,0,78,92,93,0,90,78,73,57
project/sim_ext.py --sim-time 1.5 --seq-graph project/file/graph_15_nodes.json --traffic project/file/traffic_15_nodes_random.json --inspection-rate 0.001 --mess-rate 0.002 --algorithm greedy,0.130768000001,0,32,14,46,14,0,32,54,17,0,11,36,0,0,23,24,45,10,0,36,0,0,7,23,64,25,13,0,11,0,0,42,0,48,34,0,81,96,93,0,90,81,75,64
project/sim_ext.py --sim-time 1.5 --seq-graph project/file/graph_15_nodes.json --traffic project/file/traffic_15_nodes_random.json --inspection-rate 0.001 --mess-rate 0.002 --algorithm greedy,0.131790000001,0,33,14,46,14,0,32,55,17,0,11,36,0,0,23,26,46,10,0,38,0,0,7,23,64,25,13,0,11,0,0,43,0,48,34,0,81,96,93,0,90,81,78,64
project/sim_ext.py --sim-time 1.5 --seq-graph project/file/graph_15_nodes.json --traffic project/file/traffic_15_nodes_random.json --inspection-rate 0.001 --mess-rate 0.002 --algorithm greedy,0.132995000001,0,38,14,46,14,0,32,56,17,0,11,36,0,0,23,26,46,10,0,39,0,0,7,23,64,25,13,0,11,0,0,44,0,49,34,0,81,96,93,0,90,81,78,64
project/sim_ext.py --sim-time 1.5 --seq-graph project/file/graph_15_nodes.json --traffic project/file/traffic_15_nodes_random.json --inspection-rate 0.001 --mess-rate 0.002 --algorithm greedy,0.134505000001,0,39,14,46,14,0,32,59,17,0,11,36,0,0,24,26,46,10,0,42,0,0,7,23,64,25,13,0,11,0,0,44,0,50,34,0,82,96,93,0,90,81,78,64
project/sim_ext.py --sim-time 1.5 --seq-graph project/file/graph_15_nodes.json --traffic project/file/traffic_15_nodes_random.json --inspection-rate 0.001 --mess-rate 0.002 --algorithm greedy,0.135626000001,0,39,14,46,14,0,32,60,17,0,11,36,0,0,24,26,46,10,0,43,0,0,7,23,64,26,13,0,11,0,0,45,0,51,35,0,82,96,93,0,90,81,78,64
project/sim_ext.py --sim-time 1.5 --seq-graph project/file/graph_15_nodes.json --traffic project/file/traffic_15_nodes_random.json --inspection-rate 0.001 --mess-rate 0.002 --algorithm greedy,0.136714000001,0,40,14,46,14,0,32,60,17,0,11,36,0,0,24,27,46,10,0,45,0,0,7,23,64,28,13,0,11,0,0,46,0,52,35,0,82,96,93,0,90,81,78,64
project/sim_ext.py --sim-time 1.5 --seq-graph project/file/graph_15_nodes.json --traffic project/file/traffic_15_nodes_random.json --inspection-rate 0.001 --mess-rate 0.002 --algorithm greedy,0.137805000001,0,40,14,46,14,0,32,60,17,0,11,36,0,0,24,27,46,10,0,45,0,0,7,23,65,28,13,0,11,0,0,46,0,52,35,0,82,96,93,0,90,81,78,64
project/sim_ext.py --sim-time 1.5 --seq-graph project/file/graph_15_nodes.json --traffic project/file/traffic_15_nodes_random.json --inspection-rate 0.001 --mess-rate 0.002 --algorithm greedy,0.138915000001,0,41,14,46,14,0,33,60,17,0,11,36,0,0,25,27,46,10,0,45,0,0,7,23,65,28,13,0,11,0,0,46,0,52,35,0,82,96,93,0,90,81,78,64
project/sim_ext.py --sim-time 1.5 --seq-graph project/file/graph_15_nodes.json --traffic project/file/traffic_15_nodes_random.json --inspection-rate 0.001 --mess-rate 0.002 --algorithm greedy,0.139925000001,0,41,14,46,14,0,33,63,17,0,11,36,0,0,25,28,46,10,0,46,0,0,7,23,65,28,13,0,11,0,0,46,0,52,36,0,82,96,93,0,90,81,78,64
project/sim_ext.py --sim-time 1.5 --seq-graph project/file/graph_15_nodes.json --traffic project/file/traffic_15_nodes_random.json --inspection-rate 0.001 --mess-rate 0.002 --algorithm greedy,0.140952000001,0,41,14,46,14,0,34,64,17,0,11,36,0,0,25,29,46,10,0,46,0,0,7,23,65,29,13,0,11,0,0,47,0,52,36,0,82,96,93,0,90,81,78,64
project/sim_ext.py --sim-time 1.5 --seq-graph project/file/graph_15_nodes.json --traffic project/file/traffic_15_nodes_random.json --inspection-rate 0.001 --mess-rate 0.002 --algorithm greedy,0.141964999993,0,42,14,46,14,0,34,64,17,0,11,36,0,0,26,29,46,10,0,46,0,0,7,23,65,30,13,0,11,0,0,47,0,52,36,0,82,96,93,0,90,81,78,64
project/sim_ext.py --sim-time 1.5 --seq-graph project/file/graph_15_nodes.json --traffic project/file/traffic_15_nodes_random.json --inspection-rate 0.001 --mess-rate 0.002 --algorithm greedy,0.143004000001,0,42,14,46,14,0,34,64,17,0,11,36,0,0,27,29,46,10,0,46,0,0,7,23,65,30,13,0,11,0,0,47,0,52,36,0,82,96,93,0,90,81,78,64
project/sim_ext.py --sim-time 1.5 --seq-graph project/file/graph_15_nodes.json --traffic project/file/traffic_15_nodes_random.json --inspection-rate 0.001 --mess-rate 0.002 --algorithm greedy,0.144011000001,0,44,14,46,14,0,34,65,17,0,11,36,0,0,27,29,46,10,0,46,0,0,7,23,65,30,13,0,11,0,0,47,0,52,38,0,82,96,93,0,90,81,78,64
project/sim_ext.py --sim-time 1.5 --seq-graph project/file/graph_15_nodes.json --traffic project/file/traffic_15_nodes_random.json --inspection-rate 0.001 --mess-rate 0.002 --algorithm greedy,0.145059000001,0,44,14,46,14,0,34,66,17,0,11,36,0,0,28,30,46,10,0,46,0,0,7,23,65,30,13,0,11,0,0,47,0,52,38,0,82,96,93,0,90,81,78,64
project/sim_ext.py --sim-time 1.5 --seq-graph project/file/graph_15_nodes.json --traffic project/file/traffic_15_nodes_random.json --inspection-rate 0.001 --mess-rate 0.002 --algorithm greedy,0.146080999997,0,45,14,46,14,0,34,66,17,0,11,36,0,0,29,30,46,10,0,46,0,0,7,23,65,30,13,0,11,0,0,47,0,52,38,0,82,96,93,0,90,81,78,64
project/sim_ext.py --sim-time 1.5 --seq-graph project/file/graph_15_nodes.json --traffic project/file/traffic_15_nodes_random.json --inspection-rate 0.001 --mess-rate 0.002 --algorithm greedy,0.147091000001,0,45,14,46,14,0,34,66,17,0,11,36,0,0,30,31,46,10,0,46,0,0,7,23,65,30,13,0,11,0,0,47,0,52,38,0,82,96,93,0,90,81,78,64
project/sim_ext.py --sim-time 1.5 --seq-graph project/file/graph_15_nodes.json --traffic project/file/traffic_15_nodes_random.json --inspection-rate 0.001 --mess-rate 0.002 --algorithm greedy,0.14809700000099998,0,45,14,46,14,0,34,66,17,0,11,36,0,0,30,31,46,10,0,46,0,0,7,23,65,30,13,0,11,0,0,47,0,52,38,0,82,96,93,0,90,81,78,64
project/sim_ext.py --sim-time 1.5 --seq-graph project/file/graph_15_nodes.json --traffic project/file/traffic_15_nodes_random.json --inspection-rate 0.001 --mess-rate 0.002 --algorithm greedy,0.14911653825369078,0,45,14,46,14,0,34,66,17,0,11,36,0,0,30,31,46,10,0,46,0,0,7,23,65,30,13,0,11,0,0,47,0,52,38,0,82,96,93,0,90,81,78,64
project/sim_ext.py --sim-time 1.5 --seq-graph project/file/graph_15_nodes.json --traffic project/file/traffic_15_nodes_random.json --inspection-rate 0.001 --mess-rate 0.002 --algorithm greedy,0.150129000001,0,45,14,46,14,0,34,67,17,0,11,36,0,0,31,31,46,10,0,46,0,0,7,23,65,30,13,0,11,0,0,47,0,52,38,0,82,96,93,0,90,81,78,64
project/sim_ext.py --sim-time 1.5 --seq-graph project/file/graph_15_nodes.json --traffic project/file/traffic_15_nodes_random.json --inspection-rate 0.001 --mess-rate 0.002 --algorithm greedy,0.151158000001,0,45,14,46,14,0,34,67,17,0,11,36,0,0,31,31,46,10,0,46,0,0,7,23,65,30,13,0,11,0,0,47,0,52,38,0,82,96,93,0,90,81,78,64
project/sim_ext.py --sim-time 1.5 --seq-graph project/file/graph_15_nodes.json --traffic project/file/traffic_15_nodes_random.json --inspection-rate 0.001 --mess-rate 0.002 --algorithm greedy,0.152186000001,0,45,14,46,14,0,34,67,17,0,11,36,0,0,31,31,46,10,0,46,0,0,7,23,65,30,13,0,11,0,0,47,0,52,38,0,82,96,93,0,90,81,78,64
project/sim_ext.py --sim-time 1.5 --seq-graph project/file/graph_15_nodes.json --traffic project/file/traffic_15_nodes_random.json --inspection-rate 0.001 --mess-rate 0.002 --algorithm greedy,0.153474000001,0,52,14,46,14,0,34,67,17,0,11,36,0,0,31,31,46,10,0,46,0,0,7,23,65,30,13,0,11,0,0,47,0,52,38,0,82,96,93,0,90,81,78,64
project/sim_ext.py --sim-time 1.5 --seq-graph project/file/graph_15_nodes.json --traffic project/file/traffic_15_nodes_random.json --inspection-rate 0.001 --mess-rate 0.002 --algorithm greedy,0.154541799997,0,53,14,46,14,0,34,67,17,0,11,36,0,0,31,31,46,10,0,46,0,0,7,23,65,30,13,0,11,0,0,47,0,52,38,0,82,96,93,0,90,81,78,64
project/sim_ext.py --sim-time 1.5 --seq-graph project/file/graph_15_nodes.json --traffic project/file/traffic_15_nodes_random.json --inspection-rate 0.001 --mess-rate 0.002 --algorithm greedy,0.155565799997,0,53,14,46,14,0,34,67,17,0,11,36,0,0,31,31,46,10,0,46,0,0,7,23,65,30,13,0,11,0,0,47,0,52,38,0,82,96,93,0,90,81,78,64
project/sim_ext.py --sim-time 1.5 --seq-graph project/file/graph_15_nodes.json --traffic project/file/traffic_15_nodes_random.json --inspection-rate 0.001 --mess-rate 0.002 --algorithm greedy,0.156572000001,0,53,14,46,14,0,34,67,17,0,11,36,0,0,31,31,46,10,0,46,0,0,7,23,65,30,13,0,11,0,0,47,0,52,38,0,82,96,93,0,90,81,78,64
project/sim_ext.py --sim-time 1.5 --seq-graph project/file/graph_15_nodes.json --traffic project/file/traffic_15_nodes_random.json --inspection-rate 0.001 --mess-rate 0.002 --algorithm greedy,0.15757672981566712,0,53,14,46,14,0,34,67,17,0,11,36,0,0,31,31,46,10,0,46,0,0,7,23,65,30,13,0,11,0,0,47,0,52,38,0,82,96,93,0,90,81,78,64
project/sim_ext.py --sim-time 1.5 --seq-graph project/file/graph_15_nodes.json --traffic project/file/traffic_15_nodes_random.json --inspection-rate 0.001 --mess-rate 0.002 --algorithm greedy,0.15861782679611922,0,53,14,46,14,0,34,67,17,0,11,36,0,0,31,31,46,10,0,46,0,0,7,23,65,30,13,0,11,0,0,47,0,52,38,0,82,96,93,0,90,81,78,64
project/sim_ext.py --sim-time 1.5 --seq-graph project/file/graph_15_nodes.json --traffic project/file/traffic_15_nodes_random.json --inspection-rate 0.001 --mess-rate 0.002 --algorithm greedy,0.159622000001,0,53,14,46,14,0,34,67,17,0,11,36,0,0,31,31,46,10,0,46,0,0,7,23,65,30,13,0,11,0,0,47,0,52,38,0,82,96,93,0,90,81,78,64
project/sim_ext.py --sim-time 1.5 --seq-graph project/file/graph_15_nodes.json --traffic project/file/traffic_15_nodes_random.json --inspection-rate 0.001 --mess-rate 0.002 --algorithm greedy,0.160988000001,0,53,14,46,14,0,34,67,17,0,11,36,0,0,31,31,46,10,0,46,0,0,7,23,65,30,13,0,11,0,0,47,0,52,38,0,82,96,93,0,90,81,78,64
project/sim_ext.py --sim-time 1.5 --seq-graph project/file/graph_15_nodes.json --traffic project/file/traffic_15_nodes_random.json --inspection-rate 0.001 --mess-rate 0.002 --algorithm greedy,0.161991000001,0,53,14,46,14,0,34,67,17,0,11,36,0,0,31,31,46,10,0,46,0,0,7,23,65,30,13,0,11,0,0,47,0,52,38,0,82,96,93,0,90,81,78,64
project/sim_ext.py --sim-time 1.5 --seq-graph project/file/graph_15_nodes.json --traffic project/file/traffic_15_nodes_random.json --inspection-rate 0.001 --mess-rate 0.002 --algorithm greedy,0.163139199997,0,60,15,53,16,0,45,72,17,0,12,41,0,0,33,32,53,13,0,52,0,0,8,26,75,37,13,0,11,0,0,51,0,59,44,0,94,107,105,0,101,92,89,71
project/sim_ext.py --sim-time 1.5 --seq-graph project/file/graph_15_nodes.json --traffic project/file/traffic_15_nodes_random.json --inspection-rate 0.001 --mess-rate 0.002 --algorithm greedy,0.164153000001,0,61,16,58,16,0,48,72,17,0,14,46,0,0,33,32,56,13,0,53,0,0,10,26,82,39,13,0,11,0,0,52,0,61,45,0,110,127,117,0,116,101,103,83
project/sim_ext.py --sim-time 1.5 --seq-graph project/file/graph_15_nodes.json --traffic project/file/traffic_15_nodes_random.json --inspection-rate 0.001 --mess-rate 0.002 --algorithm greedy,0.16515519999699999,0,65,16,59,17,0,49,73,17,0,14,48,0,0,35,32,61,15,0,54,0,0,11,27,87,39,13,0,12,0,0,53,0,62,45,0,111,132,130,0,118,102,104,84
project/sim_ext.py --sim-time 1.5 --seq-graph project/file/graph_15_nodes.json --traffic project/file/traffic_15_nodes_random.json --inspection-rate 0.001 --mess-rate 0.002 --algorithm greedy,0.166202599997,0,65,17,61,17,0,50,73,17,0,14,50,0,0,38,33,61,15,0,56,0,0,11,27,89,39,14,0,12,0,0,53,0,63,47,0,116,138,137,0,119,107,109,88
project/sim_ext.py --sim-time 1.5 --seq-graph project/file/graph_15_nodes.json --traffic project/file/traffic_15_nodes_random.json --inspection-rate 0.001 --mess-rate 0.002 --algorithm greedy,0.167272000001,0,67,17,61,18,0,50,73,18,0,14,50,0,0,38,33,62,16,0,58,0,0,14,27,92,39,14,0,12,0,0,53,0,69,48,0,116,144,140,0,121,112,110,90
project/sim_ext.py --sim-time 1.5 --seq-graph project/file/graph_15_nodes.json --traffic project/file/traffic_15_nodes_random.json --inspection-rate 0.001 --mess-rate 0.002 --algorithm greedy,0.168458000001,0,67,17,63,18,0,53,78,18,0,14,50,0,0,38,33,62,16,0,60,0,0,15,28,93,41,14,0,13,0,0,54,0,71,48,0,120,148,142,0,127,114,110,91
project/sim_ext.py --sim-time 1.5 --seq-graph project/file/graph_15_nodes.json --traffic project/file/traffic_15_nodes_random.json --inspection-rate 0.001 --mess-rate 0.002 --algorithm greedy,0.169554999997,0,67,18,65,19,0,54,79,18,0,18,51,0,0,38,33,66,16,0,61,0,0,15,29,94,41,14,0,13,0,0,54,0,74,48,0,125,149,143,0,128,115,112,96
project/sim_ext.py --sim-time 1.5 --seq-graph project/file/graph_15_nodes.json --traffic project/file/traffic_15_nodes_random.json --inspection-rate 0.001 --mess-rate 0.002 --algorithm greedy,0.17059519999699999,0,67,18,66,19,0,54,81,18,0,18,51,0,0,41,35,67,16,0,62,0,0,16,34,95,41,14,0,13,0,0,54,0,75,48,0,125,149,143,0,132,120,115,96
project/sim_ext.py --sim-time 1.5 --seq-graph project/file/graph_15_nodes.json --traffic project/file/traffic_15_nodes_random.json --inspection-rate 0.001 --mess-rate 0.002 --algorithm greedy,0.171615000001,0,67,18,68,20,0,54,81,18,0,18,51,0,0,41,35,68,17,0,63,0,0,16,34,95,43,15,0,13,0,0,54,0,76,49,0,131,149,143,0,133,122,115,98
project/sim_ext.py --sim-time 1.5 --seq-graph project/file/graph_15_nodes.json --traffic project/file/traffic_15_nodes_random.json --inspection-rate 0.001 --mess-rate 0.002 --algorithm greedy,0.172650000001,0,67,18,69,20,0,54,83,18,0,18,51,0,0,41,35,68,17,0,63,0,0,16,34,96,44,15,0,13,0,0,55,0,76,49,0,131,149,143,0,133,122,115,105
project/sim_ext.py --sim-time 1.5 --seq-graph project/file/graph_15_nodes.json --traffic project/file/traffic_15_nodes_random.json --inspection-rate 0.001 --mess-rate 0.002 --algorithm greedy,0.173944000001,0,67,18,69,20,0,54,83,18,0,18,51,0,0,43,35,68,17,0,63,0,0,16,34,96,44,15,0,13,0,0,56,0,76,49,0,131,149,143,0,133,122,115,105
project/sim_ext.py --sim-time 1.5 --seq-graph project/file/graph_15_nodes.json --traffic project/file/traffic_15_nodes_random.json --inspection-rate 0.001 --mess-rate 0.002 --algorithm greedy,0.175059000001,0,69,18,69,20,0,54,84,18,0,18,51,0,0,44,36,69,17,0,69,0,0,16,34,96,44,15,0,13,0,0,56,0,78,50,0,131,149,143,0,133,122,115,105
project/sim_ext.py --sim-time 1.5 --seq-graph project/file/graph_15_nodes.json --traffic project/file/traffic_15_nodes_random.json --inspection-rate 0.001 --mess-rate 0.002 --algorithm greedy,0.176150399997,0,70,18,69,20,0,54,84,18,0,18,51,0,0,44,36,70,17,0,70,0,0,16,34,96,44,15,0,13,0,0,56,0,78,50,0,131,149,143,0,133,122,115,105
project/sim_ext.py --sim-time 1.5 --seq-graph project/file/graph_15_nodes.json --traffic project/file/traffic_15_nodes_random.json --inspection-rate 0.001 --mess-rate 0.002 --algorithm greedy,0.177184999993,0,71,18,69,20,0,54,88,18,0,18,51,0,0,44,36,70,17,0,71,0,0,16,34,96,44,15,0,13,0,0,56,0,78,50,0,131,149,143,0,133,122,115,105
project/sim_ext.py --sim-time 1.5 --seq-graph project/file/graph_15_nodes.json --traffic project/file/traffic_15_nodes_random.json --inspection-rate 0.001 --mess-rate 0.002 --algorithm greedy,0.178268799997,0,71,18,69,20,0,54,88,18,0,18,51,0,0,46,38,70,17,0,71,0,0,16,34,96,44,15,0,13,0,0,56,0,78,50,0,131,149,143,0,133,122,115,105
project/sim_ext.py --sim-time 1.5 --seq-graph project/file/graph_15_nodes.json --traffic project/file/traffic_15_nodes_random.json --inspection-rate 0.001 --mess-rate 0.002 --algorithm greedy,0.179360999997,0,71,18,69,20,0,55,88,18,0,18,51,0,0,46,41,70,17,0,71,0,0,16,34,96,44,15,0,13,0,0,56,0,78,50,0,131,149,143,0,133,122,115,105
project/sim_ext.py --sim-time 1.5 --seq-graph project/file/graph_15_nodes.json --traffic project/file/traffic_15_nodes_random.json --inspection-rate 0.001 --mess-rate 0.002 --algorithm greedy,0.180397000001,0,71,18,69,20,0,56,88,18,0,18,51,0,0,47,41,70,17,0,71,0,0,16,34,96,45,15,0,13,0,0,61,0,78,52,0,131,149,143,0,133,122,115,105
project/sim_ext.py --sim-time 1.5 --seq-graph project/file/graph_15_nodes.json --traffic project/file/traffic_15_nodes_random.json --inspection-rate 0.001 --mess-rate 0.002 --algorithm greedy,0.181549799997,0,71,18,69,20,0,56,88,18,0,18,51,0,0,47,42,70,17,0,71,0,0,16,34,96,46,15,0,13,0,0,62,0,78,52,0,131,149,143,0,133,122,115,105
project/sim_ext.py --sim-time 1.5 --seq-graph project/file/graph_15_nodes.json --traffic project/file/traffic_15_nodes_random.json --inspection-rate 0.001 --mess-rate 0.002 --algorithm greedy,0.182609999997,0,73,18,69,20,0,56,88,18,0,18,51,0,0,47,42,70,17,0,71,0,0,16,34,96,47,15,0,13,0,0,62,0,78,52,0,131,149,143,0,133,122,115,105
project/sim_ext.py --sim-time 1.5 --seq-graph project/file/graph_15_nodes.json --traffic project/file/traffic_15_nodes_random.json --inspection-rate 0.001 --mess-rate 0.002 --algorithm greedy,0.184012000001,0,74,18,69,20,0,56,88,18,0,18,51,0,0,47,42,70,17,0,71,0,0,16,34,96,47,15,0,13,0,0,62,0,78,52,0,131,149,143,0,133,122,115,105
project/sim_ext.py --sim-time 1.5 --seq-graph project/file/graph_15_nodes.json --traffic project/file/traffic_15_nodes_random.json --inspection-rate 0.001 --mess-rate 0.002 --algorithm greedy,0.185123199997,0,75,18,69,20,0,56,88,18,0,18,51,0,0,47,43,70,17,0,71,0,0,16,34,96,48,15,0,13,0,0,63,0,78,55,0,131,149,143,0,133,122,115,105
project/sim_ext.py --sim-time 1.5 --seq-graph project/file/graph_15_nodes.json --traffic project/file/traffic_15_nodes_random.json --inspection-rate 0.001 --mess-rate 0.002 --algorithm greedy,0.18615322223969202,0,75,18,69,20,0,56,88,18,0,18,51,0,0,47,43,70,17,0,71,0,0,16,34,96,48,15,0,13,0,0,64,0,78,55,0,131,149,143,0,133,122,115,105
project/sim_ext.py --sim-time 1.5 --seq-graph project/file/graph_15_nodes.json --traffic project/file/traffic_15_nodes_random.json --inspection-rate 0.001 --mess-rate 0.002 --algorithm greedy,0.187243000001,0,75,18,69,20,0,56,91,18,0,18,51,0,0,47,43,70,17,0,71,0,0,16,34,96,49,15,0,13,0,0,65,0,78,55,0,131,149,143,0,133,122,115,105
project/sim_ext.py --sim-time 1.5 --seq-graph project/file/graph_15_nodes.json --traffic project/file/traffic_15_nodes_random.json --inspection-rate 0.001 --mess-rate 0.002 --algorithm greedy,0.188447000001,0,75,18,69,20,0,56,91,18,0,18,51,0,0,47,43,70,17,0,71,0,0,16,34,96,49,15,0,13,0,0,65,0,78,55,0,131,149,143,0,133,122,115,105
project/sim_ext.py --sim-time 1.5 --seq-graph project/file/graph_15_nodes.json --traffic project/file/traffic_15_nodes_random.json --inspection-rate 0.001 --mess-rate 0.002 --algorithm greedy,0.189852000001,0,79,18,69,20,0,56,92,18,0,18,51,0,0,47,47,70,17,0,71,0,0,16,34,96,49,15,0,13,0,0,65,0,78,55,0,131,149,143,0,133,122,115,105
project/sim_ext.py --sim-time 1.5 --seq-graph project/file/graph_15_nodes.json --traffic project/file/traffic_15_nodes_random.json --inspection-rate 0.001 --mess-rate 0.002 --algorithm greedy,0.190899999997,0,80,18,69,20,0,56,92,18,0,18,51,0,0,47,47,70,17,0,71,0,0,16,34,96,49,15,0,13,0,0,65,0,78,55,0,131,149,143,0,133,122,115,105
project/sim_ext.py --sim-time 1.5 --seq-graph project/file/graph_15_nodes.json --traffic project/file/traffic_15_nodes_random.json --inspection-rate 0.001 --mess-rate 0.002 --algorithm greedy,0.191974999993,0,80,18,69,20,0,56,92,18,0,18,51,0,0,47,47,70,17,0,71,0,0,16,34,96,49,15,0,13,0,0,65,0,78,55,0,131,149,143,0,133,122,115,105
project/sim_ext.py --sim-time 1.5 --seq-graph project/file/graph_15_nodes.json --traffic project/file/traffic_15_nodes_random.json --inspection-rate 0.001 --mess-rate 0.002 --algorithm greedy,0.193102000001,0,80,18,69,20,0,56,92,18,0,18,51,0,0,47,47,70,17,0,71,0,0,16,34,96,49,15,0,13,0,0,65,0,78,55,0,131,149,143,0,133,122,115,105
project/sim_ext.py --sim-time 1.5 --seq-graph project/file/graph_15_nodes.json --traffic project/file/traffic_15_nodes_random.json --inspection-rate 0.001 --mess-rate 0.002 --algorithm greedy,0.194127999997,0,81,21,82,23,0,60,92,20,0,18,60,0,0,50,47,79,19,0,76,0,0,19,38,110,52,17,0,13,0,0,68,0,88,60,0,142,173,164,0,159,144,135,113
project/sim_ext.py --sim-time 1.5 --seq-graph project/file/graph_15_nodes.json --traffic project/file/traffic_15_nodes_random.json --inspection-rate 0.001 --mess-rate 0.002 --algorithm greedy,0.195163000001,0,81,21,86,23,0,62,102,20,0,19,63,0,0,51,47,80,19,0,76,0,0,20,39,111,52,17,0,13,0,0,69,0,90,61,0,152,175,171,0,168,145,137,115
project/sim_ext.py --sim-time 1.5 --seq-graph project/file/graph_15_nodes.json --traffic project/file/traffic_15_nodes_random.json --inspection-rate 0.001 --mess-rate 0.002 --algorithm greedy,0.196308199997,0,83,21,86,23,0,63,102,20,0,19,67,0,0,51,47,80,21,0,76,0,0,20,39,112,52,17,0,13,0,0,69,0,90,62,0,152,179,174,0,170,148,142,119
project/sim_ext.py --sim-time 1.5 --seq-graph project/file/graph_15_nodes.json --traffic project/file/traffic_15_nodes_random.json --inspection-rate 0.001 --mess-rate 0.002 --algorithm greedy,0.197492199997,0,84,21,89,24,0,63,104,23,0,21,68,0,0,51,47,84,21,0,78,0,0,20,41,114,53,19,0,14,0,0,75,0,94,66,0,159,183,176,0,174,149,149,124
project/sim_ext.py --sim-time 1.5 --seq-graph project/file/graph_15_nodes.json --traffic project/file/traffic_15_nodes_random.json --inspection-rate 0.001 --mess-rate 0.002 --algorithm greedy,0.19855000000099998,0,84,22,90,24,0,65,104,23,0,21,72,0,0,55,47,84,21,0,80,0,0,20,41,114,53,19,0,17,0,0,75,0,96,67,0,159,192,180,0,178,149,153,126
project/sim_ext.py --sim-time 1.5 --seq-graph project/file/graph_15_nodes.json --traffic project/file/traffic_15_nodes_random.json --inspection-rate 0.001 --mess-rate 0.002 --algorithm greedy,0.199704399997,0,84,22,93,24,0,65,110,23,0,22,73,0,0,55,47,84,23,0,82,0,0,20,42,114,53,19,0,17,0,0,76,0,98,68,0,164,193,183,0,181,153,155,127
project/sim_ext.py --sim-time 1.5 --seq-graph project/file/graph_15_nodes.json --traffic project/file/traffic_15_nodes_random.json --inspection-rate 0.001 --mess-rate 0.002 --algorithm greedy,0.200735000001,0,88,22,96,24,0,65,111,23,0,22,73,0,0,55,47,84,23,0,85,0,0,20,42,116,54,20,0,17,0,0,76,0,101,69,0,168,195,185,0,182,155,155,127
project/sim_ext.py --sim-time 1.5 --seq-graph project/file/graph_15_nodes.json --traffic project/file/traffic_15_nodes_random.json --inspection-rate 0.001 --mess-rate 0.002 --algorithm greedy,0.201983000001,0,89,23,96,24,0,67,112,24,0,22,73,0,0,55,47,85,23,0,87,0,0,20,42,116,54,20,0,17,0,0,76,0,105,69,0,168,198,185,0,182,155,157,128
project/sim_ext.py --sim-time 1.5 --seq-graph project/file/graph_15_nodes.json --traffic project/file/traffic_15_nodes_random.json --inspection-rate 0.001 --mess-rate 0.002 --algorithm greedy,0.203040000001,0,89,23,96,24,0,67,112,24,0,22,73,0,0,55,47,86,23,0,87,0,0,20,42,117,54,20,0,17,0,0,76,0,105,70,0,168,198,185,0,182,155,157,128
project/sim_ext.py --sim-time 1.5 --seq-graph project/file/graph_15_nodes.json --traffic project/file/traffic_15_nodes_random.json --inspection-rate 0.001 --mess-rate 0.002 --algorithm greedy,0.204073599997,0,91,23,97,24,0,67,113,24,0,22,73,0,0,55,47,86,23,0,87,0,0,21,42,117,55,20,0,17,0,0,76,0,105,71,0,168,198,185,0,182,157,157,129
project/sim_ext.py --sim-time 1.5 --seq-graph project/file/graph_15_nodes.json --traffic project/file/traffic_15_nodes_random.json --inspection-rate 0.001 --mess-rate 0.002 --algorithm greedy,0.205154000001,0,92,23,97,24,0,67,113,24,0,22,73,0,0,55,47,90,23,0,87,0,0,21,42,117,55,20,0,17,0,0,76,0,105,71,0,168,198,185,0,182,161,157,129
project/sim_ext.py --sim-time 1.5 --seq-graph project/file/graph_15_nodes.json --traffic project/file/traffic_15_nodes_random.json --inspection-rate 0.001 --mess-rate 0.002 --algorithm greedy,0.206454000001,0,94,23,97,24,0,67,115,24,0,22,73,0,0,59,49,91,23,0,91,0,0,21,42,117,57,22,0,17,0,0,82,0,108,75,0,169,198,185,0,182,161,157,129
project/sim_ext.py --sim-time 1.5 --seq-graph project/file/graph_15_nodes.json --traffic project/file/traffic_15_nodes_random.json --inspection-rate 0.001 --mess-rate 0.002 --algorithm greedy,0.20748800000099998,0,94,23,97,24,0,67,115,24,0,22,73,0,0,59,50,91,23,0,91,0,0,21,42,117,59,22,0,17,0,0,83,0,108,75,0,169,198,185,0,182,161,157,129
project/sim_ext.py --sim-time 1.5 --seq-graph project/file/graph_15_nodes.json --traffic project/file/traffic_15_nodes_random.json --inspection-rate 0.001 --mess-rate 0.002 --algorithm greedy,0.208495999997,0,94,23,97,24,0,67,116,24,0,22,73,0,0,59,51,91,23,0,91,0,0,21,42,117,60,22,0,17,0,0,84,0,108,75,0,169,198,185,0,182,161,157,129
project/sim_ext.py --sim-time 1.5 --seq-graph project/file/graph_15_nodes.json --traffic project/file/traffic_15_nodes_random.json --inspection-rate 0.001 --mess-rate 0.002 --algorithm greedy,0.20956800000099998,0,97,23,97,24,0,67,117,24,0,22,73,0,0,59,52,91,23,0,91,0,0,21,42,117,60,22,0,17,0,0,85,0,108,75,0,169,198,185,0,182,161,157,129
project/sim_ext.py --sim-time 1.5 --seq-graph project/file/graph_15_nodes.json --traffic project/file/traffic_15_nodes_random.json --inspection-rate 0.001 --mess-rate 0.002 --algorithm greedy,0.210638000001,0,97,23,97,24,0,67,121,24,0,22,73,0,0,59,52,91,23,0,93,0,0,21,42,117,60,22,0,17,0,0,85,0,109,76,0,169,198,185,0,182,161,157,129
project/sim_ext.py --sim-time 1.5 --seq-graph project/file/graph_15_nodes.json --traffic project/file/traffic_15_nodes_random.json --inspection-rate 0.001 --mess-rate 0.002 --algorithm greedy,0.211655000001,0,98,23,97,24,0,68,121,24,0,22,73,0,0,59,52,91,23,0,93,0,0,21,42,117,60,22,0,17,0,0,85,0,109,76,0,169,198,185,0,182,161,157,129
project/sim_ext.py --sim-time 1.5 --seq-graph project/file/graph_15_nodes.json --traffic project/file/traffic_15_nodes_random.json --inspection-rate 0.001 --mess-rate 0.002 --algorithm greedy,0.212668000001,0,99,23,97,24,0,68,121,24,0,22,73,0,0,63,52,91,23,0,93,0,0,21,42,117,60,22,0,17,0,0,85,0,109,76,0,169,198,185,0,182,161,157,129
project/sim_ext.py --sim-time 1.5 --seq-graph project/file/graph_15_nodes.json --traffic project/file/traffic_15_nodes_random.json --inspection-rate 0.001 --mess-rate 0.002 --algorithm greedy,0.21376000000099998,0,101,23,97,24,0,68,121,24,0,22,73,0,0,63,52,91,23,0,93,0,0,21,42,117,62,22,0,17,0,0,85,0,109,77,0,169,198,185,0,182,161,157,129
project/sim_ext.py --sim-time 1.5 --seq-graph project/file/graph_15_nodes.json --traffic project/file/traffic_15_nodes_random.json --inspection-rate 0.001 --mess-rate 0.002 --algorithm greedy,0.214809000001,0,103,23,97,24,0,68,121,24,0,22,73,0,0,63,52,91,23,0,93,0,0,21,42,117,62,22,0,17,0,0,85,0,109,77,0,169,198,185,0,182,161,157,129
project/sim_ext.py --sim-time 1.5 --seq-graph project/file/graph_15_nodes.json --traffic project/file/traffic_15_nodes_random.json --inspection-rate 0.001 --mess-rate 0.002 --algorithm greedy,0.215850000001,0,103,23,97,24,0,68,121,24,0,22,73,0,0,63,52,91,23,0,93,0,0,21,42,117,63,22,0,17,0,0,85,0,109,78,0,169,198,185,0,182,161,157,129
project/sim_ext.py --sim-time 1.5 --seq-graph project/file/graph_15_nodes.json --traffic project/file/traffic_15_nodes_random.json --inspection-rate 0.001 --mess-rate 0.002 --algorithm greedy,0.216955000001,0,103,23,97,24,0,71,121,24,0,22,73,0,0,63,52,91,23,0,93,0,0,21,42,117,63,22,0,17,0,0,85,0,109,78,0,169,198,185,0,182,161,157,129
project/sim_ext.py --sim-time 1.5 --seq-graph project/file/graph_15_nodes.json --traffic project/file/traffic_15_nodes_random.json --inspection-rate 0.001 --mess-rate 0.002 --algorithm greedy,0.218045000001,0,103,23,97,24,0,71,123,24,0,22,73,0,0,63,55,91,23,0,93,0,0,21,42,117,63,22,0,17,0,0,86,0,109,78,0,169,198,185,0,182,161,157,129
project/sim_ext.py --sim-time 1.5 --seq-graph project/file/graph_15_nodes.json --traffic project/file/traffic_15_nodes_random.json --inspection-rate 0.001 --mess-rate 0.002 --algorithm greedy,0.21906300000099999,0,103,23,97,24,0,71,123,24,0,22,73,0,0,63,55,91,23,0,93,0,0,21,42,117,63,22,0,17,0,0,86,0,109,78,0,169,198,185,0,182,161,157,129
project/sim_ext.py --sim-time 1.5 --seq-graph project/file/graph_15_nodes.json --traffic project/file/traffic_15_nodes_random.json --inspection-rate 0.001 --mess-rate 0.002 --algorithm greedy,0.22008700000099998,0,105,23,97,24,0,72,123,24,0,22,73,0,0,63,55,91,23,0,93,0,0,21,42,117,63,22,0,17,0,0,86,0,109,78,0,169,198,185,0,182,161,157,129
project/sim_ext.py --sim-time 1.5 --seq-graph project/file/graph_15_nodes.json --traffic project/file/traffic_15_nodes_random.json --inspection-rate 0.001 --mess-rate 0.002 --algorithm greedy,0.221101000001,0,106,23,97,24,0,72,125,24,0,22,73,0,0,65,55,91,23,0,93,0,0,21,42,117,63,22,0,17,0,0,86,0,109,78,0,169,198,185,0,182,161,157,129
project/sim_ext.py --sim-time 1.5 --seq-graph project/file/graph_15_nodes.json --traffic project/file/traffic_15_nodes_random.json --inspection-rate 0.001 --mess-rate 0.002 --algorithm greedy,0.222218000001,0,106,23,97,24,0,72,126,24,0,22,73,0,0,65,56,91,23,0,93,0,0,21,42,117,63,22,0,17,0,0,86,0,109,78,0,169,198,185,0,182,161,157,129
project/sim_ext.py --sim-time 1.5 --seq-graph project/file/graph_15_nodes.json --traffic project/file/traffic_15_nodes_random.json --inspection-rate 0.001 --mess-rate 0.002 --algorithm greedy,0.2232292471540179,0,106,23,97,24,0,72,128,24,0,22,73,0,0,65,57,91,23,0,93,0,0,21,42,117,63,22,0,17,0,0,86,0,109,78,0,169,198,185,0,182,161,157,129
project/sim_ext.py --sim-time 1.5 --seq-graph project/file/graph_15_nodes.json --traffic project/file/traffic_15_nodes_random.json --inspection-rate 0.001 --mess-rate 0.002 --algorithm greedy,0.224239999997,0,107,23,97,24,0,72,129,24,0,22,73,0,0,65,58,91,23,0,93,0,0,21,43,117,63,22,0,17,0,0,86,0,109,78,0,169,198,185,0,182,161,157,129
project/sim_ext.py --sim-time 1.5 --seq-graph project/file/graph_15_nodes.json --traffic project/file/traffic_15_nodes_random.json --inspection-rate 0.001 --mess-rate 0.002 --algorithm greedy,0.225241000001,0,109,24,107,26,0,74,129,24,0,22,85,0,0,69,58,102,26,0,101,0,0,25,46,136,67,23,0,20,0,0,93,0,124,86,0,183,225,206,0,204,176,177,142
project/sim_ext.py --sim-time 1.5 --seq-graph project/file/graph_15_nodes.json --traffic project/file/traffic_15_nodes_random.json --inspection-rate 0.001 --mess-rate 0.002 --algorithm greedy,0.226378000001,0,109,25,107,26,0,75,131,24,0,22,86,0,0,70,58,102,27,0,101,0,0,25,46,141,68,23,0,21,0,0,95,0,125,87,0,183,227,209,0,205,179,182,144
project/sim_ext.py --sim-time 1.5 --seq-graph project/file/graph_15_nodes.json --traffic project/file/traffic_15_nodes_random.json --inspection-rate 0.001 --mess-rate 0.002 --algorithm greedy,0.227656000001,0,111,28,107,27,0,78,139,27,0,23,89,0,0,70,58,103,27,0,107,0,0,26,50,143,71,24,0,21,0,0,97,0,128,88,0,189,232,213,0,210,183,184,145
project/sim_ext.py --sim-time 1.5 --seq-graph project/file/graph_15_nodes.json --traffic project/file/traffic_15_nodes_random.json --inspection-rate 0.001 --mess-rate 0.002 --algorithm greedy,0.228678000001,0,113,28,114,28,0,79,140,27,0,24,89,0,0,70,58,104,28,0,107,0,0,28,51,147,71,25,0,22,0,0,97,0,131,88,0,194,238,230,0,213,183,188,145
project/sim_ext.py --sim-time 1.5 --seq-graph project/file/graph_15_nodes.json --traffic project/file/traffic_15_nodes_random.json --inspection-rate 0.001 --mess-rate 0.002 --algorithm greedy,0.22970107720220648,0,115,29,116,28,0,79,141,28,0,25,90,0,0,70,58,105,28,0,108,0,0,28,51,147,71,26,0,22,0,0,98,0,133,89,0,195,244,233,0,216,188,190,148
project/sim_ext.py --sim-time 1.5 --seq-graph project/file/graph_15_nodes.json --traffic project/file/traffic_15_nodes_random.json --inspection-rate 0.001 --mess-rate 0.002 --algorithm greedy,0.230825599997,0,115,29,116,28,0,79,143,29,0,25,90,0,0,72,59,105,29,0,113,0,0,28,53,148,71,27,0,22,0,0,101,0,134,89,0,199,245,233,0,216,190,192,154
project/sim_ext.py --sim-time 1.5 --seq-graph project/file/graph_15_nodes.json --traffic project/file/traffic_15_nodes_random.json --inspection-rate 0.001 --mess-rate 0.002 --algorithm greedy,0.231836000001,0,115,29,116,28,0,79,145,29,0,25,90,0,0,72,60,106,29,0,113,0,0,28,53,148,71,27,0,22,0,0,101,0,134,89,0,200,245,233,0,216,190,194,155
project/sim_ext.py --sim-time 1.5 --seq-graph project/file/graph_15_nodes.json --traffic project/file/traffic_15_nodes_random.json --inspection-rate 0.001 --mess-rate 0.002 --algorithm greedy,0.232960000001,0,115,29,117,29,0,79,145,30,0,25,90,0,0,74,60,106,29,0,113,0,0,29,53,149,72,28,0,22,0,0,101,0,136,90,0,202,245,233,0,224,195,196,157
project/sim_ext.py --sim-time 1.5 --seq-graph project/file/graph_15_nodes.json --traffic project/file/traffic_15_nodes_random.json --inspection-rate 0.001 --mess-rate 0.002 --algorithm greedy,0.234007000001,0,115,29,118,30,0,82,147,30,0,26,90,0,0,74,60,109,29,0,113,0,0,29,53,149,73,28,0,22,0,0,101,0,136,91,0,202,245,233,0,224,197,199,157
project/sim_ext.py --sim-time 1.5 --seq-graph project/file/graph_15_nodes.json --traffic project/file/traffic_15_nodes_random.json --inspection-rate 0.001 --mess-rate 0.002 --algorithm greedy,0.235036000001,0,115,29,118,31,0,82,147,31,0,27,90,0,0,74,60,110,29,0,113,0,0,29,53,150,74,28,0,22,0,0,101,0,136,92,0,202,245,233,0,224,198,199,157
project/sim_ext.py --sim-time 1.5 --seq-graph project/file/graph_15_nodes.json --traffic project/file/traffic_15_nodes_random.json --inspection-rate 0.001 --mess-rate 0.002 --algorithm greedy,0.236037000001,0,115,29,118,31,0,82,148,31,0,27,90,0,0,75,62,112,29,0,119,0,0,29,53,150,74,28,0,22,0,0,102,0,139,92,0,202,245,233,0,225,198,200,157
project/sim_ext.py --sim-time 1.5 --seq-graph project/file/graph_15_nodes.json --traffic project/file/traffic_15_nodes_random.json --inspection-rate 0.001 --mess-rate 0.002 --algorithm greedy,0.237038000001,0,115,29,118,31,0,82,148,31,0,27,90,0,0,75,62,112,29,0,119,0,0,29,53,150,74,28,0,22,0,0,102,0,139,92,0,202,245,233,0,225,198,200,157
project/sim_ext.py --sim-time 1.5 --seq-graph project/file/graph_15_nodes.json --traffic project/file/traffic_15_nodes_random.json --inspection-rate 0.001 --mess-rate 0.002 --algorithm greedy,0.23814370050984524,0,115,29,118,31,0,82,148,31,0,27,90,0,0,76,63,112,29,0,119,0,0,29,53,150,77,28,0,22,0,0,102,0,139,93,0,202,245,233,0,225,198,200,157
project/sim_ext.py --sim-time 1.5 --seq-graph project/file/graph_15_nodes.json --traffic project/file/traffic_15_nodes_random.json --inspection-rate 0.001 --mess-rate 0.002 --algorithm greedy,0.239220000001,0,115,29,118,31,0,85,151,31,0,27,90,0,0,76,63,112,29,0,119,0,0,29,53,150,77,28,0,22,0,0,102,0,139,93,0,202,245,233,0,225,198,200,157
project/sim_ext.py --sim-time 1.5 --seq-graph project/file/graph_15_nodes.json --traffic project/file/traffic_15_nodes_random.json --inspection-rate 0.001 --mess-rate 0.002 --algorithm greedy,0.240596199997,0,119,29,118,31,0,86,152,31,0,27,90,0,0,77,64,112,29,0,119,0,0,29,53,150,77,28,0,22,0,0,103,0,139,93,0,202,245,233,0,225,198,200,157
project/sim_ext.py --sim-time 1.5 --seq-graph project/file/graph_15_nodes.json --traffic project/file/traffic_15_nodes_random.json --inspection-rate 0.001 --mess-rate 0.002 --algorithm greedy,0.24176100000099998,0,119,29,118,31,0,87,152,31,0,27,90,0,0,78,66,113,29,0,119,0,0,29,53,150,78,28,0,22,0,0,104,0,139,94,0,202,245,233,0,225,198,200,157
project/sim_ext.py --sim-time 1.5 --seq-graph project/file/graph_15_nodes.json --traffic project/file/traffic_15_nodes_random.json --inspection-rate 0.001 --mess-rate 0.002 --algorithm greedy,0.242800000001,0,119,29,118,31,0,87,152,31,0,27,90,0,0,78,67,113,29,0,119,0,0,29,53,150,78,28,0,22,0,0,105,0,139,94,0,202,245,233,0,225,198,200,157
project/sim_ext.py --sim-time 1.5 --seq-graph project/file/graph_15_nodes.json --traffic project/file/traffic_15_nodes_random.json --inspection-rate 0.001 --mess-rate 0.002 --algorithm greedy,0.243849000001,0,119,29,118,31,0,87,155,31,0,27,90,0,0,79,67,113,29,0,119,0,0,29,53,150,78,28,0,22,0,0,106,0,139,94,0,202,245,233,0,225,198,200,157
project/sim_ext.py --sim-time 1.5 --seq-graph project/file/graph_15_nodes.json --traffic project/file/traffic_15_nodes_random.json --inspection-rate 0.001 --mess-rate 0.002 --algorithm greedy,0.244855000001,0,121,29,118,31,0,87,155,31,0,27,90,0,0,80,67,113,29,0,119,0,0,29,53,150,78,28,0,22,0,0,106,0,139,94,0,202,245,233,0,225,198,200,157
project/sim_ext.py --sim-time 1.5 --seq-graph project/file/graph_15_nodes.json --traffic project/file/traffic_15_nodes_random.json --inspection-rate 0.001 --mess-rate 0.002 --algorithm greedy,0.245995000001,0,122,29,118,31,0,87,155,31,0,27,90,0,0,82,67,113,29,0,119,0,0,29,53,150,78,28,0,22,0,0,106,0,139,94,0,202,245,233,0,225,198,200,157
project/sim_ext.py --sim-time 1.5 --seq-graph project/file/graph_15_nodes.json --traffic project/file/traffic_15_nodes_random.json --inspection-rate 0.001 --mess-rate 0.002 --algorithm greedy,0.247017000001,0,122,29,118,31,0,87,155,31,0,27,90,0,0,82,67,113,29,0,119,0,0,29,53,150,79,28,0,22,0,0,107,0,139,96,0,202,245,233,10,225,198,200,157
project/sim_ext.py --sim-time 1.5 --seq-graph project/file/graph_15_nodes.json --traffic project/file/traffic_15_nodes_random.json --inspection-rate 0.001 --mess-rate 0.002 --algorithm greedy,0.248128000001,0,122,30,118,31,0,87,156,31,0,27,90,0,0,82,67,113,29,0,119,0,0,29,53,150,79,28,0,22,0,0,107,0,139,96,0,202,245,233,10,225,198,200,157
project/sim_ext.py --sim-time 1.5 --seq-graph project/file/graph_15_nodes.json --traffic project/file/traffic_15_nodes_random.json --inspection-rate 0.001 --mess-rate 0.002 --algorithm greedy,0.249129000001,0,122,30,118,31,0,87,158,31,0,27,90,0,0,82,67,113,29,0,119,0,0,29,53,150,79,28,0,22,0,0,107,0,139,96,0,202,245,233,15,225,198,200,157
project/sim_ext.py --sim-time 1.5 --seq-graph project/file/graph_15_nodes.json --traffic project/file/traffic_15_nodes_random.json --inspection-rate 0.001 --mess-rate 0.002 --algorithm greedy,0.250130000001,0,122,30,118,31,0,87,158,31,0,27,90,0,0,82,67,113,29,0,119,0,0,29,53,150,79,28,0,22,0,0,107,0,139,96,0,202,245,233,16,225,198,200,157
project/sim_ext.py --sim-time 1.5 --seq-graph project/file/graph_15_nodes.json --traffic project/file/traffic_15_nodes_random.json --inspection-rate 0.001 --mess-rate 0.002 --algorithm greedy,0.251531000001,0,122,30,118,31,0,87,158,31,0,27,90,0,0,82,69,113,29,0,119,0,0,29,53,150,79,28,0,22,0,0,107,0,139,96,0,202,245,233,16,225,198,200,157
project/sim_ext.py --sim-time 1.5 --seq-graph project/file/graph_15_nodes.json --traffic project/file/traffic_15_nodes_random.json --inspection-rate 0.001 --mess-rate 0.002 --algorithm greedy,0.252608999997,0,124,30,118,31,0,87,158,31,0,27,90,0,0,82,69,113,29,0,119,0,0,29,53,150,79,28,0,22,0,0,107,0,139,96,0,202,245,233,16,225,198,200,157
project/sim_ext.py --sim-time 1.5 --seq-graph project/file/graph_15_nodes.json --traffic project/file/traffic_15_nodes_random.json --inspection-rate 0.001 --mess-rate 0.002 --algorithm greedy,0.25365400000099997,0,124,30,118,31,0,87,158,31,0,27,90,0,0,82,69,113,29,0,119,0,0,29,53,150,79,28,0,22,0,0,107,0,139,96,0,202,245,233,17,225,198,200,157
project/sim_ext.py --sim-time 1.5 --seq-graph project/file/graph_15_nodes.json --traffic project/file/traffic_15_nodes_random.json --inspection-rate 0.001 --mess-rate 0.002 --algorithm greedy,0.2548083921702478,0,125,30,118,31,0,87,160,31,0,27,90,0,0,82,69,113,29,0,119,0,0,29,53,150,79,28,0,22,0,0,107,0,139,96,0,202,245,233,17,225,198,200,157
project/sim_ext.py --sim-time 1.5 --seq-graph project/file/graph_15_nodes.json --traffic project/file/traffic_15_nodes_random.json --inspection-rate 0.001 --mess-rate 0.002 --algorithm greedy,0.255872000001,0,125,30,118,31,0,87,160,31,0,27,90,0,0,82,69,113,29,0,119,0,0,29,53,150,79,28,0,22,0,0,107,0,139,96,0,202,245,233,17,225,198,200,157
project/sim_ext.py --sim-time 1.5 --seq-graph project/file/graph_15_nodes.json --traffic project/file/traffic_15_nodes_random.json --inspection-rate 0.001 --mess-rate 0.002 --algorithm greedy,0.256918000001,0,125,30,118,31,0,87,160,31,0,27,90,0,0,82,69,113,29,0,119,0,0,29,53,150,79,28,0,22,0,0,107,0,139,96,0,202,245,233,17,225,198,200,157
project/sim_ext.py --sim-time 1.5 --seq-graph project/file/graph_15_nodes.json --traffic project/file/traffic_15_nodes_random.json --inspection-rate 0.001 --mess-rate 0.002 --algorithm greedy,0.257921000001,0,126,30,118,31,0,87,160,31,0,27,90,0,0,82,69,113,29,0,119,0,0,29,53,150,79,28,0,22,0,0,107,0,139,96,0,202,245,233,17,225,198,200,157
project/sim_ext.py --sim-time 1.5 --seq-graph project/file/graph_15_nodes.json --traffic project/file/traffic_15_nodes_random.json --inspection-rate 0.001 --mess-rate 0.002 --algorithm greedy,0.258925000001,0,126,30,118,31,0,87,160,31,0,27,90,0,0,82,69,113,29,0,119,0,0,29,53,150,79,28,0,22,0,0,107,0,139,96,0,202,245,233,17,225,198,200,157
project/sim_ext.py --sim-time 1.5 --seq-graph project/file/graph_15_nodes.json --traffic project/file/traffic_15_nodes_random.json --inspection-rate 0.001 --mess-rate 0.002 --algorithm greedy,0.259934000001,0,126,30,118,31,0,87,160,31,0,27,90,0,0,82,69,113,29,0,119,0,0,29,53,150,79,28,0,22,0,0,107,0,139,96,0,202,245,233,17,225,198,200,157
project/sim_ext.py --sim-time 1.5 --seq-graph project/file/graph_15_nodes.json --traffic project/file/traffic_15_nodes_random.json --inspection-rate 0.001 --mess-rate 0.002 --algorithm greedy,0.260943000001,0,129,30,118,31,0,87,160,31,0,27,90,0,0,82,69,113,29,0,119,0,0,29,53,150,79,28,0,22,0,0,107,0,139,96,0,202,245,233,18,225,198,200,157
project/sim_ext.py --sim-time 1.5 --seq-graph project/file/graph_15_nodes.json --traffic project/file/traffic_15_nodes_random.json --inspection-rate 0.001 --mess-rate 0.002 --algorithm greedy,0.262134000001,0,129,30,118,31,0,87,161,31,0,27,90,0,0,82,72,113,29,0,119,0,0,29,53,150,79,28,0,22,0,0,107,0,139,96,0,202,245,233,18,225,198,200,157
project/sim_ext.py --sim-time 1.5 --seq-graph project/file/graph_15_nodes.json --traffic project/file/traffic_15_nodes_random.json --inspection-rate 0.001 --mess-rate 0.002 --algorithm greedy,0.26314800000099997,0,129,30,118,31,0,87,161,31,0,27,90,0,0,82,73,113,29,0,119,0,0,29,53,150,79,28,0,22,0,0,107,0,139,96,0,202,245,233,18,225,198,200,157
project/sim_ext.py --sim-time 1.5 --seq-graph project/file/graph_15_nodes.json --traffic project/file/traffic_15_nodes_random.json --inspection-rate 0.001 --mess-rate 0.002 --algorithm greedy,0.26419725740842914,0,129,30,118,31,0,87,161,31,0,27,90,0,0,82,74,113,29,0,119,0,0,29,53,150,79,28,0,22,0,0,107,0,139,96,0,202,245,233,18,225,198,200,157
project/sim_ext.py --sim-time 1.5 --seq-graph project/file/graph_15_nodes.json --traffic project/file/traffic_15_nodes_random.json --inspection-rate 0.001 --mess-rate 0.002 --algorithm greedy,0.265231999997,0,130,31,118,31,0,89,161,32,0,27,90,0,0,83,74,115,29,0,119,0,0,30,53,152,79,28,0,22,0,0,107,0,141,98,0,202,247,235,18,227,200,202,158
project/sim_ext.py --sim-time 1.5 --seq-graph project/file/graph_15_nodes.json --traffic project/file/traffic_15_nodes_random.json --inspection-rate 0.001 --mess-rate 0.002 --algorithm greedy,0.266234000001,0,135,38,132,35,0,99,171,32,0,27,102,0,0,88,75,128,30,0,122,0,0,31,60,165,85,31,0,22,0,0,116,0,149,102,0,216,275,261,18,250,219,218,169
project/sim_ext.py --sim-time 1.5 --seq-graph project/file/graph_15_nodes.json --traffic project/file/traffic_15_nodes_random.json --inspection-rate 0.001 --mess-rate 0.002 --algorithm greedy,0.267442000001,0,136,38,135,36,0,100,172,33,0,27,105,0,0,88,76,131,30,0,122,0,0,32,60,172,87,32,0,22,0,0,117,0,150,102,0,219,278,271,18,251,220,221,173
project/sim_ext.py --sim-time 1.5 --seq-graph project/file/graph_15_nodes.json --traffic project/file/traffic_15_nodes_random.json --inspection-rate 0.001 --mess-rate 0.002 --algorithm greedy,0.268589799997,0,138,38,136,36,0,100,172,33,0,28,107,0,0,88,76,133,30,0,127,0,0,34,61,172,87,33,0,23,0,0,117,0,153,102,0,224,286,275,18,253,224,224,175
project/sim_ext.py --sim-time 1.5 --seq-graph project/file/graph_15_nodes.json --traffic project/file/traffic_15_nodes_random.json --inspection-rate 0.001 --mess-rate 0.002 --algorithm greedy,0.269856000001,0,138,41,136,36,0,102,177,34,0,28,107,0,0,90,76,133,30,0,127,0,0,34,61,174,88,33,0,23,0,0,118,0,158,103,0,231,290,276,18,256,224,228,175
project/sim_ext.py --sim-time 1.5 --seq-graph project/file/graph_15_nodes.json --traffic project/file/traffic_15_nodes_random.json --inspection-rate 0.001 --mess-rate 0.002 --algorithm greedy,0.27097279999699997,0,138,41,136,36,0,102,179,34,0,29,112,0,0,90,76,137,30,0,129,0,0,35,61,177,88,34,0,24,0,0,118,0,161,103,0,231,291,278,18,257,226,232,179
project/sim_ext.py --sim-time 1.5 --seq-graph project/file/graph_15_nodes.json --traffic project/file/traffic_15_nodes_random.json --inspection-rate 0.001 --mess-rate 0.002 --algorithm greedy,0.272012000001,0,140,41,137,36,0,102,179,35,0,30,112,0,0,90,76,138,31,0,131,0,0,36,61,178,89,34,0,24,0,0,122,0,162,103,0,237,291,278,18,259,231,233,185
project/sim_ext.py --sim-time 1.5 --seq-graph project/file/graph_15_nodes.json --traffic project/file/traffic_15_nodes_random.json --inspection-rate 0.001 --mess-rate 0.002 --algorithm greedy,0.273537000001,0,142,41,139,37,0,103,179,35,0,30,112,0,0,90,76,138,32,0,132,0,0,36,61,178,89,35,0,24,0,0,123,0,162,103,0,238,291,278,18,259,232,235,185
project/sim_ext.py --sim-time 1.5 --seq-graph project/file/graph_15_nodes.json --traffic project/file/traffic_15_nodes_random.json --inspection-rate 0.001 --mess-rate 0.002 --algorithm greedy,0.274591000001,0,142,41,139,37,0,103,179,35,0,30,112,0,0,90,76,138,32,0,132,0,0,36,61,178,89,37,0,24,0,0,123,0,162,103,0,239,291,278,18,259,232,235,188
project/sim_ext.py --sim-time 1.5 --seq-graph project/file/graph_15_nodes.json --traffic project/file/traffic_15_nodes_random.json --inspection-rate 0.001 --mess-rate 0.002 --algorithm greedy,0.276328000001,0,142,42,144,37,0,105,179,35,0,30,112,0,0,91,76,138,32,0,139,0,0,36,61,180,90,39,0,24,0,0,125,0,162,103,0,241,291,278,18,262,240,238,189
project/sim_ext.py --sim-time 1.5 --seq-graph project/file/graph_15_nodes.json --traffic project/file/traffic_15_nodes_random.json --inspection-rate 0.001 --mess-rate 0.002 --algorithm greedy,0.277526000001,0,142,42,145,38,0,105,182,35,0,30,112,0,0,91,77,138,32,0,141,0,0,36,61,181,90,39,0,24,0,0,125,0,169,105,0,241,291,278,18,262,241,240,189
project/sim_ext.py --sim-time 1.5 --seq-graph project/file/graph_15_nodes.json --traffic project/file/traffic_15_nodes_random.json --inspection-rate 0.001 --mess-rate 0.002 --algorithm greedy,0.27865443836948484,0,142,42,145,38,0,105,182,35,0,30,112,0,0,91,77,138,32,0,142,0,0,36,61,181,90,39,0,24,0,0,125,0,170,105,0,241,291,278,18,262,241,240,189
project/sim_ext.py --sim-time 1.5 --seq-graph project/file/graph_15_nodes.json --traffic project/file/traffic_15_nodes_random.json --inspection-rate 0.001 --mess-rate 0.002 --algorithm greedy,0.279776999997,0,146,42,145,38,0,107,185,35,0,30,112,0,0,91,78,138,32,0,143,0,0,36,61,181,90,39,0,24,0,0,126,0,170,105,0,241,291,278,18,262,241,240,189
project/sim_ext.py --sim-time 1.5 --seq-graph project/file/graph_15_nodes.json --traffic project/file/traffic_15_nodes_random.json --inspection-rate 0.001 --mess-rate 0.002 --algorithm greedy,0.280845000001,0,146,42,145,38,0,107,185,35,0,30,112,0,0,91,78,138,32,0,143,0,0,36,61,181,94,39,0,24,0,0,130,0,170,106,0,241,291,278,18,262,241,240,189
project/sim_ext.py --sim-time 1.5 --seq-graph project/file/graph_15_nodes.json --traffic project/file/traffic_15_nodes_random.json --inspection-rate 0.001 --mess-rate 0.002 --algorithm greedy,0.281929000001,0,147,42,145,38,0,109,186,35,0,30,112,0,0,93,79,138,32,0,143,0,0,36,61,181,94,39,0,24,0,0,131,0,170,109,0,241,291,278,18,262,241,240,189
project/sim_ext.py --sim-time 1.5 --seq-graph project/file/graph_15_nodes.json --traffic project/file/traffic_15_nodes_random.json --inspection-rate 0.001 --mess-rate 0.002 --algorithm greedy,0.283037000001,0,148,42,145,38,0,110,187,35,0,30,112,0,0,93,79,138,32,0,143,0,0,36,61,181,95,39,0,24,0,0,131,0,170,109,0,241,291,278,18,262,241,240,189
project/sim_ext.py --sim-time 1.5 --seq-graph project/file/graph_15_nodes.json --traffic project/file/traffic_15_nodes_random.json --inspection-rate 0.001 --mess-rate 0.002 --algorithm greedy,0.284138000001,0,149,42,145,38,0,110,187,35,0,30,112,0,0,93,79,138,32,0,143,0,0,36,61,181,95,39,0,24,0,0,131,0,170,109,0,241,291,278,18,262,241,240,189
project/sim_ext.py --sim-time 1.5 --seq-graph project/file/graph_15_nodes.json --traffic project/file/traffic_15_nodes_random.json --inspection-rate 0.001 --mess-rate 0.002 --algorithm greedy,0.285251000001,0,151,42,145,38,0,110,189,35,0,30,112,0,0,94,81,138,32,0,143,0,0,36,61,181,95,39,0,24,0,0,131,0,170,110,0,241,291,278,18,262,241,240,189
project/sim_ext.py --sim-time 1.5 --seq-graph project/file/graph_15_nodes.json --traffic project/file/traffic_15_nodes_random.json --inspection-rate 0.001 --mess-rate 0.002 --algorithm greedy,0.286268000001,0,151,45,145,38,0,110,191,35,0,30,112,0,0,94,81,138,32,0,143,0,0,36,61,181,95,39,0,24,0,0,131,0,170,111,0,241,291,278,29,262,241,240,189
project/sim_ext.py --sim-time 1.5 --seq-graph project/file/graph_15_nodes.json --traffic project/file/traffic_15_nodes_random.json --inspection-rate 0.001 --mess-rate 0.002 --algorithm greedy,0.2873479018633678,0,155,45,145,38,0,110,192,35,0,30,112,0,0,94,82,138,32,0,143,0,0,36,61,181,95,39,0,24,0,0,131,0,170,111,0,241,291,278,29,262,241,240,189
project/sim_ext.py --sim-time 1.5 --seq-graph project/file/graph_15_nodes.json --traffic project/file/traffic_15_nodes_random.json --inspection-rate 0.001 --mess-rate 0.002 --algorithm greedy,0.288363599997,0,155,45,145,38,0,110,192,35,0,30,112,0,0,94,82,138,32,0,143,0,0,36,61,181,95,39,0,24,0,0,132,0,170,111,0,241,291,278,29,262,241,240,189
project/sim_ext.py --sim-time 1.5 --seq-graph project/file/graph_15_nodes.json --traffic project/file/traffic_15_nodes_random.json --inspection-rate 0.001 --mess-rate 0.002 --algorithm greedy,0.289391000001,0,155,45,145,38,0,110,193,35,0,30,112,0,0,94,82,138,32,0,143,0,0,36,61,181,95,39,0,24,0,0,132,0,170,111,0,241,291,278,29,262,241,240,189
project/sim_ext.py --sim-time 1.5 --seq-graph project/file/graph_15_nodes.json --traffic project/file/traffic_15_nodes_random.json --inspection-rate 0.001 --mess-rate 0.002 --algorithm greedy,0.290414999989,0,156,45,145,38,0,110,193,35,0,30,112,0,0,94,82,138,32,0,143,0,0,36,61,181,95,39,0,24,0,0,132,0,170,111,0,241,291,278,29,262,241,240,189
project/sim_ext.py --sim-time 1.5 --seq-graph project/file/graph_15_nodes.json --traffic project/file/traffic_15_nodes_random.json --inspection-rate 0.001 --mess-rate 0.002 --algorithm greedy,0.291546000001,0,156,45,145,38,0,110,193,35,0,30,112,0,0,94,82,138,32,0,143,0,0,36,61,181,95,39,0,24,0,0,132,0,170,111,0,241,291,278,29,262,241,240,189
project/sim_ext.py --sim-time 1.5 --seq-graph project/file/graph_15_nodes.json --traffic project/file/traffic_15_nodes_random.json --inspection-rate 0.001 --mess-rate 0.002 --algorithm greedy,0.29267600000099997,0,156,45,145,38,0,110,194,35,0,30,112,0,0,94,84,138,32,0,143,0,0,36,61,181,95,39,0,24,0,0,132,0,170,111,0,241,291,278,29,262,241,240,189
project/sim_ext.py --sim-time 1.5 --seq-graph project/file/graph_15_nodes.json --traffic project/file/traffic_15_nodes_random.json --inspection-rate 0.001 --mess-rate 0.002 --algorithm greedy,0.293706000001,0,157,45,145,38,0,110,197,35,0,30,112,0,0,94,85,138,32,0,143,0,0,36,61,181,95,39,0,24,0,0,132,0,170,111,0,241,291,278,29,262,241,240,189
project/sim_ext.py --sim-time 1.5 --seq-graph project/file/graph_15_nodes.json --traffic project/file/traffic_15_nodes_random.json --inspection-rate 0.001 --mess-rate 0.002 --algorithm greedy,0.294736000001,0,157,45,145,38,0,110,197,35,0,30,112,0,0,94,85,138,32,0,143,0,0,36,61,181,95,39,0,24,0,0,132,0,170,111,0,241,291,278,29,262,241,240,189
project/sim_ext.py --sim-time 1.5 --seq-graph project/file/graph_15_nodes.json --traffic project/file/traffic_15_nodes_random.json --inspection-rate 0.001 --mess-rate 0.002 --algorithm greedy,0.295742000001,0,157,45,145,38,0,110,197,35,0,30,112,0,0,94,85,138,32,0,143,0,0,36,61,181,95,39,0,24,0,0,132,0,170,111,0,241,291,278,29,262,241,240,189
project/sim_ext.py --sim-time 1.5 --seq-graph project/file/graph_15_nodes.json --traffic project/file/traffic_15_nodes_random.json --inspection-rate 0.001 --mess-rate 0.002 --algorithm greedy,0.296814999982,0,160,48,160,39,0,118,200,36,0,32,123,0,0,98,88,146,33,0,150,0,0,36,72,190,97,39,0,26,0,0,135,0,189,120,0,261,318,308,46,284,265,266,204
project/sim_ext.py --sim-time 1.5 --seq-graph project/file/graph_15_nodes.json --traffic project/file/traffic_15_nodes_random.json --inspection-rate 0.001 --mess-rate 0.002 --algorithm greedy,0.297878399997,0,160,48,161,39,0,120,200,40,0,32,125,0,0,98,88,147,33,0,150,0,0,36,72,193,97,39,0,28,0,0,136,0,189,120,0,262,319,315,49,286,265,267,207
project/sim_ext.py --sim-time 1.5 --seq-graph project/file/graph_15_nodes.json --traffic project/file/traffic_15_nodes_random.json --inspection-rate 0.001 --mess-rate 0.002 --algorithm greedy,0.298943000001,0,161,49,164,39,0,120,206,41,0,34,125,0,0,98,91,147,33,0,153,0,0,36,73,197,97,40,0,28,0,0,138,0,190,121,0,270,324,319,55,290,269,270,208
project/sim_ext.py --sim-time 1.5 --seq-graph project/file/graph_15_nodes.json --traffic project/file/traffic_15_nodes_random.json --inspection-rate 0.001 --mess-rate 0.002 --algorithm greedy,0.300063000001,0,162,55,165,39,0,120,207,44,0,35,126,0,0,99,92,148,33,0,156,0,0,36,75,199,97,42,0,28,0,0,139,0,190,122,0,275,330,326,61,295,275,275,208
project/sim_ext.py --sim-time 1.5 --seq-graph project/file/graph_15_nodes.json --traffic project/file/traffic_15_nodes_random.json --inspection-rate 0.001 --mess-rate 0.002 --algorithm greedy,0.301303000001,0,162,55,166,39,0,122,210,44,0,36,129,0,0,99,92,150,33,0,156,0,0,36,75,201,98,43,0,28,0,0,140,0,190,122,0,277,338,327,61,299,275,279,211
project/sim_ext.py --sim-time 1.5 --seq-graph project/file/graph_15_nodes.json --traffic project/file/traffic_15_nodes_random.json --inspection-rate 0.001 --mess-rate 0.002 --algorithm greedy,0.302479999997,0,162,55,167,40,0,122,211,44,0,36,129,0,0,99,92,151,33,0,156,0,0,36,78,202,99,44,0,28,0,0,141,0,198,122,0,279,339,328,61,302,277,283,215
project/sim_ext.py --sim-time 1.5 --seq-graph project/file/graph_15_nodes.json --traffic project/file/traffic_15_nodes_random.json --inspection-rate 0.001 --mess-rate 0.002 --algorithm greedy,0.303485000001,0,162,56,167,40,0,123,216,44,0,36,129,0,0,99,93,151,35,0,159,0,0,36,79,203,99,44,0,28,0,0,143,0,200,122,0,279,339,328,61,302,277,285,215
project/sim_ext.py --sim-time 1.5 --seq-graph project/file/graph_15_nodes.json --traffic project/file/traffic_15_nodes_random.json --inspection-rate 0.001 --mess-rate 0.002 --algorithm greedy,0.30450000000099997,0,164,57,171,40,0,124,218,44,0,39,129,0,0,100,93,152,35,0,162,0,0,37,81,204,101,44,0,28,0,0,143,0,203,124,0,284,339,331,61,303,288,285,219
project/sim_ext.py --sim-time 1.5 --seq-graph project/file/graph_15_nodes.json --traffic project/file/traffic_15_nodes_random.json --inspection-rate 0.001 --mess-rate 0.002 --algorithm greedy,0.305501000001,0,164,57,171,40,0,124,219,44,0,39,129,0,0,100,94,152,35,0,163,0,0,37,81,204,101,44,0,28,0,0,144,0,203,125,0,284,339,331,61,303,288,285,219
project/sim_ext.py --sim-time 1.5 --seq-graph project/file/graph_15_nodes.json --traffic project/file/traffic_15_nodes_random.json --inspection-rate 0.001 --mess-rate 0.002 --algorithm greedy,0.306887399997,0,165,57,171,40,0,126,219,44,0,39,129,0,0,100,94,154,35,0,164,0,0,37,81,205,102,44,0,28,0,0,145,0,203,125,0,284,339,331,61,303,288,285,220
project/sim_ext.py --sim-time 1.5 --seq-graph project/file/graph_15_nodes.json --traffic project/file/traffic_15_nodes_random.json --inspection-rate 0.001 --mess-rate 0.002 --algorithm greedy,0.307974999997,0,165,57,172,40,0,127,220,44,0,39,129,0,0,100,94,155,35,0,164,0,0,37,81,206,103,44,0,28,0,0,147,0,203,126,0,284,339,331,61,303,288,285,222
project/sim_ext.py --sim-time 1.5 --seq-graph project/file/graph_15_nodes.json --traffic project/file/traffic_15_nodes_random.json --inspection-rate 0.001 --mess-rate 0.002 --algorithm greedy,0.309072000001,0,165,57,172,40,0,127,220,44,0,39,129,0,0,100,94,156,35,0,164,0,0,37,81,206,103,44,0,28,0,0,147,0,203,126,0,285,339,331,61,303,288,285,222
project/sim_ext.py --sim-time 1.5 --seq-graph project/file/graph_15_nodes.json --traffic project/file/traffic_15_nodes_random.json --inspection-rate 0.001 --mess-rate 0.002 --algorithm greedy,0.310170000001,0,165,57,172,40,0,127,220,44,0,39,129,0,0,100,95,156,35,0,164,0,0,37,81,206,103,44,0,28,0,0,147,0,203,126,0,285,339,331,61,303,288,285,222
project/sim_ext.py --sim-time 1.5 --seq-graph project/file/graph_15_nodes.json --traffic project/file/traffic_15_nodes_random.json --inspection-rate 0.001 --mess-rate 0.002 --algorithm greedy,0.31138433766855383,0,165,57,172,40,0,130,220,44,0,39,129,0,0,100,96,156,35,0,164,0,0,37,81,206,104,44,0,28,0,0,147,0,203,127,0,285,339,331,61,303,288,285,222
project/sim_ext.py --sim-time 1.5 --seq-graph project/file/graph_15_nodes.json --traffic project/file/traffic_15_nodes_random.json --inspection-rate 0.001 --mess-rate 0.002 --algorithm greedy,0.312501000001,0,165,57,172,40,0,131,220,44,0,39,129,0,0,100,96,157,35,0,164,0,0,37,81,206,104,44,0,28,0,0,152,0,203,127,0,285,339,331,61,303,288,285,222
project/sim_ext.py --sim-time 1.5 --seq-graph project/file/graph_15_nodes.json --traffic project/file/traffic_15_nodes_random.json --inspection-rate 0.001 --mess-rate 0.002 --algorithm greedy,0.313767000001,0,166,57,172,40,0,131,221,44,0,39,129,0,0,100,96,157,35,0,164,0,0,37,81,206,104,44,0,28,0,0,152,0,203,129,0,285,339,331,61,303,288,285,222
project/sim_ext.py --sim-time 1.5 --seq-graph project/file/graph_15_nodes.json --traffic project/file/traffic_15_nodes_random.json --inspection-rate 0.001 --mess-rate 0.002 --algorithm greedy,0.314783000001,0,166,57,172,40,0,131,223,44,0,39,129,0,0,100,96,157,35,0,164,0,0,37,81,206,104,44,0,28,0,0,152,0,203,129,0,285,339,331,61,303,288,285,222
project/sim_ext.py --sim-time 1.5 --seq-graph project/file/graph_15_nodes.json --traffic project/file/traffic_15_nodes_random.json --inspection-rate 0.001 --mess-rate 0.002 --algorithm greedy,0.315804000001,0,166,57,172,40,0,131,224,44,0,39,129,0,0,100,96,157,35,0,164,0,0,37,81,206,104,44,0,28,0,0,152,0,203,129,0,285,339,331,61,303,288,285,222
project/sim_ext.py --sim-time 1.5 --seq-graph project/file/graph_15_nodes.json --traffic project/file/traffic_15_nodes_random.json --inspection-rate 0.001 --mess-rate 0.002 --algorithm greedy,0.3168236370155519,0,168,57,172,40,0,131,225,44,0,39,129,0,0,100,98,157,35,0,164,0,0,37,81,206,104,44,0,28,0,0,152,0,203,129,0,285,339,331,61,303,288,285,222
project/sim_ext.py --sim-time 1.5 --seq-graph project/file/graph_15_nodes.json --traffic project/file/traffic_15_nodes_random.json --inspection-rate 0.001 --mess-rate 0.002 --algorithm greedy,0.31790100000099997,0,168,57,172,40,0,131,225,44,0,39,129,0,0,100,99,157,35,0,164,0,0,37,81,206,105,44,0,28,0,0,155,0,203,130,0,285,339,331,61,303,288,285,222
project/sim_ext.py --sim-time 1.5 --seq-graph project/file/graph_15_nodes.json --traffic project/file/traffic_15_nodes_random.json --inspection-rate 0.001 --mess-rate 0.002 --algorithm greedy,0.318983399997,0,168,57,172,40,0,131,225,44,0,39,129,0,0,100,99,157,35,0,164,0,0,37,81,206,105,44,0,28,0,0,155,0,203,130,0,285,339,331,61,303,288,285,222
project/sim_ext.py --sim-time 1.5 --seq-graph project/file/graph_15_nodes.json --traffic project/file/traffic_15_nodes_random.json --inspection-rate 0.001 --mess-rate 0.002 --algorithm greedy,0.320094999982,0,168,57,172,40,0,131,225,44,0,39,129,0,0,100,99,157,35,0,164,0,0,37,81,206,107,44,0,28,0,0,155,0,203,131,0,285,339,331,61,303,288,285,222
project/sim_ext.py --sim-time 1.5 --seq-graph project/file/graph_15_nodes.json --traffic project/file/traffic_15_nodes_random.json --inspection-rate 0.001 --mess-rate 0.002 --algorithm greedy,0.321108000001,0,168,57,172,40,0,131,225,44,0,39,129,0,0,100,99,157,35,0,164,0,0,37,81,206,107,44,0,28,0,0,155,0,203,131,0,285,339,331,61,303,288,285,222
project/sim_ext.py --sim-time 1.5 --seq-graph project/file/graph_15_nodes.json --traffic project/file/traffic_15_nodes_random.json --inspection-rate 0.001 --mess-rate 0.002 --algorithm greedy,0.322184000001,0,168,57,172,40,0,131,225,44,0,39,129,0,0,100,100,157,35,0,164,0,0,37,81,206,107,44,0,28,0,0,155,0,203,131,0,285,339,331,61,303,288,285,222
project/sim_ext.py --sim-time 1.5 --seq-graph project/file/graph_15_nodes.json --traffic project/file/traffic_15_nodes_random.json --inspection-rate 0.001 --mess-rate 0.002 --algorithm greedy,0.323185000001,0,168,57,172,40,0,131,225,44,0,39,129,0,0,100,100,157,35,0,164,0,0,37,81,206,108,44,0,28,0,0,155,0,203,132,0,285,339,331,61,303,288,285,222
project/sim_ext.py --sim-time 1.5 --seq-graph project/file/graph_15_nodes.json --traffic project/file/traffic_15_nodes_random.json --inspection-rate 0.001 --mess-rate 0.002 --algorithm greedy,0.32428700000099997,0,168,57,172,40,0,131,225,44,0,39,129,0,0,100,100,157,35,0,164,0,0,37,81,206,109,44,0,28,0,0,155,0,203,133,0,285,339,331,61,303,288,285,222
project/sim_ext.py --sim-time 1.5 --seq-graph project/file/graph_15_nodes.json --traffic project/file/traffic_15_nodes_random.json --inspection-rate 0.001 --mess-rate 0.002 --algorithm greedy,0.325577000001,0,168,57,172,40,0,131,225,44,0,39,129,0,0,100,101,157,35,0,164,0,0,37,81,206,109,44,0,28,0,0,155,0,203,133,0,285,339,331,61,303,288,285,222
project/sim_ext.py --sim-time 1.5 --seq-graph project/file/graph_15_nodes.json --traffic project/file/traffic_15_nodes_random.json --inspection-rate 0.001 --mess-rate 0.002 --algorithm greedy,0.327151999997,0,169,58,179,40,0,131,228,45,0,39,134,0,0,104,103,164,35,0,171,0,0,38,81,221,109,44,0,28,0,0,155,0,213,133,0,289,358,331,71,303,308,285,226
project/sim_ext.py --sim-time 1.5 --seq-graph project/file/graph_15_nodes.json --traffic project/file/traffic_15_nodes_random.json --inspection-rate 0.001 --mess-rate 0.002 --algorithm greedy,0.328299999985,0,170,58,180,40,0,131,228,46,0,39,137,0,0,104,103,164,35,0,171,0,0,38,81,221,109,45,0,28,0,0,155,0,220,133,0,292,369,331,81,303,315,285,228
project/sim_ext.py --sim-time 1.5 --seq-graph project/file/graph_15_nodes.json --traffic project/file/traffic_15_nodes_random.json --inspection-rate 0.001 --mess-rate 0.002 --algorithm greedy,0.329507199997,0,171,60,183,41,0,131,228,49,0,39,137,0,0,104,103,164,35,0,172,0,0,38,81,221,109,45,0,28,0,0,155,0,223,133,0,292,374,331,84,303,318,285,228
project/sim_ext.py --sim-time 1.5 --seq-graph project/file/graph_15_nodes.json --traffic project/file/traffic_15_nodes_random.json --inspection-rate 0.001 --mess-rate 0.002 --algorithm greedy,0.330526799997,0,173,60,185,41,0,131,230,49,0,39,140,0,0,105,105,166,35,0,173,0,0,39,81,224,109,45,0,28,0,0,155,0,224,133,0,293,379,331,86,303,320,285,229
project/sim_ext.py --sim-time 1.5 --seq-graph project/file/graph_15_nodes.json --traffic project/file/traffic_15_nodes_random.json --inspection-rate 0.001 --mess-rate 0.002 --algorithm greedy,0.33158400000099997,0,173,61,185,41,0,131,231,50,0,39,141,0,0,105,105,169,35,0,173,0,0,39,81,224,109,45,0,28,0,0,155,0,227,133,0,293,381,331,88,303,321,285,229
project/sim_ext.py --sim-time 1.5 --seq-graph project/file/graph_15_nodes.json --traffic project/file/traffic_15_nodes_random.json --inspection-rate 0.001 --mess-rate 0.002 --algorithm greedy,0.332585000001,0,173,61,185,41,0,131,232,50,0,39,141,0,0,105,105,169,35,0,173,0,0,39,81,225,109,45,0,28,0,0,155,0,227,133,0,293,381,331,89,303,321,285,229
project/sim_ext.py --sim-time 1.5 --seq-graph project/file/graph_15_nodes.json --traffic project/file/traffic_15_nodes_random.json --inspection-rate 0.001 --mess-rate 0.002 --algorithm greedy,0.333607000001,0,173,61,185,42,0,131,233,50,0,39,143,0,0,105,105,173,35,0,173,0,0,39,81,227,109,45,0,28,0,0,155,0,229,133,0,293,383,331,90,303,324,285,229
project/sim_ext.py --sim-time 1.5 --seq-graph project/file/graph_15_nodes.json --traffic project/file/traffic_15_nodes_random.json --inspection-rate 0.001 --mess-rate 0.002 --algorithm greedy,0.335213000001,0,173,61,187,43,0,131,236,51,0,39,143,0,0,105,105,173,35,0,176,0,0,40,81,229,109,45,0,28,0,0,155,0,230,133,0,297,383,331,91,303,328,285,231
project/sim_ext.py --sim-time 1.5 --seq-graph project/file/graph_15_nodes.json --traffic project/file/traffic_15_nodes_random.json --inspection-rate 0.001 --mess-rate 0.002 --algorithm greedy,0.336624999985,0,173,61,189,43,0,131,239,51,0,39,145,0,0,105,105,173,35,0,177,0,0,40,81,231,109,45,0,28,0,0,155,0,230,133,0,297,383,331,91,303,328,285,231
project/sim_ext.py --sim-time 1.5 --seq-graph project/file/graph_15_nodes.json --traffic project/file/traffic_15_nodes_random.json --inspection-rate 0.001 --mess-rate 0.002 --algorithm greedy,0.337729000001,0,173,61,194,43,0,145,239,51,0,41,146,0,0,105,105,176,38,0,178,0,0,40,85,234,113,45,0,28,0,0,165,0,233,136,0,307,383,348,95,315,328,301,243
project/sim_ext.py --sim-time 1.5 --seq-graph project/file/graph_15_nodes.json --traffic project/file/traffic_15_nodes_random.json --inspection-rate 0.001 --mess-rate 0.002 --algorithm greedy,0.338740000001,0,174,62,194,43,0,147,240,51,0,41,146,0,0,106,106,176,38,0,180,0,0,40,87,235,113,45,0,28,0,0,165,0,235,137,0,308,383,351,95,316,328,302,246
project/sim_ext.py --sim-time 1.5 --seq-graph project/file/graph_15_nodes.json --traffic project/file/traffic_15_nodes_random.json --inspection-rate 0.001 --mess-rate 0.002 --algorithm greedy,0.339890000001,0,175,62,194,43,0,147,242,51,0,42,146,0,0,106,107,179,39,0,184,0,0,40,89,236,115,45,0,28,0,0,166,0,235,138,0,309,383,351,95,316,328,309,246
project/sim_ext.py --sim-time 1.5 --seq-graph project/file/graph_15_nodes.json --traffic project/file/traffic_15_nodes_random.json --inspection-rate 0.001 --mess-rate 0.002 --algorithm greedy,0.341297999997,0,175,64,194,43,0,149,244,51,0,43,146,0,0,106,107,179,40,0,185,0,0,40,90,236,116,46,0,28,0,0,169,0,237,139,0,311,383,352,95,316,328,316,246
project/sim_ext.py --sim-time 1.5 --seq-graph project/file/graph_15_nodes.json --traffic project/file/traffic_15_nodes_random.json --inspection-rate 0.001 --mess-rate 0.002 --algorithm greedy,0.3423055043770694,0,175,64,194,43,0,149,245,51,0,44,146,0,0,106,107,181,40,0,189,0,0,40,90,236,116,46,0,28,0,0,170,0,238,139,0,311,383,352,95,317,328,318,246
project/sim_ext.py --sim-time 1.5 --seq-graph project/file/graph_15_nodes.json --traffic project/file/traffic_15_nodes_random.json --inspection-rate 0.001 --mess-rate 0.002 --algorithm greedy,0.343387000001,0,175,64,194,43,0,150,245,51,0,44,146,0,0,106,108,181,40,0,189,0,0,40,90,236,118,46,0,28,0,0,170,0,238,140,0,311,383,354,95,317,328,319,246
project/sim_ext.py --sim-time 1.5 --seq-graph project/file/graph_15_nodes.json --traffic project/file/traffic_15_nodes_random.json --inspection-rate 0.001 --mess-rate 0.002 --algorithm greedy,0.344484999982,0,177,64,194,43,0,150,245,51,0,44,146,0,0,106,108,181,40,0,189,0,0,40,91,236,118,46,0,28,0,0,170,0,238,140,0,312,383,354,95,317,328,320,246
project/sim_ext.py --sim-time 1.5 --seq-graph project/file/graph_15_nodes.json --traffic project/file/traffic_15_nodes_random.json --inspection-rate 0.001 --mess-rate 0.002 --algorithm greedy,0.345533000001,0,178,65,194,43,0,154,245,51,0,44,146,0,0,106,108,182,40,0,189,0,0,40,97,236,120,47,0,28,0,0,170,0,238,143,0,315,383,355,95,318,328,323,246
project/sim_ext.py --sim-time 1.5 --seq-graph project/file/graph_15_nodes.json --traffic project/file/traffic_15_nodes_random.json --inspection-rate 0.001 --mess-rate 0.002 --algorithm greedy,0.346649000001,0,179,65,194,43,0,155,248,51,0,44,146,0,0,106,108,182,40,0,189,0,0,40,97,236,120,47,0,28,0,0,170,0,238,144,0,315,383,355,95,318,328,323,246
project/sim_ext.py --sim-time 1.5 --seq-graph project/file/graph_15_nodes.json --traffic project/file/traffic_15_nodes_random.json --inspection-rate 0.001 --mess-rate 0.002 --algorithm greedy,0.347690000001,0,180,65,194,43,0,156,248,51,0,44,146,0,0,106,108,182,40,0,189,0,0,40,97,236,121,47,0,28,0,0,170,0,238,144,0,315,383,355,95,318,328,323,246
project/sim_ext.py --sim-time 1.5 --seq-graph project/file/graph_15_nodes.json --traffic project/file/traffic_15_nodes_random.json --inspection-rate 0.001 --mess-rate 0.002 --algorithm greedy,0.348864000001,0,181,65,194,43,0,158,248,51,0,44,146,0,0,106,108,182,40,0,189,0,0,40,97,236,121,47,0,28,0,0,172,0,238,144,0,315,383,355,95,320,328,323,246
project/sim_ext.py --sim-time 1.5 --seq-graph project/file/graph_15_nodes.json --traffic project/file/traffic_15_nodes_random.json --inspection-rate 0.001 --mess-rate 0.002 --algorithm greedy,0.350077000001,0,181,65,194,43,0,159,249,51,0,44,146,0,0,106,112,182,40,0,189,0,0,40,98,236,121,47,0,28,0,0,172,0,238,144,0,315,383,355,95,320,328,323,246
project/sim_ext.py --sim-time 1.5 --seq-graph project/file/graph_15_nodes.json --traffic project/file/traffic_15_nodes_random.json --inspection-rate 0.001 --mess-rate 0.002 --algorithm greedy,0.351078000001,0,181,65,194,43,0,160,249,51,0,44,146,0,0,106,112,182,40,0,189,0,0,40,98,236,121,47,0,28,0,0,173,0,238,145,0,315,383,355,95,320,328,323,246
project/sim_ext.py --sim-time 1.5 --seq-graph project/file/graph_15_nodes.json --traffic project/file/traffic_15_nodes_random.json --inspection-rate 0.001 --mess-rate 0.002 --algorithm greedy,0.3524434651519021,0,184,65,194,43,0,161,252,51,0,44,146,0,0,106,112,182,40,0,189,0,0,40,98,236,121,47,0,28,0,0,175,0,238,145,0,315,383,357,95,321,328,323,246
project/sim_ext.py --sim-time 1.5 --seq-graph project/file/graph_15_nodes.json --traffic project/file/traffic_15_nodes_random.json --inspection-rate 0.001 --mess-rate 0.002 --algorithm greedy,0.353548000001,0,185,65,194,43,0,162,254,51,0,44,146,0,0,106,112,182,40,0,189,0,0,40,98,236,123,47,0,28,0,0,177,0,238,147,0,315,383,358,95,321,328,323,246
project/sim_ext.py --sim-time 1.5 --seq-graph project/file/graph_15_nodes.json --traffic project/file/traffic_15_nodes_random.json --inspection-rate 0.001 --mess-rate 0.002 --algorithm greedy,0.35459100000099997,0,186,65,194,43,0,162,254,51,0,44,146,0,0,106,112,182,40,0,189,0,0,40,98,236,123,47,0,28,0,0,177,0,238,147,0,315,383,358,95,321,328,323,246
project/sim_ext.py --sim-time 1.5 --seq-graph project/file/graph_15_nodes.json --traffic project/file/traffic_15_nodes_random.json --inspection-rate 0.001 --mess-rate 0.002 --algorithm greedy,0.355684000001,0,186,65,194,43,0,162,255,51,0,44,146,0,0,106,113,182,40,0,189,0,0,40,98,236,123,47,0,28,0,0,177,0,238,147,0,315,383,358,95,321,328,323,246
project/sim_ext.py --sim-time 1.5 --seq-graph project/file/graph_15_nodes.json --traffic project/file/traffic_15_nodes_random.json --inspection-rate 0.001 --mess-rate 0.002 --algorithm greedy,0.356778000001,0,187,65,194,43,0,163,255,51,0,44,146,0,0,106,113,182,40,0,189,0,0,40,98,236,123,47,0,28,0,0,177,0,238,147,0,315,383,358,95,321,328,323,246
project/sim_ext.py --sim-time 1.5 --seq-graph project/file/graph_15_nodes.json --traffic project/file/traffic_15_nodes_random.json --inspection-rate 0.001 --mess-rate 0.002 --algorithm greedy,0.357837000001,0,188,65,194,43,0,163,255,51,0,44,146,0,0,106,114,182,40,0,189,0,0,40,98,236,124,47,0,28,0,0,177,0,238,148,0,315,383,358,95,321,328,323,246
project/sim_ext.py --sim-time 1.5 --seq-graph project/file/graph_15_nodes.json --traffic project/file/traffic_15_nodes_random.json --inspection-rate 0.001 --mess-rate 0.002 --algorithm greedy,0.35884000000099997,0,189,65,194,43,0,163,255,51,0,44,146,0,0,106,114,182,40,0,189,0,0,40,98,236,125,47,0,28,0,0,177,0,238,149,0,315,383,358,95,321,328,323,246
project/sim_ext.py --sim-time 1.5 --seq-graph project/file/graph_15_nodes.json --traffic project/file/traffic_15_nodes_random.json --inspection-rate 0.001 --mess-rate 0.002 --algorithm greedy,0.359850000001,0,189,65,194,43,0,163,255,51,0,44,146,0,0,106,114,182,40,0,189,0,0,40,98,236,125,47,0,28,0,0,177,0,238,149,0,315,383,358,95,321,328,323,246
project/sim_ext.py --sim-time 1.5 --seq-graph project/file/graph_15_nodes.json --traffic project/file/traffic_15_nodes_random.json --inspection-rate 0.001 --mess-rate 0.002 --algorithm greedy,0.360932000001,0,189,65,194,43,0,163,255,51,0,44,146,0,0,106,114,182,40,0,189,0,0,40,98,236,126,47,0,28,0,0,177,0,238,149,0,315,383,358,95,321,328,323,246
project/sim_ext.py --sim-time 1.5 --seq-graph project/file/graph_15_nodes.json --traffic project/file/traffic_15_nodes_random.json --inspection-rate 0.001 --mess-rate 0.002 --algorithm greedy,0.361964000001,0,189,65,194,43,0,164,255,51,0,44,146,0,0,106,114,182,40,0,189,0,0,40,98,236,126,47,0,28,0,0,177,0,238,149,0,315,383,358,95,321,328,323,246
project/sim_ext.py --sim-time 1.5 --seq-graph project/file/graph_15_nodes.json --traffic project/file/traffic_15_nodes_random.json --inspection-rate 0.001 --mess-rate 0.002 --algorithm greedy,0.362974000001,0,189,65,194,43,0,164,255,51,0,44,146,0,0,106,114,182,40,0,189,0,0,40,98,236,126,47,0,28,0,0,178,0,238,149,0,315,383,358,95,321,328,323,246
project/sim_ext.py --sim-time 1.5 --seq-graph project/file/graph_15_nodes.json --traffic project/file/traffic_15_nodes_random.json --inspection-rate 0.001 --mess-rate 0.002 --algorithm greedy,0.363993000001,0,191,65,194,43,0,164,255,51,0,44,146,0,0,106,114,182,40,0,189,0,0,40,98,236,126,47,0,28,0,0,178,0,238,152,0,315,383,358,95,321,328,323,246
project/sim_ext.py --sim-time 1.5 --seq-graph project/file/graph_15_nodes.json --traffic project/file/traffic_15_nodes_random.json --inspection-rate 0.001 --mess-rate 0.002 --algorithm greedy,0.365093000001,0,191,65,194,43,0,164,255,51,0,44,146,0,0,106,114,182,40,0,189,0,0,40,98,236,126,47,0,28,0,0,178,0,238,152,0,315,383,358,95,321,328,323,246
project/sim_ext.py --sim-time 1.5 --seq-graph project/file/graph_15_nodes.json --traffic project/file/traffic_15_nodes_random.json --inspection-rate 0.001 --mess-rate 0.002 --algorithm greedy,0.366126000001,0,191,65,194,43,0,164,255,51,0,44,146,0,0,106,114,182,40,0,189,0,0,40,98,236,126,47,0,28,0,0,178,0,238,153,0,315,383,358,95,321,328,323,246
project/sim_ext.py --sim-time 1.5 --seq-graph project/file/graph_15_nodes.json --traffic project/file/traffic_15_nodes_random.json --inspection-rate 0.001 --mess-rate 0.002 --algorithm greedy,0.367144999978,0,191,65,194,43,0,164,255,51,0,44,146,0,0,106,114,182,40,0,189,0,0,40,98,236,126,47,0,28,0,0,178,0,238,153,0,315,383,358,105,321,328,323,246
project/sim_ext.py --sim-time 1.5 --seq-graph project/file/graph_15_nodes.json --traffic project/file/traffic_15_nodes_random.json --inspection-rate 0.001 --mess-rate 0.002 --algorithm greedy,0.368167399997,0,191,70,200,45,0,169,269,51,0,45,156,0,0,111,118,188,40,0,198,0,0,42,103,248,129,51,0,35,0,0,182,0,254,158,0,337,406,379,124,326,345,343,262
project/sim_ext.py --sim-time 1.5 --seq-graph project/file/graph_15_nodes.json --traffic project/file/traffic_15_nodes_random.json --inspection-rate 0.001 --mess-rate 0.002 --algorithm greedy,0.36919359999699997,0,192,73,202,45,0,171,274,53,0,46,157,0,0,112,118,188,40,0,198,0,0,43,105,250,129,51,0,35,0,0,182,0,259,159,0,342,412,382,133,332,350,345,264
project/sim_ext.py --sim-time 1.5 --seq-graph project/file/graph_15_nodes.json --traffic project/file/traffic_15_nodes_random.json --inspection-rate 0.001 --mess-rate 0.002 --algorithm greedy,0.370290000001,0,192,74,202,46,0,172,274,56,0,46,159,0,0,112,118,188,40,0,201,0,0,43,106,251,129,51,0,35,0,0,186,0,259,159,0,343,412,384,135,336,352,350,264
project/sim_ext.py --sim-time 1.5 --seq-graph project/file/graph_15_nodes.json --traffic project/file/traffic_15_nodes_random.json --inspection-rate 0.001 --mess-rate 0.002 --algorithm greedy,0.371335399997,0,192,74,202,46,0,173,276,56,0,47,161,0,0,113,120,190,40,0,202,0,0,44,107,254,130,51,0,36,0,0,187,0,259,160,0,347,423,394,140,340,355,356,271
project/sim_ext.py --sim-time 1.5 --seq-graph project/file/graph_15_nodes.json --traffic project/file/traffic_15_nodes_random.json --inspection-rate 0.001 --mess-rate 0.002 --algorithm greedy,0.372527000001,0,193,75,206,46,0,173,277,58,0,48,161,0,0,113,121,190,41,0,203,0,0,45,107,256,131,51,0,36,0,0,189,0,267,162,0,352,431,394,143,341,360,357,276
project/sim_ext.py --sim-time 1.5 --seq-graph project/file/graph_15_nodes.json --traffic project/file/traffic_15_nodes_random.json --inspection-rate 0.001 --mess-rate 0.002 --algorithm greedy,0.373568000001,0,193,75,206,46,0,176,277,59,0,48,164,0,0,113,121,194,41,0,205,0,0,45,107,257,131,51,0,36,0,0,189,0,268,163,0,352,440,403,144,341,360,361,276
project/sim_ext.py --sim-time 1.5 --seq-graph project/file/graph_15_nodes.json --traffic project/file/traffic_15_nodes_random.json --inspection-rate 0.001 --mess-rate 0.002 --algorithm greedy,0.3746119865987534,0,193,75,207,46,0,176,277,59,0,48,164,0,0,113,121,195,41,0,205,0,0,45,107,261,132,51,0,36,0,0,189,0,268,164,0,354,441,405,144,344,364,361,276
project/sim_ext.py --sim-time 1.5 --seq-graph project/file/graph_15_nodes.json --traffic project/file/traffic_15_nodes_random.json --inspection-rate 0.001 --mess-rate 0.002 --algorithm greedy,0.375763000001,0,193,75,207,46,0,176,280,59,0,50,164,0,0,113,121,196,41,0,206,0,0,45,110,263,132,51,0,36,0,0,189,0,270,168,0,357,441,405,144,345,364,363,279
project/sim_ext.py --sim-time 1.5 --seq-graph project/file/graph_15_nodes.json --traffic project/file/traffic_15_nodes_random.json --inspection-rate 0.001 --mess-rate 0.002 --algorithm greedy,0.37676499998199997,0,193,75,213,47,0,176,280,59,0,51,164,0,0,114,121,197,42,0,206,0,0,49,110,263,133,51,0,36,0,0,189,0,270,169,0,357,441,405,144,346,368,367,279
project/sim_ext.py --sim-time 1.5 --seq-graph project/file/graph_15_nodes.json --traffic project/file/traffic_15_nodes_random.json --inspection-rate 0.001 --mess-rate 0.002 --algorithm greedy,0.377964999982,0,193,75,213,47,0,178,280,59,0,51,164,0,0,114,122,197,42,0,206,0,0,49,110,263,133,51,0,36,0,0,189,0,270,169,0,357,441,406,144,346,368,367,279
project/sim_ext.py --sim-time 1.5 --seq-graph project/file/graph_15_nodes.json --traffic project/file/traffic_15_nodes_random.json --inspection-rate 0.001 --mess-rate 0.002 --algorithm greedy,0.37952739999699997,0,194,75,213,47,0,179,281,60,0,51,164,0,0,114,123,198,42,0,209,0,0,49,110,263,133,51,0,36,0,0,189,0,272,170,0,357,441,406,144,348,368,367,279
project/sim_ext.py --sim-time 1.5 --seq-graph project/file/graph_15_nodes.json --traffic project/file/traffic_15_nodes_random.json --inspection-rate 0.001 --mess-rate 0.002 --algorithm greedy,0.38062179999699997,0,194,76,213,47,0,179,281,60,0,51,164,0,0,117,123,198,42,0,209,0,0,49,110,263,134,51,0,36,0,0,189,0,272,171,0,357,441,406,144,349,368,367,279
project/sim_ext.py --sim-time 1.5 --seq-graph project/file/graph_15_nodes.json --traffic project/file/traffic_15_nodes_random.json --inspection-rate 0.001 --mess-rate 0.002 --algorithm greedy,0.381634999978,0,195,76,214,47,0,179,281,60,0,51,164,0,0,117,123,198,42,0,209,0,0,49,110,263,134,51,0,36,0,0,189,0,272,171,0,357,441,406,144,349,368,367,279
project/sim_ext.py --sim-time 1.5 --seq-graph project/file/graph_15_nodes.json --traffic project/file/traffic_15_nodes_random.json --inspection-rate 0.001 --mess-rate 0.002 --algorithm greedy,0.382646000001,0,196,76,214,47,0,179,281,60,0,51,164,0,0,118,123,198,42,0,209,0,0,49,110,263,134,51,0,36,0,0,194,0,272,171,0,357,441,406,144,349,368,367,279
project/sim_ext.py --sim-time 1.5 --seq-graph project/file/graph_15_nodes.json --traffic project/file/traffic_15_nodes_random.json --inspection-rate 0.001 --mess-rate 0.002 --algorithm greedy,0.383680999997,0,196,76,214,47,0,181,281,60,0,51,164,0,0,118,123,198,42,0,209,0,0,49,110,263,134,51,0,36,0,0,194,0,272,171,0,357,441,406,144,349,368,367,279
project/sim_ext.py --sim-time 1.5 --seq-graph project/file/graph_15_nodes.json --traffic project/file/traffic_15_nodes_random.json --inspection-rate 0.001 --mess-rate 0.002 --algorithm greedy,0.384736999997,0,196,76,214,47,0,181,281,60,0,51,164,0,0,118,123,198,42,0,209,0,0,49,110,263,134,51,0,36,0,0,196,0,272,172,0,357,441,406,144,349,368,367,279
project/sim_ext.py --sim-time 1.5 --seq-graph project/file/graph_15_nodes.json --traffic project/file/traffic_15_nodes_random.json --inspection-rate 0.001 --mess-rate 0.002 --algorithm greedy,0.38576563716038886,0,196,76,214,47,0,181,282,60,0,51,164,0,0,118,127,198,42,0,209,0,0,49,110,263,136,51,0,36,0,0,197,0,272,172,0,357,441,406,144,352,368,367,279
project/sim_ext.py --sim-time 1.5 --seq-graph project/file/graph_15_nodes.json --traffic project/file/traffic_15_nodes_random.json --inspection-rate 0.001 --mess-rate 0.002 --algorithm greedy,0.386811000001,0,196,76,214,47,0,181,282,60,0,51,164,0,0,118,128,198,42,0,209,0,0,49,110,263,136,51,0,36,0,0,197,0,272,172,0,357,441,406,144,352,368,367,279
project/sim_ext.py --sim-time 1.5 --seq-graph project/file/graph_15_nodes.json --traffic project/file/traffic_15_nodes_random.json --inspection-rate 0.001 --mess-rate 0.002 --algorithm greedy,0.38792600000099997,0,196,76,214,47,0,181,283,60,0,51,164,0,0,118,128,198,42,0,209,0,0,49,110,263,137,51,0,36,0,0,197,0,272,174,0,357,441,406,144,352,368,367,279
project/sim_ext.py --sim-time 1.5 --seq-graph project/file/graph_15_nodes.json --traffic project/file/traffic_15_nodes_random.json --inspection-rate 0.001 --mess-rate 0.002 --algorithm greedy,0.388983000001,0,198,76,214,47,0,181,284,60,0,51,164,0,0,118,128,198,42,0,209,0,0,49,110,263,138,51,0,36,0,0,197,0,272,174,0,357,441,406,144,352,368,367,279
project/sim_ext.py --sim-time 1.5 --seq-graph project/file/graph_15_nodes.json --traffic project/file/traffic_15_nodes_random.json --inspection-rate 0.001 --mess-rate 0.002 --algorithm greedy,0.390234000001,0,198,76,214,47,0,182,284,60,0,51,164,0,0,118,128,198,42,0,209,0,0,49,110,263,139,51,0,36,0,0,200,0,272,174,0,357,441,406,144,352,368,367,279
project/sim_ext.py --sim-time 1.5 --seq-graph project/file/graph_15_nodes.json --traffic project/file/traffic_15_nodes_random.json --inspection-rate 0.001 --mess-rate 0.002 --algorithm greedy,0.391237199997,0,199,76,214,47,0,183,285,60,0,51,164,0,0,118,130,198,42,0,209,0,0,49,110,263,139,51,0,36,0,0,200,0,272,174,0,357,441,406,144,352,368,367,279
project/sim_ext.py --sim-time 1.5 --seq-graph project/file/graph_15_nodes.json --traffic project/file/traffic_15_nodes_random.json --inspection-rate 0.001 --mess-rate 0.002 --algorithm greedy,0.392365000001,0,199,76,214,47,0,183,285,60,0,51,164,0,0,118,130,198,42,0,209,0,0,49,110,263,140,51,0,36,0,0,201,0,272,174,0,357,441,406,144,352,368,367,279
project/sim_ext.py --sim-time 1.5 --seq-graph project/file/graph_15_nodes.json --traffic project/file/traffic_15_nodes_random.json --inspection-rate 0.001 --mess-rate 0.002 --algorithm greedy,0.393511000001,0,199,76,214,47,0,183,285,60,0,51,164,0,0,118,130,198,42,0,209,0,0,49,110,263,140,51,0,36,0,0,201,0,272,174,0,357,441,406,144,352,368,367,279
project/sim_ext.py --sim-time 1.5 --seq-graph project/file/graph_15_nodes.json --traffic project/file/traffic_15_nodes_random.json --inspection-rate 0.001 --mess-rate 0.002 --algorithm greedy,0.394518000001,0,200,76,214,47,0,183,285,60,0,51,164,0,0,118,130,198,42,0,209,0,0,49,110,263,142,51,0,36,0,0,201,0,272,175,0,357,441,406,144,352,368,367,279
project/sim_ext.py --sim-time 1.5 --seq-graph project/file/graph_15_nodes.json --traffic project/file/traffic_15_nodes_random.json --inspection-rate 0.001 --mess-rate 0.002 --algorithm greedy,0.395595000001,0,200,76,214,47,0,183,285,60,0,51,164,0,0,118,130,198,42,0,209,0,0,49,110,263,142,51,0,36,0,0,201,0,272,175,0,357,441,406,144,352,368,367,279
project/sim_ext.py --sim-time 1.5 --seq-graph project/file/graph_15_nodes.json --traffic project/file/traffic_15_nodes_random.json --inspection-rate 0.001 --mess-rate 0.002 --algorithm greedy,0.396606000001,0,200,76,214,47,0,183,285,60,0,51,164,0,0,118,130,198,42,0,209,0,0,49,110,263,142,51,0,36,0,0,201,0,272,175,0,357,441,406,144,352,368,367,279
project/sim_ext.py --sim-time 1.5 --seq-graph project/file/graph_15_nodes.json --traffic project/file/traffic_15_nodes_random.json --inspection-rate 0.001 --mess-rate 0.002 --algorithm greedy,0.397639399997,0,200,76,214,47,0,183,285,60,0,51,164,0,0,118,130,198,42,0,209,0,0,49,110,263,142,51,0,36,0,0,201,0,272,175,0,357,441,406,144,352,368,367,279
project/sim_ext.py --sim-time 1.5 --seq-graph project/file/graph_15_nodes.json --traffic project/file/traffic_15_nodes_random.json --inspection-rate 0.001 --mess-rate 0.002 --algorithm greedy,0.399087999997,0,204,80,229,49,0,191,294,63,0,54,176,0,0,122,134,209,46,0,216,0,0,52,116,274,144,53,0,38,0,0,203,0,285,177,0,387,472,427,161,371,392,385,295
project/sim_ext.py --sim-time 1.5 --seq-graph project/file/graph_15_nodes.json --traffic project/file/traffic_15_nodes_random.json --inspection-rate 0.001 --mess-rate 0.002 --algorithm greedy,0.40010900000099997,0,205,82,229,49,0,192,296,63,0,54,177,0,0,123,135,210,46,0,217,0,0,52,123,276,145,53,0,39,0,0,203,0,289,179,0,389,475,437,161,372,396,390,297
project/sim_ext.py --sim-time 1.5 --seq-graph project/file/graph_15_nodes.json --traffic project/file/traffic_15_nodes_random.json --inspection-rate 0.001 --mess-rate 0.002 --algorithm greedy,0.401121000001,0,205,82,229,50,0,192,297,64,0,55,180,0,0,123,135,213,48,0,217,0,0,55,125,276,145,53,0,40,0,0,203,0,289,179,0,395,478,445,164,374,396,391,299
project/sim_ext.py --sim-time 1.5 --seq-graph project/file/graph_15_nodes.json --traffic project/file/traffic_15_nodes_random.json --inspection-rate 0.001 --mess-rate 0.002 --algorithm greedy,0.402338000001,0,207,83,231,51,0,192,299,64,0,56,185,0,0,125,135,215,49,0,223,0,0,55,126,277,145,53,0,40,0,0,204,0,294,179,0,402,487,448,173,378,402,394,302
project/sim_ext.py --sim-time 1.5 --seq-graph project/file/graph_15_nodes.json --traffic project/file/traffic_15_nodes_random.json --inspection-rate 0.001 --mess-rate 0.002 --algorithm greedy,0.403775000001,0,207,83,232,52,0,195,300,65,0,56,185,0,0,125,135,216,49,0,223,0,0,56,126,277,146,53,0,41,0,0,207,0,297,181,0,402,492,454,173,382,404,397,305
project/sim_ext.py --sim-time 1.5 --seq-graph project/file/graph_15_nodes.json --traffic project/file/traffic_15_nodes_random.json --inspection-rate 0.001 --mess-rate 0.002 --algorithm greedy,0.405017000001,0,208,86,234,52,0,197,300,65,0,56,185,0,0,125,135,216,49,0,223,0,0,58,126,280,148,56,0,41,0,0,211,0,297,182,0,407,492,454,181,382,408,402,305
project/sim_ext.py --sim-time 1.5 --seq-graph project/file/graph_15_nodes.json --traffic project/file/traffic_15_nodes_random.json --inspection-rate 0.001 --mess-rate 0.002 --algorithm greedy,0.406033000001,0,209,86,234,53,0,199,301,66,0,56,185,0,0,125,135,217,49,0,229,0,0,59,126,280,148,56,0,41,0,0,211,0,299,182,0,407,492,458,182,384,411,405,306
project/sim_ext.py --sim-time 1.5 --seq-graph project/file/graph_15_nodes.json --traffic project/file/traffic_15_nodes_random.json --inspection-rate 0.001 --mess-rate 0.002 --algorithm greedy,0.407080000001,0,209,87,234,53,0,199,301,66,0,56,185,0,0,126,135,217,49,0,230,0,0,59,126,281,148,56,0,41,0,0,211,0,299,182,0,407,492,458,183,387,411,405,306
project/sim_ext.py --sim-time 1.5 --seq-graph project/file/graph_15_nodes.json --traffic project/file/traffic_15_nodes_random.json --inspection-rate 0.001 --mess-rate 0.002 --algorithm greedy,0.408134999974,0,209,87,236,53,0,200,305,66,0,56,185,0,0,126,136,217,49,0,231,0,0,59,126,284,148,56,0,41,0,0,211,0,299,183,0,407,492,458,183,387,411,405,306
project/sim_ext.py --sim-time 1.5 --seq-graph project/file/graph_15_nodes.json --traffic project/file/traffic_15_nodes_random.json --inspection-rate 0.001 --mess-rate 0.002 --algorithm greedy,0.409158000001,0,211,90,236,53,0,203,305,66,0,56,185,0,0,126,136,217,49,0,231,0,0,59,126,284,148,56,0,41,0,0,211,0,302,183,0,407,492,458,183,387,411,405,306
project/sim_ext.py --sim-time 1.5 --seq-graph project/file/graph_15_nodes.json --traffic project/file/traffic_15_nodes_random.json --inspection-rate 0.001 --mess-rate 0.002 --algorithm greedy,0.410164000001,0,211,90,239,53,0,204,305,66,0,56,185,0,0,126,136,217,49,0,231,0,0,59,126,284,148,56,0,41,0,0,211,0,302,183,0,407,492,458,183,387,411,405,306
project/sim_ext.py --sim-time 1.5 --seq-graph project/file/graph_15_nodes.json --traffic project/file/traffic_15_nodes_random.json --inspection-rate 0.001 --mess-rate 0.002 --algorithm greedy,0.411431399997,0,212,90,239,53,0,204,307,66,0,56,185,0,0,127,136,217,49,0,232,0,0,59,126,284,148,56,0,41,0,0,211,0,303,183,0,407,492,458,183,387,411,405,306
project/sim_ext.py --sim-time 1.5 --seq-graph project/file/graph_15_nodes.json --traffic project/file/traffic_15_nodes_random.json --inspection-rate 0.001 --mess-rate 0.002 --algorithm greedy,0.412436000001,0,212,90,239,53,0,204,310,66,0,56,185,0,0,127,136,217,49,0,232,0,0,59,126,284,151,56,0,41,0,0,215,0,303,184,0,407,492,458,183,387,411,405,306
project/sim_ext.py --sim-time 1.5 --seq-graph project/file/graph_15_nodes.json --traffic project/file/traffic_15_nodes_random.json --inspection-rate 0.001 --mess-rate 0.002 --algorithm greedy,0.4135539799651036,0,212,90,239,53,0,204,310,66,0,56,185,0,0,127,136,217,49,0,232,0,0,59,126,284,151,56,0,41,0,0,215,0,303,184,0,407,492,458,183,387,411,405,306
project/sim_ext.py --sim-time 1.5 --seq-graph project/file/graph_15_nodes.json --traffic project/file/traffic_15_nodes_random.json --inspection-rate 0.001 --mess-rate 0.002 --algorithm greedy,0.414626000001,0,213,90,239,53,0,204,310,66,0,56,185,0,0,127,136,217,49,0,232,0,0,59,126,284,151,56,0,41,0,0,215,0,303,184,0,407,492,458,183,387,411,405,306
project/sim_ext.py --sim-time 1.5 --seq-graph project/file/graph_15_nodes.json --traffic project/file/traffic_15_nodes_random.json --inspection-rate 0.001 --mess-rate 0.002 --algorithm greedy,0.415700000001,0,213,90,239,53,0,204,310,66,0,56,185,0,0,127,136,217,49,0,232,0,0,59,126,284,152,56,0,41,0,0,215,0,303,185,0,407,492,458,183,387,411,405,306
project/sim_ext.py --sim-time 1.5 --seq-graph project/file/graph_15_nodes.json --traffic project/file/traffic_15_nodes_random.json --inspection-rate 0.001 --mess-rate 0.002 --algorithm greedy,0.416800000001,0,213,90,240,53,0,204,310,66,0,56,185,0,0,131,136,217,49,0,232,0,0,59,126,284,153,56,0,41,0,0,215,0,303,185,0,407,492,458,183,387,411,405,306
project/sim_ext.py --sim-time 1.5 --seq-graph project/file/graph_15_nodes.json --traffic project/file/traffic_15_nodes_random.json --inspection-rate 0.001 --mess-rate 0.002 --algorithm greedy,0.41809300000099997,0,213,90,240,53,0,204,312,66,0,56,185,0,0,131,138,217,49,0,232,0,0,59,126,284,154,56,0,41,0,0,218,0,305,185,0,407,492,458,183,387,411,405,306
project/sim_ext.py --sim-time 1.5 --seq-graph project/file/graph_15_nodes.json --traffic project/file/traffic_15_nodes_random.json --inspection-rate 0.001 --mess-rate 0.002 --algorithm greedy,0.419354000001,0,213,90,240,53,0,204,312,66,0,56,185,0,0,131,141,217,49,0,232,0,0,59,126,284,154,56,0,41,0,0,218,0,305,185,0,407,492,458,183,387,411,405,306
project/sim_ext.py --sim-time 1.5 --seq-graph project/file/graph_15_nodes.json --traffic project/file/traffic_15_nodes_random.json --inspection-rate 0.001 --mess-rate 0.002 --algorithm greedy,0.42066999997,0,213,90,240,53,0,204,313,66,0,56,185,0,0,131,141,217,49,0,232,0,0,59,126,284,154,56,0,41,0,0,218,0,305,185,0,407,492,458,183,387,411,405,306
project/sim_ext.py --sim-time 1.5 --seq-graph project/file/graph_15_nodes.json --traffic project/file/traffic_15_nodes_random.json --inspection-rate 0.001 --mess-rate 0.002 --algorithm greedy,0.421765000001,0,213,90,240,53,0,204,313,66,0,56,185,0,0,131,141,217,49,0,232,0,0,59,126,284,154,56,0,41,0,0,218,0,305,185,0,407,492,458,183,387,411,405,306
project/sim_ext.py --sim-time 1.5 --seq-graph project/file/graph_15_nodes.json --traffic project/file/traffic_15_nodes_random.json --inspection-rate 0.001 --mess-rate 0.002 --algorithm greedy,0.42281499997,0,214,90,240,53,0,204,314,66,0,56,185,0,0,131,143,217,49,0,232,0,0,59,126,284,154,56,0,41,0,0,220,0,305,189,0,407,492,458,183,387,411,405,306
project/sim_ext.py --sim-time 1.5 --seq-graph project/file/graph_15_nodes.json --traffic project/file/traffic_15_nodes_random.json --inspection-rate 0.001 --mess-rate 0.002 --algorithm greedy,0.423833000001,0,214,90,240,53,0,204,314,66,0,56,185,0,0,131,144,217,49,0,232,0,0,59,126,284,154,56,0,41,0,0,220,0,305,189,0,407,492,458,183,387,411,405,306
project/sim_ext.py --sim-time 1.5 --seq-graph project/file/graph_15_nodes.json --traffic project/file/traffic_15_nodes_random.json --inspection-rate 0.001 --mess-rate 0.002 --algorithm greedy,0.424873000001,0,214,90,240,53,0,204,314,66,0,56,185,0,0,131,144,217,49,0,232,0,0,59,126,284,157,56,0,41,0,0,220,0,305,189,0,407,492,458,183,387,411,405,306
project/sim_ext.py --sim-time 1.5 --seq-graph project/file/graph_15_nodes.json --traffic project/file/traffic_15_nodes_random.json --inspection-rate 0.001 --mess-rate 0.002 --algorithm greedy,0.42591700000099997,0,214,90,240,53,0,204,314,66,0,56,185,0,0,131,144,217,49,0,232,0,0,59,126,284,158,56,0,41,0,0,220,0,305,189,0,407,492,458,183,387,411,405,306
project/sim_ext.py --sim-time 1.5 --seq-graph project/file/graph_15_nodes.json --traffic project/file/traffic_15_nodes_random.json --inspection-rate 0.001 --mess-rate 0.002 --algorithm greedy,0.427410000001,0,215,90,240,53,0,204,314,66,0,56,185,0,0,131,144,217,49,0,232,0,0,59,126,284,161,56,0,41,0,0,220,0,305,191,0,407,492,458,183,387,411,405,306
project/sim_ext.py --sim-time 1.5 --seq-graph project/file/graph_15_nodes.json --traffic project/file/traffic_15_nodes_random.json --inspection-rate 0.001 --mess-rate 0.002 --algorithm greedy,0.428455399997,0,216,90,240,53,0,204,314,66,0,56,185,0,0,131,144,217,49,0,232,0,0,59,126,284,162,56,0,41,0,0,222,0,305,192,0,407,492,458,183,387,411,405,306
project/sim_ext.py --sim-time 1.5 --seq-graph project/file/graph_15_nodes.json --traffic project/file/traffic_15_nodes_random.json --inspection-rate 0.001 --mess-rate 0.002 --algorithm greedy,0.429513000001,0,216,90,240,53,0,204,319,66,0,56,190,0,0,131,147,217,49,0,232,0,0,59,126,284,162,56,0,41,0,0,223,0,305,192,0,407,506,458,183,387,411,405,306
project/sim_ext.py --sim-time 1.5 --seq-graph project/file/graph_15_nodes.json --traffic project/file/traffic_15_nodes_random.json --inspection-rate 0.001 --mess-rate 0.002 --algorithm greedy,0.430569000001,0,216,90,240,53,0,204,319,66,0,56,191,0,0,131,147,217,49,0,232,0,0,59,126,284,162,56,0,41,0,0,223,0,305,192,0,407,508,458,183,387,411,405,306
project/sim_ext.py --sim-time 1.5 --seq-graph project/file/graph_15_nodes.json --traffic project/file/traffic_15_nodes_random.json --inspection-rate 0.001 --mess-rate 0.002 --algorithm greedy,0.431585000001,0,216,90,240,53,0,204,320,66,0,56,191,0,0,131,147,217,49,0,232,0,0,59,126,284,162,56,0,41,0,0,223,0,305,192,0,407,508,458,183,387,411,405,306
project/sim_ext.py --sim-time 1.5 --seq-graph project/file/graph_15_nodes.json --traffic project/file/traffic_15_nodes_random.json --inspection-rate 0.001 --mess-rate 0.002 --algorithm greedy,0.432634000001,0,223,90,240,53,0,204,320,66,0,56,191,0,0,131,147,217,49,0,232,0,0,59,126,284,162,56,0,41,0,0,223,0,305,192,0,407,509,458,183,387,411,405,306
project/sim_ext.py --sim-time 1.5 --seq-graph project/file/graph_15_nodes.json --traffic project/file/traffic_15_nodes_random.json --inspection-rate 0.001 --mess-rate 0.002 --algorithm greedy,0.433836000001,0,223,90,240,53,0,204,320,66,0,56,191,0,0,131,147,217,49,0,232,0,0,59,126,284,162,56,0,41,0,0,223,0,305,192,0,407,511,458,183,387,411,405,306
project/sim_ext.py --sim-time 1.5 --seq-graph project/file/graph_15_nodes.json --traffic project/file/traffic_15_nodes_random.json --inspection-rate 0.001 --mess-rate 0.002 --algorithm greedy,0.434879000001,0,223,90,240,53,0,204,320,66,0,56,191,0,0,131,147,217,49,0,232,0,0,59,126,284,162,56,0,41,0,0,223,0,305,192,0,407,511,458,183,387,411,405,306
project/sim_ext.py --sim-time 1.5 --seq-graph project/file/graph_15_nodes.json --traffic project/file/traffic_15_nodes_random.json --inspection-rate 0.001 --mess-rate 0.002 --algorithm greedy,0.435898599997,0,225,90,240,53,0,204,320,66,0,56,193,0,0,131,147,217,49,0,232,0,0,59,126,284,162,56,0,41,0,0,223,0,305,192,0,407,514,458,183,387,411,405,306
project/sim_ext.py --sim-time 1.5 --seq-graph project/file/graph_15_nodes.json --traffic project/file/traffic_15_nodes_random.json --inspection-rate 0.001 --mess-rate 0.002 --algorithm greedy,0.437026000001,0,225,90,240,53,0,204,320,66,0,56,194,0,0,131,147,217,49,0,232,0,0,59,126,284,162,56,0,41,0,0,223,0,305,192,0,407,514,458,183,387,411,405,306
project/sim_ext.py --sim-time 1.5 --seq-graph project/file/graph_15_nodes.json --traffic project/file/traffic_15_nodes_random.json --inspection-rate 0.001 --mess-rate 0.002 --algorithm greedy,0.4380620053041046,0,227,90,240,53,0,204,320,66,0,56,195,0,0,131,147,217,49,0,232,0,0,59,126,284,162,56,0,41,0,0,223,0,305,192,0,407,518,458,183,387,411,405,306
project/sim_ext.py --sim-time 1.5 --seq-graph project/file/graph_15_nodes.json --traffic project/file/traffic_15_nodes_random.json --inspection-rate 0.001 --mess-rate 0.002 --algorithm greedy,0.439093000001,0,230,90,240,53,0,204,320,66,0,56,195,0,0,131,147,217,49,0,232,0,0,59,126,284,162,56,0,41,0,0,223,0,305,192,0,407,519,458,183,387,411,405,306
project/sim_ext.py --sim-time 1.5 --seq-graph project/file/graph_15_nodes.json --traffic project/file/traffic_15_nodes_random.json --inspection-rate 0.001 --mess-rate 0.002 --algorithm greedy,0.440132000001,0,230,92,248,55,0,214,330,66,0,60,201,0,0,138,147,228,53,0,239,0,0,60,132,298,164,58,0,44,0,0,228,0,322,199,0,427,530,479,207,410,433,426,326
project/sim_ext.py --sim-time 1.5 --seq-graph project/file/graph_15_nodes.json --traffic project/file/traffic_15_nodes_random.json --inspection-rate 0.001 --mess-rate 0.002 --algorithm greedy,0.441142000001,0,230,95,248,56,0,214,330,68,0,60,201,0,0,138,148,230,53,0,239,0,0,60,135,298,164,58,0,44,0,0,228,0,324,199,0,428,530,480,210,413,434,428,327
project/sim_ext.py --sim-time 1.5 --seq-graph project/file/graph_15_nodes.json --traffic project/file/traffic_15_nodes_random.json --inspection-rate 0.001 --mess-rate 0.002 --algorithm greedy,0.442145000001,0,230,95,250,56,0,216,330,68,0,61,201,0,0,138,149,230,54,0,239,0,0,60,135,298,165,58,0,44,0,0,229,0,324,200,0,431,530,480,215,413,436,432,329
project/sim_ext.py --sim-time 1.5 --seq-graph project/file/graph_15_nodes.json --traffic project/file/traffic_15_nodes_random.json --inspection-rate 0.001 --mess-rate 0.002 --algorithm greedy,0.443183999997,0,230,95,251,56,0,217,333,68,0,61,201,0,0,139,149,231,54,0,244,0,0,62,136,303,165,59,0,44,0,0,233,0,329,202,0,434,530,480,219,414,440,434,331
project/sim_ext.py --sim-time 1.5 --seq-graph project/file/graph_15_nodes.json --traffic project/file/traffic_15_nodes_random.json --inspection-rate 0.001 --mess-rate 0.002 --algorithm greedy,0.444212199997,0,230,95,252,56,0,217,334,68,0,61,201,0,0,140,150,231,56,0,245,0,0,64,137,304,165,59,0,44,0,0,233,0,330,202,0,442,530,480,220,414,440,439,332
project/sim_ext.py --sim-time 1.5 --seq-graph project/file/graph_15_nodes.json --traffic project/file/traffic_15_nodes_random.json --inspection-rate 0.001 --mess-rate 0.002 --algorithm greedy,0.44551300000099997,0,230,101,255,56,0,217,334,69,0,61,201,0,0,140,150,237,58,0,246,0,0,64,138,304,165,60,0,44,0,0,233,0,331,202,0,446,530,482,222,419,442,443,337
project/sim_ext.py --sim-time 1.5 --seq-graph project/file/graph_15_nodes.json --traffic project/file/traffic_15_nodes_random.json --inspection-rate 0.001 --mess-rate 0.002 --algorithm greedy,0.446530000001,0,232,102,256,56,0,217,337,71,0,61,201,0,0,140,151,237,58,0,250,0,0,65,138,305,165,60,0,44,0,0,234,0,334,202,0,447,530,493,225,420,445,448,337
project/sim_ext.py --sim-time 1.5 --seq-graph project/file/graph_15_nodes.json --traffic project/file/traffic_15_nodes_random.json --inspection-rate 0.001 --mess-rate 0.002 --algorithm greedy,0.447806000001,0,233,102,257,57,0,218,337,71,0,62,201,0,0,140,151,238,58,0,253,0,0,67,138,307,166,60,0,44,0,0,235,0,334,205,0,449,530,496,226,421,447,448,337
project/sim_ext.py --sim-time 1.5 --seq-graph project/file/graph_15_nodes.json --traffic project/file/traffic_15_nodes_random.json --inspection-rate 0.001 --mess-rate 0.002 --algorithm greedy,0.449322000001,0,234,102,258,59,0,219,337,73,0,62,201,0,0,140,151,242,58,0,255,0,0,68,138,308,166,60,0,44,0,0,236,0,335,205,0,449,530,501,226,422,450,448,337
project/sim_ext.py --sim-time 1.5 --seq-graph project/file/graph_15_nodes.json --traffic project/file/traffic_15_nodes_random.json --inspection-rate 0.001 --mess-rate 0.002 --algorithm greedy,0.450352000001,0,235,102,258,59,0,220,337,73,0,62,201,0,0,141,151,242,58,0,255,0,0,68,138,308,166,60,0,44,0,0,236,0,335,205,0,450,530,502,226,422,450,448,337
project/sim_ext.py --sim-time 1.5 --seq-graph project/file/graph_15_nodes.json --traffic project/file/traffic_15_nodes_random.json --inspection-rate 0.001 --mess-rate 0.002 --algorithm greedy,0.451381000001,0,235,103,258,59,0,221,341,73,0,62,201,0,0,141,151,242,58,0,257,0,0,68,138,308,166,60,0,44,0,0,236,0,336,206,0,450,530,502,226,422,450,448,337
project/sim_ext.py --sim-time 1.5 --seq-graph project/file/graph_15_nodes.json --traffic project/file/traffic_15_nodes_random.json --inspection-rate 0.001 --mess-rate 0.002 --algorithm greedy,0.45269800000099997,0,235,103,258,59,0,222,342,73,0,62,201,0,0,141,151,242,58,0,257,0,0,68,138,308,166,60,0,44,0,0,236,0,336,206,0,450,530,502,226,422,450,448,337
project/sim_ext.py --sim-time 1.5 --seq-graph project/file/graph_15_nodes.json --traffic project/file/traffic_15_nodes_random.json --inspection-rate 0.001 --mess-rate 0.002 --algorithm greedy,0.45372499996599996,0,235,103,262,59,0,222,342,73,0,62,201,0,0,144,151,242,58,0,257,0,0,68,138,308,168,60,0,44,0,0,236,0,336,207,0,450,530,502,226,422,450,448,342
project/sim_ext.py --sim-time 1.5 --seq-graph project/file/graph_15_nodes.json --traffic project/file/traffic_15_nodes_random.json --inspection-rate 0.001 --mess-rate 0.002 --algorithm greedy,0.45479139999699997,0,236,103,262,59,0,222,343,73,0,62,201,0,0,144,153,242,58,0,257,0,0,68,138,308,169,60,0,44,0,0,236,0,336,207,0,450,530,502,226,422,450,448,342
project/sim_ext.py --sim-time 1.5 --seq-graph project/file/graph_15_nodes.json --traffic project/file/traffic_15_nodes_random.json --inspection-rate 0.001 --mess-rate 0.002 --algorithm greedy,0.455793000001,0,236,103,262,59,0,223,344,73,0,62,201,0,0,145,153,242,58,0,257,0,0,68,138,308,169,60,0,44,0,0,236,0,336,207,0,450,530,502,226,422,450,448,342
project/sim_ext.py --sim-time 1.5 --seq-graph project/file/graph_15_nodes.json --traffic project/file/traffic_15_nodes_random.json --inspection-rate 0.001 --mess-rate 0.002 --algorithm greedy,0.456823000001,0,236,103,262,59,0,223,344,73,0,62,201,0,0,145,153,242,58,0,257,0,0,68,138,308,169,60,0,44,0,0,236,0,336,207,0,450,530,502,226,422,450,448,342
project/sim_ext.py --sim-time 1.5 --seq-graph project/file/graph_15_nodes.json --traffic project/file/traffic_15_nodes_random.json --inspection-rate 0.001 --mess-rate 0.002 --algorithm greedy,0.457955000001,0,238,103,262,59,0,223,344,73,0,62,201,0,0,145,153,242,58,0,257,0,0,68,138,308,169,60,0,44,0,0,236,0,336,207,0,450,530,502,226,422,450,448,342
project/sim_ext.py --sim-time 1.5 --seq-graph project/file/graph_15_nodes.json --traffic project/file/traffic_15_nodes_random.json --inspection-rate 0.001 --mess-rate 0.002 --algorithm greedy,0.458956000001,0,238,103,262,59,0,223,344,73,0,62,201,0,0,145,153,242,58,0,257,0,0,68,138,308,169,60,0,44,0,0,236,0,336,207,0,450,530,502,226,422,450,448,342
project/sim_ext.py --sim-time 1.5 --seq-graph project/file/graph_15_nodes.json --traffic project/file/traffic_15_nodes_random.json --inspection-rate 0.001 --mess-rate 0.002 --algorithm greedy,0.460045000001,0,239,103,262,59,0,223,344,73,0,62,201,0,0,145,153,242,58,0,257,0,0,68,138,308,170,60,0,44,0,0,241,0,336,211,0,450,530,502,226,422,450,448,342
project/sim_ext.py --sim-time 1.5 --seq-graph project/file/graph_15_nodes.json --traffic project/file/traffic_15_nodes_random.json --inspection-rate 0.001 --mess-rate 0.002 --algorithm greedy,0.461113000001,0,239,103,262,59,0,223,344,73,0,62,201,0,0,145,153,242,58,0,257,0,0,68,138,308,171,60,0,44,0,0,241,0,336,211,0,450,530,502,226,422,450,448,342
project/sim_ext.py --sim-time 1.5 --seq-graph project/file/graph_15_nodes.json --traffic project/file/traffic_15_nodes_random.json --inspection-rate 0.001 --mess-rate 0.002 --algorithm greedy,0.4621918049694732,0,240,103,262,59,0,223,345,73,0,62,201,0,0,145,156,242,58,0,257,0,0,68,138,308,171,60,0,44,0,0,241,0,336,211,0,450,530,502,226,422,450,448,342
project/sim_ext.py --sim-time 1.5 --seq-graph project/file/graph_15_nodes.json --traffic project/file/traffic_15_nodes_random.json --inspection-rate 0.001 --mess-rate 0.002 --algorithm greedy,0.46324000000099996,0,241,103,262,59,0,223,345,73,0,62,201,0,0,145,156,242,58,0,257,0,0,68,138,308,172,60,0,44,0,0,241,0,336,211,0,450,530,502,226,422,450,448,342
project/sim_ext.py --sim-time 1.5 --seq-graph project/file/graph_15_nodes.json --traffic project/file/traffic_15_nodes_random.json --inspection-rate 0.001 --mess-rate 0.002 --algorithm greedy,0.464250000001,0,241,103,262,59,0,223,345,73,0,62,201,0,0,145,156,242,58,0,257,0,0,68,138,308,172,60,0,44,0,0,242,0,336,212,0,450,530,502,226,422,450,448,342
project/sim_ext.py --sim-time 1.5 --seq-graph project/file/graph_15_nodes.json --traffic project/file/traffic_15_nodes_random.json --inspection-rate 0.001 --mess-rate 0.002 --algorithm greedy,0.465264000001,0,242,103,262,59,0,223,345,73,0,62,201,0,0,145,156,242,58,0,257,0,0,68,138,308,173,60,0,44,0,0,243,0,336,212,0,450,530,502,226,422,450,448,342
project/sim_ext.py --sim-time 1.5 --seq-graph project/file/graph_15_nodes.json --traffic project/file/traffic_15_nodes_random.json --inspection-rate 0.001 --mess-rate 0.002 --algorithm greedy,0.466515000001,0,244,103,262,59,0,223,345,73,0,62,201,0,0,145,156,242,58,0,257,0,0,68,138,308,173,60,0,44,0,0,243,0,336,212,0,450,530,502,226,422,450,448,342
project/sim_ext.py --sim-time 1.5 --seq-graph project/file/graph_15_nodes.json --traffic project/file/traffic_15_nodes_random.json --inspection-rate 0.001 --mess-rate 0.002 --algorithm greedy,0.467563000001,0,244,103,262,59,0,223,345,73,0,62,201,0,0,145,156,242,58,0,257,0,0,68,138,308,174,60,0,44,0,0,243,0,336,213,0,450,530,502,226,422,450,448,342
project/sim_ext.py --sim-time 1.5 --seq-graph project/file/graph_15_nodes.json --traffic project/file/traffic_15_nodes_random.json --inspection-rate 0.001 --mess-rate 0.002 --algorithm greedy,0.468887000001,0,244,103,262,59,0,223,345,73,0,62,201,0,0,145,156,242,58,0,257,0,0,68,138,308,176,60,0,44,0,0,243,0,336,214,0,450,530,502,226,422,450,448,342
project/sim_ext.py --sim-time 1.5 --seq-graph project/file/graph_15_nodes.json --traffic project/file/traffic_15_nodes_random.json --inspection-rate 0.001 --mess-rate 0.002 --algorithm greedy,0.470016999997,0,244,103,263,59,0,223,345,73,0,62,202,0,0,145,156,242,59,0,257,0,0,68,138,308,177,60,0,44,0,0,243,0,337,214,0,451,531,503,226,423,451,449,342
project/sim_ext.py --sim-time 1.5 --seq-graph project/file/graph_15_nodes.json --traffic project/file/traffic_15_nodes_random.json --inspection-rate 0.001 --mess-rate 0.002 --algorithm greedy,0.47104300000099997,0,244,103,272,62,0,229,352,73,0,67,209,0,0,147,160,251,67,0,262,0,0,69,141,327,177,61,0,49,0,0,247,0,350,219,0,477,554,530,226,447,472,468,354
project/sim_ext.py --sim-time 1.5 --seq-graph project/file/graph_15_nodes.json --traffic project/file/traffic_15_nodes_random.json --inspection-rate 0.001 --mess-rate 0.002 --algorithm greedy,0.472109000001,0,244,103,272,62,0,230,353,75,0,68,210,0,0,147,161,253,67,0,264,0,0,72,142,330,179,62,0,49,0,0,248,0,351,219,0,479,562,531,226,450,475,472,358
project/sim_ext.py --sim-time 1.5 --seq-graph project/file/graph_15_nodes.json --traffic project/file/traffic_15_nodes_random.json --inspection-rate 0.001 --mess-rate 0.002 --algorithm greedy,0.473225000001,0,244,103,273,63,0,230,353,76,0,69,214,0,0,147,162,255,67,0,267,0,0,73,142,331,179,63,0,49,0,0,250,0,351,222,0,480,571,536,226,456,475,474,359
project/sim_ext.py --sim-time 1.5 --seq-graph project/file/graph_15_nodes.json --traffic project/file/traffic_15_nodes_random.json --inspection-rate 0.001 --mess-rate 0.002 --algorithm greedy,0.474374999974,0,246,103,274,63,0,230,354,76,0,69,214,0,0,149,163,255,68,0,270,0,0,74,143,333,181,64,0,49,0,0,251,0,355,223,0,486,581,539,226,459,478,475,360
project/sim_ext.py --sim-time 1.5 --seq-graph project/file/graph_15_nodes.json --traffic project/file/traffic_15_nodes_random.json --inspection-rate 0.001 --mess-rate 0.002 --algorithm greedy,0.475522000001,0,247,103,274,63,0,230,355,76,0,69,214,0,0,149,164,256,68,0,271,0,0,74,143,333,181,64,0,49,0,0,251,0,358,223,0,487,581,539,226,459,478,478,360
project/sim_ext.py --sim-time 1.5 --seq-graph project/file/graph_15_nodes.json --traffic project/file/traffic_15_nodes_random.json --inspection-rate 0.001 --mess-rate 0.002 --algorithm greedy,0.476602599997,0,248,103,275,65,0,231,360,77,0,69,215,0,0,150,164,258,69,0,272,0,0,75,146,335,182,66,0,49,0,0,251,0,363,223,0,493,582,551,226,463,481,479,366
project/sim_ext.py --sim-time 1.5 --seq-graph project/file/graph_15_nodes.json --traffic project/file/traffic_15_nodes_random.json --inspection-rate 0.001 --mess-rate 0.002 --algorithm greedy,0.47760739999699997,0,248,103,275,66,0,231,360,77,0,69,215,0,0,151,164,258,70,0,272,0,0,75,147,335,183,66,0,49,0,0,255,0,363,223,0,493,582,552,226,465,484,480,366
project/sim_ext.py --sim-time 1.5 --seq-graph project/file/graph_15_nodes.json --traffic project/file/traffic_15_nodes_random.json --inspection-rate 0.001 --mess-rate 0.002 --algorithm greedy,0.47866499997399997,0,249,103,275,66,0,232,360,78,0,72,215,0,0,151,164,258,70,0,274,0,0,75,147,335,183,66,0,49,0,0,255,0,364,223,0,493,582,552,226,465,484,480,366
project/sim_ext.py --sim-time 1.5 --seq-graph project/file/graph_15_nodes.json --traffic project/file/traffic_15_nodes_random.json --inspection-rate 0.001 --mess-rate 0.002 --algorithm greedy,0.479741000001,0,249,103,276,66,0,234,361,79,0,72,215,0,0,152,167,258,70,0,276,0,0,77,147,335,183,66,0,49,0,0,256,0,367,223,0,493,582,552,226,465,484,480,366
project/sim_ext.py --sim-time 1.5 --seq-graph project/file/graph_15_nodes.json --traffic project/file/traffic_15_nodes_random.json --inspection-rate 0.001 --mess-rate 0.002 --algorithm greedy,0.480777000001,0,249,104,276,66,0,234,362,79,0,72,215,0,0,153,167,258,70,0,280,0,0,77,147,335,186,66,0,49,0,0,257,0,367,223,0,493,582,552,238,465,484,480,366
project/sim_ext.py --sim-time 1.5 --seq-graph project/file/graph_15_nodes.json --traffic project/file/traffic_15_nodes_random.json --inspection-rate 0.001 --mess-rate 0.002 --algorithm greedy,0.481901000001,0,249,104,279,66,0,234,362,79,0,72,215,0,0,153,167,258,70,0,280,0,0,77,147,335,186,66,0,49,0,0,257,0,367,224,0,493,582,552,239,465,484,480,368
project/sim_ext.py --sim-time 1.5 --seq-graph project/file/graph_15_nodes.json --traffic project/file/traffic_15_nodes_random.json --inspection-rate 0.001 --mess-rate 0.002 --algorithm greedy,0.482933000001,0,249,104,279,66,0,235,362,79,0,72,215,0,0,154,167,258,70,0,280,0,0,77,147,335,186,66,0,49,0,0,257,0,367,225,0,493,582,552,239,465,484,480,368
project/sim_ext.py --sim-time 1.5 --seq-graph project/file/graph_15_nodes.json --traffic project/file/traffic_15_nodes_random.json --inspection-rate 0.001 --mess-rate 0.002 --algorithm greedy,0.484381000001,0,250,104,279,66,0,238,362,79,0,72,215,0,0,154,167,258,70,0,280,0,0,77,147,335,187,66,0,49,0,0,260,0,367,228,0,493,582,552,239,465,484,480,370
project/sim_ext.py --sim-time 1.5 --seq-graph project/file/graph_15_nodes.json --traffic project/file/traffic_15_nodes_random.json --inspection-rate 0.001 --mess-rate 0.002 --algorithm greedy,0.48538800000099996,0,250,104,279,66,0,238,362,79,0,72,215,0,0,154,167,258,70,0,280,0,0,77,147,335,187,66,0,49,0,0,260,0,367,228,0,493,582,552,239,465,484,480,370
project/sim_ext.py --sim-time 1.5 --seq-graph project/file/graph_15_nodes.json --traffic project/file/traffic_15_nodes_random.json --inspection-rate 0.001 --mess-rate 0.002 --algorithm greedy,0.486705999997,0,250,106,281,66,0,238,362,79,0,72,215,0,0,154,167,258,70,0,280,0,0,77,147,335,187,66,0,49,0,0,260,0,367,228,0,493,582,552,240,465,484,480,370
project/sim_ext.py --sim-time 1.5 --seq-graph project/file/graph_15_nodes.json --traffic project/file/traffic_15_nodes_random.json --inspection-rate 0.001 --mess-rate 0.002 --algorithm greedy,0.487713000001,0,250,106,281,66,0,239,365,79,0,72,215,0,0,154,171,258,70,0,280,0,0,77,147,335,187,66,0,49,0,0,260,0,367,228,0,493,582,552,244,465,484,480,370
project/sim_ext.py --sim-time 1.5 --seq-graph project/file/graph_15_nodes.json --traffic project/file/traffic_15_nodes_random.json --inspection-rate 0.001 --mess-rate 0.002 --algorithm greedy,0.48885499996299997,0,250,106,281,66,0,239,365,79,0,72,215,0,0,154,171,258,70,0,280,0,0,77,147,335,187,66,0,49,0,0,260,0,367,228,0,493,582,552,244,465,484,480,370
project/sim_ext.py --sim-time 1.5 --seq-graph project/file/graph_15_nodes.json --traffic project/file/traffic_15_nodes_random.json --inspection-rate 0.001 --mess-rate 0.002 --algorithm greedy,0.48999600000099996,0,251,107,281,66,0,239,366,79,0,72,215,0,0,156,174,258,70,0,280,0,0,77,147,335,188,66,0,49,0,0,261,0,367,232,0,493,582,552,247,465,484,480,370
project/sim_ext.py --sim-time 1.5 --seq-graph project/file/graph_15_nodes.json --traffic project/file/traffic_15_nodes_random.json --inspection-rate 0.001 --mess-rate 0.002 --algorithm greedy,0.491078000001,0,251,107,281,66,0,239,366,79,0,72,215,0,0,156,174,258,70,0,280,0,0,77,147,335,189,66,0,49,0,0,264,0,367,232,0,493,582,552,248,465,484,480,370
project/sim_ext.py --sim-time 1.5 --seq-graph project/file/graph_15_nodes.json --traffic project/file/traffic_15_nodes_random.json --inspection-rate 0.001 --mess-rate 0.002 --algorithm greedy,0.492219000001,0,251,107,281,66,0,240,367,79,0,72,215,0,0,156,175,258,70,0,280,0,0,77,147,335,189,66,0,49,0,0,265,0,367,232,0,493,582,552,248,465,484,480,370
project/sim_ext.py --sim-time 1.5 --seq-graph project/file/graph_15_nodes.json --traffic project/file/traffic_15_nodes_random.json --inspection-rate 0.001 --mess-rate 0.002 --algorithm greedy,0.49327600000099997,0,251,107,281,66,0,240,367,79,0,72,215,0,0,156,175,258,70,0,280,0,0,77,147,335,189,66,0,49,0,0,265,0,367,232,0,493,582,552,248,465,484,480,370
project/sim_ext.py --sim-time 1.5 --seq-graph project/file/graph_15_nodes.json --traffic project/file/traffic_15_nodes_random.json --inspection-rate 0.001 --mess-rate 0.002 --algorithm greedy,0.494588000001,0,252,107,281,66,0,240,367,79,0,72,215,0,0,156,175,258,70,0,280,0,0,77,147,335,189,66,0,49,0,0,266,0,367,233,0,493,582,552,248,465,484,480,370
project/sim_ext.py --sim-time 1.5 --seq-graph project/file/graph_15_nodes.json --traffic project/file/traffic_15_nodes_random.json --inspection-rate 0.001 --mess-rate 0.002 --algorithm greedy,0.495701000001,0,252,107,281,66,0,240,369,79,0,72,215,0,0,156,177,258,70,0,280,0,0,77,147,335,189,66,0,49,0,0,267,0,367,235,0,493,582,552,250,465,484,480,370
project/sim_ext.py --sim-time 1.5 --seq-graph project/file/graph_15_nodes.json --traffic project/file/traffic_15_nodes_random.json --inspection-rate 0.001 --mess-rate 0.002 --algorithm greedy,0.496719000001,0,252,107,281,66,0,240,370,79,0,72,215,0,0,156,179,258,70,0,280,0,0,77,147,335,189,66,0,49,0,0,268,0,367,236,0,493,582,552,250,465,484,480,370
project/sim_ext.py --sim-time 1.5 --seq-graph project/file/graph_15_nodes.json --traffic project/file/traffic_15_nodes_random.json --inspection-rate 0.001 --mess-rate 0.002 --algorithm greedy,0.49799600000099997,0,252,107,281,66,0,240,370,79,0,72,215,0,0,156,179,258,70,0,280,0,0,77,147,335,191,66,0,49,0,0,269,0,367,237,0,493,582,552,250,465,484,480,370
project/sim_ext.py --sim-time 1.5 --seq-graph project/file/graph_15_nodes.json --traffic project/file/traffic_15_nodes_random.json --inspection-rate 0.001 --mess-rate 0.002 --algorithm greedy,0.499014000001,0,252,107,281,66,0,240,370,79,0,72,215,0,0,156,179,258,70,0,280,0,0,77,147,335,191,66,0,49,0,0,269,0,367,237,0,493,582,552,250,465,484,480,370
project/sim_ext.py --sim-time 1.5 --seq-graph project/file/graph_15_nodes.json --traffic project/file/traffic_15_nodes_random.json --inspection-rate 0.001 --mess-rate 0.002 --algorithm greedy,0.500171599997,0,253,107,281,66,0,240,370,79,0,72,215,0,0,156,179,258,70,0,280,0,0,77,147,335,192,66,0,49,0,0,270,0,367,238,0,493,582,552,250,465,484,480,370
project/sim_ext.py --sim-time 1.5 --seq-graph project/file/graph_15_nodes.json --traffic project/file/traffic_15_nodes_random.json --inspection-rate 0.001 --mess-rate 0.002 --algorithm greedy,0.501302399997,0,260,109,290,69,0,247,376,80,0,72,223,0,0,158,182,266,70,0,289,0,0,82,151,349,192,67,0,50,0,0,271,0,378,240,0,517,606,574,250,484,502,498,390
project/sim_ext.py --sim-time 1.5 --seq-graph project/file/graph_15_nodes.json --traffic project/file/traffic_15_nodes_random.json --inspection-rate 0.001 --mess-rate 0.002 --algorithm greedy,0.502407399997,0,262,110,291,70,0,249,377,81,0,72,226,0,0,158,182,268,70,0,290,0,0,82,152,350,192,69,0,50,0,0,271,0,379,244,0,524,618,587,250,485,503,502,390
project/sim_ext.py --sim-time 1.5 --seq-graph project/file/graph_15_nodes.json --traffic project/file/traffic_15_nodes_random.json --inspection-rate 0.001 --mess-rate 0.002 --algorithm greedy,0.503433599997,0,263,111,292,70,0,249,378,82,0,72,228,0,0,159,183,269,70,0,290,0,0,82,152,351,193,69,0,53,0,0,275,0,380,245,0,527,621,589,250,489,506,506,390
project/sim_ext.py --sim-time 1.5 --seq-graph project/file/graph_15_nodes.json --traffic project/file/traffic_15_nodes_random.json --inspection-rate 0.001 --mess-rate 0.002 --algorithm greedy,0.504463000001,0,264,112,295,71,0,251,379,82,0,72,229,0,0,159,183,270,70,0,294,0,0,83,153,352,193,72,0,53,0,0,275,0,382,247,0,532,630,592,250,493,507,508,393
project/sim_ext.py --sim-time 1.5 --seq-graph project/file/graph_15_nodes.json --traffic project/file/traffic_15_nodes_random.json --inspection-rate 0.001 --mess-rate 0.002 --algorithm greedy,0.505526399997,0,264,114,296,71,0,252,379,82,0,72,232,0,0,159,183,271,70,0,294,0,0,83,155,354,193,72,0,56,0,0,276,0,383,248,0,536,639,596,250,496,508,511,395
project/sim_ext.py --sim-time 1.5 --seq-graph project/file/graph_15_nodes.json --traffic project/file/traffic_15_nodes_random.json --inspection-rate 0.001 --mess-rate 0.002 --algorithm greedy,0.506614999966,0,265,114,296,71,0,252,380,83,0,72,234,0,0,159,184,271,70,0,294,0,0,84,155,355,193,74,0,56,0,0,276,0,383,248,0,537,639,596,250,496,509,513,396
project/sim_ext.py --sim-time 1.5 --seq-graph project/file/graph_15_nodes.json --traffic project/file/traffic_15_nodes_random.json --inspection-rate 0.001 --mess-rate 0.002 --algorithm greedy,0.5076787999969999,0,266,115,297,72,0,253,382,86,0,72,235,0,0,160,184,271,71,0,297,0,0,86,156,359,193,74,0,56,0,0,276,0,384,248,0,539,639,598,250,501,511,520,398
project/sim_ext.py --sim-time 1.5 --seq-graph project/file/graph_15_nodes.json --traffic project/file/traffic_15_nodes_random.json --inspection-rate 0.001 --mess-rate 0.002 --algorithm greedy,0.508700000001,0,267,115,297,72,0,253,385,86,0,72,235,0,0,161,185,271,71,0,300,0,0,86,157,359,194,74,0,56,0,0,277,0,386,250,0,539,639,598,250,502,515,521,402
project/sim_ext.py --sim-time 1.5 --seq-graph project/file/graph_15_nodes.json --traffic project/file/traffic_15_nodes_random.json --inspection-rate 0.001 --mess-rate 0.002 --algorithm greedy,0.509765000001,0,267,116,297,73,0,254,386,88,0,72,236,0,0,161,187,271,71,0,303,0,0,87,159,360,195,74,0,56,0,0,277,0,386,250,0,539,639,598,250,503,516,523,403
project/sim_ext.py --sim-time 1.5 --seq-graph project/file/graph_15_nodes.json --traffic project/file/traffic_15_nodes_random.json --inspection-rate 0.001 --mess-rate 0.002 --algorithm greedy,0.510802000001,0,269,116,297,73,0,254,387,88,0,72,236,0,0,161,187,271,71,0,304,0,0,87,159,360,197,74,0,56,0,0,278,0,388,250,0,539,639,598,250,503,517,523,405
project/sim_ext.py --sim-time 1.5 --seq-graph project/file/graph_15_nodes.json --traffic project/file/traffic_15_nodes_random.json --inspection-rate 0.001 --mess-rate 0.002 --algorithm greedy,0.511861000001,0,272,116,297,73,0,255,388,88,0,72,236,0,0,163,187,271,71,0,307,0,0,87,159,361,197,74,0,56,0,0,278,0,389,250,0,539,639,598,250,503,517,524,405
project/sim_ext.py --sim-time 1.5 --seq-graph project/file/graph_15_nodes.json --traffic project/file/traffic_15_nodes_random.json --inspection-rate 0.001 --mess-rate 0.002 --algorithm greedy,0.512891000001,0,272,116,299,73,0,255,388,88,0,72,236,0,0,163,187,273,71,0,307,0,0,87,159,361,197,74,0,56,0,0,278,0,389,250,0,539,639,598,250,503,517,524,405
project/sim_ext.py --sim-time 1.5 --seq-graph project/file/graph_15_nodes.json --traffic project/file/traffic_15_nodes_random.json --inspection-rate 0.001 --mess-rate 0.002 --algorithm greedy,0.5139549999699999,0,273,116,299,73,0,256,389,88,0,72,236,0,0,163,188,273,71,0,307,0,0,87,159,361,198,74,0,56,0,0,280,0,391,251,0,539,639,598,250,503,517,524,405
project/sim_ext.py --sim-time 1.5 --seq-graph project/file/graph_15_nodes.json --traffic project/file/traffic_15_nodes_random.json --inspection-rate 0.001 --mess-rate 0.002 --algorithm greedy,0.515389000001,0,273,116,300,73,0,257,392,88,0,72,236,0,0,163,188,273,71,0,307,0,0,87,159,361,199,74,0,56,0,0,280,0,392,252,0,539,639,598,250,503,517,524,405
project/sim_ext.py --sim-time 1.5 --seq-graph project/file/graph_15_nodes.json --traffic project/file/traffic_15_nodes_random.json --inspection-rate 0.001 --mess-rate 0.002 --algorithm greedy,0.516390000001,0,274,116,300,73,0,257,392,88,0,72,236,0,0,163,188,273,71,0,307,0,0,87,159,361,199,74,0,56,0,0,280,0,392,253,0,539,639,598,250,503,517,524,405
project/sim_ext.py --sim-time 1.5 --seq-graph project/file/graph_15_nodes.json --traffic project/file/traffic_15_nodes_random.json --inspection-rate 0.001 --mess-rate 0.002 --algorithm greedy,0.517629000001,0,277,116,300,73,0,257,392,88,0,72,236,0,0,166,188,274,71,0,307,0,0,87,159,361,200,74,0,56,0,0,282,0,392,254,0,539,639,598,250,503,517,524,405
project/sim_ext.py --sim-time 1.5 --seq-graph project/file/graph_15_nodes.json --traffic project/file/traffic_15_nodes_random.json --inspection-rate 0.001 --mess-rate 0.002 --algorithm greedy,0.518631000001,0,277,116,300,73,0,257,392,88,0,72,236,0,0,167,188,274,71,0,307,0,0,87,159,361,201,74,0,56,0,0,284,0,392,255,0,539,639,598,250,503,517,524,405
project/sim_ext.py --sim-time 1.5 --seq-graph project/file/graph_15_nodes.json --traffic project/file/traffic_15_nodes_random.json --inspection-rate 0.001 --mess-rate 0.002 --algorithm greedy,0.5196553724303985,0,277,116,300,73,0,257,393,88,0,72,236,0,0,167,189,274,71,0,307,0,0,87,159,361,202,74,0,56,0,0,284,0,392,256,0,539,639,598,250,503,517,524,405
project/sim_ext.py --sim-time 1.5 --seq-graph project/file/graph_15_nodes.json --traffic project/file/traffic_15_nodes_random.json --inspection-rate 0.001 --mess-rate 0.002 --algorithm greedy,0.5207780000009999,0,277,116,300,73,0,257,393,88,0,72,236,0,0,167,190,274,71,0,307,0,0,87,159,361,204,74,0,56,0,0,284,0,392,257,0,539,639,598,250,503,517,524,405
project/sim_ext.py --sim-time 1.5 --seq-graph project/file/graph_15_nodes.json --traffic project/file/traffic_15_nodes_random.json --inspection-rate 0.001 --mess-rate 0.002 --algorithm greedy,0.521856999997,0,277,116,300,73,0,257,393,88,0,72,236,0,0,167,190,274,71,0,307,0,0,87,159,361,204,74,0,56,0,0,287,0,392,258,0,539,639,598,260,503,517,524,405
project/sim_ext.py --sim-time 1.5 --seq-graph project/file/graph_15_nodes.json --traffic project/file/traffic_15_nodes_random.json --inspection-rate 0.001 --mess-rate 0.002 --algorithm greedy,0.5229340510734078,0,278,116,300,73,0,257,393,88,0,72,236,0,0,167,190,274,71,0,307,0,0,87,159,361,205,74,0,56,0,0,288,0,392,258,0,539,639,598,262,503,517,524,405
project/sim_ext.py --sim-time 1.5 --seq-graph project/file/graph_15_nodes.json --traffic project/file/traffic_15_nodes_random.json --inspection-rate 0.001 --mess-rate 0.002 --algorithm greedy,0.5239710000009999,0,279,116,300,73,0,257,393,88,0,72,236,0,0,167,190,274,71,0,307,0,0,87,159,361,206,74,0,56,0,0,288,0,392,258,0,539,639,598,262,503,517,524,405
project/sim_ext.py --sim-time 1.5 --seq-graph project/file/graph_15_nodes.json --traffic project/file/traffic_15_nodes_random.json --inspection-rate 0.001 --mess-rate 0.002 --algorithm greedy,0.525000000001,0,281,116,300,73,0,257,395,88,0,72,236,0,0,167,191,274,71,0,307,0,0,87,159,361,206,74,0,56,0,0,288,0,392,258,0,539,639,598,263,503,517,524,405
project/sim_ext.py --sim-time 1.5 --seq-graph project/file/graph_15_nodes.json --traffic project/file/traffic_15_nodes_random.json --inspection-rate 0.001 --mess-rate 0.002 --algorithm greedy,0.5260275664809803,0,281,116,300,73,0,257,395,88,0,72,236,0,0,167,191,274,71,0,307,0,0,87,159,361,207,74,0,56,0,0,288,0,392,259,0,539,639,598,265,503,517,524,405
project/sim_ext.py --sim-time 1.5 --seq-graph project/file/graph_15_nodes.json --traffic project/file/traffic_15_nodes_random.json --inspection-rate 0.001 --mess-rate 0.002 --algorithm greedy,0.527040000001,0,281,116,300,73,0,257,397,88,0,72,236,0,0,167,191,274,71,0,307,0,0,87,159,361,207,74,0,56,0,0,288,0,392,259,0,539,639,598,265,503,517,524,405
project/sim_ext.py --sim-time 1.5 --seq-graph project/file/graph_15_nodes.json --traffic project/file/traffic_15_nodes_random.json --inspection-rate 0.001 --mess-rate 0.002 --algorithm greedy,0.528069000001,0,283,116,300,73,0,257,397,88,0,72,236,0,0,167,191,274,71,0,307,0,0,87,159,361,207,74,0,56,0,0,288,0,392,259,0,539,639,598,265,503,517,524,405
project/sim_ext.py --sim-time 1.5 --seq-graph project/file/graph_15_nodes.json --traffic project/file/traffic_15_nodes_random.json --inspection-rate 0.001 --mess-rate 0.002 --algorithm greedy,0.529074000001,0,284,116,300,73,0,257,397,88,0,72,236,0,0,167,191,274,71,0,307,0,0,87,159,361,207,74,0,56,0,0,290,0,392,259,0,539,639,598,265,503,517,524,405
project/sim_ext.py --sim-time 1.5 --seq-graph project/file/graph_15_nodes.json --traffic project/file/traffic_15_nodes_random.json --inspection-rate 0.001 --mess-rate 0.002 --algorithm greedy,0.530082000001,0,285,116,300,73,0,257,397,88,0,72,236,0,0,167,191,274,71,0,307,0,0,87,159,361,207,74,0,56,0,0,290,0,392,259,0,539,639,598,265,503,517,524,405
project/sim_ext.py --sim-time 1.5 --seq-graph project/file/graph_15_nodes.json --traffic project/file/traffic_15_nodes_random.json --inspection-rate 0.001 --mess-rate 0.002 --algorithm greedy,0.5311785710099828,0,285,116,300,73,0,257,397,88,0,72,236,0,0,167,191,274,71,0,307,0,0,87,159,361,207,74,0,56,0,0,290,0,392,259,0,539,639,598,265,503,517,524,405
project/sim_ext.py --sim-time 1.5 --seq-graph project/file/graph_15_nodes.json --traffic project/file/traffic_15_nodes_random.json --inspection-rate 0.001 --mess-rate 0.002 --algorithm greedy,0.532350799997,0,287,116,300,73,0,257,397,88,0,72,236,0,0,167,191,274,71,0,307,0,0,87,159,361,207,74,0,56,0,0,290,0,392,259,0,539,639,598,265,503,517,524,405
project/sim_ext.py --sim-time 1.5 --seq-graph project/file/graph_15_nodes.json --traffic project/file/traffic_15_nodes_random.json --inspection-rate 0.001 --mess-rate 0.002 --algorithm greedy,0.533352000001,0,288,116,300,73,0,257,397,88,0,72,236,0,0,167,191,274,71,0,307,0,0,87,159,361,207,74,0,56,0,0,290,0,392,259,0,539,639,598,265,503,517,524,405
project/sim_ext.py --sim-time 1.5 --seq-graph project/file/graph_15_nodes.json --traffic project/file/traffic_15_nodes_random.json --inspection-rate 0.001 --mess-rate 0.002 --algorithm greedy,0.534427000001,0,288,116,300,73,0,257,397,88,0,72,236,0,0,167,191,274,71,0,307,0,0,87,159,361,207,74,0,56,0,0,290,0,392,259,0,539,639,598,265,503,517,524,405
project/sim_ext.py --sim-time 1.5 --seq-graph project/file/graph_15_nodes.json --traffic project/file/traffic_15_nodes_random.json --inspection-rate 0.001 --mess-rate 0.002 --algorithm greedy,0.5354840000009999,0,288,116,300,73,0,257,397,88,0,72,236,0,0,167,191,274,71,0,307,0,0,87,159,361,207,74,0,56,0,0,290,0,392,259,0,539,639,598,265,503,517,524,405
project/sim_ext.py --sim-time 1.5 --seq-graph project/file/graph_15_nodes.json --traffic project/file/traffic_15_nodes_random.json --inspection-rate 0.001 --mess-rate 0.002 --algorithm greedy,0.536582000001,0,288,116,300,73,0,257,401,88,0,72,236,0,0,167,192,274,71,0,307,0,0,87,159,361,207,74,0,56,0,0,290,0,392,259,0,539,639,598,265,503,517,524,405
project/sim_ext.py --sim-time 1.5 --seq-graph project/file/graph_15_nodes.json --traffic project/file/traffic_15_nodes_random.json --inspection-rate 0.001 --mess-rate 0.002 --algorithm greedy,0.537641599997,0,288,116,300,73,0,257,401,88,0,72,236,0,0,167,192,274,71,0,307,0,0,87,159,361,207,74,0,56,0,0,290,0,392,259,0,539,639,598,265,503,517,524,405
project/sim_ext.py --sim-time 1.5 --seq-graph project/file/graph_15_nodes.json --traffic project/file/traffic_15_nodes_random.json --inspection-rate 0.001 --mess-rate 0.002 --algorithm greedy,0.538714999966,0,289,116,300,73,0,257,401,88,0,72,236,0,0,167,192,274,71,0,307,0,0,87,159,361,207,74,0,56,0,0,290,0,392,259,0,539,639,598,265,503,517,524,405
project/sim_ext.py --sim-time 1.5 --seq-graph project/file/graph_15_nodes.json --traffic project/file/traffic_15_nodes_random.json --inspection-rate 0.001 --mess-rate 0.002 --algorithm greedy,0.540042000001,0,289,116,300,73,0,257,401,88,0,72,236,0,0,167,192,274,71,0,307,0,0,87,159,361,207,74,0,56,0,0,290,0,392,259,0,539,639,598,265,503,517,524,405
project/sim_ext.py --sim-time 1.5 --seq-graph project/file/graph_15_nodes.json --traffic project/file/traffic_15_nodes_random.json --inspection-rate 0.001 --mess-rate 0.002 --algorithm greedy,0.541043000001,0,289,116,300,73,0,257,401,88,0,72,236,0,0,167,192,274,71,0,307,0,0,87,159,361,207,74,0,56,0,0,290,0,392,259,0,539,639,598,265,503,517,524,405
project/sim_ext.py --sim-time 1.5 --seq-graph project/file/graph_15_nodes.json --traffic project/file/traffic_15_nodes_random.json --inspection-rate 0.001 --mess-rate 0.002 --algorithm greedy,0.542063999997,0,296,120,306,73,0,264,412,90,0,74,241,0,0,172,196,286,71,0,315,0,0,88,165,370,214,76,0,57,0,0,297,0,403,264,0,551,652,612,265,517,530,537,411
project/sim_ext.py --sim-time 1.5 --seq-graph project/file/graph_15_nodes.json --traffic project/file/traffic_15_nodes_random.json --inspection-rate 0.001 --mess-rate 0.002 --algorithm greedy,0.543184421598582,0,297,121,312,73,0,264,412,91,0,77,245,0,0,174,196,288,71,0,315,0,0,88,167,375,215,76,0,57,0,0,298,0,406,266,0,568,665,617,265,529,541,547,415
project/sim_ext.py --sim-time 1.5 --seq-graph project/file/graph_15_nodes.json --traffic project/file/traffic_15_nodes_random.json --inspection-rate 0.001 --mess-rate 0.002 --algorithm greedy,0.544187000001,0,297,121,312,73,0,266,413,91,0,77,248,0,0,174,196,291,71,0,316,0,0,89,169,377,215,76,0,59,0,0,299,0,407,266,0,573,675,629,265,531,541,549,420
project/sim_ext.py --sim-time 1.5 --seq-graph project/file/graph_15_nodes.json --traffic project/file/traffic_15_nodes_random.json --inspection-rate 0.001 --mess-rate 0.002 --algorithm greedy,0.545410000001,0,297,122,317,73,0,266,415,92,0,77,251,0,0,174,197,295,72,0,320,0,0,90,169,385,217,77,0,59,0,0,300,0,409,268,0,576,679,632,265,538,545,557,421
project/sim_ext.py --sim-time 1.5 --seq-graph project/file/graph_15_nodes.json --traffic project/file/traffic_15_nodes_random.json --inspection-rate 0.001 --mess-rate 0.002 --algorithm greedy,0.546481000001,0,298,122,318,73,0,266,415,92,0,77,251,0,0,174,197,296,72,0,323,0,0,91,171,386,218,78,0,60,0,0,301,0,410,268,0,578,688,640,265,539,545,559,422
project/sim_ext.py --sim-time 1.5 --seq-graph project/file/graph_15_nodes.json --traffic project/file/traffic_15_nodes_random.json --inspection-rate 0.001 --mess-rate 0.002 --algorithm greedy,0.547510000001,0,298,122,320,74,0,267,415,92,0,78,253,0,0,174,197,300,72,0,323,0,0,91,172,387,219,78,0,60,0,0,301,0,411,269,0,580,688,641,265,540,551,559,426
project/sim_ext.py --sim-time 1.5 --seq-graph project/file/graph_15_nodes.json --traffic project/file/traffic_15_nodes_random.json --inspection-rate 0.001 --mess-rate 0.002 --algorithm greedy,0.548701000001,0,298,122,320,74,0,269,417,92,0,78,254,0,0,174,201,302,72,0,326,0,0,91,172,389,219,78,0,61,0,0,301,0,414,271,0,580,688,644,265,543,552,563,426
project/sim_ext.py --sim-time 1.5 --seq-graph project/file/graph_15_nodes.json --traffic project/file/traffic_15_nodes_random.json --inspection-rate 0.001 --mess-rate 0.002 --algorithm greedy,0.549792000001,0,299,122,323,77,0,269,417,92,0,78,254,0,0,175,201,302,72,0,330,0,0,92,176,389,219,79,0,61,0,0,302,0,417,273,0,584,688,645,265,544,556,566,429
project/sim_ext.py --sim-time 1.5 --seq-graph project/file/graph_15_nodes.json --traffic project/file/traffic_15_nodes_random.json --inspection-rate 0.001 --mess-rate 0.002 --algorithm greedy,0.550809000001,0,299,122,324,77,0,270,418,92,0,78,256,0,0,175,201,303,73,0,331,0,0,92,177,390,219,79,0,61,0,0,302,0,417,274,0,584,688,646,265,546,556,567,430
project/sim_ext.py --sim-time 1.5 --seq-graph project/file/graph_15_nodes.json --traffic project/file/traffic_15_nodes_random.json --inspection-rate 0.001 --mess-rate 0.002 --algorithm greedy,0.551859999952,0,302,122,324,77,0,272,418,93,0,78,256,0,0,175,201,303,73,0,333,0,0,92,177,390,220,79,0,61,0,0,303,0,417,274,0,584,688,646,265,546,557,567,431
project/sim_ext.py --sim-time 1.5 --seq-graph project/file/graph_15_nodes.json --traffic project/file/traffic_15_nodes_random.json --inspection-rate 0.001 --mess-rate 0.002 --algorithm greedy,0.553004000001,0,302,123,324,77,0,275,419,93,0,78,256,0,0,175,202,303,73,0,333,0,0,92,177,390,220,79,0,61,0,0,305,0,421,275,0,584,688,646,265,546,557,567,431
project/sim_ext.py --sim-time 1.5 --seq-graph project/file/graph_15_nodes.json --traffic project/file/traffic_15_nodes_random.json --inspection-rate 0.001 --mess-rate 0.002 --algorithm greedy,0.5541320000009999,0,302,123,326,77,0,276,423,93,0,78,256,0,0,176,202,303,73,0,333,0,0,92,179,390,221,79,0,61,0,0,305,0,421,276,0,584,688,646,265,546,557,567,431
project/sim_ext.py --sim-time 1.5 --seq-graph project/file/graph_15_nodes.json --traffic project/file/traffic_15_nodes_random.json --inspection-rate 0.001 --mess-rate 0.002 --algorithm greedy,0.555420000001,0,302,123,326,77,0,276,423,93,0,78,256,0,0,177,202,303,73,0,333,0,0,92,179,390,223,79,0,61,0,0,305,0,421,276,0,584,688,646,265,546,557,567,431
project/sim_ext.py --sim-time 1.5 --seq-graph project/file/graph_15_nodes.json --traffic project/file/traffic_15_nodes_random.json --inspection-rate 0.001 --mess-rate 0.002 --algorithm greedy,0.556449000001,0,304,123,326,77,0,276,424,93,0,78,256,0,0,177,205,303,73,0,333,0,0,92,179,390,224,79,0,61,0,0,306,0,421,278,0,584,688,646,265,546,557,567,432
project/sim_ext.py --sim-time 1.5 --seq-graph project/file/graph_15_nodes.json --traffic project/file/traffic_15_nodes_random.json --inspection-rate 0.001 --mess-rate 0.002 --algorithm greedy,0.557794999963,0,304,123,326,77,0,276,424,93,0,78,256,0,0,178,205,303,73,0,338,0,0,92,179,390,224,79,0,61,0,0,306,0,422,278,0,584,688,646,265,546,557,567,432
project/sim_ext.py --sim-time 1.5 --seq-graph project/file/graph_15_nodes.json --traffic project/file/traffic_15_nodes_random.json --inspection-rate 0.001 --mess-rate 0.002 --algorithm greedy,0.558947199997,0,305,123,326,77,0,277,425,93,0,78,256,0,0,178,205,303,73,0,338,0,0,92,179,390,224,79,0,61,0,0,306,0,422,278,0,584,688,646,265,546,557,567,432
project/sim_ext.py --sim-time 1.5 --seq-graph project/file/graph_15_nodes.json --traffic project/file/traffic_15_nodes_random.json --inspection-rate 0.001 --mess-rate 0.002 --algorithm greedy,0.5599580000009999,0,305,123,326,77,0,277,429,93,0,78,256,0,0,179,205,303,73,0,338,0,0,92,179,390,224,79,0,61,0,0,307,0,422,278,0,584,688,646,265,546,557,567,432
project/sim_ext.py --sim-time 1.5 --seq-graph project/file/graph_15_nodes.json --traffic project/file/traffic_15_nodes_random.json --inspection-rate 0.001 --mess-rate 0.002 --algorithm greedy,0.561320000001,0,305,123,326,77,0,278,430,93,0,78,256,0,0,180,206,303,73,0,338,0,0,92,179,390,225,79,0,61,0,0,311,0,422,280,0,584,688,646,265,546,557,567,432
project/sim_ext.py --sim-time 1.5 --seq-graph project/file/graph_15_nodes.json --traffic project/file/traffic_15_nodes_random.json --inspection-rate 0.001 --mess-rate 0.002 --algorithm greedy,0.562381000001,0,305,123,326,77,0,278,430,93,0,78,256,0,0,180,207,303,73,0,338,0,0,92,179,390,225,79,0,61,0,0,311,0,422,280,0,584,688,646,265,546,557,567,432
project/sim_ext.py --sim-time 1.5 --seq-graph project/file/graph_15_nodes.json --traffic project/file/traffic_15_nodes_random.json --inspection-rate 0.001 --mess-rate 0.002 --algorithm greedy,0.563455000001,0,305,123,326,77,0,278,430,93,0,78,256,0,0,180,210,303,73,0,338,0,0,92,179,390,225,79,0,61,0,0,311,0,422,280,0,584,688,646,265,546,557,567,432
project/sim_ext.py --sim-time 1.5 --seq-graph project/file/graph_15_nodes.json --traffic project/file/traffic_15_nodes_random.json --inspection-rate 0.001 --mess-rate 0.002 --algorithm greedy,0.564461799997,0,305,124,326,77,0,278,430,93,0,78,256,0,0,181,210,303,73,0,338,0,0,92,179,390,225,79,0,61,0,0,311,0,422,280,0,584,688,646,277,546,557,567,432
project/sim_ext.py --sim-time 1.5 --seq-graph project/file/graph_15_nodes.json --traffic project/file/traffic_15_nodes_random.json --inspection-rate 0.001 --mess-rate 0.002 --algorithm greedy,0.565464000001,0,305,124,326,77,0,278,430,93,0,78,256,0,0,181,210,303,73,0,338,0,0,92,179,390,225,79,0,61,0,0,311,0,422,280,0,584,688,646,277,546,557,567,432
project/sim_ext.py --sim-time 1.5 --seq-graph project/file/graph_15_nodes.json --traffic project/file/traffic_15_nodes_random.json --inspection-rate 0.001 --mess-rate 0.002 --algorithm greedy,0.566519000001,0,305,124,326,77,0,278,430,93,0,78,256,0,0,181,210,303,73,0,338,0,0,92,179,390,225,79,0,61,0,0,311,0,422,280,0,584,688,646,277,546,557,567,432
project/sim_ext.py --sim-time 1.5 --seq-graph project/file/graph_15_nodes.json --traffic project/file/traffic_15_nodes_random.json --inspection-rate 0.001 --mess-rate 0.002 --algorithm greedy,0.567533000001,0,305,124,326,77,0,278,430,93,0,78,256,0,0,181,210,303,73,0,338,0,0,92,179,390,225,79,0,61,0,0,311,0,422,280,0,584,688,646,277,546,557,567,432
project/sim_ext.py --sim-time 1.5 --seq-graph project/file/graph_15_nodes.json --traffic project/file/traffic_15_nodes_random.json --inspection-rate 0.001 --mess-rate 0.002 --algorithm greedy,0.568545000001,0,305,124,326,77,0,278,430,93,0,78,256,0,0,181,210,303,73,0,338,0,0,92,179,390,225,79,0,61,0,0,311,0,422,280,0,584,688,646,278,546,557,567,432
project/sim_ext.py --sim-time 1.5 --seq-graph project/file/graph_15_nodes.json --traffic project/file/traffic_15_nodes_random.json --inspection-rate 0.001 --mess-rate 0.002 --algorithm greedy,0.569640000001,0,305,124,326,77,0,278,430,93,0,78,256,0,0,181,210,303,73,0,338,0,0,92,179,390,225,79,0,61,0,0,311,0,422,280,0,584,688,646,278,546,557,567,432
project/sim_ext.py --sim-time 1.5 --seq-graph project/file/graph_15_nodes.json --traffic project/file/traffic_15_nodes_random.json --inspection-rate 0.001 --mess-rate 0.002 --algorithm greedy,0.570687000001,0,305,124,326,77,0,278,430,93,0,78,256,0,0,181,210,303,73,0,338,0,0,92,179,390,225,79,0,61,0,0,311,0,422,280,0,584,688,646,278,546,557,567,432
project/sim_ext.py --sim-time 1.5 --seq-graph project/file/graph_15_nodes.json --traffic project/file/traffic_15_nodes_random.json --inspection-rate 0.001 --mess-rate 0.002 --algorithm greedy,0.571708000001,0,305,124,326,77,0,278,430,93,0,78,256,0,0,181,210,303,73,0,338,0,0,92,179,390,225,79,0,61,0,0,311,0,422,280,0,584,688,646,278,546,557,567,432
project/sim_ext.py --sim-time 1.5 --seq-graph project/file/graph_15_nodes.json --traffic project/file/traffic_15_nodes_random.json --inspection-rate 0.001 --mess-rate 0.002 --algorithm greedy,0.573033599997,0,308,127,335,78,0,285,441,94,0,79,263,0,0,187,214,315,79,0,344,0,0,95,184,408,229,80,0,63,0,0,321,0,433,285,0,608,713,671,290,571,576,589,444
project/sim_ext.py --sim-time 1.5 --seq-graph project/file/graph_15_nodes.json --traffic project/file/traffic_15_nodes_random.json --inspection-rate 0.001 --mess-rate 0.002 --algorithm greedy,0.574158000001,0,308,127,336,78,0,285,442,96,0,79,265,0,0,188,214,315,79,0,347,0,0,95,188,409,230,80,0,63,0,0,322,0,437,285,0,609,716,673,292,576,577,591,444
project/sim_ext.py --sim-time 1.5 --seq-graph project/file/graph_15_nodes.json --traffic project/file/traffic_15_nodes_random.json --inspection-rate 0.001 --mess-rate 0.002 --algorithm greedy,0.575164000001,0,308,127,336,78,0,286,442,96,0,80,267,0,0,188,214,316,79,0,347,0,0,95,189,410,231,80,0,66,0,0,322,0,438,288,0,611,718,675,294,576,577,592,444
project/sim_ext.py --sim-time 1.5 --seq-graph project/file/graph_15_nodes.json --traffic project/file/traffic_15_nodes_random.json --inspection-rate 0.001 --mess-rate 0.002 --algorithm greedy,0.576214999963,0,308,128,341,80,0,286,442,99,0,80,269,0,0,189,214,319,81,0,348,0,0,99,191,415,232,82,0,66,0,0,322,0,438,289,0,615,719,680,295,578,587,594,446
project/sim_ext.py --sim-time 1.5 --seq-graph project/file/graph_15_nodes.json --traffic project/file/traffic_15_nodes_random.json --inspection-rate 0.001 --mess-rate 0.002 --algorithm greedy,0.577227000001,0,308,128,342,80,0,292,442,99,0,80,271,0,0,191,214,320,81,0,350,0,0,99,192,415,232,82,0,67,0,0,324,0,442,290,0,616,727,683,295,579,590,595,446
project/sim_ext.py --sim-time 1.5 --seq-graph project/file/graph_15_nodes.json --traffic project/file/traffic_15_nodes_random.json --inspection-rate 0.001 --mess-rate 0.002 --algorithm greedy,0.578298599997,0,317,128,342,80,0,294,449,99,0,80,274,0,0,191,215,323,81,0,350,0,0,99,194,416,232,83,0,68,0,0,325,0,443,292,0,617,734,683,295,584,590,596,448
project/sim_ext.py --sim-time 1.5 --seq-graph project/file/graph_15_nodes.json --traffic project/file/traffic_15_nodes_random.json --inspection-rate 0.001 --mess-rate 0.002 --algorithm greedy,0.579343000001,0,318,129,342,80,0,295,450,101,0,82,274,0,0,191,216,325,82,0,355,0,0,100,194,417,232,83,0,68,0,0,327,0,447,292,0,620,734,686,295,586,595,597,449
project/sim_ext.py --sim-time 1.5 --seq-graph project/file/graph_15_nodes.json --traffic project/file/traffic_15_nodes_random.json --inspection-rate 0.001 --mess-rate 0.002 --algorithm greedy,0.580394999959,0,318,130,347,81,0,296,453,101,0,82,274,0,0,191,216,325,83,0,355,0,0,100,194,417,233,84,0,68,0,0,328,0,447,292,0,623,734,691,295,586,597,601,451
project/sim_ext.py --sim-time 1.5 --seq-graph project/file/graph_15_nodes.json --traffic project/file/traffic_15_nodes_random.json --inspection-rate 0.001 --mess-rate 0.002 --algorithm greedy,0.581625000001,0,321,131,347,82,0,297,453,101,0,83,276,0,0,192,216,325,83,0,355,0,0,100,194,419,234,84,0,68,0,0,328,0,447,294,0,623,734,691,295,586,600,603,453
project/sim_ext.py --sim-time 1.5 --seq-graph project/file/graph_15_nodes.json --traffic project/file/traffic_15_nodes_random.json --inspection-rate 0.001 --mess-rate 0.002 --algorithm greedy,0.582844999963,0,321,131,347,82,0,297,453,101,0,83,276,0,0,192,216,325,83,0,355,0,0,100,194,419,234,84,0,68,0,0,328,0,447,294,0,623,734,691,295,586,600,604,453
project/sim_ext.py --sim-time 1.5 --seq-graph project/file/graph_15_nodes.json --traffic project/file/traffic_15_nodes_random.json --inspection-rate 0.001 --mess-rate 0.002 --algorithm greedy,0.584007000001,0,321,131,347,82,0,297,453,101,0,83,276,0,0,192,216,328,83,0,355,0,0,100,194,419,236,84,0,68,0,0,328,0,447,296,0,623,734,691,295,586,600,604,455
project/sim_ext.py --sim-time 1.5 --seq-graph project/file/graph_15_nodes.json --traffic project/file/traffic_15_nodes_random.json --inspection-rate 0.001 --mess-rate 0.002 --algorithm greedy,0.585103000001,0,321,131,348,82,0,298,453,101,0,83,276,0,0,192,216,328,83,0,355,0,0,100,194,419,238,84,0,68,0,0,328,0,447,297,0,623,734,691,295,586,600,605,455
project/sim_ext.py --sim-time 1.5 --seq-graph project/file/graph_15_nodes.json --traffic project/file/traffic_15_nodes_random.json --inspection-rate 0.001 --mess-rate 0.002 --algorithm greedy,0.5862019574725371,0,322,131,348,82,0,299,453,101,0,83,276,0,0,192,216,328,83,0,355,0,0,100,194,419,238,84,0,68,0,0,328,0,447,298,0,623,734,691,295,586,600,605,455
project/sim_ext.py --sim-time 1.5 --seq-graph project/file/graph_15_nodes.json --traffic project/file/traffic_15_nodes_random.json --inspection-rate 0.001 --mess-rate 0.002 --algorithm greedy,0.5872390000009999,0,323,131,348,82,0,300,453,101,0,83,276,0,0,192,216,328,83,0,355,0,0,100,194,419,239,84,0,68,0,0,331,0,447,299,0,623,734,691,295,586,600,605,455
project/sim_ext.py --sim-time 1.5 --seq-graph project/file/graph_15_nodes.json --traffic project/file/traffic_15_nodes_random.json --inspection-rate 0.001 --mess-rate 0.002 --algorithm greedy,0.588450000001,0,323,131,348,82,0,302,459,101,0,83,276,0,0,195,218,328,83,0,363,0,0,100,194,419,239,84,0,68,0,0,332,0,452,300,0,623,734,691,295,586,600,605,455
project/sim_ext.py --sim-time 1.5 --seq-graph project/file/graph_15_nodes.json --traffic project/file/traffic_15_nodes_random.json --inspection-rate 0.001 --mess-rate 0.002 --algorithm greedy,0.589476000001,0,323,131,348,82,0,304,459,101,0,83,276,0,0,195,220,328,83,0,363,0,0,100,194,419,239,84,0,68,0,0,332,0,453,303,0,623,734,691,295,586,600,605,455
project/sim_ext.py --sim-time 1.5 --seq-graph project/file/graph_15_nodes.json --traffic project/file/traffic_15_nodes_random.json --inspection-rate 0.001 --mess-rate 0.002 --algorithm greedy,0.590804000001,0,324,131,348,82,0,305,459,101,0,83,276,0,0,195,222,328,83,0,363,0,0,100,194,419,239,84,0,68,0,0,333,0,454,303,0,623,734,691,295,586,600,605,455
project/sim_ext.py --sim-time 1.5 --seq-graph project/file/graph_15_nodes.json --traffic project/file/traffic_15_nodes_random.json --inspection-rate 0.001 --mess-rate 0.002 --algorithm greedy,0.591825000001,0,324,131,348,82,0,305,459,101,0,83,276,0,0,195,222,328,83,0,363,0,0,100,194,419,239,84,0,68,0,0,333,0,454,303,0,623,734,691,295,586,600,605,455
project/sim_ext.py --sim-time 1.5 --seq-graph project/file/graph_15_nodes.json --traffic project/file/traffic_15_nodes_random.json --inspection-rate 0.001 --mess-rate 0.002 --algorithm greedy,0.592862000001,0,326,131,348,82,0,306,460,101,0,83,276,0,0,195,222,328,83,0,363,0,0,100,194,419,240,84,0,68,0,0,334,0,454,304,0,623,734,691,295,586,600,605,455
project/sim_ext.py --sim-time 1.5 --seq-graph project/file/graph_15_nodes.json --traffic project/file/traffic_15_nodes_random.json --inspection-rate 0.001 --mess-rate 0.002 --algorithm greedy,0.593883000001,0,327,131,348,82,0,306,461,101,0,83,276,0,0,195,222,328,83,0,363,0,0,100,194,419,240,84,0,68,0,0,334,0,454,304,0,623,734,691,306,586,600,605,455
project/sim_ext.py --sim-time 1.5 --seq-graph project/file/graph_15_nodes.json --traffic project/file/traffic_15_nodes_random.json --inspection-rate 0.001 --mess-rate 0.002 --algorithm greedy,0.594960000001,0,327,131,348,82,0,306,461,101,0,83,276,0,0,195,222,328,83,0,363,0,0,100,194,419,240,84,0,68,0,0,334,0,454,304,0,623,734,691,306,586,600,605,455
project/sim_ext.py --sim-time 1.5 --seq-graph project/file/graph_15_nodes.json --traffic project/file/traffic_15_nodes_random.json --inspection-rate 0.001 --mess-rate 0.002 --algorithm greedy,0.596058000001,0,328,131,348,82,0,306,462,101,0,83,276,0,0,195,223,328,83,0,363,0,0,100,194,419,240,84,0,68,0,0,334,0,454,304,0,623,734,691,306,586,600,605,455
project/sim_ext.py --sim-time 1.5 --seq-graph project/file/graph_15_nodes.json --traffic project/file/traffic_15_nodes_random.json --inspection-rate 0.001 --mess-rate 0.002 --algorithm greedy,0.597098000001,0,328,131,348,82,0,306,462,101,0,83,276,0,0,195,223,328,83,0,363,0,0,100,194,419,240,84,0,68,0,0,334,0,454,304,0,623,734,691,306,586,600,605,455
project/sim_ext.py --sim-time 1.5 --seq-graph project/file/graph_15_nodes.json --traffic project/file/traffic_15_nodes_random.json --inspection-rate 0.001 --mess-rate 0.002 --algorithm greedy,0.598117000001,0,328,131,348,82,0,306,463,101,0,83,276,0,0,195,224,328,83,0,363,0,0,100,194,419,240,84,0,68,0,0,334,0,454,304,0,623,734,691,306,586,600,605,455
project/sim_ext.py --sim-time 1.5 --seq-graph project/file/graph_15_nodes.json --traffic project/file/traffic_15_nodes_random.json --inspection-rate 0.001 --mess-rate 0.002 --algorithm greedy,0.599244000001,0,329,131,348,82,0,306,463,101,0,83,276,0,0,195,224,328,83,0,363,0,0,100,194,419,240,84,0,68,0,0,334,0,454,304,0,623,734,691,306,586,600,605,455
project/sim_ext.py --sim-time 1.5 --seq-graph project/file/graph_15_nodes.json --traffic project/file/traffic_15_nodes_random.json --inspection-rate 0.001 --mess-rate 0.002 --algorithm greedy,0.600268000001,0,330,131,348,82,0,306,463,101,0,83,276,0,0,195,224,328,83,0,363,0,0,100,194,419,240,84,0,68,0,0,334,0,454,304,0,623,734,691,306,586,600,605,455
project/sim_ext.py --sim-time 1.5 --seq-graph project/file/graph_15_nodes.json --traffic project/file/traffic_15_nodes_random.json --inspection-rate 0.001 --mess-rate 0.002 --algorithm greedy,0.601331000001,0,331,131,348,82,0,306,463,101,0,83,276,0,0,195,224,328,83,0,363,0,0,100,194,419,240,84,0,68,0,0,334,0,454,304,0,623,734,691,307,586,600,605,455
project/sim_ext.py --sim-time 1.5 --seq-graph project/file/graph_15_nodes.json --traffic project/file/traffic_15_nodes_random.json --inspection-rate 0.001 --mess-rate 0.002 --algorithm greedy,0.6026170000009999,0,331,131,348,82,0,306,463,101,0,83,276,0,0,195,224,328,83,0,363,0,0,100,194,419,240,84,0,68,0,0,334,0,454,304,0,623,734,691,307,586,600,605,455
project/sim_ext.py --sim-time 1.5 --seq-graph project/file/graph_15_nodes.json --traffic project/file/traffic_15_nodes_random.json --inspection-rate 0.001 --mess-rate 0.002 --algorithm greedy,0.603759000001,0,334,134,348,83,0,306,469,102,0,86,282,0,0,198,229,338,83,0,368,0,0,100,194,435,240,84,0,70,0,0,334,0,474,304,0,623,757,710,307,608,618,624,455
project/sim_ext.py --sim-time 1.5 --seq-graph project/file/graph_15_nodes.json --traffic project/file/traffic_15_nodes_random.json --inspection-rate 0.001 --mess-rate 0.002 --algorithm greedy,0.6050650000009999,0,335,135,348,83,0,306,471,102,0,86,284,0,0,199,229,338,83,0,369,0,0,100,194,435,240,84,0,70,0,0,334,0,476,304,0,623,766,711,324,611,625,631,455
project/sim_ext.py --sim-time 1.5 --seq-graph project/file/graph_15_nodes.json --traffic project/file/traffic_15_nodes_random.json --inspection-rate 0.001 --mess-rate 0.002 --algorithm greedy,0.606202000001,0,335,135,348,83,0,306,471,102,0,87,285,0,0,199,229,339,83,0,369,0,0,100,194,435,240,84,0,70,0,0,334,0,476,304,0,623,768,714,325,612,626,632,455
project/sim_ext.py --sim-time 1.5 --seq-graph project/file/graph_15_nodes.json --traffic project/file/traffic_15_nodes_random.json --inspection-rate 0.001 --mess-rate 0.002 --algorithm greedy,0.607641000001,0,335,136,348,85,0,306,471,103,0,87,288,0,0,200,229,343,83,0,373,0,0,100,194,436,240,84,0,70,0,0,334,0,481,304,0,623,776,718,332,613,626,632,455
project/sim_ext.py --sim-time 1.5 --seq-graph project/file/graph_15_nodes.json --traffic project/file/traffic_15_nodes_random.json --inspection-rate 0.001 --mess-rate 0.002 --algorithm greedy,0.608744999959,0,336,136,348,85,0,306,472,104,0,87,288,0,0,201,231,347,83,0,373,0,0,100,194,436,240,84,0,73,0,0,334,0,488,304,0,623,779,720,332,617,628,637,455
project/sim_ext.py --sim-time 1.5 --seq-graph project/file/graph_15_nodes.json --traffic project/file/traffic_15_nodes_random.json --inspection-rate 0.001 --mess-rate 0.002 --algorithm greedy,0.609790000001,0,337,136,348,86,0,306,472,104,0,87,288,0,0,202,231,348,83,0,373,0,0,100,194,436,240,84,0,73,0,0,334,0,488,304,0,623,780,720,332,617,629,638,455
project/sim_ext.py --sim-time 1.5 --seq-graph project/file/graph_15_nodes.json --traffic project/file/traffic_15_nodes_random.json --inspection-rate 0.001 --mess-rate 0.002 --algorithm greedy,0.6108100000009999,0,337,136,348,86,0,306,472,104,0,90,290,0,0,202,231,349,83,0,375,0,0,100,194,436,240,84,0,74,0,0,334,0,490,304,0,623,783,725,332,619,631,641,455
project/sim_ext.py --sim-time 1.5 --seq-graph project/file/graph_15_nodes.json --traffic project/file/traffic_15_nodes_random.json --inspection-rate 0.001 --mess-rate 0.002 --algorithm greedy,0.611824000001,0,339,136,348,87,0,306,472,105,0,90,290,0,0,202,231,349,83,0,375,0,0,100,194,436,240,84,0,74,0,0,334,0,490,304,0,623,783,726,332,620,634,642,455
project/sim_ext.py --sim-time 1.5 --seq-graph project/file/graph_15_nodes.json --traffic project/file/traffic_15_nodes_random.json --inspection-rate 0.001 --mess-rate 0.002 --algorithm greedy,0.612921000001,0,340,136,348,87,0,306,474,105,0,90,290,0,0,202,231,351,83,0,378,0,0,100,194,436,240,84,0,74,0,0,334,0,492,304,0,623,783,726,332,620,634,643,455
project/sim_ext.py --sim-time 1.5 --seq-graph project/file/graph_15_nodes.json --traffic project/file/traffic_15_nodes_random.json --inspection-rate 0.001 --mess-rate 0.002 --algorithm greedy,0.613954000001,0,340,138,355,87,0,316,484,105,0,90,291,0,0,202,231,351,87,0,378,0,0,100,196,444,247,84,0,74,0,0,335,0,495,313,0,640,783,728,332,620,634,643,458
project/sim_ext.py --sim-time 1.5 --seq-graph project/file/graph_15_nodes.json --traffic project/file/traffic_15_nodes_random.json --inspection-rate 0.001 --mess-rate 0.002 --algorithm greedy,0.615008000001,0,340,138,356,87,0,317,485,105,0,90,291,0,0,202,233,351,87,0,378,0,0,100,196,445,247,84,0,74,0,0,335,0,495,313,0,641,783,728,332,620,634,643,463
project/sim_ext.py --sim-time 1.5 --seq-graph project/file/graph_15_nodes.json --traffic project/file/traffic_15_nodes_random.json --inspection-rate 0.001 --mess-rate 0.002 --algorithm greedy,0.6164080000009999,0,340,138,356,87,0,319,485,105,0,90,291,0,0,202,234,351,87,0,378,0,0,100,197,446,247,84,0,74,0,0,341,0,495,313,0,641,783,728,332,620,634,643,463
project/sim_ext.py --sim-time 1.5 --seq-graph project/file/graph_15_nodes.json --traffic project/file/traffic_15_nodes_random.json --inspection-rate 0.001 --mess-rate 0.002 --algorithm greedy,0.617425000001,0,341,138,356,87,0,319,486,105,0,90,291,0,0,202,234,351,89,0,378,0,0,100,198,447,247,84,0,74,0,0,343,0,495,315,0,645,783,728,332,620,634,643,464
project/sim_ext.py --sim-time 1.5 --seq-graph project/file/graph_15_nodes.json --traffic project/file/traffic_15_nodes_random.json --inspection-rate 0.001 --mess-rate 0.002 --algorithm greedy,0.618475000001,0,341,138,363,87,0,319,486,105,0,90,291,0,0,202,234,351,89,0,378,0,0,100,198,447,247,84,0,74,0,0,343,0,495,317,0,646,783,728,332,620,634,643,464
project/sim_ext.py --sim-time 1.5 --seq-graph project/file/graph_15_nodes.json --traffic project/file/traffic_15_nodes_random.json --inspection-rate 0.001 --mess-rate 0.002 --algorithm greedy,0.619704999955,0,341,138,364,87,0,319,489,105,0,90,291,0,0,202,234,351,90,0,378,0,0,100,198,450,247,84,0,74,0,0,343,0,495,317,0,648,783,728,332,620,634,643,468
project/sim_ext.py --sim-time 1.5 --seq-graph project/file/graph_15_nodes.json --traffic project/file/traffic_15_nodes_random.json --inspection-rate 0.001 --mess-rate 0.002 --algorithm greedy,0.620809000001,0,341,138,367,87,0,319,490,105,0,90,291,0,0,204,235,351,91,0,378,0,0,100,198,450,247,84,0,74,0,0,346,0,495,318,0,648,783,728,332,620,634,643,468
project/sim_ext.py --sim-time 1.5 --seq-graph project/file/graph_15_nodes.json --traffic project/file/traffic_15_nodes_random.json --inspection-rate 0.001 --mess-rate 0.002 --algorithm greedy,0.621851000001,0,341,138,369,87,0,320,491,105,0,90,291,0,0,204,236,351,91,0,378,0,0,100,201,450,247,85,0,74,0,0,347,0,495,319,0,650,783,728,332,620,634,643,471
project/sim_ext.py --sim-time 1.5 --seq-graph project/file/graph_15_nodes.json --traffic project/file/traffic_15_nodes_random.json --inspection-rate 0.001 --mess-rate 0.002 --algorithm greedy,0.622928000001,0,343,138,369,87,0,320,491,105,0,90,291,0,0,204,236,351,93,0,378,0,0,100,202,450,247,86,0,74,0,0,347,0,495,319,0,653,783,728,332,620,634,643,472
project/sim_ext.py --sim-time 1.5 --seq-graph project/file/graph_15_nodes.json --traffic project/file/traffic_15_nodes_random.json --inspection-rate 0.001 --mess-rate 0.002 --algorithm greedy,0.623950000001,0,344,138,370,87,0,321,491,105,0,90,291,0,0,204,236,351,93,0,378,0,0,100,202,450,247,86,0,74,0,0,347,0,495,319,0,653,783,728,332,620,634,643,473
project/sim_ext.py --sim-time 1.5 --seq-graph project/file/graph_15_nodes.json --traffic project/file/traffic_15_nodes_random.json --inspection-rate 0.001 --mess-rate 0.002 --algorithm greedy,0.624978000001,0,344,138,372,87,0,322,494,105,0,90,291,0,0,204,236,351,94,0,378,0,0,100,203,450,247,86,0,74,0,0,347,0,495,323,0,653,783,728,332,620,634,643,475
project/sim_ext.py --sim-time 1.5 --seq-graph project/file/graph_15_nodes.json --traffic project/file/traffic_15_nodes_random.json --inspection-rate 0.001 --mess-rate 0.002 --algorithm greedy,0.626053000001,0,345,138,373,87,0,322,495,105,0,90,291,0,0,204,239,351,96,0,378,0,0,100,203,450,249,86,0,74,0,0,347,0,495,325,0,656,783,728,332,620,634,643,476
project/sim_ext.py --sim-time 1.5 --seq-graph project/file/graph_15_nodes.json --traffic project/file/traffic_15_nodes_random.json --inspection-rate 0.001 --mess-rate 0.002 --algorithm greedy,0.627073000001,0,345,138,376,87,0,322,495,105,0,90,291,0,0,204,240,351,96,0,378,0,0,100,203,450,251,86,0,74,0,0,347,0,495,327,0,658,783,728,332,620,634,643,476
project/sim_ext.py --sim-time 1.5 --seq-graph project/file/graph_15_nodes.json --traffic project/file/traffic_15_nodes_random.json --inspection-rate 0.001 --mess-rate 0.002 --algorithm greedy,0.628254999955,0,345,138,376,87,0,323,496,105,0,90,291,0,0,204,240,351,96,0,378,0,0,100,203,450,252,86,0,74,0,0,347,0,495,327,0,658,783,728,332,620,634,643,476
project/sim_ext.py --sim-time 1.5 --seq-graph project/file/graph_15_nodes.json --traffic project/file/traffic_15_nodes_random.json --inspection-rate 0.001 --mess-rate 0.002 --algorithm greedy,0.629405000001,0,346,138,376,87,0,324,496,105,0,90,291,0,0,204,240,351,96,0,378,0,0,100,203,450,252,86,0,74,0,0,351,0,495,327,0,658,783,728,332,620,634,643,476
project/sim_ext.py --sim-time 1.5 --seq-graph project/file/graph_15_nodes.json --traffic project/file/traffic_15_nodes_random.json --inspection-rate 0.001 --mess-rate 0.002 --algorithm greedy,0.630483000001,0,346,138,376,87,0,325,496,105,0,90,291,0,0,204,240,351,96,0,378,0,0,100,203,450,254,86,0,74,0,0,352,0,495,327,0,658,783,728,332,620,634,643,476
project/sim_ext.py --sim-time 1.5 --seq-graph project/file/graph_15_nodes.json --traffic project/file/traffic_15_nodes_random.json --inspection-rate 0.001 --mess-rate 0.002 --algorithm greedy,0.631609000001,0,347,138,376,87,0,325,496,105,0,90,291,0,0,204,240,351,96,0,378,0,0,100,203,450,254,86,0,74,0,0,354,0,495,328,0,658,783,728,332,620,634,643,476
project/sim_ext.py --sim-time 1.5 --seq-graph project/file/graph_15_nodes.json --traffic project/file/traffic_15_nodes_random.json --inspection-rate 0.001 --mess-rate 0.002 --algorithm greedy,0.6326510000009999,0,349,138,376,87,0,325,496,105,0,90,291,0,0,204,240,351,96,0,378,0,0,100,203,450,254,86,0,74,0,0,356,0,495,328,0,658,783,728,342,620,634,643,476
project/sim_ext.py --sim-time 1.5 --seq-graph project/file/graph_15_nodes.json --traffic project/file/traffic_15_nodes_random.json --inspection-rate 0.001 --mess-rate 0.002 --algorithm greedy,0.633712749368989,0,350,138,376,87,0,325,496,105,0,90,291,0,0,204,240,351,96,0,378,0,0,100,203,450,255,86,0,74,0,0,356,0,495,329,0,658,783,728,342,620,634,643,476
project/sim_ext.py --sim-time 1.5 --seq-graph project/file/graph_15_nodes.json --traffic project/file/traffic_15_nodes_random.json --inspection-rate 0.001 --mess-rate 0.002 --algorithm greedy,0.6347349999549999,0,350,138,376,87,0,325,496,105,0,90,291,0,0,204,240,351,96,0,378,0,0,100,203,450,255,86,0,74,0,0,356,0,495,329,0,658,783,728,343,620,634,643,476
project/sim_ext.py --sim-time 1.5 --seq-graph project/file/graph_15_nodes.json --traffic project/file/traffic_15_nodes_random.json --inspection-rate 0.001 --mess-rate 0.002 --algorithm greedy,0.635745000001,0,350,138,376,87,0,325,496,105,0,90,291,0,0,204,240,351,96,0,378,0,0,100,203,450,255,86,0,74,0,0,356,0,495,329,0,658,783,728,343,620,634,643,476
project/sim_ext.py --sim-time 1.5 --seq-graph project/file/graph_15_nodes.json --traffic project/file/traffic_15_nodes_random.json --inspection-rate 0.001 --mess-rate 0.002 --algorithm greedy,0.636774999955,0,351,138,376,87,0,325,496,105,0,90,291,0,0,204,240,351,96,0,378,0,0,100,203,450,256,86,0,74,0,0,357,0,495,329,0,658,783,728,343,620,634,643,476
project/sim_ext.py --sim-time 1.5 --seq-graph project/file/graph_15_nodes.json --traffic project/file/traffic_15_nodes_random.json --inspection-rate 0.001 --mess-rate 0.002 --algorithm greedy,0.637850000001,0,351,138,376,87,0,325,496,105,0,90,291,0,0,204,240,351,96,0,378,0,0,100,203,450,256,86,0,74,0,0,357,0,495,329,0,658,783,728,343,620,634,643,476
project/sim_ext.py --sim-time 1.5 --seq-graph project/file/graph_15_nodes.json --traffic project/file/traffic_15_nodes_random.json --inspection-rate 0.001 --mess-rate 0.002 --algorithm greedy,0.638860000001,0,351,138,376,87,0,325,496,105,0,90,291,0,0,204,240,351,96,0,378,0,0,100,203,450,256,86,0,74,0,0,357,0,495,329,0,658,783,728,345,620,634,643,476
project/sim_ext.py --sim-time 1.5 --seq-graph project/file/graph_15_nodes.json --traffic project/file/traffic_15_nodes_random.json --inspection-rate 0.001 --mess-rate 0.002 --algorithm greedy,0.6398793999969999,0,351,138,376,87,0,325,496,105,0,90,291,0,0,204,240,351,96,0,378,0,0,100,203,450,256,86,0,74,0,0,357,0,495,329,0,658,783,728,347,620,634,643,476
project/sim_ext.py --sim-time 1.5 --seq-graph project/file/graph_15_nodes.json --traffic project/file/traffic_15_nodes_random.json --inspection-rate 0.001 --mess-rate 0.002 --algorithm greedy,0.640905000001,0,351,138,376,87,0,325,496,105,0,90,291,0,0,204,240,351,96,0,378,0,0,100,203,450,256,86,0,74,0,0,357,0,495,329,0,658,783,728,348,620,634,643,476
project/sim_ext.py --sim-time 1.5 --seq-graph project/file/graph_15_nodes.json --traffic project/file/traffic_15_nodes_random.json --inspection-rate 0.001 --mess-rate 0.002 --algorithm greedy,0.6419401319119378,0,352,138,376,87,0,325,496,105,0,90,291,0,0,204,240,351,96,0,378,0,0,100,203,450,256,86,0,74,0,0,357,0,495,329,0,658,783,728,349,620,634,643,476
project/sim_ext.py --sim-time 1.5 --seq-graph project/file/graph_15_nodes.json --traffic project/file/traffic_15_nodes_random.json --inspection-rate 0.001 --mess-rate 0.002 --algorithm greedy,0.642964999951,0,352,138,376,87,0,325,496,105,0,90,291,0,0,204,240,351,96,0,378,0,0,100,203,450,256,86,0,74,0,0,357,0,495,329,0,658,783,728,349,620,634,643,476
project/sim_ext.py --sim-time 1.5 --seq-graph project/file/graph_15_nodes.json --traffic project/file/traffic_15_nodes_random.json --inspection-rate 0.001 --mess-rate 0.002 --algorithm greedy,0.643970000001,0,352,138,376,87,0,325,496,105,0,90,291,0,0,204,240,351,96,0,378,0,0,100,203,450,256,86,0,74,0,0,357,0,495,329,0,658,783,728,349,620,634,643,476
project/sim_ext.py --sim-time 1.5 --seq-graph project/file/graph_15_nodes.json --traffic project/file/traffic_15_nodes_random.json --inspection-rate 0.001 --mess-rate 0.002 --algorithm greedy,0.644979000001,0,355,139,386,88,0,330,508,106,0,91,299,0,0,209,243,360,104,0,387,0,0,103,210,462,259,89,0,74,0,0,360,0,509,333,0,669,812,757,362,639,655,668,495
project/sim_ext.py --sim-time 1.5 --seq-graph project/file/graph_15_nodes.json --traffic project/file/traffic_15_nodes_random.json --inspection-rate 0.001 --mess-rate 0.002 --algorithm greedy,0.646190000001,0,356,139,386,89,0,332,510,107,0,94,299,0,0,210,244,363,104,0,389,0,0,104,211,462,262,89,0,74,0,0,360,0,513,333,0,676,814,759,362,641,656,672,495
project/sim_ext.py --sim-time 1.5 --seq-graph project/file/graph_15_nodes.json --traffic project/file/traffic_15_nodes_random.json --inspection-rate 0.001 --mess-rate 0.002 --algorithm greedy,0.647368000001,0,356,142,387,89,0,334,510,108,0,94,300,0,0,210,244,367,104,0,390,0,0,104,214,465,262,90,0,74,0,0,360,0,515,333,0,680,824,762,362,644,663,675,501
project/sim_ext.py --sim-time 1.5 --seq-graph project/file/graph_15_nodes.json --traffic project/file/traffic_15_nodes_random.json --inspection-rate 0.001 --mess-rate 0.002 --algorithm greedy,0.648466000001,0,356,142,388,89,0,334,516,108,0,95,300,0,0,210,244,367,104,0,390,0,0,104,215,466,263,90,0,74,0,0,364,0,516,337,0,683,826,764,362,644,663,680,503
project/sim_ext.py --sim-time 1.5 --seq-graph project/file/graph_15_nodes.json --traffic project/file/traffic_15_nodes_random.json --inspection-rate 0.001 --mess-rate 0.002 --algorithm greedy,0.649536000001,0,356,142,389,89,0,334,516,110,0,95,300,0,0,213,244,368,104,0,390,0,0,105,217,466,264,91,0,74,0,0,365,0,516,337,0,686,831,764,362,644,669,683,505
project/sim_ext.py --sim-time 1.5 --seq-graph project/file/graph_15_nodes.json --traffic project/file/traffic_15_nodes_random.json --inspection-rate 0.001 --mess-rate 0.002 --algorithm greedy,0.650557000001,0,357,142,392,90,0,336,516,112,0,96,302,0,0,214,244,370,106,0,396,0,0,106,217,472,264,91,0,77,0,0,366,0,518,339,0,693,840,766,362,652,673,684,506
project/sim_ext.py --sim-time 1.5 --seq-graph project/file/graph_15_nodes.json --traffic project/file/traffic_15_nodes_random.json --inspection-rate 0.001 --mess-rate 0.002 --algorithm greedy,0.651587000001,0,358,142,392,90,0,337,516,113,0,96,303,0,0,214,244,370,106,0,396,0,0,107,217,473,264,92,0,77,0,0,366,0,518,340,0,693,840,769,362,653,673,685,508
project/sim_ext.py --sim-time 1.5 --seq-graph project/file/graph_15_nodes.json --traffic project/file/traffic_15_nodes_random.json --inspection-rate 0.001 --mess-rate 0.002 --algorithm greedy,0.652647000001,0,358,144,396,90,0,338,520,113,0,96,307,0,0,215,244,371,106,0,401,0,0,107,217,473,264,92,0,77,0,0,367,0,519,340,0,693,840,770,362,657,673,685,508
project/sim_ext.py --sim-time 1.5 --seq-graph project/file/graph_15_nodes.json --traffic project/file/traffic_15_nodes_random.json --inspection-rate 0.001 --mess-rate 0.002 --algorithm greedy,0.653673000001,0,359,144,397,90,0,338,521,113,0,96,308,0,0,215,246,371,106,0,404,0,0,107,217,474,264,94,0,77,0,0,368,0,519,343,0,693,840,770,362,657,673,685,510
project/sim_ext.py --sim-time 1.5 --seq-graph project/file/graph_15_nodes.json --traffic project/file/traffic_15_nodes_random.json --inspection-rate 0.001 --mess-rate 0.002 --algorithm greedy,0.654730000001,0,360,145,397,90,0,338,521,113,0,96,308,0,0,215,246,371,106,0,406,0,0,107,217,474,264,94,0,77,0,0,369,0,520,345,0,693,840,770,362,658,673,685,512
project/sim_ext.py --sim-time 1.5 --seq-graph project/file/graph_15_nodes.json --traffic project/file/traffic_15_nodes_random.json --inspection-rate 0.001 --mess-rate 0.002 --algorithm greedy,0.655947000001,0,360,146,397,90,0,338,521,113,0,96,308,0,0,217,246,371,106,0,406,0,0,107,217,474,264,94,0,77,0,0,369,0,520,345,0,693,840,770,362,659,673,685,512
project/sim_ext.py --sim-time 1.5 --seq-graph project/file/graph_15_nodes.json --traffic project/file/traffic_15_nodes_random.json --inspection-rate 0.001 --mess-rate 0.002 --algorithm greedy,0.656960000001,0,360,146,397,90,0,340,522,113,0,96,308,0,0,217,246,371,106,0,406,0,0,107,217,474,264,94,0,77,0,0,369,0,520,345,0,693,840,770,362,659,673,685,512
project/sim_ext.py --sim-time 1.5 --seq-graph project/file/graph_15_nodes.json --traffic project/file/traffic_15_nodes_random.json --inspection-rate 0.001 --mess-rate 0.002 --algorithm greedy,0.658154000001,0,360,146,397,90,0,340,522,113,0,96,308,0,0,217,246,371,106,0,406,0,0,107,217,475,266,94,0,77,0,0,369,0,520,351,0,693,840,770,362,659,673,685,512
project/sim_ext.py --sim-time 1.5 --seq-graph project/file/graph_15_nodes.json --traffic project/file/traffic_15_nodes_random.json --inspection-rate 0.001 --mess-rate 0.002 --algorithm greedy,0.659169000001,0,361,146,397,90,0,340,522,113,0,96,308,0,0,218,246,371,106,0,406,0,0,107,217,475,266,94,0,77,0,0,369,0,520,351,0,693,840,770,362,659,673,685,512
project/sim_ext.py --sim-time 1.5 --seq-graph project/file/graph_15_nodes.json --traffic project/file/traffic_15_nodes_random.json --inspection-rate 0.001 --mess-rate 0.002 --algorithm greedy,0.660329000001,0,364,146,397,90,0,341,522,113,0,96,308,0,0,218,246,371,106,0,406,0,0,107,217,475,267,94,0,77,0,0,369,0,520,354,0,693,840,770,362,659,673,685,512
project/sim_ext.py --sim-time 1.5 --seq-graph project/file/graph_15_nodes.json --traffic project/file/traffic_15_nodes_random.json --inspection-rate 0.001 --mess-rate 0.002 --algorithm greedy,0.661549000001,0,364,146,397,90,0,341,524,113,0,96,308,0,0,218,249,371,106,0,406,0,0,107,217,475,267,94,0,77,0,0,370,0,520,355,0,693,840,770,362,659,673,685,512
project/sim_ext.py --sim-time 1.5 --seq-graph project/file/graph_15_nodes.json --traffic project/file/traffic_15_nodes_random.json --inspection-rate 0.001 --mess-rate 0.002 --algorithm greedy,0.663085000001,0,364,146,397,90,0,342,525,113,0,96,308,0,0,218,251,371,106,0,406,0,0,107,217,475,267,94,0,77,0,0,371,0,520,355,0,693,840,770,362,659,673,685,512
project/sim_ext.py --sim-time 1.5 --seq-graph project/file/graph_15_nodes.json --traffic project/file/traffic_15_nodes_random.json --inspection-rate 0.001 --mess-rate 0.002 --algorithm greedy,0.664099000001,0,364,146,397,90,0,342,525,113,0,96,308,0,0,218,251,371,106,0,406,0,0,107,217,476,269,94,0,77,0,0,372,0,520,355,0,693,840,770,362,659,673,685,512
project/sim_ext.py --sim-time 1.5 --seq-graph project/file/graph_15_nodes.json --traffic project/file/traffic_15_nodes_random.json --inspection-rate 0.001 --mess-rate 0.002 --algorithm greedy,0.6651710000009999,0,364,146,397,90,0,342,525,113,0,96,308,0,0,218,251,371,106,0,406,0,0,107,217,476,269,94,0,77,0,0,372,0,520,355,0,693,840,770,362,659,673,685,512
project/sim_ext.py --sim-time 1.5 --seq-graph project/file/graph_15_nodes.json --traffic project/file/traffic_15_nodes_random.json --inspection-rate 0.001 --mess-rate 0.002 --algorithm greedy,0.666312000001,0,364,146,397,90,0,342,525,113,0,96,308,0,0,218,251,371,106,0,406,0,0,107,217,476,269,94,0,77,0,0,372,0,520,355,0,693,840,770,362,659,673,685,512
project/sim_ext.py --sim-time 1.5 --seq-graph project/file/graph_15_nodes.json --traffic project/file/traffic_15_nodes_random.json --inspection-rate 0.001 --mess-rate 0.002 --algorithm greedy,0.667435000001,0,366,146,397,90,0,342,525,113,0,96,308,0,0,218,251,371,106,0,406,0,0,107,217,476,269,94,0,77,0,0,372,0,520,355,0,693,840,770,362,659,673,685,512
project/sim_ext.py --sim-time 1.5 --seq-graph project/file/graph_15_nodes.json --traffic project/file/traffic_15_nodes_random.json --inspection-rate 0.001 --mess-rate 0.002 --algorithm greedy,0.668438000001,0,366,146,397,90,0,342,528,113,0,96,308,0,0,218,254,371,106,0,406,0,0,107,217,476,269,94,0,77,0,0,372,0,520,355,0,693,840,770,362,659,673,685,512
project/sim_ext.py --sim-time 1.5 --seq-graph project/file/graph_15_nodes.json --traffic project/file/traffic_15_nodes_random.json --inspection-rate 0.001 --mess-rate 0.002 --algorithm greedy,0.669474999955,0,366,146,397,90,0,342,528,113,0,96,308,0,0,218,254,371,106,0,406,0,0,107,217,476,269,94,0,77,0,0,372,0,520,355,0,693,840,770,362,659,673,685,512
project/sim_ext.py --sim-time 1.5 --seq-graph project/file/graph_15_nodes.json --traffic project/file/traffic_15_nodes_random.json --inspection-rate 0.001 --mess-rate 0.002 --algorithm greedy,0.670501199997,0,367,146,397,90,0,342,528,113,0,96,308,0,0,218,254,371,106,0,406,0,0,107,217,476,269,94,0,77,0,0,372,0,520,355,0,693,840,770,362,659,673,685,512
project/sim_ext.py --sim-time 1.5 --seq-graph project/file/graph_15_nodes.json --traffic project/file/traffic_15_nodes_random.json --inspection-rate 0.001 --mess-rate 0.002 --algorithm greedy,0.671614000001,0,367,146,397,90,0,342,528,113,0,96,308,0,0,218,254,371,106,0,406,0,0,107,217,476,269,94,0,77,0,0,372,0,520,355,0,693,840,770,362,659,673,685,512
project/sim_ext.py --sim-time 1.5 --seq-graph project/file/graph_15_nodes.json --traffic project/file/traffic_15_nodes_random.json --inspection-rate 0.001 --mess-rate 0.002 --algorithm greedy,0.672624999955,0,367,146,397,90,0,342,531,113,0,96,308,0,0,218,255,371,106,0,406,0,0,107,217,476,269,94,0,77,0,0,372,0,520,355,0,693,840,770,362,659,673,685,512
project/sim_ext.py --sim-time 1.5 --seq-graph project/file/graph_15_nodes.json --traffic project/file/traffic_15_nodes_random.json --inspection-rate 0.001 --mess-rate 0.002 --algorithm greedy,0.673628000001,0,367,146,397,90,0,342,531,113,0,96,308,0,0,218,256,371,106,0,406,0,0,107,217,476,269,94,0,77,0,0,372,0,520,355,0,693,840,770,362,659,673,685,512
project/sim_ext.py --sim-time 1.5 --seq-graph project/file/graph_15_nodes.json --traffic project/file/traffic_15_nodes_random.json --inspection-rate 0.001 --mess-rate 0.002 --algorithm greedy,0.674690000001,0,367,146,397,90,0,342,531,113,0,96,308,0,0,218,256,371,106,0,406,0,0,107,217,476,269,94,0,77,0,0,372,0,520,355,0,693,840,770,362,659,673,685,512
project/sim_ext.py --sim-time 1.5 --seq-graph project/file/graph_15_nodes.json --traffic project/file/traffic_15_nodes_random.json --inspection-rate 0.001 --mess-rate 0.002 --algorithm greedy,0.675710799997,0,368,146,403,90,0,349,538,114,0,97,319,0,0,222,256,377,110,0,411,0,0,109,219,486,280,95,0,77,0,0,376,0,536,365,0,710,868,792,362,684,698,711,529
project/sim_ext.py --sim-time 1.5 --seq-graph project/file/graph_15_nodes.json --traffic project/file/traffic_15_nodes_random.json --inspection-rate 0.001 --mess-rate 0.002 --algorithm greedy,0.676785000001,0,369,147,403,91,0,349,540,115,0,97,320,0,0,223,258,378,110,0,413,0,0,110,222,488,280,96,0,77,0,0,381,0,537,365,0,718,872,794,375,685,698,718,530
project/sim_ext.py --sim-time 1.5 --seq-graph project/file/graph_15_nodes.json --traffic project/file/traffic_15_nodes_random.json --inspection-rate 0.001 --mess-rate 0.002 --algorithm greedy,0.677801599997,0,371,149,403,91,0,352,542,115,0,100,321,0,0,224,259,378,110,0,413,0,0,110,226,488,280,96,0,77,0,0,381,0,540,365,0,721,875,797,379,688,704,720,531
project/sim_ext.py --sim-time 1.5 --seq-graph project/file/graph_15_nodes.json --traffic project/file/traffic_15_nodes_random.json --inspection-rate 0.001 --mess-rate 0.002 --algorithm greedy,0.678911000001,0,372,151,404,93,0,354,546,115,0,100,325,0,0,224,259,380,112,0,415,0,0,110,229,489,280,96,0,78,0,0,383,0,543,365,0,728,885,806,382,693,707,721,533
project/sim_ext.py --sim-time 1.5 --seq-graph project/file/graph_15_nodes.json --traffic project/file/traffic_15_nodes_random.json --inspection-rate 0.001 --mess-rate 0.002 --algorithm greedy,0.679968000001,0,374,152,407,94,0,354,546,115,0,100,325,0,0,225,259,382,112,0,416,0,0,110,229,491,281,96,0,78,0,0,384,0,545,366,0,730,888,815,389,694,708,726,535
project/sim_ext.py --sim-time 1.5 --seq-graph project/file/graph_15_nodes.json --traffic project/file/traffic_15_nodes_random.json --inspection-rate 0.001 --mess-rate 0.002 --algorithm greedy,0.680979000001,0,375,152,407,94,0,354,546,115,0,100,325,0,0,225,259,383,112,0,416,0,0,110,229,495,281,98,0,78,0,0,387,0,547,367,0,731,896,816,393,694,713,728,537
project/sim_ext.py --sim-time 1.5 --seq-graph project/file/graph_15_nodes.json --traffic project/file/traffic_15_nodes_random.json --inspection-rate 0.001 --mess-rate 0.002 --algorithm greedy,0.682087000001,0,375,152,410,96,0,354,546,116,0,100,326,0,0,225,259,383,112,0,416,0,0,110,229,495,282,98,0,78,0,0,389,0,547,367,0,733,896,817,395,701,715,728,538
project/sim_ext.py --sim-time 1.5 --seq-graph project/file/graph_15_nodes.json --traffic project/file/traffic_15_nodes_random.json --inspection-rate 0.001 --mess-rate 0.002 --algorithm greedy,0.6831090000009999,0,375,152,411,96,0,355,546,116,0,100,327,0,0,225,259,387,112,0,416,0,0,110,229,497,283,98,0,78,0,0,390,0,547,368,0,733,896,817,397,702,718,729,539
project/sim_ext.py --sim-time 1.5 --seq-graph project/file/graph_15_nodes.json --traffic project/file/traffic_15_nodes_random.json --inspection-rate 0.001 --mess-rate 0.002 --algorithm greedy,0.684114000001,0,375,153,411,96,0,356,546,116,0,100,327,0,0,229,259,387,112,0,416,0,0,110,229,498,283,98,0,78,0,0,390,0,547,370,0,733,896,817,399,703,719,729,539
project/sim_ext.py --sim-time 1.5 --seq-graph project/file/graph_15_nodes.json --traffic project/file/traffic_15_nodes_random.json --inspection-rate 0.001 --mess-rate 0.002 --algorithm greedy,0.685201000001,0,375,155,411,96,0,356,549,116,0,100,327,0,0,230,263,387,112,0,421,0,0,110,229,501,283,98,0,78,0,0,390,0,549,370,0,733,896,817,400,705,719,729,543
project/sim_ext.py --sim-time 1.5 --seq-graph project/file/graph_15_nodes.json --traffic project/file/traffic_15_nodes_random.json --inspection-rate 0.001 --mess-rate 0.002 --algorithm greedy,0.6863202385161588,0,375,155,411,96,0,357,549,116,0,100,327,0,0,230,263,387,112,0,422,0,0,110,229,501,283,98,0,78,0,0,390,0,549,370,0,733,896,817,400,705,719,729,545
project/sim_ext.py --sim-time 1.5 --seq-graph project/file/graph_15_nodes.json --traffic project/file/traffic_15_nodes_random.json --inspection-rate 0.001 --mess-rate 0.002 --algorithm greedy,0.687341000001,0,376,155,411,96,0,359,549,116,0,100,327,0,0,230,263,387,112,0,423,0,0,110,229,503,283,98,0,78,0,0,390,0,549,370,0,733,896,817,400,705,719,729,545
project/sim_ext.py --sim-time 1.5 --seq-graph project/file/graph_15_nodes.json --traffic project/file/traffic_15_nodes_random.json --inspection-rate 0.001 --mess-rate 0.002 --algorithm greedy,0.688470000001,0,377,155,412,96,0,359,552,116,0,100,327,0,0,230,263,387,112,0,425,0,0,110,229,503,285,98,0,78,0,0,390,0,551,370,0,733,896,817,400,705,719,729,545
project/sim_ext.py --sim-time 1.5 --seq-graph project/file/graph_15_nodes.json --traffic project/file/traffic_15_nodes_random.json --inspection-rate 0.001 --mess-rate 0.002 --algorithm greedy,0.689613799997,0,378,155,412,96,0,359,552,116,0,100,327,0,0,230,263,387,112,0,425,0,0,110,229,503,285,98,0,78,0,0,392,0,551,370,0,733,896,817,400,705,719,729,545
project/sim_ext.py --sim-time 1.5 --seq-graph project/file/graph_15_nodes.json --traffic project/file/traffic_15_nodes_random.json --inspection-rate 0.001 --mess-rate 0.002 --algorithm greedy,0.690634999951,0,378,155,412,96,0,359,553,116,0,100,327,0,0,230,263,387,112,0,425,0,0,110,229,503,285,98,0,78,0,0,392,0,551,370,0,733,896,817,400,705,719,729,545
project/sim_ext.py --sim-time 1.5 --seq-graph project/file/graph_15_nodes.json --traffic project/file/traffic_15_nodes_random.json --inspection-rate 0.001 --mess-rate 0.002 --algorithm greedy,0.691674599997,0,378,155,412,96,0,360,553,116,0,100,327,0,0,230,263,387,112,0,425,0,0,110,229,503,285,98,0,78,0,0,392,0,551,370,0,733,896,817,400,705,719,729,545
project/sim_ext.py --sim-time 1.5 --seq-graph project/file/graph_15_nodes.json --traffic project/file/traffic_15_nodes_random.json --inspection-rate 0.001 --mess-rate 0.002 --algorithm greedy,0.692679000001,0,378,155,412,96,0,360,553,116,0,100,327,0,0,230,263,387,112,0,425,0,0,110,229,503,285,98,0,78,0,0,392,0,551,370,0,733,896,817,400,705,719,729,545
project/sim_ext.py --sim-time 1.5 --seq-graph project/file/graph_15_nodes.json --traffic project/file/traffic_15_nodes_random.json --inspection-rate 0.001 --mess-rate 0.002 --algorithm greedy,0.693805000001,0,378,155,412,96,0,361,560,116,0,100,327,0,0,230,265,387,112,0,425,0,0,110,229,503,288,98,0,78,0,0,393,0,554,370,0,733,896,817,400,705,719,729,545
project/sim_ext.py --sim-time 1.5 --seq-graph project/file/graph_15_nodes.json --traffic project/file/traffic_15_nodes_random.json --inspection-rate 0.001 --mess-rate 0.002 --algorithm greedy,0.694809000001,0,378,155,412,96,0,361,561,116,0,100,327,0,0,230,265,387,112,0,425,0,0,110,229,503,289,98,0,78,0,0,393,0,554,370,0,733,896,817,400,705,719,729,545
project/sim_ext.py --sim-time 1.5 --seq-graph project/file/graph_15_nodes.json --traffic project/file/traffic_15_nodes_random.json --inspection-rate 0.001 --mess-rate 0.002 --algorithm greedy,0.695925000001,0,378,155,412,96,0,361,561,116,0,100,327,0,0,230,265,387,112,0,425,0,0,110,229,503,289,98,0,78,0,0,393,0,554,370,0,733,896,817,400,705,719,729,545
project/sim_ext.py --sim-time 1.5 --seq-graph project/file/graph_15_nodes.json --traffic project/file/traffic_15_nodes_random.json --inspection-rate 0.001 --mess-rate 0.002 --algorithm greedy,0.6969850000009999,0,380,155,412,96,0,361,561,116,0,100,327,0,0,230,265,387,112,0,425,0,0,110,229,503,290,98,0,78,0,0,394,0,554,370,0,733,896,817,400,705,719,729,545
project/sim_ext.py --sim-time 1.5 --seq-graph project/file/graph_15_nodes.json --traffic project/file/traffic_15_nodes_random.json --inspection-rate 0.001 --mess-rate 0.002 --algorithm greedy,0.698025000001,0,380,155,412,96,0,361,561,116,0,100,327,0,0,230,265,387,112,0,425,0,0,110,229,503,290,98,0,78,0,0,395,0,554,371,0,733,896,817,400,705,719,729,545
project/sim_ext.py --sim-time 1.5 --seq-graph project/file/graph_15_nodes.json --traffic project/file/traffic_15_nodes_random.json --inspection-rate 0.001 --mess-rate 0.002 --algorithm greedy,0.699169000001,0,382,155,412,96,0,361,561,116,0,100,327,0,0,230,265,387,112,0,425,0,0,110,229,503,290,98,0,78,0,0,395,0,554,371,0,733,896,817,400,705,719,729,545
project/sim_ext.py --sim-time 1.5 --seq-graph project/file/graph_15_nodes.json --traffic project/file/traffic_15_nodes_random.json --inspection-rate 0.001 --mess-rate 0.002 --algorithm greedy,0.7002049999509999,0,383,155,412,96,0,361,561,116,0,100,327,0,0,230,265,387,112,0,425,0,0,110,229,503,290,98,0,78,0,0,395,0,554,371,0,733,896,817,400,705,719,729,545
project/sim_ext.py --sim-time 1.5 --seq-graph project/file/graph_15_nodes.json --traffic project/file/traffic_15_nodes_random.json --inspection-rate 0.001 --mess-rate 0.002 --algorithm greedy,0.701215143233434,0,384,155,412,96,0,361,561,116,0,100,327,0,0,230,265,387,112,0,425,0,0,110,229,503,290,98,0,78,0,0,395,0,554,371,0,733,896,817,400,705,719,729,545
project/sim_ext.py --sim-time 1.5 --seq-graph project/file/graph_15_nodes.json --traffic project/file/traffic_15_nodes_random.json --inspection-rate 0.001 --mess-rate 0.002 --algorithm greedy,0.702236000001,0,384,155,412,96,0,361,561,116,0,100,327,0,0,230,265,387,112,0,425,0,0,110,229,503,290,98,0,78,0,0,395,0,554,371,0,733,896,817,400,705,719,729,545
project/sim_ext.py --sim-time 1.5 --seq-graph project/file/graph_15_nodes.json --traffic project/file/traffic_15_nodes_random.json --inspection-rate 0.001 --mess-rate 0.002 --algorithm greedy,0.703275000001,0,385,155,412,96,0,361,561,116,0,100,327,0,0,230,265,387,112,0,425,0,0,110,229,503,290,98,0,78,0,0,395,0,554,371,0,733,896,817,400,705,719,729,545
project/sim_ext.py --sim-time 1.5 --seq-graph project/file/graph_15_nodes.json --traffic project/file/traffic_15_nodes_random.json --inspection-rate 0.001 --mess-rate 0.002 --algorithm greedy,0.7043165651743003,0,385,155,412,96,0,361,561,116,0,100,327,0,0,230,265,387,112,0,425,0,0,110,229,503,290,98,0,78,0,0,395,0,554,371,0,733,896,817,400,705,719,729,545
project/sim_ext.py --sim-time 1.5 --seq-graph project/file/graph_15_nodes.json --traffic project/file/traffic_15_nodes_random.json --inspection-rate 0.001 --mess-rate 0.002 --algorithm greedy,0.705374000001,0,385,155,412,96,0,361,561,116,0,100,327,0,0,230,265,387,112,0,425,0,0,110,229,503,290,98,0,78,0,0,395,0,554,371,0,733,896,817,400,705,719,729,545
project/sim_ext.py --sim-time 1.5 --seq-graph project/file/graph_15_nodes.json --traffic project/file/traffic_15_nodes_random.json --inspection-rate 0.001 --mess-rate 0.002 --algorithm greedy,0.7064156826847607,0,385,155,412,96,0,361,561,116,0,100,336,0,0,230,265,387,112,0,425,0,0,110,229,510,290,98,0,81,0,0,395,0,554,371,0,733,907,833,400,705,719,729,545
project/sim_ext.py --sim-time 1.5 --seq-graph project/file/graph_15_nodes.json --traffic project/file/traffic_15_nodes_random.json --inspection-rate 0.001 --mess-rate 0.002 --algorithm greedy,0.707469000001,0,385,155,412,96,0,361,563,116,0,100,337,0,0,230,270,387,112,0,425,0,0,110,229,519,290,98,0,81,0,0,395,0,554,371,0,733,910,833,400,705,719,729,545
project/sim_ext.py --sim-time 1.5 --seq-graph project/file/graph_15_nodes.json --traffic project/file/traffic_15_nodes_random.json --inspection-rate 0.001 --mess-rate 0.002 --algorithm greedy,0.7085794399968296,0,385,155,412,96,0,361,563,116,0,100,338,0,0,230,271,387,112,0,425,0,0,110,229,520,290,98,0,81,0,0,395,0,554,371,0,733,912,835,400,705,719,729,545
project/sim_ext.py --sim-time 1.5 --seq-graph project/file/graph_15_nodes.json --traffic project/file/traffic_15_nodes_random.json --inspection-rate 0.001 --mess-rate 0.002 --algorithm greedy,0.709622000001,0,385,155,412,96,0,361,563,116,0,100,339,0,0,230,272,387,112,0,425,0,0,110,229,522,290,98,0,83,0,0,395,0,554,371,0,733,914,835,400,705,719,729,545
project/sim_ext.py --sim-time 1.5 --seq-graph project/file/graph_15_nodes.json --traffic project/file/traffic_15_nodes_random.json --inspection-rate 0.001 --mess-rate 0.002 --algorithm greedy,0.7106932508187164,0,391,155,412,96,0,361,563,116,0,100,340,0,0,230,272,387,112,0,425,0,0,110,229,522,290,98,0,83,0,0,395,0,554,371,0,733,917,836,400,705,719,729,545
project/sim_ext.py --sim-time 1.5 --seq-graph project/file/graph_15_nodes.json --traffic project/file/traffic_15_nodes_random.json --inspection-rate 0.001 --mess-rate 0.002 --algorithm greedy,0.7117535583745802,0,391,155,412,96,0,361,563,116,0,100,341,0,0,230,272,387,112,0,425,0,0,110,229,523,290,98,0,83,0,0,395,0,554,371,0,733,917,836,400,705,719,729,545
project/sim_ext.py --sim-time 1.5 --seq-graph project/file/graph_15_nodes.json --traffic project/file/traffic_15_nodes_random.json --inspection-rate 0.001 --mess-rate 0.002 --algorithm greedy,0.712834000001,0,392,155,412,96,0,361,565,116,0,100,341,0,0,230,272,387,112,0,425,0,0,110,229,526,290,98,0,83,0,0,395,0,554,371,0,733,919,836,400,705,719,729,545
project/sim_ext.py --sim-time 1.5 --seq-graph project/file/graph_15_nodes.json --traffic project/file/traffic_15_nodes_random.json --inspection-rate 0.001 --mess-rate 0.002 --algorithm greedy,0.713947000001,0,393,155,412,96,0,361,565,116,0,100,343,0,0,230,272,387,112,0,425,0,0,110,229,529,290,98,0,84,0,0,395,0,554,371,0,733,923,839,400,705,719,729,545
project/sim_ext.py --sim-time 1.5 --seq-graph project/file/graph_15_nodes.json --traffic project/file/traffic_15_nodes_random.json --inspection-rate 0.001 --mess-rate 0.002 --algorithm greedy,0.715043199997,0,393,155,412,96,0,361,565,116,0,100,343,0,0,230,272,387,112,0,425,0,0,110,229,529,290,98,0,84,0,0,395,0,554,371,0,733,926,839,400,705,719,729,545
project/sim_ext.py --sim-time 1.5 --seq-graph project/file/graph_15_nodes.json --traffic project/file/traffic_15_nodes_random.json --inspection-rate 0.001 --mess-rate 0.002 --algorithm greedy,0.716105599997,0,393,155,419,100,0,371,568,116,0,101,347,0,0,235,275,389,116,0,431,0,0,111,230,531,291,100,0,85,0,0,401,0,561,376,0,745,930,850,410,716,731,740,555
project/sim_ext.py --sim-time 1.5 --seq-graph project/file/graph_15_nodes.json --traffic project/file/traffic_15_nodes_random.json --inspection-rate 0.001 --mess-rate 0.002 --algorithm greedy,0.717245000001,0,393,158,420,102,0,371,569,116,0,102,347,0,0,235,276,390,118,0,433,0,0,112,235,532,291,101,0,85,0,0,404,0,563,379,0,756,930,853,426,720,741,751,563
project/sim_ext.py --sim-time 1.5 --seq-graph project/file/graph_15_nodes.json --traffic project/file/traffic_15_nodes_random.json --inspection-rate 0.001 --mess-rate 0.002 --algorithm greedy,0.718296000001,0,393,160,422,102,0,371,569,116,0,102,347,0,0,235,276,390,118,0,434,0,0,112,237,533,292,101,0,85,0,0,406,0,563,381,0,761,930,853,427,720,745,751,563
project/sim_ext.py --sim-time 1.5 --seq-graph project/file/graph_15_nodes.json --traffic project/file/traffic_15_nodes_random.json --inspection-rate 0.001 --mess-rate 0.002 --algorithm greedy,0.7194240000009999,0,393,161,425,102,0,371,570,116,0,102,347,0,0,236,276,391,118,0,437,0,0,113,237,536,293,101,0,85,0,0,408,0,565,384,0,761,930,853,431,721,749,754,563
project/sim_ext.py --sim-time 1.5 --seq-graph project/file/graph_15_nodes.json --traffic project/file/traffic_15_nodes_random.json --inspection-rate 0.001 --mess-rate 0.002 --algorithm greedy,0.720474000001,0,393,166,427,103,0,371,571,117,0,102,347,0,0,236,278,392,123,0,437,0,0,114,242,538,293,101,0,85,0,0,408,0,567,387,0,767,930,853,435,723,752,755,566
project/sim_ext.py --sim-time 1.5 --seq-graph project/file/graph_15_nodes.json --traffic project/file/traffic_15_nodes_random.json --inspection-rate 0.001 --mess-rate 0.002 --algorithm greedy,0.721538000001,0,393,166,427,103,0,372,572,117,0,102,347,0,0,236,280,392,123,0,437,0,0,115,244,538,293,101,0,85,0,0,409,0,567,387,0,770,930,853,440,723,754,755,568
project/sim_ext.py --sim-time 1.5 --seq-graph project/file/graph_15_nodes.json --traffic project/file/traffic_15_nodes_random.json --inspection-rate 0.001 --mess-rate 0.002 --algorithm greedy,0.722555000001,0,396,166,427,103,0,372,573,117,0,103,347,0,0,236,281,393,123,0,440,0,0,116,244,538,293,101,0,85,0,0,409,0,569,387,0,772,930,853,443,726,757,758,569
project/sim_ext.py --sim-time 1.5 --seq-graph project/file/graph_15_nodes.json --traffic project/file/traffic_15_nodes_random.json --inspection-rate 0.001 --mess-rate 0.002 --algorithm greedy,0.723572000001,0,397,168,433,103,0,372,573,117,0,103,347,0,0,236,281,393,123,0,444,0,0,116,244,539,294,102,0,85,0,0,409,0,570,388,0,773,930,853,447,727,762,761,569
project/sim_ext.py --sim-time 1.5 --seq-graph project/file/graph_15_nodes.json --traffic project/file/traffic_15_nodes_random.json --inspection-rate 0.001 --mess-rate 0.002 --algorithm greedy,0.7247322994517561,0,397,168,433,103,0,372,575,117,0,103,347,0,0,236,281,393,123,0,447,0,0,116,244,539,295,102,0,85,0,0,411,0,573,389,0,773,930,853,449,728,762,763,569
project/sim_ext.py --sim-time 1.5 --seq-graph project/file/graph_15_nodes.json --traffic project/file/traffic_15_nodes_random.json --inspection-rate 0.001 --mess-rate 0.002 --algorithm greedy,0.7257459898006422,0,398,168,433,103,0,372,575,117,0,104,347,0,0,236,281,394,123,0,447,0,0,116,244,539,295,102,0,85,0,0,411,0,573,389,0,773,930,853,449,728,763,764,569
project/sim_ext.py --sim-time 1.5 --seq-graph project/file/graph_15_nodes.json --traffic project/file/traffic_15_nodes_random.json --inspection-rate 0.001 --mess-rate 0.002 --algorithm greedy,0.726884999944,0,398,168,434,103,0,372,578,117,0,104,347,0,0,236,281,394,123,0,447,0,0,116,244,539,296,102,0,85,0,0,411,0,574,391,0,773,930,853,449,728,763,764,569
project/sim_ext.py --sim-time 1.5 --seq-graph project/file/graph_15_nodes.json --traffic project/file/traffic_15_nodes_random.json --inspection-rate 0.001 --mess-rate 0.002 --algorithm greedy,0.7279490000009999,0,398,168,437,103,0,372,578,117,0,104,347,0,0,236,281,394,123,0,447,0,0,116,244,539,296,102,0,85,0,0,411,0,574,392,0,773,930,853,449,728,763,764,569
project/sim_ext.py --sim-time 1.5 --seq-graph project/file/graph_15_nodes.json --traffic project/file/traffic_15_nodes_random.json --inspection-rate 0.001 --mess-rate 0.002 --algorithm greedy,0.729044000001,0,402,168,437,103,0,372,578,117,0,104,347,0,0,240,281,396,123,0,447,0,0,116,244,539,296,102,0,85,0,0,411,0,574,392,0,773,930,853,449,728,763,764,570
project/sim_ext.py --sim-time 1.5 --seq-graph project/file/graph_15_nodes.json --traffic project/file/traffic_15_nodes_random.json --inspection-rate 0.001 --mess-rate 0.002 --algorithm greedy,0.730069000001,0,402,169,437,103,0,372,579,117,0,104,347,0,0,241,282,396,123,0,447,0,0,116,244,539,297,102,0,85,0,0,411,0,575,392,0,773,930,853,449,728,763,764,570
project/sim_ext.py --sim-time 1.5 --seq-graph project/file/graph_15_nodes.json --traffic project/file/traffic_15_nodes_random.json --inspection-rate 0.001 --mess-rate 0.002 --algorithm greedy,0.7311568724395021,0,403,169,437,103,0,373,580,117,0,104,347,0,0,241,283,396,123,0,456,0,0,116,244,539,297,102,0,85,0,0,413,0,576,394,0,773,930,853,449,728,763,764,570
project/sim_ext.py --sim-time 1.5 --seq-graph project/file/graph_15_nodes.json --traffic project/file/traffic_15_nodes_random.json --inspection-rate 0.001 --mess-rate 0.002 --algorithm greedy,0.732218599997,0,404,169,437,103,0,373,580,117,0,104,347,0,0,242,283,396,123,0,457,0,0,116,244,539,299,102,0,85,0,0,414,0,577,394,0,773,930,853,449,728,763,764,570
project/sim_ext.py --sim-time 1.5 --seq-graph project/file/graph_15_nodes.json --traffic project/file/traffic_15_nodes_random.json --inspection-rate 0.001 --mess-rate 0.002 --algorithm greedy,0.733242599997,0,407,169,437,103,0,373,584,117,0,104,347,0,0,242,283,396,123,0,457,0,0,116,244,539,299,102,0,85,0,0,415,0,577,397,0,773,930,853,449,728,763,764,570
project/sim_ext.py --sim-time 1.5 --seq-graph project/file/graph_15_nodes.json --traffic project/file/traffic_15_nodes_random.json --inspection-rate 0.001 --mess-rate 0.002 --algorithm greedy,0.734322000001,0,407,169,437,103,0,373,584,117,0,104,347,0,0,243,283,396,123,0,457,0,0,116,244,539,301,102,0,85,0,0,415,0,577,398,0,773,930,853,449,728,763,764,570
project/sim_ext.py --sim-time 1.5 --seq-graph project/file/graph_15_nodes.json --traffic project/file/traffic_15_nodes_random.json --inspection-rate 0.001 --mess-rate 0.002 --algorithm greedy,0.735333000001,0,409,169,437,103,0,374,584,117,0,104,347,0,0,243,283,396,123,0,457,0,0,116,244,539,302,102,0,85,0,0,415,0,577,398,0,773,930,853,449,728,763,764,570
project/sim_ext.py --sim-time 1.5 --seq-graph project/file/graph_15_nodes.json --traffic project/file/traffic_15_nodes_random.json --inspection-rate 0.001 --mess-rate 0.002 --algorithm greedy,0.736429000001,0,410,169,437,103,0,374,586,117,0,104,347,0,0,243,286,396,123,0,457,0,0,116,244,539,302,102,0,85,0,0,415,0,577,398,0,773,930,853,449,728,763,764,570
project/sim_ext.py --sim-time 1.5 --seq-graph project/file/graph_15_nodes.json --traffic project/file/traffic_15_nodes_random.json --inspection-rate 0.001 --mess-rate 0.002 --algorithm greedy,0.737469000001,0,410,169,437,103,0,377,586,117,0,104,347,0,0,243,287,398,123,0,457,0,0,116,244,539,302,102,0,85,0,0,415,0,577,398,0,773,930,853,449,728,763,764,570
project/sim_ext.py --sim-time 1.5 --seq-graph project/file/graph_15_nodes.json --traffic project/file/traffic_15_nodes_random.json --inspection-rate 0.001 --mess-rate 0.002 --algorithm greedy,0.738557000001,0,411,169,437,103,0,378,586,117,0,104,347,0,0,243,288,399,123,0,457,0,0,116,244,539,302,102,0,85,0,0,415,0,577,398,0,773,930,853,449,728,763,764,570
project/sim_ext.py --sim-time 1.5 --seq-graph project/file/graph_15_nodes.json --traffic project/file/traffic_15_nodes_random.json --inspection-rate 0.001 --mess-rate 0.002 --algorithm greedy,0.7396043890509696,0,412,169,437,103,0,378,586,117,0,104,347,0,0,243,288,400,123,0,457,0,0,116,244,539,302,102,0,85,0,0,415,0,577,398,0,773,930,853,449,728,763,764,570
project/sim_ext.py --sim-time 1.5 --seq-graph project/file/graph_15_nodes.json --traffic project/file/traffic_15_nodes_random.json --inspection-rate 0.001 --mess-rate 0.002 --algorithm greedy,0.7406831622296952,0,412,169,437,103,0,379,586,117,0,104,347,0,0,243,288,401,123,0,457,0,0,116,244,539,302,102,0,85,0,0,415,0,577,398,0,773,930,853,449,728,763,764,570
project/sim_ext.py --sim-time 1.5 --seq-graph project/file/graph_15_nodes.json --traffic project/file/traffic_15_nodes_random.json --inspection-rate 0.001 --mess-rate 0.002 --algorithm greedy,0.741763199997,0,413,169,437,103,0,379,586,117,0,104,347,0,0,243,289,401,123,0,457,0,0,116,244,539,302,102,0,85,0,0,415,0,577,398,0,773,930,853,449,728,763,764,570
project/sim_ext.py --sim-time 1.5 --seq-graph project/file/graph_15_nodes.json --traffic project/file/traffic_15_nodes_random.json --inspection-rate 0.001 --mess-rate 0.002 --algorithm greedy,0.742845000001,0,413,169,437,103,0,379,586,117,0,104,347,0,0,243,290,401,123,0,457,0,0,116,244,539,302,102,0,85,0,0,415,0,577,398,0,773,930,853,449,728,763,764,570
project/sim_ext.py --sim-time 1.5 --seq-graph project/file/graph_15_nodes.json --traffic project/file/traffic_15_nodes_random.json --inspection-rate 0.001 --mess-rate 0.002 --algorithm greedy,0.7439112739415841,0,414,169,437,103,0,379,586,117,0,104,347,0,0,243,290,401,123,0,457,0,0,116,244,539,302,102,0,85,0,0,415,0,577,398,0,773,930,853,449,728,763,764,570
project/sim_ext.py --sim-time 1.5 --seq-graph project/file/graph_15_nodes.json --traffic project/file/traffic_15_nodes_random.json --inspection-rate 0.001 --mess-rate 0.002 --algorithm greedy,0.745000000001,0,414,169,437,103,0,379,586,117,0,104,347,0,0,243,290,401,123,0,457,0,0,116,244,539,302,102,0,85,0,0,415,0,577,398,0,773,930,853,457,728,763,764,570
project/sim_ext.py --sim-time 1.5 --seq-graph project/file/graph_15_nodes.json --traffic project/file/traffic_15_nodes_random.json --inspection-rate 0.001 --mess-rate 0.002 --algorithm greedy,0.746114999944,0,414,169,437,103,0,379,586,117,0,104,347,0,0,243,291,401,123,0,457,0,0,116,244,539,302,102,0,85,0,0,415,0,577,398,0,773,930,853,459,728,763,764,570
project/sim_ext.py --sim-time 1.5 --seq-graph project/file/graph_15_nodes.json --traffic project/file/traffic_15_nodes_random.json --inspection-rate 0.001 --mess-rate 0.002 --algorithm greedy,0.747260000001,0,414,173,447,108,0,381,586,117,0,106,358,0,0,245,291,410,127,0,464,0,0,116,246,556,307,104,0,86,0,0,420,0,593,405,0,793,956,874,488,754,784,785,586
project/sim_ext.py --sim-time 1.5 --seq-graph project/file/graph_15_nodes.json --traffic project/file/traffic_15_nodes_random.json --inspection-rate 0.001 --mess-rate 0.002 --algorithm greedy,0.748264000001,0,414,174,447,108,0,385,597,118,0,106,358,0,0,245,291,413,127,0,464,0,0,117,247,556,309,104,0,86,0,0,421,0,595,407,0,794,961,877,493,756,790,786,586
project/sim_ext.py --sim-time 1.5 --seq-graph project/file/graph_15_nodes.json --traffic project/file/traffic_15_nodes_random.json --inspection-rate 0.001 --mess-rate 0.002 --algorithm greedy,0.749438799997,0,415,177,447,109,0,385,597,118,0,107,360,0,0,245,291,414,127,0,466,0,0,117,248,558,309,104,0,87,0,0,421,0,596,410,0,801,961,878,502,759,795,792,588
project/sim_ext.py --sim-time 1.5 --seq-graph project/file/graph_15_nodes.json --traffic project/file/traffic_15_nodes_random.json --inspection-rate 0.001 --mess-rate 0.002 --algorithm greedy,0.750469000001,0,415,178,450,110,0,386,600,118,0,107,360,0,0,247,292,416,127,0,468,0,0,117,248,561,310,104,0,87,0,0,422,0,599,411,0,801,969,878,502,762,797,796,588
project/sim_ext.py --sim-time 1.5 --seq-graph project/file/graph_15_nodes.json --traffic project/file/traffic_15_nodes_random.json --inspection-rate 0.001 --mess-rate 0.002 --algorithm greedy,0.751526000001,0,415,178,453,110,0,386,600,118,0,108,361,0,0,247,292,416,127,0,468,0,0,117,251,562,311,105,0,87,0,0,423,0,602,412,0,805,974,892,502,767,800,798,594
project/sim_ext.py --sim-time 1.5 --seq-graph project/file/graph_15_nodes.json --traffic project/file/traffic_15_nodes_random.json --inspection-rate 0.001 --mess-rate 0.002 --algorithm greedy,0.752609000001,0,416,178,454,110,0,386,602,120,0,108,361,0,0,247,293,416,127,0,470,0,0,118,252,562,311,106,0,88,0,0,423,0,603,414,0,807,976,894,502,770,800,801,594
project/sim_ext.py --sim-time 1.5 --seq-graph project/file/graph_15_nodes.json --traffic project/file/traffic_15_nodes_random.json --inspection-rate 0.001 --mess-rate 0.002 --algorithm greedy,0.753684000001,0,416,179,454,112,0,388,603,120,0,109,362,0,0,247,293,418,130,0,471,0,0,118,255,567,311,106,0,88,0,0,423,0,606,417,0,808,978,896,502,772,804,803,597
project/sim_ext.py --sim-time 1.5 --seq-graph project/file/graph_15_nodes.json --traffic project/file/traffic_15_nodes_random.json --inspection-rate 0.001 --mess-rate 0.002 --algorithm greedy,0.754800000001,0,416,179,457,112,0,388,604,121,0,109,362,0,0,247,293,418,130,0,475,0,0,118,257,568,313,106,0,88,0,0,423,0,609,418,0,816,978,896,502,774,805,804,597
project/sim_ext.py --sim-time 1.5 --seq-graph project/file/graph_15_nodes.json --traffic project/file/traffic_15_nodes_random.json --inspection-rate 0.001 --mess-rate 0.002 --algorithm greedy,0.755889000001,0,416,179,457,112,0,389,604,121,0,109,362,0,0,247,293,418,130,0,475,0,0,118,257,568,313,106,0,88,0,0,425,0,609,418,0,817,978,896,502,774,805,804,597
project/sim_ext.py --sim-time 1.5 --seq-graph project/file/graph_15_nodes.json --traffic project/file/traffic_15_nodes_random.json --inspection-rate 0.001 --mess-rate 0.002 --algorithm greedy,0.756944000001,0,416,179,457,112,0,390,605,121,0,109,362,0,0,250,293,418,130,0,476,0,0,118,257,568,316,106,0,88,0,0,425,0,611,419,0,817,978,896,502,774,805,804,597
project/sim_ext.py --sim-time 1.5 --seq-graph project/file/graph_15_nodes.json --traffic project/file/traffic_15_nodes_random.json --inspection-rate 0.001 --mess-rate 0.002 --algorithm greedy,0.758061000001,0,417,179,457,112,0,390,605,121,0,109,362,0,0,252,293,418,130,0,476,0,0,118,257,569,316,106,0,88,0,0,425,0,611,419,0,817,978,896,502,774,805,804,597
project/sim_ext.py --sim-time 1.5 --seq-graph project/file/graph_15_nodes.json --traffic project/file/traffic_15_nodes_random.json --inspection-rate 0.001 --mess-rate 0.002 --algorithm greedy,0.759117799997,0,417,179,457,112,0,390,605,121,0,109,362,0,0,252,294,418,130,0,476,0,0,118,257,569,316,106,0,88,0,0,425,0,611,419,0,817,978,896,502,774,805,804,597
project/sim_ext.py --sim-time 1.5 --seq-graph project/file/graph_15_nodes.json --traffic project/file/traffic_15_nodes_random.json --inspection-rate 0.001 --mess-rate 0.002 --algorithm greedy,0.7602630537659576,0,417,179,460,112,0,390,606,121,0,109,362,0,0,254,295,422,130,0,476,0,0,118,257,569,316,106,0,88,0,0,425,0,611,421,0,817,978,896,502,774,805,804,597
project/sim_ext.py --sim-time 1.5 --seq-graph project/file/graph_15_nodes.json --traffic project/file/traffic_15_nodes_random.json --inspection-rate 0.001 --mess-rate 0.002 --algorithm greedy,0.761300000001,0,417,179,463,112,0,392,608,121,0,109,362,0,0,254,296,424,130,0,476,0,0,118,257,569,316,106,0,88,0,0,427,0,611,421,0,817,978,902,502,774,805,804,598
project/sim_ext.py --sim-time 1.5 --seq-graph project/file/graph_15_nodes.json --traffic project/file/traffic_15_nodes_random.json --inspection-rate 0.001 --mess-rate 0.002 --algorithm greedy,0.762336999997,0,417,179,465,112,0,392,608,121,0,109,362,0,0,254,296,425,130,0,476,0,0,118,257,569,317,106,0,88,0,0,427,0,611,423,0,817,978,902,502,774,805,804,598
project/sim_ext.py --sim-time 1.5 --seq-graph project/file/graph_15_nodes.json --traffic project/file/traffic_15_nodes_random.json --inspection-rate 0.001 --mess-rate 0.002 --algorithm greedy,0.763365199997,0,418,179,465,112,0,392,608,121,0,109,362,0,0,254,296,425,130,0,476,0,0,118,257,569,317,106,0,88,0,0,427,0,611,424,0,817,978,902,502,774,805,804,598
project/sim_ext.py --sim-time 1.5 --seq-graph project/file/graph_15_nodes.json --traffic project/file/traffic_15_nodes_random.json --inspection-rate 0.001 --mess-rate 0.002 --algorithm greedy,0.764497000001,0,418,179,465,112,0,392,608,121,0,109,362,0,0,254,296,425,130,0,476,0,0,118,257,569,317,106,0,88,0,0,427,0,611,424,0,817,978,902,502,774,805,804,598
project/sim_ext.py --sim-time 1.5 --seq-graph project/file/graph_15_nodes.json --traffic project/file/traffic_15_nodes_random.json --inspection-rate 0.001 --mess-rate 0.002 --algorithm greedy,0.765564000001,0,418,179,465,112,0,392,608,121,0,109,362,0,0,254,296,425,130,0,476,0,0,118,257,569,317,106,0,88,0,0,427,0,611,424,0,817,978,902,502,774,805,804,598
project/sim_ext.py --sim-time 1.5 --seq-graph project/file/graph_15_nodes.json --traffic project/file/traffic_15_nodes_random.json --inspection-rate 0.001 --mess-rate 0.002 --algorithm greedy,0.766592000001,0,418,179,465,112,0,392,608,121,0,109,362,0,0,254,296,425,130,0,476,0,0,118,257,569,317,106,0,88,0,0,428,0,611,425,0,817,978,902,502,774,805,804,598
project/sim_ext.py --sim-time 1.5 --seq-graph project/file/graph_15_nodes.json --traffic project/file/traffic_15_nodes_random.json --inspection-rate 0.001 --mess-rate 0.002 --algorithm greedy,0.767625000001,0,419,179,465,112,0,393,614,121,0,109,362,0,0,254,296,425,130,0,476,0,0,118,257,569,317,106,0,88,0,0,428,0,611,426,0,817,978,902,502,774,805,804,598
project/sim_ext.py --sim-time 1.5 --seq-graph project/file/graph_15_nodes.json --traffic project/file/traffic_15_nodes_random.json --inspection-rate 0.001 --mess-rate 0.002 --algorithm greedy,0.768704000001,0,420,179,465,112,0,393,614,121,0,109,362,0,0,254,296,425,130,0,476,0,0,118,257,569,317,106,0,88,0,0,429,0,611,426,0,817,978,902,502,774,805,804,598
project/sim_ext.py --sim-time 1.5 --seq-graph project/file/graph_15_nodes.json --traffic project/file/traffic_15_nodes_random.json --inspection-rate 0.001 --mess-rate 0.002 --algorithm greedy,0.76973408722862,0,420,179,465,112,0,394,615,121,0,109,362,0,0,254,300,425,130,0,476,0,0,118,257,569,317,106,0,88,0,0,429,0,611,426,0,817,978,902,502,774,805,804,598
project/sim_ext.py --sim-time 1.5 --seq-graph project/file/graph_15_nodes.json --traffic project/file/traffic_15_nodes_random.json --inspection-rate 0.001 --mess-rate 0.002 --algorithm greedy,0.7708280000009999,0,420,179,465,112,0,394,616,121,0,109,362,0,0,254,300,425,130,0,476,0,0,118,257,569,317,106,0,88,0,0,429,0,611,426,0,817,978,902,502,774,805,804,598
project/sim_ext.py --sim-time 1.5 --seq-graph project/file/graph_15_nodes.json --traffic project/file/traffic_15_nodes_random.json --inspection-rate 0.001 --mess-rate 0.002 --algorithm greedy,0.7718320000009999,0,420,179,465,112,0,394,616,121,0,109,362,0,0,254,300,426,130,0,476,0,0,118,257,569,317,106,0,88,0,0,429,0,611,426,0,817,978,902,502,774,805,804,598
project/sim_ext.py --sim-time 1.5 --seq-graph project/file/graph_15_nodes.json --traffic project/file/traffic_15_nodes_random.json --inspection-rate 0.001 --mess-rate 0.002 --algorithm greedy,0.7728550000009999,0,421,179,465,112,0,394,616,121,0,109,362,0,0,254,300,427,130,0,476,0,0,118,257,569,317,106,0,88,0,0,429,0,611,426,0,817,978,902,502,774,805,804,598
project/sim_ext.py --sim-time 1.5 --seq-graph project/file/graph_15_nodes.json --traffic project/file/traffic_15_nodes_random.json --inspection-rate 0.001 --mess-rate 0.002 --algorithm greedy,0.773981000001,0,421,179,465,112,0,394,616,121,0,109,362,0,0,254,300,427,130,0,476,0,0,118,257,569,317,106,0,88,0,0,429,0,611,426,0,817,978,902,502,774,805,804,598
project/sim_ext.py --sim-time 1.5 --seq-graph project/file/graph_15_nodes.json --traffic project/file/traffic_15_nodes_random.json --inspection-rate 0.001 --mess-rate 0.002 --algorithm greedy,0.774985000001,0,422,179,465,112,0,394,616,121,0,109,362,0,0,254,300,428,130,0,476,0,0,118,257,569,317,106,0,88,0,0,429,0,611,426,0,817,978,902,502,774,805,804,598
project/sim_ext.py --sim-time 1.5 --seq-graph project/file/graph_15_nodes.json --traffic project/file/traffic_15_nodes_random.json --inspection-rate 0.001 --mess-rate 0.002 --algorithm greedy,0.776007399997,0,423,179,465,112,0,394,616,121,0,109,362,0,0,254,300,428,130,0,476,0,0,118,257,569,317,106,0,88,0,0,429,0,611,426,0,817,978,902,502,774,805,804,598
project/sim_ext.py --sim-time 1.5 --seq-graph project/file/graph_15_nodes.json --traffic project/file/traffic_15_nodes_random.json --inspection-rate 0.001 --mess-rate 0.002 --algorithm greedy,0.7770637915325963,0,423,179,465,112,0,394,616,121,0,109,362,0,0,254,300,428,130,0,476,0,0,118,257,569,317,106,0,88,0,0,429,0,611,426,0,817,978,902,502,774,805,804,598
project/sim_ext.py --sim-time 1.5 --seq-graph project/file/graph_15_nodes.json --traffic project/file/traffic_15_nodes_random.json --inspection-rate 0.001 --mess-rate 0.002 --algorithm greedy,0.7780710000009999,0,425,181,476,113,0,399,624,124,0,113,371,0,0,259,305,434,132,0,481,0,0,118,265,589,317,109,0,89,0,0,429,0,627,426,0,838,1001,926,502,796,827,831,612
project/sim_ext.py --sim-time 1.5 --seq-graph project/file/graph_15_nodes.json --traffic project/file/traffic_15_nodes_random.json --inspection-rate 0.001 --mess-rate 0.002 --algorithm greedy,0.779116000001,0,425,181,476,113,0,402,626,124,0,113,373,0,0,259,305,436,132,0,483,0,0,118,265,590,317,110,0,90,0,0,429,0,629,426,0,839,1005,928,502,798,829,831,612
project/sim_ext.py --sim-time 1.5 --seq-graph project/file/graph_15_nodes.json --traffic project/file/traffic_15_nodes_random.json --inspection-rate 0.001 --mess-rate 0.002 --algorithm greedy,0.780476799997,0,427,181,477,113,0,403,627,125,0,114,375,0,0,259,306,437,136,0,485,0,0,118,267,592,317,110,0,91,0,0,429,0,630,426,0,841,1012,931,502,800,832,835,614
project/sim_ext.py --sim-time 1.5 --seq-graph project/file/graph_15_nodes.json --traffic project/file/traffic_15_nodes_random.json --inspection-rate 0.001 --mess-rate 0.002 --algorithm greedy,0.781610000001,0,428,181,477,113,0,404,627,126,0,114,377,0,0,261,309,438,136,0,486,0,0,120,268,600,317,111,0,92,0,0,429,0,634,426,0,852,1019,939,502,804,835,838,614
project/sim_ext.py --sim-time 1.5 --seq-graph project/file/graph_15_nodes.json --traffic project/file/traffic_15_nodes_random.json --inspection-rate 0.001 --mess-rate 0.002 --algorithm greedy,0.782669999932,0,430,181,478,113,0,404,631,127,0,115,377,0,0,261,310,438,136,0,486,0,0,121,268,601,317,111,0,92,0,0,429,0,634,426,0,855,1023,941,502,804,837,840,614
project/sim_ext.py --sim-time 1.5 --seq-graph project/file/graph_15_nodes.json --traffic project/file/traffic_15_nodes_random.json --inspection-rate 0.001 --mess-rate 0.002 --algorithm greedy,0.783806000001,0,430,184,479,113,0,406,633,127,0,116,377,0,0,261,310,443,136,0,486,0,0,122,268,602,317,111,0,92,0,0,429,0,635,426,0,858,1023,945,502,814,839,844,614
project/sim_ext.py --sim-time 1.5 --seq-graph project/file/graph_15_nodes.json --traffic project/file/traffic_15_nodes_random.json --inspection-rate 0.001 --mess-rate 0.002 --algorithm greedy,0.784847999997,0,430,184,479,114,0,406,633,127,0,116,377,0,0,263,310,444,136,0,486,0,0,122,268,602,317,114,0,92,0,0,429,0,636,426,0,859,1023,946,502,815,840,845,614
project/sim_ext.py --sim-time 1.5 --seq-graph project/file/graph_15_nodes.json --traffic project/file/traffic_15_nodes_random.json --inspection-rate 0.001 --mess-rate 0.002 --algorithm greedy,0.7859401999969999,0,432,187,479,114,0,407,636,129,0,116,377,0,0,263,313,445,137,0,488,0,0,122,269,602,317,114,0,92,0,0,429,0,638,426,0,859,1023,946,502,815,844,846,614
project/sim_ext.py --sim-time 1.5 --seq-graph project/file/graph_15_nodes.json --traffic project/file/traffic_15_nodes_random.json --inspection-rate 0.001 --mess-rate 0.002 --algorithm greedy,0.787003000001,0,433,187,479,116,0,408,636,129,0,116,379,0,0,263,313,445,137,0,489,0,0,122,269,602,317,114,0,92,0,0,429,0,639,426,0,859,1023,946,502,815,845,846,616
project/sim_ext.py --sim-time 1.5 --seq-graph project/file/graph_15_nodes.json --traffic project/file/traffic_15_nodes_random.json --inspection-rate 0.001 --mess-rate 0.002 --algorithm greedy,0.788022399997,0,434,187,481,117,0,408,638,129,0,116,379,0,0,263,314,446,137,0,492,0,0,123,269,602,323,114,0,92,0,0,435,0,639,433,0,859,1023,946,502,815,846,846,619
project/sim_ext.py --sim-time 1.5 --seq-graph project/file/graph_15_nodes.json --traffic project/file/traffic_15_nodes_random.json --inspection-rate 0.001 --mess-rate 0.002 --algorithm greedy,0.78902499994,0,434,191,481,117,0,409,641,129,0,116,379,0,0,263,315,446,137,0,494,0,0,123,269,602,323,114,0,92,0,0,435,0,639,433,0,859,1023,946,512,815,846,846,619
project/sim_ext.py --sim-time 1.5 --seq-graph project/file/graph_15_nodes.json --traffic project/file/traffic_15_nodes_random.json --inspection-rate 0.001 --mess-rate 0.002 --algorithm greedy,0.7903370000009999,0,434,191,481,117,0,409,641,129,0,116,379,0,0,263,315,446,137,0,495,0,0,123,269,602,324,114,0,92,0,0,435,0,639,435,0,859,1023,946,513,815,846,846,619
project/sim_ext.py --sim-time 1.5 --seq-graph project/file/graph_15_nodes.json --traffic project/file/traffic_15_nodes_random.json --inspection-rate 0.001 --mess-rate 0.002 --algorithm greedy,0.791494000001,0,435,191,488,117,0,409,642,129,0,116,379,0,0,264,319,446,137,0,495,0,0,123,269,602,324,114,0,92,0,0,437,0,639,435,0,859,1023,946,514,815,846,846,619
project/sim_ext.py --sim-time 1.5 --seq-graph project/file/graph_15_nodes.json --traffic project/file/traffic_15_nodes_random.json --inspection-rate 0.001 --mess-rate 0.002 --algorithm greedy,0.792652000001,0,438,191,490,117,0,410,642,129,0,116,379,0,0,265,319,446,137,0,496,0,0,123,269,602,326,114,0,92,0,0,437,0,641,435,0,859,1023,946,514,815,846,846,619
project/sim_ext.py --sim-time 1.5 --seq-graph project/file/graph_15_nodes.json --traffic project/file/traffic_15_nodes_random.json --inspection-rate 0.001 --mess-rate 0.002 --algorithm greedy,0.793747000001,0,438,191,490,117,0,411,642,129,0,116,379,0,0,265,319,446,137,0,496,0,0,123,269,602,327,114,0,92,0,0,438,0,642,436,0,859,1023,946,516,815,846,846,619
project/sim_ext.py --sim-time 1.5 --seq-graph project/file/graph_15_nodes.json --traffic project/file/traffic_15_nodes_random.json --inspection-rate 0.001 --mess-rate 0.002 --algorithm greedy,0.794769000001,0,438,191,490,117,0,411,642,129,0,116,379,0,0,265,319,446,137,0,496,0,0,123,269,602,327,114,0,92,0,0,438,0,642,437,0,859,1023,946,516,815,846,846,619
project/sim_ext.py --sim-time 1.5 --seq-graph project/file/graph_15_nodes.json --traffic project/file/traffic_15_nodes_random.json --inspection-rate 0.001 --mess-rate 0.002 --algorithm greedy,0.7959091999969999,0,438,192,490,117,0,411,643,129,0,116,379,0,0,265,319,446,137,0,496,0,0,123,269,602,327,114,0,92,0,0,438,0,642,438,0,859,1023,946,518,815,846,846,619
project/sim_ext.py --sim-time 1.5 --seq-graph project/file/graph_15_nodes.json --traffic project/file/traffic_15_nodes_random.json --inspection-rate 0.001 --mess-rate 0.002 --algorithm greedy,0.797053000001,0,438,192,490,117,0,411,646,129,0,116,379,0,0,265,322,446,137,0,496,0,0,123,269,602,328,114,0,92,0,0,438,0,642,439,0,859,1023,946,519,815,846,846,619
project/sim_ext.py --sim-time 1.5 --seq-graph project/file/graph_15_nodes.json --traffic project/file/traffic_15_nodes_random.json --inspection-rate 0.001 --mess-rate 0.002 --algorithm greedy,0.798151000001,0,438,192,490,117,0,411,646,129,0,116,379,0,0,265,322,446,137,0,496,0,0,123,269,602,328,114,0,92,0,0,438,0,642,439,0,859,1023,946,519,815,846,846,619
project/sim_ext.py --sim-time 1.5 --seq-graph project/file/graph_15_nodes.json --traffic project/file/traffic_15_nodes_random.json --inspection-rate 0.001 --mess-rate 0.002 --algorithm greedy,0.799265000001,0,438,192,490,117,0,411,646,129,0,116,379,0,0,265,322,446,137,0,496,0,0,123,269,602,329,114,0,92,0,0,438,0,642,441,0,859,1023,946,519,815,846,846,619
project/sim_ext.py --sim-time 1.5 --seq-graph project/file/graph_15_nodes.json --traffic project/file/traffic_15_nodes_random.json --inspection-rate 0.001 --mess-rate 0.002 --algorithm greedy,0.800297000001,0,438,192,490,117,0,412,646,129,0,116,379,0,0,265,322,446,137,0,496,0,0,123,269,602,330,114,0,92,0,0,438,0,642,442,0,859,1023,946,520,815,846,846,619
project/sim_ext.py --sim-time 1.5 --seq-graph project/file/graph_15_nodes.json --traffic project/file/traffic_15_nodes_random.json --inspection-rate 0.001 --mess-rate 0.002 --algorithm greedy,0.801305000001,0,438,192,490,117,0,412,646,129,0,116,379,0,0,265,322,446,137,0,496,0,0,123,269,602,334,114,0,92,0,0,443,0,642,442,0,859,1023,946,520,815,846,846,619
project/sim_ext.py --sim-time 1.5 --seq-graph project/file/graph_15_nodes.json --traffic project/file/traffic_15_nodes_random.json --inspection-rate 0.001 --mess-rate 0.002 --algorithm greedy,0.8025560908384233,0,438,192,490,117,0,412,646,129,0,116,379,0,0,265,322,446,137,0,496,0,0,123,269,602,336,114,0,92,0,0,446,0,642,442,0,859,1023,946,520,815,846,846,619
project/sim_ext.py --sim-time 1.5 --seq-graph project/file/graph_15_nodes.json --traffic project/file/traffic_15_nodes_random.json --inspection-rate 0.001 --mess-rate 0.002 --algorithm greedy,0.803565000001,0,438,192,490,117,0,412,646,129,0,116,379,0,0,265,322,446,137,0,496,0,0,123,269,602,336,114,0,92,0,0,446,0,642,442,0,859,1023,946,521,815,846,846,619
project/sim_ext.py --sim-time 1.5 --seq-graph project/file/graph_15_nodes.json --traffic project/file/traffic_15_nodes_random.json --inspection-rate 0.001 --mess-rate 0.002 --algorithm greedy,0.8045651746187061,0,439,192,490,117,0,412,646,129,0,116,379,0,0,265,322,446,137,0,496,0,0,123,269,602,337,114,0,92,0,0,447,0,642,443,0,859,1023,946,521,815,846,846,619
project/sim_ext.py --sim-time 1.5 --seq-graph project/file/graph_15_nodes.json --traffic project/file/traffic_15_nodes_random.json --inspection-rate 0.001 --mess-rate 0.002 --algorithm greedy,0.805615000001,0,439,192,490,117,0,412,646,129,0,116,379,0,0,265,322,446,137,0,496,0,0,123,269,602,337,114,0,92,0,0,447,0,642,443,0,859,1023,946,521,815,846,846,619
project/sim_ext.py --sim-time 1.5 --seq-graph project/file/graph_15_nodes.json --traffic project/file/traffic_15_nodes_random.json --inspection-rate 0.001 --mess-rate 0.002 --algorithm greedy,0.806725000001,0,440,192,490,117,0,412,646,129,0,116,379,0,0,265,322,446,137,0,496,0,0,123,269,602,337,114,0,92,0,0,447,0,642,444,0,859,1023,946,521,815,846,846,619
project/sim_ext.py --sim-time 1.5 --seq-graph project/file/graph_15_nodes.json --traffic project/file/traffic_15_nodes_random.json --inspection-rate 0.001 --mess-rate 0.002 --algorithm greedy,0.8077920000009999,0,440,192,490,117,0,412,646,129,0,116,379,0,0,265,322,446,137,0,496,0,0,123,269,602,337,114,0,92,0,0,449,0,642,446,0,859,1023,946,521,815,846,846,619
project/sim_ext.py --sim-time 1.5 --seq-graph project/file/graph_15_nodes.json --traffic project/file/traffic_15_nodes_random.json --inspection-rate 0.001 --mess-rate 0.002 --algorithm greedy,0.808820000001,0,442,192,490,117,0,412,646,129,0,116,379,0,0,265,322,446,137,0,496,0,0,123,269,602,337,114,0,92,0,0,449,0,642,446,0,859,1023,946,521,815,846,846,619
project/sim_ext.py --sim-time 1.5 --seq-graph project/file/graph_15_nodes.json --traffic project/file/traffic_15_nodes_random.json --inspection-rate 0.001 --mess-rate 0.002 --algorithm greedy,0.809835000001,0,442,192,490,117,0,412,646,129,0,116,379,0,0,265,322,446,137,0,496,0,0,123,269,602,337,114,0,92,0,0,449,0,642,446,0,859,1023,946,521,815,846,846,619
project/sim_ext.py --sim-time 1.5 --seq-graph project/file/graph_15_nodes.json --traffic project/file/traffic_15_nodes_random.json --inspection-rate 0.001 --mess-rate 0.002 --algorithm greedy,0.810949000001,0,443,192,490,117,0,412,646,129,0,116,379,0,0,265,322,446,137,0,496,0,0,123,269,602,337,114,0,92,0,0,449,0,642,446,0,859,1023,946,521,815,846,846,619
project/sim_ext.py --sim-time 1.5 --seq-graph project/file/graph_15_nodes.json --traffic project/file/traffic_15_nodes_random.json --inspection-rate 0.001 --mess-rate 0.002 --algorithm greedy,0.811964000001,0,443,192,490,117,0,412,646,129,0,116,379,0,0,265,322,446,137,0,496,0,0,123,269,602,340,114,0,92,0,0,449,0,642,447,0,859,1023,946,521,815,846,846,619
project/sim_ext.py --sim-time 1.5 --seq-graph project/file/graph_15_nodes.json --traffic project/file/traffic_15_nodes_random.json --inspection-rate 0.001 --mess-rate 0.002 --algorithm greedy,0.8130537188983319,0,444,192,490,117,0,412,646,129,0,116,379,0,0,265,322,446,137,0,496,0,0,123,269,602,340,114,0,92,0,0,449,0,642,447,0,859,1023,946,521,815,846,846,619
project/sim_ext.py --sim-time 1.5 --seq-graph project/file/graph_15_nodes.json --traffic project/file/traffic_15_nodes_random.json --inspection-rate 0.001 --mess-rate 0.002 --algorithm greedy,0.814111000001,0,444,192,490,117,0,412,646,129,0,116,379,0,0,265,322,446,137,0,496,0,0,123,269,602,341,114,0,92,0,0,449,0,642,447,0,859,1023,946,521,815,846,846,619
project/sim_ext.py --sim-time 1.5 --seq-graph project/file/graph_15_nodes.json --traffic project/file/traffic_15_nodes_random.json --inspection-rate 0.001 --mess-rate 0.002 --algorithm greedy,0.815190749230641,0,444,192,490,117,0,412,646,129,0,116,379,0,0,265,322,446,137,0,496,0,0,123,269,602,341,114,0,92,0,0,449,0,642,447,0,859,1023,946,521,815,846,846,619
project/sim_ext.py --sim-time 1.5 --seq-graph project/file/graph_15_nodes.json --traffic project/file/traffic_15_nodes_random.json --inspection-rate 0.001 --mess-rate 0.002 --algorithm greedy,0.816241000001,0,444,192,490,117,0,412,646,129,0,116,379,0,0,265,322,446,137,0,496,0,0,123,269,602,341,114,0,92,0,0,449,0,642,447,0,859,1023,946,521,815,846,846,619
project/sim_ext.py --sim-time 1.5 --seq-graph project/file/graph_15_nodes.json --traffic project/file/traffic_15_nodes_random.json --inspection-rate 0.001 --mess-rate 0.002 --algorithm greedy,0.817250000001,0,444,192,490,117,0,412,646,129,0,116,379,0,0,265,322,446,137,0,496,0,0,123,269,602,341,114,0,92,0,0,449,0,642,447,0,859,1023,946,521,815,846,846,619
project/sim_ext.py --sim-time 1.5 --seq-graph project/file/graph_15_nodes.json --traffic project/file/traffic_15_nodes_random.json --inspection-rate 0.001 --mess-rate 0.002 --algorithm greedy,0.818300799997,0,444,193,492,117,0,416,649,129,0,116,380,0,0,265,324,449,140,0,499,0,0,123,271,605,341,114,0,92,0,0,451,0,645,449,0,864,1028,951,521,820,851,851,622
project/sim_ext.py --sim-time 1.5 --seq-graph project/file/graph_15_nodes.json --traffic project/file/traffic_15_nodes_random.json --inspection-rate 0.001 --mess-rate 0.002 --algorithm greedy,0.819322599997,0,447,195,501,119,0,425,657,132,0,117,389,0,0,267,325,456,143,0,505,0,0,124,272,615,341,115,0,96,0,0,455,0,655,451,0,885,1044,978,521,843,869,869,636
project/sim_ext.py --sim-time 1.5 --seq-graph project/file/graph_15_nodes.json --traffic project/file/traffic_15_nodes_random.json --inspection-rate 0.001 --mess-rate 0.002 --algorithm greedy,0.820603000001,0,447,196,505,120,0,427,657,132,0,118,391,0,0,268,325,457,144,0,507,0,0,126,272,617,341,116,0,96,0,0,455,0,656,453,0,890,1046,979,521,843,872,871,641
project/sim_ext.py --sim-time 1.5 --seq-graph project/file/graph_15_nodes.json --traffic project/file/traffic_15_nodes_random.json --inspection-rate 0.001 --mess-rate 0.002 --algorithm greedy,0.821692799997,0,451,197,506,120,0,427,657,133,0,119,393,0,0,268,325,461,144,0,508,0,0,127,274,617,342,116,0,97,0,0,455,0,659,453,0,898,1050,990,521,853,874,874,641
project/sim_ext.py --sim-time 1.5 --seq-graph project/file/graph_15_nodes.json --traffic project/file/traffic_15_nodes_random.json --inspection-rate 0.001 --mess-rate 0.002 --algorithm greedy,0.822782799997,0,453,197,506,120,0,429,658,134,0,119,395,0,0,269,326,461,145,0,508,0,0,128,274,622,342,117,0,97,0,0,455,0,661,453,0,903,1055,993,521,857,880,877,641
project/sim_ext.py --sim-time 1.5 --seq-graph project/file/graph_15_nodes.json --traffic project/file/traffic_15_nodes_random.json --inspection-rate 0.001 --mess-rate 0.002 --algorithm greedy,0.823881000001,0,453,198,508,121,0,429,658,134,0,119,395,0,0,269,327,461,145,0,508,0,0,128,274,624,342,117,0,97,0,0,460,0,661,457,0,904,1058,1002,521,864,886,879,642
project/sim_ext.py --sim-time 1.5 --seq-graph project/file/graph_15_nodes.json --traffic project/file/traffic_15_nodes_random.json --inspection-rate 0.001 --mess-rate 0.002 --algorithm greedy,0.82494898903998,0,454,199,509,122,0,429,658,135,0,119,397,0,0,269,328,465,146,0,512,0,0,128,274,628,342,117,0,97,0,0,463,0,665,458,0,906,1061,1003,521,864,887,880,643
project/sim_ext.py --sim-time 1.5 --seq-graph project/file/graph_15_nodes.json --traffic project/file/traffic_15_nodes_random.json --inspection-rate 0.001 --mess-rate 0.002 --algorithm greedy,0.826033999997,0,454,199,509,122,0,434,658,135,0,120,397,0,0,270,328,466,146,0,512,0,0,128,275,628,342,117,0,97,0,0,463,0,665,459,0,906,1061,1003,521,864,887,881,649
project/sim_ext.py --sim-time 1.5 --seq-graph project/file/graph_15_nodes.json --traffic project/file/traffic_15_nodes_random.json --inspection-rate 0.001 --mess-rate 0.002 --algorithm greedy,0.827163000001,0,455,199,509,122,0,435,658,135,0,120,397,0,0,270,328,466,146,0,512,0,0,128,275,628,343,117,0,97,0,0,464,0,666,461,0,906,1061,1003,521,864,887,882,650
project/sim_ext.py --sim-time 1.5 --seq-graph project/file/graph_15_nodes.json --traffic project/file/traffic_15_nodes_random.json --inspection-rate 0.001 --mess-rate 0.002 --algorithm greedy,0.828164999932,0,455,199,511,122,0,435,664,135,0,120,397,0,0,270,328,467,146,0,515,0,0,128,277,629,343,117,0,97,0,0,464,0,668,461,0,906,1061,1003,521,864,887,886,652
project/sim_ext.py --sim-time 1.5 --seq-graph project/file/graph_15_nodes.json --traffic project/file/traffic_15_nodes_random.json --inspection-rate 0.001 --mess-rate 0.002 --algorithm greedy,0.8292912118107018,0,456,199,511,122,0,437,664,135,0,120,397,0,0,270,328,467,146,0,515,0,0,128,277,629,343,117,0,97,0,0,464,0,668,461,0,906,1061,1003,532,864,887,887,652
project/sim_ext.py --sim-time 1.5 --seq-graph project/file/graph_15_nodes.json --traffic project/file/traffic_15_nodes_random.json --inspection-rate 0.001 --mess-rate 0.002 --algorithm greedy,0.830316000001,0,457,202,511,122,0,439,664,135,0,120,397,0,0,271,328,467,146,0,515,0,0,128,277,630,344,117,0,97,0,0,466,0,668,462,0,906,1061,1003,532,864,887,887,652
project/sim_ext.py --sim-time 1.5 --seq-graph project/file/graph_15_nodes.json --traffic project/file/traffic_15_nodes_random.json --inspection-rate 0.001 --mess-rate 0.002 --algorithm greedy,0.831330000001,0,457,202,511,122,0,439,664,135,0,120,397,0,0,271,328,467,146,0,515,0,0,128,277,630,344,117,0,97,0,0,467,0,668,462,0,906,1061,1003,532,864,887,887,652
project/sim_ext.py --sim-time 1.5 --seq-graph project/file/graph_15_nodes.json --traffic project/file/traffic_15_nodes_random.json --inspection-rate 0.001 --mess-rate 0.002 --algorithm greedy,0.832527599997,0,458,203,511,122,0,440,670,135,0,120,397,0,0,273,329,468,146,0,519,0,0,128,277,632,344,117,0,97,0,0,467,0,670,463,0,906,1061,1003,538,864,887,887,652
project/sim_ext.py --sim-time 1.5 --seq-graph project/file/graph_15_nodes.json --traffic project/file/traffic_15_nodes_random.json --inspection-rate 0.001 --mess-rate 0.002 --algorithm greedy,0.833708000001,0,458,204,511,122,0,440,670,135,0,120,397,0,0,274,329,468,146,0,519,0,0,128,277,633,344,117,0,97,0,0,467,0,670,463,0,906,1061,1003,539,864,887,887,652
project/sim_ext.py --sim-time 1.5 --seq-graph project/file/graph_15_nodes.json --traffic project/file/traffic_15_nodes_random.json --inspection-rate 0.001 --mess-rate 0.002 --algorithm greedy,0.8348377474080588,0,458,204,511,122,0,440,673,135,0,120,397,0,0,274,331,468,146,0,519,0,0,128,277,633,345,117,0,97,0,0,468,0,670,463,0,906,1061,1003,539,864,887,887,652
project/sim_ext.py --sim-time 1.5 --seq-graph project/file/graph_15_nodes.json --traffic project/file/traffic_15_nodes_random.json --inspection-rate 0.001 --mess-rate 0.002 --algorithm greedy,0.8358610000009999,0,458,205,511,122,0,440,673,135,0,120,397,0,0,274,331,468,146,0,519,0,0,128,277,633,345,117,0,97,0,0,468,0,670,463,0,906,1061,1003,541,864,887,887,652
project/sim_ext.py --sim-time 1.5 --seq-graph project/file/graph_15_nodes.json --traffic project/file/traffic_15_nodes_random.json --inspection-rate 0.001 --mess-rate 0.002 --algorithm greedy,0.836971000001,0,458,205,511,122,0,440,675,135,0,120,397,0,0,274,331,468,146,0,519,0,0,128,277,633,345,117,0,97,0,0,468,0,670,463,0,906,1061,1003,542,864,887,887,652
project/sim_ext.py --sim-time 1.5 --seq-graph project/file/graph_15_nodes.json --traffic project/file/traffic_15_nodes_random.json --inspection-rate 0.001 --mess-rate 0.002 --algorithm greedy,0.8380539294852999,0,458,205,511,122,0,440,675,135,0,120,397,0,0,274,331,468,146,0,519,0,0,128,277,633,345,117,0,97,0,0,468,0,670,463,0,906,1061,1003,542,864,887,887,652
project/sim_ext.py --sim-time 1.5 --seq-graph project/file/graph_15_nodes.json --traffic project/file/traffic_15_nodes_random.json --inspection-rate 0.001 --mess-rate 0.002 --algorithm greedy,0.839292799997,0,458,205,511,122,0,440,675,135,0,120,397,0,0,274,331,468,146,0,519,0,0,128,277,633,345,117,0,97,0,0,468,0,670,463,0,906,1061,1003,542,864,887,887,652
project/sim_ext.py --sim-time 1.5 --seq-graph project/file/graph_15_nodes.json --traffic project/file/traffic_15_nodes_random.json --inspection-rate 0.001 --mess-rate 0.002 --algorithm greedy,0.8403583291142194,0,461,205,511,122,0,440,675,135,0,120,397,0,0,274,331,468,146,0,519,0,0,128,277,633,348,117,0,97,0,0,468,0,670,464,0,906,1061,1003,543,864,887,887,652
project/sim_ext.py --sim-time 1.5 --seq-graph project/file/graph_15_nodes.json --traffic project/file/traffic_15_nodes_random.json --inspection-rate 0.001 --mess-rate 0.002 --algorithm greedy,0.8414400000009999,0,461,205,511,122,0,440,675,135,0,120,397,0,0,274,331,468,146,0,519,0,0,128,277,633,349,117,0,97,0,0,468,0,670,467,0,906,1061,1003,543,864,887,887,652
project/sim_ext.py --sim-time 1.5 --seq-graph project/file/graph_15_nodes.json --traffic project/file/traffic_15_nodes_random.json --inspection-rate 0.001 --mess-rate 0.002 --algorithm greedy,0.842514000001,0,461,205,511,122,0,440,677,135,0,120,397,0,0,274,332,468,146,0,519,0,0,128,277,633,350,117,0,97,0,0,469,0,670,467,0,906,1061,1003,543,864,887,887,652
project/sim_ext.py --sim-time 1.5 --seq-graph project/file/graph_15_nodes.json --traffic project/file/traffic_15_nodes_random.json --inspection-rate 0.001 --mess-rate 0.002 --algorithm greedy,0.843586000001,0,461,205,511,122,0,440,677,135,0,120,397,0,0,274,332,468,146,0,519,0,0,128,277,633,351,117,0,97,0,0,470,0,670,469,0,906,1061,1003,543,864,887,887,652
project/sim_ext.py --sim-time 1.5 --seq-graph project/file/graph_15_nodes.json --traffic project/file/traffic_15_nodes_random.json --inspection-rate 0.001 --mess-rate 0.002 --algorithm greedy,0.844607000001,0,461,205,511,122,0,440,678,135,0,120,397,0,0,274,332,468,146,0,519,0,0,128,277,633,351,117,0,97,0,0,470,0,670,469,0,906,1061,1003,543,864,887,887,652
project/sim_ext.py --sim-time 1.5 --seq-graph project/file/graph_15_nodes.json --traffic project/file/traffic_15_nodes_random.json --inspection-rate 0.001 --mess-rate 0.002 --algorithm greedy,0.845758000001,0,461,205,511,122,0,440,678,135,0,120,397,0,0,274,332,468,146,0,519,0,0,128,277,633,351,117,0,97,0,0,470,0,670,469,0,906,1061,1003,543,864,887,887,652
project/sim_ext.py --sim-time 1.5 --seq-graph project/file/graph_15_nodes.json --traffic project/file/traffic_15_nodes_random.json --inspection-rate 0.001 --mess-rate 0.002 --algorithm greedy,0.846784999936,0,461,205,511,122,0,440,678,135,0,120,397,0,0,274,332,468,146,0,519,0,0,128,277,633,351,117,0,97,0,0,471,0,670,469,0,906,1061,1003,543,864,887,887,652
project/sim_ext.py --sim-time 1.5 --seq-graph project/file/graph_15_nodes.json --traffic project/file/traffic_15_nodes_random.json --inspection-rate 0.001 --mess-rate 0.002 --algorithm greedy,0.847805000001,0,464,205,511,122,0,440,678,135,0,120,397,0,0,274,332,468,146,0,519,0,0,128,277,633,351,117,0,97,0,0,471,0,670,469,0,906,1061,1003,543,864,887,887,652
project/sim_ext.py --sim-time 1.5 --seq-graph project/file/graph_15_nodes.json --traffic project/file/traffic_15_nodes_random.json --inspection-rate 0.001 --mess-rate 0.002 --algorithm greedy,0.848896999997,0,464,205,511,122,0,441,678,135,0,120,397,0,0,275,332,468,146,0,520,0,0,128,277,634,351,117,0,97,0,0,471,0,671,470,0,907,1062,1004,544,865,888,888,652
project/sim_ext.py --sim-time 1.5 --seq-graph project/file/graph_15_nodes.json --traffic project/file/traffic_15_nodes_random.json --inspection-rate 0.001 --mess-rate 0.002 --algorithm greedy,0.849923199997,0,466,208,518,122,0,451,692,135,0,121,409,0,0,277,336,479,149,0,529,0,0,129,282,647,354,118,0,98,0,0,473,0,688,475,0,930,1091,1023,553,893,909,912,662
project/sim_ext.py --sim-time 1.5 --seq-graph project/file/graph_15_nodes.json --traffic project/file/traffic_15_nodes_random.json --inspection-rate 0.001 --mess-rate 0.002 --algorithm greedy,0.850990000001,0,466,208,520,124,0,451,694,136,0,122,410,0,0,278,337,479,150,0,531,0,0,130,284,647,355,118,0,98,0,0,474,0,689,482,0,932,1094,1024,553,896,913,914,666
project/sim_ext.py --sim-time 1.5 --seq-graph project/file/graph_15_nodes.json --traffic project/file/traffic_15_nodes_random.json --inspection-rate 0.001 --mess-rate 0.002 --algorithm greedy,0.8521650000009999,0,467,208,521,124,0,451,695,136,0,124,411,0,0,278,339,485,151,0,531,0,0,130,284,648,355,118,0,98,0,0,474,0,691,482,0,937,1101,1025,553,899,917,919,668
project/sim_ext.py --sim-time 1.5 --seq-graph project/file/graph_15_nodes.json --traffic project/file/traffic_15_nodes_random.json --inspection-rate 0.001 --mess-rate 0.002 --algorithm greedy,0.8534740000009999,0,467,211,524,124,0,451,697,136,0,124,412,0,0,279,340,489,151,0,533,0,0,131,285,648,356,119,0,101,0,0,475,0,693,484,0,939,1105,1029,553,901,922,919,672
project/sim_ext.py --sim-time 1.5 --seq-graph project/file/graph_15_nodes.json --traffic project/file/traffic_15_nodes_random.json --inspection-rate 0.001 --mess-rate 0.002 --algorithm greedy,0.854745000001,0,468,213,525,126,0,453,698,136,0,124,416,0,0,279,341,492,151,0,534,0,0,132,286,649,358,121,0,102,0,0,475,0,693,484,0,942,1116,1042,553,906,923,923,674
project/sim_ext.py --sim-time 1.5 --seq-graph project/file/graph_15_nodes.json --traffic project/file/traffic_15_nodes_random.json --inspection-rate 0.001 --mess-rate 0.002 --algorithm greedy,0.855807000001,0,468,215,526,127,0,453,700,136,0,124,418,0,0,281,343,492,151,0,538,0,0,132,287,653,358,121,0,102,0,0,481,0,695,485,0,947,1117,1047,553,909,925,924,676
project/sim_ext.py --sim-time 1.5 --seq-graph project/file/graph_15_nodes.json --traffic project/file/traffic_15_nodes_random.json --inspection-rate 0.001 --mess-rate 0.002 --algorithm greedy,0.857102000001,0,468,215,530,127,0,453,700,137,0,125,418,0,0,283,343,493,152,0,538,0,0,132,289,655,359,121,0,102,0,0,482,0,697,485,0,949,1117,1048,553,909,927,927,679
project/sim_ext.py --sim-time 1.5 --seq-graph project/file/graph_15_nodes.json --traffic project/file/traffic_15_nodes_random.json --inspection-rate 0.001 --mess-rate 0.002 --algorithm greedy,0.858110799997,0,468,215,530,127,0,453,700,137,0,125,418,0,0,283,343,493,152,0,538,0,0,132,290,655,359,121,0,102,0,0,482,0,698,485,0,949,1117,1048,553,909,927,929,680
project/sim_ext.py --sim-time 1.5 --seq-graph project/file/graph_15_nodes.json --traffic project/file/traffic_15_nodes_random.json --inspection-rate 0.001 --mess-rate 0.002 --algorithm greedy,0.859290000001,0,469,215,531,128,0,453,702,137,0,125,418,0,0,283,344,495,152,0,538,0,0,132,290,655,360,121,0,102,0,0,482,0,698,485,0,949,1117,1048,553,909,928,931,681
project/sim_ext.py --sim-time 1.5 --seq-graph project/file/graph_15_nodes.json --traffic project/file/traffic_15_nodes_random.json --inspection-rate 0.001 --mess-rate 0.002 --algorithm greedy,0.860448000001,0,471,215,531,128,0,455,703,137,0,125,418,0,0,283,346,495,152,0,538,0,0,132,290,657,360,121,0,102,0,0,482,0,700,485,0,949,1117,1048,553,909,928,931,681
project/sim_ext.py --sim-time 1.5 --seq-graph project/file/graph_15_nodes.json --traffic project/file/traffic_15_nodes_random.json --inspection-rate 0.001 --mess-rate 0.002 --algorithm greedy,0.861612000001,0,471,215,534,128,0,456,703,137,0,125,418,0,0,283,346,495,152,0,540,0,0,132,290,657,361,121,0,102,0,0,484,0,700,485,0,949,1117,1048,553,909,928,931,681
project/sim_ext.py --sim-time 1.5 --seq-graph project/file/graph_15_nodes.json --traffic project/file/traffic_15_nodes_random.json --inspection-rate 0.001 --mess-rate 0.002 --algorithm greedy,0.862990000001,0,471,215,536,128,0,456,707,137,0,125,418,0,0,285,348,495,152,0,540,0,0,132,290,657,363,121,0,102,0,0,485,0,703,487,0,949,1117,1048,553,909,928,931,682
project/sim_ext.py --sim-time 1.5 --seq-graph project/file/graph_15_nodes.json --traffic project/file/traffic_15_nodes_random.json --inspection-rate 0.001 --mess-rate 0.002 --algorithm greedy,0.8640457999969999,0,472,215,538,128,0,456,707,137,0,125,418,0,0,287,349,495,152,0,540,0,0,132,290,657,363,121,0,102,0,0,486,0,703,487,0,949,1117,1048,553,909,928,931,682
project/sim_ext.py --sim-time 1.5 --seq-graph project/file/graph_15_nodes.json --traffic project/file/traffic_15_nodes_random.json --inspection-rate 0.001 --mess-rate 0.002 --algorithm greedy,0.8651149999359999,0,474,215,539,128,0,457,709,137,0,125,418,0,0,287,350,495,152,0,540,0,0,132,290,657,364,121,0,102,0,0,486,0,703,488,0,949,1117,1048,553,909,928,931,682
project/sim_ext.py --sim-time 1.5 --seq-graph project/file/graph_15_nodes.json --traffic project/file/traffic_15_nodes_random.json --inspection-rate 0.001 --mess-rate 0.002 --algorithm greedy,0.866127000001,0,475,215,539,128,0,458,709,137,0,125,418,0,0,289,350,495,152,0,540,0,0,132,290,657,364,121,0,102,0,0,486,0,703,488,0,949,1117,1048,553,909,928,931,682
project/sim_ext.py --sim-time 1.5 --seq-graph project/file/graph_15_nodes.json --traffic project/file/traffic_15_nodes_random.json --inspection-rate 0.001 --mess-rate 0.002 --algorithm greedy,0.867216000001,0,476,215,539,128,0,459,709,137,0,125,418,0,0,289,350,495,152,0,540,0,0,132,290,657,364,121,0,102,0,0,486,0,703,488,0,949,1117,1048,553,909,928,931,682
project/sim_ext.py --sim-time 1.5 --seq-graph project/file/graph_15_nodes.json --traffic project/file/traffic_15_nodes_random.json --inspection-rate 0.001 --mess-rate 0.002 --algorithm greedy,0.8684289590905276,0,476,215,539,128,0,460,709,137,0,125,418,0,0,289,350,495,152,0,540,0,0,132,290,657,365,121,0,102,0,0,486,0,703,488,0,949,1117,1048,563,909,928,931,682
project/sim_ext.py --sim-time 1.5 --seq-graph project/file/graph_15_nodes.json --traffic project/file/traffic_15_nodes_random.json --inspection-rate 0.001 --mess-rate 0.002 --algorithm greedy,0.869530000001,0,476,215,539,128,0,461,709,137,0,125,418,0,0,289,350,495,152,0,540,0,0,132,290,657,366,121,0,102,0,0,487,0,703,489,0,949,1117,1048,563,909,928,931,682
project/sim_ext.py --sim-time 1.5 --seq-graph project/file/graph_15_nodes.json --traffic project/file/traffic_15_nodes_random.json --inspection-rate 0.001 --mess-rate 0.002 --algorithm greedy,0.870535000001,0,477,215,539,128,0,461,710,137,0,125,418,0,0,289,352,495,152,0,540,0,0,132,290,657,366,121,0,102,0,0,487,0,703,489,0,949,1117,1048,563,909,928,931,682
project/sim_ext.py --sim-time 1.5 --seq-graph project/file/graph_15_nodes.json --traffic project/file/traffic_15_nodes_random.json --inspection-rate 0.001 --mess-rate 0.002 --algorithm greedy,0.8715660000009999,0,477,215,539,128,0,461,710,137,0,125,418,0,0,289,352,495,152,0,540,0,0,132,290,657,366,121,0,102,0,0,487,0,703,489,0,949,1117,1048,563,909,928,931,682
project/sim_ext.py --sim-time 1.5 --seq-graph project/file/graph_15_nodes.json --traffic project/file/traffic_15_nodes_random.json --inspection-rate 0.001 --mess-rate 0.002 --algorithm greedy,0.872796399997,0,480,215,539,128,0,461,710,137,0,125,418,0,0,289,354,495,152,0,540,0,0,132,290,657,366,121,0,102,0,0,487,0,703,490,0,949,1117,1048,563,909,928,931,682
project/sim_ext.py --sim-time 1.5 --seq-graph project/file/graph_15_nodes.json --traffic project/file/traffic_15_nodes_random.json --inspection-rate 0.001 --mess-rate 0.002 --algorithm greedy,0.873876000001,0,480,215,539,128,0,461,710,137,0,125,418,0,0,289,354,495,152,0,540,0,0,132,290,657,366,121,0,102,0,0,487,0,703,490,0,949,1117,1048,563,909,928,931,682
project/sim_ext.py --sim-time 1.5 --seq-graph project/file/graph_15_nodes.json --traffic project/file/traffic_15_nodes_random.json --inspection-rate 0.001 --mess-rate 0.002 --algorithm greedy,0.874905000001,0,480,215,539,128,0,461,710,137,0,125,418,0,0,289,356,495,152,0,540,0,0,132,290,657,366,121,0,102,0,0,487,0,703,490,0,949,1117,1048,563,909,928,931,682
project/sim_ext.py --sim-time 1.5 --seq-graph project/file/graph_15_nodes.json --traffic project/file/traffic_15_nodes_random.json --inspection-rate 0.001 --mess-rate 0.002 --algorithm greedy,0.876131000001,0,480,215,539,128,0,461,710,137,0,125,418,0,0,289,356,495,152,0,540,0,0,132,290,657,366,121,0,102,0,0,487,0,703,490,0,949,1117,1048,563,909,928,931,682
project/sim_ext.py --sim-time 1.5 --seq-graph project/file/graph_15_nodes.json --traffic project/file/traffic_15_nodes_random.json --inspection-rate 0.001 --mess-rate 0.002 --algorithm greedy,0.877178000001,0,480,215,539,128,0,461,710,137,0,125,418,0,0,289,356,495,152,0,540,0,0,132,290,657,366,121,0,102,0,0,487,0,703,490,0,949,1117,1048,563,909,928,931,682
project/sim_ext.py --sim-time 1.5 --seq-graph project/file/graph_15_nodes.json --traffic project/file/traffic_15_nodes_random.json --inspection-rate 0.001 --mess-rate 0.002 --algorithm greedy,0.878279000001,0,480,215,539,128,0,461,710,137,0,125,418,0,0,289,356,495,152,0,540,0,0,132,290,657,366,121,0,102,0,0,487,0,703,490,0,949,1117,1048,563,909,928,931,682
project/sim_ext.py --sim-time 1.5 --seq-graph project/file/graph_15_nodes.json --traffic project/file/traffic_15_nodes_random.json --inspection-rate 0.001 --mess-rate 0.002 --algorithm greedy,0.8794850000009999,0,480,215,539,128,0,461,710,137,0,125,418,0,0,289,356,495,152,0,540,0,0,132,290,657,366,121,0,102,0,0,487,0,703,490,0,949,1117,1048,563,909,928,931,682
project/sim_ext.py --sim-time 1.5 --seq-graph project/file/graph_15_nodes.json --traffic project/file/traffic_15_nodes_random.json --inspection-rate 0.001 --mess-rate 0.002 --algorithm greedy,0.880498000001,0,483,219,552,130,0,469,714,140,0,125,432,0,0,291,356,502,152,0,545,0,0,132,290,670,366,124,0,103,0,0,487,0,718,490,0,955,1144,1078,574,933,951,949,689
project/sim_ext.py --sim-time 1.5 --seq-graph project/file/graph_15_nodes.json --traffic project/file/traffic_15_nodes_random.json --inspection-rate 0.001 --mess-rate 0.002 --algorithm greedy,0.881667000001,0,486,220,552,130,0,470,714,140,0,125,434,0,0,291,356,505,152,0,545,0,0,132,290,672,366,124,0,103,0,0,487,0,719,490,0,955,1150,1079,574,935,956,949,689
project/sim_ext.py --sim-time 1.5 --seq-graph project/file/graph_15_nodes.json --traffic project/file/traffic_15_nodes_random.json --inspection-rate 0.001 --mess-rate 0.002 --algorithm greedy,0.8826709877269956,0,487,220,552,130,0,471,715,140,0,127,434,0,0,291,357,506,152,0,545,0,0,132,290,674,366,124,0,103,0,0,487,0,723,490,0,955,1152,1083,574,936,956,949,689
project/sim_ext.py --sim-time 1.5 --seq-graph project/file/graph_15_nodes.json --traffic project/file/traffic_15_nodes_random.json --inspection-rate 0.001 --mess-rate 0.002 --algorithm greedy,0.883825000001,0,487,220,557,132,0,471,715,141,0,128,437,0,0,291,358,508,152,0,546,0,0,134,290,679,366,125,0,103,0,0,487,0,724,490,0,959,1155,1091,574,941,957,955,691
project/sim_ext.py --sim-time 1.5 --seq-graph project/file/graph_15_nodes.json --traffic project/file/traffic_15_nodes_random.json --inspection-rate 0.001 --mess-rate 0.002 --algorithm greedy,0.884878000001,0,487,220,557,132,0,471,717,141,0,128,438,0,0,291,358,508,152,0,546,0,0,134,290,679,366,125,0,103,0,0,487,0,725,490,0,960,1165,1092,574,945,958,955,691
project/sim_ext.py --sim-time 1.5 --seq-graph project/file/graph_15_nodes.json --traffic project/file/traffic_15_nodes_random.json --inspection-rate 0.001 --mess-rate 0.002 --algorithm greedy,0.8859687240609792,0,487,220,558,133,0,471,717,141,0,128,440,0,0,291,358,508,152,0,546,0,0,135,290,682,366,125,0,103,0,0,487,0,725,490,0,960,1167,1098,574,949,961,958,692
project/sim_ext.py --sim-time 1.5 --seq-graph project/file/graph_15_nodes.json --traffic project/file/traffic_15_nodes_random.json --inspection-rate 0.001 --mess-rate 0.002 --algorithm greedy,0.8870879999969999,0,487,220,558,133,0,475,718,141,0,128,442,0,0,292,361,508,152,0,554,0,0,135,290,684,366,125,0,105,0,0,487,0,727,490,0,960,1167,1099,574,950,965,962,692
project/sim_ext.py --sim-time 1.5 --seq-graph project/file/graph_15_nodes.json --traffic project/file/traffic_15_nodes_random.json --inspection-rate 0.001 --mess-rate 0.002 --algorithm greedy,0.888089000001,0,487,220,558,133,0,475,718,141,0,129,442,0,0,292,362,509,152,0,555,0,0,135,290,687,366,126,0,105,0,0,487,0,728,490,0,965,1167,1099,574,953,969,963,693
project/sim_ext.py --sim-time 1.5 --seq-graph project/file/graph_15_nodes.json --traffic project/file/traffic_15_nodes_random.json --inspection-rate 0.001 --mess-rate 0.002 --algorithm greedy,0.8892180000009999,0,488,222,559,133,0,477,718,142,0,129,442,0,0,293,362,509,152,0,555,0,0,136,290,687,366,126,0,105,0,0,487,0,728,490,0,967,1167,1099,574,955,969,963,694
project/sim_ext.py --sim-time 1.5 --seq-graph project/file/graph_15_nodes.json --traffic project/file/traffic_15_nodes_random.json --inspection-rate 0.001 --mess-rate 0.002 --algorithm greedy,0.890565000001,0,488,223,560,133,0,477,724,142,0,132,442,0,0,294,363,509,153,0,555,0,0,136,293,687,371,129,0,105,0,0,491,0,728,495,0,974,1167,1099,574,955,973,970,696
project/sim_ext.py --sim-time 1.5 --seq-graph project/file/graph_15_nodes.json --traffic project/file/traffic_15_nodes_random.json --inspection-rate 0.001 --mess-rate 0.002 --algorithm greedy,0.891647000001,0,491,223,560,133,0,477,726,142,0,132,442,0,0,294,363,510,154,0,559,0,0,136,294,687,372,132,0,105,0,0,492,0,729,495,0,975,1167,1099,574,955,974,970,697
project/sim_ext.py --sim-time 1.5 --seq-graph project/file/graph_15_nodes.json --traffic project/file/traffic_15_nodes_random.json --inspection-rate 0.001 --mess-rate 0.002 --algorithm greedy,0.892735000001,0,491,223,560,133,0,477,730,142,0,132,442,0,0,294,364,510,154,0,560,0,0,136,294,687,372,132,0,105,0,0,492,0,729,495,0,975,1167,1099,574,955,974,970,697
project/sim_ext.py --sim-time 1.5 --seq-graph project/file/graph_15_nodes.json --traffic project/file/traffic_15_nodes_random.json --inspection-rate 0.001 --mess-rate 0.002 --algorithm greedy,0.893982000001,0,493,223,560,133,0,478,732,142,0,132,442,0,0,294,365,510,154,0,560,0,0,136,296,687,372,132,0,105,0,0,492,0,729,495,0,975,1167,1099,574,955,974,970,697
project/sim_ext.py --sim-time 1.5 --seq-graph project/file/graph_15_nodes.json --traffic project/file/traffic_15_nodes_random.json --inspection-rate 0.001 --mess-rate 0.002 --algorithm greedy,0.895070000001,0,494,223,560,133,0,479,732,142,0,132,442,0,0,295,365,510,154,0,560,0,0,136,296,687,372,132,0,105,0,0,493,0,733,495,0,975,1167,1099,574,955,974,970,697
project/sim_ext.py --sim-time 1.5 --seq-graph project/file/graph_15_nodes.json --traffic project/file/traffic_15_nodes_random.json --inspection-rate 0.001 --mess-rate 0.002 --algorithm greedy,0.896128000001,0,495,223,560,133,0,479,734,142,0,132,442,0,0,295,365,510,154,0,560,0,0,136,296,687,372,132,0,105,0,0,493,0,733,496,0,975,1167,1099,574,955,974,970,697
project/sim_ext.py --sim-time 1.5 --seq-graph project/file/graph_15_nodes.json --traffic project/file/traffic_15_nodes_random.json --inspection-rate 0.001 --mess-rate 0.002 --algorithm greedy,0.897248599997,0,495,223,560,133,0,479,734,142,0,132,442,0,0,295,365,510,154,0,560,0,0,136,296,687,372,132,0,105,0,0,493,0,733,496,0,975,1167,1099,574,955,974,970,697
project/sim_ext.py --sim-time 1.5 --seq-graph project/file/graph_15_nodes.json --traffic project/file/traffic_15_nodes_random.json --inspection-rate 0.001 --mess-rate 0.002 --algorithm greedy,0.898255000001,0,495,223,560,133,0,480,735,142,0,132,442,0,0,295,365,510,157,0,560,0,0,136,297,687,374,132,0,105,0,0,493,0,733,496,0,975,1167,1099,574,955,974,970,699
project/sim_ext.py --sim-time 1.5 --seq-graph project/file/graph_15_nodes.json --traffic project/file/traffic_15_nodes_random.json --inspection-rate 0.001 --mess-rate 0.002 --algorithm greedy,0.899344000001,0,495,223,560,133,0,480,737,142,0,132,442,0,0,295,365,510,157,0,560,0,0,136,298,687,375,132,0,105,0,0,493,0,734,497,0,975,1167,1099,574,955,974,970,699
project/sim_ext.py --sim-time 1.5 --seq-graph project/file/graph_15_nodes.json --traffic project/file/traffic_15_nodes_random.json --inspection-rate 0.001 --mess-rate 0.002 --algorithm greedy,0.900402000001,0,495,223,560,133,0,481,737,142,0,132,442,0,0,295,365,510,157,0,560,0,0,136,298,687,375,132,0,105,0,0,493,0,734,497,0,975,1167,1099,574,955,974,970,700
project/sim_ext.py --sim-time 1.5 --seq-graph project/file/graph_15_nodes.json --traffic project/file/traffic_15_nodes_random.json --inspection-rate 0.001 --mess-rate 0.002 --algorithm greedy,0.901404000001,0,498,223,560,133,0,481,737,142,0,132,442,0,0,295,365,510,157,0,560,0,0,136,298,687,375,132,0,105,0,0,498,0,734,497,0,975,1167,1099,574,955,974,970,700
project/sim_ext.py --sim-time 1.5 --seq-graph project/file/graph_15_nodes.json --traffic project/file/traffic_15_nodes_random.json --inspection-rate 0.001 --mess-rate 0.002 --algorithm greedy,0.9025608445245763,0,498,223,560,133,0,481,739,142,0,132,442,0,0,295,367,510,157,0,560,0,0,136,298,687,376,132,0,105,0,0,499,0,734,497,0,975,1167,1099,574,955,974,970,701
project/sim_ext.py --sim-time 1.5 --seq-graph project/file/graph_15_nodes.json --traffic project/file/traffic_15_nodes_random.json --inspection-rate 0.001 --mess-rate 0.002 --algorithm greedy,0.9036348932963164,0,500,223,560,133,0,481,742,142,0,132,442,0,0,295,368,510,157,0,560,0,0,136,299,687,376,132,0,105,0,0,502,0,734,497,0,975,1167,1099,574,955,974,970,701
project/sim_ext.py --sim-time 1.5 --seq-graph project/file/graph_15_nodes.json --traffic project/file/traffic_15_nodes_random.json --inspection-rate 0.001 --mess-rate 0.002 --algorithm greedy,0.904634999929,0,501,223,560,133,0,481,743,142,0,132,442,0,0,295,368,510,157,0,560,0,0,136,299,687,376,132,0,105,0,0,502,0,734,497,0,975,1167,1099,574,955,974,970,701
project/sim_ext.py --sim-time 1.5 --seq-graph project/file/graph_15_nodes.json --traffic project/file/traffic_15_nodes_random.json --inspection-rate 0.001 --mess-rate 0.002 --algorithm greedy,0.905692000001,0,501,223,560,133,0,481,743,142,0,132,442,0,0,296,368,510,157,0,560,0,0,136,299,687,376,132,0,105,0,0,502,0,734,497,0,975,1167,1099,574,955,974,970,701
project/sim_ext.py --sim-time 1.5 --seq-graph project/file/graph_15_nodes.json --traffic project/file/traffic_15_nodes_random.json --inspection-rate 0.001 --mess-rate 0.002 --algorithm greedy,0.906733000001,0,501,223,560,133,0,481,743,142,0,132,442,0,0,296,368,510,157,0,560,0,0,136,299,687,376,132,0,105,0,0,502,0,734,497,0,975,1167,1099,574,955,974,970,701
project/sim_ext.py --sim-time 1.5 --seq-graph project/file/graph_15_nodes.json --traffic project/file/traffic_15_nodes_random.json --inspection-rate 0.001 --mess-rate 0.002 --algorithm greedy,0.907786000001,0,502,223,560,133,0,481,748,142,0,132,442,0,0,296,369,510,157,0,560,0,0,136,299,687,376,132,0,105,0,0,502,0,734,497,0,975,1167,1099,574,955,974,970,701
project/sim_ext.py --sim-time 1.5 --seq-graph project/file/graph_15_nodes.json --traffic project/file/traffic_15_nodes_random.json --inspection-rate 0.001 --mess-rate 0.002 --algorithm greedy,0.908877799997,0,503,223,560,133,0,481,749,142,0,132,442,0,0,296,370,510,157,0,560,0,0,136,299,687,376,132,0,105,0,0,502,0,734,497,0,975,1167,1099,574,955,974,970,701
project/sim_ext.py --sim-time 1.5 --seq-graph project/file/graph_15_nodes.json --traffic project/file/traffic_15_nodes_random.json --inspection-rate 0.001 --mess-rate 0.002 --algorithm greedy,0.909973000001,0,504,223,560,133,0,481,749,142,0,132,442,0,0,296,371,510,157,0,560,0,0,136,299,687,376,132,0,105,0,0,502,0,734,497,0,975,1167,1099,575,955,974,970,701
project/sim_ext.py --sim-time 1.5 --seq-graph project/file/graph_15_nodes.json --traffic project/file/traffic_15_nodes_random.json --inspection-rate 0.001 --mess-rate 0.002 --algorithm greedy,0.9110360000009999,0,505,223,560,133,0,481,749,142,0,132,442,0,0,296,372,510,157,0,560,0,0,136,299,687,383,132,0,105,0,0,503,0,734,497,0,975,1167,1099,584,955,974,970,701
project/sim_ext.py --sim-time 1.5 --seq-graph project/file/graph_15_nodes.json --traffic project/file/traffic_15_nodes_random.json --inspection-rate 0.001 --mess-rate 0.002 --algorithm greedy,0.912424000001,0,505,223,560,133,0,481,749,142,0,132,442,0,0,296,373,510,157,0,560,0,0,136,299,687,384,132,0,105,0,0,503,0,734,497,0,975,1167,1099,584,955,974,970,701
project/sim_ext.py --sim-time 1.5 --seq-graph project/file/graph_15_nodes.json --traffic project/file/traffic_15_nodes_random.json --inspection-rate 0.001 --mess-rate 0.002 --algorithm greedy,0.913439000001,0,507,223,560,133,0,481,749,142,0,132,442,0,0,296,373,510,157,0,560,0,0,136,299,687,384,132,0,105,0,0,503,0,734,499,0,975,1167,1099,584,955,974,970,701
project/sim_ext.py --sim-time 1.5 --seq-graph project/file/graph_15_nodes.json --traffic project/file/traffic_15_nodes_random.json --inspection-rate 0.001 --mess-rate 0.002 --algorithm greedy,0.914500000001,0,507,223,560,133,0,481,749,142,0,132,442,0,0,296,375,510,157,0,560,0,0,136,299,687,386,132,0,105,0,0,504,0,734,499,0,975,1167,1099,584,955,974,970,701
project/sim_ext.py --sim-time 1.5 --seq-graph project/file/graph_15_nodes.json --traffic project/file/traffic_15_nodes_random.json --inspection-rate 0.001 --mess-rate 0.002 --algorithm greedy,0.915633000001,0,507,223,560,133,0,481,749,142,0,132,442,0,0,296,376,510,157,0,560,0,0,136,299,687,386,132,0,105,0,0,504,0,734,499,0,975,1167,1099,584,955,974,970,701
project/sim_ext.py --sim-time 1.5 --seq-graph project/file/graph_15_nodes.json --traffic project/file/traffic_15_nodes_random.json --inspection-rate 0.001 --mess-rate 0.002 --algorithm greedy,0.9167993366877166,0,507,223,560,133,0,481,749,142,0,132,442,0,0,296,376,510,157,0,560,0,0,136,299,687,386,132,0,105,0,0,505,0,734,499,0,975,1167,1099,584,955,974,970,701
project/sim_ext.py --sim-time 1.5 --seq-graph project/file/graph_15_nodes.json --traffic project/file/traffic_15_nodes_random.json --inspection-rate 0.001 --mess-rate 0.002 --algorithm greedy,0.917828747679303,0,507,223,560,133,0,481,749,142,0,132,442,0,0,296,376,510,157,0,560,0,0,136,299,687,386,132,0,105,0,0,505,0,734,499,0,975,1167,1099,584,955,974,970,701
project/sim_ext.py --sim-time 1.5 --seq-graph project/file/graph_15_nodes.json --traffic project/file/traffic_15_nodes_random.json --inspection-rate 0.001 --mess-rate 0.002 --algorithm greedy,0.9189335987907566,0,508,223,560,133,0,481,749,142,0,132,442,0,0,296,377,510,157,0,560,0,0,136,299,687,388,132,0,105,0,0,505,0,734,500,0,975,1167,1099,584,955,974,970,701
project/sim_ext.py --sim-time 1.5 --seq-graph project/file/graph_15_nodes.json --traffic project/file/traffic_15_nodes_random.json --inspection-rate 0.001 --mess-rate 0.002 --algorithm greedy,0.920012000001,0,508,223,560,133,0,481,749,142,0,132,442,0,0,296,379,510,157,0,560,0,0,136,299,687,388,132,0,105,0,0,505,0,734,500,0,975,1167,1099,584,955,974,970,701
project/sim_ext.py --sim-time 1.5 --seq-graph project/file/graph_15_nodes.json --traffic project/file/traffic_15_nodes_random.json --inspection-rate 0.001 --mess-rate 0.002 --algorithm greedy,0.921129599997,0,510,228,571,133,0,492,749,144,0,133,456,0,0,300,379,516,159,0,565,0,0,140,305,699,388,136,0,109,0,0,508,0,750,504,0,997,1191,1119,604,977,997,989,715
project/sim_ext.py --sim-time 1.5 --seq-graph project/file/graph_15_nodes.json --traffic project/file/traffic_15_nodes_random.json --inspection-rate 0.001 --mess-rate 0.002 --algorithm greedy,0.922130000001,0,511,229,571,135,0,495,749,144,0,133,456,0,0,300,379,519,159,0,565,0,0,140,305,703,388,136,0,109,0,0,508,0,751,507,0,1003,1199,1130,606,982,999,989,716
project/sim_ext.py --sim-time 1.5 --seq-graph project/file/graph_15_nodes.json --traffic project/file/traffic_15_nodes_random.json --inspection-rate 0.001 --mess-rate 0.002 --algorithm greedy,0.923188199997,0,512,229,572,136,0,495,759,144,0,133,459,0,0,301,379,520,159,0,567,0,0,140,305,704,388,136,0,109,0,0,508,0,753,507,0,1003,1208,1132,607,983,1000,990,716
project/sim_ext.py --sim-time 1.5 --seq-graph project/file/graph_15_nodes.json --traffic project/file/traffic_15_nodes_random.json --inspection-rate 0.001 --mess-rate 0.002 --algorithm greedy,0.924218599997,0,513,230,572,138,0,496,760,145,0,133,462,0,0,301,379,520,159,0,567,0,0,141,305,704,388,137,0,110,0,0,510,0,755,507,0,1006,1214,1140,607,986,1003,995,717
project/sim_ext.py --sim-time 1.5 --seq-graph project/file/graph_15_nodes.json --traffic project/file/traffic_15_nodes_random.json --inspection-rate 0.001 --mess-rate 0.002 --algorithm greedy,0.925293799997,0,514,231,572,139,0,496,762,145,0,134,463,0,0,302,381,528,160,0,568,0,0,141,307,706,388,138,0,111,0,0,510,0,759,507,0,1007,1225,1141,607,989,1003,999,718
project/sim_ext.py --sim-time 1.5 --seq-graph project/file/graph_15_nodes.json --traffic project/file/traffic_15_nodes_random.json --inspection-rate 0.001 --mess-rate 0.002 --algorithm greedy,0.926400599997,0,516,232,572,139,0,496,765,145,0,134,466,0,0,303,381,530,160,0,568,0,0,141,308,707,390,138,0,111,0,0,511,0,760,507,0,1012,1225,1143,607,990,1008,1002,722
project/sim_ext.py --sim-time 1.5 --seq-graph project/file/graph_15_nodes.json --traffic project/file/traffic_15_nodes_random.json --inspection-rate 0.001 --mess-rate 0.002 --algorithm greedy,0.927531000001,0,516,233,582,141,0,497,767,146,0,134,466,0,0,303,381,530,160,0,569,0,0,143,308,709,390,138,0,111,0,0,511,0,760,507,0,1014,1225,1144,607,992,1014,1004,724
project/sim_ext.py --sim-time 1.5 --seq-graph project/file/graph_15_nodes.json --traffic project/file/traffic_15_nodes_random.json --inspection-rate 0.001 --mess-rate 0.002 --algorithm greedy,0.928729000001,0,519,233,582,142,0,497,767,146,0,136,466,0,0,304,382,531,160,0,570,0,0,143,308,711,392,138,0,111,0,0,511,0,762,509,0,1014,1225,1144,607,995,1015,1005,724
project/sim_ext.py --sim-time 1.5 --seq-graph project/file/graph_15_nodes.json --traffic project/file/traffic_15_nodes_random.json --inspection-rate 0.001 --mess-rate 0.002 --algorithm greedy,0.929814399997,0,520,234,583,142,0,497,769,146,0,136,466,0,0,305,382,531,161,0,576,0,0,143,309,711,392,139,0,111,0,0,511,0,763,510,0,1021,1225,1144,607,995,1015,1006,729
project/sim_ext.py --sim-time 1.5 --seq-graph project/file/graph_15_nodes.json --traffic project/file/traffic_15_nodes_random.json --inspection-rate 0.001 --mess-rate 0.002 --algorithm greedy,0.9308190000009999,0,520,234,586,142,0,497,770,146,0,136,466,0,0,306,382,531,161,0,576,0,0,143,309,711,392,139,0,111,0,0,511,0,764,511,0,1021,1225,1144,607,995,1015,1010,729
project/sim_ext.py --sim-time 1.5 --seq-graph project/file/graph_15_nodes.json --traffic project/file/traffic_15_nodes_random.json --inspection-rate 0.001 --mess-rate 0.002 --algorithm greedy,0.932025000001,0,521,234,586,142,0,498,770,146,0,136,466,0,0,306,382,531,161,0,576,0,0,143,309,711,392,139,0,111,0,0,511,0,764,513,0,1021,1225,1144,607,995,1015,1010,729
project/sim_ext.py --sim-time 1.5 --seq-graph project/file/graph_15_nodes.json --traffic project/file/traffic_15_nodes_random.json --inspection-rate 0.001 --mess-rate 0.002 --algorithm greedy,0.933137999997,0,521,234,587,142,0,499,770,146,0,136,466,0,0,308,382,531,161,0,576,0,0,143,309,711,392,139,0,111,0,0,511,0,764,513,0,1021,1225,1144,607,995,1015,1010,730
project/sim_ext.py --sim-time 1.5 --seq-graph project/file/graph_15_nodes.json --traffic project/file/traffic_15_nodes_random.json --inspection-rate 0.001 --mess-rate 0.002 --algorithm greedy,0.9342278244376563,0,521,234,587,142,0,499,770,146,0,136,466,0,0,308,382,531,161,0,576,0,0,143,309,711,392,139,0,111,0,0,511,0,764,513,0,1021,1225,1144,607,995,1015,1010,730
project/sim_ext.py --sim-time 1.5 --seq-graph project/file/graph_15_nodes.json --traffic project/file/traffic_15_nodes_random.json --inspection-rate 0.001 --mess-rate 0.002 --algorithm greedy,0.935349000001,0,522,234,587,142,0,499,770,146,0,136,466,0,0,308,382,531,161,0,576,0,0,143,309,711,392,139,0,111,0,0,511,0,764,514,0,1021,1225,1144,607,995,1015,1010,730
project/sim_ext.py --sim-time 1.5 --seq-graph project/file/graph_15_nodes.json --traffic project/file/traffic_15_nodes_random.json --inspection-rate 0.001 --mess-rate 0.002 --algorithm greedy,0.936412000001,0,522,234,587,142,0,500,774,146,0,136,466,0,0,308,385,531,161,0,576,0,0,143,309,711,393,139,0,111,0,0,511,0,764,514,0,1021,1225,1144,607,995,1015,1010,730
project/sim_ext.py --sim-time 1.5 --seq-graph project/file/graph_15_nodes.json --traffic project/file/traffic_15_nodes_random.json --inspection-rate 0.001 --mess-rate 0.002 --algorithm greedy,0.9375100000009999,0,522,234,587,142,0,500,776,146,0,136,466,0,0,308,386,531,161,0,580,0,0,143,309,711,393,139,0,111,0,0,511,0,765,515,0,1021,1225,1144,607,995,1015,1010,730
project/sim_ext.py --sim-time 1.5 --seq-graph project/file/graph_15_nodes.json --traffic project/file/traffic_15_nodes_random.json --inspection-rate 0.001 --mess-rate 0.002 --algorithm greedy,0.938776234015231,0,522,235,587,142,0,500,778,146,0,136,466,0,0,310,386,531,161,0,580,0,0,143,309,711,394,139,0,111,0,0,512,0,765,516,0,1021,1225,1144,618,995,1015,1010,730
project/sim_ext.py --sim-time 1.5 --seq-graph project/file/graph_15_nodes.json --traffic project/file/traffic_15_nodes_random.json --inspection-rate 0.001 --mess-rate 0.002 --algorithm greedy,0.939801000001,0,523,235,587,142,0,500,778,146,0,136,466,0,0,310,386,531,161,0,580,0,0,143,309,711,396,139,0,111,0,0,512,0,765,516,0,1021,1225,1144,618,995,1015,1010,730
project/sim_ext.py --sim-time 1.5 --seq-graph project/file/graph_15_nodes.json --traffic project/file/traffic_15_nodes_random.json --inspection-rate 0.001 --mess-rate 0.002 --algorithm greedy,0.9412215301026767,0,523,235,587,142,0,501,778,146,0,136,466,0,0,310,386,531,161,0,580,0,0,143,309,711,396,139,0,111,0,0,515,0,765,517,0,1021,1225,1144,618,995,1015,1010,730
project/sim_ext.py --sim-time 1.5 --seq-graph project/file/graph_15_nodes.json --traffic project/file/traffic_15_nodes_random.json --inspection-rate 0.001 --mess-rate 0.002 --algorithm greedy,0.942247000001,0,524,235,587,142,0,501,778,146,0,136,466,0,0,310,386,531,161,0,580,0,0,143,309,711,396,139,0,111,0,0,515,0,765,518,0,1021,1225,1144,620,995,1015,1010,730
project/sim_ext.py --sim-time 1.5 --seq-graph project/file/graph_15_nodes.json --traffic project/file/traffic_15_nodes_random.json --inspection-rate 0.001 --mess-rate 0.002 --algorithm greedy,0.9433399999209999,0,524,235,587,142,0,501,778,146,0,136,466,0,0,310,386,531,161,0,580,0,0,143,309,711,397,139,0,111,0,0,516,0,765,518,0,1021,1225,1144,621,995,1015,1010,730
project/sim_ext.py --sim-time 1.5 --seq-graph project/file/graph_15_nodes.json --traffic project/file/traffic_15_nodes_random.json --inspection-rate 0.001 --mess-rate 0.002 --algorithm greedy,0.944714000001,0,525,235,587,142,0,501,778,146,0,136,466,0,0,310,386,531,161,0,580,0,0,143,309,711,397,139,0,111,0,0,517,0,765,519,0,1021,1225,1144,623,995,1015,1010,730
project/sim_ext.py --sim-time 1.5 --seq-graph project/file/graph_15_nodes.json --traffic project/file/traffic_15_nodes_random.json --inspection-rate 0.001 --mess-rate 0.002 --algorithm greedy,0.945866000001,0,525,235,587,142,0,501,778,146,0,136,466,0,0,310,386,531,161,0,580,0,0,143,309,711,397,139,0,111,0,0,517,0,765,519,0,1021,1225,1144,623,995,1015,1010,730
project/sim_ext.py --sim-time 1.5 --seq-graph project/file/graph_15_nodes.json --traffic project/file/traffic_15_nodes_random.json --inspection-rate 0.001 --mess-rate 0.002 --algorithm greedy,0.946889000001,0,525,235,587,142,0,501,778,146,0,136,466,0,0,310,386,531,161,0,580,0,0,143,309,711,397,139,0,111,0,0,517,0,765,519,0,1021,1225,1144,623,995,1015,1010,730
project/sim_ext.py --sim-time 1.5 --seq-graph project/file/graph_15_nodes.json --traffic project/file/traffic_15_nodes_random.json --inspection-rate 0.001 --mess-rate 0.002 --algorithm greedy,0.947945000001,0,525,235,587,142,0,501,778,146,0,136,466,0,0,310,386,531,161,0,580,0,0,143,309,711,397,139,0,111,0,0,517,0,765,519,0,1021,1225,1144,623,995,1015,1010,730
project/sim_ext.py --sim-time 1.5 --seq-graph project/file/graph_15_nodes.json --traffic project/file/traffic_15_nodes_random.json --inspection-rate 0.001 --mess-rate 0.002 --algorithm greedy,0.9489540000009999,0,525,235,587,142,0,501,778,146,0,136,466,0,0,310,386,531,161,0,580,0,0,143,309,711,397,139,0,111,0,0,517,0,765,520,0,1021,1225,1144,623,995,1015,1010,730
project/sim_ext.py --sim-time 1.5 --seq-graph project/file/graph_15_nodes.json --traffic project/file/traffic_15_nodes_random.json --inspection-rate 0.001 --mess-rate 0.002 --algorithm greedy,0.950138599997,0,525,235,587,142,0,501,778,146,0,136,466,0,0,310,386,531,161,0,580,0,0,143,309,711,397,139,0,111,0,0,517,0,765,520,0,1021,1225,1144,623,995,1015,1010,730
project/sim_ext.py --sim-time 1.5 --seq-graph project/file/graph_15_nodes.json --traffic project/file/traffic_15_nodes_random.json --inspection-rate 0.001 --mess-rate 0.002 --algorithm greedy,0.951149000001,0,525,235,587,142,0,501,778,146,0,136,466,0,0,310,386,531,161,0,580,0,0,143,309,711,397,139,0,111,0,0,517,0,765,520,0,1021,1225,1144,623,995,1015,1010,730
project/sim_ext.py --sim-time 1.5 --seq-graph project/file/graph_15_nodes.json --traffic project/file/traffic_15_nodes_random.json --inspection-rate 0.001 --mess-rate 0.002 --algorithm greedy,0.952186000001,0,525,241,594,145,0,510,792,146,0,139,480,0,0,315,389,539,163,0,589,0,0,148,313,730,397,142,0,114,0,0,525,0,772,520,0,1053,1252,1170,639,1023,1036,1032,740
project/sim_ext.py --sim-time 1.5 --seq-graph project/file/graph_15_nodes.json --traffic project/file/traffic_15_nodes_random.json --inspection-rate 0.001 --mess-rate 0.002 --algorithm greedy,0.953256000001,0,525,242,598,145,0,513,793,146,0,140,482,0,0,315,389,541,164,0,591,0,0,148,313,731,397,143,0,114,0,0,526,0,776,521,0,1054,1253,1176,639,1025,1036,1034,747
project/sim_ext.py --sim-time 1.5 --seq-graph project/file/graph_15_nodes.json --traffic project/file/traffic_15_nodes_random.json --inspection-rate 0.001 --mess-rate 0.002 --algorithm greedy,0.954590000001,0,527,242,601,147,0,513,794,149,0,140,484,0,0,315,390,544,164,0,592,0,0,150,314,732,398,145,0,115,0,0,527,0,778,524,0,1063,1260,1179,639,1030,1037,1035,752
project/sim_ext.py --sim-time 1.5 --seq-graph project/file/graph_15_nodes.json --traffic project/file/traffic_15_nodes_random.json --inspection-rate 0.001 --mess-rate 0.002 --algorithm greedy,0.955608399997,0,527,242,603,147,0,513,794,150,0,140,485,0,0,319,390,545,165,0,593,0,0,150,314,735,398,145,0,115,0,0,528,0,781,525,0,1064,1269,1181,639,1031,1039,1038,752
project/sim_ext.py --sim-time 1.5 --seq-graph project/file/graph_15_nodes.json --traffic project/file/traffic_15_nodes_random.json --inspection-rate 0.001 --mess-rate 0.002 --algorithm greedy,0.956639000001,0,528,242,603,148,0,513,795,151,0,140,486,0,0,319,390,549,165,0,594,0,0,150,316,737,398,145,0,115,0,0,528,0,782,525,0,1067,1271,1181,639,1033,1041,1041,755
project/sim_ext.py --sim-time 1.5 --seq-graph project/file/graph_15_nodes.json --traffic project/file/traffic_15_nodes_random.json --inspection-rate 0.001 --mess-rate 0.002 --algorithm greedy,0.9577140000009999,0,529,242,605,148,0,517,795,151,0,141,486,0,0,319,390,550,165,0,594,0,0,151,316,738,400,145,0,115,0,0,529,0,782,525,0,1067,1271,1183,639,1033,1044,1043,755
project/sim_ext.py --sim-time 1.5 --seq-graph project/file/graph_15_nodes.json --traffic project/file/traffic_15_nodes_random.json --inspection-rate 0.001 --mess-rate 0.002 --algorithm greedy,0.958862000001,0,529,242,605,148,0,517,795,151,0,141,486,0,0,319,394,550,165,0,594,0,0,152,316,739,400,145,0,115,0,0,529,0,784,526,0,1067,1271,1183,639,1035,1044,1043,755
project/sim_ext.py --sim-time 1.5 --seq-graph project/file/graph_15_nodes.json --traffic project/file/traffic_15_nodes_random.json --inspection-rate 0.001 --mess-rate 0.002 --algorithm greedy,0.959929000001,0,529,244,608,148,0,517,795,151,0,141,486,0,0,320,394,556,166,0,594,0,0,152,317,740,400,145,0,115,0,0,529,0,785,526,0,1067,1271,1183,639,1037,1045,1049,756
project/sim_ext.py --sim-time 1.5 --seq-graph project/file/graph_15_nodes.json --traffic project/file/traffic_15_nodes_random.json --inspection-rate 0.001 --mess-rate 0.002 --algorithm greedy,0.960971000001,0,529,246,608,149,0,517,795,154,0,141,486,0,0,320,394,556,166,0,594,0,0,152,317,740,401,145,0,115,0,0,529,0,786,527,0,1067,1271,1183,639,1038,1049,1051,757
project/sim_ext.py --sim-time 1.5 --seq-graph project/file/graph_15_nodes.json --traffic project/file/traffic_15_nodes_random.json --inspection-rate 0.001 --mess-rate 0.002 --algorithm greedy,0.961978599997,0,529,246,608,149,0,518,800,154,0,141,486,0,0,321,395,557,166,0,594,0,0,152,317,740,401,145,0,115,0,0,529,0,786,527,0,1067,1271,1183,639,1038,1049,1051,757
project/sim_ext.py --sim-time 1.5 --seq-graph project/file/graph_15_nodes.json --traffic project/file/traffic_15_nodes_random.json --inspection-rate 0.001 --mess-rate 0.002 --algorithm greedy,0.963138000001,0,529,246,609,149,0,520,802,154,0,141,486,0,0,321,397,557,166,0,599,0,0,152,317,740,402,145,0,115,0,0,529,0,787,527,0,1067,1271,1183,639,1038,1049,1051,758
project/sim_ext.py --sim-time 1.5 --seq-graph project/file/graph_15_nodes.json --traffic project/file/traffic_15_nodes_random.json --inspection-rate 0.001 --mess-rate 0.002 --algorithm greedy,0.964182399997,0,529,246,611,149,0,521,802,154,0,141,486,0,0,323,397,557,166,0,599,0,0,152,317,740,402,145,0,115,0,0,529,0,787,528,0,1067,1271,1183,639,1039,1049,1051,758
project/sim_ext.py --sim-time 1.5 --seq-graph project/file/graph_15_nodes.json --traffic project/file/traffic_15_nodes_random.json --inspection-rate 0.001 --mess-rate 0.002 --algorithm greedy,0.965229000001,0,529,246,611,149,0,521,802,154,0,141,486,0,0,323,397,557,166,0,600,0,0,152,317,740,404,145,0,115,0,0,529,0,787,528,0,1067,1271,1183,639,1039,1049,1051,758
project/sim_ext.py --sim-time 1.5 --seq-graph project/file/graph_15_nodes.json --traffic project/file/traffic_15_nodes_random.json --inspection-rate 0.001 --mess-rate 0.002 --algorithm greedy,0.966390000001,0,529,246,611,149,0,523,802,154,0,141,486,0,0,323,397,557,166,0,601,0,0,152,317,740,404,145,0,115,0,0,529,0,787,528,0,1067,1271,1183,639,1039,1049,1051,758
project/sim_ext.py --sim-time 1.5 --seq-graph project/file/graph_15_nodes.json --traffic project/file/traffic_15_nodes_random.json --inspection-rate 0.001 --mess-rate 0.002 --algorithm greedy,0.967759000001,0,529,246,611,149,0,524,802,154,0,141,486,0,0,323,397,557,166,0,602,0,0,152,317,740,405,145,0,115,0,0,531,0,787,530,0,1067,1271,1183,639,1039,1049,1051,758
project/sim_ext.py --sim-time 1.5 --seq-graph project/file/graph_15_nodes.json --traffic project/file/traffic_15_nodes_random.json --inspection-rate 0.001 --mess-rate 0.002 --algorithm greedy,0.968825000001,0,530,246,612,149,0,524,805,154,0,141,486,0,0,323,400,557,166,0,603,0,0,152,317,740,406,145,0,115,0,0,531,0,788,530,0,1067,1271,1183,639,1039,1049,1051,758
project/sim_ext.py --sim-time 1.5 --seq-graph project/file/graph_15_nodes.json --traffic project/file/traffic_15_nodes_random.json --inspection-rate 0.001 --mess-rate 0.002 --algorithm greedy,0.9698260000009999,0,530,246,612,149,0,524,805,154,0,141,486,0,0,323,400,557,166,0,603,0,0,152,317,740,406,145,0,115,0,0,531,0,788,530,0,1067,1271,1183,639,1039,1049,1051,758
project/sim_ext.py --sim-time 1.5 --seq-graph project/file/graph_15_nodes.json --traffic project/file/traffic_15_nodes_random.json --inspection-rate 0.001 --mess-rate 0.002 --algorithm greedy,0.970860000001,0,530,246,612,149,0,524,805,154,0,141,486,0,0,325,400,557,166,0,603,0,0,152,317,740,406,145,0,115,0,0,533,0,788,531,0,1067,1271,1183,639,1039,1049,1051,758
project/sim_ext.py --sim-time 1.5 --seq-graph project/file/graph_15_nodes.json --traffic project/file/traffic_15_nodes_random.json --inspection-rate 0.001 --mess-rate 0.002 --algorithm greedy,0.971905000001,0,531,246,612,149,0,524,805,154,0,141,486,0,0,325,400,557,166,0,603,0,0,152,317,740,406,145,0,115,0,0,534,0,788,534,0,1067,1271,1183,639,1039,1049,1051,758
project/sim_ext.py --sim-time 1.5 --seq-graph project/file/graph_15_nodes.json --traffic project/file/traffic_15_nodes_random.json --inspection-rate 0.001 --mess-rate 0.002 --algorithm greedy,0.972923000001,0,531,246,612,149,0,524,805,154,0,141,486,0,0,325,400,557,166,0,603,0,0,152,317,740,408,145,0,115,0,0,535,0,788,534,0,1067,1271,1183,639,1039,1049,1051,758
project/sim_ext.py --sim-time 1.5 --seq-graph project/file/graph_15_nodes.json --traffic project/file/traffic_15_nodes_random.json --inspection-rate 0.001 --mess-rate 0.002 --algorithm greedy,0.9739449999249999,0,531,246,612,149,0,524,805,154,0,141,486,0,0,325,400,557,166,0,603,0,0,152,317,740,408,145,0,115,0,0,535,0,788,534,0,1067,1271,1183,639,1039,1049,1051,758
project/sim_ext.py --sim-time 1.5 --seq-graph project/file/graph_15_nodes.json --traffic project/file/traffic_15_nodes_random.json --inspection-rate 0.001 --mess-rate 0.002 --algorithm greedy,0.975005000001,0,533,246,612,149,0,524,810,154,0,141,486,0,0,325,401,557,166,0,606,0,0,152,317,740,408,145,0,115,0,0,535,0,792,534,0,1067,1271,1183,639,1039,1049,1051,758
project/sim_ext.py --sim-time 1.5 --seq-graph project/file/graph_15_nodes.json --traffic project/file/traffic_15_nodes_random.json --inspection-rate 0.001 --mess-rate 0.002 --algorithm greedy,0.976087000001,0,533,246,612,149,0,524,810,154,0,141,486,0,0,325,401,557,166,0,606,0,0,152,317,740,412,145,0,115,0,0,540,0,792,535,0,1067,1271,1183,639,1039,1049,1051,758
project/sim_ext.py --sim-time 1.5 --seq-graph project/file/graph_15_nodes.json --traffic project/file/traffic_15_nodes_random.json --inspection-rate 0.001 --mess-rate 0.002 --algorithm greedy,0.9771354645234679,0,533,246,612,149,0,524,810,154,0,141,486,0,0,325,401,557,166,0,606,0,0,152,317,740,412,145,0,115,0,0,540,0,792,535,0,1067,1271,1183,639,1039,1049,1051,758
project/sim_ext.py --sim-time 1.5 --seq-graph project/file/graph_15_nodes.json --traffic project/file/traffic_15_nodes_random.json --inspection-rate 0.001 --mess-rate 0.002 --algorithm greedy,0.9782810000009999,0,533,246,612,149,0,524,811,154,0,141,486,0,0,325,403,557,166,0,606,0,0,152,317,740,412,145,0,115,0,0,540,0,792,535,0,1067,1271,1183,639,1039,1049,1051,758
project/sim_ext.py --sim-time 1.5 --seq-graph project/file/graph_15_nodes.json --traffic project/file/traffic_15_nodes_random.json --inspection-rate 0.001 --mess-rate 0.002 --algorithm greedy,0.979361000001,0,533,246,612,149,0,524,811,154,0,141,486,0,0,325,404,557,166,0,606,0,0,152,317,740,412,145,0,115,0,0,540,0,792,535,0,1067,1271,1183,639,1039,1049,1051,758
project/sim_ext.py --sim-time 1.5 --seq-graph project/file/graph_15_nodes.json --traffic project/file/traffic_15_nodes_random.json --inspection-rate 0.001 --mess-rate 0.002 --algorithm greedy,0.980365000001,0,533,246,612,149,0,524,811,154,0,141,486,0,0,325,404,557,166,0,606,0,0,152,317,740,412,145,0,115,0,0,540,0,792,535,0,1067,1271,1183,639,1039,1049,1051,758
project/sim_ext.py --sim-time 1.5 --seq-graph project/file/graph_15_nodes.json --traffic project/file/traffic_15_nodes_random.json --inspection-rate 0.001 --mess-rate 0.002 --algorithm greedy,0.981554000001,0,533,246,612,149,0,524,811,154,0,141,486,0,0,325,404,557,166,0,606,0,0,152,317,740,412,145,0,115,0,0,540,0,792,535,0,1067,1271,1183,639,1039,1049,1051,758
project/sim_ext.py --sim-time 1.5 --seq-graph project/file/graph_15_nodes.json --traffic project/file/traffic_15_nodes_random.json --inspection-rate 0.001 --mess-rate 0.002 --algorithm greedy,0.9826249999969999,0,536,246,612,151,0,524,812,154,0,143,496,0,0,325,404,567,166,0,611,0,0,152,317,755,412,147,0,121,0,0,547,0,795,540,0,1078,1293,1204,639,1039,1061,1051,759
project/sim_ext.py --sim-time 1.5 --seq-graph project/file/graph_15_nodes.json --traffic project/file/traffic_15_nodes_random.json --inspection-rate 0.001 --mess-rate 0.002 --algorithm greedy,0.983654999917,0,537,246,612,151,0,524,812,155,0,143,500,0,0,325,404,570,166,0,611,0,0,152,317,756,413,147,0,122,0,0,549,0,796,542,0,1078,1304,1205,649,1039,1063,1051,762
project/sim_ext.py --sim-time 1.5 --seq-graph project/file/graph_15_nodes.json --traffic project/file/traffic_15_nodes_random.json --inspection-rate 0.001 --mess-rate 0.002 --algorithm greedy,0.9846755886683732,0,537,246,612,151,0,524,812,155,0,143,500,0,0,325,404,572,166,0,611,0,0,152,317,756,413,147,0,122,0,0,549,0,797,542,0,1078,1306,1205,649,1039,1065,1051,762
project/sim_ext.py --sim-time 1.5 --seq-graph project/file/graph_15_nodes.json --traffic project/file/traffic_15_nodes_random.json --inspection-rate 0.001 --mess-rate 0.002 --algorithm greedy,0.985719000001,0,537,246,612,151,0,524,814,155,0,143,504,0,0,325,405,573,166,0,615,0,0,152,317,758,413,147,0,122,0,0,550,0,797,544,0,1078,1310,1208,649,1039,1065,1051,763
project/sim_ext.py --sim-time 1.5 --seq-graph project/file/graph_15_nodes.json --traffic project/file/traffic_15_nodes_random.json --inspection-rate 0.001 --mess-rate 0.002 --algorithm greedy,0.986726000001,0,541,246,612,152,0,524,814,157,0,143,505,0,0,325,405,574,166,0,615,0,0,152,317,758,413,147,0,123,0,0,550,0,797,544,0,1078,1312,1210,649,1039,1067,1051,763
project/sim_ext.py --sim-time 1.5 --seq-graph project/file/graph_15_nodes.json --traffic project/file/traffic_15_nodes_random.json --inspection-rate 0.001 --mess-rate 0.002 --algorithm greedy,0.987749000001,0,541,246,612,153,0,524,814,157,0,143,506,0,0,325,405,574,166,0,615,0,0,152,317,761,413,150,0,123,0,0,550,0,800,544,0,1081,1314,1211,651,1039,1068,1051,763
project/sim_ext.py --sim-time 1.5 --seq-graph project/file/graph_15_nodes.json --traffic project/file/traffic_15_nodes_random.json --inspection-rate 0.001 --mess-rate 0.002 --algorithm greedy,0.988756000001,0,542,246,612,154,0,524,814,159,0,143,506,0,0,325,405,576,166,0,615,0,0,152,317,762,413,150,0,124,0,0,550,0,800,544,0,1081,1314,1211,651,1039,1070,1051,763
project/sim_ext.py --sim-time 1.5 --seq-graph project/file/graph_15_nodes.json --traffic project/file/traffic_15_nodes_random.json --inspection-rate 0.001 --mess-rate 0.002 --algorithm greedy,0.990054000001,0,543,246,612,154,0,524,814,159,0,143,506,0,0,325,405,577,166,0,615,0,0,152,317,766,413,150,0,124,0,0,550,0,800,544,0,1081,1314,1213,652,1039,1074,1051,763
project/sim_ext.py --sim-time 1.5 --seq-graph project/file/graph_15_nodes.json --traffic project/file/traffic_15_nodes_random.json --inspection-rate 0.001 --mess-rate 0.002 --algorithm greedy,0.991062000001,0,543,246,612,155,0,524,814,159,0,143,506,0,0,325,405,577,166,0,615,0,0,152,317,766,413,150,0,124,0,0,550,0,800,544,0,1081,1314,1213,652,1039,1076,1051,763
project/sim_ext.py --sim-time 1.5 --seq-graph project/file/graph_15_nodes.json --traffic project/file/traffic_15_nodes_random.json --inspection-rate 0.001 --mess-rate 0.002 --algorithm greedy,0.992094000001,0,543,246,612,155,0,524,814,159,0,143,506,0,0,325,405,577,166,0,615,0,0,152,317,767,413,150,0,124,0,0,550,0,800,544,0,1081,1314,1213,652,1039,1076,1051,763
project/sim_ext.py --sim-time 1.5 --seq-graph project/file/graph_15_nodes.json --traffic project/file/traffic_15_nodes_random.json --inspection-rate 0.001 --mess-rate 0.002 --algorithm greedy,0.9931303244966138,0,545,250,622,158,0,536,817,161,0,143,506,0,0,329,407,581,170,0,623,0,0,153,320,769,416,151,0,124,0,0,556,0,802,549,0,1093,1314,1216,669,1059,1087,1073,773
project/sim_ext.py --sim-time 1.5 --seq-graph project/file/graph_15_nodes.json --traffic project/file/traffic_15_nodes_random.json --inspection-rate 0.001 --mess-rate 0.002 --algorithm greedy,0.994362000001,0,546,250,622,158,0,536,821,161,0,143,506,0,0,329,407,581,170,0,624,0,0,153,320,769,416,152,0,124,0,0,556,0,802,549,0,1094,1314,1216,674,1060,1088,1074,776
project/sim_ext.py --sim-time 1.5 --seq-graph project/file/graph_15_nodes.json --traffic project/file/traffic_15_nodes_random.json --inspection-rate 0.001 --mess-rate 0.002 --algorithm greedy,0.995491199997,0,546,250,622,158,0,536,822,161,0,143,506,0,0,329,408,581,170,0,625,0,0,153,320,769,418,152,0,124,0,0,558,0,802,549,0,1094,1314,1216,674,1061,1088,1079,776
project/sim_ext.py --sim-time 1.5 --seq-graph project/file/graph_15_nodes.json --traffic project/file/traffic_15_nodes_random.json --inspection-rate 0.001 --mess-rate 0.002 --algorithm greedy,0.9965449785934625,0,547,250,622,158,0,536,822,161,0,143,506,0,0,329,409,581,170,0,625,0,0,153,322,769,418,152,0,124,0,0,558,0,802,549,0,1094,1314,1216,674,1061,1088,1080,780
project/sim_ext.py --sim-time 1.5 --seq-graph project/file/graph_15_nodes.json --traffic project/file/traffic_15_nodes_random.json --inspection-rate 0.001 --mess-rate 0.002 --algorithm greedy,0.997579999921,0,547,250,622,158,0,536,822,161,0,143,506,0,0,329,409,581,170,0,626,0,0,153,323,769,419,152,0,124,0,0,559,0,807,550,0,1094,1314,1216,674,1061,1088,1082,780
project/sim_ext.py --sim-time 1.5 --seq-graph project/file/graph_15_nodes.json --traffic project/file/traffic_15_nodes_random.json --inspection-rate 0.001 --mess-rate 0.002 --algorithm greedy,0.998707000001,0,547,250,622,158,0,536,824,161,0,143,506,0,0,329,409,581,171,0,629,0,0,153,323,769,419,152,0,124,0,0,559,0,808,550,0,1094,1314,1216,674,1063,1088,1084,780
project/sim_ext.py --sim-time 1.5 --seq-graph project/file/graph_15_nodes.json --traffic project/file/traffic_15_nodes_random.json --inspection-rate 0.001 --mess-rate 0.002 --algorithm greedy,0.9999122079516173,0,548,251,622,158,0,538,824,161,0,143,506,0,0,329,409,581,171,0,631,0,0,153,326,769,420,152,0,124,0,0,559,0,810,551,0,1094,1314,1219,674,1064,1088,1084,780
project/sim_ext.py --sim-time 1.5 --seq-graph project/file/graph_15_nodes.json --traffic project/file/traffic_15_nodes_random.json --inspection-rate 0.001 --mess-rate 0.002 --algorithm greedy,1.000986000001,0,548,251,630,158,0,539,826,161,0,143,506,0,0,329,412,581,171,0,631,0,0,153,326,769,420,152,0,124,0,0,559,0,810,551,0,1094,1314,1219,674,1065,1088,1086,780
project/sim_ext.py --sim-time 1.5 --seq-graph project/file/graph_15_nodes.json --traffic project/file/traffic_15_nodes_random.json --inspection-rate 0.001 --mess-rate 0.002 --algorithm greedy,1.002196000001,0,548,251,631,158,0,541,826,161,0,143,506,0,0,331,412,581,171,0,631,0,0,153,326,769,420,152,0,124,0,0,561,0,810,554,0,1094,1314,1219,674,1065,1088,1087,780
project/sim_ext.py --sim-time 1.5 --seq-graph project/file/graph_15_nodes.json --traffic project/file/traffic_15_nodes_random.json --inspection-rate 0.001 --mess-rate 0.002 --algorithm greedy,1.003418000001,0,548,251,631,158,0,541,827,161,0,143,506,0,0,331,413,581,171,0,637,0,0,153,326,769,420,152,0,124,0,0,561,0,811,555,0,1094,1314,1219,674,1066,1088,1087,780
project/sim_ext.py --sim-time 1.5 --seq-graph project/file/graph_15_nodes.json --traffic project/file/traffic_15_nodes_random.json --inspection-rate 0.001 --mess-rate 0.002 --algorithm greedy,1.004435000001,0,548,252,631,158,0,541,831,161,0,143,506,0,0,331,413,581,171,0,638,0,0,153,326,769,421,152,0,124,0,0,562,0,812,555,0,1094,1314,1219,674,1068,1088,1087,780
project/sim_ext.py --sim-time 1.5 --seq-graph project/file/graph_15_nodes.json --traffic project/file/traffic_15_nodes_random.json --inspection-rate 0.001 --mess-rate 0.002 --algorithm greedy,1.005554999917,0,548,252,632,158,0,541,834,161,0,143,506,0,0,331,415,581,171,0,638,0,0,153,326,769,422,152,0,124,0,0,563,0,812,555,0,1094,1314,1219,674,1068,1088,1087,780
project/sim_ext.py --sim-time 1.5 --seq-graph project/file/graph_15_nodes.json --traffic project/file/traffic_15_nodes_random.json --inspection-rate 0.001 --mess-rate 0.002 --algorithm greedy,1.006606000001,0,548,252,632,158,0,542,834,161,0,143,506,0,0,331,415,581,171,0,638,0,0,153,326,769,422,152,0,124,0,0,563,0,812,555,0,1094,1314,1219,674,1068,1088,1087,780
project/sim_ext.py --sim-time 1.5 --seq-graph project/file/graph_15_nodes.json --traffic project/file/traffic_15_nodes_random.json --inspection-rate 0.001 --mess-rate 0.002 --algorithm greedy,1.007615000001,0,548,252,632,158,0,544,835,161,0,143,506,0,0,331,415,581,171,0,638,0,0,153,328,769,422,152,0,124,0,0,563,0,812,556,0,1094,1314,1219,674,1068,1088,1087,780
project/sim_ext.py --sim-time 1.5 --seq-graph project/file/graph_15_nodes.json --traffic project/file/traffic_15_nodes_random.json --inspection-rate 0.001 --mess-rate 0.002 --algorithm greedy,1.008649599997,0,548,253,632,158,0,545,835,161,0,143,506,0,0,332,415,581,171,0,638,0,0,153,328,769,422,152,0,124,0,0,563,0,812,557,0,1094,1314,1219,674,1068,1088,1087,780
project/sim_ext.py --sim-time 1.5 --seq-graph project/file/graph_15_nodes.json --traffic project/file/traffic_15_nodes_random.json --inspection-rate 0.001 --mess-rate 0.002 --algorithm greedy,1.009751000001,0,550,253,633,158,0,546,837,161,0,143,506,0,0,332,415,581,171,0,639,0,0,153,328,769,423,152,0,124,0,0,563,0,814,557,0,1094,1314,1219,674,1068,1088,1087,780
project/sim_ext.py --sim-time 1.5 --seq-graph project/file/graph_15_nodes.json --traffic project/file/traffic_15_nodes_random.json --inspection-rate 0.001 --mess-rate 0.002 --algorithm greedy,1.011157000001,0,552,253,634,158,0,549,840,161,0,143,506,0,0,333,415,581,171,0,639,0,0,153,328,769,424,152,0,124,0,0,563,0,814,557,0,1094,1314,1219,674,1068,1088,1087,780
project/sim_ext.py --sim-time 1.5 --seq-graph project/file/graph_15_nodes.json --traffic project/file/traffic_15_nodes_random.json --inspection-rate 0.001 --mess-rate 0.002 --algorithm greedy,1.012291199997,0,554,253,634,158,0,549,840,161,0,143,506,0,0,334,416,581,171,0,639,0,0,153,328,769,424,152,0,124,0,0,565,0,814,557,0,1094,1314,1219,674,1068,1088,1087,780
project/sim_ext.py --sim-time 1.5 --seq-graph project/file/graph_15_nodes.json --traffic project/file/traffic_15_nodes_random.json --inspection-rate 0.001 --mess-rate 0.002 --algorithm greedy,1.013299000001,0,554,253,635,158,0,549,840,161,0,143,506,0,0,336,417,581,171,0,639,0,0,153,328,769,424,152,0,124,0,0,568,0,814,558,0,1094,1314,1219,674,1068,1088,1087,780
project/sim_ext.py --sim-time 1.5 --seq-graph project/file/graph_15_nodes.json --traffic project/file/traffic_15_nodes_random.json --inspection-rate 0.001 --mess-rate 0.002 --algorithm greedy,1.014422399997,0,554,253,635,158,0,550,840,161,0,143,506,0,0,337,418,581,171,0,639,0,0,153,328,769,424,152,0,124,0,0,568,0,814,559,0,1094,1314,1219,674,1068,1088,1087,780
project/sim_ext.py --sim-time 1.5 --seq-graph project/file/graph_15_nodes.json --traffic project/file/traffic_15_nodes_random.json --inspection-rate 0.001 --mess-rate 0.002 --algorithm greedy,1.015437799997,0,556,253,635,158,0,550,840,161,0,143,506,0,0,338,420,581,171,0,639,0,0,153,328,769,424,152,0,124,0,0,568,0,814,560,0,1094,1314,1219,674,1068,1088,1087,780
project/sim_ext.py --sim-time 1.5 --seq-graph project/file/graph_15_nodes.json --traffic project/file/traffic_15_nodes_random.json --inspection-rate 0.001 --mess-rate 0.002 --algorithm greedy,1.016562000001,0,558,253,635,158,0,550,842,161,0,143,506,0,0,338,420,581,171,0,639,0,0,153,328,769,424,152,0,124,0,0,568,0,814,560,0,1094,1314,1219,674,1068,1088,1087,780
project/sim_ext.py --sim-time 1.5 --seq-graph project/file/graph_15_nodes.json --traffic project/file/traffic_15_nodes_random.json --inspection-rate 0.001 --mess-rate 0.002 --algorithm greedy,1.017657000001,0,558,253,635,158,0,550,842,161,0,143,506,0,0,338,420,581,171,0,639,0,0,153,328,769,424,152,0,124,0,0,568,0,814,560,0,1094,1314,1219,674,1068,1088,1087,780
project/sim_ext.py --sim-time 1.5 --seq-graph project/file/graph_15_nodes.json --traffic project/file/traffic_15_nodes_random.json --inspection-rate 0.001 --mess-rate 0.002 --algorithm greedy,1.0187100000009999,0,558,253,635,158,0,550,842,161,0,143,506,0,0,338,420,581,171,0,639,0,0,153,328,769,425,152,0,124,0,0,568,0,814,563,0,1094,1314,1219,674,1068,1088,1087,780
project/sim_ext.py --sim-time 1.5 --seq-graph project/file/graph_15_nodes.json --traffic project/file/traffic_15_nodes_random.json --inspection-rate 0.001 --mess-rate 0.002 --algorithm greedy,1.019809000001,0,558,253,635,158,0,550,842,161,0,143,506,0,0,339,420,581,171,0,639,0,0,153,328,769,426,152,0,124,0,0,568,0,814,564,0,1094,1314,1219,674,1068,1088,1087,780
project/sim_ext.py --sim-time 1.5 --seq-graph project/file/graph_15_nodes.json --traffic project/file/traffic_15_nodes_random.json --inspection-rate 0.001 --mess-rate 0.002 --algorithm greedy,1.020894599997,0,558,253,635,158,0,550,842,161,0,143,506,0,0,339,420,581,171,0,639,0,0,153,328,769,426,152,0,124,0,0,568,0,814,564,0,1094,1314,1219,684,1068,1088,1087,780
project/sim_ext.py --sim-time 1.5 --seq-graph project/file/graph_15_nodes.json --traffic project/file/traffic_15_nodes_random.json --inspection-rate 0.001 --mess-rate 0.002 --algorithm greedy,1.021918000001,0,562,253,635,158,0,550,842,161,0,143,506,0,0,339,420,581,171,0,639,0,0,153,328,769,427,152,0,124,0,0,568,0,814,566,0,1094,1314,1219,684,1068,1088,1087,780
project/sim_ext.py --sim-time 1.5 --seq-graph project/file/graph_15_nodes.json --traffic project/file/traffic_15_nodes_random.json --inspection-rate 0.001 --mess-rate 0.002 --algorithm greedy,1.0229196621055823,0,562,253,635,158,0,550,842,161,0,143,506,0,0,339,420,581,171,0,639,0,0,153,328,769,427,152,0,124,0,0,568,0,814,566,0,1094,1314,1219,684,1068,1088,1087,780
project/sim_ext.py --sim-time 1.5 --seq-graph project/file/graph_15_nodes.json --traffic project/file/traffic_15_nodes_random.json --inspection-rate 0.001 --mess-rate 0.002 --algorithm greedy,1.023929999917,0,565,259,645,163,0,555,857,164,0,146,512,0,0,341,421,592,171,0,648,0,0,155,333,782,428,155,0,127,0,0,573,0,833,568,0,1125,1347,1243,698,1090,1106,1113,800
project/sim_ext.py --sim-time 1.5 --seq-graph project/file/graph_15_nodes.json --traffic project/file/traffic_15_nodes_random.json --inspection-rate 0.001 --mess-rate 0.002 --algorithm greedy,1.024972000001,0,565,259,646,164,0,558,857,164,0,146,513,0,0,343,421,594,171,0,648,0,0,155,334,784,428,155,0,128,0,0,575,0,835,569,0,1126,1348,1250,702,1092,1113,1115,800
project/sim_ext.py --sim-time 1.5 --seq-graph project/file/graph_15_nodes.json --traffic project/file/traffic_15_nodes_random.json --inspection-rate 0.001 --mess-rate 0.002 --algorithm greedy,1.025987199997,0,566,259,650,165,0,558,859,164,0,146,513,0,0,344,422,595,171,0,648,0,0,155,334,784,429,155,0,128,0,0,575,0,835,571,0,1129,1353,1251,702,1092,1116,1120,802
project/sim_ext.py --sim-time 1.5 --seq-graph project/file/graph_15_nodes.json --traffic project/file/traffic_15_nodes_random.json --inspection-rate 0.001 --mess-rate 0.002 --algorithm greedy,1.027461000001,0,568,259,652,167,0,561,859,166,0,147,519,0,0,344,422,595,171,0,648,0,0,156,338,790,430,156,0,130,0,0,576,0,835,572,0,1134,1360,1253,710,1100,1121,1125,809
project/sim_ext.py --sim-time 1.5 --seq-graph project/file/graph_15_nodes.json --traffic project/file/traffic_15_nodes_random.json --inspection-rate 0.001 --mess-rate 0.002 --algorithm greedy,1.028536000001,0,571,260,652,167,0,562,860,166,0,148,520,0,0,345,422,599,175,0,653,0,0,157,340,791,430,157,0,130,0,0,576,0,836,574,0,1134,1364,1260,716,1100,1121,1126,811
project/sim_ext.py --sim-time 1.5 --seq-graph project/file/graph_15_nodes.json --traffic project/file/traffic_15_nodes_random.json --inspection-rate 0.001 --mess-rate 0.002 --algorithm greedy,1.029747000001,0,571,261,653,168,0,562,863,167,0,149,521,0,0,345,423,600,175,0,656,0,0,158,342,794,430,158,0,131,0,0,583,0,837,575,0,1137,1365,1263,723,1107,1124,1129,811
project/sim_ext.py --sim-time 1.5 --seq-graph project/file/graph_15_nodes.json --traffic project/file/traffic_15_nodes_random.json --inspection-rate 0.001 --mess-rate 0.002 --algorithm greedy,1.030759000001,0,571,261,653,168,0,566,863,167,0,149,521,0,0,346,423,601,175,0,656,0,0,158,342,794,431,159,0,131,0,0,584,0,837,575,0,1138,1365,1263,723,1108,1129,1129,813
project/sim_ext.py --sim-time 1.5 --seq-graph project/file/graph_15_nodes.json --traffic project/file/traffic_15_nodes_random.json --inspection-rate 0.001 --mess-rate 0.002 --algorithm greedy,1.031835000001,0,571,261,654,169,0,566,865,167,0,150,521,0,0,347,423,602,175,0,660,0,0,160,342,795,431,159,0,131,0,0,584,0,842,575,0,1138,1365,1263,723,1108,1130,1129,816
project/sim_ext.py --sim-time 1.5 --seq-graph project/file/graph_15_nodes.json --traffic project/file/traffic_15_nodes_random.json --inspection-rate 0.001 --mess-rate 0.002 --algorithm greedy,1.0329450000009999,0,571,263,654,169,0,567,867,167,0,150,521,0,0,347,424,602,175,0,660,0,0,160,342,795,431,159,0,131,0,0,584,0,842,575,0,1138,1365,1263,723,1108,1130,1129,816
project/sim_ext.py --sim-time 1.5 --seq-graph project/file/graph_15_nodes.json --traffic project/file/traffic_15_nodes_random.json --inspection-rate 0.001 --mess-rate 0.002 --algorithm greedy,1.034097000001,0,571,263,655,169,0,569,867,167,0,150,521,0,0,347,424,602,175,0,660,0,0,160,342,795,431,159,0,131,0,0,586,0,842,578,0,1138,1365,1264,723,1111,1130,1129,816
project/sim_ext.py --sim-time 1.5 --seq-graph project/file/graph_15_nodes.json --traffic project/file/traffic_15_nodes_random.json --inspection-rate 0.001 --mess-rate 0.002 --algorithm greedy,1.035321000001,0,574,263,655,169,0,570,867,167,0,150,521,0,0,347,424,605,175,0,660,0,0,160,342,795,431,159,0,131,0,0,586,0,842,578,0,1138,1365,1264,723,1111,1130,1129,816
project/sim_ext.py --sim-time 1.5 --seq-graph project/file/graph_15_nodes.json --traffic project/file/traffic_15_nodes_random.json --inspection-rate 0.001 --mess-rate 0.002 --algorithm greedy,1.036346000001,0,575,263,657,169,0,570,867,167,0,150,521,0,0,347,424,606,175,0,660,0,0,160,342,795,431,159,0,131,0,0,586,0,842,578,0,1138,1365,1264,723,1111,1130,1129,816
project/sim_ext.py --sim-time 1.5 --seq-graph project/file/graph_15_nodes.json --traffic project/file/traffic_15_nodes_random.json --inspection-rate 0.001 --mess-rate 0.002 --algorithm greedy,1.037463000001,0,575,263,657,169,0,571,867,167,0,150,521,0,0,347,424,606,175,0,660,0,0,160,342,795,434,159,0,131,0,0,588,0,842,578,0,1138,1365,1264,723,1111,1130,1129,816
project/sim_ext.py --sim-time 1.5 --seq-graph project/file/graph_15_nodes.json --traffic project/file/traffic_15_nodes_random.json --inspection-rate 0.001 --mess-rate 0.002 --algorithm greedy,1.038545000001,0,575,263,657,169,0,572,873,167,0,150,521,0,0,347,425,607,175,0,663,0,0,160,342,795,434,159,0,131,0,0,588,0,844,578,0,1138,1365,1264,723,1111,1130,1129,816
project/sim_ext.py --sim-time 1.5 --seq-graph project/file/graph_15_nodes.json --traffic project/file/traffic_15_nodes_random.json --inspection-rate 0.001 --mess-rate 0.002 --algorithm greedy,1.039719399997,0,577,263,657,169,0,572,875,167,0,150,521,0,0,349,426,607,175,0,663,0,0,160,342,795,435,159,0,131,0,0,588,0,845,581,0,1138,1365,1264,723,1111,1130,1129,816
project/sim_ext.py --sim-time 1.5 --seq-graph project/file/graph_15_nodes.json --traffic project/file/traffic_15_nodes_random.json --inspection-rate 0.001 --mess-rate 0.002 --algorithm greedy,1.040764000001,0,579,263,657,169,0,572,876,167,0,150,521,0,0,350,426,607,175,0,663,0,0,160,342,795,435,159,0,131,0,0,588,0,845,581,0,1138,1365,1264,723,1111,1130,1129,816
project/sim_ext.py --sim-time 1.5 --seq-graph project/file/graph_15_nodes.json --traffic project/file/traffic_15_nodes_random.json --inspection-rate 0.001 --mess-rate 0.002 --algorithm greedy,1.0418217123444433,0,579,263,657,169,0,572,876,167,0,150,521,0,0,351,426,607,175,0,663,0,0,160,342,795,435,159,0,131,0,0,588,0,845,581,0,1138,1365,1264,723,1111,1130,1129,816
project/sim_ext.py --sim-time 1.5 --seq-graph project/file/graph_15_nodes.json --traffic project/file/traffic_15_nodes_random.json --inspection-rate 0.001 --mess-rate 0.002 --algorithm greedy,1.042826000001,0,580,263,657,169,0,572,876,167,0,150,521,0,0,351,426,607,175,0,663,0,0,160,342,795,435,159,0,131,0,0,588,0,845,581,0,1138,1365,1264,723,1111,1130,1129,816
project/sim_ext.py --sim-time 1.5 --seq-graph project/file/graph_15_nodes.json --traffic project/file/traffic_15_nodes_random.json --inspection-rate 0.001 --mess-rate 0.002 --algorithm greedy,1.044266000001,0,580,263,657,169,0,572,878,167,0,150,521,0,0,353,427,607,175,0,663,0,0,160,342,795,435,159,0,131,0,0,590,0,845,583,0,1138,1365,1264,723,1111,1130,1129,816
project/sim_ext.py --sim-time 1.5 --seq-graph project/file/graph_15_nodes.json --traffic project/file/traffic_15_nodes_random.json --inspection-rate 0.001 --mess-rate 0.002 --algorithm greedy,1.045334050051867,0,580,263,657,169,0,572,879,167,0,150,521,0,0,353,427,607,175,0,663,0,0,160,342,795,435,159,0,131,0,0,590,0,845,583,0,1138,1365,1264,723,1111,1130,1129,816
project/sim_ext.py --sim-time 1.5 --seq-graph project/file/graph_15_nodes.json --traffic project/file/traffic_15_nodes_random.json --inspection-rate 0.001 --mess-rate 0.002 --algorithm greedy,1.046398000001,0,583,263,657,169,0,572,880,167,0,150,521,0,0,353,429,607,175,0,663,0,0,160,342,795,437,159,0,131,0,0,590,0,845,583,0,1138,1365,1264,723,1111,1130,1129,816
project/sim_ext.py --sim-time 1.5 --seq-graph project/file/graph_15_nodes.json --traffic project/file/traffic_15_nodes_random.json --inspection-rate 0.001 --mess-rate 0.002 --algorithm greedy,1.047639000001,0,583,263,657,169,0,572,880,167,0,150,521,0,0,353,429,607,175,0,663,0,0,160,342,795,437,159,0,131,0,0,598,0,845,584,0,1138,1365,1264,723,1111,1130,1129,816
project/sim_ext.py --sim-time 1.5 --seq-graph project/file/graph_15_nodes.json --traffic project/file/traffic_15_nodes_random.json --inspection-rate 0.001 --mess-rate 0.002 --algorithm greedy,1.048835000001,0,584,263,657,169,0,572,880,167,0,150,521,0,0,353,429,607,175,0,663,0,0,160,342,795,438,159,0,131,0,0,598,0,845,585,0,1138,1365,1264,723,1111,1130,1129,816
project/sim_ext.py --sim-time 1.5 --seq-graph project/file/graph_15_nodes.json --traffic project/file/traffic_15_nodes_random.json --inspection-rate 0.001 --mess-rate 0.002 --algorithm greedy,1.049842000001,0,585,263,657,169,0,572,880,167,0,150,521,0,0,353,431,607,175,0,663,0,0,160,342,795,438,159,0,131,0,0,598,0,845,585,0,1138,1365,1264,723,1111,1130,1129,816
project/sim_ext.py --sim-time 1.5 --seq-graph project/file/graph_15_nodes.json --traffic project/file/traffic_15_nodes_random.json --inspection-rate 0.001 --mess-rate 0.002 --algorithm greedy,1.050915000001,0,585,263,657,169,0,572,880,167,0,150,521,0,0,353,431,607,175,0,663,0,0,160,342,795,438,159,0,131,0,0,598,0,845,585,0,1138,1365,1264,723,1111,1130,1129,816
project/sim_ext.py --sim-time 1.5 --seq-graph project/file/graph_15_nodes.json --traffic project/file/traffic_15_nodes_random.json --inspection-rate 0.001 --mess-rate 0.002 --algorithm greedy,1.052126000001,0,585,263,657,169,0,572,881,167,0,150,521,0,0,353,431,607,175,0,663,0,0,160,342,795,438,159,0,131,0,0,598,0,845,588,0,1138,1365,1264,723,1111,1130,1129,816
project/sim_ext.py --sim-time 1.5 --seq-graph project/file/graph_15_nodes.json --traffic project/file/traffic_15_nodes_random.json --inspection-rate 0.001 --mess-rate 0.002 --algorithm greedy,1.0531413885765961,0,585,263,657,169,0,572,881,167,0,150,521,0,0,353,431,607,175,0,663,0,0,160,342,795,438,159,0,131,0,0,598,0,845,588,0,1138,1365,1264,723,1111,1130,1129,816
project/sim_ext.py --sim-time 1.5 --seq-graph project/file/graph_15_nodes.json --traffic project/file/traffic_15_nodes_random.json --inspection-rate 0.001 --mess-rate 0.002 --algorithm greedy,1.05422499991,0,585,266,666,170,0,579,885,171,0,153,528,0,0,358,435,616,175,0,672,0,0,161,342,811,439,159,0,132,0,0,603,0,859,589,0,1141,1385,1286,723,1125,1145,1147,832
project/sim_ext.py --sim-time 1.5 --seq-graph project/file/graph_15_nodes.json --traffic project/file/traffic_15_nodes_random.json --inspection-rate 0.001 --mess-rate 0.002 --algorithm greedy,1.055238000001,0,585,266,667,170,0,579,887,171,0,153,533,0,0,358,437,617,175,0,672,0,0,161,342,814,439,159,0,133,0,0,603,0,860,590,0,1146,1395,1290,723,1130,1145,1147,833
project/sim_ext.py --sim-time 1.5 --seq-graph project/file/graph_15_nodes.json --traffic project/file/traffic_15_nodes_random.json --inspection-rate 0.001 --mess-rate 0.002 --algorithm greedy,1.056502399997,0,589,266,668,171,0,579,888,171,0,153,536,0,0,359,438,617,175,0,676,0,0,161,342,816,439,159,0,133,0,0,603,0,861,590,0,1148,1398,1293,723,1137,1150,1148,834
project/sim_ext.py --sim-time 1.5 --seq-graph project/file/graph_15_nodes.json --traffic project/file/traffic_15_nodes_random.json --inspection-rate 0.001 --mess-rate 0.002 --algorithm greedy,1.057556199997,0,591,267,672,171,0,581,889,172,0,155,540,0,0,359,439,618,175,0,677,0,0,163,342,819,441,159,0,133,0,0,604,0,865,593,0,1154,1400,1306,723,1137,1152,1152,834
project/sim_ext.py --sim-time 1.5 --seq-graph project/file/graph_15_nodes.json --traffic project/file/traffic_15_nodes_random.json --inspection-rate 0.001 --mess-rate 0.002 --algorithm greedy,1.058558000001,0,591,268,673,171,0,583,889,172,0,155,540,0,0,359,439,620,175,0,678,0,0,163,342,819,441,160,0,133,0,0,605,0,867,593,0,1156,1406,1308,723,1137,1155,1153,834
project/sim_ext.py --sim-time 1.5 --seq-graph project/file/graph_15_nodes.json --traffic project/file/traffic_15_nodes_random.json --inspection-rate 0.001 --mess-rate 0.002 --algorithm greedy,1.059698000001,0,592,268,675,171,0,584,889,174,0,155,546,0,0,360,439,620,175,0,678,0,0,166,342,821,444,160,0,135,0,0,608,0,867,595,0,1158,1410,1312,723,1141,1157,1153,834
project/sim_ext.py --sim-time 1.5 --seq-graph project/file/graph_15_nodes.json --traffic project/file/traffic_15_nodes_random.json --inspection-rate 0.001 --mess-rate 0.002 --algorithm greedy,1.0607940000009999,0,592,269,676,171,0,585,889,174,0,155,546,0,0,361,439,621,175,0,679,0,0,166,342,824,444,160,0,135,0,0,608,0,868,595,0,1158,1410,1314,723,1143,1158,1156,837
project/sim_ext.py --sim-time 1.5 --seq-graph project/file/graph_15_nodes.json --traffic project/file/traffic_15_nodes_random.json --inspection-rate 0.001 --mess-rate 0.002 --algorithm greedy,1.061844999913,0,593,270,677,171,0,587,893,174,0,156,546,0,0,361,439,622,175,0,680,0,0,166,342,824,444,160,0,135,0,0,609,0,870,598,0,1158,1410,1314,723,1144,1164,1157,837
project/sim_ext.py --sim-time 1.5 --seq-graph project/file/graph_15_nodes.json --traffic project/file/traffic_15_nodes_random.json --inspection-rate 0.001 --mess-rate 0.002 --algorithm greedy,1.0629299999969999,0,594,270,678,172,0,588,893,174,0,156,546,0,0,361,439,622,175,0,680,0,0,169,342,824,444,160,0,135,0,0,609,0,870,599,0,1158,1410,1314,723,1144,1167,1159,837
project/sim_ext.py --sim-time 1.5 --seq-graph project/file/graph_15_nodes.json --traffic project/file/traffic_15_nodes_random.json --inspection-rate 0.001 --mess-rate 0.002 --algorithm greedy,1.064009599997,0,594,270,678,172,0,588,896,174,0,157,546,0,0,361,441,623,177,0,680,0,0,169,343,825,446,164,0,135,0,0,609,0,870,605,0,1162,1410,1314,729,1146,1169,1160,838
project/sim_ext.py --sim-time 1.5 --seq-graph project/file/graph_15_nodes.json --traffic project/file/traffic_15_nodes_random.json --inspection-rate 0.001 --mess-rate 0.002 --algorithm greedy,1.065062000001,0,594,272,679,172,0,588,902,174,0,157,546,0,0,363,441,623,181,0,683,0,0,170,345,825,446,164,0,135,0,0,610,0,871,605,0,1165,1410,1314,742,1146,1171,1166,845
project/sim_ext.py --sim-time 1.5 --seq-graph project/file/graph_15_nodes.json --traffic project/file/traffic_15_nodes_random.json --inspection-rate 0.001 --mess-rate 0.002 --algorithm greedy,1.066198000001,0,594,272,679,172,0,589,903,174,0,157,546,0,0,364,441,624,181,0,683,0,0,170,345,825,446,164,0,135,0,0,610,0,872,605,0,1165,1410,1314,743,1148,1171,1166,845
project/sim_ext.py --sim-time 1.5 --seq-graph project/file/graph_15_nodes.json --traffic project/file/traffic_15_nodes_random.json --inspection-rate 0.001 --mess-rate 0.002 --algorithm greedy,1.0674296919922857,0,594,272,679,172,0,589,904,174,0,157,546,0,0,364,443,624,181,0,683,0,0,170,346,825,448,164,0,135,0,0,610,0,872,607,0,1166,1410,1314,746,1148,1171,1166,845
project/sim_ext.py --sim-time 1.5 --seq-graph project/file/graph_15_nodes.json --traffic project/file/traffic_15_nodes_random.json --inspection-rate 0.001 --mess-rate 0.002 --algorithm greedy,1.068515000001,0,595,273,679,172,0,589,904,174,0,157,546,0,0,365,445,624,181,0,683,0,0,170,346,825,449,164,0,135,0,0,610,0,872,608,0,1166,1410,1314,748,1148,1171,1166,845
project/sim_ext.py --sim-time 1.5 --seq-graph project/file/graph_15_nodes.json --traffic project/file/traffic_15_nodes_random.json --inspection-rate 0.001 --mess-rate 0.002 --algorithm greedy,1.0696503980330503,0,595,273,679,172,0,590,906,174,0,157,546,0,0,365,448,624,181,0,686,0,0,170,347,825,449,164,0,135,0,0,610,0,873,608,0,1166,1410,1314,757,1149,1171,1166,845
project/sim_ext.py --sim-time 1.5 --seq-graph project/file/graph_15_nodes.json --traffic project/file/traffic_15_nodes_random.json --inspection-rate 0.001 --mess-rate 0.002 --algorithm greedy,1.07073040995698,0,595,274,679,172,0,590,911,174,0,157,546,0,0,366,448,624,181,0,686,0,0,170,347,825,449,164,0,135,0,0,611,0,873,612,0,1166,1410,1314,757,1149,1171,1166,845
project/sim_ext.py --sim-time 1.5 --seq-graph project/file/graph_15_nodes.json --traffic project/file/traffic_15_nodes_random.json --inspection-rate 0.001 --mess-rate 0.002 --algorithm greedy,1.071786000001,0,595,274,679,172,0,590,912,174,0,157,546,0,0,366,448,624,181,0,686,0,0,170,347,825,449,164,0,135,0,0,612,0,873,612,0,1166,1410,1314,757,1149,1171,1166,845
project/sim_ext.py --sim-time 1.5 --seq-graph project/file/graph_15_nodes.json --traffic project/file/traffic_15_nodes_random.json --inspection-rate 0.001 --mess-rate 0.002 --algorithm greedy,1.072855000001,0,600,274,679,172,0,590,912,174,0,157,546,0,0,367,448,624,181,0,686,0,0,170,348,825,450,164,0,135,0,0,613,0,873,613,0,1166,1410,1314,760,1149,1171,1166,845
project/sim_ext.py --sim-time 1.5 --seq-graph project/file/graph_15_nodes.json --traffic project/file/traffic_15_nodes_random.json --inspection-rate 0.001 --mess-rate 0.002 --algorithm greedy,1.073864000001,0,600,274,679,172,0,590,914,174,0,157,546,0,0,367,448,624,181,0,686,0,0,170,348,825,450,164,0,135,0,0,614,0,873,613,0,1166,1410,1314,760,1149,1171,1166,845
project/sim_ext.py --sim-time 1.5 --seq-graph project/file/graph_15_nodes.json --traffic project/file/traffic_15_nodes_random.json --inspection-rate 0.001 --mess-rate 0.002 --algorithm greedy,1.074932000001,0,600,274,679,172,0,590,916,174,0,157,546,0,0,367,448,624,181,0,686,0,0,170,348,825,451,164,0,135,0,0,615,0,873,613,0,1166,1410,1314,760,1149,1171,1166,845
project/sim_ext.py --sim-time 1.5 --seq-graph project/file/graph_15_nodes.json --traffic project/file/traffic_15_nodes_random.json --inspection-rate 0.001 --mess-rate 0.002 --algorithm greedy,1.075985000001,0,600,274,679,172,0,590,921,174,0,157,546,0,0,367,448,624,181,0,686,0,0,170,348,825,451,164,0,135,0,0,615,0,873,613,0,1166,1410,1314,760,1149,1171,1166,845
project/sim_ext.py --sim-time 1.5 --seq-graph project/file/graph_15_nodes.json --traffic project/file/traffic_15_nodes_random.json --inspection-rate 0.001 --mess-rate 0.002 --algorithm greedy,1.077009000001,0,601,274,679,172,0,590,922,174,0,157,546,0,0,367,449,624,181,0,686,0,0,170,348,825,451,164,0,135,0,0,616,0,873,614,0,1166,1410,1314,760,1149,1171,1166,845
project/sim_ext.py --sim-time 1.5 --seq-graph project/file/graph_15_nodes.json --traffic project/file/traffic_15_nodes_random.json --inspection-rate 0.001 --mess-rate 0.002 --algorithm greedy,1.0783042310790216,0,601,274,679,172,0,590,923,174,0,157,546,0,0,367,449,624,181,0,686,0,0,170,348,825,451,164,0,135,0,0,616,0,873,614,0,1166,1410,1314,760,1149,1171,1166,845
project/sim_ext.py --sim-time 1.5 --seq-graph project/file/graph_15_nodes.json --traffic project/file/traffic_15_nodes_random.json --inspection-rate 0.001 --mess-rate 0.002 --algorithm greedy,1.079316199997,0,604,274,679,172,0,590,927,174,0,157,546,0,0,367,450,624,181,0,686,0,0,170,349,825,451,164,0,135,0,0,616,0,873,614,0,1166,1410,1314,760,1149,1171,1166,845
project/sim_ext.py --sim-time 1.5 --seq-graph project/file/graph_15_nodes.json --traffic project/file/traffic_15_nodes_random.json --inspection-rate 0.001 --mess-rate 0.002 --algorithm greedy,1.080382000001,0,604,274,679,172,0,590,927,174,0,157,546,0,0,367,450,624,181,0,686,0,0,170,349,825,451,164,0,135,0,0,616,0,873,614,0,1166,1410,1314,760,1149,1171,1166,845
project/sim_ext.py --sim-time 1.5 --seq-graph project/file/graph_15_nodes.json --traffic project/file/traffic_15_nodes_random.json --inspection-rate 0.001 --mess-rate 0.002 --algorithm greedy,1.081433000001,0,605,274,679,172,0,590,929,174,0,157,546,0,0,367,452,624,181,0,686,0,0,170,350,825,451,164,0,135,0,0,616,0,873,614,0,1166,1410,1314,760,1149,1171,1166,845
project/sim_ext.py --sim-time 1.5 --seq-graph project/file/graph_15_nodes.json --traffic project/file/traffic_15_nodes_random.json --inspection-rate 0.001 --mess-rate 0.002 --algorithm greedy,1.082752999997,0,605,274,679,172,0,590,929,174,0,157,546,0,0,367,454,624,181,0,686,0,0,170,350,825,451,164,0,135,0,0,616,0,873,614,0,1166,1410,1314,760,1149,1171,1166,845
project/sim_ext.py --sim-time 1.5 --seq-graph project/file/graph_15_nodes.json --traffic project/file/traffic_15_nodes_random.json --inspection-rate 0.001 --mess-rate 0.002 --algorithm greedy,1.083997000001,0,606,274,679,172,0,590,929,174,0,157,546,0,0,367,455,624,181,0,686,0,0,170,350,825,451,164,0,135,0,0,616,0,873,614,0,1166,1410,1314,760,1149,1171,1166,845
project/sim_ext.py --sim-time 1.5 --seq-graph project/file/graph_15_nodes.json --traffic project/file/traffic_15_nodes_random.json --inspection-rate 0.001 --mess-rate 0.002 --algorithm greedy,1.085214999913,0,606,274,679,172,0,590,929,174,0,157,546,0,0,367,458,624,181,0,686,0,0,170,350,825,451,164,0,135,0,0,616,0,873,614,0,1166,1420,1314,760,1149,1171,1166,845
project/sim_ext.py --sim-time 1.5 --seq-graph project/file/graph_15_nodes.json --traffic project/file/traffic_15_nodes_random.json --inspection-rate 0.001 --mess-rate 0.002 --algorithm greedy,1.086234000001,0,606,274,679,172,0,590,929,174,0,157,546,0,0,367,458,624,181,0,686,0,0,170,350,825,451,164,0,135,0,0,616,0,873,614,0,1166,1420,1314,760,1149,1171,1166,845
project/sim_ext.py --sim-time 1.5 --seq-graph project/file/graph_15_nodes.json --traffic project/file/traffic_15_nodes_random.json --inspection-rate 0.001 --mess-rate 0.002 --algorithm greedy,1.087311000001,0,606,274,679,172,0,590,929,174,0,157,546,0,0,367,458,624,181,0,686,0,0,170,350,825,451,164,0,135,0,0,616,0,873,614,0,1166,1420,1314,760,1149,1171,1166,845
project/sim_ext.py --sim-time 1.5 --seq-graph project/file/graph_15_nodes.json --traffic project/file/traffic_15_nodes_random.json --inspection-rate 0.001 --mess-rate 0.002 --algorithm greedy,1.088358000001,0,606,274,679,172,0,590,929,174,0,157,546,0,0,367,458,624,181,0,686,0,0,170,350,825,451,164,0,135,0,0,616,0,873,614,0,1166,1420,1314,760,1149,1171,1166,845
project/sim_ext.py --sim-time 1.5 --seq-graph project/file/graph_15_nodes.json --traffic project/file/traffic_15_nodes_random.json --inspection-rate 0.001 --mess-rate 0.002 --algorithm greedy,1.089390000001,0,606,274,679,172,0,590,929,174,0,157,546,0,0,367,458,624,181,0,686,0,0,170,350,825,451,164,0,135,0,0,616,0,873,614,0,1166,1421,1314,760,1149,1171,1166,845
project/sim_ext.py --sim-time 1.5 --seq-graph project/file/graph_15_nodes.json --traffic project/file/traffic_15_nodes_random.json --inspection-rate 0.001 --mess-rate 0.002 --algorithm greedy,1.0904986953413054,0,606,274,679,172,0,590,929,174,0,157,546,0,0,367,458,624,181,0,686,0,0,170,350,825,451,164,0,135,0,0,616,0,873,614,0,1166,1421,1314,760,1149,1171,1166,845
project/sim_ext.py --sim-time 1.5 --seq-graph project/file/graph_15_nodes.json --traffic project/file/traffic_15_nodes_random.json --inspection-rate 0.001 --mess-rate 0.002 --algorithm greedy,1.091585000001,0,606,274,679,172,0,590,929,174,0,157,546,0,0,367,458,624,181,0,686,0,0,170,350,825,451,164,0,135,0,0,616,0,873,614,0,1166,1421,1314,760,1149,1171,1166,845
project/sim_ext.py --sim-time 1.5 --seq-graph project/file/graph_15_nodes.json --traffic project/file/traffic_15_nodes_random.json --inspection-rate 0.001 --mess-rate 0.002 --algorithm greedy,1.092624000001,0,606,274,679,172,0,590,929,174,0,157,546,0,0,367,459,624,181,0,686,0,0,170,350,825,451,164,0,135,0,0,616,0,873,614,0,1166,1422,1314,760,1149,1171,1166,845
project/sim_ext.py --sim-time 1.5 --seq-graph project/file/graph_15_nodes.json --traffic project/file/traffic_15_nodes_random.json --inspection-rate 0.001 --mess-rate 0.002 --algorithm greedy,1.093737000001,0,606,274,679,172,0,590,929,174,0,157,546,0,0,367,459,624,181,0,686,0,0,170,350,825,451,164,0,135,0,0,616,0,873,614,0,1166,1422,1314,760,1149,1171,1166,845
project/sim_ext.py --sim-time 1.5 --seq-graph project/file/graph_15_nodes.json --traffic project/file/traffic_15_nodes_random.json --inspection-rate 0.001 --mess-rate 0.002 --algorithm greedy,1.0948169999969999,0,614,274,684,172,0,595,929,174,0,157,548,0,0,368,459,628,181,0,690,0,0,170,351,831,452,165,0,135,0,0,618,0,879,618,0,1172,1432,1320,760,1155,1177,1172,851
project/sim_ext.py --sim-time 1.5 --seq-graph project/file/graph_15_nodes.json --traffic project/file/traffic_15_nodes_random.json --inspection-rate 0.001 --mess-rate 0.002 --algorithm greedy,1.095865000001,0,614,278,697,172,0,600,929,176,0,157,555,0,0,370,459,634,181,0,693,0,0,171,356,842,453,165,0,137,0,0,624,0,886,621,0,1193,1446,1338,760,1174,1193,1186,869
project/sim_ext.py --sim-time 1.5 --seq-graph project/file/graph_15_nodes.json --traffic project/file/traffic_15_nodes_random.json --inspection-rate 0.001 --mess-rate 0.002 --algorithm greedy,1.097018000001,0,614,278,697,172,0,601,938,177,0,158,555,0,0,370,459,634,181,0,698,0,0,171,357,842,453,166,0,138,0,0,625,0,888,622,0,1194,1446,1340,760,1175,1197,1190,869
project/sim_ext.py --sim-time 1.5 --seq-graph project/file/graph_15_nodes.json --traffic project/file/traffic_15_nodes_random.json --inspection-rate 0.001 --mess-rate 0.002 --algorithm greedy,1.098089000001,0,614,278,701,174,0,602,939,177,0,158,556,0,0,371,460,634,181,0,700,0,0,174,359,843,453,167,0,138,0,0,625,0,890,624,0,1198,1446,1344,760,1176,1202,1192,878
project/sim_ext.py --sim-time 1.5 --seq-graph project/file/graph_15_nodes.json --traffic project/file/traffic_15_nodes_random.json --inspection-rate 0.001 --mess-rate 0.002 --algorithm greedy,1.099144000001,0,614,278,701,174,0,606,939,177,0,158,557,0,0,371,460,635,181,0,701,0,0,174,360,843,454,168,0,139,0,0,627,0,891,625,0,1200,1446,1355,760,1180,1204,1193,879
project/sim_ext.py --sim-time 1.5 --seq-graph project/file/graph_15_nodes.json --traffic project/file/traffic_15_nodes_random.json --inspection-rate 0.001 --mess-rate 0.002 --algorithm greedy,1.100163199997,0,614,282,703,174,0,608,939,177,0,159,558,0,0,371,460,637,181,0,701,0,0,174,361,846,454,168,0,140,0,0,627,0,891,625,0,1200,1446,1360,760,1183,1207,1194,879
project/sim_ext.py --sim-time 1.5 --seq-graph project/file/graph_15_nodes.json --traffic project/file/traffic_15_nodes_random.json --inspection-rate 0.001 --mess-rate 0.002 --algorithm greedy,1.101176399997,0,614,282,705,175,0,610,939,177,0,159,560,0,0,371,460,637,181,0,703,0,0,174,361,847,454,169,0,140,0,0,628,0,892,628,0,1207,1446,1362,760,1184,1209,1197,883
project/sim_ext.py --sim-time 1.5 --seq-graph project/file/graph_15_nodes.json --traffic project/file/traffic_15_nodes_random.json --inspection-rate 0.001 --mess-rate 0.002 --algorithm greedy,1.102185000001,0,614,282,705,176,0,610,945,180,0,160,560,0,0,371,460,638,183,0,704,0,0,174,361,848,455,169,0,140,0,0,629,0,894,630,0,1207,1446,1362,760,1187,1210,1198,886
project/sim_ext.py --sim-time 1.5 --seq-graph project/file/graph_15_nodes.json --traffic project/file/traffic_15_nodes_random.json --inspection-rate 0.001 --mess-rate 0.002 --algorithm greedy,1.103308000001,0,614,283,706,176,0,612,946,180,0,160,560,0,0,374,461,639,183,0,704,0,0,175,361,848,455,169,0,140,0,0,631,0,896,630,0,1210,1446,1362,760,1188,1211,1198,886
project/sim_ext.py --sim-time 1.5 --seq-graph project/file/graph_15_nodes.json --traffic project/file/traffic_15_nodes_random.json --inspection-rate 0.001 --mess-rate 0.002 --algorithm greedy,1.104424999906,0,614,284,707,176,0,612,948,180,0,162,560,0,0,374,462,640,183,0,704,0,0,175,361,848,455,170,0,140,0,0,631,0,897,630,0,1210,1446,1362,760,1189,1211,1205,886
project/sim_ext.py --sim-time 1.5 --seq-graph project/file/graph_15_nodes.json --traffic project/file/traffic_15_nodes_random.json --inspection-rate 0.001 --mess-rate 0.002 --algorithm greedy,1.105658599997,0,614,284,707,176,0,612,948,180,0,162,560,0,0,375,462,640,183,0,705,0,0,175,361,849,458,170,0,140,0,0,632,0,897,634,0,1210,1446,1362,772,1189,1211,1205,886
project/sim_ext.py --sim-time 1.5 --seq-graph project/file/graph_15_nodes.json --traffic project/file/traffic_15_nodes_random.json --inspection-rate 0.001 --mess-rate 0.002 --algorithm greedy,1.106731000001,0,615,284,707,176,0,613,949,180,0,162,560,0,0,376,462,640,183,0,706,0,0,175,361,849,458,170,0,140,0,0,632,0,898,634,0,1210,1446,1362,773,1189,1211,1206,886
project/sim_ext.py --sim-time 1.5 --seq-graph project/file/graph_15_nodes.json --traffic project/file/traffic_15_nodes_random.json --inspection-rate 0.001 --mess-rate 0.002 --algorithm greedy,1.108066000001,0,619,284,707,176,0,613,950,180,0,162,560,0,0,378,464,642,183,0,708,0,0,175,361,849,459,170,0,140,0,0,632,0,900,635,0,1210,1446,1362,776,1189,1211,1206,886
project/sim_ext.py --sim-time 1.5 --seq-graph project/file/graph_15_nodes.json --traffic project/file/traffic_15_nodes_random.json --inspection-rate 0.001 --mess-rate 0.002 --algorithm greedy,1.1091590000009999,0,620,284,707,176,0,613,950,180,0,162,560,0,0,378,465,642,183,0,708,0,0,175,361,849,460,170,0,140,0,0,632,0,900,637,0,1210,1446,1362,780,1189,1211,1206,886
project/sim_ext.py --sim-time 1.5 --seq-graph project/file/graph_15_nodes.json --traffic project/file/traffic_15_nodes_random.json --inspection-rate 0.001 --mess-rate 0.002 --algorithm greedy,1.110290000001,0,621,284,707,176,0,615,950,180,0,162,560,0,0,378,465,642,183,0,708,0,0,175,361,849,460,170,0,140,0,0,632,0,900,637,0,1210,1446,1362,782,1189,1211,1206,886
project/sim_ext.py --sim-time 1.5 --seq-graph project/file/graph_15_nodes.json --traffic project/file/traffic_15_nodes_random.json --inspection-rate 0.001 --mess-rate 0.002 --algorithm greedy,1.1113525787206706,0,621,284,708,176,0,615,951,180,0,162,560,0,0,378,465,642,183,0,709,0,0,175,361,849,460,170,0,140,0,0,634,0,900,638,0,1210,1446,1362,784,1189,1211,1206,886
project/sim_ext.py --sim-time 1.5 --seq-graph project/file/graph_15_nodes.json --traffic project/file/traffic_15_nodes_random.json --inspection-rate 0.001 --mess-rate 0.002 --algorithm greedy,1.112447000001,0,622,284,708,176,0,615,951,180,0,162,560,0,0,378,465,642,183,0,709,0,0,175,361,849,460,170,0,140,0,0,634,0,900,638,0,1210,1446,1362,784,1189,1211,1206,886
project/sim_ext.py --sim-time 1.5 --seq-graph project/file/graph_15_nodes.json --traffic project/file/traffic_15_nodes_random.json --inspection-rate 0.001 --mess-rate 0.002 --algorithm greedy,1.113536000001,0,622,286,708,176,0,615,953,180,0,162,560,0,0,382,465,642,183,0,709,0,0,175,361,849,460,170,0,140,0,0,634,0,900,638,0,1210,1446,1362,789,1189,1211,1206,886
project/sim_ext.py --sim-time 1.5 --seq-graph project/file/graph_15_nodes.json --traffic project/file/traffic_15_nodes_random.json --inspection-rate 0.001 --mess-rate 0.002 --algorithm greedy,1.114647000001,0,624,286,708,176,0,615,954,180,0,162,560,0,0,382,467,642,183,0,709,0,0,175,361,849,460,170,0,140,0,0,634,0,900,638,0,1210,1446,1362,789,1189,1211,1206,886
project/sim_ext.py --sim-time 1.5 --seq-graph project/file/graph_15_nodes.json --traffic project/file/traffic_15_nodes_random.json --inspection-rate 0.001 --mess-rate 0.002 --algorithm greedy,1.1156479795301182,0,624,286,708,176,0,615,954,180,0,162,560,0,0,382,467,642,183,0,709,0,0,175,361,849,460,170,0,140,0,0,634,0,900,638,0,1210,1446,1362,789,1189,1211,1206,886
project/sim_ext.py --sim-time 1.5 --seq-graph project/file/graph_15_nodes.json --traffic project/file/traffic_15_nodes_random.json --inspection-rate 0.001 --mess-rate 0.002 --algorithm greedy,1.116750000001,0,624,286,708,176,0,615,954,180,0,162,560,0,0,382,468,642,183,0,709,0,0,175,361,849,460,170,0,140,0,0,634,0,900,638,0,1210,1446,1362,789,1189,1211,1206,886
project/sim_ext.py --sim-time 1.5 --seq-graph project/file/graph_15_nodes.json --traffic project/file/traffic_15_nodes_random.json --inspection-rate 0.001 --mess-rate 0.002 --algorithm greedy,1.117752227921194,0,625,286,708,176,0,615,954,180,0,162,560,0,0,382,468,642,183,0,709,0,0,175,361,849,460,170,0,140,0,0,634,0,900,638,0,1210,1446,1362,789,1189,1211,1206,886
project/sim_ext.py --sim-time 1.5 --seq-graph project/file/graph_15_nodes.json --traffic project/file/traffic_15_nodes_random.json --inspection-rate 0.001 --mess-rate 0.002 --algorithm greedy,1.1187650000009999,0,625,286,708,176,0,615,954,180,0,162,560,0,0,382,468,642,183,0,709,0,0,175,361,849,460,170,0,140,0,0,634,0,900,638,0,1210,1446,1362,789,1189,1211,1206,886
project/sim_ext.py --sim-time 1.5 --seq-graph project/file/graph_15_nodes.json --traffic project/file/traffic_15_nodes_random.json --inspection-rate 0.001 --mess-rate 0.002 --algorithm greedy,1.11980499991,0,625,286,708,176,0,616,954,180,0,162,560,0,0,382,470,642,183,0,709,0,0,175,361,849,460,170,0,140,0,0,634,0,900,638,0,1210,1446,1362,789,1189,1211,1206,886
project/sim_ext.py --sim-time 1.5 --seq-graph project/file/graph_15_nodes.json --traffic project/file/traffic_15_nodes_random.json --inspection-rate 0.001 --mess-rate 0.002 --algorithm greedy,1.120921000001,0,626,286,708,176,0,616,954,180,0,162,560,0,0,382,471,642,183,0,709,0,0,175,361,849,460,170,0,140,0,0,634,0,900,638,0,1210,1446,1362,789,1189,1211,1206,886
project/sim_ext.py --sim-time 1.5 --seq-graph project/file/graph_15_nodes.json --traffic project/file/traffic_15_nodes_random.json --inspection-rate 0.001 --mess-rate 0.002 --algorithm greedy,1.121968000001,0,628,286,708,176,0,616,954,180,0,162,560,0,0,382,472,642,183,0,709,0,0,175,361,849,460,170,0,140,0,0,634,0,900,638,0,1210,1446,1362,789,1189,1211,1206,886
project/sim_ext.py --sim-time 1.5 --seq-graph project/file/graph_15_nodes.json --traffic project/file/traffic_15_nodes_random.json --inspection-rate 0.001 --mess-rate 0.002 --algorithm greedy,1.1231722726786841,0,628,286,708,176,0,616,954,180,0,162,560,0,0,382,473,642,183,0,709,0,0,175,361,849,460,170,0,140,0,0,634,0,900,638,0,1210,1446,1362,789,1189,1211,1206,886
project/sim_ext.py --sim-time 1.5 --seq-graph project/file/graph_15_nodes.json --traffic project/file/traffic_15_nodes_random.json --inspection-rate 0.001 --mess-rate 0.002 --algorithm greedy,1.1242360000009999,0,628,286,708,176,0,616,954,180,0,162,560,0,0,382,473,642,183,0,709,0,0,175,361,849,460,170,0,140,0,0,634,0,900,638,0,1210,1446,1362,789,1189,1211,1206,886
project/sim_ext.py --sim-time 1.5 --seq-graph project/file/graph_15_nodes.json --traffic project/file/traffic_15_nodes_random.json --inspection-rate 0.001 --mess-rate 0.002 --algorithm greedy,1.125314999896,0,628,286,708,176,0,616,954,180,0,162,560,0,0,382,473,642,183,0,709,0,0,175,361,849,460,170,0,140,0,0,634,0,900,638,0,1210,1446,1362,789,1189,1211,1206,886
project/sim_ext.py --sim-time 1.5 --seq-graph project/file/graph_15_nodes.json --traffic project/file/traffic_15_nodes_random.json --inspection-rate 0.001 --mess-rate 0.002 --algorithm greedy,1.126340000001,0,631,291,716,178,0,622,965,182,0,163,572,0,0,387,473,654,183,0,712,0,0,180,371,865,468,171,0,142,0,0,638,0,914,644,0,1226,1475,1387,801,1214,1235,1231,909
project/sim_ext.py --sim-time 1.5 --seq-graph project/file/graph_15_nodes.json --traffic project/file/traffic_15_nodes_random.json --inspection-rate 0.001 --mess-rate 0.002 --algorithm greedy,1.127365000001,0,634,292,716,178,0,626,965,182,0,163,572,0,0,390,473,654,183,0,712,0,0,180,373,867,468,171,0,142,0,0,639,0,915,644,0,1226,1479,1389,801,1216,1236,1232,909
project/sim_ext.py --sim-time 1.5 --seq-graph project/file/graph_15_nodes.json --traffic project/file/traffic_15_nodes_random.json --inspection-rate 0.001 --mess-rate 0.002 --algorithm greedy,1.128537000001,0,635,292,722,182,0,626,968,182,0,166,573,0,0,391,473,655,183,0,713,0,0,181,373,869,471,171,0,142,0,0,640,0,919,646,0,1230,1489,1393,801,1220,1237,1239,910
project/sim_ext.py --sim-time 1.5 --seq-graph project/file/graph_15_nodes.json --traffic project/file/traffic_15_nodes_random.json --inspection-rate 0.001 --mess-rate 0.002 --algorithm greedy,1.129539199997,0,637,292,724,182,0,627,968,183,0,166,574,0,0,392,473,655,183,0,716,0,0,182,375,873,471,172,0,143,0,0,640,0,920,646,0,1234,1491,1406,801,1223,1240,1242,913
project/sim_ext.py --sim-time 1.5 --seq-graph project/file/graph_15_nodes.json --traffic project/file/traffic_15_nodes_random.json --inspection-rate 0.001 --mess-rate 0.002 --algorithm greedy,1.130554599997,0,637,292,726,183,0,627,969,183,0,166,577,0,0,395,473,656,183,0,716,0,0,183,375,874,471,172,0,144,0,0,640,0,920,649,0,1239,1492,1408,801,1224,1241,1248,914
project/sim_ext.py --sim-time 1.5 --seq-graph project/file/graph_15_nodes.json --traffic project/file/traffic_15_nodes_random.json --inspection-rate 0.001 --mess-rate 0.002 --algorithm greedy,1.131557000001,0,637,294,728,183,0,629,969,183,0,166,578,0,0,395,473,657,185,0,717,0,0,183,376,875,471,172,0,144,0,0,641,0,922,650,0,1243,1492,1410,801,1228,1246,1251,914
project/sim_ext.py --sim-time 1.5 --seq-graph project/file/graph_15_nodes.json --traffic project/file/traffic_15_nodes_random.json --inspection-rate 0.001 --mess-rate 0.002 --algorithm greedy,1.132655000001,0,637,294,730,183,0,630,970,183,0,166,578,0,0,395,474,657,185,0,718,0,0,183,376,876,472,173,0,144,0,0,641,0,923,650,0,1244,1492,1410,801,1231,1247,1251,916
project/sim_ext.py --sim-time 1.5 --seq-graph project/file/graph_15_nodes.json --traffic project/file/traffic_15_nodes_random.json --inspection-rate 0.001 --mess-rate 0.002 --algorithm greedy,1.133884999906,0,638,296,730,185,0,630,970,187,0,166,578,0,0,396,475,659,185,0,719,0,0,183,377,879,472,173,0,144,0,0,643,0,924,652,0,1251,1492,1411,801,1232,1248,1251,920
project/sim_ext.py --sim-time 1.5 --seq-graph project/file/graph_15_nodes.json --traffic project/file/traffic_15_nodes_random.json --inspection-rate 0.001 --mess-rate 0.002 --algorithm greedy,1.135009000001,0,638,299,730,185,0,632,974,187,0,166,578,0,0,396,477,659,185,0,719,0,0,183,378,880,473,173,0,144,0,0,643,0,924,653,0,1252,1492,1411,811,1232,1248,1251,920
project/sim_ext.py --sim-time 1.5 --seq-graph project/file/graph_15_nodes.json --traffic project/file/traffic_15_nodes_random.json --inspection-rate 0.001 --mess-rate 0.002 --algorithm greedy,1.136269000001,0,638,302,732,185,0,632,974,187,0,166,578,0,0,396,477,659,185,0,719,0,0,183,378,880,473,174,0,144,0,0,643,0,924,653,0,1253,1492,1411,811,1232,1251,1251,921
project/sim_ext.py --sim-time 1.5 --seq-graph project/file/graph_15_nodes.json --traffic project/file/traffic_15_nodes_random.json --inspection-rate 0.001 --mess-rate 0.002 --algorithm greedy,1.137425000001,0,640,302,732,185,0,632,974,187,0,166,578,0,0,396,477,659,185,0,719,0,0,183,378,880,473,174,0,144,0,0,643,0,924,653,0,1253,1492,1411,811,1232,1251,1251,921
project/sim_ext.py --sim-time 1.5 --seq-graph project/file/graph_15_nodes.json --traffic project/file/traffic_15_nodes_random.json --inspection-rate 0.001 --mess-rate 0.002 --algorithm greedy,1.138451000001,0,642,302,732,185,0,633,974,187,0,166,578,0,0,396,477,661,185,0,719,0,0,183,378,880,473,174,0,144,0,0,643,0,924,653,0,1253,1492,1411,811,1232,1251,1251,921
project/sim_ext.py --sim-time 1.5 --seq-graph project/file/graph_15_nodes.json --traffic project/file/traffic_15_nodes_random.json --inspection-rate 0.001 --mess-rate 0.002 --algorithm greedy,1.139479000001,0,643,302,732,185,0,633,974,187,0,166,578,0,0,396,477,661,185,0,719,0,0,183,378,880,473,174,0,144,0,0,643,0,924,653,0,1253,1492,1411,811,1232,1251,1251,921
project/sim_ext.py --sim-time 1.5 --seq-graph project/file/graph_15_nodes.json --traffic project/file/traffic_15_nodes_random.json --inspection-rate 0.001 --mess-rate 0.002 --algorithm greedy,1.140638000001,0,643,302,732,185,0,633,974,187,0,166,578,0,0,396,477,661,185,0,719,0,0,183,378,880,473,174,0,144,0,0,643,0,924,653,0,1253,1492,1411,812,1232,1251,1251,921
project/sim_ext.py --sim-time 1.5 --seq-graph project/file/graph_15_nodes.json --traffic project/file/traffic_15_nodes_random.json --inspection-rate 0.001 --mess-rate 0.002 --algorithm greedy,1.141676000001,0,643,302,732,185,0,633,974,187,0,166,578,0,0,396,477,661,185,0,719,0,0,183,378,880,473,174,0,144,0,0,643,0,924,658,0,1253,1492,1411,812,1232,1251,1251,921
project/sim_ext.py --sim-time 1.5 --seq-graph project/file/graph_15_nodes.json --traffic project/file/traffic_15_nodes_random.json --inspection-rate 0.001 --mess-rate 0.002 --algorithm greedy,1.142705799997,0,643,302,732,185,0,634,983,187,0,166,578,0,0,396,483,661,185,0,725,0,0,183,378,880,474,174,0,144,0,0,643,0,927,659,0,1253,1492,1411,817,1232,1251,1251,921
project/sim_ext.py --sim-time 1.5 --seq-graph project/file/graph_15_nodes.json --traffic project/file/traffic_15_nodes_random.json --inspection-rate 0.001 --mess-rate 0.002 --algorithm greedy,1.1437100000009999,0,645,302,732,185,0,635,983,187,0,166,578,0,0,396,484,661,185,0,726,0,0,183,378,880,474,174,0,144,0,0,647,0,928,659,0,1253,1492,1411,819,1232,1251,1251,921
project/sim_ext.py --sim-time 1.5 --seq-graph project/file/graph_15_nodes.json --traffic project/file/traffic_15_nodes_random.json --inspection-rate 0.001 --mess-rate 0.002 --algorithm greedy,1.144798000001,0,645,302,732,185,0,635,983,187,0,166,578,0,0,396,484,661,185,0,726,0,0,183,378,880,474,174,0,144,0,0,647,0,928,659,0,1253,1492,1411,820,1232,1251,1251,921
project/sim_ext.py --sim-time 1.5 --seq-graph project/file/graph_15_nodes.json --traffic project/file/traffic_15_nodes_random.json --inspection-rate 0.001 --mess-rate 0.002 --algorithm greedy,1.1458306577409052,0,645,302,732,185,0,636,984,187,0,166,578,0,0,396,484,661,185,0,726,0,0,183,378,880,475,174,0,144,0,0,647,0,929,662,0,1253,1492,1411,821,1232,1251,1251,921
project/sim_ext.py --sim-time 1.5 --seq-graph project/file/graph_15_nodes.json --traffic project/file/traffic_15_nodes_random.json --inspection-rate 0.001 --mess-rate 0.002 --algorithm greedy,1.146863999997,0,646,302,732,185,0,636,985,187,0,166,578,0,0,396,488,661,185,0,726,0,0,183,378,880,475,174,0,144,0,0,648,0,929,664,0,1253,1492,1411,822,1232,1251,1251,921
project/sim_ext.py --sim-time 1.5 --seq-graph project/file/graph_15_nodes.json --traffic project/file/traffic_15_nodes_random.json --inspection-rate 0.001 --mess-rate 0.002 --algorithm greedy,1.147921000001,0,647,302,732,185,0,636,985,187,0,166,578,0,0,396,488,661,185,0,726,0,0,183,378,880,475,174,0,144,0,0,650,0,929,664,0,1253,1492,1411,822,1232,1251,1251,921
project/sim_ext.py --sim-time 1.5 --seq-graph project/file/graph_15_nodes.json --traffic project/file/traffic_15_nodes_random.json --inspection-rate 0.001 --mess-rate 0.002 --algorithm greedy,1.1490650000009999,0,648,302,732,185,0,636,985,187,0,166,578,0,0,396,489,661,185,0,726,0,0,183,378,880,477,174,0,144,0,0,650,0,929,664,0,1253,1492,1411,822,1232,1251,1251,921
project/sim_ext.py --sim-time 1.5 --seq-graph project/file/graph_15_nodes.json --traffic project/file/traffic_15_nodes_random.json --inspection-rate 0.001 --mess-rate 0.002 --algorithm greedy,1.150151000001,0,648,302,732,185,0,636,985,187,0,166,578,0,0,396,489,661,185,0,726,0,0,183,378,880,477,174,0,144,0,0,650,0,929,664,0,1253,1492,1411,822,1232,1251,1251,921
project/sim_ext.py --sim-time 1.5 --seq-graph project/file/graph_15_nodes.json --traffic project/file/traffic_15_nodes_random.json --inspection-rate 0.001 --mess-rate 0.002 --algorithm greedy,1.151165000001,0,650,302,732,185,0,637,985,187,0,166,578,0,0,396,489,661,185,0,726,0,0,183,378,880,477,174,0,144,0,0,650,0,929,664,0,1253,1492,1411,822,1232,1251,1251,921
project/sim_ext.py --sim-time 1.5 --seq-graph project/file/graph_15_nodes.json --traffic project/file/traffic_15_nodes_random.json --inspection-rate 0.001 --mess-rate 0.002 --algorithm greedy,1.152444000001,0,651,302,732,185,0,637,985,187,0,166,578,0,0,396,489,661,185,0,729,0,0,183,378,880,478,174,0,144,0,0,651,0,930,665,0,1253,1492,1411,823,1232,1251,1251,921
project/sim_ext.py --sim-time 1.5 --seq-graph project/file/graph_15_nodes.json --traffic project/file/traffic_15_nodes_random.json --inspection-rate 0.001 --mess-rate 0.002 --algorithm greedy,1.153534999906,0,651,302,732,185,0,637,988,187,0,166,578,0,0,396,489,661,185,0,729,0,0,183,378,880,478,174,0,144,0,0,651,0,930,665,0,1253,1492,1411,823,1232,1251,1251,921
project/sim_ext.py --sim-time 1.5 --seq-graph project/file/graph_15_nodes.json --traffic project/file/traffic_15_nodes_random.json --inspection-rate 0.001 --mess-rate 0.002 --algorithm greedy,1.1548628474404863,0,651,302,732,185,0,637,988,187,0,166,578,0,0,396,489,661,185,0,729,0,0,183,378,880,478,174,0,144,0,0,651,0,930,665,0,1253,1492,1411,823,1232,1251,1251,921
project/sim_ext.py --sim-time 1.5 --seq-graph project/file/graph_15_nodes.json --traffic project/file/traffic_15_nodes_random.json --inspection-rate 0.001 --mess-rate 0.002 --algorithm greedy,1.155905000001,0,652,302,732,185,0,637,988,187,0,166,578,0,0,396,489,661,185,0,729,0,0,183,378,880,478,174,0,144,0,0,651,0,930,665,0,1253,1492,1411,823,1232,1251,1251,921
project/sim_ext.py --sim-time 1.5 --seq-graph project/file/graph_15_nodes.json --traffic project/file/traffic_15_nodes_random.json --inspection-rate 0.001 --mess-rate 0.002 --algorithm greedy,1.157015000001,0,653,307,735,186,0,641,992,187,0,167,587,0,0,400,494,670,185,0,732,0,0,184,378,898,478,178,0,147,0,0,651,0,940,665,0,1257,1519,1439,823,1255,1272,1269,927
project/sim_ext.py --sim-time 1.5 --seq-graph project/file/graph_15_nodes.json --traffic project/file/traffic_15_nodes_random.json --inspection-rate 0.001 --mess-rate 0.002 --algorithm greedy,1.158245000001,0,654,307,735,186,0,641,994,188,0,167,587,0,0,401,494,670,185,0,732,0,0,184,378,898,478,178,0,147,0,0,651,0,942,665,0,1257,1524,1442,823,1255,1277,1272,927
project/sim_ext.py --sim-time 1.5 --seq-graph project/file/graph_15_nodes.json --traffic project/file/traffic_15_nodes_random.json --inspection-rate 0.001 --mess-rate 0.002 --algorithm greedy,1.1593227963900525,0,654,309,735,186,0,642,995,188,0,167,587,0,0,401,495,671,185,0,737,0,0,184,378,901,478,178,0,148,0,0,651,0,944,665,0,1257,1530,1445,823,1258,1278,1274,927
project/sim_ext.py --sim-time 1.5 --seq-graph project/file/graph_15_nodes.json --traffic project/file/traffic_15_nodes_random.json --inspection-rate 0.001 --mess-rate 0.002 --algorithm greedy,1.1604820000009999,0,654,309,737,187,0,643,996,188,0,167,588,0,0,402,495,671,185,0,738,0,0,186,378,904,478,180,0,148,0,0,651,0,951,665,0,1260,1539,1449,823,1259,1280,1275,930
project/sim_ext.py --sim-time 1.5 --seq-graph project/file/graph_15_nodes.json --traffic project/file/traffic_15_nodes_random.json --inspection-rate 0.001 --mess-rate 0.002 --algorithm greedy,1.161506000001,0,654,310,738,188,0,644,996,188,0,168,594,0,0,403,495,677,185,0,738,0,0,187,378,907,478,181,0,149,0,0,651,0,951,665,0,1261,1544,1450,823,1264,1284,1276,930
project/sim_ext.py --sim-time 1.5 --seq-graph project/file/graph_15_nodes.json --traffic project/file/traffic_15_nodes_random.json --inspection-rate 0.001 --mess-rate 0.002 --algorithm greedy,1.162567000001,0,655,310,739,188,0,645,998,188,0,169,596,0,0,403,496,678,185,0,743,0,0,187,378,909,478,182,0,149,0,0,651,0,952,665,0,1264,1544,1456,823,1267,1285,1278,931
project/sim_ext.py --sim-time 1.5 --seq-graph project/file/graph_15_nodes.json --traffic project/file/traffic_15_nodes_random.json --inspection-rate 0.001 --mess-rate 0.002 --algorithm greedy,1.163739000001,0,656,310,739,188,0,646,998,188,0,169,597,0,0,403,498,680,185,0,744,0,0,187,378,911,478,182,0,150,0,0,651,0,953,665,0,1266,1544,1458,823,1272,1285,1279,932
project/sim_ext.py --sim-time 1.5 --seq-graph project/file/graph_15_nodes.json --traffic project/file/traffic_15_nodes_random.json --inspection-rate 0.001 --mess-rate 0.002 --algorithm greedy,1.165024999997,0,657,310,740,190,0,647,998,190,0,169,597,0,0,404,499,680,185,0,745,0,0,187,378,911,478,182,0,150,0,0,651,0,954,665,0,1266,1544,1458,823,1272,1290,1284,933
project/sim_ext.py --sim-time 1.5 --seq-graph project/file/graph_15_nodes.json --traffic project/file/traffic_15_nodes_random.json --inspection-rate 0.001 --mess-rate 0.002 --algorithm greedy,1.166094000001,0,657,310,740,190,0,647,1000,190,0,169,597,0,0,404,499,681,185,0,747,0,0,187,378,911,478,182,0,150,0,0,651,0,957,665,0,1266,1544,1458,823,1273,1290,1288,933
project/sim_ext.py --sim-time 1.5 --seq-graph project/file/graph_15_nodes.json --traffic project/file/traffic_15_nodes_random.json --inspection-rate 0.001 --mess-rate 0.002 --algorithm greedy,1.1672270000009999,0,657,310,746,190,0,649,1002,191,0,169,597,0,0,404,499,681,186,0,747,0,0,187,380,911,480,184,0,150,0,0,660,0,958,672,0,1275,1544,1458,823,1273,1291,1288,943
project/sim_ext.py --sim-time 1.5 --seq-graph project/file/graph_15_nodes.json --traffic project/file/traffic_15_nodes_random.json --inspection-rate 0.001 --mess-rate 0.002 --algorithm greedy,1.1683049999019999,0,657,314,747,190,0,649,1007,191,0,169,597,0,0,404,499,681,186,0,747,0,0,187,380,912,480,184,0,150,0,0,660,0,959,672,0,1275,1544,1458,823,1273,1291,1288,943
project/sim_ext.py --sim-time 1.5 --seq-graph project/file/graph_15_nodes.json --traffic project/file/traffic_15_nodes_random.json --inspection-rate 0.001 --mess-rate 0.002 --algorithm greedy,1.169363000001,0,657,314,747,190,0,650,1008,191,0,169,597,0,0,404,499,681,186,0,747,0,0,187,382,912,481,184,0,150,0,0,661,0,959,672,0,1276,1544,1458,823,1273,1291,1288,943
project/sim_ext.py --sim-time 1.5 --seq-graph project/file/graph_15_nodes.json --traffic project/file/traffic_15_nodes_random.json --inspection-rate 0.001 --mess-rate 0.002 --algorithm greedy,1.170374000001,0,657,314,747,190,0,651,1011,191,0,169,597,0,0,404,499,681,186,0,750,0,0,187,383,913,481,184,0,150,0,0,662,0,959,673,0,1278,1544,1458,823,1273,1291,1288,943
project/sim_ext.py --sim-time 1.5 --seq-graph project/file/graph_15_nodes.json --traffic project/file/traffic_15_nodes_random.json --inspection-rate 0.001 --mess-rate 0.002 --algorithm greedy,1.171433000001,0,657,314,747,190,0,652,1011,191,0,169,597,0,0,405,499,681,186,0,751,0,0,187,383,913,481,184,0,150,0,0,663,0,961,673,0,1278,1544,1458,823,1273,1291,1288,943
project/sim_ext.py --sim-time 1.5 --seq-graph project/file/graph_15_nodes.json --traffic project/file/traffic_15_nodes_random.json --inspection-rate 0.001 --mess-rate 0.002 --algorithm greedy,1.172451000001,0,658,314,747,190,0,652,1011,191,0,169,597,0,0,405,500,681,186,0,751,0,0,187,384,913,482,184,0,150,0,0,664,0,963,673,0,1278,1544,1458,823,1273,1291,1288,944
project/sim_ext.py --sim-time 1.5 --seq-graph project/file/graph_15_nodes.json --traffic project/file/traffic_15_nodes_random.json --inspection-rate 0.001 --mess-rate 0.002 --algorithm greedy,1.173452244902053,0,659,314,747,190,0,653,1014,191,0,169,597,0,0,405,500,681,186,0,752,0,0,187,384,913,484,184,0,150,0,0,664,0,964,673,0,1278,1544,1458,823,1273,1291,1288,944
project/sim_ext.py --sim-time 1.5 --seq-graph project/file/graph_15_nodes.json --traffic project/file/traffic_15_nodes_random.json --inspection-rate 0.001 --mess-rate 0.002 --algorithm greedy,1.174472000001,0,659,314,747,190,0,653,1015,191,0,169,597,0,0,406,500,681,188,0,752,0,0,187,384,913,484,184,0,150,0,0,665,0,964,674,0,1278,1544,1458,823,1273,1291,1288,944
project/sim_ext.py --sim-time 1.5 --seq-graph project/file/graph_15_nodes.json --traffic project/file/traffic_15_nodes_random.json --inspection-rate 0.001 --mess-rate 0.002 --algorithm greedy,1.1757599999969999,0,661,314,747,190,0,653,1016,191,0,169,597,0,0,407,501,681,188,0,752,0,0,187,384,913,484,184,0,150,0,0,665,0,964,675,0,1278,1544,1458,823,1273,1291,1288,944
project/sim_ext.py --sim-time 1.5 --seq-graph project/file/graph_15_nodes.json --traffic project/file/traffic_15_nodes_random.json --inspection-rate 0.001 --mess-rate 0.002 --algorithm greedy,1.1768795999969999,0,663,314,747,190,0,655,1016,191,0,169,597,0,0,407,501,681,188,0,752,0,0,187,385,913,484,184,0,150,0,0,666,0,964,675,0,1278,1544,1458,831,1273,1291,1288,944
project/sim_ext.py --sim-time 1.5 --seq-graph project/file/graph_15_nodes.json --traffic project/file/traffic_15_nodes_random.json --inspection-rate 0.001 --mess-rate 0.002 --algorithm greedy,1.177915000001,0,663,314,747,190,0,655,1016,191,0,169,597,0,0,407,503,681,188,0,752,0,0,187,386,913,484,184,0,150,0,0,666,0,964,676,0,1278,1544,1458,834,1273,1291,1288,944
project/sim_ext.py --sim-time 1.5 --seq-graph project/file/graph_15_nodes.json --traffic project/file/traffic_15_nodes_random.json --inspection-rate 0.001 --mess-rate 0.002 --algorithm greedy,1.178925799997,0,664,314,747,190,0,655,1016,191,0,169,597,0,0,407,503,681,188,0,752,0,0,187,386,913,484,184,0,150,0,0,666,0,964,676,0,1278,1544,1458,835,1273,1291,1288,944
project/sim_ext.py --sim-time 1.5 --seq-graph project/file/graph_15_nodes.json --traffic project/file/traffic_15_nodes_random.json --inspection-rate 0.001 --mess-rate 0.002 --algorithm greedy,1.180226000001,0,664,314,747,190,0,655,1016,191,0,169,597,0,0,407,504,681,188,0,752,0,0,187,386,913,484,184,0,150,0,0,667,0,964,676,0,1278,1544,1458,835,1273,1291,1288,944
project/sim_ext.py --sim-time 1.5 --seq-graph project/file/graph_15_nodes.json --traffic project/file/traffic_15_nodes_random.json --inspection-rate 0.001 --mess-rate 0.002 --algorithm greedy,1.181279000001,0,665,314,747,190,0,655,1016,191,0,169,597,0,0,407,504,681,188,0,752,0,0,187,390,913,484,184,0,150,0,0,667,0,964,676,0,1278,1544,1458,836,1273,1291,1288,944
project/sim_ext.py --sim-time 1.5 --seq-graph project/file/graph_15_nodes.json --traffic project/file/traffic_15_nodes_random.json --inspection-rate 0.001 --mess-rate 0.002 --algorithm greedy,1.182510891674682,0,665,314,747,190,0,655,1016,191,0,169,597,0,0,407,504,681,188,0,752,0,0,187,390,913,484,184,0,150,0,0,667,0,964,676,0,1278,1544,1458,836,1273,1291,1288,944
project/sim_ext.py --sim-time 1.5 --seq-graph project/file/graph_15_nodes.json --traffic project/file/traffic_15_nodes_random.json --inspection-rate 0.001 --mess-rate 0.002 --algorithm greedy,1.183553000001,0,665,314,747,190,0,655,1016,191,0,169,597,0,0,407,504,681,188,0,752,0,0,187,390,913,485,184,0,150,0,0,671,0,964,678,0,1278,1544,1458,836,1273,1291,1288,944
project/sim_ext.py --sim-time 1.5 --seq-graph project/file/graph_15_nodes.json --traffic project/file/traffic_15_nodes_random.json --inspection-rate 0.001 --mess-rate 0.002 --algorithm greedy,1.184805000001,0,668,314,747,190,0,655,1020,191,0,169,597,0,0,407,504,681,188,0,752,0,0,187,390,913,485,184,0,150,0,0,671,0,964,678,0,1278,1544,1458,836,1273,1291,1288,944
project/sim_ext.py --sim-time 1.5 --seq-graph project/file/graph_15_nodes.json --traffic project/file/traffic_15_nodes_random.json --inspection-rate 0.001 --mess-rate 0.002 --algorithm greedy,1.185839000001,0,668,314,747,190,0,655,1021,191,0,169,597,0,0,407,506,681,188,0,752,0,0,187,390,913,485,184,0,150,0,0,671,0,964,678,0,1278,1544,1458,836,1273,1291,1288,944
project/sim_ext.py --sim-time 1.5 --seq-graph project/file/graph_15_nodes.json --traffic project/file/traffic_15_nodes_random.json --inspection-rate 0.001 --mess-rate 0.002 --algorithm greedy,1.187280000001,0,668,314,747,190,0,655,1022,191,0,169,597,0,0,407,506,681,188,0,752,0,0,187,390,913,485,184,0,150,0,0,671,0,964,679,0,1278,1554,1458,836,1273,1291,1288,944
project/sim_ext.py --sim-time 1.5 --seq-graph project/file/graph_15_nodes.json --traffic project/file/traffic_15_nodes_random.json --inspection-rate 0.001 --mess-rate 0.002 --algorithm greedy,1.188295000001,0,668,314,747,190,0,655,1022,191,0,169,597,0,0,407,506,681,188,0,752,0,0,187,390,913,485,184,0,150,0,0,671,0,964,679,0,1278,1556,1458,836,1273,1291,1288,944
project/sim_ext.py --sim-time 1.5 --seq-graph project/file/graph_15_nodes.json --traffic project/file/traffic_15_nodes_random.json --inspection-rate 0.001 --mess-rate 0.002 --algorithm greedy,1.189304000001,0,670,314,747,190,0,655,1022,191,0,169,597,0,0,407,506,681,188,0,752,0,0,187,391,913,485,184,0,150,0,0,671,0,964,679,0,1278,1557,1458,836,1273,1291,1288,944
project/sim_ext.py --sim-time 1.5 --seq-graph project/file/graph_15_nodes.json --traffic project/file/traffic_15_nodes_random.json --inspection-rate 0.001 --mess-rate 0.002 --algorithm greedy,1.190454999898,0,674,314,747,190,0,655,1022,191,0,169,597,0,0,407,506,681,188,0,752,0,0,187,391,913,485,184,0,150,0,0,671,0,964,679,0,1278,1558,1458,836,1273,1291,1288,944
project/sim_ext.py --sim-time 1.5 --seq-graph project/file/graph_15_nodes.json --traffic project/file/traffic_15_nodes_random.json --inspection-rate 0.001 --mess-rate 0.002 --algorithm greedy,1.191459999898,0,677,314,747,190,0,655,1022,191,0,169,597,0,0,407,506,681,188,0,752,0,0,187,391,913,486,184,0,150,0,0,672,0,964,681,0,1278,1558,1458,836,1273,1291,1288,944
project/sim_ext.py --sim-time 1.5 --seq-graph project/file/graph_15_nodes.json --traffic project/file/traffic_15_nodes_random.json --inspection-rate 0.001 --mess-rate 0.002 --algorithm greedy,1.1925580000009999,0,678,314,747,190,0,655,1022,191,0,169,597,0,0,407,506,681,188,0,752,0,0,187,391,913,486,184,0,150,0,0,672,0,964,681,0,1278,1559,1458,836,1273,1291,1288,944
project/sim_ext.py --sim-time 1.5 --seq-graph project/file/graph_15_nodes.json --traffic project/file/traffic_15_nodes_random.json --inspection-rate 0.001 --mess-rate 0.002 --algorithm greedy,1.193673000001,0,678,314,747,190,0,655,1022,191,0,169,597,0,0,407,506,681,188,0,752,0,0,187,391,913,487,184,0,150,0,0,672,0,964,683,0,1278,1561,1458,836,1273,1291,1288,944
project/sim_ext.py --sim-time 1.5 --seq-graph project/file/graph_15_nodes.json --traffic project/file/traffic_15_nodes_random.json --inspection-rate 0.001 --mess-rate 0.002 --algorithm greedy,1.194730000001,0,679,314,747,190,0,655,1024,191,0,169,597,0,0,407,513,681,188,0,752,0,0,187,391,913,487,184,0,150,0,0,675,0,964,684,0,1278,1562,1458,842,1273,1291,1288,944
project/sim_ext.py --sim-time 1.5 --seq-graph project/file/graph_15_nodes.json --traffic project/file/traffic_15_nodes_random.json --inspection-rate 0.001 --mess-rate 0.002 --algorithm greedy,1.1957888056715191,0,679,314,747,190,0,655,1024,191,0,169,597,0,0,407,513,681,188,0,752,0,0,187,391,913,489,184,0,150,0,0,675,0,964,685,0,1278,1563,1458,844,1273,1291,1288,944
project/sim_ext.py --sim-time 1.5 --seq-graph project/file/graph_15_nodes.json --traffic project/file/traffic_15_nodes_random.json --inspection-rate 0.001 --mess-rate 0.002 --algorithm greedy,1.196792000001,0,679,314,747,190,0,655,1025,191,0,169,597,0,0,407,514,681,188,0,752,0,0,187,391,913,489,184,0,150,0,0,675,0,964,685,0,1278,1563,1458,844,1273,1291,1288,944
project/sim_ext.py --sim-time 1.5 --seq-graph project/file/graph_15_nodes.json --traffic project/file/traffic_15_nodes_random.json --inspection-rate 0.001 --mess-rate 0.002 --algorithm greedy,1.1978249999019999,0,679,317,754,194,0,662,1033,191,0,171,610,0,0,410,517,689,189,0,758,0,0,188,398,929,490,185,0,151,0,0,683,0,975,687,0,1301,1585,1480,852,1296,1316,1309,966
project/sim_ext.py --sim-time 1.5 --seq-graph project/file/graph_15_nodes.json --traffic project/file/traffic_15_nodes_random.json --inspection-rate 0.001 --mess-rate 0.002 --algorithm greedy,1.198896000001,0,680,317,755,195,0,664,1036,192,0,171,611,0,0,411,518,690,190,0,761,0,0,189,399,929,490,186,0,152,0,0,683,0,976,687,0,1302,1586,1486,852,1297,1318,1310,967
project/sim_ext.py --sim-time 1.5 --seq-graph project/file/graph_15_nodes.json --traffic project/file/traffic_15_nodes_random.json --inspection-rate 0.001 --mess-rate 0.002 --algorithm greedy,1.200173799997,0,680,317,755,195,0,664,1036,192,0,171,612,0,0,412,518,690,190,0,761,0,0,189,400,932,491,187,0,152,0,0,684,0,977,688,0,1303,1586,1490,852,1298,1330,1311,970
project/sim_ext.py --sim-time 1.5 --seq-graph project/file/graph_15_nodes.json --traffic project/file/traffic_15_nodes_random.json --inspection-rate 0.001 --mess-rate 0.002 --algorithm greedy,1.201180000001,0,681,319,755,197,0,665,1036,193,0,171,616,0,0,412,518,696,192,0,761,0,0,189,402,934,491,187,0,155,0,0,684,0,979,688,0,1306,1586,1492,852,1304,1333,1315,972
project/sim_ext.py --sim-time 1.5 --seq-graph project/file/graph_15_nodes.json --traffic project/file/traffic_15_nodes_random.json --inspection-rate 0.001 --mess-rate 0.002 --algorithm greedy,1.202277199997,0,681,319,755,197,0,666,1041,193,0,172,617,0,0,413,519,698,192,0,764,0,0,190,404,938,492,187,0,155,0,0,685,0,980,691,0,1307,1586,1494,852,1305,1333,1317,974
project/sim_ext.py --sim-time 1.5 --seq-graph project/file/graph_15_nodes.json --traffic project/file/traffic_15_nodes_random.json --inspection-rate 0.001 --mess-rate 0.002 --algorithm greedy,1.203424000001,0,682,319,758,197,0,666,1042,193,0,173,617,0,0,413,519,698,192,0,765,0,0,191,406,940,494,188,0,155,0,0,686,0,980,691,0,1316,1586,1498,852,1307,1339,1317,976
project/sim_ext.py --sim-time 1.5 --seq-graph project/file/graph_15_nodes.json --traffic project/file/traffic_15_nodes_random.json --inspection-rate 0.001 --mess-rate 0.002 --algorithm greedy,1.204448999997,0,683,319,758,197,0,668,1044,193,0,174,617,0,0,413,519,698,192,0,765,0,0,191,406,941,494,188,0,155,0,0,687,0,980,693,0,1318,1586,1498,852,1308,1341,1323,977
project/sim_ext.py --sim-time 1.5 --seq-graph project/file/graph_15_nodes.json --traffic project/file/traffic_15_nodes_random.json --inspection-rate 0.001 --mess-rate 0.002 --algorithm greedy,1.205642000001,0,684,319,759,197,0,669,1048,193,0,174,617,0,0,414,520,701,194,0,765,0,0,191,406,942,494,189,0,156,0,0,688,0,984,693,0,1322,1586,1503,852,1309,1343,1324,978
project/sim_ext.py --sim-time 1.5 --seq-graph project/file/graph_15_nodes.json --traffic project/file/traffic_15_nodes_random.json --inspection-rate 0.001 --mess-rate 0.002 --algorithm greedy,1.206853000001,0,685,320,759,197,0,671,1049,193,0,174,617,0,0,414,521,703,194,0,768,0,0,191,406,943,494,189,0,156,0,0,688,0,985,693,0,1322,1586,1503,852,1310,1343,1327,978
project/sim_ext.py --sim-time 1.5 --seq-graph project/file/graph_15_nodes.json --traffic project/file/traffic_15_nodes_random.json --inspection-rate 0.001 --mess-rate 0.002 --algorithm greedy,1.2079670000009999,0,685,320,759,197,0,671,1049,193,0,174,617,0,0,414,522,703,194,0,768,0,0,191,406,943,494,189,0,156,0,0,688,0,985,693,0,1322,1586,1503,852,1310,1343,1327,978
project/sim_ext.py --sim-time 1.5 --seq-graph project/file/graph_15_nodes.json --traffic project/file/traffic_15_nodes_random.json --inspection-rate 0.001 --mess-rate 0.002 --algorithm greedy,1.209061000001,0,685,320,759,197,0,671,1052,193,0,174,617,0,0,414,522,706,194,0,769,0,0,191,406,943,494,189,0,156,0,0,688,0,987,693,0,1322,1586,1503,852,1310,1343,1331,978
project/sim_ext.py --sim-time 1.5 --seq-graph project/file/graph_15_nodes.json --traffic project/file/traffic_15_nodes_random.json --inspection-rate 0.001 --mess-rate 0.002 --algorithm greedy,1.210170000001,0,685,320,759,197,0,672,1054,193,0,175,617,0,0,414,522,706,194,0,769,0,0,191,406,943,494,189,0,156,0,0,688,0,987,693,0,1322,1586,1503,852,1310,1343,1332,978
project/sim_ext.py --sim-time 1.5 --seq-graph project/file/graph_15_nodes.json --traffic project/file/traffic_15_nodes_random.json --inspection-rate 0.001 --mess-rate 0.002 --algorithm greedy,1.211240000001,0,685,320,761,197,0,673,1055,193,0,175,617,0,0,414,523,706,194,0,769,0,0,191,406,943,494,189,0,156,0,0,689,0,987,693,0,1322,1586,1503,852,1310,1343,1332,978
project/sim_ext.py --sim-time 1.5 --seq-graph project/file/graph_15_nodes.json --traffic project/file/traffic_15_nodes_random.json --inspection-rate 0.001 --mess-rate 0.002 --algorithm greedy,1.212249000001,0,686,320,761,197,0,673,1055,193,0,175,617,0,0,417,523,706,194,0,769,0,0,191,406,943,496,189,0,156,0,0,690,0,987,694,0,1322,1586,1503,852,1310,1343,1332,978
project/sim_ext.py --sim-time 1.5 --seq-graph project/file/graph_15_nodes.json --traffic project/file/traffic_15_nodes_random.json --inspection-rate 0.001 --mess-rate 0.002 --algorithm greedy,1.2132680000009999,0,687,320,762,197,0,673,1058,193,0,175,617,0,0,419,524,706,194,0,772,0,0,191,406,943,496,189,0,156,0,0,690,0,988,695,0,1322,1586,1503,852,1310,1343,1332,978
project/sim_ext.py --sim-time 1.5 --seq-graph project/file/graph_15_nodes.json --traffic project/file/traffic_15_nodes_random.json --inspection-rate 0.001 --mess-rate 0.002 --algorithm greedy,1.214464999891,0,687,320,762,197,0,673,1059,193,0,175,617,0,0,419,527,706,194,0,773,0,0,191,406,943,497,189,0,156,0,0,690,0,988,695,0,1322,1586,1503,852,1310,1343,1332,978
project/sim_ext.py --sim-time 1.5 --seq-graph project/file/graph_15_nodes.json --traffic project/file/traffic_15_nodes_random.json --inspection-rate 0.001 --mess-rate 0.002 --algorithm greedy,1.215520000001,0,688,320,762,197,0,673,1059,193,0,175,617,0,0,421,527,706,194,0,773,0,0,191,406,943,497,189,0,156,0,0,690,0,988,695,0,1322,1586,1503,852,1310,1343,1332,978
project/sim_ext.py --sim-time 1.5 --seq-graph project/file/graph_15_nodes.json --traffic project/file/traffic_15_nodes_random.json --inspection-rate 0.001 --mess-rate 0.002 --algorithm greedy,1.216522000001,0,688,320,762,197,0,673,1059,193,0,175,617,0,0,421,527,706,194,0,773,0,0,191,406,943,497,189,0,156,0,0,690,0,988,695,0,1322,1586,1503,852,1310,1343,1332,978
project/sim_ext.py --sim-time 1.5 --seq-graph project/file/graph_15_nodes.json --traffic project/file/traffic_15_nodes_random.json --inspection-rate 0.001 --mess-rate 0.002 --algorithm greedy,1.2175324863542392,0,688,320,762,197,0,673,1059,193,0,175,617,0,0,422,527,706,194,0,773,0,0,191,406,943,498,189,0,156,0,0,690,0,988,697,0,1322,1586,1503,852,1310,1343,1332,978
project/sim_ext.py --sim-time 1.5 --seq-graph project/file/graph_15_nodes.json --traffic project/file/traffic_15_nodes_random.json --inspection-rate 0.001 --mess-rate 0.002 --algorithm greedy,1.218543000001,0,688,321,762,197,0,674,1059,193,0,175,617,0,0,422,527,706,194,0,773,0,0,191,406,943,498,189,0,156,0,0,694,0,988,697,0,1322,1586,1503,862,1310,1343,1332,978
project/sim_ext.py --sim-time 1.5 --seq-graph project/file/graph_15_nodes.json --traffic project/file/traffic_15_nodes_random.json --inspection-rate 0.001 --mess-rate 0.002 --algorithm greedy,1.219608399997,0,688,321,762,197,0,674,1059,193,0,175,617,0,0,422,528,706,194,0,773,0,0,191,406,943,499,189,0,156,0,0,694,0,988,698,0,1322,1586,1503,862,1310,1343,1332,978
project/sim_ext.py --sim-time 1.5 --seq-graph project/file/graph_15_nodes.json --traffic project/file/traffic_15_nodes_random.json --inspection-rate 0.001 --mess-rate 0.002 --algorithm greedy,1.220611199997,0,689,321,762,197,0,674,1059,193,0,175,617,0,0,422,529,706,194,0,773,0,0,191,406,943,500,189,0,156,0,0,694,0,988,698,0,1322,1586,1503,865,1310,1343,1332,978
project/sim_ext.py --sim-time 1.5 --seq-graph project/file/graph_15_nodes.json --traffic project/file/traffic_15_nodes_random.json --inspection-rate 0.001 --mess-rate 0.002 --algorithm greedy,1.2217810000009999,0,690,321,762,197,0,674,1064,193,0,175,617,0,0,422,529,706,194,0,773,0,0,191,406,943,500,189,0,156,0,0,695,0,988,698,0,1322,1586,1503,868,1310,1343,1332,978
project/sim_ext.py --sim-time 1.5 --seq-graph project/file/graph_15_nodes.json --traffic project/file/traffic_15_nodes_random.json --inspection-rate 0.001 --mess-rate 0.002 --algorithm greedy,1.222814000001,0,691,321,762,197,0,674,1065,193,0,175,617,0,0,422,531,706,194,0,773,0,0,191,406,943,500,189,0,156,0,0,696,0,988,698,0,1322,1586,1503,868,1310,1343,1332,978
project/sim_ext.py --sim-time 1.5 --seq-graph project/file/graph_15_nodes.json --traffic project/file/traffic_15_nodes_random.json --inspection-rate 0.001 --mess-rate 0.002 --algorithm greedy,1.2239160000009999,0,691,321,762,197,0,674,1066,193,0,175,617,0,0,422,531,706,194,0,773,0,0,191,406,943,502,189,0,156,0,0,696,0,988,699,0,1322,1586,1503,868,1310,1343,1332,978
project/sim_ext.py --sim-time 1.5 --seq-graph project/file/graph_15_nodes.json --traffic project/file/traffic_15_nodes_random.json --inspection-rate 0.001 --mess-rate 0.002 --algorithm greedy,1.224981000001,0,691,321,762,197,0,674,1067,193,0,175,617,0,0,422,531,706,194,0,773,0,0,191,406,943,503,189,0,156,0,0,697,0,988,699,0,1322,1586,1503,869,1310,1343,1332,978
project/sim_ext.py --sim-time 1.5 --seq-graph project/file/graph_15_nodes.json --traffic project/file/traffic_15_nodes_random.json --inspection-rate 0.001 --mess-rate 0.002 --algorithm greedy,1.226049000001,0,691,321,762,197,0,674,1067,193,0,175,617,0,0,422,531,706,194,0,773,0,0,191,406,943,503,189,0,156,0,0,697,0,988,699,0,1322,1586,1503,869,1310,1343,1332,978
project/sim_ext.py --sim-time 1.5 --seq-graph project/file/graph_15_nodes.json --traffic project/file/traffic_15_nodes_random.json --inspection-rate 0.001 --mess-rate 0.002 --algorithm greedy,1.227373799997,0,691,321,762,197,0,674,1067,193,0,175,617,0,0,422,531,706,194,0,773,0,0,191,406,943,504,189,0,156,0,0,697,0,988,700,0,1322,1586,1503,869,1310,1343,1332,978
project/sim_ext.py --sim-time 1.5 --seq-graph project/file/graph_15_nodes.json --traffic project/file/traffic_15_nodes_random.json --inspection-rate 0.001 --mess-rate 0.002 --algorithm greedy,1.228380799997,0,694,327,767,198,0,677,1080,195,0,178,627,0,0,422,533,715,195,0,778,0,0,191,409,955,504,193,0,157,0,0,697,0,998,700,0,1346,1609,1529,879,1329,1362,1352,986
project/sim_ext.py --sim-time 1.5 --seq-graph project/file/graph_15_nodes.json --traffic project/file/traffic_15_nodes_random.json --inspection-rate 0.001 --mess-rate 0.002 --algorithm greedy,1.229402000001,0,695,327,769,198,0,677,1082,195,0,178,629,0,0,422,533,716,195,0,781,0,0,191,411,956,504,193,0,157,0,0,703,0,1004,704,0,1347,1621,1533,879,1331,1363,1354,994
project/sim_ext.py --sim-time 1.5 --seq-graph project/file/graph_15_nodes.json --traffic project/file/traffic_15_nodes_random.json --inspection-rate 0.001 --mess-rate 0.002 --algorithm greedy,1.230599399997,0,697,327,769,198,0,678,1082,195,0,179,629,0,0,422,533,718,195,0,782,0,0,191,411,959,504,193,0,158,0,0,704,0,1007,704,0,1347,1627,1533,879,1334,1363,1356,995
project/sim_ext.py --sim-time 1.5 --seq-graph project/file/graph_15_nodes.json --traffic project/file/traffic_15_nodes_random.json --inspection-rate 0.001 --mess-rate 0.002 --algorithm greedy,1.231667000001,0,700,328,769,199,0,678,1087,196,0,179,631,0,0,424,534,722,195,0,783,0,0,191,411,963,504,193,0,161,0,0,705,0,1013,705,0,1351,1635,1538,879,1336,1366,1359,1001
project/sim_ext.py --sim-time 1.5 --seq-graph project/file/graph_15_nodes.json --traffic project/file/traffic_15_nodes_random.json --inspection-rate 0.001 --mess-rate 0.002 --algorithm greedy,1.232672999997,0,700,328,769,201,0,678,1087,196,0,180,631,0,0,425,534,722,195,0,787,0,0,191,411,964,504,193,0,161,0,0,707,0,1014,705,0,1351,1635,1538,879,1338,1367,1360,1002
project/sim_ext.py --sim-time 1.5 --seq-graph project/file/graph_15_nodes.json --traffic project/file/traffic_15_nodes_random.json --inspection-rate 0.001 --mess-rate 0.002 --algorithm greedy,1.2337540000009999,0,700,328,778,201,0,681,1087,197,0,180,631,0,0,425,534,722,197,0,787,0,0,191,413,965,507,195,0,161,0,0,708,0,1014,707,0,1354,1635,1538,879,1338,1372,1361,1008
project/sim_ext.py --sim-time 1.5 --seq-graph project/file/graph_15_nodes.json --traffic project/file/traffic_15_nodes_random.json --inspection-rate 0.001 --mess-rate 0.002 --algorithm greedy,1.234815000001,0,701,328,780,201,0,681,1096,198,0,180,631,0,0,425,534,724,199,0,789,0,0,191,413,968,507,195,0,161,0,0,708,0,1017,707,0,1360,1635,1539,879,1340,1376,1368,1011
project/sim_ext.py --sim-time 1.5 --seq-graph project/file/graph_15_nodes.json --traffic project/file/traffic_15_nodes_random.json --inspection-rate 0.001 --mess-rate 0.002 --algorithm greedy,1.236214999891,0,701,329,783,201,0,683,1098,198,0,180,634,0,0,425,536,725,199,0,789,0,0,191,414,969,509,195,0,161,0,0,709,0,1020,709,0,1361,1635,1548,879,1342,1378,1375,1013
project/sim_ext.py --sim-time 1.5 --seq-graph project/file/graph_15_nodes.json --traffic project/file/traffic_15_nodes_random.json --inspection-rate 0.001 --mess-rate 0.002 --algorithm greedy,1.237235000001,0,701,329,783,201,0,683,1099,198,0,181,634,0,0,425,537,727,199,0,793,0,0,191,414,970,510,195,0,161,0,0,709,0,1021,709,0,1361,1635,1549,879,1344,1378,1375,1014
project/sim_ext.py --sim-time 1.5 --seq-graph project/file/graph_15_nodes.json --traffic project/file/traffic_15_nodes_random.json --inspection-rate 0.001 --mess-rate 0.002 --algorithm greedy,1.238279000001,0,701,330,783,201,0,683,1100,200,0,181,634,0,0,427,538,727,199,0,794,0,0,191,414,972,511,195,0,161,0,0,712,0,1025,709,0,1361,1635,1549,879,1345,1382,1375,1014
project/sim_ext.py --sim-time 1.5 --seq-graph project/file/graph_15_nodes.json --traffic project/file/traffic_15_nodes_random.json --inspection-rate 0.001 --mess-rate 0.002 --algorithm greedy,1.239292000001,0,701,330,785,201,0,683,1101,200,0,181,634,0,0,427,538,727,199,0,794,0,0,191,414,972,512,195,0,161,0,0,712,0,1025,710,0,1361,1635,1549,879,1345,1382,1375,1015
project/sim_ext.py --sim-time 1.5 --seq-graph project/file/graph_15_nodes.json --traffic project/file/traffic_15_nodes_random.json --inspection-rate 0.001 --mess-rate 0.002 --algorithm greedy,1.240517000001,0,701,330,785,201,0,687,1101,200,0,181,634,0,0,427,538,727,199,0,794,0,0,191,414,973,512,195,0,161,0,0,712,0,1025,710,0,1361,1635,1549,879,1345,1382,1375,1015
project/sim_ext.py --sim-time 1.5 --seq-graph project/file/graph_15_nodes.json --traffic project/file/traffic_15_nodes_random.json --inspection-rate 0.001 --mess-rate 0.002 --algorithm greedy,1.241524999894,0,701,330,785,201,0,687,1102,200,0,181,634,0,0,427,540,727,199,0,794,0,0,191,414,973,512,195,0,161,0,0,712,0,1025,710,0,1361,1635,1549,879,1345,1382,1375,1015
project/sim_ext.py --sim-time 1.5 --seq-graph project/file/graph_15_nodes.json --traffic project/file/traffic_15_nodes_random.json --inspection-rate 0.001 --mess-rate 0.002 --algorithm greedy,1.242730000001,0,703,330,786,201,0,688,1102,200,0,181,634,0,0,427,541,727,199,0,794,0,0,191,414,973,513,195,0,161,0,0,715,0,1025,710,0,1361,1635,1549,879,1345,1382,1375,1015
project/sim_ext.py --sim-time 1.5 --seq-graph project/file/graph_15_nodes.json --traffic project/file/traffic_15_nodes_random.json --inspection-rate 0.001 --mess-rate 0.002 --algorithm greedy,1.243833000001,0,703,330,786,201,0,688,1102,200,0,181,634,0,0,427,541,727,199,0,794,0,0,191,414,973,514,195,0,161,0,0,715,0,1025,710,0,1361,1635,1549,879,1345,1382,1375,1015
project/sim_ext.py --sim-time 1.5 --seq-graph project/file/graph_15_nodes.json --traffic project/file/traffic_15_nodes_random.json --inspection-rate 0.001 --mess-rate 0.002 --algorithm greedy,1.244941385665695,0,703,330,786,201,0,689,1105,200,0,181,634,0,0,429,541,727,199,0,794,0,0,191,414,973,514,195,0,161,0,0,715,0,1025,710,0,1361,1635,1549,879,1345,1382,1375,1015
project/sim_ext.py --sim-time 1.5 --seq-graph project/file/graph_15_nodes.json --traffic project/file/traffic_15_nodes_random.json --inspection-rate 0.001 --mess-rate 0.002 --algorithm greedy,1.2459620000009999,0,703,330,787,201,0,690,1105,200,0,181,634,0,0,430,541,727,199,0,794,0,0,191,414,973,514,195,0,161,0,0,718,0,1025,711,0,1361,1635,1549,879,1345,1382,1375,1015
project/sim_ext.py --sim-time 1.5 --seq-graph project/file/graph_15_nodes.json --traffic project/file/traffic_15_nodes_random.json --inspection-rate 0.001 --mess-rate 0.002 --algorithm greedy,1.247014000001,0,703,330,788,201,0,692,1105,200,0,181,634,0,0,430,541,727,199,0,794,0,0,191,414,973,516,195,0,161,0,0,719,0,1025,711,0,1361,1635,1549,879,1345,1382,1375,1015
project/sim_ext.py --sim-time 1.5 --seq-graph project/file/graph_15_nodes.json --traffic project/file/traffic_15_nodes_random.json --inspection-rate 0.001 --mess-rate 0.002 --algorithm greedy,1.248214999894,0,703,330,789,201,0,692,1105,200,0,181,634,0,0,430,541,727,199,0,794,0,0,191,414,973,516,195,0,161,0,0,720,0,1025,712,0,1361,1635,1549,879,1345,1382,1375,1015
project/sim_ext.py --sim-time 1.5 --seq-graph project/file/graph_15_nodes.json --traffic project/file/traffic_15_nodes_random.json --inspection-rate 0.001 --mess-rate 0.002 --algorithm greedy,1.249226000001,0,703,330,789,201,0,692,1106,200,0,181,634,0,0,430,544,727,199,0,794,0,0,191,414,973,516,195,0,161,0,0,720,0,1025,712,0,1361,1635,1549,879,1345,1382,1375,1015
project/sim_ext.py --sim-time 1.5 --seq-graph project/file/graph_15_nodes.json --traffic project/file/traffic_15_nodes_random.json --inspection-rate 0.001 --mess-rate 0.002 --algorithm greedy,1.250589999898,0,703,330,790,201,0,692,1107,200,0,181,634,0,0,430,544,727,199,0,794,0,0,191,414,973,516,195,0,161,0,0,720,0,1025,713,0,1361,1635,1549,879,1345,1382,1375,1015
project/sim_ext.py --sim-time 1.5 --seq-graph project/file/graph_15_nodes.json --traffic project/file/traffic_15_nodes_random.json --inspection-rate 0.001 --mess-rate 0.002 --algorithm greedy,1.251597000001,0,703,330,790,201,0,692,1107,200,0,181,634,0,0,430,544,727,199,0,794,0,0,191,414,973,518,195,0,161,0,0,723,0,1025,713,0,1361,1635,1549,879,1345,1382,1375,1015
project/sim_ext.py --sim-time 1.5 --seq-graph project/file/graph_15_nodes.json --traffic project/file/traffic_15_nodes_random.json --inspection-rate 0.001 --mess-rate 0.002 --algorithm greedy,1.252709000001,0,710,330,790,201,0,692,1107,200,0,181,634,0,0,430,544,727,199,0,794,0,0,191,414,973,519,195,0,161,0,0,725,0,1025,713,0,1361,1635,1549,879,1345,1382,1375,1015
project/sim_ext.py --sim-time 1.5 --seq-graph project/file/graph_15_nodes.json --traffic project/file/traffic_15_nodes_random.json --inspection-rate 0.001 --mess-rate 0.002 --algorithm greedy,1.253876000001,0,710,330,790,201,0,692,1107,200,0,181,634,0,0,430,544,727,199,0,794,0,0,191,414,973,519,195,0,161,0,0,727,0,1025,713,0,1361,1635,1549,879,1345,1382,1375,1015
project/sim_ext.py --sim-time 1.5 --seq-graph project/file/graph_15_nodes.json --traffic project/file/traffic_15_nodes_random.json --inspection-rate 0.001 --mess-rate 0.002 --algorithm greedy,1.254897000001,0,710,330,790,201,0,692,1107,200,0,181,634,0,0,430,544,727,199,0,794,0,0,191,414,973,520,195,0,161,0,0,728,0,1025,713,0,1361,1635,1549,879,1345,1382,1375,1015
project/sim_ext.py --sim-time 1.5 --seq-graph project/file/graph_15_nodes.json --traffic project/file/traffic_15_nodes_random.json --inspection-rate 0.001 --mess-rate 0.002 --algorithm greedy,1.255953000001,0,713,330,790,201,0,692,1107,200,0,181,634,0,0,430,544,727,199,0,794,0,0,191,414,973,520,195,0,161,0,0,728,0,1025,713,0,1361,1635,1549,879,1345,1382,1375,1015
project/sim_ext.py --sim-time 1.5 --seq-graph project/file/graph_15_nodes.json --traffic project/file/traffic_15_nodes_random.json --inspection-rate 0.001 --mess-rate 0.002 --algorithm greedy,1.257334999894,0,713,330,790,201,0,692,1107,200,0,181,634,0,0,430,544,727,199,0,794,0,0,191,414,973,520,195,0,161,0,0,728,0,1025,713,0,1361,1635,1549,879,1345,1382,1375,1015
project/sim_ext.py --sim-time 1.5 --seq-graph project/file/graph_15_nodes.json --traffic project/file/traffic_15_nodes_random.json --inspection-rate 0.001 --mess-rate 0.002 --algorithm greedy,1.258362000001,0,713,330,790,201,0,692,1107,200,0,181,634,0,0,430,544,727,199,0,794,0,0,191,414,973,520,195,0,161,0,0,728,0,1025,713,0,1361,1635,1549,889,1345,1382,1375,1015
project/sim_ext.py --sim-time 1.5 --seq-graph project/file/graph_15_nodes.json --traffic project/file/traffic_15_nodes_random.json --inspection-rate 0.001 --mess-rate 0.002 --algorithm greedy,1.259445000001,0,715,330,795,202,0,706,1107,202,0,181,646,0,0,430,544,739,199,0,794,0,0,194,414,983,520,195,0,165,0,0,729,0,1025,714,0,1361,1662,1569,892,1368,1392,1375,1029
project/sim_ext.py --sim-time 1.5 --seq-graph project/file/graph_15_nodes.json --traffic project/file/traffic_15_nodes_random.json --inspection-rate 0.001 --mess-rate 0.002 --algorithm greedy,1.260499000001,0,719,330,795,202,0,707,1107,202,0,181,649,0,0,430,544,740,199,0,794,0,0,194,414,983,520,195,0,165,0,0,729,0,1025,714,0,1361,1665,1570,892,1370,1394,1375,1032
project/sim_ext.py --sim-time 1.5 --seq-graph project/file/graph_15_nodes.json --traffic project/file/traffic_15_nodes_random.json --inspection-rate 0.001 --mess-rate 0.002 --algorithm greedy,1.261707000001,0,719,330,797,203,0,708,1107,202,0,181,650,0,0,430,544,740,199,0,794,0,0,194,414,988,520,195,0,165,0,0,729,0,1025,714,0,1361,1671,1578,893,1373,1395,1375,1032
project/sim_ext.py --sim-time 1.5 --seq-graph project/file/graph_15_nodes.json --traffic project/file/traffic_15_nodes_random.json --inspection-rate 0.001 --mess-rate 0.002 --algorithm greedy,1.262709000001,0,720,330,798,203,0,709,1107,202,0,181,651,0,0,430,544,742,199,0,794,0,0,195,414,989,520,195,0,167,0,0,729,0,1025,714,0,1361,1681,1580,893,1374,1395,1375,1033
project/sim_ext.py --sim-time 1.5 --seq-graph project/file/graph_15_nodes.json --traffic project/file/traffic_15_nodes_random.json --inspection-rate 0.001 --mess-rate 0.002 --algorithm greedy,1.263756000001,0,720,330,798,205,0,711,1107,202,0,181,651,0,0,430,544,743,199,0,794,0,0,195,414,991,520,195,0,169,0,0,729,0,1025,714,0,1361,1684,1584,893,1375,1398,1375,1033
project/sim_ext.py --sim-time 1.5 --seq-graph project/file/graph_15_nodes.json --traffic project/file/traffic_15_nodes_random.json --inspection-rate 0.001 --mess-rate 0.002 --algorithm greedy,1.264867199997,0,721,330,798,206,0,712,1107,202,0,181,652,0,0,430,544,743,199,0,794,0,0,195,414,992,520,195,0,169,0,0,729,0,1025,714,0,1361,1685,1584,893,1378,1399,1375,1033
project/sim_ext.py --sim-time 1.5 --seq-graph project/file/graph_15_nodes.json --traffic project/file/traffic_15_nodes_random.json --inspection-rate 0.001 --mess-rate 0.002 --algorithm greedy,1.265871000001,0,721,330,798,206,0,712,1107,204,0,181,656,0,0,430,544,743,199,0,794,0,0,195,414,994,520,195,0,169,0,0,729,0,1025,714,0,1361,1685,1590,895,1378,1399,1375,1033
project/sim_ext.py --sim-time 1.5 --seq-graph project/file/graph_15_nodes.json --traffic project/file/traffic_15_nodes_random.json --inspection-rate 0.001 --mess-rate 0.002 --algorithm greedy,1.266910799997,0,722,330,798,207,0,712,1107,205,0,181,659,0,0,430,544,743,199,0,794,0,0,195,414,995,520,195,0,169,0,0,729,0,1025,714,0,1361,1685,1590,895,1378,1400,1375,1033
project/sim_ext.py --sim-time 1.5 --seq-graph project/file/graph_15_nodes.json --traffic project/file/traffic_15_nodes_random.json --inspection-rate 0.001 --mess-rate 0.002 --algorithm greedy,1.267961000001,0,723,330,798,207,0,717,1107,205,0,181,660,0,0,430,544,743,199,0,794,0,0,195,414,995,520,195,0,169,0,0,729,0,1025,714,0,1361,1685,1590,895,1378,1400,1375,1033
project/sim_ext.py --sim-time 1.5 --seq-graph project/file/graph_15_nodes.json --traffic project/file/traffic_15_nodes_random.json --inspection-rate 0.001 --mess-rate 0.002 --algorithm greedy,1.268992999997,0,725,331,803,209,0,718,1115,205,0,182,661,0,0,432,546,744,199,0,797,0,0,195,417,997,524,197,0,169,0,0,729,0,1034,719,0,1370,1685,1590,896,1380,1406,1384,1040
project/sim_ext.py --sim-time 1.5 --seq-graph project/file/graph_15_nodes.json --traffic project/file/traffic_15_nodes_random.json --inspection-rate 0.001 --mess-rate 0.002 --algorithm greedy,1.269997799997,0,725,333,807,209,0,718,1118,205,0,182,661,0,0,432,546,744,201,0,797,0,0,195,419,997,524,197,0,169,0,0,733,0,1038,720,0,1382,1685,1590,913,1380,1413,1402,1042
project/sim_ext.py --sim-time 1.5 --seq-graph project/file/graph_15_nodes.json --traffic project/file/traffic_15_nodes_random.json --inspection-rate 0.001 --mess-rate 0.002 --algorithm greedy,1.2711500000009999,0,725,333,807,209,0,719,1118,205,0,185,661,0,0,433,546,744,201,0,797,0,0,195,419,997,524,197,0,169,0,0,733,0,1038,720,0,1387,1685,1590,913,1380,1413,1404,1045
project/sim_ext.py --sim-time 1.5 --seq-graph project/file/graph_15_nodes.json --traffic project/file/traffic_15_nodes_random.json --inspection-rate 0.001 --mess-rate 0.002 --algorithm greedy,1.272312399997,0,725,333,807,209,0,719,1119,205,0,187,661,0,0,433,547,744,202,0,797,0,0,195,420,997,524,197,0,169,0,0,733,0,1038,720,0,1387,1685,1590,913,1380,1413,1405,1045
project/sim_ext.py --sim-time 1.5 --seq-graph project/file/graph_15_nodes.json --traffic project/file/traffic_15_nodes_random.json --inspection-rate 0.001 --mess-rate 0.002 --algorithm greedy,1.273414999891,0,727,333,809,209,0,720,1119,205,0,187,661,0,0,433,547,744,203,0,797,0,0,195,421,997,524,197,0,169,0,0,733,0,1038,726,0,1387,1685,1590,913,1380,1413,1407,1047
project/sim_ext.py --sim-time 1.5 --seq-graph project/file/graph_15_nodes.json --traffic project/file/traffic_15_nodes_random.json --inspection-rate 0.001 --mess-rate 0.002 --algorithm greedy,1.274569599997,0,727,333,811,209,0,720,1120,205,0,187,661,0,0,433,547,744,203,0,803,0,0,195,424,997,525,198,0,169,0,0,733,0,1039,726,0,1390,1685,1590,913,1380,1413,1407,1047
project/sim_ext.py --sim-time 1.5 --seq-graph project/file/graph_15_nodes.json --traffic project/file/traffic_15_nodes_random.json --inspection-rate 0.001 --mess-rate 0.002 --algorithm greedy,1.275593599997,0,727,333,811,209,0,720,1121,205,0,187,661,0,0,436,547,744,203,0,806,0,0,195,427,997,525,198,0,169,0,0,738,0,1040,726,0,1392,1685,1590,913,1380,1413,1410,1047
project/sim_ext.py --sim-time 1.5 --seq-graph project/file/graph_15_nodes.json --traffic project/file/traffic_15_nodes_random.json --inspection-rate 0.001 --mess-rate 0.002 --algorithm greedy,1.276751599997,0,727,333,811,209,0,720,1122,205,0,187,661,0,0,439,548,744,203,0,806,0,0,195,429,997,525,199,0,169,0,0,742,0,1042,729,0,1392,1685,1590,913,1380,1413,1410,1047
project/sim_ext.py --sim-time 1.5 --seq-graph project/file/graph_15_nodes.json --traffic project/file/traffic_15_nodes_random.json --inspection-rate 0.001 --mess-rate 0.002 --algorithm greedy,1.277815000001,0,728,333,811,209,0,720,1122,205,0,187,661,0,0,440,548,744,203,0,807,0,0,195,429,997,525,199,0,169,0,0,743,0,1042,729,0,1394,1685,1590,913,1380,1413,1412,1047
project/sim_ext.py --sim-time 1.5 --seq-graph project/file/graph_15_nodes.json --traffic project/file/traffic_15_nodes_random.json --inspection-rate 0.001 --mess-rate 0.002 --algorithm greedy,1.2789336180849489,0,728,333,811,209,0,720,1125,205,0,187,661,0,0,440,549,744,203,0,807,0,0,195,429,997,525,202,0,169,0,0,743,0,1042,730,0,1395,1685,1590,913,1380,1413,1412,1047
project/sim_ext.py --sim-time 1.5 --seq-graph project/file/graph_15_nodes.json --traffic project/file/traffic_15_nodes_random.json --inspection-rate 0.001 --mess-rate 0.002 --algorithm greedy,1.280061000001,0,728,333,811,209,0,720,1126,205,0,187,661,0,0,440,550,744,203,0,807,0,0,195,430,997,526,203,0,169,0,0,743,0,1042,732,0,1396,1685,1590,913,1380,1413,1412,1047
project/sim_ext.py --sim-time 1.5 --seq-graph project/file/graph_15_nodes.json --traffic project/file/traffic_15_nodes_random.json --inspection-rate 0.001 --mess-rate 0.002 --algorithm greedy,1.2811891555081594,0,728,333,811,209,0,720,1126,205,0,187,661,0,0,441,551,744,203,0,807,0,0,195,430,997,526,203,0,169,0,0,743,0,1042,732,0,1396,1685,1590,913,1380,1413,1412,1047
project/sim_ext.py --sim-time 1.5 --seq-graph project/file/graph_15_nodes.json --traffic project/file/traffic_15_nodes_random.json --inspection-rate 0.001 --mess-rate 0.002 --algorithm greedy,1.282293000001,0,728,333,811,209,0,720,1127,205,0,187,661,0,0,441,551,744,203,0,809,0,0,195,430,997,527,203,0,169,0,0,746,0,1042,732,0,1396,1685,1590,913,1380,1413,1412,1047
project/sim_ext.py --sim-time 1.5 --seq-graph project/file/graph_15_nodes.json --traffic project/file/traffic_15_nodes_random.json --inspection-rate 0.001 --mess-rate 0.002 --algorithm greedy,1.283375000001,0,729,333,811,209,0,720,1127,205,0,187,661,0,0,441,551,744,203,0,811,0,0,195,430,997,529,203,0,169,0,0,749,0,1042,732,0,1396,1685,1590,913,1380,1413,1412,1047
project/sim_ext.py --sim-time 1.5 --seq-graph project/file/graph_15_nodes.json --traffic project/file/traffic_15_nodes_random.json --inspection-rate 0.001 --mess-rate 0.002 --algorithm greedy,1.284429000001,0,730,333,811,209,0,720,1130,205,0,187,661,0,0,443,551,744,203,0,814,0,0,195,430,997,529,203,0,169,0,0,749,0,1045,732,0,1396,1685,1590,913,1380,1413,1412,1047
project/sim_ext.py --sim-time 1.5 --seq-graph project/file/graph_15_nodes.json --traffic project/file/traffic_15_nodes_random.json --inspection-rate 0.001 --mess-rate 0.002 --algorithm greedy,1.285560000001,0,730,333,811,209,0,720,1133,205,0,187,661,0,0,445,552,744,203,0,818,0,0,195,430,997,530,203,0,169,0,0,749,0,1045,737,0,1396,1685,1590,913,1380,1413,1412,1047
project/sim_ext.py --sim-time 1.5 --seq-graph project/file/graph_15_nodes.json --traffic project/file/traffic_15_nodes_random.json --inspection-rate 0.001 --mess-rate 0.002 --algorithm greedy,1.286597000001,0,731,333,811,209,0,720,1135,205,0,187,661,0,0,446,552,744,203,0,819,0,0,195,430,997,531,203,0,169,0,0,750,0,1045,737,0,1396,1685,1590,913,1380,1413,1412,1047
project/sim_ext.py --sim-time 1.5 --seq-graph project/file/graph_15_nodes.json --traffic project/file/traffic_15_nodes_random.json --inspection-rate 0.001 --mess-rate 0.002 --algorithm greedy,1.287616999997,0,731,333,811,209,0,720,1136,205,0,187,661,0,0,447,552,744,203,0,819,0,0,195,430,997,531,203,0,169,0,0,750,0,1045,737,0,1396,1685,1590,913,1380,1413,1412,1047
project/sim_ext.py --sim-time 1.5 --seq-graph project/file/graph_15_nodes.json --traffic project/file/traffic_15_nodes_random.json --inspection-rate 0.001 --mess-rate 0.002 --algorithm greedy,1.2886201197412124,0,731,333,811,209,0,720,1136,205,0,187,661,0,0,448,553,744,203,0,819,0,0,195,430,997,532,203,0,169,0,0,752,0,1045,737,0,1396,1685,1590,913,1380,1413,1412,1047
project/sim_ext.py --sim-time 1.5 --seq-graph project/file/graph_15_nodes.json --traffic project/file/traffic_15_nodes_random.json --inspection-rate 0.001 --mess-rate 0.002 --algorithm greedy,1.289728000001,0,731,333,811,209,0,720,1136,205,0,187,661,0,0,448,553,744,203,0,819,0,0,195,430,997,534,203,0,169,0,0,753,0,1045,737,0,1396,1685,1590,913,1380,1413,1412,1047
project/sim_ext.py --sim-time 1.5 --seq-graph project/file/graph_15_nodes.json --traffic project/file/traffic_15_nodes_random.json --inspection-rate 0.001 --mess-rate 0.002 --algorithm greedy,1.290922000001,0,731,333,811,209,0,720,1137,205,0,187,661,0,0,448,553,744,203,0,819,0,0,195,430,997,535,203,0,169,0,0,755,0,1045,737,0,1396,1685,1590,913,1380,1413,1412,1047
project/sim_ext.py --sim-time 1.5 --seq-graph project/file/graph_15_nodes.json --traffic project/file/traffic_15_nodes_random.json --inspection-rate 0.001 --mess-rate 0.002 --algorithm greedy,1.291946000001,0,731,333,811,209,0,720,1141,205,0,187,661,0,0,448,553,744,203,0,819,0,0,195,430,997,535,203,0,169,0,0,755,0,1045,737,0,1396,1685,1590,913,1380,1413,1412,1047
project/sim_ext.py --sim-time 1.5 --seq-graph project/file/graph_15_nodes.json --traffic project/file/traffic_15_nodes_random.json --inspection-rate 0.001 --mess-rate 0.002 --algorithm greedy,1.293154999894,0,732,333,811,209,0,720,1141,205,0,187,661,0,0,448,554,744,203,0,819,0,0,195,430,997,535,203,0,169,0,0,755,0,1045,737,0,1396,1685,1590,913,1380,1413,1412,1047
project/sim_ext.py --sim-time 1.5 --seq-graph project/file/graph_15_nodes.json --traffic project/file/traffic_15_nodes_random.json --inspection-rate 0.001 --mess-rate 0.002 --algorithm greedy,1.2941594976907582,0,732,333,811,209,0,720,1141,205,0,187,661,0,0,448,554,744,203,0,819,0,0,195,430,997,535,203,0,169,0,0,755,0,1045,737,0,1396,1685,1590,913,1380,1413,1412,1047
project/sim_ext.py --sim-time 1.5 --seq-graph project/file/graph_15_nodes.json --traffic project/file/traffic_15_nodes_random.json --inspection-rate 0.001 --mess-rate 0.002 --algorithm greedy,1.295194999894,0,732,333,811,209,0,720,1142,205,0,187,661,0,0,448,556,744,203,0,819,0,0,195,430,997,535,203,0,169,0,0,755,0,1045,737,0,1396,1685,1590,913,1380,1413,1412,1047
project/sim_ext.py --sim-time 1.5 --seq-graph project/file/graph_15_nodes.json --traffic project/file/traffic_15_nodes_random.json --inspection-rate 0.001 --mess-rate 0.002 --algorithm greedy,1.296237000001,0,733,333,811,209,0,720,1142,205,0,187,661,0,0,451,556,744,203,0,819,0,0,195,430,997,535,203,0,169,0,0,755,0,1045,737,0,1396,1685,1590,913,1380,1413,1412,1047
project/sim_ext.py --sim-time 1.5 --seq-graph project/file/graph_15_nodes.json --traffic project/file/traffic_15_nodes_random.json --inspection-rate 0.001 --mess-rate 0.002 --algorithm greedy,1.297340000001,0,733,333,811,209,0,720,1142,205,0,187,661,0,0,451,556,744,203,0,819,0,0,195,430,997,535,203,0,169,0,0,755,0,1045,737,0,1396,1685,1590,913,1380,1413,1412,1047
project/sim_ext.py --sim-time 1.5 --seq-graph project/file/graph_15_nodes.json --traffic project/file/traffic_15_nodes_random.json --inspection-rate 0.001 --mess-rate 0.002 --algorithm greedy,1.2984160000009999,0,733,333,811,209,0,720,1142,205,0,187,661,0,0,451,556,744,203,0,819,0,0,195,430,997,535,203,0,169,0,0,755,0,1045,737,0,1396,1685,1590,923,1380,1413,1412,1047
project/sim_ext.py --sim-time 1.5 --seq-graph project/file/graph_15_nodes.json --traffic project/file/traffic_15_nodes_random.json --inspection-rate 0.001 --mess-rate 0.002 --algorithm greedy,1.2995209999969999,0,733,334,811,210,0,723,1145,205,0,189,661,0,0,452,557,744,203,0,822,0,0,195,431,1000,537,203,0,169,0,0,755,0,1048,739,0,1396,1688,1593,925,1383,1416,1415,1050
project/sim_ext.py --sim-time 1.5 --seq-graph project/file/graph_15_nodes.json --traffic project/file/traffic_15_nodes_random.json --inspection-rate 0.001 --mess-rate 0.002 --algorithm greedy,1.300566000001,0,736,341,819,212,0,730,1150,205,0,191,674,0,0,454,559,753,206,0,827,0,0,196,436,1014,540,205,0,171,0,0,760,0,1059,744,0,1410,1717,1615,946,1408,1434,1430,1073
project/sim_ext.py --sim-time 1.5 --seq-graph project/file/graph_15_nodes.json --traffic project/file/traffic_15_nodes_random.json --inspection-rate 0.001 --mess-rate 0.002 --algorithm greedy,1.301606000001,0,737,342,821,212,0,730,1155,205,0,192,677,0,0,455,559,754,206,0,829,0,0,196,437,1015,541,205,0,171,0,0,762,0,1059,747,0,1411,1724,1619,951,1413,1437,1435,1074
project/sim_ext.py --sim-time 1.5 --seq-graph project/file/graph_15_nodes.json --traffic project/file/traffic_15_nodes_random.json --inspection-rate 0.001 --mess-rate 0.002 --algorithm greedy,1.302649000001,0,740,342,821,212,0,732,1159,205,0,192,677,0,0,455,560,755,207,0,831,0,0,197,437,1017,542,205,0,171,0,0,762,0,1061,748,0,1418,1733,1631,960,1414,1440,1437,1075
project/sim_ext.py --sim-time 1.5 --seq-graph project/file/graph_15_nodes.json --traffic project/file/traffic_15_nodes_random.json --inspection-rate 0.001 --mess-rate 0.002 --algorithm greedy,1.304067000001,0,742,342,822,212,0,732,1159,205,0,192,678,0,0,457,560,757,208,0,831,0,0,198,440,1020,543,205,0,172,0,0,763,0,1062,750,0,1419,1738,1634,961,1416,1440,1440,1079
project/sim_ext.py --sim-time 1.5 --seq-graph project/file/graph_15_nodes.json --traffic project/file/traffic_15_nodes_random.json --inspection-rate 0.001 --mess-rate 0.002 --algorithm greedy,1.305462000001,0,744,346,823,214,0,734,1160,205,0,194,679,0,0,460,563,759,209,0,834,0,0,198,440,1024,544,205,0,172,0,0,767,0,1065,752,0,1425,1739,1643,961,1418,1448,1441,1079
project/sim_ext.py --sim-time 1.5 --seq-graph project/file/graph_15_nodes.json --traffic project/file/traffic_15_nodes_random.json --inspection-rate 0.001 --mess-rate 0.002 --algorithm greedy,1.306518000001,0,744,346,823,214,0,736,1161,205,0,194,679,0,0,460,563,759,209,0,835,0,0,199,444,1025,544,206,0,172,0,0,767,0,1067,752,0,1429,1739,1644,961,1419,1450,1444,1080
project/sim_ext.py --sim-time 1.5 --seq-graph project/file/graph_15_nodes.json --traffic project/file/traffic_15_nodes_random.json --inspection-rate 0.001 --mess-rate 0.002 --algorithm greedy,1.307594000001,0,744,348,823,214,0,737,1161,205,0,195,679,0,0,462,563,760,209,0,835,0,0,199,444,1027,545,207,0,172,0,0,767,0,1067,754,0,1431,1739,1646,961,1420,1450,1447,1080
project/sim_ext.py --sim-time 1.5 --seq-graph project/file/graph_15_nodes.json --traffic project/file/traffic_15_nodes_random.json --inspection-rate 0.001 --mess-rate 0.002 --algorithm greedy,1.308624999883,0,744,348,823,214,0,737,1163,205,0,195,679,0,0,462,564,760,209,0,835,0,0,199,444,1028,546,210,0,172,0,0,767,0,1068,755,0,1431,1739,1646,961,1420,1450,1452,1080
project/sim_ext.py --sim-time 1.5 --seq-graph project/file/graph_15_nodes.json --traffic project/file/traffic_15_nodes_random.json --inspection-rate 0.001 --mess-rate 0.002 --algorithm greedy,1.309762000001,0,745,348,828,216,0,738,1163,206,0,195,679,0,0,462,564,761,209,0,835,0,0,200,444,1030,546,211,0,172,0,0,767,0,1068,755,0,1436,1739,1646,961,1420,1453,1452,1081
project/sim_ext.py --sim-time 1.5 --seq-graph project/file/graph_15_nodes.json --traffic project/file/traffic_15_nodes_random.json --inspection-rate 0.001 --mess-rate 0.002 --algorithm greedy,1.3109362492219252,0,745,348,828,216,0,739,1163,206,0,195,679,0,0,462,564,761,209,0,835,0,0,200,444,1030,547,211,0,172,0,0,767,0,1068,755,0,1436,1739,1646,961,1420,1453,1452,1081
project/sim_ext.py --sim-time 1.5 --seq-graph project/file/graph_15_nodes.json --traffic project/file/traffic_15_nodes_random.json --inspection-rate 0.001 --mess-rate 0.002 --algorithm greedy,1.311985000001,0,745,348,828,216,0,739,1165,206,0,195,679,0,0,462,565,761,209,0,835,0,0,200,444,1031,549,211,0,172,0,0,773,0,1070,756,0,1437,1739,1646,961,1420,1453,1452,1081
project/sim_ext.py --sim-time 1.5 --seq-graph project/file/graph_15_nodes.json --traffic project/file/traffic_15_nodes_random.json --inspection-rate 0.001 --mess-rate 0.002 --algorithm greedy,1.313080000001,0,745,348,828,216,0,741,1165,206,0,195,679,0,0,462,565,761,209,0,835,0,0,200,444,1031,549,211,0,172,0,0,773,0,1070,756,0,1437,1739,1646,961,1420,1453,1452,1081
project/sim_ext.py --sim-time 1.5 --seq-graph project/file/graph_15_nodes.json --traffic project/file/traffic_15_nodes_random.json --inspection-rate 0.001 --mess-rate 0.002 --algorithm greedy,1.3141490000009999,0,745,348,828,216,0,741,1166,206,0,195,679,0,0,463,565,761,209,0,835,0,0,200,444,1031,550,211,0,172,0,0,774,0,1070,756,0,1437,1739,1646,961,1420,1453,1452,1081
project/sim_ext.py --sim-time 1.5 --seq-graph project/file/graph_15_nodes.json --traffic project/file/traffic_15_nodes_random.json --inspection-rate 0.001 --mess-rate 0.002 --algorithm greedy,1.315179000001,0,750,348,828,216,0,742,1166,206,0,195,679,0,0,463,566,761,209,0,835,0,0,200,444,1031,552,211,0,172,0,0,775,0,1070,756,0,1437,1739,1646,961,1420,1453,1452,1081
project/sim_ext.py --sim-time 1.5 --seq-graph project/file/graph_15_nodes.json --traffic project/file/traffic_15_nodes_random.json --inspection-rate 0.001 --mess-rate 0.002 --algorithm greedy,1.316180000001,0,750,348,828,216,0,742,1166,206,0,195,679,0,0,463,568,761,209,0,835,0,0,200,444,1031,552,211,0,172,0,0,775,0,1070,757,0,1437,1739,1646,961,1420,1453,1452,1081
project/sim_ext.py --sim-time 1.5 --seq-graph project/file/graph_15_nodes.json --traffic project/file/traffic_15_nodes_random.json --inspection-rate 0.001 --mess-rate 0.002 --algorithm greedy,1.317567000001,0,750,348,828,216,0,742,1166,206,0,195,679,0,0,463,569,761,209,0,835,0,0,200,444,1031,554,211,0,172,0,0,776,0,1070,757,0,1437,1739,1646,961,1420,1453,1452,1081
project/sim_ext.py --sim-time 1.5 --seq-graph project/file/graph_15_nodes.json --traffic project/file/traffic_15_nodes_random.json --inspection-rate 0.001 --mess-rate 0.002 --algorithm greedy,1.318811000001,0,750,348,828,216,0,742,1167,206,0,195,679,0,0,463,570,761,209,0,839,0,0,200,444,1031,554,211,0,172,0,0,776,0,1071,757,0,1437,1739,1646,961,1420,1453,1452,1081
project/sim_ext.py --sim-time 1.5 --seq-graph project/file/graph_15_nodes.json --traffic project/file/traffic_15_nodes_random.json --inspection-rate 0.001 --mess-rate 0.002 --algorithm greedy,1.319857999997,0,750,348,828,216,0,742,1167,206,0,195,679,0,0,463,570,761,209,0,839,0,0,200,444,1031,554,211,0,172,0,0,776,0,1071,759,0,1437,1739,1646,961,1420,1453,1452,1081
project/sim_ext.py --sim-time 1.5 --seq-graph project/file/graph_15_nodes.json --traffic project/file/traffic_15_nodes_random.json --inspection-rate 0.001 --mess-rate 0.002 --algorithm greedy,1.320918000001,0,750,348,828,216,0,742,1167,206,0,195,679,0,0,463,570,761,209,0,839,0,0,200,444,1031,554,211,0,172,0,0,776,0,1071,759,0,1437,1739,1646,961,1420,1453,1452,1081
project/sim_ext.py --sim-time 1.5 --seq-graph project/file/graph_15_nodes.json --traffic project/file/traffic_15_nodes_random.json --inspection-rate 0.001 --mess-rate 0.002 --algorithm greedy,1.3219999997449043,0,751,348,828,216,0,742,1167,206,0,195,679,0,0,463,570,761,209,0,839,0,0,200,444,1031,554,211,0,172,0,0,776,0,1071,759,0,1437,1739,1646,961,1420,1453,1452,1081
project/sim_ext.py --sim-time 1.5 --seq-graph project/file/graph_15_nodes.json --traffic project/file/traffic_15_nodes_random.json --inspection-rate 0.001 --mess-rate 0.002 --algorithm greedy,1.323030000001,0,751,348,828,216,0,742,1168,206,0,195,679,0,0,463,576,761,209,0,839,0,0,200,444,1031,554,211,0,172,0,0,776,0,1071,759,0,1437,1739,1646,961,1420,1453,1452,1081
project/sim_ext.py --sim-time 1.5 --seq-graph project/file/graph_15_nodes.json --traffic project/file/traffic_15_nodes_random.json --inspection-rate 0.001 --mess-rate 0.002 --algorithm greedy,1.324132000001,0,751,348,828,216,0,742,1168,206,0,195,679,0,0,463,577,761,209,0,839,0,0,200,444,1031,554,211,0,172,0,0,776,0,1071,759,0,1437,1739,1646,961,1420,1453,1452,1081
project/sim_ext.py --sim-time 1.5 --seq-graph project/file/graph_15_nodes.json --traffic project/file/traffic_15_nodes_random.json --inspection-rate 0.001 --mess-rate 0.002 --algorithm greedy,1.3252128942856365,0,751,348,828,216,0,742,1168,206,0,195,679,0,0,463,577,761,209,0,839,0,0,200,444,1031,554,211,0,172,0,0,776,0,1071,759,0,1437,1739,1646,961,1420,1453,1452,1081
project/sim_ext.py --sim-time 1.5 --seq-graph project/file/graph_15_nodes.json --traffic project/file/traffic_15_nodes_random.json --inspection-rate 0.001 --mess-rate 0.002 --algorithm greedy,1.326301797154247,0,753,348,828,216,0,742,1168,206,0,195,679,0,0,463,577,761,209,0,839,0,0,200,444,1031,554,211,0,172,0,0,776,0,1071,759,0,1437,1739,1646,961,1420,1453,1452,1081
project/sim_ext.py --sim-time 1.5 --seq-graph project/file/graph_15_nodes.json --traffic project/file/traffic_15_nodes_random.json --inspection-rate 0.001 --mess-rate 0.002 --algorithm greedy,1.327376000001,0,753,348,828,216,0,742,1168,206,0,195,679,0,0,463,577,761,209,0,839,0,0,200,444,1031,554,211,0,172,0,0,776,0,1071,759,0,1437,1739,1646,961,1420,1453,1452,1081
project/sim_ext.py --sim-time 1.5 --seq-graph project/file/graph_15_nodes.json --traffic project/file/traffic_15_nodes_random.json --inspection-rate 0.001 --mess-rate 0.002 --algorithm greedy,1.328506000001,0,755,348,828,216,0,742,1168,206,0,195,679,0,0,463,577,761,209,0,839,0,0,200,444,1031,554,211,0,172,0,0,776,0,1071,759,0,1437,1739,1646,971,1420,1453,1452,1081
project/sim_ext.py --sim-time 1.5 --seq-graph project/file/graph_15_nodes.json --traffic project/file/traffic_15_nodes_random.json --inspection-rate 0.001 --mess-rate 0.002 --algorithm greedy,1.329570000001,0,755,348,828,216,0,742,1168,206,0,195,679,0,0,463,577,761,209,0,839,0,0,200,444,1031,554,211,0,172,0,0,776,0,1071,759,0,1437,1739,1646,971,1420,1453,1452,1081
project/sim_ext.py --sim-time 1.5 --seq-graph project/file/graph_15_nodes.json --traffic project/file/traffic_15_nodes_random.json --inspection-rate 0.001 --mess-rate 0.002 --algorithm greedy,1.330575999997,0,756,354,833,219,0,749,1177,206,0,195,684,0,0,467,580,768,209,0,847,0,0,201,444,1043,559,211,0,173,0,0,784,0,1080,763,0,1438,1754,1660,975,1434,1469,1467,1087
project/sim_ext.py --sim-time 1.5 --seq-graph project/file/graph_15_nodes.json --traffic project/file/traffic_15_nodes_random.json --inspection-rate 0.001 --mess-rate 0.002 --algorithm greedy,1.331581000001,0,759,356,837,219,0,752,1177,212,0,195,692,0,0,467,580,769,209,0,847,0,0,201,444,1046,559,211,0,175,0,0,784,0,1085,763,0,1439,1767,1676,976,1446,1474,1475,1088
project/sim_ext.py --sim-time 1.5 --seq-graph project/file/graph_15_nodes.json --traffic project/file/traffic_15_nodes_random.json --inspection-rate 0.001 --mess-rate 0.002 --algorithm greedy,1.332704999997,0,759,357,838,220,0,754,1178,212,0,195,692,0,0,468,580,771,209,0,850,0,0,201,444,1053,559,212,0,177,0,0,785,0,1088,764,0,1442,1774,1676,981,1448,1477,1479,1089
project/sim_ext.py --sim-time 1.5 --seq-graph project/file/graph_15_nodes.json --traffic project/file/traffic_15_nodes_random.json --inspection-rate 0.001 --mess-rate 0.002 --algorithm greedy,1.333904999887,0,759,357,842,220,0,755,1179,212,0,196,694,0,0,469,580,771,209,0,850,0,0,201,444,1057,559,212,0,178,0,0,785,0,1089,768,0,1445,1783,1687,990,1451,1481,1486,1089
project/sim_ext.py --sim-time 1.5 --seq-graph project/file/graph_15_nodes.json --traffic project/file/traffic_15_nodes_random.json --inspection-rate 0.001 --mess-rate 0.002 --algorithm greedy,1.334985000001,0,759,357,842,220,0,756,1180,212,0,197,694,0,0,469,581,772,209,0,853,0,0,201,444,1058,559,213,0,179,0,0,785,0,1091,769,0,1447,1785,1689,993,1452,1483,1487,1092
project/sim_ext.py --sim-time 1.5 --seq-graph project/file/graph_15_nodes.json --traffic project/file/traffic_15_nodes_random.json --inspection-rate 0.001 --mess-rate 0.002 --algorithm greedy,1.336333000001,0,760,357,843,220,0,756,1181,213,0,197,694,0,0,471,581,774,209,0,854,0,0,202,444,1058,560,215,0,179,0,0,785,0,1093,769,0,1448,1790,1689,996,1454,1485,1487,1092
project/sim_ext.py --sim-time 1.5 --seq-graph project/file/graph_15_nodes.json --traffic project/file/traffic_15_nodes_random.json --inspection-rate 0.001 --mess-rate 0.002 --algorithm greedy,1.337427000001,0,761,357,846,223,0,756,1181,214,0,197,697,0,0,471,582,775,209,0,854,0,0,202,444,1059,560,215,0,179,0,0,787,0,1093,772,0,1449,1790,1689,997,1455,1488,1491,1093
project/sim_ext.py --sim-time 1.5 --seq-graph project/file/graph_15_nodes.json --traffic project/file/traffic_15_nodes_random.json --inspection-rate 0.001 --mess-rate 0.002 --algorithm greedy,1.338670000001,0,761,358,848,226,0,756,1181,214,0,197,698,0,0,474,582,776,209,0,855,0,0,202,444,1059,560,216,0,179,0,0,787,0,1099,774,0,1452,1790,1689,999,1455,1490,1494,1094
project/sim_ext.py --sim-time 1.5 --seq-graph project/file/graph_15_nodes.json --traffic project/file/traffic_15_nodes_random.json --inspection-rate 0.001 --mess-rate 0.002 --algorithm greedy,1.3397897999969999,0,763,358,852,226,0,759,1181,214,0,198,698,0,0,474,582,776,209,0,855,0,0,202,444,1063,560,219,0,179,0,0,788,0,1099,776,0,1452,1790,1689,999,1457,1491,1496,1097
project/sim_ext.py --sim-time 1.5 --seq-graph project/file/graph_15_nodes.json --traffic project/file/traffic_15_nodes_random.json --inspection-rate 0.001 --mess-rate 0.002 --algorithm greedy,1.340826000001,0,763,358,852,226,0,759,1181,214,0,198,698,0,0,475,582,776,212,0,855,0,0,202,445,1063,560,219,0,179,0,0,788,0,1099,780,0,1461,1790,1689,999,1457,1491,1496,1101
project/sim_ext.py --sim-time 1.5 --seq-graph project/file/graph_15_nodes.json --traffic project/file/traffic_15_nodes_random.json --inspection-rate 0.001 --mess-rate 0.002 --algorithm greedy,1.342057000001,0,764,358,852,226,0,759,1184,214,0,198,698,0,0,475,584,776,212,0,855,0,0,202,446,1065,560,219,0,179,0,0,788,0,1099,780,0,1465,1790,1689,999,1457,1491,1496,1102
project/sim_ext.py --sim-time 1.5 --seq-graph project/file/graph_15_nodes.json --traffic project/file/traffic_15_nodes_random.json --inspection-rate 0.001 --mess-rate 0.002 --algorithm greedy,1.3434549998829999,0,764,358,852,226,0,759,1186,214,0,198,698,0,0,475,585,776,212,0,859,0,0,202,446,1065,561,219,0,179,0,0,790,0,1100,782,0,1465,1790,1689,999,1457,1491,1496,1102
project/sim_ext.py --sim-time 1.5 --seq-graph project/file/graph_15_nodes.json --traffic project/file/traffic_15_nodes_random.json --inspection-rate 0.001 --mess-rate 0.002 --algorithm greedy,1.344794000001,0,764,359,852,226,0,759,1193,214,0,198,698,0,0,476,586,776,212,0,864,0,0,202,448,1065,562,219,0,179,0,0,792,0,1100,782,0,1465,1790,1689,999,1457,1491,1496,1102
project/sim_ext.py --sim-time 1.5 --seq-graph project/file/graph_15_nodes.json --traffic project/file/traffic_15_nodes_random.json --inspection-rate 0.001 --mess-rate 0.002 --algorithm greedy,1.345915000001,0,766,359,852,226,0,759,1197,214,0,198,698,0,0,476,586,776,212,0,864,0,0,202,449,1065,562,219,0,179,0,0,792,0,1100,782,0,1465,1790,1689,999,1457,1491,1496,1102
project/sim_ext.py --sim-time 1.5 --seq-graph project/file/graph_15_nodes.json --traffic project/file/traffic_15_nodes_random.json --inspection-rate 0.001 --mess-rate 0.002 --algorithm greedy,1.3469321040557283,0,766,359,852,226,0,759,1197,214,0,198,698,0,0,476,586,776,212,0,866,0,0,202,451,1065,565,219,0,179,0,0,792,0,1100,782,0,1466,1790,1689,999,1457,1491,1496,1102
project/sim_ext.py --sim-time 1.5 --seq-graph project/file/graph_15_nodes.json --traffic project/file/traffic_15_nodes_random.json --inspection-rate 0.001 --mess-rate 0.002 --algorithm greedy,1.347987000001,0,767,359,852,226,0,759,1198,214,0,198,698,0,0,477,587,776,212,0,866,0,0,202,451,1065,566,219,0,179,0,0,792,0,1101,782,0,1466,1790,1689,999,1457,1491,1496,1102
project/sim_ext.py --sim-time 1.5 --seq-graph project/file/graph_15_nodes.json --traffic project/file/traffic_15_nodes_random.json --inspection-rate 0.001 --mess-rate 0.002 --algorithm greedy,1.348999399997,0,767,359,852,226,0,759,1198,214,0,198,698,0,0,477,588,776,212,0,866,0,0,202,451,1065,566,219,0,179,0,0,795,0,1102,783,0,1466,1790,1689,999,1457,1491,1496,1102
project/sim_ext.py --sim-time 1.5 --seq-graph project/file/graph_15_nodes.json --traffic project/file/traffic_15_nodes_random.json --inspection-rate 0.001 --mess-rate 0.002 --algorithm greedy,1.350034647313224,0,768,359,852,226,0,759,1200,214,0,198,698,0,0,477,588,776,212,0,866,0,0,202,451,1065,566,219,0,179,0,0,795,0,1102,784,0,1466,1790,1689,999,1457,1491,1496,1102
project/sim_ext.py --sim-time 1.5 --seq-graph project/file/graph_15_nodes.json --traffic project/file/traffic_15_nodes_random.json --inspection-rate 0.001 --mess-rate 0.002 --algorithm greedy,1.3511851858659665,0,768,359,852,226,0,759,1202,214,0,198,698,0,0,477,588,776,212,0,866,0,0,202,451,1065,566,219,0,179,0,0,795,0,1102,784,0,1466,1790,1689,999,1457,1491,1496,1102
project/sim_ext.py --sim-time 1.5 --seq-graph project/file/graph_15_nodes.json --traffic project/file/traffic_15_nodes_random.json --inspection-rate 0.001 --mess-rate 0.002 --algorithm greedy,1.3522330000009999,0,769,359,852,226,0,759,1203,214,0,198,698,0,0,477,588,776,212,0,866,0,0,202,451,1065,566,219,0,179,0,0,795,0,1102,784,0,1466,1790,1689,999,1457,1491,1496,1102
project/sim_ext.py --sim-time 1.5 --seq-graph project/file/graph_15_nodes.json --traffic project/file/traffic_15_nodes_random.json --inspection-rate 0.001 --mess-rate 0.002 --algorithm greedy,1.353297000001,0,769,359,852,226,0,759,1203,214,0,198,698,0,0,477,588,776,212,0,866,0,0,202,451,1065,566,219,0,179,0,0,795,0,1102,784,0,1466,1790,1689,999,1457,1491,1496,1102
project/sim_ext.py --sim-time 1.5 --seq-graph project/file/graph_15_nodes.json --traffic project/file/traffic_15_nodes_random.json --inspection-rate 0.001 --mess-rate 0.002 --algorithm greedy,1.354394000001,0,769,359,852,226,0,759,1203,214,0,198,698,0,0,479,588,776,212,0,866,0,0,202,451,1065,566,219,0,179,0,0,795,0,1102,784,0,1466,1790,1689,999,1457,1491,1496,1102
project/sim_ext.py --sim-time 1.5 --seq-graph project/file/graph_15_nodes.json --traffic project/file/traffic_15_nodes_random.json --inspection-rate 0.001 --mess-rate 0.002 --algorithm greedy,1.3554100000009999,0,770,359,852,226,0,759,1203,214,0,198,698,0,0,479,588,776,212,0,866,0,0,202,454,1065,566,219,0,179,0,0,795,0,1102,784,0,1466,1790,1689,999,1457,1491,1496,1102
project/sim_ext.py --sim-time 1.5 --seq-graph project/file/graph_15_nodes.json --traffic project/file/traffic_15_nodes_random.json --inspection-rate 0.001 --mess-rate 0.002 --algorithm greedy,1.3564101270420452,0,770,359,852,226,0,759,1203,214,0,198,698,0,0,479,588,776,212,0,866,0,0,202,455,1065,566,219,0,179,0,0,795,0,1102,784,0,1466,1790,1689,999,1457,1491,1496,1102
project/sim_ext.py --sim-time 1.5 --seq-graph project/file/graph_15_nodes.json --traffic project/file/traffic_15_nodes_random.json --inspection-rate 0.001 --mess-rate 0.002 --algorithm greedy,1.357420000001,0,770,359,852,226,0,759,1203,214,0,198,698,0,0,479,588,776,212,0,866,0,0,202,455,1065,566,219,0,179,0,0,795,0,1102,784,0,1466,1790,1689,999,1457,1491,1496,1102
project/sim_ext.py --sim-time 1.5 --seq-graph project/file/graph_15_nodes.json --traffic project/file/traffic_15_nodes_random.json --inspection-rate 0.001 --mess-rate 0.002 --algorithm greedy,1.358580000001,0,772,359,852,226,0,759,1203,214,0,198,698,0,0,479,588,776,212,0,866,0,0,202,456,1065,566,219,0,179,0,0,795,0,1102,784,0,1466,1790,1689,999,1457,1491,1496,1102
project/sim_ext.py --sim-time 1.5 --seq-graph project/file/graph_15_nodes.json --traffic project/file/traffic_15_nodes_random.json --inspection-rate 0.001 --mess-rate 0.002 --algorithm greedy,1.3595813313933667,0,773,359,852,226,0,759,1203,214,0,198,698,0,0,479,588,776,212,0,866,0,0,202,456,1065,566,219,0,179,0,0,795,0,1102,784,0,1466,1790,1689,999,1457,1491,1496,1102
project/sim_ext.py --sim-time 1.5 --seq-graph project/file/graph_15_nodes.json --traffic project/file/traffic_15_nodes_random.json --inspection-rate 0.001 --mess-rate 0.002 --algorithm greedy,1.360609000001,0,776,359,852,226,0,759,1203,214,0,198,698,0,0,479,588,776,212,0,866,0,0,202,456,1065,566,219,0,179,0,0,795,0,1102,784,0,1466,1790,1689,999,1457,1491,1496,1102
project/sim_ext.py --sim-time 1.5 --seq-graph project/file/graph_15_nodes.json --traffic project/file/traffic_15_nodes_random.json --inspection-rate 0.001 --mess-rate 0.002 --algorithm greedy,1.361687000001,0,777,359,858,226,0,759,1214,214,0,198,698,0,0,479,592,785,212,0,866,0,0,202,457,1065,566,219,0,179,0,0,795,0,1102,784,0,1466,1810,1705,999,1457,1491,1496,1102
project/sim_ext.py --sim-time 1.5 --seq-graph project/file/graph_15_nodes.json --traffic project/file/traffic_15_nodes_random.json --inspection-rate 0.001 --mess-rate 0.002 --algorithm greedy,1.362925000001,0,778,359,858,226,0,759,1215,214,0,198,698,0,0,479,593,785,212,0,866,0,0,202,457,1065,566,219,0,179,0,0,795,0,1102,784,0,1466,1810,1705,999,1457,1491,1496,1102
project/sim_ext.py --sim-time 1.5 --seq-graph project/file/graph_15_nodes.json --traffic project/file/traffic_15_nodes_random.json --inspection-rate 0.001 --mess-rate 0.002 --algorithm greedy,1.363964999887,0,779,359,858,226,0,759,1215,214,0,198,698,0,0,479,593,785,212,0,866,0,0,202,457,1065,566,219,0,179,0,0,795,0,1102,784,0,1466,1810,1705,999,1457,1491,1496,1102
project/sim_ext.py --sim-time 1.5 --seq-graph project/file/graph_15_nodes.json --traffic project/file/traffic_15_nodes_random.json --inspection-rate 0.001 --mess-rate 0.002 --algorithm greedy,1.3651130000009999,0,780,359,858,226,0,759,1215,214,0,198,698,0,0,479,594,793,212,0,866,0,0,202,457,1065,566,219,0,179,0,0,795,0,1102,784,0,1466,1816,1706,999,1457,1491,1496,1102
project/sim_ext.py --sim-time 1.5 --seq-graph project/file/graph_15_nodes.json --traffic project/file/traffic_15_nodes_random.json --inspection-rate 0.001 --mess-rate 0.002 --algorithm greedy,1.366117000001,0,780,359,858,226,0,759,1216,214,0,198,698,0,0,479,597,793,212,0,866,0,0,202,457,1065,566,219,0,179,0,0,795,0,1102,784,0,1466,1817,1707,999,1457,1491,1496,1102
project/sim_ext.py --sim-time 1.5 --seq-graph project/file/graph_15_nodes.json --traffic project/file/traffic_15_nodes_random.json --inspection-rate 0.001 --mess-rate 0.002 --algorithm greedy,1.3672552974923198,0,780,359,858,226,0,759,1216,214,0,198,698,0,0,479,597,794,212,0,866,0,0,202,457,1065,566,219,0,179,0,0,795,0,1102,784,0,1466,1820,1707,999,1457,1491,1496,1102
project/sim_ext.py --sim-time 1.5 --seq-graph project/file/graph_15_nodes.json --traffic project/file/traffic_15_nodes_random.json --inspection-rate 0.001 --mess-rate 0.002 --algorithm greedy,1.368308000001,0,784,359,858,226,0,759,1216,214,0,198,698,0,0,479,597,796,212,0,866,0,0,202,457,1065,566,219,0,179,0,0,795,0,1102,784,0,1466,1821,1707,999,1457,1491,1496,1102
project/sim_ext.py --sim-time 1.5 --seq-graph project/file/graph_15_nodes.json --traffic project/file/traffic_15_nodes_random.json --inspection-rate 0.001 --mess-rate 0.002 --algorithm greedy,1.369447000001,0,784,359,858,226,0,759,1216,214,0,198,698,0,0,479,597,796,212,0,866,0,0,202,457,1065,566,219,0,179,0,0,795,0,1102,784,0,1466,1823,1707,999,1457,1491,1496,1102
project/sim_ext.py --sim-time 1.5 --seq-graph project/file/graph_15_nodes.json --traffic project/file/traffic_15_nodes_random.json --inspection-rate 0.001 --mess-rate 0.002 --algorithm greedy,1.370513000001,0,784,359,858,226,0,759,1216,214,0,198,698,0,0,479,597,797,212,0,866,0,0,202,457,1065,566,219,0,179,0,0,795,0,1102,784,0,1466,1823,1707,1009,1457,1491,1496,1102
project/sim_ext.py --sim-time 1.5 --seq-graph project/file/graph_15_nodes.json --traffic project/file/traffic_15_nodes_random.json --inspection-rate 0.001 --mess-rate 0.002 --algorithm greedy,1.371712999997,0,784,361,867,226,0,769,1226,216,0,198,708,0,0,481,601,797,212,0,870,0,0,202,461,1078,573,221,0,179,0,0,799,0,1121,793,0,1489,1823,1714,1029,1474,1510,1515,1121
project/sim_ext.py --sim-time 1.5 --seq-graph project/file/graph_15_nodes.json --traffic project/file/traffic_15_nodes_random.json --inspection-rate 0.001 --mess-rate 0.002 --algorithm greedy,1.372871399997,0,784,361,868,227,0,770,1226,216,0,198,710,0,0,481,601,797,212,0,871,0,0,203,463,1078,574,222,0,179,0,0,799,0,1124,793,0,1492,1823,1714,1031,1474,1511,1517,1121
project/sim_ext.py --sim-time 1.5 --seq-graph project/file/graph_15_nodes.json --traffic project/file/traffic_15_nodes_random.json --inspection-rate 0.001 --mess-rate 0.002 --algorithm greedy,1.374042599997,0,784,362,869,227,0,770,1226,216,0,198,713,0,0,481,601,797,212,0,872,0,0,203,464,1080,574,222,0,181,0,0,803,0,1124,793,0,1497,1823,1715,1032,1475,1512,1521,1122
project/sim_ext.py --sim-time 1.5 --seq-graph project/file/graph_15_nodes.json --traffic project/file/traffic_15_nodes_random.json --inspection-rate 0.001 --mess-rate 0.002 --algorithm greedy,1.3751240000009999,0,784,363,872,228,0,771,1228,216,0,198,714,0,0,483,602,798,215,0,877,0,0,204,466,1083,574,223,0,181,0,0,805,0,1124,793,0,1502,1823,1715,1039,1475,1517,1525,1126
project/sim_ext.py --sim-time 1.5 --seq-graph project/file/graph_15_nodes.json --traffic project/file/traffic_15_nodes_random.json --inspection-rate 0.001 --mess-rate 0.002 --algorithm greedy,1.376137599997,0,784,363,874,229,0,771,1229,216,0,198,717,0,0,484,602,798,215,0,877,0,0,204,466,1083,575,223,0,181,0,0,805,0,1125,794,0,1505,1823,1715,1039,1479,1520,1528,1129
project/sim_ext.py --sim-time 1.5 --seq-graph project/file/graph_15_nodes.json --traffic project/file/traffic_15_nodes_random.json --inspection-rate 0.001 --mess-rate 0.002 --algorithm greedy,1.377354000001,0,784,365,874,230,0,771,1229,217,0,198,718,0,0,484,603,798,215,0,877,0,0,205,468,1083,575,224,0,181,0,0,805,0,1125,794,0,1511,1823,1715,1041,1482,1522,1531,1134
project/sim_ext.py --sim-time 1.5 --seq-graph project/file/graph_15_nodes.json --traffic project/file/traffic_15_nodes_random.json --inspection-rate 0.001 --mess-rate 0.002 --algorithm greedy,1.3783753999969999,0,785,367,874,230,0,772,1234,218,0,198,718,0,0,486,604,798,216,0,877,0,0,205,468,1085,575,224,0,181,0,0,805,0,1128,794,0,1512,1823,1715,1043,1484,1525,1536,1135
project/sim_ext.py --sim-time 1.5 --seq-graph project/file/graph_15_nodes.json --traffic project/file/traffic_15_nodes_random.json --inspection-rate 0.001 --mess-rate 0.002 --algorithm greedy,1.379424999997,0,785,367,874,231,0,772,1236,219,0,198,720,0,0,486,605,798,216,0,877,0,0,205,469,1085,575,224,0,181,0,0,805,0,1129,794,0,1512,1823,1715,1043,1484,1529,1539,1137
project/sim_ext.py --sim-time 1.5 --seq-graph project/file/graph_15_nodes.json --traffic project/file/traffic_15_nodes_random.json --inspection-rate 0.001 --mess-rate 0.002 --algorithm greedy,1.380527000001,0,785,367,874,231,0,776,1236,219,0,198,722,0,0,487,605,798,216,0,877,0,0,205,469,1085,575,224,0,181,0,0,805,0,1130,794,0,1512,1823,1715,1043,1484,1531,1540,1137
project/sim_ext.py --sim-time 1.5 --seq-graph project/file/graph_15_nodes.json --traffic project/file/traffic_15_nodes_random.json --inspection-rate 0.001 --mess-rate 0.002 --algorithm greedy,1.3815881999969999,0,785,367,874,231,0,776,1236,219,0,198,726,0,0,487,605,798,216,0,878,0,0,205,469,1087,575,224,0,181,0,0,805,0,1130,794,0,1512,1823,1715,1043,1486,1532,1540,1137
project/sim_ext.py --sim-time 1.5 --seq-graph project/file/graph_15_nodes.json --traffic project/file/traffic_15_nodes_random.json --inspection-rate 0.001 --mess-rate 0.002 --algorithm greedy,1.382686000001,0,785,367,874,231,0,776,1236,219,0,198,726,0,0,488,605,798,216,0,888,0,0,205,469,1087,576,224,0,181,0,0,806,0,1130,800,0,1512,1823,1715,1043,1486,1532,1540,1137
project/sim_ext.py --sim-time 1.5 --seq-graph project/file/graph_15_nodes.json --traffic project/file/traffic_15_nodes_random.json --inspection-rate 0.001 --mess-rate 0.002 --algorithm greedy,1.384005000001,0,788,367,874,231,0,778,1236,219,0,198,726,0,0,490,605,798,216,0,889,0,0,205,469,1087,576,224,0,181,0,0,806,0,1130,800,0,1512,1823,1715,1043,1486,1532,1540,1137
project/sim_ext.py --sim-time 1.5 --seq-graph project/file/graph_15_nodes.json --traffic project/file/traffic_15_nodes_random.json --inspection-rate 0.001 --mess-rate 0.002 --algorithm greedy,1.385043000001,0,788,370,874,231,0,778,1236,219,0,198,726,0,0,491,605,798,216,0,890,0,0,205,469,1087,576,224,0,181,0,0,806,0,1130,800,0,1512,1823,1715,1043,1486,1532,1540,1137
project/sim_ext.py --sim-time 1.5 --seq-graph project/file/graph_15_nodes.json --traffic project/file/traffic_15_nodes_random.json --inspection-rate 0.001 --mess-rate 0.002 --algorithm greedy,1.386229000001,0,788,370,874,231,0,778,1236,219,0,198,726,0,0,491,605,798,216,0,890,0,0,205,469,1087,578,224,0,181,0,0,806,0,1130,801,0,1512,1823,1715,1043,1486,1532,1540,1137
project/sim_ext.py --sim-time 1.5 --seq-graph project/file/graph_15_nodes.json --traffic project/file/traffic_15_nodes_random.json --inspection-rate 0.001 --mess-rate 0.002 --algorithm greedy,1.387244000001,0,790,370,874,231,0,778,1236,219,0,198,726,0,0,491,605,798,216,0,890,0,0,205,469,1087,578,224,0,181,0,0,806,0,1130,801,0,1512,1823,1715,1043,1486,1532,1540,1137
project/sim_ext.py --sim-time 1.5 --seq-graph project/file/graph_15_nodes.json --traffic project/file/traffic_15_nodes_random.json --inspection-rate 0.001 --mess-rate 0.002 --algorithm greedy,1.3885330000009999,0,790,370,874,231,0,779,1236,219,0,198,726,0,0,491,605,798,216,0,890,0,0,205,469,1087,579,224,0,181,0,0,807,0,1130,801,0,1512,1823,1715,1043,1486,1532,1540,1137
project/sim_ext.py --sim-time 1.5 --seq-graph project/file/graph_15_nodes.json --traffic project/file/traffic_15_nodes_random.json --inspection-rate 0.001 --mess-rate 0.002 --algorithm greedy,1.389549000001,0,790,370,874,231,0,780,1236,219,0,198,726,0,0,491,605,798,216,0,890,0,0,205,469,1087,579,224,0,181,0,0,807,0,1130,803,0,1512,1823,1715,1043,1486,1532,1540,1137
project/sim_ext.py --sim-time 1.5 --seq-graph project/file/graph_15_nodes.json --traffic project/file/traffic_15_nodes_random.json --inspection-rate 0.001 --mess-rate 0.002 --algorithm greedy,1.3905517954314561,0,790,370,874,231,0,783,1236,219,0,198,726,0,0,491,605,798,216,0,890,0,0,205,469,1087,579,224,0,181,0,0,808,0,1130,803,0,1512,1823,1715,1043,1486,1532,1540,1137
project/sim_ext.py --sim-time 1.5 --seq-graph project/file/graph_15_nodes.json --traffic project/file/traffic_15_nodes_random.json --inspection-rate 0.001 --mess-rate 0.002 --algorithm greedy,1.3916560000009999,0,790,370,874,231,0,784,1236,219,0,198,726,0,0,491,605,798,216,0,890,0,0,205,469,1087,579,224,0,181,0,0,810,0,1130,804,0,1512,1823,1715,1043,1486,1532,1540,1137
project/sim_ext.py --sim-time 1.5 --seq-graph project/file/graph_15_nodes.json --traffic project/file/traffic_15_nodes_random.json --inspection-rate 0.001 --mess-rate 0.002 --algorithm greedy,1.392817000001,0,790,370,874,231,0,784,1236,219,0,198,726,0,0,491,605,798,216,0,890,0,0,205,469,1087,581,224,0,181,0,0,810,0,1130,805,0,1512,1823,1715,1043,1486,1532,1540,1137
project/sim_ext.py --sim-time 1.5 --seq-graph project/file/graph_15_nodes.json --traffic project/file/traffic_15_nodes_random.json --inspection-rate 0.001 --mess-rate 0.002 --algorithm greedy,1.393882000001,0,790,370,874,231,0,784,1236,219,0,198,726,0,0,491,605,798,216,0,890,0,0,205,469,1087,581,224,0,181,0,0,810,0,1130,805,0,1512,1823,1715,1043,1486,1532,1540,1137
project/sim_ext.py --sim-time 1.5 --seq-graph project/file/graph_15_nodes.json --traffic project/file/traffic_15_nodes_random.json --inspection-rate 0.001 --mess-rate 0.002 --algorithm greedy,1.394979000001,0,793,370,874,231,0,784,1236,219,0,198,726,0,0,491,605,798,216,0,890,0,0,205,469,1087,582,224,0,181,0,0,810,0,1130,807,0,1512,1823,1715,1043,1486,1532,1540,1137
project/sim_ext.py --sim-time 1.5 --seq-graph project/file/graph_15_nodes.json --traffic project/file/traffic_15_nodes_random.json --inspection-rate 0.001 --mess-rate 0.002 --algorithm greedy,1.396219000001,0,793,370,874,231,0,784,1236,219,0,198,726,0,0,491,605,798,216,0,890,0,0,205,469,1087,582,224,0,181,0,0,810,0,1130,808,0,1512,1823,1715,1043,1486,1532,1540,1137
project/sim_ext.py --sim-time 1.5 --seq-graph project/file/graph_15_nodes.json --traffic project/file/traffic_15_nodes_random.json --inspection-rate 0.001 --mess-rate 0.002 --algorithm greedy,1.3973080000009999,0,794,370,874,231,0,784,1236,219,0,198,726,0,0,491,605,798,216,0,890,0,0,205,469,1087,582,224,0,181,0,0,810,0,1130,808,0,1512,1823,1715,1043,1486,1532,1540,1137
project/sim_ext.py --sim-time 1.5 --seq-graph project/file/graph_15_nodes.json --traffic project/file/traffic_15_nodes_random.json --inspection-rate 0.001 --mess-rate 0.002 --algorithm greedy,1.3983200000009999,0,794,370,874,231,0,784,1236,219,0,198,726,0,0,491,605,798,216,0,890,0,0,205,469,1087,584,224,0,181,0,0,814,0,1130,808,0,1512,1823,1715,1043,1486,1532,1540,1137
project/sim_ext.py --sim-time 1.5 --seq-graph project/file/graph_15_nodes.json --traffic project/file/traffic_15_nodes_random.json --inspection-rate 0.001 --mess-rate 0.002 --algorithm greedy,1.399628000001,0,794,370,874,231,0,784,1236,219,0,198,726,0,0,491,605,798,216,0,890,0,0,205,469,1087,584,224,0,181,0,0,814,0,1130,808,0,1512,1823,1715,1043,1486,1532,1540,1137
project/sim_ext.py --sim-time 1.5 --seq-graph project/file/graph_15_nodes.json --traffic project/file/traffic_15_nodes_random.json --inspection-rate 0.001 --mess-rate 0.002 --algorithm greedy,1.400630399997,0,794,370,874,231,0,784,1236,219,0,198,726,0,0,491,605,798,216,0,890,0,0,205,469,1087,584,224,0,181,0,0,814,0,1130,808,0,1512,1823,1715,1043,1486,1532,1540,1137
project/sim_ext.py --sim-time 1.5 --seq-graph project/file/graph_15_nodes.json --traffic project/file/traffic_15_nodes_random.json --inspection-rate 0.001 --mess-rate 0.002 --algorithm greedy,1.401693000001,0,794,370,874,231,0,784,1236,219,0,198,726,0,0,491,605,798,216,0,890,0,0,205,469,1087,584,224,0,181,0,0,814,0,1130,808,0,1512,1823,1715,1043,1486,1532,1540,1137
project/sim_ext.py --sim-time 1.5 --seq-graph project/file/graph_15_nodes.json --traffic project/file/traffic_15_nodes_random.json --inspection-rate 0.001 --mess-rate 0.002 --algorithm greedy,1.4027410000009999,0,797,371,883,232,0,795,1250,220,0,202,738,0,0,493,605,804,216,0,898,0,0,210,472,1105,584,227,0,186,0,0,816,0,1138,810,0,1545,1847,1736,1043,1517,1554,1565,1143
project/sim_ext.py --sim-time 1.5 --seq-graph project/file/graph_15_nodes.json --traffic project/file/traffic_15_nodes_random.json --inspection-rate 0.001 --mess-rate 0.002 --algorithm greedy,1.404045000001,0,797,372,886,234,0,797,1253,220,0,202,740,0,0,493,606,807,217,0,899,0,0,211,472,1107,585,228,0,186,0,0,817,0,1139,812,0,1552,1853,1737,1043,1519,1557,1571,1151
project/sim_ext.py --sim-time 1.5 --seq-graph project/file/graph_15_nodes.json --traffic project/file/traffic_15_nodes_random.json --inspection-rate 0.001 --mess-rate 0.002 --algorithm greedy,1.4051039999969999,0,800,372,886,235,0,798,1256,221,0,202,742,0,0,493,607,809,217,0,901,0,0,213,472,1108,586,228,0,186,0,0,817,0,1142,813,0,1553,1862,1742,1043,1519,1558,1575,1151
project/sim_ext.py --sim-time 1.5 --seq-graph project/file/graph_15_nodes.json --traffic project/file/traffic_15_nodes_random.json --inspection-rate 0.001 --mess-rate 0.002 --algorithm greedy,1.406323000001,0,801,373,886,236,0,798,1258,221,0,203,742,0,0,494,607,809,217,0,901,0,0,213,473,1110,587,228,0,187,0,0,819,0,1143,816,0,1555,1870,1747,1043,1522,1562,1578,1154
project/sim_ext.py --sim-time 1.5 --seq-graph project/file/graph_15_nodes.json --traffic project/file/traffic_15_nodes_random.json --inspection-rate 0.001 --mess-rate 0.002 --algorithm greedy,1.407437000001,0,801,373,890,236,0,799,1261,221,0,203,745,0,0,494,608,811,218,0,904,0,0,213,473,1111,588,228,0,188,0,0,821,0,1147,816,0,1561,1877,1749,1043,1524,1565,1580,1156
project/sim_ext.py --sim-time 1.5 --seq-graph project/file/graph_15_nodes.json --traffic project/file/traffic_15_nodes_random.json --inspection-rate 0.001 --mess-rate 0.002 --algorithm greedy,1.408445000001,0,801,373,891,236,0,799,1261,222,0,203,746,0,0,496,608,811,218,0,906,0,0,215,476,1111,589,229,0,188,0,0,821,0,1150,817,0,1562,1877,1751,1043,1527,1570,1585,1158
project/sim_ext.py --sim-time 1.5 --seq-graph project/file/graph_15_nodes.json --traffic project/file/traffic_15_nodes_random.json --inspection-rate 0.001 --mess-rate 0.002 --algorithm greedy,1.4094510000009999,0,801,374,892,237,0,799,1261,225,0,203,748,0,0,496,608,811,219,0,906,0,0,215,477,1113,589,229,0,188,0,0,823,0,1150,818,0,1562,1877,1752,1043,1528,1573,1587,1159
project/sim_ext.py --sim-time 1.5 --seq-graph project/file/graph_15_nodes.json --traffic project/file/traffic_15_nodes_random.json --inspection-rate 0.001 --mess-rate 0.002 --algorithm greedy,1.410457000001,0,802,374,894,237,0,802,1264,225,0,204,749,0,0,497,609,811,219,0,906,0,0,215,477,1114,589,229,0,189,0,0,823,0,1150,819,0,1562,1877,1755,1043,1528,1574,1587,1159
project/sim_ext.py --sim-time 1.5 --seq-graph project/file/graph_15_nodes.json --traffic project/file/traffic_15_nodes_random.json --inspection-rate 0.001 --mess-rate 0.002 --algorithm greedy,1.411477000001,0,802,374,895,237,0,802,1264,225,0,204,749,0,0,497,609,811,219,0,909,0,0,215,477,1114,589,229,0,189,0,0,823,0,1150,819,0,1562,1877,1755,1043,1528,1574,1587,1160
project/sim_ext.py --sim-time 1.5 --seq-graph project/file/graph_15_nodes.json --traffic project/file/traffic_15_nodes_random.json --inspection-rate 0.001 --mess-rate 0.002 --algorithm greedy,1.412487000001,0,802,374,895,237,0,802,1264,225,0,204,749,0,0,497,609,812,219,0,909,0,0,215,477,1114,589,229,0,189,0,0,823,0,1150,819,0,1562,1877,1758,1043,1528,1574,1587,1160
project/sim_ext.py --sim-time 1.5 --seq-graph project/file/graph_15_nodes.json --traffic project/file/traffic_15_nodes_random.json --inspection-rate 0.001 --mess-rate 0.002 --algorithm greedy,1.413810295713524,0,802,374,896,237,0,808,1264,225,0,204,749,0,0,498,609,812,219,0,910,0,0,215,477,1116,589,229,0,189,0,0,823,0,1150,819,0,1562,1877,1759,1043,1528,1574,1587,1162
project/sim_ext.py --sim-time 1.5 --seq-graph project/file/graph_15_nodes.json --traffic project/file/traffic_15_nodes_random.json --inspection-rate 0.001 --mess-rate 0.002 --algorithm greedy,1.4148297999969999,0,802,374,897,237,0,809,1264,225,0,204,749,0,0,498,609,812,219,0,911,0,0,215,477,1116,589,229,0,189,0,0,823,0,1150,819,0,1562,1877,1759,1054,1528,1574,1587,1162
project/sim_ext.py --sim-time 1.5 --seq-graph project/file/graph_15_nodes.json --traffic project/file/traffic_15_nodes_random.json --inspection-rate 0.001 --mess-rate 0.002 --algorithm greedy,1.415855999997,0,802,374,897,237,0,809,1265,225,0,204,749,0,0,499,616,812,219,0,915,0,0,215,477,1116,589,229,0,189,0,0,826,0,1150,820,0,1562,1877,1759,1062,1528,1574,1587,1162
project/sim_ext.py --sim-time 1.5 --seq-graph project/file/graph_15_nodes.json --traffic project/file/traffic_15_nodes_random.json --inspection-rate 0.001 --mess-rate 0.002 --algorithm greedy,1.416861000001,0,804,374,897,237,0,810,1267,225,0,204,749,0,0,499,617,812,219,0,916,0,0,215,477,1116,589,229,0,189,0,0,828,0,1152,820,0,1562,1877,1759,1063,1528,1574,1587,1162
project/sim_ext.py --sim-time 1.5 --seq-graph project/file/graph_15_nodes.json --traffic project/file/traffic_15_nodes_random.json --inspection-rate 0.001 --mess-rate 0.002 --algorithm greedy,1.418001000001,0,805,376,897,237,0,810,1267,225,0,204,749,0,0,499,617,812,219,0,916,0,0,215,477,1116,589,229,0,189,0,0,829,0,1152,820,0,1562,1877,1759,1063,1528,1574,1587,1162
project/sim_ext.py --sim-time 1.5 --seq-graph project/file/graph_15_nodes.json --traffic project/file/traffic_15_nodes_random.json --inspection-rate 0.001 --mess-rate 0.002 --algorithm greedy,1.419045000001,0,805,376,898,237,0,810,1270,225,0,204,749,0,0,499,617,812,219,0,916,0,0,215,477,1116,589,229,0,189,0,0,829,0,1153,820,0,1562,1877,1759,1065,1528,1574,1587,1162
project/sim_ext.py --sim-time 1.5 --seq-graph project/file/graph_15_nodes.json --traffic project/file/traffic_15_nodes_random.json --inspection-rate 0.001 --mess-rate 0.002 --algorithm greedy,1.420307370770691,0,805,376,898,237,0,810,1270,225,0,204,749,0,0,499,617,812,219,0,916,0,0,215,477,1116,590,229,0,189,0,0,829,0,1153,820,0,1562,1877,1759,1065,1528,1574,1587,1162
project/sim_ext.py --sim-time 1.5 --seq-graph project/file/graph_15_nodes.json --traffic project/file/traffic_15_nodes_random.json --inspection-rate 0.001 --mess-rate 0.002 --algorithm greedy,1.421316000001,0,805,376,898,237,0,811,1270,225,0,204,749,0,0,499,617,812,219,0,916,0,0,215,477,1116,591,229,0,189,0,0,829,0,1153,821,0,1562,1877,1759,1065,1528,1574,1587,1162
project/sim_ext.py --sim-time 1.5 --seq-graph project/file/graph_15_nodes.json --traffic project/file/traffic_15_nodes_random.json --inspection-rate 0.001 --mess-rate 0.002 --algorithm greedy,1.422696000001,0,805,376,898,237,0,811,1270,225,0,204,749,0,0,499,617,812,219,0,916,0,0,215,477,1116,591,229,0,189,0,0,831,0,1153,821,0,1562,1877,1759,1065,1528,1574,1587,1162
project/sim_ext.py --sim-time 1.5 --seq-graph project/file/graph_15_nodes.json --traffic project/file/traffic_15_nodes_random.json --inspection-rate 0.001 --mess-rate 0.002 --algorithm greedy,1.423726000001,0,805,376,898,237,0,811,1270,225,0,204,749,0,0,499,617,812,219,0,916,0,0,215,477,1116,592,229,0,189,0,0,831,0,1153,822,0,1562,1877,1759,1065,1528,1574,1587,1162
project/sim_ext.py --sim-time 1.5 --seq-graph project/file/graph_15_nodes.json --traffic project/file/traffic_15_nodes_random.json --inspection-rate 0.001 --mess-rate 0.002 --algorithm greedy,1.4248039454114507,0,805,376,898,237,0,811,1270,225,0,204,749,0,0,499,617,812,219,0,916,0,0,215,477,1116,594,229,0,189,0,0,831,0,1153,822,0,1562,1877,1759,1065,1528,1574,1587,1162
project/sim_ext.py --sim-time 1.5 --seq-graph project/file/graph_15_nodes.json --traffic project/file/traffic_15_nodes_random.json --inspection-rate 0.001 --mess-rate 0.002 --algorithm greedy,1.425995000001,0,805,376,898,237,0,811,1270,225,0,204,749,0,0,499,617,812,219,0,916,0,0,215,477,1116,594,229,0,189,0,0,831,0,1153,824,0,1562,1877,1759,1065,1528,1574,1587,1162
project/sim_ext.py --sim-time 1.5 --seq-graph project/file/graph_15_nodes.json --traffic project/file/traffic_15_nodes_random.json --inspection-rate 0.001 --mess-rate 0.002 --algorithm greedy,1.427044000001,0,805,376,898,237,0,811,1272,225,0,204,749,0,0,499,618,812,219,0,916,0,0,215,477,1116,597,229,0,189,0,0,835,0,1153,824,0,1562,1877,1759,1068,1528,1574,1587,1162
project/sim_ext.py --sim-time 1.5 --seq-graph project/file/graph_15_nodes.json --traffic project/file/traffic_15_nodes_random.json --inspection-rate 0.001 --mess-rate 0.002 --algorithm greedy,1.4280447157378198,0,807,376,898,237,0,811,1272,225,0,204,749,0,0,499,619,812,219,0,916,0,0,215,477,1116,597,229,0,189,0,0,835,0,1153,825,0,1562,1877,1759,1068,1528,1574,1587,1162
project/sim_ext.py --sim-time 1.5 --seq-graph project/file/graph_15_nodes.json --traffic project/file/traffic_15_nodes_random.json --inspection-rate 0.001 --mess-rate 0.002 --algorithm greedy,1.429105000001,0,807,376,898,237,0,811,1272,225,0,204,749,0,0,499,619,812,219,0,916,0,0,215,477,1116,597,229,0,189,0,0,835,0,1153,825,0,1562,1877,1759,1068,1528,1574,1587,1162
project/sim_ext.py --sim-time 1.5 --seq-graph project/file/graph_15_nodes.json --traffic project/file/traffic_15_nodes_random.json --inspection-rate 0.001 --mess-rate 0.002 --algorithm greedy,1.430164000001,0,807,376,898,237,0,811,1272,225,0,204,749,0,0,499,619,812,219,0,916,0,0,215,477,1116,599,229,0,189,0,0,835,0,1153,827,0,1562,1877,1759,1068,1528,1574,1587,1162
project/sim_ext.py --sim-time 1.5 --seq-graph project/file/graph_15_nodes.json --traffic project/file/traffic_15_nodes_random.json --inspection-rate 0.001 --mess-rate 0.002 --algorithm greedy,1.431217000001,0,807,376,898,237,0,811,1272,225,0,204,749,0,0,499,619,812,219,0,916,0,0,215,477,1116,599,229,0,189,0,0,835,0,1153,827,0,1562,1877,1759,1068,1528,1574,1587,1162
project/sim_ext.py --sim-time 1.5 --seq-graph project/file/graph_15_nodes.json --traffic project/file/traffic_15_nodes_random.json --inspection-rate 0.001 --mess-rate 0.002 --algorithm greedy,1.4322260000009999,0,808,376,898,237,0,811,1272,225,0,204,749,0,0,499,619,812,219,0,916,0,0,215,477,1116,599,229,0,189,0,0,835,0,1153,827,0,1562,1877,1759,1068,1528,1574,1587,1162
project/sim_ext.py --sim-time 1.5 --seq-graph project/file/graph_15_nodes.json --traffic project/file/traffic_15_nodes_random.json --inspection-rate 0.001 --mess-rate 0.002 --algorithm greedy,1.433238399997,0,811,379,906,239,0,817,1274,228,0,206,762,0,0,503,623,824,219,0,916,0,0,216,477,1134,600,229,0,190,0,0,839,0,1153,830,0,1562,1906,1778,1068,1551,1596,1605,1172
project/sim_ext.py --sim-time 1.5 --seq-graph project/file/graph_15_nodes.json --traffic project/file/traffic_15_nodes_random.json --inspection-rate 0.001 --mess-rate 0.002 --algorithm greedy,1.434257000001,0,812,379,906,239,0,817,1274,228,0,206,765,0,0,503,623,826,219,0,916,0,0,216,477,1135,600,229,0,190,0,0,839,0,1153,830,0,1562,1909,1778,1068,1556,1597,1607,1172
project/sim_ext.py --sim-time 1.5 --seq-graph project/file/graph_15_nodes.json --traffic project/file/traffic_15_nodes_random.json --inspection-rate 0.001 --mess-rate 0.002 --algorithm greedy,1.435433599997,0,812,379,908,241,0,817,1279,230,0,207,768,0,0,503,624,827,219,0,916,0,0,216,477,1137,600,229,0,191,0,0,840,0,1153,835,0,1562,1916,1782,1068,1558,1599,1609,1174
project/sim_ext.py --sim-time 1.5 --seq-graph project/file/graph_15_nodes.json --traffic project/file/traffic_15_nodes_random.json --inspection-rate 0.001 --mess-rate 0.002 --algorithm greedy,1.4364996489393986,0,813,382,908,241,0,818,1279,230,0,208,770,0,0,504,625,830,219,0,916,0,0,217,477,1139,600,229,0,192,0,0,841,0,1153,836,0,1562,1920,1782,1068,1559,1602,1611,1175
project/sim_ext.py --sim-time 1.5 --seq-graph project/file/graph_15_nodes.json --traffic project/file/traffic_15_nodes_random.json --inspection-rate 0.001 --mess-rate 0.002 --algorithm greedy,1.437550000001,0,815,382,908,241,0,819,1279,230,0,208,773,0,0,504,625,832,219,0,916,0,0,217,477,1139,601,229,0,192,0,0,841,0,1153,836,0,1562,1925,1785,1068,1563,1602,1611,1175
project/sim_ext.py --sim-time 1.5 --seq-graph project/file/graph_15_nodes.json --traffic project/file/traffic_15_nodes_random.json --inspection-rate 0.001 --mess-rate 0.002 --algorithm greedy,1.438608000001,0,817,382,914,241,0,819,1279,230,0,209,774,0,0,504,625,834,219,0,916,0,0,217,477,1141,602,229,0,193,0,0,841,0,1153,836,0,1562,1927,1796,1068,1565,1602,1612,1176
project/sim_ext.py --sim-time 1.5 --seq-graph project/file/graph_15_nodes.json --traffic project/file/traffic_15_nodes_random.json --inspection-rate 0.001 --mess-rate 0.002 --algorithm greedy,1.439630000001,0,817,382,914,241,0,819,1279,230,0,209,774,0,0,504,625,834,219,0,916,0,0,217,477,1141,602,229,0,194,0,0,841,0,1153,836,0,1562,1930,1797,1068,1568,1602,1613,1176
project/sim_ext.py --sim-time 1.5 --seq-graph project/file/graph_15_nodes.json --traffic project/file/traffic_15_nodes_random.json --inspection-rate 0.001 --mess-rate 0.002 --algorithm greedy,1.440705000001,0,819,383,914,246,0,819,1279,233,0,210,774,0,0,507,626,835,219,0,916,0,0,217,477,1144,602,229,0,194,0,0,841,0,1153,836,0,1562,1931,1805,1068,1568,1603,1618,1176
project/sim_ext.py --sim-time 1.5 --seq-graph project/file/graph_15_nodes.json --traffic project/file/traffic_15_nodes_random.json --inspection-rate 0.001 --mess-rate 0.002 --algorithm greedy,1.441707000001,0,819,383,914,246,0,819,1279,233,0,211,774,0,0,507,626,835,219,0,916,0,0,218,477,1145,603,229,0,194,0,0,841,0,1153,836,0,1562,1931,1806,1068,1568,1606,1621,1176
project/sim_ext.py --sim-time 1.5 --seq-graph project/file/graph_15_nodes.json --traffic project/file/traffic_15_nodes_random.json --inspection-rate 0.001 --mess-rate 0.002 --algorithm greedy,1.442734000001,0,819,383,914,246,0,819,1284,233,0,211,774,0,0,507,626,835,219,0,916,0,0,218,477,1145,603,229,0,194,0,0,841,0,1153,836,0,1562,1931,1806,1068,1568,1606,1621,1176
project/sim_ext.py --sim-time 1.5 --seq-graph project/file/graph_15_nodes.json --traffic project/file/traffic_15_nodes_random.json --inspection-rate 0.001 --mess-rate 0.002 --algorithm greedy,1.443768000001,0,821,383,914,246,0,819,1293,233,0,211,774,0,0,507,628,836,222,0,920,0,0,218,479,1145,604,229,0,194,0,0,841,0,1163,840,0,1580,1931,1806,1068,1568,1608,1621,1181
project/sim_ext.py --sim-time 1.5 --seq-graph project/file/graph_15_nodes.json --traffic project/file/traffic_15_nodes_random.json --inspection-rate 0.001 --mess-rate 0.002 --algorithm greedy,1.444930000001,0,822,383,914,246,0,819,1293,233,0,211,774,0,0,507,628,836,222,0,920,0,0,218,480,1145,604,229,0,194,0,0,841,0,1163,841,0,1581,1931,1806,1068,1568,1608,1621,1183
project/sim_ext.py --sim-time 1.5 --seq-graph project/file/graph_15_nodes.json --traffic project/file/traffic_15_nodes_random.json --inspection-rate 0.001 --mess-rate 0.002 --algorithm greedy,1.445955000001,0,824,383,914,247,0,821,1294,233,0,211,774,0,0,509,629,836,222,0,920,0,0,218,481,1145,605,230,0,194,0,0,841,0,1164,842,0,1581,1931,1806,1068,1568,1609,1621,1183
project/sim_ext.py --sim-time 1.5 --seq-graph project/file/graph_15_nodes.json --traffic project/file/traffic_15_nodes_random.json --inspection-rate 0.001 --mess-rate 0.002 --algorithm greedy,1.447024999879,0,824,383,914,247,0,821,1295,233,0,211,774,0,0,510,630,836,222,0,920,0,0,218,482,1145,605,230,0,194,0,0,843,0,1164,842,0,1581,1931,1806,1068,1568,1609,1621,1183
project/sim_ext.py --sim-time 1.5 --seq-graph project/file/graph_15_nodes.json --traffic project/file/traffic_15_nodes_random.json --inspection-rate 0.001 --mess-rate 0.002 --algorithm greedy,1.448133000001,0,824,383,920,247,0,821,1296,233,0,211,774,0,0,510,631,836,223,0,920,0,0,218,484,1145,605,231,0,194,0,0,845,0,1164,843,0,1582,1931,1806,1068,1568,1609,1621,1188
project/sim_ext.py --sim-time 1.5 --seq-graph project/file/graph_15_nodes.json --traffic project/file/traffic_15_nodes_random.json --inspection-rate 0.001 --mess-rate 0.002 --algorithm greedy,1.449147000001,0,824,383,920,247,0,821,1296,233,0,211,774,0,0,510,631,836,224,0,920,0,0,218,484,1145,605,231,0,194,0,0,845,0,1164,843,0,1585,1931,1806,1068,1568,1609,1621,1188
project/sim_ext.py --sim-time 1.5 --seq-graph project/file/graph_15_nodes.json --traffic project/file/traffic_15_nodes_random.json --inspection-rate 0.001 --mess-rate 0.002 --algorithm greedy,1.450475000001,0,824,383,921,247,0,822,1297,233,0,211,774,0,0,510,632,836,224,0,923,0,0,218,485,1145,607,231,0,194,0,0,845,0,1165,843,0,1586,1931,1806,1068,1568,1609,1621,1188
project/sim_ext.py --sim-time 1.5 --seq-graph project/file/graph_15_nodes.json --traffic project/file/traffic_15_nodes_random.json --inspection-rate 0.001 --mess-rate 0.002 --algorithm greedy,1.451498000001,0,824,383,923,247,0,823,1300,233,0,211,774,0,0,511,632,836,224,0,926,0,0,218,485,1145,607,232,0,194,0,0,845,0,1165,843,0,1586,1931,1806,1068,1568,1609,1621,1188
project/sim_ext.py --sim-time 1.5 --seq-graph project/file/graph_15_nodes.json --traffic project/file/traffic_15_nodes_random.json --inspection-rate 0.001 --mess-rate 0.002 --algorithm greedy,1.4525230000009999,0,824,383,923,247,0,824,1300,233,0,211,774,0,0,511,632,836,224,0,927,0,0,218,487,1145,607,232,0,194,0,0,845,0,1165,849,0,1587,1931,1806,1068,1568,1609,1621,1188
project/sim_ext.py --sim-time 1.5 --seq-graph project/file/graph_15_nodes.json --traffic project/file/traffic_15_nodes_random.json --inspection-rate 0.001 --mess-rate 0.002 --algorithm greedy,1.4535325387882025,0,824,383,923,247,0,824,1302,233,0,211,774,0,0,511,632,836,224,0,927,0,0,218,488,1145,607,232,0,194,0,0,845,0,1166,850,0,1587,1931,1806,1068,1568,1609,1621,1188
project/sim_ext.py --sim-time 1.5 --seq-graph project/file/graph_15_nodes.json --traffic project/file/traffic_15_nodes_random.json --inspection-rate 0.001 --mess-rate 0.002 --algorithm greedy,1.454800000001,0,825,383,923,247,0,824,1302,233,0,211,774,0,0,514,632,836,224,0,927,0,0,218,488,1145,607,232,0,194,0,0,845,0,1166,850,0,1587,1931,1806,1069,1568,1609,1621,1188
project/sim_ext.py --sim-time 1.5 --seq-graph project/file/graph_15_nodes.json --traffic project/file/traffic_15_nodes_random.json --inspection-rate 0.001 --mess-rate 0.002 --algorithm greedy,1.4558430000009999,0,828,383,923,247,0,824,1305,233,0,211,774,0,0,514,633,836,224,0,929,0,0,218,488,1145,607,232,0,194,0,0,845,0,1167,853,0,1588,1931,1806,1080,1568,1609,1621,1188
project/sim_ext.py --sim-time 1.5 --seq-graph project/file/graph_15_nodes.json --traffic project/file/traffic_15_nodes_random.json --inspection-rate 0.001 --mess-rate 0.002 --algorithm greedy,1.456872000001,0,830,383,923,247,0,824,1306,233,0,211,774,0,0,514,634,836,224,0,930,0,0,218,489,1145,607,232,0,194,0,0,845,0,1167,853,0,1588,1931,1806,1080,1568,1609,1621,1188
project/sim_ext.py --sim-time 1.5 --seq-graph project/file/graph_15_nodes.json --traffic project/file/traffic_15_nodes_random.json --inspection-rate 0.001 --mess-rate 0.002 --algorithm greedy,1.4579400000009999,0,830,383,923,247,0,824,1306,233,0,211,774,0,0,514,634,836,224,0,930,0,0,218,492,1145,607,232,0,194,0,0,845,0,1167,853,0,1588,1931,1806,1081,1568,1609,1621,1188
project/sim_ext.py --sim-time 1.5 --seq-graph project/file/graph_15_nodes.json --traffic project/file/traffic_15_nodes_random.json --inspection-rate 0.001 --mess-rate 0.002 --algorithm greedy,1.4590170000009999,0,830,383,923,247,0,824,1308,233,0,211,774,0,0,514,635,836,224,0,931,0,0,218,492,1145,607,232,0,194,0,0,847,0,1168,853,0,1588,1931,1806,1082,1568,1609,1621,1188
project/sim_ext.py --sim-time 1.5 --seq-graph project/file/graph_15_nodes.json --traffic project/file/traffic_15_nodes_random.json --inspection-rate 0.001 --mess-rate 0.002 --algorithm greedy,1.460024999872,0,830,383,923,247,0,824,1308,233,0,211,774,0,0,514,635,836,224,0,931,0,0,218,493,1145,607,232,0,194,0,0,852,0,1168,855,0,1588,1931,1806,1082,1568,1609,1621,1188
project/sim_ext.py --sim-time 1.5 --seq-graph project/file/graph_15_nodes.json --traffic project/file/traffic_15_nodes_random.json --inspection-rate 0.001 --mess-rate 0.002 --algorithm greedy,1.461134999872,0,831,383,923,247,0,824,1308,233,0,211,774,0,0,514,635,836,224,0,931,0,0,218,493,1145,607,232,0,194,0,0,852,0,1168,855,0,1588,1931,1806,1082,1568,1609,1621,1188
project/sim_ext.py --sim-time 1.5 --seq-graph project/file/graph_15_nodes.json --traffic project/file/traffic_15_nodes_random.json --inspection-rate 0.001 --mess-rate 0.002 --algorithm greedy,1.4621480000009999,0,831,383,923,247,0,824,1308,233,0,211,774,0,0,514,635,836,224,0,931,0,0,218,493,1145,610,232,0,194,0,0,853,0,1168,855,0,1588,1931,1806,1082,1568,1609,1621,1188
project/sim_ext.py --sim-time 1.5 --seq-graph project/file/graph_15_nodes.json --traffic project/file/traffic_15_nodes_random.json --inspection-rate 0.001 --mess-rate 0.002 --algorithm greedy,1.4632799999969999,0,832,383,923,247,0,824,1308,233,0,211,774,0,0,514,635,837,224,0,931,0,0,218,493,1145,610,232,0,194,0,0,853,0,1168,855,0,1588,1932,1806,1082,1568,1609,1621,1188
project/sim_ext.py --sim-time 1.5 --seq-graph project/file/graph_15_nodes.json --traffic project/file/traffic_15_nodes_random.json --inspection-rate 0.001 --mess-rate 0.002 --algorithm greedy,1.464293199997,0,834,383,931,247,0,824,1312,233,0,211,774,0,0,514,638,842,224,0,936,0,0,218,493,1145,610,232,0,194,0,0,853,0,1170,855,0,1588,1945,1806,1082,1568,1609,1621,1188
project/sim_ext.py --sim-time 1.5 --seq-graph project/file/graph_15_nodes.json --traffic project/file/traffic_15_nodes_random.json --inspection-rate 0.001 --mess-rate 0.002 --algorithm greedy,1.4653140000009999,0,835,383,931,247,0,824,1313,233,0,211,774,0,0,514,638,846,224,0,937,0,0,218,493,1145,610,232,0,194,0,0,853,0,1170,855,0,1588,1950,1806,1084,1568,1609,1621,1188
project/sim_ext.py --sim-time 1.5 --seq-graph project/file/graph_15_nodes.json --traffic project/file/traffic_15_nodes_random.json --inspection-rate 0.001 --mess-rate 0.002 --algorithm greedy,1.466485000001,0,835,383,931,247,0,824,1313,233,0,211,774,0,0,514,638,846,224,0,937,0,0,218,493,1145,610,232,0,194,0,0,853,0,1172,855,0,1588,1952,1806,1084,1568,1609,1621,1188
project/sim_ext.py --sim-time 1.5 --seq-graph project/file/graph_15_nodes.json --traffic project/file/traffic_15_nodes_random.json --inspection-rate 0.001 --mess-rate 0.002 --algorithm greedy,1.4675110000009999,0,836,383,931,247,0,824,1314,233,0,211,774,0,0,514,639,847,224,0,938,0,0,218,493,1145,610,232,0,194,0,0,853,0,1173,855,0,1588,1953,1806,1084,1568,1609,1621,1188
project/sim_ext.py --sim-time 1.5 --seq-graph project/file/graph_15_nodes.json --traffic project/file/traffic_15_nodes_random.json --inspection-rate 0.001 --mess-rate 0.002 --algorithm greedy,1.468647000001,0,836,383,931,247,0,824,1314,233,0,211,774,0,0,514,639,847,224,0,940,0,0,218,493,1145,610,232,0,194,0,0,853,0,1173,855,0,1588,1957,1806,1085,1568,1609,1621,1188
project/sim_ext.py --sim-time 1.5 --seq-graph project/file/graph_15_nodes.json --traffic project/file/traffic_15_nodes_random.json --inspection-rate 0.001 --mess-rate 0.002 --algorithm greedy,1.469652000001,0,836,383,931,247,0,824,1316,233,0,211,774,0,0,514,639,848,224,0,940,0,0,218,493,1145,610,232,0,194,0,0,853,0,1173,855,0,1588,1960,1806,1085,1568,1609,1621,1188
project/sim_ext.py --sim-time 1.5 --seq-graph project/file/graph_15_nodes.json --traffic project/file/traffic_15_nodes_random.json --inspection-rate 0.001 --mess-rate 0.002 --algorithm greedy,1.470673999997,0,837,383,931,247,0,824,1316,233,0,211,774,0,0,514,639,848,224,0,940,0,0,218,493,1145,610,232,0,194,0,0,853,0,1173,855,0,1588,1962,1806,1085,1568,1609,1621,1188
project/sim_ext.py --sim-time 1.5 --seq-graph project/file/graph_15_nodes.json --traffic project/file/traffic_15_nodes_random.json --inspection-rate 0.001 --mess-rate 0.002 --algorithm greedy,1.471869000001,0,839,383,931,247,0,824,1316,233,0,211,774,0,0,514,639,849,224,0,940,0,0,218,493,1145,610,232,0,194,0,0,853,0,1173,855,0,1588,1963,1806,1085,1568,1609,1621,1188
project/sim_ext.py --sim-time 1.5 --seq-graph project/file/graph_15_nodes.json --traffic project/file/traffic_15_nodes_random.json --inspection-rate 0.001 --mess-rate 0.002 --algorithm greedy,1.473173000001,0,841,383,931,247,0,824,1316,233,0,211,774,0,0,514,639,849,224,0,940,0,0,218,493,1145,610,232,0,194,0,0,853,0,1173,855,0,1588,1968,1806,1085,1568,1609,1621,1188
project/sim_ext.py --sim-time 1.5 --seq-graph project/file/graph_15_nodes.json --traffic project/file/traffic_15_nodes_random.json --inspection-rate 0.001 --mess-rate 0.002 --algorithm greedy,1.474188000001,0,841,386,940,248,0,834,1323,235,0,213,787,0,0,518,643,855,227,0,942,0,0,218,498,1158,613,234,0,195,0,0,862,0,1178,861,0,1609,1968,1828,1085,1589,1628,1636,1205
project/sim_ext.py --sim-time 1.5 --seq-graph project/file/graph_15_nodes.json --traffic project/file/traffic_15_nodes_random.json --inspection-rate 0.001 --mess-rate 0.002 --algorithm greedy,1.475189000001,0,841,386,941,249,0,834,1323,235,0,213,787,0,0,518,643,855,228,0,944,0,0,218,500,1158,613,234,0,195,0,0,863,0,1183,861,0,1610,1968,1831,1085,1590,1629,1637,1207
project/sim_ext.py --sim-time 1.5 --seq-graph project/file/graph_15_nodes.json --traffic project/file/traffic_15_nodes_random.json --inspection-rate 0.001 --mess-rate 0.002 --algorithm greedy,1.476293000001,0,842,386,941,249,0,835,1323,237,0,213,787,0,0,519,643,855,228,0,945,0,0,219,501,1158,614,234,0,195,0,0,863,0,1183,863,0,1612,1968,1831,1085,1590,1629,1639,1211
project/sim_ext.py --sim-time 1.5 --seq-graph project/file/graph_15_nodes.json --traffic project/file/traffic_15_nodes_random.json --inspection-rate 0.001 --mess-rate 0.002 --algorithm greedy,1.477332000001,0,843,388,946,250,0,835,1326,238,0,213,791,0,0,519,643,855,228,0,950,0,0,219,503,1161,617,235,0,195,0,0,863,0,1185,864,0,1614,1968,1834,1085,1594,1634,1644,1212
project/sim_ext.py --sim-time 1.5 --seq-graph project/file/graph_15_nodes.json --traffic project/file/traffic_15_nodes_random.json --inspection-rate 0.001 --mess-rate 0.002 --algorithm greedy,1.478414999872,0,843,389,947,251,0,835,1327,238,0,213,791,0,0,520,645,855,229,0,950,0,0,219,503,1162,617,235,0,195,0,0,863,0,1190,864,0,1614,1968,1834,1085,1596,1636,1647,1215
project/sim_ext.py --sim-time 1.5 --seq-graph project/file/graph_15_nodes.json --traffic project/file/traffic_15_nodes_random.json --inspection-rate 0.001 --mess-rate 0.002 --algorithm greedy,1.479482000001,0,843,389,947,252,0,837,1327,238,0,213,791,0,0,521,646,855,229,0,953,0,0,219,504,1163,617,238,0,197,0,0,863,0,1192,869,0,1617,1968,1845,1085,1598,1640,1648,1217
project/sim_ext.py --sim-time 1.5 --seq-graph project/file/graph_15_nodes.json --traffic project/file/traffic_15_nodes_random.json --inspection-rate 0.001 --mess-rate 0.002 --algorithm greedy,1.4806610000009999,0,843,389,950,252,0,840,1328,238,0,213,793,0,0,521,647,855,229,0,953,0,0,220,504,1164,617,238,0,198,0,0,866,0,1192,869,0,1617,1968,1847,1085,1601,1641,1650,1218
project/sim_ext.py --sim-time 1.5 --seq-graph project/file/graph_15_nodes.json --traffic project/file/traffic_15_nodes_random.json --inspection-rate 0.001 --mess-rate 0.002 --algorithm greedy,1.481863000001,0,844,389,950,252,0,842,1333,239,0,213,793,0,0,521,647,855,231,0,957,0,0,221,507,1166,617,241,0,198,0,0,866,0,1193,870,0,1619,1968,1849,1085,1603,1645,1652,1220
project/sim_ext.py --sim-time 1.5 --seq-graph project/file/graph_15_nodes.json --traffic project/file/traffic_15_nodes_random.json --inspection-rate 0.001 --mess-rate 0.002 --algorithm greedy,1.483005000001,0,845,389,950,252,0,842,1334,239,0,213,793,0,0,524,647,855,231,0,964,0,0,221,508,1169,617,241,0,200,0,0,867,0,1194,872,0,1619,1968,1850,1085,1604,1650,1652,1221
project/sim_ext.py --sim-time 1.5 --seq-graph project/file/graph_15_nodes.json --traffic project/file/traffic_15_nodes_random.json --inspection-rate 0.001 --mess-rate 0.002 --algorithm greedy,1.4840249998719999,0,845,389,950,252,0,844,1338,239,0,213,793,0,0,524,648,855,231,0,965,0,0,221,509,1169,617,241,0,200,0,0,867,0,1195,872,0,1619,1968,1850,1085,1604,1650,1660,1221
project/sim_ext.py --sim-time 1.5 --seq-graph project/file/graph_15_nodes.json --traffic project/file/traffic_15_nodes_random.json --inspection-rate 0.001 --mess-rate 0.002 --algorithm greedy,1.485170000001,0,845,391,950,252,0,844,1338,240,0,213,795,0,0,524,648,855,231,0,965,0,0,221,509,1169,617,241,0,200,0,0,867,0,1195,872,0,1619,1968,1850,1097,1604,1650,1661,1221
project/sim_ext.py --sim-time 1.5 --seq-graph project/file/graph_15_nodes.json --traffic project/file/traffic_15_nodes_random.json --inspection-rate 0.001 --mess-rate 0.002 --algorithm greedy,1.486278000001,0,845,395,950,252,0,845,1338,240,0,213,795,0,0,526,648,855,231,0,965,0,0,221,509,1169,618,241,0,200,0,0,867,0,1196,872,0,1619,1968,1850,1098,1604,1650,1661,1221
project/sim_ext.py --sim-time 1.5 --seq-graph project/file/graph_15_nodes.json --traffic project/file/traffic_15_nodes_random.json --inspection-rate 0.001 --mess-rate 0.002 --algorithm greedy,1.487324000001,0,845,395,950,252,0,845,1338,240,0,213,795,0,0,526,648,855,231,0,965,0,0,221,509,1169,618,241,0,200,0,0,869,0,1196,873,0,1619,1968,1850,1098,1604,1650,1661,1221
project/sim_ext.py --sim-time 1.5 --seq-graph project/file/graph_15_nodes.json --traffic project/file/traffic_15_nodes_random.json --inspection-rate 0.001 --mess-rate 0.002 --algorithm greedy,1.4884873999969999,0,848,395,950,252,0,845,1338,240,0,213,795,0,0,527,648,855,231,0,965,0,0,221,509,1170,618,241,0,200,0,0,869,0,1196,874,0,1619,1968,1850,1098,1604,1650,1661,1221
project/sim_ext.py --sim-time 1.5 --seq-graph project/file/graph_15_nodes.json --traffic project/file/traffic_15_nodes_random.json --inspection-rate 0.001 --mess-rate 0.002 --algorithm greedy,1.4895490000009999,0,849,395,950,252,0,845,1339,240,0,213,795,0,0,527,651,855,231,0,965,0,0,221,509,1171,618,241,0,200,0,0,870,0,1197,874,0,1619,1968,1850,1099,1604,1650,1661,1221
project/sim_ext.py --sim-time 1.5 --seq-graph project/file/graph_15_nodes.json --traffic project/file/traffic_15_nodes_random.json --inspection-rate 0.001 --mess-rate 0.002 --algorithm greedy,1.490657000001,0,849,395,950,252,0,847,1340,240,0,213,795,0,0,527,651,855,231,0,965,0,0,221,509,1171,619,241,0,200,0,0,870,0,1197,874,0,1619,1968,1850,1099,1604,1650,1661,1221
project/sim_ext.py --sim-time 1.5 --seq-graph project/file/graph_15_nodes.json --traffic project/file/traffic_15_nodes_random.json --inspection-rate 0.001 --mess-rate 0.002 --algorithm greedy,1.491687399997,0,852,395,950,252,0,848,1340,240,0,213,795,0,0,527,651,855,231,0,965,0,0,221,509,1171,619,241,0,200,0,0,870,0,1197,874,0,1619,1968,1850,1100,1604,1650,1661,1221
project/sim_ext.py --sim-time 1.5 --seq-graph project/file/graph_15_nodes.json --traffic project/file/traffic_15_nodes_random.json --inspection-rate 0.001 --mess-rate 0.002 --algorithm greedy,1.4927240965284498,0,852,395,950,252,0,848,1340,240,0,213,795,0,0,527,651,855,231,0,965,0,0,221,509,1171,619,241,0,200,0,0,873,0,1197,874,0,1619,1968,1850,1100,1604,1650,1661,1221
project/sim_ext.py --sim-time 1.5 --seq-graph project/file/graph_15_nodes.json --traffic project/file/traffic_15_nodes_random.json --inspection-rate 0.001 --mess-rate 0.002 --algorithm greedy,1.493785000001,0,852,395,950,252,0,850,1342,240,0,213,795,0,0,527,653,855,231,0,965,0,0,221,509,1171,620,241,0,200,0,0,873,0,1197,875,0,1619,1968,1850,1101,1604,1650,1661,1221
project/sim_ext.py --sim-time 1.5 --seq-graph project/file/graph_15_nodes.json --traffic project/file/traffic_15_nodes_random.json --inspection-rate 0.001 --mess-rate 0.002 --algorithm greedy,1.494846000001,0,852,395,950,252,0,850,1344,240,0,213,795,0,0,527,653,855,231,0,965,0,0,221,509,1171,620,241,0,200,0,0,873,0,1197,875,0,1619,1968,1850,1101,1604,1650,1661,1221
project/sim_ext.py --sim-time 1.5 --seq-graph project/file/graph_15_nodes.json --traffic project/file/traffic_15_nodes_random.json --inspection-rate 0.001 --mess-rate 0.002 --algorithm greedy,1.495977000001,0,852,395,950,252,0,850,1344,240,0,213,795,0,0,527,653,855,231,0,965,0,0,221,509,1171,621,241,0,200,0,0,873,0,1197,878,0,1619,1968,1850,1101,1604,1650,1661,1221
project/sim_ext.py --sim-time 1.5 --seq-graph project/file/graph_15_nodes.json --traffic project/file/traffic_15_nodes_random.json --inspection-rate 0.001 --mess-rate 0.002 --algorithm greedy,1.4970310000009999,0,852,395,950,252,0,850,1344,240,0,213,795,0,0,527,653,855,231,0,965,0,0,221,509,1171,621,241,0,200,0,0,874,0,1197,878,0,1619,1968,1850,1101,1604,1650,1661,1221
project/sim_ext.py --sim-time 1.5 --seq-graph project/file/graph_15_nodes.json --traffic project/file/traffic_15_nodes_random.json --inspection-rate 0.001 --mess-rate 0.002 --algorithm greedy,1.498058000001,0,853,395,950,252,0,850,1344,240,0,213,795,0,0,527,653,855,231,0,965,0,0,221,509,1171,621,241,0,200,0,0,874,0,1197,878,0,1619,1968,1850,1101,1604,1650,1661,1221
project/sim_ext.py --sim-time 1.5 --seq-graph project/file/graph_15_nodes.json --traffic project/file/traffic_15_nodes_random.json --inspection-rate 0.001 --mess-rate 0.002 --algorithm greedy,1.499125000001,0,853,395,950,252,0,850,1344,240,0,213,795,0,0,527,653,855,231,0,965,0,0,221,509,1171,621,241,0,200,0,0,875,0,1197,878,0,1619,1968,1850,1101,1604,1650,1661,1221
