Sim. Command,Time,tr_node0_to_node1,tr_node0_to_node2,tr_node0_to_node3,tr_node0_to_node4,tr_node0_to_node12,tr_node1_to_node0,tr_node1_to_node2,tr_node1_to_node3,tr_node2_to_node0,tr_node2_to_node1,tr_node2_to_node3,tr_node2_to_node5,tr_node2_to_node8,tr_node2_to_node9,tr_node3_to_node0,tr_node3_to_node1,tr_node3_to_node2,tr_node3_to_node4,tr_node3_to_node5,tr_node3_to_node6,tr_node3_to_node10,tr_node3_to_node13,tr_node4_to_node0,tr_node4_to_node3,tr_node4_to_node5,tr_node4_to_node6,tr_node4_to_node7,tr_node4_to_node14,tr_node5_to_node2,tr_node5_to_node3,tr_node5_to_node4,tr_node5_to_node6,tr_node5_to_node11,tr_node6_to_node3,tr_node6_to_node4,tr_node6_to_node5,tr_node7_to_node4,tr_node8_to_node2,tr_node9_to_node2,tr_node10_to_node3,tr_node11_to_node5,tr_node12_to_node0,tr_node13_to_node3,tr_node14_to_node4
project/sim_ext.py --sim-time 0.5 --seq-graph project/file/graph_15_nodes.json --traffic project/file/traffic_15_nodes_net.json --inspection-rate 0.001 --mess-rate 0.002 --algorithm shortest,0.001039,1,2,2,5,2,1,3,1,2,0,1,1,3,2,3,0,0,1,1,0,0,0,3,2,0,1,1,0,4,1,4,0,0,1,2,0,4,8,4,3,4,9,10,10
project/sim_ext.py --sim-time 0.5 --seq-graph project/file/graph_15_nodes.json --traffic project/file/traffic_15_nodes_net.json --inspection-rate 0.001 --mess-rate 0.002 --algorithm shortest,0.0022122035394732597,2,3,2,6,3,2,6,3,4,0,1,4,4,3,3,0,0,3,3,1,0,0,5,5,3,2,2,1,7,3,5,0,0,7,4,2,9,10,10,10,10,10,10,10
project/sim_ext.py --sim-time 0.5 --seq-graph project/file/graph_15_nodes.json --traffic project/file/traffic_15_nodes_net.json --inspection-rate 0.001 --mess-rate 0.002 --algorithm shortest,0.003299,2,4,4,6,4,3,9,8,8,1,2,5,4,6,3,0,2,8,3,2,0,0,7,7,4,2,3,2,10,5,8,0,1,10,7,2,10,10,10,10,10,10,10,10
project/sim_ext.py --sim-time 0.5 --seq-graph project/file/graph_15_nodes.json --traffic project/file/traffic_15_nodes_net.json --inspection-rate 0.001 --mess-rate 0.002 --algorithm shortest,0.00439,4,10,7,10,4,5,10,8,10,2,3,6,5,6,4,0,5,8,3,2,0,0,10,10,7,2,3,4,10,7,9,0,1,10,8,3,10,10,10,10,10,10,10,10
project/sim_ext.py --sim-time 0.5 --seq-graph project/file/graph_15_nodes.json --traffic project/file/traffic_15_nodes_net.json --inspection-rate 0.001 --mess-rate 0.002 --algorithm shortest,0.005413497837363634,4,10,9,10,4,9,10,10,10,3,7,6,5,6,5,0,8,10,3,3,1,1,10,10,8,3,3,4,10,8,10,1,2,10,9,4,10,10,10,10,10,10,10,10
project/sim_ext.py --sim-time 0.5 --seq-graph project/file/graph_15_nodes.json --traffic project/file/traffic_15_nodes_net.json --inspection-rate 0.001 --mess-rate 0.002 --algorithm shortest,0.006425446589399812,4,10,10,10,4,10,10,10,10,4,9,7,6,6,5,0,8,10,3,3,1,1,10,10,9,3,5,4,10,10,10,1,2,10,10,5,10,10,10,10,10,10,10,10
project/sim_ext.py --sim-time 0.5 --seq-graph project/file/graph_15_nodes.json --traffic project/file/traffic_15_nodes_net.json --inspection-rate 0.001 --mess-rate 0.002 --algorithm shortest,0.007478,5,10,10,10,4,10,10,10,10,5,10,9,7,6,6,0,8,10,5,5,1,3,10,10,10,4,5,5,10,10,10,2,2,10,10,6,10,10,10,10,10,10,10,10
project/sim_ext.py --sim-time 0.5 --seq-graph project/file/graph_15_nodes.json --traffic project/file/traffic_15_nodes_net.json --inspection-rate 0.001 --mess-rate 0.002 --algorithm shortest,0.008523103796597648,5,10,10,10,4,10,10,10,10,5,10,10,7,6,7,0,8,10,7,6,1,3,10,10,10,4,5,5,10,10,10,3,2,10,10,6,10,10,10,10,10,10,10,10
project/sim_ext.py --sim-time 0.5 --seq-graph project/file/graph_15_nodes.json --traffic project/file/traffic_15_nodes_net.json --inspection-rate 0.001 --mess-rate 0.002 --algorithm shortest,0.00958320300817188,5,10,10,10,4,10,10,10,10,5,10,10,7,8,8,0,10,10,7,7,1,4,10,10,10,5,5,6,10,10,10,3,3,10,10,7,10,10,10,10,10,10,10,10
project/sim_ext.py --sim-time 0.5 --seq-graph project/file/graph_15_nodes.json --traffic project/file/traffic_15_nodes_net.json --inspection-rate 0.001 --mess-rate 0.002 --algorithm shortest,0.010610916227981613,5,10,10,10,4,10,10,10,10,5,10,10,7,8,8,0,10,10,7,7,2,4,10,10,10,5,7,6,10,10,10,3,4,10,10,8,10,10,10,10,10,10,10,10
project/sim_ext.py --sim-time 0.5 --seq-graph project/file/graph_15_nodes.json --traffic project/file/traffic_15_nodes_net.json --inspection-rate 0.001 --mess-rate 0.002 --algorithm shortest,0.011625134926214867,6,10,10,10,4,10,10,10,10,7,10,10,8,10,8,0,10,10,9,8,2,6,10,10,10,5,9,6,10,10,10,4,4,10,10,9,10,10,10,10,10,10,10,10
project/sim_ext.py --sim-time 0.5 --seq-graph project/file/graph_15_nodes.json --traffic project/file/traffic_15_nodes_net.json --inspection-rate 0.001 --mess-rate 0.002 --algorithm shortest,0.012688751964034569,7,10,10,10,5,10,10,10,10,7,10,10,9,10,8,1,10,10,9,8,2,7,10,10,10,5,10,6,10,10,10,5,4,10,10,10,10,10,10,10,10,10,10,10
project/sim_ext.py --sim-time 0.5 --seq-graph project/file/graph_15_nodes.json --traffic project/file/traffic_15_nodes_net.json --inspection-rate 0.001 --mess-rate 0.002 --algorithm shortest,0.0137097881098871,9,10,10,10,5,10,10,10,10,7,10,10,9,10,9,1,10,10,10,8,2,7,10,10,10,5,10,6,10,10,10,5,5,10,10,10,10,10,10,10,10,10,10,10
project/sim_ext.py --sim-time 0.5 --seq-graph project/file/graph_15_nodes.json --traffic project/file/traffic_15_nodes_net.json --inspection-rate 0.001 --mess-rate 0.002 --algorithm shortest,0.014735999999999999,9,10,10,10,6,10,10,10,10,7,10,10,9,10,10,1,10,10,10,8,3,8,10,10,10,5,10,7,10,10,10,5,5,10,10,10,10,10,10,10,10,10,10,10
project/sim_ext.py --sim-time 0.5 --seq-graph project/file/graph_15_nodes.json --traffic project/file/traffic_15_nodes_net.json --inspection-rate 0.001 --mess-rate 0.002 --algorithm shortest,0.015765330289463707,9,10,10,10,6,10,10,10,10,7,10,10,10,10,10,1,10,10,10,8,5,9,10,10,10,7,10,8,10,10,10,5,5,10,10,10,10,10,10,10,10,10,10,10
project/sim_ext.py --sim-time 0.5 --seq-graph project/file/graph_15_nodes.json --traffic project/file/traffic_15_nodes_net.json --inspection-rate 0.001 --mess-rate 0.002 --algorithm shortest,0.016803922700696937,9,10,10,10,8,10,10,10,10,7,10,10,10,10,10,2,10,10,10,8,6,9,10,10,10,7,10,8,10,10,10,5,6,10,10,10,10,10,10,10,10,10,10,10
project/sim_ext.py --sim-time 0.5 --seq-graph project/file/graph_15_nodes.json --traffic project/file/traffic_15_nodes_net.json --inspection-rate 0.001 --mess-rate 0.002 --algorithm shortest,0.017837493685742712,9,10,10,10,8,10,10,10,10,8,10,10,10,10,10,3,10,10,10,9,6,9,10,10,10,7,10,8,10,10,10,6,6,10,10,10,10,10,10,10,10,10,10,10
project/sim_ext.py --sim-time 0.5 --seq-graph project/file/graph_15_nodes.json --traffic project/file/traffic_15_nodes_net.json --inspection-rate 0.001 --mess-rate 0.002 --algorithm shortest,0.018857232695313263,10,10,10,10,8,10,10,10,10,9,10,10,10,10,10,3,10,10,10,9,7,10,10,10,10,7,10,8,10,10,10,7,7,10,10,10,10,10,10,10,10,10,10,10
project/sim_ext.py --sim-time 0.5 --seq-graph project/file/graph_15_nodes.json --traffic project/file/traffic_15_nodes_net.json --inspection-rate 0.001 --mess-rate 0.002 --algorithm shortest,0.019875057172901188,10,10,10,10,9,10,10,10,10,9,10,10,10,10,10,4,10,10,10,9,7,10,10,10,10,8,10,9,10,10,10,7,7,10,10,10,10,10,10,10,10,10,10,10
project/sim_ext.py --sim-time 0.5 --seq-graph project/file/graph_15_nodes.json --traffic project/file/traffic_15_nodes_net.json --inspection-rate 0.001 --mess-rate 0.002 --algorithm shortest,0.020902415621676166,10,10,10,10,10,10,10,10,10,10,10,10,10,10,10,4,10,10,10,10,7,10,10,10,10,8,10,10,10,10,10,7,9,10,10,10,10,10,10,10,10,10,10,10
project/sim_ext.py --sim-time 0.5 --seq-graph project/file/graph_15_nodes.json --traffic project/file/traffic_15_nodes_net.json --inspection-rate 0.001 --mess-rate 0.002 --algorithm shortest,0.021938663452559307,10,10,10,10,10,10,10,10,10,10,10,10,10,10,10,5,10,10,10,10,7,10,10,10,10,10,10,10,10,10,10,7,10,10,10,10,10,10,10,10,10,10,10,10
project/sim_ext.py --sim-time 0.5 --seq-graph project/file/graph_15_nodes.json --traffic project/file/traffic_15_nodes_net.json --inspection-rate 0.001 --mess-rate 0.002 --algorithm shortest,0.022962,10,10,10,10,10,10,10,10,10,10,10,10,10,10,10,5,10,10,10,10,8,10,10,10,10,10,10,10,10,10,10,8,10,10,10,10,10,10,10,10,10,10,10,10
project/sim_ext.py --sim-time 0.5 --seq-graph project/file/graph_15_nodes.json --traffic project/file/traffic_15_nodes_net.json --inspection-rate 0.001 --mess-rate 0.002 --algorithm shortest,0.023982709729636505,10,10,10,10,10,10,10,10,10,10,10,10,10,10,10,5,10,10,10,10,8,10,10,10,10,10,10,10,10,10,10,8,10,10,10,10,10,10,10,10,10,10,10,10
project/sim_ext.py --sim-time 0.5 --seq-graph project/file/graph_15_nodes.json --traffic project/file/traffic_15_nodes_net.json --inspection-rate 0.001 --mess-rate 0.002 --algorithm shortest,0.02499766659910483,10,10,10,10,10,10,10,10,10,10,10,10,10,10,10,5,10,10,10,10,9,10,10,10,10,10,10,10,10,10,10,8,10,10,10,10,10,10,10,10,10,10,10,10
project/sim_ext.py --sim-time 0.5 --seq-graph project/file/graph_15_nodes.json --traffic project/file/traffic_15_nodes_net.json --inspection-rate 0.001 --mess-rate 0.002 --algorithm shortest,0.02602252799963175,10,10,10,10,10,10,10,10,10,10,10,10,10,10,10,6,10,10,10,10,10,10,10,10,10,10,10,10,10,10,10,8,10,10,10,10,10,10,10,10,10,10,10,10
project/sim_ext.py --sim-time 0.5 --seq-graph project/file/graph_15_nodes.json --traffic project/file/traffic_15_nodes_net.json --inspection-rate 0.001 --mess-rate 0.002 --algorithm shortest,0.027065,10,10,10,10,10,10,10,10,10,10,10,10,10,10,10,6,10,10,10,10,10,10,10,10,10,10,10,10,10,10,10,8,10,10,10,10,10,10,10,10,10,10,10,10
project/sim_ext.py --sim-time 0.5 --seq-graph project/file/graph_15_nodes.json --traffic project/file/traffic_15_nodes_net.json --inspection-rate 0.001 --mess-rate 0.002 --algorithm shortest,0.028113,10,10,10,10,10,10,10,10,10,10,10,10,10,10,10,6,10,10,10,10,10,10,10,10,10,10,10,10,10,10,10,10,10,10,10,10,10,10,10,10,10,10,10,10
project/sim_ext.py --sim-time 0.5 --seq-graph project/file/graph_15_nodes.json --traffic project/file/traffic_15_nodes_net.json --inspection-rate 0.001 --mess-rate 0.002 --algorithm shortest,0.029157,10,10,10,10,10,10,10,10,10,10,10,10,10,10,10,6,10,10,10,10,10,10,10,10,10,10,10,10,10,10,10,10,10,10,10,10,10,10,10,10,10,10,10,10
project/sim_ext.py --sim-time 0.5 --seq-graph project/file/graph_15_nodes.json --traffic project/file/traffic_15_nodes_net.json --inspection-rate 0.001 --mess-rate 0.002 --algorithm shortest,0.030181539522992438,10,10,10,10,10,10,10,10,10,10,10,10,10,10,10,8,10,10,10,10,10,10,10,10,10,10,10,10,10,10,10,10,10,10,10,10,10,10,10,10,10,10,10,10
project/sim_ext.py --sim-time 0.5 --seq-graph project/file/graph_15_nodes.json --traffic project/file/traffic_15_nodes_net.json --inspection-rate 0.001 --mess-rate 0.002 --algorithm shortest,0.031245,10,10,10,10,10,10,10,10,10,10,10,10,10,10,10,8,10,10,10,10,10,10,10,10,10,10,10,10,10,10,10,10,10,10,10,10,10,10,10,10,10,10,10,10
project/sim_ext.py --sim-time 0.5 --seq-graph project/file/graph_15_nodes.json --traffic project/file/traffic_15_nodes_net.json --inspection-rate 0.001 --mess-rate 0.002 --algorithm shortest,0.032293999999999996,10,10,10,10,10,10,10,10,10,10,10,10,10,10,10,9,10,10,10,10,10,10,10,10,10,10,10,10,10,10,10,10,10,10,10,10,10,10,10,10,10,10,10,10
project/sim_ext.py --sim-time 0.5 --seq-graph project/file/graph_15_nodes.json --traffic project/file/traffic_15_nodes_net.json --inspection-rate 0.001 --mess-rate 0.002 --algorithm shortest,0.03331807854586822,10,10,10,10,10,10,10,10,10,10,10,10,10,10,10,10,10,10,10,10,10,10,10,10,10,10,10,10,10,10,10,10,10,10,10,10,10,10,10,10,10,10,10,10
project/sim_ext.py --sim-time 0.5 --seq-graph project/file/graph_15_nodes.json --traffic project/file/traffic_15_nodes_net.json --inspection-rate 0.001 --mess-rate 0.002 --algorithm shortest,0.03433394607198624,10,10,10,10,10,10,10,10,10,10,10,10,10,10,10,10,10,10,10,10,10,10,10,10,10,10,10,10,10,10,10,10,10,10,10,10,10,10,10,10,10,10,10,10
project/sim_ext.py --sim-time 0.5 --seq-graph project/file/graph_15_nodes.json --traffic project/file/traffic_15_nodes_net.json --inspection-rate 0.001 --mess-rate 0.002 --algorithm shortest,0.035361208393167504,10,10,10,10,10,10,10,10,10,10,10,10,10,10,10,10,10,10,10,10,10,10,10,10,10,10,10,10,10,10,10,10,10,10,10,10,10,10,10,10,10,10,10,10
project/sim_ext.py --sim-time 0.5 --seq-graph project/file/graph_15_nodes.json --traffic project/file/traffic_15_nodes_net.json --inspection-rate 0.001 --mess-rate 0.002 --algorithm shortest,0.036388,10,10,10,10,10,10,10,10,10,10,10,10,10,10,10,10,10,10,10,10,10,10,10,10,10,10,10,10,10,10,10,10,10,10,10,10,10,10,10,10,10,10,10,10
project/sim_ext.py --sim-time 0.5 --seq-graph project/file/graph_15_nodes.json --traffic project/file/traffic_15_nodes_net.json --inspection-rate 0.001 --mess-rate 0.002 --algorithm shortest,0.037419784357866116,10,10,10,10,10,10,10,10,10,10,10,10,10,10,10,10,10,10,10,10,10,10,10,10,10,10,10,10,10,10,10,10,10,10,10,10,10,10,10,10,10,10,10,10
project/sim_ext.py --sim-time 0.5 --seq-graph project/file/graph_15_nodes.json --traffic project/file/traffic_15_nodes_net.json --inspection-rate 0.001 --mess-rate 0.002 --algorithm shortest,0.03843386503185368,10,10,10,10,10,10,10,10,10,10,10,10,10,10,10,10,10,10,10,10,10,10,10,10,10,10,10,10,10,10,10,10,10,10,10,10,10,10,10,10,10,10,10,10
project/sim_ext.py --sim-time 0.5 --seq-graph project/file/graph_15_nodes.json --traffic project/file/traffic_15_nodes_net.json --inspection-rate 0.001 --mess-rate 0.002 --algorithm shortest,0.039470374369165555,10,10,10,10,10,10,10,10,10,10,10,10,10,10,10,10,10,10,10,10,10,10,10,10,10,10,10,10,10,10,10,10,10,10,10,10,10,10,10,10,10,10,10,10
project/sim_ext.py --sim-time 0.5 --seq-graph project/file/graph_15_nodes.json --traffic project/file/traffic_15_nodes_net.json --inspection-rate 0.001 --mess-rate 0.002 --algorithm shortest,0.040521,10,10,10,10,10,10,10,10,10,10,10,10,10,10,10,10,10,10,10,10,10,10,10,10,10,10,10,10,10,10,10,10,10,10,10,10,10,10,10,10,10,10,10,10
project/sim_ext.py --sim-time 0.5 --seq-graph project/file/graph_15_nodes.json --traffic project/file/traffic_15_nodes_net.json --inspection-rate 0.001 --mess-rate 0.002 --algorithm shortest,0.041560422317213734,10,10,10,10,10,10,10,10,10,10,10,10,10,10,10,10,10,10,10,10,10,10,10,10,10,10,10,10,10,10,10,10,10,10,10,10,10,10,10,10,10,10,10,10
project/sim_ext.py --sim-time 0.5 --seq-graph project/file/graph_15_nodes.json --traffic project/file/traffic_15_nodes_net.json --inspection-rate 0.001 --mess-rate 0.002 --algorithm shortest,0.042585128451403075,10,10,10,10,10,10,10,10,10,10,10,10,10,10,10,10,10,10,10,10,10,10,10,10,10,10,10,10,10,10,10,10,10,10,10,10,10,10,10,10,10,10,10,10
project/sim_ext.py --sim-time 0.5 --seq-graph project/file/graph_15_nodes.json --traffic project/file/traffic_15_nodes_net.json --inspection-rate 0.001 --mess-rate 0.002 --algorithm shortest,0.043618008280529176,10,10,10,10,10,10,10,10,10,10,10,10,10,10,10,10,10,10,10,10,10,10,10,10,10,10,10,10,10,10,10,10,10,10,10,10,10,10,10,10,10,10,10,10
project/sim_ext.py --sim-time 0.5 --seq-graph project/file/graph_15_nodes.json --traffic project/file/traffic_15_nodes_net.json --inspection-rate 0.001 --mess-rate 0.002 --algorithm shortest,0.04466814515214388,10,10,10,10,10,10,10,10,10,10,10,10,10,10,10,10,10,10,10,10,10,10,10,10,10,10,10,10,10,10,10,10,10,10,10,10,10,10,10,10,10,10,10,10
project/sim_ext.py --sim-time 0.5 --seq-graph project/file/graph_15_nodes.json --traffic project/file/traffic_15_nodes_net.json --inspection-rate 0.001 --mess-rate 0.002 --algorithm shortest,0.04570006024038301,10,10,10,10,10,10,10,10,10,10,10,10,10,10,10,10,10,10,10,10,10,10,10,10,10,10,10,10,10,10,10,10,10,10,10,10,10,10,10,10,10,10,10,10
project/sim_ext.py --sim-time 0.5 --seq-graph project/file/graph_15_nodes.json --traffic project/file/traffic_15_nodes_net.json --inspection-rate 0.001 --mess-rate 0.002 --algorithm shortest,0.04673486563689286,10,10,10,10,10,10,10,10,10,10,10,10,10,10,10,10,10,10,10,10,10,10,10,10,10,10,10,10,10,10,10,10,10,10,10,10,10,10,10,10,10,10,10,10
project/sim_ext.py --sim-time 0.5 --seq-graph project/file/graph_15_nodes.json --traffic project/file/traffic_15_nodes_net.json --inspection-rate 0.001 --mess-rate 0.002 --algorithm shortest,0.04774145454719119,10,10,10,10,10,10,10,10,10,10,10,10,10,10,10,10,10,10,10,10,10,10,10,10,10,10,10,10,10,10,10,10,10,10,10,10,10,10,10,10,10,10,10,10
project/sim_ext.py --sim-time 0.5 --seq-graph project/file/graph_15_nodes.json --traffic project/file/traffic_15_nodes_net.json --inspection-rate 0.001 --mess-rate 0.002 --algorithm shortest,0.04881242240854122,10,10,10,10,10,10,10,10,10,10,10,10,10,10,10,10,10,10,10,10,10,10,10,10,10,10,10,10,10,10,10,10,10,10,10,10,10,10,10,10,10,10,10,10
project/sim_ext.py --sim-time 0.5 --seq-graph project/file/graph_15_nodes.json --traffic project/file/traffic_15_nodes_net.json --inspection-rate 0.001 --mess-rate 0.002 --algorithm shortest,0.049825448253582406,10,10,10,10,10,10,10,10,10,10,10,10,10,10,10,10,10,10,10,10,10,10,10,10,10,10,10,10,10,10,10,10,10,10,10,10,10,10,10,10,10,10,10,10
project/sim_ext.py --sim-time 0.5 --seq-graph project/file/graph_15_nodes.json --traffic project/file/traffic_15_nodes_net.json --inspection-rate 0.001 --mess-rate 0.002 --algorithm shortest,0.05086068273261563,10,10,10,10,10,10,10,10,10,10,10,10,10,10,10,10,10,10,10,10,10,10,10,10,10,10,10,10,10,10,10,10,10,10,10,10,10,10,10,10,10,10,10,10
project/sim_ext.py --sim-time 0.5 --seq-graph project/file/graph_15_nodes.json --traffic project/file/traffic_15_nodes_net.json --inspection-rate 0.001 --mess-rate 0.002 --algorithm shortest,0.05187465309333995,10,10,10,10,10,10,10,10,10,10,10,10,10,10,10,10,10,10,10,10,10,10,10,10,10,10,10,10,10,10,10,10,10,10,10,10,10,10,10,10,10,10,10,10
project/sim_ext.py --sim-time 0.5 --seq-graph project/file/graph_15_nodes.json --traffic project/file/traffic_15_nodes_net.json --inspection-rate 0.001 --mess-rate 0.002 --algorithm shortest,0.052907000001,10,10,10,10,10,10,10,10,10,10,10,10,10,10,10,10,10,10,10,10,10,10,10,10,10,10,10,10,10,10,10,10,10,10,10,10,10,10,10,10,10,10,10,10
project/sim_ext.py --sim-time 0.5 --seq-graph project/file/graph_15_nodes.json --traffic project/file/traffic_15_nodes_net.json --inspection-rate 0.001 --mess-rate 0.002 --algorithm shortest,0.05394889028014088,10,10,10,10,10,10,10,10,10,10,10,10,10,10,10,10,10,10,10,10,10,10,10,10,10,10,10,10,10,10,10,10,10,10,10,10,10,10,10,10,10,10,10,10
project/sim_ext.py --sim-time 0.5 --seq-graph project/file/graph_15_nodes.json --traffic project/file/traffic_15_nodes_net.json --inspection-rate 0.001 --mess-rate 0.002 --algorithm shortest,0.05498501583837165,10,10,10,10,10,10,10,10,10,10,10,10,10,10,10,10,10,10,10,10,10,10,10,10,10,10,10,10,10,10,10,10,10,10,10,10,10,10,10,10,10,10,10,10
project/sim_ext.py --sim-time 0.5 --seq-graph project/file/graph_15_nodes.json --traffic project/file/traffic_15_nodes_net.json --inspection-rate 0.001 --mess-rate 0.002 --algorithm shortest,0.056037000001,10,10,10,10,10,10,10,10,10,10,10,10,10,10,10,10,10,10,10,10,10,10,10,10,10,10,10,10,10,10,10,10,10,10,10,10,10,10,10,10,10,10,10,10
project/sim_ext.py --sim-time 0.5 --seq-graph project/file/graph_15_nodes.json --traffic project/file/traffic_15_nodes_net.json --inspection-rate 0.001 --mess-rate 0.002 --algorithm shortest,0.057053505983071955,10,10,10,10,10,10,10,10,10,10,10,10,10,10,10,10,10,10,10,10,10,10,10,10,10,10,10,10,10,10,10,10,10,10,10,10,10,10,10,10,10,10,10,10
project/sim_ext.py --sim-time 0.5 --seq-graph project/file/graph_15_nodes.json --traffic project/file/traffic_15_nodes_net.json --inspection-rate 0.001 --mess-rate 0.002 --algorithm shortest,0.058088000001,10,10,10,10,10,10,10,10,10,10,10,10,10,10,10,10,10,10,10,10,10,10,10,10,10,10,10,10,10,10,10,10,10,10,10,10,10,10,10,10,10,10,10,10
project/sim_ext.py --sim-time 0.5 --seq-graph project/file/graph_15_nodes.json --traffic project/file/traffic_15_nodes_net.json --inspection-rate 0.001 --mess-rate 0.002 --algorithm shortest,0.05914200364146109,10,10,10,10,10,10,10,10,10,10,10,10,10,10,10,10,10,10,10,10,10,10,10,10,10,10,10,10,10,10,10,10,10,10,10,10,10,10,10,10,10,10,10,10
project/sim_ext.py --sim-time 0.5 --seq-graph project/file/graph_15_nodes.json --traffic project/file/traffic_15_nodes_net.json --inspection-rate 0.001 --mess-rate 0.002 --algorithm shortest,0.06017962940958327,10,10,10,10,10,10,10,10,10,10,10,10,10,10,10,10,10,10,10,10,10,10,10,10,10,10,10,10,10,10,10,10,10,10,10,10,10,10,10,10,10,10,10,10
project/sim_ext.py --sim-time 0.5 --seq-graph project/file/graph_15_nodes.json --traffic project/file/traffic_15_nodes_net.json --inspection-rate 0.001 --mess-rate 0.002 --algorithm shortest,0.06120885433780598,10,10,10,10,10,10,10,10,10,10,10,10,10,10,10,10,10,10,10,10,10,10,10,10,10,10,10,10,10,10,10,10,10,10,10,10,10,10,10,10,10,10,10,10
project/sim_ext.py --sim-time 0.5 --seq-graph project/file/graph_15_nodes.json --traffic project/file/traffic_15_nodes_net.json --inspection-rate 0.001 --mess-rate 0.002 --algorithm shortest,0.06223857498857863,10,10,10,10,10,10,10,10,10,10,10,10,10,10,10,10,10,10,10,10,10,10,10,10,10,10,10,10,10,10,10,10,10,10,10,10,10,10,10,10,10,10,10,10
project/sim_ext.py --sim-time 0.5 --seq-graph project/file/graph_15_nodes.json --traffic project/file/traffic_15_nodes_net.json --inspection-rate 0.001 --mess-rate 0.002 --algorithm shortest,0.06326483789944966,10,10,10,10,10,10,10,10,10,10,10,10,10,10,10,10,10,10,10,10,10,10,10,10,10,10,10,10,10,10,10,10,10,10,10,10,10,10,10,10,10,10,10,10
project/sim_ext.py --sim-time 0.5 --seq-graph project/file/graph_15_nodes.json --traffic project/file/traffic_15_nodes_net.json --inspection-rate 0.001 --mess-rate 0.002 --algorithm shortest,0.06428555190486697,10,10,10,10,10,10,10,10,10,10,10,10,10,10,10,10,10,10,10,10,10,10,10,10,10,10,10,10,10,10,10,10,10,10,10,10,10,10,10,10,10,10,10,10
project/sim_ext.py --sim-time 0.5 --seq-graph project/file/graph_15_nodes.json --traffic project/file/traffic_15_nodes_net.json --inspection-rate 0.001 --mess-rate 0.002 --algorithm shortest,0.06533741929718613,10,10,10,10,10,10,10,10,10,10,10,10,10,10,10,10,10,10,10,10,10,10,10,10,10,10,10,10,10,10,10,10,10,10,10,10,10,10,10,10,10,10,10,10
project/sim_ext.py --sim-time 0.5 --seq-graph project/file/graph_15_nodes.json --traffic project/file/traffic_15_nodes_net.json --inspection-rate 0.001 --mess-rate 0.002 --algorithm shortest,0.066360000001,10,10,10,10,10,10,10,10,10,10,10,10,10,10,10,10,10,10,10,10,10,10,10,10,10,10,10,10,10,10,10,10,10,10,10,10,10,10,10,10,10,10,10,10
project/sim_ext.py --sim-time 0.5 --seq-graph project/file/graph_15_nodes.json --traffic project/file/traffic_15_nodes_net.json --inspection-rate 0.001 --mess-rate 0.002 --algorithm shortest,0.06738713504925789,10,10,10,10,10,10,10,10,10,10,10,10,10,10,10,10,10,10,10,10,10,10,10,10,10,10,10,10,10,10,10,10,10,10,10,10,10,10,10,10,10,10,10,10
project/sim_ext.py --sim-time 0.5 --seq-graph project/file/graph_15_nodes.json --traffic project/file/traffic_15_nodes_net.json --inspection-rate 0.001 --mess-rate 0.002 --algorithm shortest,0.06843272381789103,10,10,10,10,10,10,10,10,10,10,10,10,10,10,10,10,10,10,10,10,10,10,10,10,10,10,10,10,10,10,10,10,10,10,10,10,10,10,10,10,10,10,10,10
project/sim_ext.py --sim-time 0.5 --seq-graph project/file/graph_15_nodes.json --traffic project/file/traffic_15_nodes_net.json --inspection-rate 0.001 --mess-rate 0.002 --algorithm shortest,0.06946289844962122,10,10,10,10,10,10,10,10,10,10,10,10,10,10,10,10,10,10,10,10,10,10,10,10,10,10,10,10,10,10,10,10,10,10,10,10,10,10,10,10,10,10,10,10
project/sim_ext.py --sim-time 0.5 --seq-graph project/file/graph_15_nodes.json --traffic project/file/traffic_15_nodes_net.json --inspection-rate 0.001 --mess-rate 0.002 --algorithm shortest,0.07048551215233557,10,10,10,10,10,10,10,10,10,10,10,10,10,10,10,10,10,10,10,10,10,10,10,10,10,10,10,10,10,10,10,10,10,10,10,10,10,10,10,10,10,10,10,10
project/sim_ext.py --sim-time 0.5 --seq-graph project/file/graph_15_nodes.json --traffic project/file/traffic_15_nodes_net.json --inspection-rate 0.001 --mess-rate 0.002 --algorithm shortest,0.07151393688739426,10,10,10,10,10,10,10,10,10,10,10,10,10,10,10,10,10,10,10,10,10,10,10,10,10,10,10,10,10,10,10,10,10,10,10,10,10,10,10,10,10,10,10,10
project/sim_ext.py --sim-time 0.5 --seq-graph project/file/graph_15_nodes.json --traffic project/file/traffic_15_nodes_net.json --inspection-rate 0.001 --mess-rate 0.002 --algorithm shortest,0.07254969335483799,10,10,10,10,10,10,10,10,10,10,10,10,10,10,10,10,10,10,10,10,10,10,10,10,10,10,10,10,10,10,10,10,10,10,10,10,10,10,10,10,10,10,10,10
project/sim_ext.py --sim-time 0.5 --seq-graph project/file/graph_15_nodes.json --traffic project/file/traffic_15_nodes_net.json --inspection-rate 0.001 --mess-rate 0.002 --algorithm shortest,0.07357266954838633,10,10,10,10,10,10,10,10,10,10,10,10,10,10,10,10,10,10,10,10,10,10,10,10,10,10,10,10,10,10,10,10,10,10,10,10,10,10,10,10,10,10,10,10
project/sim_ext.py --sim-time 0.5 --seq-graph project/file/graph_15_nodes.json --traffic project/file/traffic_15_nodes_net.json --inspection-rate 0.001 --mess-rate 0.002 --algorithm shortest,0.074607000001,10,10,10,10,10,10,10,10,10,10,10,10,10,10,10,10,10,10,10,10,10,10,10,10,10,10,10,10,10,10,10,10,10,10,10,10,10,10,10,10,10,10,10,10
project/sim_ext.py --sim-time 0.5 --seq-graph project/file/graph_15_nodes.json --traffic project/file/traffic_15_nodes_net.json --inspection-rate 0.001 --mess-rate 0.002 --algorithm shortest,0.07563276948713805,10,10,10,10,10,10,10,10,10,10,10,10,10,10,10,10,10,10,10,10,10,10,10,10,10,10,10,10,10,10,10,10,10,10,10,10,10,10,10,10,10,10,10,10
project/sim_ext.py --sim-time 0.5 --seq-graph project/file/graph_15_nodes.json --traffic project/file/traffic_15_nodes_net.json --inspection-rate 0.001 --mess-rate 0.002 --algorithm shortest,0.07665660332377287,10,10,10,10,10,10,10,10,10,10,10,10,10,10,10,10,10,10,10,10,10,10,10,10,10,10,10,10,10,10,10,10,10,10,10,10,10,10,10,10,10,10,10,10
project/sim_ext.py --sim-time 0.5 --seq-graph project/file/graph_15_nodes.json --traffic project/file/traffic_15_nodes_net.json --inspection-rate 0.001 --mess-rate 0.002 --algorithm shortest,0.07770708715752457,10,10,10,10,10,10,10,10,10,10,10,10,10,10,10,10,10,10,10,10,10,10,10,10,10,10,10,10,10,10,10,10,10,10,10,10,10,10,10,10,10,10,10,10
project/sim_ext.py --sim-time 0.5 --seq-graph project/file/graph_15_nodes.json --traffic project/file/traffic_15_nodes_net.json --inspection-rate 0.001 --mess-rate 0.002 --algorithm shortest,0.07874904755946444,10,10,10,10,10,10,10,10,10,10,10,10,10,10,10,10,10,10,10,10,10,10,10,10,10,10,10,10,10,10,10,10,10,10,10,10,10,10,10,10,10,10,10,10
project/sim_ext.py --sim-time 0.5 --seq-graph project/file/graph_15_nodes.json --traffic project/file/traffic_15_nodes_net.json --inspection-rate 0.001 --mess-rate 0.002 --algorithm shortest,0.079824000001,10,10,10,10,10,10,10,10,10,10,10,10,10,10,10,10,10,10,10,10,10,10,10,10,10,10,10,10,10,10,10,10,10,10,10,10,10,10,10,10,10,10,10,10
project/sim_ext.py --sim-time 0.5 --seq-graph project/file/graph_15_nodes.json --traffic project/file/traffic_15_nodes_net.json --inspection-rate 0.001 --mess-rate 0.002 --algorithm shortest,0.08088700000099999,10,10,10,10,10,10,10,10,10,10,10,10,10,10,10,10,10,10,10,10,10,10,10,10,10,10,10,10,10,10,10,10,10,10,10,10,10,10,10,10,10,10,10,10
project/sim_ext.py --sim-time 0.5 --seq-graph project/file/graph_15_nodes.json --traffic project/file/traffic_15_nodes_net.json --inspection-rate 0.001 --mess-rate 0.002 --algorithm shortest,0.08191884654568352,10,10,10,10,10,10,10,10,10,10,10,10,10,10,10,10,10,10,10,10,10,10,10,10,10,10,10,10,10,10,10,10,10,10,10,10,10,10,10,10,10,10,10,10
project/sim_ext.py --sim-time 0.5 --seq-graph project/file/graph_15_nodes.json --traffic project/file/traffic_15_nodes_net.json --inspection-rate 0.001 --mess-rate 0.002 --algorithm shortest,0.08295753249068563,10,10,10,10,10,10,10,10,10,10,10,10,10,10,10,10,10,10,10,10,10,10,10,10,10,10,10,10,10,10,10,10,10,10,10,10,10,10,10,10,10,10,10,10
project/sim_ext.py --sim-time 0.5 --seq-graph project/file/graph_15_nodes.json --traffic project/file/traffic_15_nodes_net.json --inspection-rate 0.001 --mess-rate 0.002 --algorithm shortest,0.08402300000099999,10,10,10,10,10,10,10,10,10,10,10,10,10,10,10,10,10,10,10,10,10,10,10,10,10,10,10,10,10,10,10,10,10,10,10,10,10,10,10,10,10,10,10,10
project/sim_ext.py --sim-time 0.5 --seq-graph project/file/graph_15_nodes.json --traffic project/file/traffic_15_nodes_net.json --inspection-rate 0.001 --mess-rate 0.002 --algorithm shortest,0.08505506404274678,10,10,10,10,10,10,10,10,10,10,10,10,10,10,10,10,10,10,10,10,10,10,10,10,10,10,10,10,10,10,10,10,10,10,10,10,10,10,10,10,10,10,10,10
project/sim_ext.py --sim-time 0.5 --seq-graph project/file/graph_15_nodes.json --traffic project/file/traffic_15_nodes_net.json --inspection-rate 0.001 --mess-rate 0.002 --algorithm shortest,0.0861399350796946,10,10,10,10,10,10,10,10,10,10,10,10,10,10,10,10,10,10,10,10,10,10,10,10,10,10,10,10,10,10,10,10,10,10,10,10,10,10,10,10,10,10,10,10
project/sim_ext.py --sim-time 0.5 --seq-graph project/file/graph_15_nodes.json --traffic project/file/traffic_15_nodes_net.json --inspection-rate 0.001 --mess-rate 0.002 --algorithm shortest,0.087212000001,10,10,10,10,10,10,10,10,10,10,10,10,10,10,10,10,10,10,10,10,10,10,10,10,10,10,10,10,10,10,10,10,10,10,10,10,10,10,10,10,10,10,10,10
project/sim_ext.py --sim-time 0.5 --seq-graph project/file/graph_15_nodes.json --traffic project/file/traffic_15_nodes_net.json --inspection-rate 0.001 --mess-rate 0.002 --algorithm shortest,0.08823909099370494,10,10,10,10,10,10,10,10,10,10,10,10,10,10,10,10,10,10,10,10,10,10,10,10,10,10,10,10,10,10,10,10,10,10,10,10,10,10,10,10,10,10,10,10
project/sim_ext.py --sim-time 0.5 --seq-graph project/file/graph_15_nodes.json --traffic project/file/traffic_15_nodes_net.json --inspection-rate 0.001 --mess-rate 0.002 --algorithm shortest,0.089283343472874,10,10,10,10,10,10,10,10,10,10,10,10,10,10,10,10,10,10,10,10,10,10,10,10,10,10,10,10,10,10,10,10,10,10,10,10,10,10,10,10,10,10,10,10
project/sim_ext.py --sim-time 0.5 --seq-graph project/file/graph_15_nodes.json --traffic project/file/traffic_15_nodes_net.json --inspection-rate 0.001 --mess-rate 0.002 --algorithm shortest,0.090317000001,10,10,10,10,10,10,10,10,10,10,10,10,10,10,10,10,10,10,10,10,10,10,10,10,10,10,10,10,10,10,10,10,10,10,10,10,10,10,10,10,10,10,10,10
project/sim_ext.py --sim-time 0.5 --seq-graph project/file/graph_15_nodes.json --traffic project/file/traffic_15_nodes_net.json --inspection-rate 0.001 --mess-rate 0.002 --algorithm shortest,0.091360999997,3,10,3,9,9,1,2,2,9,4,7,10,5,8,6,3,8,2,3,6,10,9,5,7,4,2,9,9,4,2,7,2,10,3,2,2,5,4,3,10,4,5,2,6
project/sim_ext.py --sim-time 0.5 --seq-graph project/file/graph_15_nodes.json --traffic project/file/traffic_15_nodes_net.json --inspection-rate 0.001 --mess-rate 0.002 --algorithm shortest,0.092361599997,0,0,3,0,0,3,0,1,1,0,0,0,0,0,0,0,2,0,0,1,10,0,4,0,0,2,0,0,1,0,0,1,0,0,0,0,6,0,0,10,3,0,4,2
project/sim_ext.py --sim-time 0.5 --seq-graph project/file/graph_15_nodes.json --traffic project/file/traffic_15_nodes_net.json --inspection-rate 0.001 --mess-rate 0.002 --algorithm shortest,0.093430399997,1,1,0,0,0,0,0,5,0,1,2,0,0,3,0,0,0,0,0,0,10,1,2,1,7,0,0,0,0,0,0,2,0,3,0,0,0,0,0,10,4,9,0,0
project/sim_ext.py --sim-time 0.5 --seq-graph project/file/graph_15_nodes.json --traffic project/file/traffic_15_nodes_net.json --inspection-rate 0.001 --mess-rate 0.002 --algorithm shortest,0.094452199997,4,7,0,7,0,0,0,9,6,2,1,0,0,0,0,0,0,2,0,0,10,0,4,0,0,1,1,2,0,6,0,0,0,0,0,0,0,0,1,10,0,0,1,0
project/sim_ext.py --sim-time 0.5 --seq-graph project/file/graph_15_nodes.json --traffic project/file/traffic_15_nodes_net.json --inspection-rate 0.001 --mess-rate 0.002 --algorithm shortest,0.095476199997,0,10,0,9,0,0,0,0,10,0,0,2,2,1,0,1,0,0,0,0,10,0,5,0,1,0,3,0,1,1,1,0,2,0,1,0,8,10,2,10,3,1,0,4
project/sim_ext.py --sim-time 0.5 --seq-graph project/file/graph_15_nodes.json --traffic project/file/traffic_15_nodes_net.json --inspection-rate 0.001 --mess-rate 0.002 --algorithm shortest,0.096518000001,0,10,1,10,0,0,0,0,10,0,0,3,3,2,0,0,0,1,0,0,10,1,10,0,1,0,3,0,7,0,0,0,5,7,2,0,10,10,7,10,10,8,7,10
project/sim_ext.py --sim-time 0.5 --seq-graph project/file/graph_15_nodes.json --traffic project/file/traffic_15_nodes_net.json --inspection-rate 0.001 --mess-rate 0.002 --algorithm shortest,0.097575000001,0,10,1,10,5,1,2,0,10,0,0,4,3,3,0,0,8,1,2,0,10,5,10,0,0,0,6,3,10,0,0,0,7,0,2,0,10,10,10,10,10,10,10,10
project/sim_ext.py --sim-time 0.5 --seq-graph project/file/graph_15_nodes.json --traffic project/file/traffic_15_nodes_net.json --inspection-rate 0.001 --mess-rate 0.002 --algorithm shortest,0.09860599942691897,0,10,2,10,5,4,0,0,10,0,1,8,5,4,0,0,9,0,0,0,10,5,10,1,0,0,9,6,10,0,0,0,10,3,0,2,10,10,10,10,10,10,10,10
project/sim_ext.py --sim-time 0.5 --seq-graph project/file/graph_15_nodes.json --traffic project/file/traffic_15_nodes_net.json --inspection-rate 0.001 --mess-rate 0.002 --algorithm shortest,0.09963928562635184,0,10,2,10,6,5,2,0,10,0,3,8,6,6,0,0,10,1,0,4,10,6,10,0,0,0,10,10,10,2,0,0,10,9,0,3,10,10,10,10,10,10,10,10
project/sim_ext.py --sim-time 0.5 --seq-graph project/file/graph_15_nodes.json --traffic project/file/traffic_15_nodes_net.json --inspection-rate 0.001 --mess-rate 0.002 --algorithm shortest,0.10072504089954956,0,10,0,10,10,6,0,0,10,0,4,10,7,9,0,0,10,1,0,4,10,10,10,0,1,0,10,10,10,0,0,0,10,10,0,4,10,10,10,10,10,10,10,10
project/sim_ext.py --sim-time 0.5 --seq-graph project/file/graph_15_nodes.json --traffic project/file/traffic_15_nodes_net.json --inspection-rate 0.001 --mess-rate 0.002 --algorithm shortest,0.101780199997,0,10,0,10,10,0,0,0,10,0,7,10,7,10,0,0,10,0,1,6,10,10,10,0,0,1,10,10,10,0,1,0,10,10,0,5,10,10,10,10,10,10,10,10
project/sim_ext.py --sim-time 0.5 --seq-graph project/file/graph_15_nodes.json --traffic project/file/traffic_15_nodes_net.json --inspection-rate 0.001 --mess-rate 0.002 --algorithm shortest,0.10280240538448474,0,10,0,10,10,0,0,0,10,0,10,10,8,10,0,0,10,0,0,7,10,10,10,2,0,0,10,10,10,1,2,0,10,10,0,0,10,10,10,10,10,10,10,10
project/sim_ext.py --sim-time 0.5 --seq-graph project/file/graph_15_nodes.json --traffic project/file/traffic_15_nodes_net.json --inspection-rate 0.001 --mess-rate 0.002 --algorithm shortest,0.103853799997,0,10,2,10,10,0,0,0,10,1,10,10,9,10,0,0,10,1,0,7,10,10,10,5,1,0,10,10,10,1,0,0,10,10,0,0,10,10,10,10,10,10,10,10
project/sim_ext.py --sim-time 0.5 --seq-graph project/file/graph_15_nodes.json --traffic project/file/traffic_15_nodes_net.json --inspection-rate 0.001 --mess-rate 0.002 --algorithm shortest,0.104877000001,0,10,3,10,10,2,0,0,10,0,10,10,9,10,2,0,10,3,0,7,10,10,10,5,1,0,10,10,10,0,0,0,10,10,0,0,10,10,10,10,10,10,10,10
project/sim_ext.py --sim-time 0.5 --seq-graph project/file/graph_15_nodes.json --traffic project/file/traffic_15_nodes_net.json --inspection-rate 0.001 --mess-rate 0.002 --algorithm shortest,0.10592402036249629,0,10,9,10,10,0,0,0,10,2,10,10,9,10,4,0,10,6,0,10,10,10,10,7,0,0,10,10,10,1,1,0,10,10,0,0,10,10,10,10,10,10,10,10
project/sim_ext.py --sim-time 0.5 --seq-graph project/file/graph_15_nodes.json --traffic project/file/traffic_15_nodes_net.json --inspection-rate 0.001 --mess-rate 0.002 --algorithm shortest,0.106966399997,0,10,10,10,10,1,3,0,10,0,10,10,10,10,7,0,10,6,0,10,10,10,10,10,0,0,10,10,10,3,2,1,10,10,0,0,10,10,10,10,10,10,10,10
project/sim_ext.py --sim-time 0.5 --seq-graph project/file/graph_15_nodes.json --traffic project/file/traffic_15_nodes_net.json --inspection-rate 0.001 --mess-rate 0.002 --algorithm shortest,0.10800749567917552,0,10,10,10,10,6,4,0,10,0,10,10,10,10,7,0,10,6,0,10,10,10,10,10,1,0,10,10,10,0,3,0,10,10,0,0,10,10,10,10,10,10,10,10
project/sim_ext.py --sim-time 0.5 --seq-graph project/file/graph_15_nodes.json --traffic project/file/traffic_15_nodes_net.json --inspection-rate 0.001 --mess-rate 0.002 --algorithm shortest,0.10904724728926257,0,10,10,10,10,8,8,3,10,0,10,10,10,10,7,0,10,8,0,10,10,10,10,10,1,0,10,10,10,0,3,0,10,10,0,0,10,10,10,10,10,10,10,10
project/sim_ext.py --sim-time 0.5 --seq-graph project/file/graph_15_nodes.json --traffic project/file/traffic_15_nodes_net.json --inspection-rate 0.001 --mess-rate 0.002 --algorithm shortest,0.110119399997,0,10,10,10,10,9,10,2,10,0,10,10,10,10,7,0,10,9,0,10,10,10,10,10,3,0,10,10,10,0,8,0,10,10,2,1,10,10,10,10,10,10,10,10
project/sim_ext.py --sim-time 0.5 --seq-graph project/file/graph_15_nodes.json --traffic project/file/traffic_15_nodes_net.json --inspection-rate 0.001 --mess-rate 0.002 --algorithm shortest,0.11114123316764646,0,10,10,10,10,9,10,0,10,0,10,10,10,10,7,0,10,9,0,10,10,10,10,10,3,0,10,10,10,0,8,0,10,10,2,2,10,10,10,10,10,10,10,10
project/sim_ext.py --sim-time 0.5 --seq-graph project/file/graph_15_nodes.json --traffic project/file/traffic_15_nodes_net.json --inspection-rate 0.001 --mess-rate 0.002 --algorithm shortest,0.112157000001,0,10,10,10,10,10,10,0,10,0,10,10,10,10,7,0,10,10,2,10,10,10,10,10,3,0,10,10,10,0,8,0,10,10,3,3,10,10,10,10,10,10,10,10
project/sim_ext.py --sim-time 0.5 --seq-graph project/file/graph_15_nodes.json --traffic project/file/traffic_15_nodes_net.json --inspection-rate 0.001 --mess-rate 0.002 --algorithm shortest,0.11322376293534236,1,10,10,10,10,10,10,0,10,0,10,10,10,10,7,0,10,10,4,10,10,10,10,10,5,0,10,10,10,3,10,0,10,10,0,0,10,10,10,10,10,10,10,10
project/sim_ext.py --sim-time 0.5 --seq-graph project/file/graph_15_nodes.json --traffic project/file/traffic_15_nodes_net.json --inspection-rate 0.001 --mess-rate 0.002 --algorithm shortest,0.11425402609128527,2,10,10,10,10,10,10,0,10,0,10,10,10,10,9,1,10,10,4,10,10,10,10,10,5,0,10,10,10,3,10,0,10,10,3,0,10,10,10,10,10,10,10,10
project/sim_ext.py --sim-time 0.5 --seq-graph project/file/graph_15_nodes.json --traffic project/file/traffic_15_nodes_net.json --inspection-rate 0.001 --mess-rate 0.002 --algorithm shortest,0.11530443706710473,2,10,10,10,10,10,10,3,10,0,10,10,10,10,10,1,10,10,5,10,10,10,10,10,5,0,10,10,10,4,10,0,10,10,3,0,10,10,10,10,10,10,10,10
project/sim_ext.py --sim-time 0.5 --seq-graph project/file/graph_15_nodes.json --traffic project/file/traffic_15_nodes_net.json --inspection-rate 0.001 --mess-rate 0.002 --algorithm shortest,0.11632550912972865,4,10,10,10,10,10,8,4,10,0,10,10,10,10,10,2,10,10,6,10,10,10,10,10,7,0,10,10,10,7,10,0,10,10,5,0,10,10,10,10,10,10,10,10
project/sim_ext.py --sim-time 0.5 --seq-graph project/file/graph_15_nodes.json --traffic project/file/traffic_15_nodes_net.json --inspection-rate 0.001 --mess-rate 0.002 --algorithm shortest,0.11736171069197048,5,10,10,10,10,10,9,6,10,0,10,10,10,10,10,2,10,10,8,10,10,10,10,10,7,0,10,10,10,9,10,2,10,10,0,0,10,10,10,10,10,10,10,10
project/sim_ext.py --sim-time 0.5 --seq-graph project/file/graph_15_nodes.json --traffic project/file/traffic_15_nodes_net.json --inspection-rate 0.001 --mess-rate 0.002 --algorithm shortest,0.11838760257968563,5,10,10,10,10,10,10,10,10,1,10,10,10,10,10,3,10,10,8,10,10,10,10,10,8,0,10,10,10,10,10,0,10,10,0,0,10,10,10,10,10,10,10,10
project/sim_ext.py --sim-time 0.5 --seq-graph project/file/graph_15_nodes.json --traffic project/file/traffic_15_nodes_net.json --inspection-rate 0.001 --mess-rate 0.002 --algorithm shortest,0.119420635285389,5,10,10,10,10,10,10,10,10,1,10,10,10,10,10,3,10,10,8,10,10,10,10,10,9,0,10,10,10,10,10,0,10,10,1,2,10,10,10,10,10,10,10,10
project/sim_ext.py --sim-time 0.5 --seq-graph project/file/graph_15_nodes.json --traffic project/file/traffic_15_nodes_net.json --inspection-rate 0.001 --mess-rate 0.002 --algorithm shortest,0.120461000001,5,10,10,10,10,10,10,10,10,1,10,10,10,10,10,4,10,10,10,10,10,10,10,10,10,0,10,10,10,10,10,0,10,10,3,0,10,10,10,10,10,10,10,10
project/sim_ext.py --sim-time 0.5 --seq-graph project/file/graph_15_nodes.json --traffic project/file/traffic_15_nodes_net.json --inspection-rate 0.001 --mess-rate 0.002 --algorithm shortest,0.12148994937218163,5,10,10,10,10,10,10,10,10,1,10,10,10,10,10,4,10,10,10,10,10,10,10,10,10,2,10,10,10,10,10,0,10,10,5,0,10,10,10,10,10,10,10,10
project/sim_ext.py --sim-time 0.5 --seq-graph project/file/graph_15_nodes.json --traffic project/file/traffic_15_nodes_net.json --inspection-rate 0.001 --mess-rate 0.002 --algorithm shortest,0.12251199999699999,0,5,0,5,1,0,0,0,0,3,3,0,0,0,0,2,0,0,0,0,10,1,0,0,0,0,0,2,1,0,0,0,1,0,0,0,1,0,1,10,1,0,0,0
project/sim_ext.py --sim-time 0.5 --seq-graph project/file/graph_15_nodes.json --traffic project/file/traffic_15_nodes_net.json --inspection-rate 0.001 --mess-rate 0.002 --algorithm shortest,0.123523199997,0,0,3,0,1,0,2,3,0,0,1,0,1,1,0,0,0,3,1,0,10,0,1,0,0,0,0,0,0,0,2,1,0,2,0,0,2,0,0,10,2,1,0,0
project/sim_ext.py --sim-time 0.5 --seq-graph project/file/graph_15_nodes.json --traffic project/file/traffic_15_nodes_net.json --inspection-rate 0.001 --mess-rate 0.002 --algorithm shortest,0.124551399997,0,1,1,3,0,1,1,0,0,0,2,1,0,0,0,1,0,3,2,1,10,1,0,0,0,2,0,0,0,0,0,0,0,0,0,0,1,2,2,10,0,0,0,1
project/sim_ext.py --sim-time 0.5 --seq-graph project/file/graph_15_nodes.json --traffic project/file/traffic_15_nodes_net.json --inspection-rate 0.001 --mess-rate 0.002 --algorithm shortest,0.125596799997,0,3,0,2,0,0,3,0,5,0,0,0,0,0,2,0,0,1,0,0,10,1,5,0,0,2,0,1,4,0,2,0,1,0,0,0,5,4,1,10,2,2,4,4
project/sim_ext.py --sim-time 0.5 --seq-graph project/file/graph_15_nodes.json --traffic project/file/traffic_15_nodes_net.json --inspection-rate 0.001 --mess-rate 0.002 --algorithm shortest,0.126652799997,0,9,4,10,0,1,1,0,10,0,3,5,0,0,0,2,0,0,0,0,10,5,6,2,0,0,3,1,0,0,0,0,10,1,0,0,10,0,0,10,7,0,9,10
project/sim_ext.py --sim-time 0.5 --seq-graph project/file/graph_15_nodes.json --traffic project/file/traffic_15_nodes_net.json --inspection-rate 0.001 --mess-rate 0.002 --algorithm shortest,0.12778098766703233,0,10,0,10,6,0,0,0,10,0,2,1,0,0,0,0,1,0,1,0,10,10,9,5,0,0,3,4,3,0,1,2,10,0,0,0,10,10,5,10,10,8,10,10
project/sim_ext.py --sim-time 0.5 --seq-graph project/file/graph_15_nodes.json --traffic project/file/traffic_15_nodes_net.json --inspection-rate 0.001 --mess-rate 0.002 --algorithm shortest,0.12881189256426429,0,10,0,10,9,0,0,0,10,1,2,5,0,2,0,2,6,0,0,0,10,10,10,0,0,0,3,5,6,0,1,0,10,1,0,0,10,10,10,10,10,10,10,10
project/sim_ext.py --sim-time 0.5 --seq-graph project/file/graph_15_nodes.json --traffic project/file/traffic_15_nodes_net.json --inspection-rate 0.001 --mess-rate 0.002 --algorithm shortest,0.12984936654581397,1,10,0,10,10,0,0,2,10,0,3,6,0,2,2,0,7,0,0,1,10,10,10,0,2,0,5,7,7,0,0,0,10,7,4,1,10,10,10,10,10,10,10,10
project/sim_ext.py --sim-time 0.5 --seq-graph project/file/graph_15_nodes.json --traffic project/file/traffic_15_nodes_net.json --inspection-rate 0.001 --mess-rate 0.002 --algorithm shortest,0.13089271764552932,0,10,1,10,10,2,0,0,10,0,4,6,0,3,0,0,7,0,1,5,10,10,10,0,0,0,6,9,9,0,0,0,10,10,5,1,10,10,10,10,10,10,10,10
project/sim_ext.py --sim-time 0.5 --seq-graph project/file/graph_15_nodes.json --traffic project/file/traffic_15_nodes_net.json --inspection-rate 0.001 --mess-rate 0.002 --algorithm shortest,0.13193187580772475,0,10,4,10,10,4,0,0,10,1,5,7,1,3,1,0,7,1,0,7,10,10,10,0,0,0,6,10,10,0,3,0,10,10,0,2,10,10,10,10,10,10,10,10
project/sim_ext.py --sim-time 0.5 --seq-graph project/file/graph_15_nodes.json --traffic project/file/traffic_15_nodes_net.json --inspection-rate 0.001 --mess-rate 0.002 --algorithm shortest,0.13297280191729519,0,10,9,10,10,6,1,0,10,0,6,8,1,4,3,0,10,0,0,10,10,10,10,2,0,0,8,10,10,3,0,0,10,10,0,0,10,10,10,10,10,10,10,10
project/sim_ext.py --sim-time 0.5 --seq-graph project/file/graph_15_nodes.json --traffic project/file/traffic_15_nodes_net.json --inspection-rate 0.001 --mess-rate 0.002 --algorithm shortest,0.133997000001,0,10,10,10,10,8,7,0,10,0,6,8,3,5,3,0,10,0,0,10,10,10,10,0,0,0,9,10,10,5,0,0,10,10,0,0,10,10,10,10,10,10,10,10
project/sim_ext.py --sim-time 0.5 --seq-graph project/file/graph_15_nodes.json --traffic project/file/traffic_15_nodes_net.json --inspection-rate 0.001 --mess-rate 0.002 --algorithm shortest,0.135016000001,0,10,10,10,10,0,0,0,10,0,10,10,6,8,6,0,10,0,0,10,10,10,10,0,0,0,10,10,10,8,0,0,10,10,0,1,10,10,10,10,10,10,10,10
project/sim_ext.py --sim-time 0.5 --seq-graph project/file/graph_15_nodes.json --traffic project/file/traffic_15_nodes_net.json --inspection-rate 0.001 --mess-rate 0.002 --algorithm shortest,0.13605872366487576,0,10,10,10,10,0,0,0,10,0,10,10,7,8,7,0,10,3,0,10,10,10,10,1,1,1,10,10,10,0,2,0,10,10,0,0,10,10,10,10,10,10,10,10
project/sim_ext.py --sim-time 0.5 --seq-graph project/file/graph_15_nodes.json --traffic project/file/traffic_15_nodes_net.json --inspection-rate 0.001 --mess-rate 0.002 --algorithm shortest,0.13710572246189662,1,10,10,10,10,0,0,2,10,1,10,10,7,10,10,0,10,4,0,10,10,10,10,3,2,0,10,10,10,0,4,0,10,10,0,0,10,10,10,10,10,10,10,10
project/sim_ext.py --sim-time 0.5 --seq-graph project/file/graph_15_nodes.json --traffic project/file/traffic_15_nodes_net.json --inspection-rate 0.001 --mess-rate 0.002 --algorithm shortest,0.138205000001,0,10,10,10,10,0,2,0,10,0,10,10,8,10,10,1,10,8,0,10,10,10,10,3,3,0,10,10,10,0,7,0,10,10,0,0,10,10,10,10,10,10,10,10
project/sim_ext.py --sim-time 0.5 --seq-graph project/file/graph_15_nodes.json --traffic project/file/traffic_15_nodes_net.json --inspection-rate 0.001 --mess-rate 0.002 --algorithm shortest,0.1392327167349565,2,10,10,10,10,0,0,3,10,0,10,10,8,10,10,0,10,9,0,10,10,10,10,3,5,1,10,10,10,0,10,0,10,10,0,0,10,10,10,10,10,10,10,10
project/sim_ext.py --sim-time 0.5 --seq-graph project/file/graph_15_nodes.json --traffic project/file/traffic_15_nodes_net.json --inspection-rate 0.001 --mess-rate 0.002 --algorithm shortest,0.14025962704151906,1,10,10,10,10,0,3,0,10,0,10,10,8,10,10,0,10,9,0,10,10,10,10,6,5,0,10,10,10,0,10,0,10,10,0,0,10,10,10,10,10,10,10,10
project/sim_ext.py --sim-time 0.5 --seq-graph project/file/graph_15_nodes.json --traffic project/file/traffic_15_nodes_net.json --inspection-rate 0.001 --mess-rate 0.002 --algorithm shortest,0.14133394429433868,1,10,10,10,10,4,6,1,10,0,10,10,8,10,10,1,10,10,0,10,10,10,10,8,10,0,10,10,10,2,10,1,10,10,0,0,10,10,10,10,10,10,10,10
project/sim_ext.py --sim-time 0.5 --seq-graph project/file/graph_15_nodes.json --traffic project/file/traffic_15_nodes_net.json --inspection-rate 0.001 --mess-rate 0.002 --algorithm shortest,0.14234883035589624,3,10,10,10,10,7,8,2,10,0,10,10,10,10,10,2,10,10,0,10,10,10,10,8,10,1,10,10,10,0,10,2,10,10,0,0,10,10,10,10,10,10,10,10
project/sim_ext.py --sim-time 0.5 --seq-graph project/file/graph_15_nodes.json --traffic project/file/traffic_15_nodes_net.json --inspection-rate 0.001 --mess-rate 0.002 --algorithm shortest,0.143405799997,4,10,10,10,10,10,10,3,10,0,10,10,10,10,10,3,10,10,0,10,10,10,10,9,10,0,10,10,10,0,10,0,10,10,1,0,10,10,10,10,10,10,10,10
project/sim_ext.py --sim-time 0.5 --seq-graph project/file/graph_15_nodes.json --traffic project/file/traffic_15_nodes_net.json --inspection-rate 0.001 --mess-rate 0.002 --algorithm shortest,0.144455000001,4,10,10,10,10,10,10,6,10,0,10,10,10,10,10,3,10,10,0,10,10,10,10,10,10,0,10,10,10,0,10,0,10,10,4,1,10,10,10,10,10,10,10,10
project/sim_ext.py --sim-time 0.5 --seq-graph project/file/graph_15_nodes.json --traffic project/file/traffic_15_nodes_net.json --inspection-rate 0.001 --mess-rate 0.002 --algorithm shortest,0.1454784123784759,6,10,10,10,10,10,10,8,10,0,10,10,10,10,10,4,10,10,2,10,10,10,10,10,10,0,10,10,10,0,10,0,10,10,6,0,10,10,10,10,10,10,10,10
project/sim_ext.py --sim-time 0.5 --seq-graph project/file/graph_15_nodes.json --traffic project/file/traffic_15_nodes_net.json --inspection-rate 0.001 --mess-rate 0.002 --algorithm shortest,0.146533000001,7,10,10,10,10,10,10,9,10,1,10,10,10,10,10,5,10,10,0,10,10,10,10,10,10,0,10,10,10,3,10,0,10,10,8,0,10,10,10,10,10,10,10,10
project/sim_ext.py --sim-time 0.5 --seq-graph project/file/graph_15_nodes.json --traffic project/file/traffic_15_nodes_net.json --inspection-rate 0.001 --mess-rate 0.002 --algorithm shortest,0.147580000001,8,10,10,10,10,10,10,9,10,1,10,10,10,10,10,7,10,10,0,10,10,10,10,10,10,0,10,10,10,3,10,0,10,10,0,0,10,10,10,10,10,10,10,10
project/sim_ext.py --sim-time 0.5 --seq-graph project/file/graph_15_nodes.json --traffic project/file/traffic_15_nodes_net.json --inspection-rate 0.001 --mess-rate 0.002 --algorithm shortest,0.148645000001,8,10,10,10,10,10,10,10,10,1,10,10,10,10,10,8,10,10,0,10,10,10,10,10,10,1,10,10,10,4,10,0,10,10,0,0,10,10,10,10,10,10,10,10
project/sim_ext.py --sim-time 0.5 --seq-graph project/file/graph_15_nodes.json --traffic project/file/traffic_15_nodes_net.json --inspection-rate 0.001 --mess-rate 0.002 --algorithm shortest,0.149719000001,9,10,10,10,10,10,10,10,10,1,10,10,10,10,10,10,10,10,0,10,10,10,10,10,10,0,10,10,10,4,10,0,10,10,0,0,10,10,10,10,10,10,10,10
project/sim_ext.py --sim-time 0.5 --seq-graph project/file/graph_15_nodes.json --traffic project/file/traffic_15_nodes_net.json --inspection-rate 0.001 --mess-rate 0.002 --algorithm shortest,0.15075298129322823,9,10,10,10,10,10,10,10,10,2,10,10,10,10,10,10,10,10,0,10,10,10,10,10,10,0,10,10,10,6,10,2,10,10,0,0,10,10,10,10,10,10,10,10
project/sim_ext.py --sim-time 0.5 --seq-graph project/file/graph_15_nodes.json --traffic project/file/traffic_15_nodes_net.json --inspection-rate 0.001 --mess-rate 0.002 --algorithm shortest,0.1517625091739577,10,10,10,10,10,10,10,10,10,3,10,10,10,10,10,10,10,10,2,10,10,10,10,10,10,1,10,10,10,7,10,0,10,10,0,0,10,10,10,10,10,10,10,10
project/sim_ext.py --sim-time 0.5 --seq-graph project/file/graph_15_nodes.json --traffic project/file/traffic_15_nodes_net.json --inspection-rate 0.001 --mess-rate 0.002 --algorithm shortest,0.1527728080393499,10,10,10,10,10,10,10,10,10,5,10,10,10,10,10,10,10,10,2,10,10,10,10,10,10,1,10,10,10,8,10,0,10,10,0,0,10,10,10,10,10,10,10,10
project/sim_ext.py --sim-time 0.5 --seq-graph project/file/graph_15_nodes.json --traffic project/file/traffic_15_nodes_net.json --inspection-rate 0.001 --mess-rate 0.002 --algorithm shortest,0.153803000001,10,10,10,10,10,10,10,10,10,6,10,10,10,10,10,10,10,10,3,10,10,10,10,10,10,1,10,10,10,10,10,0,10,10,0,0,10,10,10,10,10,10,10,10
project/sim_ext.py --sim-time 0.5 --seq-graph project/file/graph_15_nodes.json --traffic project/file/traffic_15_nodes_net.json --inspection-rate 0.001 --mess-rate 0.002 --algorithm shortest,0.154828000001,10,10,10,10,10,10,10,10,10,6,10,10,10,10,10,10,10,10,3,10,10,10,10,10,10,0,10,10,10,10,10,1,10,10,2,0,10,10,10,10,10,10,10,10
project/sim_ext.py --sim-time 0.5 --seq-graph project/file/graph_15_nodes.json --traffic project/file/traffic_15_nodes_net.json --inspection-rate 0.001 --mess-rate 0.002 --algorithm shortest,0.15587622700975443,10,10,10,10,10,10,10,10,10,6,10,10,10,10,10,10,10,10,5,10,10,10,10,10,10,0,10,10,10,10,10,0,10,10,0,0,10,10,10,10,10,10,10,10
project/sim_ext.py --sim-time 0.5 --seq-graph project/file/graph_15_nodes.json --traffic project/file/traffic_15_nodes_net.json --inspection-rate 0.001 --mess-rate 0.002 --algorithm shortest,0.15691600002072253,10,10,10,10,10,10,10,10,10,6,10,10,10,10,10,10,10,10,6,10,10,10,10,10,10,0,10,10,10,10,10,0,10,10,0,0,10,10,10,10,10,10,10,10
project/sim_ext.py --sim-time 0.5 --seq-graph project/file/graph_15_nodes.json --traffic project/file/traffic_15_nodes_net.json --inspection-rate 0.001 --mess-rate 0.002 --algorithm shortest,0.157940000001,10,10,10,10,10,10,10,10,10,6,10,10,10,10,10,10,10,10,6,10,10,10,10,10,10,0,10,10,10,10,10,0,10,10,0,0,10,10,10,10,10,10,10,10
project/sim_ext.py --sim-time 0.5 --seq-graph project/file/graph_15_nodes.json --traffic project/file/traffic_15_nodes_net.json --inspection-rate 0.001 --mess-rate 0.002 --algorithm shortest,0.15897952138306942,10,10,10,10,10,10,10,10,10,6,10,10,10,10,10,10,10,10,8,10,10,10,10,10,10,1,10,10,10,10,10,1,10,10,0,0,10,10,10,10,10,10,10,10
project/sim_ext.py --sim-time 0.5 --seq-graph project/file/graph_15_nodes.json --traffic project/file/traffic_15_nodes_net.json --inspection-rate 0.001 --mess-rate 0.002 --algorithm shortest,0.15999017070067498,10,10,10,10,10,10,10,10,10,6,10,10,10,10,10,10,10,10,10,10,10,10,10,10,10,0,10,10,10,10,10,0,10,10,1,0,10,10,10,10,10,10,10,10
project/sim_ext.py --sim-time 0.5 --seq-graph project/file/graph_15_nodes.json --traffic project/file/traffic_15_nodes_net.json --inspection-rate 0.001 --mess-rate 0.002 --algorithm shortest,0.16106501155557099,10,10,10,10,10,10,10,10,10,6,10,10,10,10,10,10,10,10,10,10,10,10,10,10,10,0,10,10,10,10,10,0,10,10,0,0,10,10,10,10,10,10,10,10
project/sim_ext.py --sim-time 0.5 --seq-graph project/file/graph_15_nodes.json --traffic project/file/traffic_15_nodes_net.json --inspection-rate 0.001 --mess-rate 0.002 --algorithm shortest,0.16209532764287257,10,10,10,10,10,10,10,10,10,8,10,10,10,10,10,10,10,10,10,10,10,10,10,10,10,0,10,10,10,10,10,1,10,10,0,0,10,10,10,10,10,10,10,10
project/sim_ext.py --sim-time 0.5 --seq-graph project/file/graph_15_nodes.json --traffic project/file/traffic_15_nodes_net.json --inspection-rate 0.001 --mess-rate 0.002 --algorithm shortest,0.16314559999699998,1,8,6,7,9,0,1,0,8,5,3,7,7,9,3,0,4,1,0,8,10,8,9,4,1,3,5,9,7,4,1,0,9,0,0,0,1,0,0,10,3,0,0,1
project/sim_ext.py --sim-time 0.5 --seq-graph project/file/graph_15_nodes.json --traffic project/file/traffic_15_nodes_net.json --inspection-rate 0.001 --mess-rate 0.002 --algorithm shortest,0.164156799997,0,0,0,0,3,0,0,2,0,0,0,0,1,0,0,0,0,0,0,0,10,0,0,0,0,0,0,0,2,0,0,0,0,0,1,3,0,2,2,10,0,0,0,0
project/sim_ext.py --sim-time 0.5 --seq-graph project/file/graph_15_nodes.json --traffic project/file/traffic_15_nodes_net.json --inspection-rate 0.001 --mess-rate 0.002 --algorithm shortest,0.165178599997,0,5,0,0,0,1,2,3,0,0,0,0,0,0,0,0,2,0,0,1,10,2,5,0,1,0,0,0,0,0,0,0,0,0,4,3,1,0,0,10,0,0,0,0
project/sim_ext.py --sim-time 0.5 --seq-graph project/file/graph_15_nodes.json --traffic project/file/traffic_15_nodes_net.json --inspection-rate 0.001 --mess-rate 0.002 --algorithm shortest,0.166211199997,0,4,0,1,0,2,4,0,10,0,0,0,0,0,3,0,0,3,0,1,10,1,0,0,2,0,0,0,0,0,0,1,0,0,0,0,3,0,1,10,3,8,0,2
project/sim_ext.py --sim-time 0.5 --seq-graph project/file/graph_15_nodes.json --traffic project/file/traffic_15_nodes_net.json --inspection-rate 0.001 --mess-rate 0.002 --algorithm shortest,0.167231000001,0,10,0,4,2,2,5,2,10,0,0,2,0,1,1,0,5,1,0,0,10,3,5,0,0,0,0,0,0,0,1,0,5,0,0,0,4,5,0,10,10,7,8,0
project/sim_ext.py --sim-time 0.5 --seq-graph project/file/graph_15_nodes.json --traffic project/file/traffic_15_nodes_net.json --inspection-rate 0.001 --mess-rate 0.002 --algorithm shortest,0.168391399997,0,10,1,7,4,0,8,0,10,0,1,0,2,1,0,1,0,1,0,0,10,9,10,0,0,1,2,2,2,1,0,0,8,0,0,0,6,10,6,10,10,10,10,6
project/sim_ext.py --sim-time 0.5 --seq-graph project/file/graph_15_nodes.json --traffic project/file/traffic_15_nodes_net.json --inspection-rate 0.001 --mess-rate 0.002 --algorithm shortest,0.16945486631481457,0,10,0,7,6,0,10,0,10,0,3,0,3,2,0,0,0,0,0,2,10,10,10,0,0,2,2,5,5,5,0,0,9,5,0,1,10,10,10,10,10,10,10,10
project/sim_ext.py --sim-time 0.5 --seq-graph project/file/graph_15_nodes.json --traffic project/file/traffic_15_nodes_net.json --inspection-rate 0.001 --mess-rate 0.002 --algorithm shortest,0.170474000001,0,10,0,8,8,0,10,3,10,0,0,0,5,2,0,0,0,0,0,3,10,10,10,0,0,2,3,5,7,0,0,0,10,10,0,0,10,10,10,10,10,10,10,10
project/sim_ext.py --sim-time 0.5 --seq-graph project/file/graph_15_nodes.json --traffic project/file/traffic_15_nodes_net.json --inspection-rate 0.001 --mess-rate 0.002 --algorithm shortest,0.171523199997,0,10,0,10,8,0,9,6,10,0,0,1,5,2,1,0,0,2,2,4,10,10,10,0,0,0,3,6,10,0,2,1,10,10,2,0,10,10,10,10,10,10,10,10
project/sim_ext.py --sim-time 0.5 --seq-graph project/file/graph_15_nodes.json --traffic project/file/traffic_15_nodes_net.json --inspection-rate 0.001 --mess-rate 0.002 --algorithm shortest,0.17256479370331365,0,10,4,10,10,2,0,0,10,0,0,5,7,5,0,0,0,0,2,8,10,10,10,0,0,0,4,10,10,0,0,0,10,10,4,0,10,10,10,10,10,10,10,10
project/sim_ext.py --sim-time 0.5 --seq-graph project/file/graph_15_nodes.json --traffic project/file/traffic_15_nodes_net.json --inspection-rate 0.001 --mess-rate 0.002 --algorithm shortest,0.173619000001,0,10,0,10,10,6,3,2,10,0,2,6,7,6,0,0,0,0,0,10,10,10,10,0,2,0,5,10,10,4,0,0,10,10,5,0,10,10,10,10,10,10,10,10
project/sim_ext.py --sim-time 0.5 --seq-graph project/file/graph_15_nodes.json --traffic project/file/traffic_15_nodes_net.json --inspection-rate 0.001 --mess-rate 0.002 --algorithm shortest,0.174671000001,0,10,2,10,10,8,5,5,10,0,4,6,7,7,0,0,3,1,1,10,10,10,10,3,0,0,9,10,10,0,1,0,10,10,6,4,10,10,10,10,10,10,10,10
project/sim_ext.py --sim-time 0.5 --seq-graph project/file/graph_15_nodes.json --traffic project/file/traffic_15_nodes_net.json --inspection-rate 0.001 --mess-rate 0.002 --algorithm shortest,0.175732199997,0,10,0,10,10,10,8,0,10,0,5,8,9,8,0,0,4,1,0,10,10,10,10,10,3,0,10,10,10,0,0,0,10,10,10,0,10,10,10,10,10,10,10,10
project/sim_ext.py --sim-time 0.5 --seq-graph project/file/graph_15_nodes.json --traffic project/file/traffic_15_nodes_net.json --inspection-rate 0.001 --mess-rate 0.002 --algorithm shortest,0.176756000001,0,10,2,10,10,0,0,0,10,0,7,10,9,10,0,0,5,2,1,10,10,10,10,10,0,0,10,10,10,0,0,0,10,10,10,1,10,10,10,10,10,10,10,10
project/sim_ext.py --sim-time 0.5 --seq-graph project/file/graph_15_nodes.json --traffic project/file/traffic_15_nodes_net.json --inspection-rate 0.001 --mess-rate 0.002 --algorithm shortest,0.1778001013293108,0,10,4,10,10,3,0,0,10,0,9,10,10,10,0,0,6,3,0,10,10,10,10,10,0,0,10,10,10,0,0,0,10,10,10,0,10,10,10,10,10,10,10,10
project/sim_ext.py --sim-time 0.5 --seq-graph project/file/graph_15_nodes.json --traffic project/file/traffic_15_nodes_net.json --inspection-rate 0.001 --mess-rate 0.002 --algorithm shortest,0.178824000001,0,10,7,10,10,5,1,0,10,0,10,10,10,10,1,0,8,3,1,10,10,10,10,10,1,0,10,10,10,0,2,0,10,10,0,2,10,10,10,10,10,10,10,10
project/sim_ext.py --sim-time 0.5 --seq-graph project/file/graph_15_nodes.json --traffic project/file/traffic_15_nodes_net.json --inspection-rate 0.001 --mess-rate 0.002 --algorithm shortest,0.1798421909827829,0,10,7,10,10,6,0,0,10,0,10,10,10,10,1,0,8,4,1,10,10,10,10,10,1,0,10,10,10,0,10,0,10,10,0,2,10,10,10,10,10,10,10,10
project/sim_ext.py --sim-time 0.5 --seq-graph project/file/graph_15_nodes.json --traffic project/file/traffic_15_nodes_net.json --inspection-rate 0.001 --mess-rate 0.002 --algorithm shortest,0.18086976158755708,0,10,8,10,10,10,0,0,10,0,10,10,10,10,1,1,10,6,0,10,10,10,10,10,2,0,10,10,10,0,10,0,10,10,0,4,10,10,10,10,10,10,10,10
project/sim_ext.py --sim-time 0.5 --seq-graph project/file/graph_15_nodes.json --traffic project/file/traffic_15_nodes_net.json --inspection-rate 0.001 --mess-rate 0.002 --algorithm shortest,0.18190660530892977,0,10,8,10,10,2,0,0,10,0,10,10,10,10,2,0,10,6,0,10,10,10,10,10,3,0,10,10,10,0,10,0,10,10,0,5,10,10,10,10,10,10,10,10
project/sim_ext.py --sim-time 0.5 --seq-graph project/file/graph_15_nodes.json --traffic project/file/traffic_15_nodes_net.json --inspection-rate 0.001 --mess-rate 0.002 --algorithm shortest,0.18295610970861223,0,10,10,10,10,3,4,1,10,1,10,10,10,10,3,0,10,8,2,10,10,10,10,10,4,0,10,10,10,4,10,0,10,10,0,5,10,10,10,10,10,10,10,10
project/sim_ext.py --sim-time 0.5 --seq-graph project/file/graph_15_nodes.json --traffic project/file/traffic_15_nodes_net.json --inspection-rate 0.001 --mess-rate 0.002 --algorithm shortest,0.18401221768042297,0,10,10,10,10,4,6,5,10,2,10,10,10,10,8,0,10,10,3,10,10,10,10,10,5,0,10,10,10,7,10,0,10,10,0,5,10,10,10,10,10,10,10,10
project/sim_ext.py --sim-time 0.5 --seq-graph project/file/graph_15_nodes.json --traffic project/file/traffic_15_nodes_net.json --inspection-rate 0.001 --mess-rate 0.002 --algorithm shortest,0.18503532751005208,0,10,10,10,10,7,7,2,10,2,10,10,10,10,9,0,10,10,3,10,10,10,10,10,5,0,10,10,10,8,10,0,10,10,2,0,10,10,10,10,10,10,10,10
project/sim_ext.py --sim-time 0.5 --seq-graph project/file/graph_15_nodes.json --traffic project/file/traffic_15_nodes_net.json --inspection-rate 0.001 --mess-rate 0.002 --algorithm shortest,0.18608262239871018,1,10,10,10,10,8,8,4,10,3,10,10,10,10,10,2,10,10,4,10,10,10,10,10,6,0,10,10,10,8,10,0,10,10,4,0,10,10,10,10,10,10,10,10
project/sim_ext.py --sim-time 0.5 --seq-graph project/file/graph_15_nodes.json --traffic project/file/traffic_15_nodes_net.json --inspection-rate 0.001 --mess-rate 0.002 --algorithm shortest,0.187128000001,2,10,10,10,10,10,10,6,10,3,10,10,10,10,10,2,10,10,5,10,10,10,10,10,9,0,10,10,10,9,10,3,10,10,5,0,10,10,10,10,10,10,10,10
project/sim_ext.py --sim-time 0.5 --seq-graph project/file/graph_15_nodes.json --traffic project/file/traffic_15_nodes_net.json --inspection-rate 0.001 --mess-rate 0.002 --algorithm shortest,0.18819140935176648,4,10,10,10,10,10,10,7,10,3,10,10,10,10,10,3,10,10,5,10,10,10,10,10,9,0,10,10,10,10,10,0,10,10,6,2,10,10,10,10,10,10,10,10
project/sim_ext.py --sim-time 0.5 --seq-graph project/file/graph_15_nodes.json --traffic project/file/traffic_15_nodes_net.json --inspection-rate 0.001 --mess-rate 0.002 --algorithm shortest,0.1892384360726555,4,10,10,10,10,10,10,8,10,4,10,10,10,10,10,4,10,10,5,10,10,10,10,10,9,0,10,10,10,10,10,0,10,10,7,0,10,10,10,10,10,10,10,10
project/sim_ext.py --sim-time 0.5 --seq-graph project/file/graph_15_nodes.json --traffic project/file/traffic_15_nodes_net.json --inspection-rate 0.001 --mess-rate 0.002 --algorithm shortest,0.1902715856609668,4,10,10,10,10,10,10,10,10,5,10,10,10,10,10,4,10,10,5,10,10,10,10,10,9,0,10,10,10,10,10,2,10,10,10,0,10,10,10,10,10,10,10,10
project/sim_ext.py --sim-time 0.5 --seq-graph project/file/graph_15_nodes.json --traffic project/file/traffic_15_nodes_net.json --inspection-rate 0.001 --mess-rate 0.002 --algorithm shortest,0.191319000001,4,10,10,10,10,10,10,10,10,5,10,10,10,10,10,4,10,10,5,10,10,10,10,10,9,0,10,10,10,10,10,0,10,10,0,0,10,10,10,10,10,10,10,10
project/sim_ext.py --sim-time 0.5 --seq-graph project/file/graph_15_nodes.json --traffic project/file/traffic_15_nodes_net.json --inspection-rate 0.001 --mess-rate 0.002 --algorithm shortest,0.192373000001,4,10,10,10,10,10,10,10,10,6,10,10,10,10,10,4,10,10,5,10,10,10,10,10,10,0,10,10,10,10,10,0,10,10,0,2,10,10,10,10,10,10,10,10
project/sim_ext.py --sim-time 0.5 --seq-graph project/file/graph_15_nodes.json --traffic project/file/traffic_15_nodes_net.json --inspection-rate 0.001 --mess-rate 0.002 --algorithm shortest,0.193410000001,4,10,10,10,10,10,10,10,10,6,10,10,10,10,10,5,10,10,5,10,10,10,10,10,10,0,10,10,10,10,10,0,10,10,1,3,10,10,10,10,10,10,10,10
project/sim_ext.py --sim-time 0.5 --seq-graph project/file/graph_15_nodes.json --traffic project/file/traffic_15_nodes_net.json --inspection-rate 0.001 --mess-rate 0.002 --algorithm shortest,0.194422399997,1,1,0,0,0,0,0,0,0,0,0,0,0,3,0,0,0,0,1,1,10,0,0,1,0,0,0,0,0,0,0,1,0,0,1,0,0,0,0,10,0,0,1,0
project/sim_ext.py --sim-time 0.5 --seq-graph project/file/graph_15_nodes.json --traffic project/file/traffic_15_nodes_net.json --inspection-rate 0.001 --mess-rate 0.002 --algorithm shortest,0.195456999997,2,0,0,0,1,0,0,0,0,2,0,0,0,0,0,0,0,1,0,0,10,6,1,0,2,2,0,0,3,0,0,0,0,2,0,0,0,0,1,10,2,0,0,0
project/sim_ext.py --sim-time 0.5 --seq-graph project/file/graph_15_nodes.json --traffic project/file/traffic_15_nodes_net.json --inspection-rate 0.001 --mess-rate 0.002 --algorithm shortest,0.196483199997,0,3,1,2,0,2,0,1,3,2,0,0,0,0,0,0,1,0,0,0,10,0,2,6,0,3,0,1,0,1,0,0,0,0,0,0,5,0,1,10,0,4,2,0
project/sim_ext.py --sim-time 0.5 --seq-graph project/file/graph_15_nodes.json --traffic project/file/traffic_15_nodes_net.json --inspection-rate 0.001 --mess-rate 0.002 --algorithm shortest,0.19757499999699998,1,7,0,5,1,0,2,0,8,0,0,0,0,1,0,0,1,1,0,0,10,0,10,0,0,0,2,1,0,3,4,0,0,0,1,4,8,0,3,10,1,3,2,0
project/sim_ext.py --sim-time 0.5 --seq-graph project/file/graph_15_nodes.json --traffic project/file/traffic_15_nodes_net.json --inspection-rate 0.001 --mess-rate 0.002 --algorithm shortest,0.198805000001,0,8,0,10,2,0,5,0,10,0,1,0,0,5,0,0,1,0,0,0,10,3,10,1,0,0,9,3,0,0,0,1,7,0,0,0,8,4,10,10,9,10,6,7
project/sim_ext.py --sim-time 0.5 --seq-graph project/file/graph_15_nodes.json --traffic project/file/traffic_15_nodes_net.json --inspection-rate 0.001 --mess-rate 0.002 --algorithm shortest,0.199815399997,0,10,0,10,2,0,8,1,10,0,2,0,2,5,2,0,3,0,0,0,10,6,10,2,1,0,10,4,0,1,0,0,10,4,0,1,10,10,10,10,10,10,10,10
project/sim_ext.py --sim-time 0.5 --seq-graph project/file/graph_15_nodes.json --traffic project/file/traffic_15_nodes_net.json --inspection-rate 0.001 --mess-rate 0.002 --algorithm shortest,0.200847000001,0,10,0,10,3,1,0,0,10,0,4,6,2,6,2,0,7,1,2,0,10,8,10,0,0,0,10,8,4,0,0,0,10,4,0,2,10,10,10,10,10,10,10,10
project/sim_ext.py --sim-time 0.5 --seq-graph project/file/graph_15_nodes.json --traffic project/file/traffic_15_nodes_net.json --inspection-rate 0.001 --mess-rate 0.002 --algorithm shortest,0.201910399997,0,10,1,10,5,0,0,0,10,0,4,8,3,8,0,1,8,1,1,1,10,10,10,0,0,0,10,8,8,1,3,1,10,10,0,0,10,10,10,10,10,10,10,10
project/sim_ext.py --sim-time 0.5 --seq-graph project/file/graph_15_nodes.json --traffic project/file/traffic_15_nodes_net.json --inspection-rate 0.001 --mess-rate 0.002 --algorithm shortest,0.20293158983010234,0,10,0,10,8,0,0,0,10,0,5,10,3,8,0,0,9,0,0,4,10,10,10,0,0,1,10,10,10,0,0,0,10,10,0,2,10,10,10,10,10,10,10,10
project/sim_ext.py --sim-time 0.5 --seq-graph project/file/graph_15_nodes.json --traffic project/file/traffic_15_nodes_net.json --inspection-rate 0.001 --mess-rate 0.002 --algorithm shortest,0.20397223294687658,0,10,0,10,9,0,0,0,10,0,7,10,4,10,2,0,10,0,0,5,10,10,10,0,0,0,10,10,10,0,3,1,10,10,3,0,10,10,10,10,10,10,10,10
project/sim_ext.py --sim-time 0.5 --seq-graph project/file/graph_15_nodes.json --traffic project/file/traffic_15_nodes_net.json --inspection-rate 0.001 --mess-rate 0.002 --algorithm shortest,0.20501255154140985,0,10,0,10,9,0,3,0,10,0,8,10,4,10,0,2,10,1,0,6,10,10,10,0,0,0,10,10,10,0,0,1,10,10,4,0,10,10,10,10,10,10,10,10
project/sim_ext.py --sim-time 0.5 --seq-graph project/file/graph_15_nodes.json --traffic project/file/traffic_15_nodes_net.json --inspection-rate 0.001 --mess-rate 0.002 --algorithm shortest,0.20606614420150243,0,10,2,10,9,1,3,1,10,0,9,10,6,10,0,0,10,4,0,7,10,10,10,0,0,0,10,10,10,1,0,2,10,10,5,0,10,10,10,10,10,10,10,10
project/sim_ext.py --sim-time 0.5 --seq-graph project/file/graph_15_nodes.json --traffic project/file/traffic_15_nodes_net.json --inspection-rate 0.001 --mess-rate 0.002 --algorithm shortest,0.207112000001,0,10,5,10,10,0,0,0,10,0,10,10,7,10,3,1,10,5,0,7,10,10,10,4,0,1,10,10,10,3,0,2,10,10,0,0,10,10,10,10,10,10,10,10
project/sim_ext.py --sim-time 0.5 --seq-graph project/file/graph_15_nodes.json --traffic project/file/traffic_15_nodes_net.json --inspection-rate 0.001 --mess-rate 0.002 --algorithm shortest,0.208154599997,0,10,9,10,10,0,0,0,10,0,10,10,8,10,6,0,10,7,0,8,10,10,10,5,0,0,10,10,10,0,1,0,10,10,3,0,10,10,10,10,10,10,10,10
project/sim_ext.py --sim-time 0.5 --seq-graph project/file/graph_15_nodes.json --traffic project/file/traffic_15_nodes_net.json --inspection-rate 0.001 --mess-rate 0.002 --algorithm shortest,0.209174000001,0,10,10,10,10,0,0,3,10,1,10,10,9,10,7,0,10,10,0,8,10,10,10,6,0,0,10,10,10,1,2,0,10,10,0,0,10,10,10,10,10,10,10,10
project/sim_ext.py --sim-time 0.5 --seq-graph project/file/graph_15_nodes.json --traffic project/file/traffic_15_nodes_net.json --inspection-rate 0.001 --mess-rate 0.002 --algorithm shortest,0.21021474647173782,0,10,10,10,10,0,2,4,10,0,10,10,10,10,9,0,10,10,0,9,10,10,10,7,0,1,10,10,10,2,5,0,10,10,0,0,10,10,10,10,10,10,10,10
project/sim_ext.py --sim-time 0.5 --seq-graph project/file/graph_15_nodes.json --traffic project/file/traffic_15_nodes_net.json --inspection-rate 0.001 --mess-rate 0.002 --algorithm shortest,0.21122439751121055,1,10,10,10,10,0,3,6,10,0,10,10,10,10,10,0,10,10,0,10,10,10,10,8,0,1,10,10,10,0,5,0,10,10,0,0,10,10,10,10,10,10,10,10
project/sim_ext.py --sim-time 0.5 --seq-graph project/file/graph_15_nodes.json --traffic project/file/traffic_15_nodes_net.json --inspection-rate 0.001 --mess-rate 0.002 --algorithm shortest,0.212259000001,0,10,10,10,10,2,8,0,10,0,10,10,10,10,10,0,10,10,1,10,10,10,10,8,0,0,10,10,10,0,7,0,10,10,0,1,10,10,10,10,10,10,10,10
project/sim_ext.py --sim-time 0.5 --seq-graph project/file/graph_15_nodes.json --traffic project/file/traffic_15_nodes_net.json --inspection-rate 0.001 --mess-rate 0.002 --algorithm shortest,0.2132934824352495,0,10,10,10,10,6,10,0,10,0,10,10,10,10,10,0,10,10,3,10,10,10,10,10,0,0,10,10,10,0,9,0,10,10,0,2,10,10,10,10,10,10,10,10
project/sim_ext.py --sim-time 0.5 --seq-graph project/file/graph_15_nodes.json --traffic project/file/traffic_15_nodes_net.json --inspection-rate 0.001 --mess-rate 0.002 --algorithm shortest,0.21433770877956151,0,10,10,10,10,8,10,0,10,0,10,10,10,10,10,1,10,10,3,10,10,10,10,10,0,0,10,10,10,1,9,0,10,10,1,3,10,10,10,10,10,10,10,10
project/sim_ext.py --sim-time 0.5 --seq-graph project/file/graph_15_nodes.json --traffic project/file/traffic_15_nodes_net.json --inspection-rate 0.001 --mess-rate 0.002 --algorithm shortest,0.215365199997,0,10,10,10,10,10,10,1,10,0,10,10,10,10,10,0,10,10,4,10,10,10,10,10,0,0,10,10,10,1,5,0,10,10,4,3,10,10,10,10,10,10,10,10
project/sim_ext.py --sim-time 0.5 --seq-graph project/file/graph_15_nodes.json --traffic project/file/traffic_15_nodes_net.json --inspection-rate 0.001 --mess-rate 0.002 --algorithm shortest,0.21642192803228377,0,10,10,10,10,8,10,2,10,0,10,10,10,10,10,0,10,10,6,10,10,10,10,10,1,0,10,10,10,2,7,0,10,10,5,5,10,10,10,10,10,10,10,10
project/sim_ext.py --sim-time 0.5 --seq-graph project/file/graph_15_nodes.json --traffic project/file/traffic_15_nodes_net.json --inspection-rate 0.001 --mess-rate 0.002 --algorithm shortest,0.217446000001,2,10,10,10,10,10,10,4,10,0,10,10,10,10,10,0,10,10,6,10,10,10,10,10,1,0,10,10,10,5,10,0,10,10,6,0,10,10,10,10,10,10,10,10
project/sim_ext.py --sim-time 0.5 --seq-graph project/file/graph_15_nodes.json --traffic project/file/traffic_15_nodes_net.json --inspection-rate 0.001 --mess-rate 0.002 --algorithm shortest,0.21847712702131528,3,10,10,10,10,10,10,1,10,1,10,10,10,10,10,0,10,10,7,10,10,10,10,10,2,0,10,10,10,7,10,0,10,10,6,0,10,10,10,10,10,10,10,10
project/sim_ext.py --sim-time 0.5 --seq-graph project/file/graph_15_nodes.json --traffic project/file/traffic_15_nodes_net.json --inspection-rate 0.001 --mess-rate 0.002 --algorithm shortest,0.21950714800012008,4,10,10,10,10,10,10,3,10,2,10,10,10,10,10,0,10,10,8,10,10,10,10,10,2,0,10,10,10,10,10,0,10,10,0,0,10,10,10,10,10,10,10,10
project/sim_ext.py --sim-time 0.5 --seq-graph project/file/graph_15_nodes.json --traffic project/file/traffic_15_nodes_net.json --inspection-rate 0.001 --mess-rate 0.002 --algorithm shortest,0.220538000001,5,10,10,10,10,10,10,3,10,4,10,10,10,10,10,0,10,10,10,10,10,10,10,10,4,1,10,10,10,10,10,0,10,10,0,0,10,10,10,10,10,10,10,10
project/sim_ext.py --sim-time 0.5 --seq-graph project/file/graph_15_nodes.json --traffic project/file/traffic_15_nodes_net.json --inspection-rate 0.001 --mess-rate 0.002 --algorithm shortest,0.22159560358161778,5,10,10,10,10,10,10,4,10,4,10,10,10,10,10,1,10,10,10,10,10,10,10,10,4,0,10,10,10,10,10,0,10,10,0,0,10,10,10,10,10,10,10,10
project/sim_ext.py --sim-time 0.5 --seq-graph project/file/graph_15_nodes.json --traffic project/file/traffic_15_nodes_net.json --inspection-rate 0.001 --mess-rate 0.002 --algorithm shortest,0.22260519578986615,5,10,10,10,10,10,10,5,10,4,10,10,10,10,10,2,10,10,10,10,10,10,10,10,4,0,10,10,10,10,10,1,10,10,3,0,10,10,10,10,10,10,10,10
project/sim_ext.py --sim-time 0.5 --seq-graph project/file/graph_15_nodes.json --traffic project/file/traffic_15_nodes_net.json --inspection-rate 0.001 --mess-rate 0.002 --algorithm shortest,0.22364987470279893,5,10,10,10,10,10,10,6,10,5,10,10,10,10,10,2,10,10,10,10,10,10,10,10,4,0,10,10,10,10,10,0,10,10,5,0,10,10,10,10,10,10,10,10
project/sim_ext.py --sim-time 0.5 --seq-graph project/file/graph_15_nodes.json --traffic project/file/traffic_15_nodes_net.json --inspection-rate 0.001 --mess-rate 0.002 --algorithm shortest,0.224698599997,0,7,0,8,8,0,0,0,2,1,3,5,8,10,1,1,4,0,0,1,10,7,8,0,0,1,6,5,1,0,0,2,6,0,0,0,0,0,10,10,2,0,0,1
project/sim_ext.py --sim-time 0.5 --seq-graph project/file/graph_15_nodes.json --traffic project/file/traffic_15_nodes_net.json --inspection-rate 0.001 --mess-rate 0.002 --algorithm shortest,0.225711999997,0,2,0,0,1,0,1,1,0,0,2,0,0,10,0,0,0,0,0,0,10,0,1,5,0,0,0,0,1,0,0,0,1,2,0,0,3,0,10,10,0,0,1,1
project/sim_ext.py --sim-time 0.5 --seq-graph project/file/graph_15_nodes.json --traffic project/file/traffic_15_nodes_net.json --inspection-rate 0.001 --mess-rate 0.002 --algorithm shortest,0.22674821449045984,0,0,1,2,0,1,1,0,5,2,0,0,0,10,0,0,1,0,0,0,10,0,1,2,0,0,0,0,0,0,0,0,2,0,0,0,1,0,10,10,0,0,0,1
project/sim_ext.py --sim-time 0.5 --seq-graph project/file/graph_15_nodes.json --traffic project/file/traffic_15_nodes_net.json --inspection-rate 0.001 --mess-rate 0.002 --algorithm shortest,0.227802599997,0,0,1,9,5,0,0,2,0,3,2,0,1,10,0,0,0,0,0,0,10,0,10,2,0,0,0,0,0,3,3,1,1,4,1,0,1,0,10,10,1,5,0,1
project/sim_ext.py --sim-time 0.5 --seq-graph project/file/graph_15_nodes.json --traffic project/file/traffic_15_nodes_net.json --inspection-rate 0.001 --mess-rate 0.002 --algorithm shortest,0.228864000001,0,2,0,10,7,0,4,2,2,0,0,1,2,10,0,0,0,0,0,0,10,4,10,0,0,0,0,2,2,7,0,0,0,0,1,0,3,8,10,10,3,10,6,9
project/sim_ext.py --sim-time 0.5 --seq-graph project/file/graph_15_nodes.json --traffic project/file/traffic_15_nodes_net.json --inspection-rate 0.001 --mess-rate 0.002 --algorithm shortest,0.2298977084611659,0,3,0,10,7,3,5,0,2,0,2,2,2,10,0,1,0,0,0,0,10,8,10,0,0,1,1,6,5,0,0,0,2,4,0,2,10,10,10,10,6,10,10,10
project/sim_ext.py --sim-time 0.5 --seq-graph project/file/graph_15_nodes.json --traffic project/file/traffic_15_nodes_net.json --inspection-rate 0.001 --mess-rate 0.002 --algorithm shortest,0.230949000001,0,9,0,10,8,0,0,1,2,0,1,9,6,10,0,0,3,0,0,0,10,10,10,0,1,0,1,10,9,2,0,0,2,0,0,0,10,10,10,10,10,10,10,10
project/sim_ext.py --sim-time 0.5 --seq-graph project/file/graph_15_nodes.json --traffic project/file/traffic_15_nodes_net.json --inspection-rate 0.001 --mess-rate 0.002 --algorithm shortest,0.232013799997,0,10,4,10,8,0,0,3,6,0,4,10,7,10,0,0,5,0,0,0,10,10,10,0,2,0,2,10,10,2,0,1,4,3,2,0,10,10,10,10,10,10,10,10
project/sim_ext.py --sim-time 0.5 --seq-graph project/file/graph_15_nodes.json --traffic project/file/traffic_15_nodes_net.json --inspection-rate 0.001 --mess-rate 0.002 --algorithm shortest,0.23303139999699998,0,10,5,10,8,0,0,3,7,0,6,10,10,10,0,0,8,0,1,0,10,10,10,0,0,1,5,10,10,0,0,1,4,8,0,0,10,10,10,10,10,10,10,10
project/sim_ext.py --sim-time 0.5 --seq-graph project/file/graph_15_nodes.json --traffic project/file/traffic_15_nodes_net.json --inspection-rate 0.001 --mess-rate 0.002 --algorithm shortest,0.2340606984799673,0,10,0,10,10,1,1,0,10,0,7,10,10,10,1,1,10,5,0,3,10,10,10,0,0,0,5,10,10,0,1,0,8,10,0,1,10,10,10,10,10,10,10,10
project/sim_ext.py --sim-time 0.5 --seq-graph project/file/graph_15_nodes.json --traffic project/file/traffic_15_nodes_net.json --inspection-rate 0.001 --mess-rate 0.002 --algorithm shortest,0.235094399997,0,10,0,10,10,1,0,0,10,0,10,10,10,0,1,0,10,0,0,6,10,10,10,0,0,0,7,10,10,0,2,1,10,10,0,0,10,10,0,10,10,10,10,10
project/sim_ext.py --sim-time 0.5 --seq-graph project/file/graph_15_nodes.json --traffic project/file/traffic_15_nodes_net.json --inspection-rate 0.001 --mess-rate 0.002 --algorithm shortest,0.23614696319496262,0,10,0,10,10,0,0,0,10,0,10,10,10,0,0,1,10,0,0,7,10,10,10,0,0,0,10,10,10,3,5,0,10,10,1,0,10,10,5,10,10,10,10,10
project/sim_ext.py --sim-time 0.5 --seq-graph project/file/graph_15_nodes.json --traffic project/file/traffic_15_nodes_net.json --inspection-rate 0.001 --mess-rate 0.002 --algorithm shortest,0.23719497469114298,0,10,1,10,10,0,0,2,10,0,10,10,10,0,1,0,10,0,2,7,10,10,10,1,0,0,10,10,10,0,6,0,10,10,3,0,10,10,10,10,10,10,10,10
project/sim_ext.py --sim-time 0.5 --seq-graph project/file/graph_15_nodes.json --traffic project/file/traffic_15_nodes_net.json --inspection-rate 0.001 --mess-rate 0.002 --algorithm shortest,0.238215399997,0,10,2,10,10,1,0,4,10,0,10,10,10,0,1,0,10,2,4,8,10,10,10,1,1,0,10,10,10,0,0,2,10,10,0,0,10,10,9,10,10,10,10,10
project/sim_ext.py --sim-time 0.5 --seq-graph project/file/graph_15_nodes.json --traffic project/file/traffic_15_nodes_net.json --inspection-rate 0.001 --mess-rate 0.002 --algorithm shortest,0.23926400000099998,0,10,4,10,10,3,1,6,10,0,10,10,10,0,1,0,10,4,0,8,10,10,10,4,0,1,10,10,10,0,2,0,10,10,0,1,10,10,1,10,10,10,10,10
project/sim_ext.py --sim-time 0.5 --seq-graph project/file/graph_15_nodes.json --traffic project/file/traffic_15_nodes_net.json --inspection-rate 0.001 --mess-rate 0.002 --algorithm shortest,0.24028899999699999,0,10,8,10,10,0,0,0,10,0,10,10,10,0,3,1,10,5,0,10,10,10,10,6,1,0,10,10,10,1,0,0,10,10,1,0,10,10,4,10,10,10,10,10
project/sim_ext.py --sim-time 0.5 --seq-graph project/file/graph_15_nodes.json --traffic project/file/traffic_15_nodes_net.json --inspection-rate 0.001 --mess-rate 0.002 --algorithm shortest,0.24129834931558086,0,10,10,10,10,0,2,0,10,0,10,10,10,0,3,0,10,6,0,10,10,10,10,7,0,2,10,10,10,0,0,0,10,10,0,0,10,10,10,10,10,10,10,10
project/sim_ext.py --sim-time 0.5 --seq-graph project/file/graph_15_nodes.json --traffic project/file/traffic_15_nodes_net.json --inspection-rate 0.001 --mess-rate 0.002 --algorithm shortest,0.24233277267365122,0,10,10,10,10,2,5,1,10,0,10,10,10,1,5,0,10,7,0,10,10,10,10,9,0,0,10,10,10,0,0,0,10,10,0,0,10,10,0,10,10,10,10,10
project/sim_ext.py --sim-time 0.5 --seq-graph project/file/graph_15_nodes.json --traffic project/file/traffic_15_nodes_net.json --inspection-rate 0.001 --mess-rate 0.002 --algorithm shortest,0.243384000001,0,10,10,10,10,0,6,0,10,0,10,10,10,0,6,0,10,7,1,10,10,10,10,10,3,0,10,10,10,0,0,0,10,10,2,0,10,10,5,10,10,10,10,10
project/sim_ext.py --sim-time 0.5 --seq-graph project/file/graph_15_nodes.json --traffic project/file/traffic_15_nodes_net.json --inspection-rate 0.001 --mess-rate 0.002 --algorithm shortest,0.24441541816565393,1,10,10,10,10,3,10,0,10,0,10,10,10,0,7,0,10,8,3,10,10,10,10,10,0,0,10,10,10,2,0,0,10,10,0,0,10,10,10,10,10,10,10,10
project/sim_ext.py --sim-time 0.5 --seq-graph project/file/graph_15_nodes.json --traffic project/file/traffic_15_nodes_net.json --inspection-rate 0.001 --mess-rate 0.002 --algorithm shortest,0.24546450012475393,2,10,10,10,10,5,3,2,10,0,10,10,10,0,8,0,10,8,3,10,10,10,10,10,2,0,10,10,10,3,0,0,10,10,0,0,10,10,10,10,10,10,10,10
project/sim_ext.py --sim-time 0.5 --seq-graph project/file/graph_15_nodes.json --traffic project/file/traffic_15_nodes_net.json --inspection-rate 0.001 --mess-rate 0.002 --algorithm shortest,0.2464700540080166,2,10,10,10,10,10,5,0,10,1,10,10,10,1,10,1,10,10,5,10,10,10,10,10,3,0,10,10,10,5,4,1,10,10,0,0,10,10,4,10,10,10,10,10
project/sim_ext.py --sim-time 0.5 --seq-graph project/file/graph_15_nodes.json --traffic project/file/traffic_15_nodes_net.json --inspection-rate 0.001 --mess-rate 0.002 --algorithm shortest,0.24748815456503082,2,10,10,10,10,10,9,3,10,1,10,10,10,1,10,0,10,10,5,10,10,10,10,10,4,0,10,10,10,7,6,0,10,10,0,0,10,10,9,10,10,10,10,10
project/sim_ext.py --sim-time 0.5 --seq-graph project/file/graph_15_nodes.json --traffic project/file/traffic_15_nodes_net.json --inspection-rate 0.001 --mess-rate 0.002 --algorithm shortest,0.248504999989,2,10,10,10,10,10,10,0,10,1,10,10,10,1,10,0,10,10,10,10,2,10,10,10,6,0,10,10,10,10,9,0,10,10,2,0,10,10,10,0,10,10,10,10
project/sim_ext.py --sim-time 0.5 --seq-graph project/file/graph_15_nodes.json --traffic project/file/traffic_15_nodes_net.json --inspection-rate 0.001 --mess-rate 0.002 --algorithm shortest,0.249541999997,2,10,10,10,10,10,10,0,10,1,10,10,10,1,10,0,10,10,10,10,0,10,10,10,8,1,10,10,10,10,10,0,10,10,0,1,10,10,10,0,10,10,10,10
project/sim_ext.py --sim-time 0.5 --seq-graph project/file/graph_15_nodes.json --traffic project/file/traffic_15_nodes_net.json --inspection-rate 0.001 --mess-rate 0.002 --algorithm shortest,0.25056499999299997,3,10,10,10,10,10,10,1,10,1,10,10,10,2,10,3,10,10,10,10,0,10,10,10,8,0,10,10,10,10,10,0,10,10,2,0,10,10,10,0,10,10,10,10
project/sim_ext.py --sim-time 0.5 --seq-graph project/file/graph_15_nodes.json --traffic project/file/traffic_15_nodes_net.json --inspection-rate 0.001 --mess-rate 0.002 --algorithm shortest,0.25161282589444306,4,10,10,10,10,10,10,4,10,3,10,10,10,2,10,5,10,10,10,10,0,10,10,10,10,0,10,10,10,10,10,0,10,10,4,0,10,10,10,0,10,10,10,10
project/sim_ext.py --sim-time 0.5 --seq-graph project/file/graph_15_nodes.json --traffic project/file/traffic_15_nodes_net.json --inspection-rate 0.001 --mess-rate 0.002 --algorithm shortest,0.252665000001,6,10,10,10,10,10,10,4,10,3,10,10,10,2,10,6,10,10,10,10,0,10,10,10,10,0,10,10,10,10,10,2,10,10,5,0,10,10,10,0,10,10,10,10
project/sim_ext.py --sim-time 0.5 --seq-graph project/file/graph_15_nodes.json --traffic project/file/traffic_15_nodes_net.json --inspection-rate 0.001 --mess-rate 0.002 --algorithm shortest,0.253714799997,6,10,10,10,10,10,10,5,10,3,10,10,10,2,10,7,10,10,10,10,0,10,10,10,10,0,10,10,10,10,10,2,10,10,9,0,10,10,10,0,10,10,10,10
project/sim_ext.py --sim-time 0.5 --seq-graph project/file/graph_15_nodes.json --traffic project/file/traffic_15_nodes_net.json --inspection-rate 0.001 --mess-rate 0.002 --algorithm shortest,0.2547449752577863,6,10,10,10,10,10,10,5,10,8,10,10,10,2,10,7,10,10,10,10,0,10,10,10,10,0,10,10,10,10,10,0,10,10,9,3,10,10,10,3,10,10,10,10
project/sim_ext.py --sim-time 0.5 --seq-graph project/file/graph_15_nodes.json --traffic project/file/traffic_15_nodes_net.json --inspection-rate 0.001 --mess-rate 0.002 --algorithm shortest,0.255798000001,8,10,10,10,10,10,10,8,10,8,10,10,10,4,10,10,10,10,10,10,1,10,10,10,10,0,10,10,10,10,10,0,10,10,10,4,10,10,10,9,10,10,10,10
project/sim_ext.py --sim-time 0.5 --seq-graph project/file/graph_15_nodes.json --traffic project/file/traffic_15_nodes_net.json --inspection-rate 0.001 --mess-rate 0.002 --algorithm shortest,0.25682999215379176,8,10,10,10,10,10,10,8,10,9,10,10,10,4,10,10,10,10,10,10,2,10,10,10,10,0,10,10,10,10,10,0,10,10,10,0,10,10,10,10,10,10,10,10
project/sim_ext.py --sim-time 0.5 --seq-graph project/file/graph_15_nodes.json --traffic project/file/traffic_15_nodes_net.json --inspection-rate 0.001 --mess-rate 0.002 --algorithm shortest,0.2578711056292169,9,10,10,10,10,10,10,8,10,9,10,10,10,5,10,10,10,10,10,10,2,10,10,10,10,0,10,10,10,10,10,0,10,10,0,1,10,10,10,10,10,10,10,10
project/sim_ext.py --sim-time 0.5 --seq-graph project/file/graph_15_nodes.json --traffic project/file/traffic_15_nodes_net.json --inspection-rate 0.001 --mess-rate 0.002 --algorithm shortest,0.258923000001,10,10,10,10,10,10,10,9,10,9,10,10,10,6,10,10,10,10,10,10,2,10,10,10,10,0,10,10,10,10,10,0,10,10,0,5,10,10,10,10,10,10,10,10
project/sim_ext.py --sim-time 0.5 --seq-graph project/file/graph_15_nodes.json --traffic project/file/traffic_15_nodes_net.json --inspection-rate 0.001 --mess-rate 0.002 --algorithm shortest,0.259981000001,10,10,10,10,10,10,10,10,10,10,10,10,10,6,10,10,10,10,10,10,2,10,10,10,10,0,10,10,10,10,10,0,10,10,2,6,10,10,10,10,10,10,10,10
project/sim_ext.py --sim-time 0.5 --seq-graph project/file/graph_15_nodes.json --traffic project/file/traffic_15_nodes_net.json --inspection-rate 0.001 --mess-rate 0.002 --algorithm shortest,0.261018000001,10,10,10,10,10,10,10,10,10,10,10,10,10,6,10,10,10,10,10,10,2,10,10,10,10,0,10,10,10,10,10,0,10,10,6,7,10,10,10,10,10,10,10,10
project/sim_ext.py --sim-time 0.5 --seq-graph project/file/graph_15_nodes.json --traffic project/file/traffic_15_nodes_net.json --inspection-rate 0.001 --mess-rate 0.002 --algorithm shortest,0.2620329546423084,10,10,10,10,10,10,10,10,10,10,10,10,10,7,10,10,10,10,10,10,3,10,10,10,10,0,10,10,10,10,10,0,10,10,6,8,10,10,10,10,10,10,10,10
project/sim_ext.py --sim-time 0.5 --seq-graph project/file/graph_15_nodes.json --traffic project/file/traffic_15_nodes_net.json --inspection-rate 0.001 --mess-rate 0.002 --algorithm shortest,0.263059034789565,10,10,10,10,10,10,10,10,10,10,10,10,10,7,10,10,10,10,10,10,3,10,10,10,10,0,10,10,10,10,10,0,10,10,0,0,10,10,10,10,10,10,10,10
project/sim_ext.py --sim-time 0.5 --seq-graph project/file/graph_15_nodes.json --traffic project/file/traffic_15_nodes_net.json --inspection-rate 0.001 --mess-rate 0.002 --algorithm shortest,0.264081000001,10,10,10,10,10,10,10,10,10,10,10,10,10,7,10,10,10,10,10,10,6,10,10,10,10,0,10,10,10,10,10,2,10,10,0,0,10,10,10,10,10,10,10,10
project/sim_ext.py --sim-time 0.5 --seq-graph project/file/graph_15_nodes.json --traffic project/file/traffic_15_nodes_net.json --inspection-rate 0.001 --mess-rate 0.002 --algorithm shortest,0.26510545618400405,10,10,10,10,10,10,10,10,10,10,10,10,10,7,10,10,10,10,10,10,6,10,10,10,10,2,10,10,10,10,10,0,10,10,0,0,10,10,10,10,10,10,10,10
project/sim_ext.py --sim-time 0.5 --seq-graph project/file/graph_15_nodes.json --traffic project/file/traffic_15_nodes_net.json --inspection-rate 0.001 --mess-rate 0.002 --algorithm shortest,0.26611867370643544,0,0,2,0,1,2,3,2,0,0,0,0,1,0,0,0,0,0,0,0,10,0,0,0,0,0,0,0,0,0,0,0,0,1,1,0,2,0,0,10,2,0,0,0
project/sim_ext.py --sim-time 0.5 --seq-graph project/file/graph_15_nodes.json --traffic project/file/traffic_15_nodes_net.json --inspection-rate 0.001 --mess-rate 0.002 --algorithm shortest,0.267151999997,1,0,0,0,2,0,0,1,1,2,0,0,0,0,0,0,4,0,0,0,10,0,0,2,0,1,1,0,3,1,0,0,0,0,0,0,0,0,7,10,1,0,1,0
project/sim_ext.py --sim-time 0.5 --seq-graph project/file/graph_15_nodes.json --traffic project/file/traffic_15_nodes_net.json --inspection-rate 0.001 --mess-rate 0.002 --algorithm shortest,0.268182399997,0,6,0,4,0,0,1,0,3,0,1,1,0,0,0,0,0,0,0,0,10,0,2,0,1,0,0,0,4,2,0,2,0,1,0,0,0,0,4,10,0,4,0,2
project/sim_ext.py --sim-time 0.5 --seq-graph project/file/graph_15_nodes.json --traffic project/file/traffic_15_nodes_net.json --inspection-rate 0.001 --mess-rate 0.002 --algorithm shortest,0.269204199997,1,10,0,6,0,0,1,0,8,0,0,0,0,3,0,0,1,0,2,0,10,1,10,0,0,0,1,0,3,0,0,0,3,8,1,1,5,2,10,10,8,0,8,1
project/sim_ext.py --sim-time 0.5 --seq-graph project/file/graph_15_nodes.json --traffic project/file/traffic_15_nodes_net.json --inspection-rate 0.001 --mess-rate 0.002 --algorithm shortest,0.27030800000099997,2,10,0,9,0,0,0,0,10,0,3,0,0,7,0,2,0,0,2,0,10,7,10,0,0,0,5,0,4,0,1,0,4,3,2,4,9,0,10,10,10,5,10,6
project/sim_ext.py --sim-time 0.5 --seq-graph project/file/graph_15_nodes.json --traffic project/file/traffic_15_nodes_net.json --inspection-rate 0.001 --mess-rate 0.002 --algorithm shortest,0.271344599997,0,10,0,10,2,0,3,0,10,0,6,1,1,7,0,0,3,0,0,0,10,10,10,0,0,0,8,4,9,0,1,0,7,6,0,5,10,9,10,10,10,6,10,4
project/sim_ext.py --sim-time 0.5 --seq-graph project/file/graph_15_nodes.json --traffic project/file/traffic_15_nodes_net.json --inspection-rate 0.001 --mess-rate 0.002 --algorithm shortest,0.272372000001,0,10,0,10,5,0,0,3,10,0,8,5,3,9,0,0,7,0,0,0,10,10,10,0,0,0,9,5,10,0,0,0,7,8,0,7,10,10,10,10,10,10,10,8
project/sim_ext.py --sim-time 0.5 --seq-graph project/file/graph_15_nodes.json --traffic project/file/traffic_15_nodes_net.json --inspection-rate 0.001 --mess-rate 0.002 --algorithm shortest,0.27340852115529063,0,10,0,10,6,0,0,0,10,0,10,6,4,10,0,1,9,0,2,2,10,10,10,0,0,0,9,9,10,0,0,0,10,9,0,9,10,10,10,10,10,10,10,10
project/sim_ext.py --sim-time 0.5 --seq-graph project/file/graph_15_nodes.json --traffic project/file/traffic_15_nodes_net.json --inspection-rate 0.001 --mess-rate 0.002 --algorithm shortest,0.27444879757680235,0,10,0,10,6,2,0,0,10,0,10,9,7,10,0,0,10,1,0,4,10,10,10,0,0,0,10,10,10,0,0,0,10,10,0,9,10,10,10,10,10,10,10,10
project/sim_ext.py --sim-time 0.5 --seq-graph project/file/graph_15_nodes.json --traffic project/file/traffic_15_nodes_net.json --inspection-rate 0.001 --mess-rate 0.002 --algorithm shortest,0.275464999993,0,10,0,10,7,7,0,4,10,0,10,10,7,10,1,0,10,5,0,8,10,10,10,0,0,0,10,10,10,1,0,0,10,10,0,9,10,10,10,10,10,10,10,10
project/sim_ext.py --sim-time 0.5 --seq-graph project/file/graph_15_nodes.json --traffic project/file/traffic_15_nodes_net.json --inspection-rate 0.001 --mess-rate 0.002 --algorithm shortest,0.2765268224779645,0,10,0,10,10,0,0,7,10,0,10,10,7,10,0,0,10,2,0,10,10,10,10,2,0,1,10,10,10,4,0,0,10,10,0,10,10,10,10,10,10,10,10,10
project/sim_ext.py --sim-time 0.5 --seq-graph project/file/graph_15_nodes.json --traffic project/file/traffic_15_nodes_net.json --inspection-rate 0.001 --mess-rate 0.002 --algorithm shortest,0.2775749142379891,0,10,0,10,10,0,0,9,10,0,10,10,8,10,0,0,10,3,0,10,10,10,10,5,0,0,10,10,10,0,0,0,10,10,0,10,10,10,10,10,10,10,10,10
project/sim_ext.py --sim-time 0.5 --seq-graph project/file/graph_15_nodes.json --traffic project/file/traffic_15_nodes_net.json --inspection-rate 0.001 --mess-rate 0.002 --algorithm shortest,0.27860149892551284,0,10,1,10,10,0,0,0,10,0,10,10,10,10,0,0,10,3,0,10,10,10,10,6,0,0,10,10,10,0,2,0,10,10,0,10,10,10,10,10,10,10,10,10
project/sim_ext.py --sim-time 0.5 --seq-graph project/file/graph_15_nodes.json --traffic project/file/traffic_15_nodes_net.json --inspection-rate 0.001 --mess-rate 0.002 --algorithm shortest,0.279616000001,0,10,4,10,10,1,0,0,10,0,10,10,10,10,0,0,10,4,0,10,10,10,10,8,0,0,10,10,10,0,0,1,10,10,0,0,10,10,10,10,10,10,10,10
project/sim_ext.py --sim-time 0.5 --seq-graph project/file/graph_15_nodes.json --traffic project/file/traffic_15_nodes_net.json --inspection-rate 0.001 --mess-rate 0.002 --algorithm shortest,0.2806544547514307,0,10,3,10,10,0,0,0,10,1,10,10,10,10,0,0,10,4,0,10,10,10,10,10,0,0,10,10,10,3,1,0,10,10,3,0,10,10,10,10,10,10,10,10
project/sim_ext.py --sim-time 0.5 --seq-graph project/file/graph_15_nodes.json --traffic project/file/traffic_15_nodes_net.json --inspection-rate 0.001 --mess-rate 0.002 --algorithm shortest,0.28166754481218015,1,10,8,10,10,0,3,0,10,0,10,10,10,10,1,0,10,6,0,10,10,10,10,10,1,0,10,10,10,0,4,0,10,10,0,0,10,10,10,10,10,10,10,10
project/sim_ext.py --sim-time 0.5 --seq-graph project/file/graph_15_nodes.json --traffic project/file/traffic_15_nodes_net.json --inspection-rate 0.001 --mess-rate 0.002 --algorithm shortest,0.282685000001,1,10,8,10,10,4,6,0,10,0,10,10,10,10,4,1,10,8,0,10,10,10,10,10,2,1,10,10,10,0,4,0,10,10,0,0,10,10,10,10,10,10,10,10
project/sim_ext.py --sim-time 0.5 --seq-graph project/file/graph_15_nodes.json --traffic project/file/traffic_15_nodes_net.json --inspection-rate 0.001 --mess-rate 0.002 --algorithm shortest,0.28373233306163304,2,10,10,10,10,7,6,1,10,0,10,10,10,10,6,0,10,8,0,10,10,10,10,10,4,0,10,10,10,0,6,0,10,10,0,0,10,10,10,10,10,10,10,10
project/sim_ext.py --sim-time 0.5 --seq-graph project/file/graph_15_nodes.json --traffic project/file/traffic_15_nodes_net.json --inspection-rate 0.001 --mess-rate 0.002 --algorithm shortest,0.28479200000099997,3,10,10,10,10,9,10,3,10,0,10,10,10,10,10,0,10,9,0,10,10,10,10,10,5,0,10,10,10,0,6,1,10,10,0,0,10,10,10,10,10,10,10,10
project/sim_ext.py --sim-time 0.5 --seq-graph project/file/graph_15_nodes.json --traffic project/file/traffic_15_nodes_net.json --inspection-rate 0.001 --mess-rate 0.002 --algorithm shortest,0.285844935475874,3,10,10,10,10,10,10,3,10,0,10,10,10,10,10,0,10,9,0,10,10,10,10,10,6,0,10,10,10,0,7,0,10,10,3,1,10,10,10,10,10,10,10,10
project/sim_ext.py --sim-time 0.5 --seq-graph project/file/graph_15_nodes.json --traffic project/file/traffic_15_nodes_net.json --inspection-rate 0.001 --mess-rate 0.002 --algorithm shortest,0.28690522176116684,4,10,10,10,10,10,10,9,10,0,10,10,10,10,10,0,10,10,0,10,0,10,10,10,6,0,10,10,10,3,7,0,10,10,5,2,10,10,10,0,10,10,10,10
project/sim_ext.py --sim-time 0.5 --seq-graph project/file/graph_15_nodes.json --traffic project/file/traffic_15_nodes_net.json --inspection-rate 0.001 --mess-rate 0.002 --algorithm shortest,0.28791594933102355,4,10,10,10,10,10,10,1,10,0,10,10,10,10,10,0,10,10,0,10,0,10,10,10,6,0,10,10,10,1,8,0,10,10,7,2,10,10,10,4,10,10,10,10
project/sim_ext.py --sim-time 0.5 --seq-graph project/file/graph_15_nodes.json --traffic project/file/traffic_15_nodes_net.json --inspection-rate 0.001 --mess-rate 0.002 --algorithm shortest,0.2889351359354688,4,10,10,10,10,10,5,1,10,0,10,10,10,10,10,0,10,10,2,10,0,10,10,10,7,0,10,10,10,2,8,0,10,10,8,2,10,10,10,10,10,10,10,10
project/sim_ext.py --sim-time 0.5 --seq-graph project/file/graph_15_nodes.json --traffic project/file/traffic_15_nodes_net.json --inspection-rate 0.001 --mess-rate 0.002 --algorithm shortest,0.2899820829151378,4,10,10,10,10,10,6,2,10,1,10,10,10,10,10,0,10,10,2,10,0,10,10,10,8,0,10,10,10,3,9,0,10,10,0,3,10,10,10,3,10,10,10,10
project/sim_ext.py --sim-time 0.5 --seq-graph project/file/graph_15_nodes.json --traffic project/file/traffic_15_nodes_net.json --inspection-rate 0.001 --mess-rate 0.002 --algorithm shortest,0.291006000001,4,10,10,10,10,10,8,4,10,1,10,10,10,10,10,1,10,10,3,10,0,10,10,10,9,1,10,10,10,5,10,0,10,10,0,3,10,10,10,0,10,10,10,10
project/sim_ext.py --sim-time 0.5 --seq-graph project/file/graph_15_nodes.json --traffic project/file/traffic_15_nodes_net.json --inspection-rate 0.001 --mess-rate 0.002 --algorithm shortest,0.2920536136822012,4,10,10,10,10,10,10,8,10,1,10,10,10,10,10,1,10,10,6,10,0,10,10,10,10,0,10,10,10,6,10,0,10,10,1,0,10,10,10,0,10,10,10,10
project/sim_ext.py --sim-time 0.5 --seq-graph project/file/graph_15_nodes.json --traffic project/file/traffic_15_nodes_net.json --inspection-rate 0.001 --mess-rate 0.002 --algorithm shortest,0.293101000001,5,10,10,10,10,10,10,10,10,2,10,10,10,10,10,3,10,10,8,10,0,10,10,10,10,0,10,10,10,10,10,0,10,10,3,0,10,10,10,0,10,10,10,10
project/sim_ext.py --sim-time 0.5 --seq-graph project/file/graph_15_nodes.json --traffic project/file/traffic_15_nodes_net.json --inspection-rate 0.001 --mess-rate 0.002 --algorithm shortest,0.2941663251307084,5,10,10,10,10,10,10,10,10,3,10,10,10,10,10,3,10,10,9,10,0,10,10,10,10,0,10,10,10,10,10,0,10,10,0,1,10,10,10,6,10,10,10,10
project/sim_ext.py --sim-time 0.5 --seq-graph project/file/graph_15_nodes.json --traffic project/file/traffic_15_nodes_net.json --inspection-rate 0.001 --mess-rate 0.002 --algorithm shortest,0.29519807276371046,7,10,10,10,10,10,10,10,10,3,10,10,10,10,10,6,10,10,10,10,0,10,10,10,10,1,10,10,10,10,10,0,10,10,0,0,10,10,10,10,10,10,10,10
project/sim_ext.py --sim-time 0.5 --seq-graph project/file/graph_15_nodes.json --traffic project/file/traffic_15_nodes_net.json --inspection-rate 0.001 --mess-rate 0.002 --algorithm shortest,0.296214399997,0,9,4,10,9,0,0,0,8,0,5,9,10,4,2,0,2,3,0,9,10,10,6,9,3,1,10,10,5,2,5,0,10,0,0,0,1,2,3,8,2,1,0,4
project/sim_ext.py --sim-time 0.5 --seq-graph project/file/graph_15_nodes.json --traffic project/file/traffic_15_nodes_net.json --inspection-rate 0.001 --mess-rate 0.002 --algorithm shortest,0.297231999997,0,0,0,1,0,0,0,0,1,0,0,0,0,0,3,0,2,0,0,0,10,0,0,0,1,0,1,0,0,0,0,0,0,0,0,0,0,0,2,9,0,2,0,0
project/sim_ext.py --sim-time 0.5 --seq-graph project/file/graph_15_nodes.json --traffic project/file/traffic_15_nodes_net.json --inspection-rate 0.001 --mess-rate 0.002 --algorithm shortest,0.298275199997,0,2,3,3,0,0,0,0,3,0,1,0,0,0,0,0,0,0,0,0,10,2,0,0,0,1,0,0,1,0,0,0,2,0,0,0,2,0,0,10,1,0,0,0
project/sim_ext.py --sim-time 0.5 --seq-graph project/file/graph_15_nodes.json --traffic project/file/traffic_15_nodes_net.json --inspection-rate 0.001 --mess-rate 0.002 --algorithm shortest,0.299296999997,0,3,0,9,1,0,0,0,7,1,3,2,0,0,1,0,0,0,0,0,10,0,10,0,0,0,0,0,0,1,0,0,1,0,1,0,0,0,7,10,1,2,0,0
project/sim_ext.py --sim-time 0.5 --seq-graph project/file/graph_15_nodes.json --traffic project/file/traffic_15_nodes_net.json --inspection-rate 0.001 --mess-rate 0.002 --algorithm shortest,0.300316799997,0,6,0,10,4,1,0,0,10,0,0,2,2,1,0,0,1,2,2,0,10,0,10,0,0,0,0,3,0,0,0,0,0,0,2,1,10,6,8,10,0,10,1,3
project/sim_ext.py --sim-time 0.5 --seq-graph project/file/graph_15_nodes.json --traffic project/file/traffic_15_nodes_net.json --inspection-rate 0.001 --mess-rate 0.002 --algorithm shortest,0.30140739277332335,0,6,0,10,5,4,4,0,10,0,0,0,2,3,1,0,5,0,0,0,10,3,10,0,0,0,4,6,3,0,0,0,3,2,0,2,10,10,10,10,7,10,10,10
project/sim_ext.py --sim-time 0.5 --seq-graph project/file/graph_15_nodes.json --traffic project/file/traffic_15_nodes_net.json --inspection-rate 0.001 --mess-rate 0.002 --algorithm shortest,0.302439399997,0,6,0,10,5,10,10,0,10,0,0,0,3,7,1,0,6,0,0,0,10,7,10,0,1,0,7,8,2,1,0,0,10,4,0,0,10,10,10,10,10,10,10,10
project/sim_ext.py --sim-time 0.5 --seq-graph project/file/graph_15_nodes.json --traffic project/file/traffic_15_nodes_net.json --inspection-rate 0.001 --mess-rate 0.002 --algorithm shortest,0.3034745681000725,0,9,0,10,5,10,10,3,10,0,2,2,4,9,2,0,7,0,0,0,10,8,10,0,0,1,8,10,4,1,0,2,10,5,0,0,10,10,10,10,10,10,10,10
project/sim_ext.py --sim-time 0.5 --seq-graph project/file/graph_15_nodes.json --traffic project/file/traffic_15_nodes_net.json --inspection-rate 0.001 --mess-rate 0.002 --algorithm shortest,0.304493000001,0,10,0,10,8,0,10,7,10,0,3,4,5,9,3,0,7,0,0,0,10,10,10,0,0,0,10,10,8,2,2,3,10,10,0,0,10,10,10,10,10,10,10,10
project/sim_ext.py --sim-time 0.5 --seq-graph project/file/graph_15_nodes.json --traffic project/file/traffic_15_nodes_net.json --inspection-rate 0.001 --mess-rate 0.002 --algorithm shortest,0.3055574818948071,0,10,0,10,9,0,0,10,10,0,7,10,9,10,0,0,8,0,0,1,10,10,10,0,0,0,10,10,10,4,0,0,10,10,0,1,10,10,10,10,10,10,10,10
project/sim_ext.py --sim-time 0.5 --seq-graph project/file/graph_15_nodes.json --traffic project/file/traffic_15_nodes_net.json --inspection-rate 0.001 --mess-rate 0.002 --algorithm shortest,0.3066056795100601,0,10,0,10,10,0,0,8,10,1,9,10,10,10,0,0,10,0,0,4,10,10,10,0,1,0,10,10,10,0,0,0,10,10,0,1,10,10,10,10,10,10,10,10
project/sim_ext.py --sim-time 0.5 --seq-graph project/file/graph_15_nodes.json --traffic project/file/traffic_15_nodes_net.json --inspection-rate 0.001 --mess-rate 0.002 --algorithm shortest,0.3076195010488105,0,10,0,10,10,0,0,0,10,1,10,10,10,10,0,0,10,0,0,8,10,10,10,0,0,0,10,10,10,4,0,0,10,10,0,2,10,10,10,10,10,10,10,10
project/sim_ext.py --sim-time 0.5 --seq-graph project/file/graph_15_nodes.json --traffic project/file/traffic_15_nodes_net.json --inspection-rate 0.001 --mess-rate 0.002 --algorithm shortest,0.308640000001,0,10,1,10,10,0,2,0,10,0,10,10,10,10,0,0,10,2,0,8,10,10,10,0,1,0,10,10,10,0,0,0,10,10,2,0,10,10,10,10,10,10,10,10
project/sim_ext.py --sim-time 0.5 --seq-graph project/file/graph_15_nodes.json --traffic project/file/traffic_15_nodes_net.json --inspection-rate 0.001 --mess-rate 0.002 --algorithm shortest,0.3096916641692859,0,10,4,10,10,0,7,0,10,0,10,10,10,10,0,0,10,3,1,8,10,10,10,0,0,0,10,10,10,0,0,0,10,10,0,0,10,10,10,10,10,10,10,10
project/sim_ext.py --sim-time 0.5 --seq-graph project/file/graph_15_nodes.json --traffic project/file/traffic_15_nodes_net.json --inspection-rate 0.001 --mess-rate 0.002 --algorithm shortest,0.3107172279464775,0,10,4,10,10,0,0,0,10,0,10,10,10,10,0,0,10,5,1,10,10,10,10,1,0,0,10,10,10,0,1,0,10,10,0,2,10,10,10,10,10,10,10,10
project/sim_ext.py --sim-time 0.5 --seq-graph project/file/graph_15_nodes.json --traffic project/file/traffic_15_nodes_net.json --inspection-rate 0.001 --mess-rate 0.002 --algorithm shortest,0.311762000001,0,10,6,10,10,5,1,3,10,1,10,10,10,10,1,0,10,6,4,10,10,10,10,2,0,0,10,10,10,0,2,1,10,10,0,0,10,10,10,10,10,10,10,10
project/sim_ext.py --sim-time 0.5 --seq-graph project/file/graph_15_nodes.json --traffic project/file/traffic_15_nodes_net.json --inspection-rate 0.001 --mess-rate 0.002 --algorithm shortest,0.312803199997,0,10,10,10,10,0,4,5,10,1,10,10,10,10,2,0,10,8,0,10,10,10,10,3,0,0,10,10,10,1,0,1,10,10,0,0,10,10,10,10,10,10,10,10
project/sim_ext.py --sim-time 0.5 --seq-graph project/file/graph_15_nodes.json --traffic project/file/traffic_15_nodes_net.json --inspection-rate 0.001 --mess-rate 0.002 --algorithm shortest,0.3138137384609331,0,10,10,10,10,6,6,6,10,1,10,10,10,10,2,0,10,9,1,10,10,10,10,3,0,0,10,10,10,0,1,0,10,10,4,3,10,10,10,10,10,10,10,10
project/sim_ext.py --sim-time 0.5 --seq-graph project/file/graph_15_nodes.json --traffic project/file/traffic_15_nodes_net.json --inspection-rate 0.001 --mess-rate 0.002 --algorithm shortest,0.31483615984971175,0,10,10,10,10,6,10,0,10,2,10,10,10,10,4,0,10,9,0,10,10,10,10,5,1,0,10,10,10,2,1,0,10,10,5,3,10,10,10,10,10,10,10,10
project/sim_ext.py --sim-time 0.5 --seq-graph project/file/graph_15_nodes.json --traffic project/file/traffic_15_nodes_net.json --inspection-rate 0.001 --mess-rate 0.002 --algorithm shortest,0.315862000001,0,10,10,10,10,6,10,0,10,2,10,10,10,10,6,1,10,10,0,10,10,10,10,5,3,0,10,10,10,1,3,0,10,10,6,3,10,10,10,10,10,10,10,10
project/sim_ext.py --sim-time 0.5 --seq-graph project/file/graph_15_nodes.json --traffic project/file/traffic_15_nodes_net.json --inspection-rate 0.001 --mess-rate 0.002 --algorithm shortest,0.3169176940851241,0,10,10,10,10,8,10,2,10,4,10,10,10,10,7,0,10,10,2,10,10,10,10,8,3,0,10,10,10,4,5,0,10,10,10,3,10,10,10,10,10,10,10,10
project/sim_ext.py --sim-time 0.5 --seq-graph project/file/graph_15_nodes.json --traffic project/file/traffic_15_nodes_net.json --inspection-rate 0.001 --mess-rate 0.002 --algorithm shortest,0.31796209548382964,0,10,10,10,10,10,10,0,10,4,10,10,10,10,7,0,10,10,3,10,10,10,10,9,4,0,10,10,10,7,7,0,10,10,10,3,10,10,10,10,10,10,10,10
project/sim_ext.py --sim-time 0.5 --seq-graph project/file/graph_15_nodes.json --traffic project/file/traffic_15_nodes_net.json --inspection-rate 0.001 --mess-rate 0.002 --algorithm shortest,0.318979000001,0,10,10,10,10,10,10,0,10,5,10,10,10,10,8,0,10,10,5,10,10,10,10,9,5,0,10,10,10,8,9,0,10,10,0,5,10,10,10,10,10,10,10,10
project/sim_ext.py --sim-time 0.5 --seq-graph project/file/graph_15_nodes.json --traffic project/file/traffic_15_nodes_net.json --inspection-rate 0.001 --mess-rate 0.002 --algorithm shortest,0.32002493828172296,2,10,10,10,10,10,10,0,10,5,10,10,10,10,9,0,10,10,6,10,10,10,10,10,5,0,10,10,10,9,10,0,10,10,0,5,10,10,10,10,10,10,10,10
project/sim_ext.py --sim-time 0.5 --seq-graph project/file/graph_15_nodes.json --traffic project/file/traffic_15_nodes_net.json --inspection-rate 0.001 --mess-rate 0.002 --algorithm shortest,0.32103328370629003,2,10,10,10,10,10,10,0,10,6,10,10,10,10,10,0,10,10,6,10,10,10,10,10,6,0,10,10,10,10,10,0,10,10,0,5,10,10,10,10,10,10,10,10
project/sim_ext.py --sim-time 0.5 --seq-graph project/file/graph_15_nodes.json --traffic project/file/traffic_15_nodes_net.json --inspection-rate 0.001 --mess-rate 0.002 --algorithm shortest,0.3220670926193646,3,10,10,10,10,10,10,0,10,8,10,10,10,10,10,0,10,10,7,10,10,10,10,10,7,1,10,10,10,10,10,0,10,10,0,0,10,10,10,10,10,10,10,10
project/sim_ext.py --sim-time 0.5 --seq-graph project/file/graph_15_nodes.json --traffic project/file/traffic_15_nodes_net.json --inspection-rate 0.001 --mess-rate 0.002 --algorithm shortest,0.323071000001,3,10,10,10,10,10,10,1,10,8,10,10,10,10,10,0,10,10,7,10,10,10,10,10,10,4,10,10,10,10,10,0,10,10,0,0,10,10,10,10,10,10,10,10
project/sim_ext.py --sim-time 0.5 --seq-graph project/file/graph_15_nodes.json --traffic project/file/traffic_15_nodes_net.json --inspection-rate 0.001 --mess-rate 0.002 --algorithm shortest,0.32411084716389577,4,10,10,10,10,10,10,2,10,8,10,10,10,10,10,1,10,10,8,10,10,10,10,10,10,0,10,10,10,10,10,1,10,10,3,0,10,10,10,10,10,10,10,10
project/sim_ext.py --sim-time 0.5 --seq-graph project/file/graph_15_nodes.json --traffic project/file/traffic_15_nodes_net.json --inspection-rate 0.001 --mess-rate 0.002 --algorithm shortest,0.3251414672986332,5,10,10,10,10,10,10,6,10,8,10,10,10,10,10,1,10,10,8,10,10,10,10,10,10,1,10,10,10,10,10,0,10,10,0,0,10,10,10,10,10,10,10,10
project/sim_ext.py --sim-time 0.5 --seq-graph project/file/graph_15_nodes.json --traffic project/file/traffic_15_nodes_net.json --inspection-rate 0.001 --mess-rate 0.002 --algorithm shortest,0.32616270036388684,5,10,10,10,10,10,10,9,10,8,10,10,10,10,10,2,10,10,9,10,10,10,10,10,10,1,10,10,10,10,10,0,10,10,0,2,10,10,10,10,10,10,10,10
project/sim_ext.py --sim-time 0.5 --seq-graph project/file/graph_15_nodes.json --traffic project/file/traffic_15_nodes_net.json --inspection-rate 0.001 --mess-rate 0.002 --algorithm shortest,0.327183999997,1,10,0,10,1,0,10,0,10,10,10,0,0,10,0,0,10,10,10,0,10,0,10,10,10,0,0,10,0,10,10,0,0,0,0,0,0,0,10,10,0,0,1,10
project/sim_ext.py --sim-time 0.5 --seq-graph project/file/graph_15_nodes.json --traffic project/file/traffic_15_nodes_net.json --inspection-rate 0.001 --mess-rate 0.002 --algorithm shortest,0.3282304624298151,0,10,1,10,0,1,10,0,10,10,10,0,2,10,0,0,10,10,10,0,10,0,10,10,10,0,0,10,0,10,10,0,0,1,0,0,0,0,10,10,4,0,4,10
project/sim_ext.py --sim-time 0.5 --seq-graph project/file/graph_15_nodes.json --traffic project/file/traffic_15_nodes_net.json --inspection-rate 0.001 --mess-rate 0.002 --algorithm shortest,0.329264000001,0,10,0,10,0,4,10,0,10,10,10,0,0,10,0,0,10,10,10,2,10,0,10,10,10,1,0,10,0,10,10,0,0,0,0,1,0,0,10,10,0,0,4,10
project/sim_ext.py --sim-time 0.5 --seq-graph project/file/graph_15_nodes.json --traffic project/file/traffic_15_nodes_net.json --inspection-rate 0.001 --mess-rate 0.002 --algorithm shortest,0.330298000001,0,10,0,10,2,0,10,0,10,10,10,0,0,10,0,0,10,10,10,0,0,0,10,10,10,2,0,10,0,10,10,0,0,1,0,0,0,3,10,0,0,0,0,10
project/sim_ext.py --sim-time 0.5 --seq-graph project/file/graph_15_nodes.json --traffic project/file/traffic_15_nodes_net.json --inspection-rate 0.001 --mess-rate 0.002 --algorithm shortest,0.331335399997,0,10,0,10,1,0,10,0,10,10,10,0,0,10,2,1,10,10,10,0,0,0,10,10,10,0,0,10,0,10,10,0,0,0,0,0,0,9,10,0,0,0,0,10
project/sim_ext.py --sim-time 0.5 --seq-graph project/file/graph_15_nodes.json --traffic project/file/traffic_15_nodes_net.json --inspection-rate 0.001 --mess-rate 0.002 --algorithm shortest,0.3323978912543481,0,10,1,10,2,1,10,5,10,10,10,0,0,10,0,0,10,10,10,0,0,0,10,10,10,0,1,10,0,10,10,0,0,0,0,0,0,0,10,0,0,5,2,10
project/sim_ext.py --sim-time 0.5 --seq-graph project/file/graph_15_nodes.json --traffic project/file/traffic_15_nodes_net.json --inspection-rate 0.001 --mess-rate 0.002 --algorithm shortest,0.33346334756580465,0,10,0,10,5,0,10,7,10,10,10,0,0,10,2,0,10,10,10,0,0,2,10,10,10,0,0,10,0,10,10,0,0,4,2,1,8,6,10,3,2,9,10,10
project/sim_ext.py --sim-time 0.5 --seq-graph project/file/graph_15_nodes.json --traffic project/file/traffic_15_nodes_net.json --inspection-rate 0.001 --mess-rate 0.002 --algorithm shortest,0.334475599997,0,10,0,10,9,0,10,9,10,10,10,0,0,10,0,0,10,10,10,0,2,2,10,10,10,0,0,10,0,10,10,0,1,10,4,2,10,1,10,1,2,10,10,10
project/sim_ext.py --sim-time 0.5 --seq-graph project/file/graph_15_nodes.json --traffic project/file/traffic_15_nodes_net.json --inspection-rate 0.001 --mess-rate 0.002 --algorithm shortest,0.335545000001,0,10,0,10,9,3,10,10,10,10,10,0,0,10,1,0,10,10,10,4,2,2,10,10,10,0,0,10,0,10,10,0,2,10,5,2,0,9,10,10,9,10,10,10
project/sim_ext.py --sim-time 0.5 --seq-graph project/file/graph_15_nodes.json --traffic project/file/traffic_15_nodes_net.json --inspection-rate 0.001 --mess-rate 0.002 --algorithm shortest,0.3365872159017774,0,10,1,10,10,10,10,0,10,10,10,2,1,10,2,1,10,10,10,9,9,4,10,10,10,0,1,10,3,10,10,0,2,10,6,3,5,10,10,10,10,10,10,10
project/sim_ext.py --sim-time 0.5 --seq-graph project/file/graph_15_nodes.json --traffic project/file/traffic_15_nodes_net.json --inspection-rate 0.001 --mess-rate 0.002 --algorithm shortest,0.3376626304618222,0,0,4,0,10,0,1,2,1,0,0,10,10,0,5,0,0,0,0,10,10,10,0,0,0,0,10,0,4,3,0,0,10,10,0,5,10,10,1,10,10,10,10,2
project/sim_ext.py --sim-time 0.5 --seq-graph project/file/graph_15_nodes.json --traffic project/file/traffic_15_nodes_net.json --inspection-rate 0.001 --mess-rate 0.002 --algorithm shortest,0.33868105052413006,0,7,6,0,10,2,0,3,0,0,1,10,10,0,5,0,0,0,0,10,10,10,0,1,0,0,10,0,6,0,0,0,10,10,3,3,10,10,3,10,10,10,10,2
project/sim_ext.py --sim-time 0.5 --seq-graph project/file/graph_15_nodes.json --traffic project/file/traffic_15_nodes_net.json --inspection-rate 0.001 --mess-rate 0.002 --algorithm shortest,0.33969771999192366,0,0,7,0,10,0,0,5,0,1,4,10,10,0,6,0,0,0,0,10,10,10,0,0,0,0,10,0,10,1,0,0,10,10,0,0,10,10,0,10,10,10,10,5
project/sim_ext.py --sim-time 0.5 --seq-graph project/file/graph_15_nodes.json --traffic project/file/traffic_15_nodes_net.json --inspection-rate 0.001 --mess-rate 0.002 --algorithm shortest,0.340726399997,1,2,7,3,10,0,1,6,0,0,0,10,10,0,7,0,1,0,0,10,10,10,0,1,0,2,10,0,10,0,0,0,10,10,0,0,10,10,5,10,10,10,10,9
project/sim_ext.py --sim-time 0.5 --seq-graph project/file/graph_15_nodes.json --traffic project/file/traffic_15_nodes_net.json --inspection-rate 0.001 --mess-rate 0.002 --algorithm shortest,0.341763199997,0,0,9,0,10,0,0,8,1,0,5,10,10,0,9,0,0,0,0,10,10,10,2,7,0,0,10,0,10,0,0,2,10,10,1,0,10,10,0,10,10,10,10,0
project/sim_ext.py --sim-time 0.5 --seq-graph project/file/graph_15_nodes.json --traffic project/file/traffic_15_nodes_net.json --inspection-rate 0.001 --mess-rate 0.002 --algorithm shortest,0.342819199997,1,3,10,0,10,0,2,0,4,0,0,10,10,1,10,1,0,0,0,10,10,10,6,1,2,0,10,1,10,0,0,0,10,10,1,1,10,10,5,10,10,10,10,5
project/sim_ext.py --sim-time 0.5 --seq-graph project/file/graph_15_nodes.json --traffic project/file/traffic_15_nodes_net.json --inspection-rate 0.001 --mess-rate 0.002 --algorithm shortest,0.343887999997,0,9,10,2,10,5,2,0,5,0,0,10,10,2,10,0,2,3,0,10,10,10,6,0,0,0,10,3,10,0,0,0,10,10,2,4,10,10,10,10,10,10,10,10
project/sim_ext.py --sim-time 0.5 --seq-graph project/file/graph_15_nodes.json --traffic project/file/traffic_15_nodes_net.json --inspection-rate 0.001 --mess-rate 0.002 --algorithm shortest,0.3449265760862064,0,10,10,5,10,10,3,0,6,0,0,10,10,4,10,0,0,5,0,10,10,10,8,0,3,0,10,3,10,0,0,0,10,10,3,0,10,10,10,10,10,10,10,10
project/sim_ext.py --sim-time 0.5 --seq-graph project/file/graph_15_nodes.json --traffic project/file/traffic_15_nodes_net.json --inspection-rate 0.001 --mess-rate 0.002 --algorithm shortest,0.345988000001,0,10,10,7,10,10,7,2,7,0,1,10,10,6,10,0,0,0,0,10,10,10,10,0,3,0,10,7,10,0,0,0,10,10,4,0,10,10,10,10,10,10,10,10
project/sim_ext.py --sim-time 0.5 --seq-graph project/file/graph_15_nodes.json --traffic project/file/traffic_15_nodes_net.json --inspection-rate 0.001 --mess-rate 0.002 --algorithm shortest,0.347029999972,0,10,10,9,10,10,3,0,10,0,0,10,10,10,10,0,0,0,0,10,10,10,10,1,0,0,10,9,10,1,0,0,10,10,0,0,10,10,10,10,10,10,10,10
project/sim_ext.py --sim-time 0.5 --seq-graph project/file/graph_15_nodes.json --traffic project/file/traffic_15_nodes_net.json --inspection-rate 0.001 --mess-rate 0.002 --algorithm shortest,0.348034999981,0,10,10,10,10,10,0,0,10,0,1,10,10,10,10,0,0,1,0,10,10,10,10,0,0,1,10,10,10,0,0,0,10,10,0,1,10,10,10,10,10,10,10,10
project/sim_ext.py --sim-time 0.5 --seq-graph project/file/graph_15_nodes.json --traffic project/file/traffic_15_nodes_net.json --inspection-rate 0.001 --mess-rate 0.002 --algorithm shortest,0.34907858873766123,0,10,10,10,10,10,0,0,10,0,0,10,10,10,10,0,0,0,0,10,10,10,10,0,1,0,10,10,10,3,0,0,10,10,0,0,10,10,10,10,10,10,10,10
project/sim_ext.py --sim-time 0.5 --seq-graph project/file/graph_15_nodes.json --traffic project/file/traffic_15_nodes_net.json --inspection-rate 0.001 --mess-rate 0.002 --algorithm shortest,0.350154999985,0,10,10,10,10,10,4,2,10,0,0,10,10,10,10,2,1,0,0,10,10,10,10,1,0,0,10,10,10,0,2,0,10,10,0,0,10,10,10,10,10,10,10,10
project/sim_ext.py --sim-time 0.5 --seq-graph project/file/graph_15_nodes.json --traffic project/file/traffic_15_nodes_net.json --inspection-rate 0.001 --mess-rate 0.002 --algorithm shortest,0.3512010573151338,0,10,10,10,10,10,0,5,10,0,2,10,10,10,10,3,2,0,0,10,10,10,10,0,0,0,10,10,10,0,0,0,10,10,0,0,10,10,10,10,10,10,10,10
project/sim_ext.py --sim-time 0.5 --seq-graph project/file/graph_15_nodes.json --traffic project/file/traffic_15_nodes_net.json --inspection-rate 0.001 --mess-rate 0.002 --algorithm shortest,0.352240000001,0,10,10,10,10,10,0,5,10,0,4,10,10,10,10,3,2,1,1,10,10,10,10,0,0,0,10,10,10,0,1,0,10,10,0,0,10,10,10,10,10,10,10,10
project/sim_ext.py --sim-time 0.5 --seq-graph project/file/graph_15_nodes.json --traffic project/file/traffic_15_nodes_net.json --inspection-rate 0.001 --mess-rate 0.002 --algorithm shortest,0.353291000001,0,10,10,10,10,10,1,7,10,0,7,10,10,10,10,4,6,0,2,10,10,10,10,1,0,0,10,10,10,0,2,0,10,10,0,0,10,10,10,10,10,10,10,10
project/sim_ext.py --sim-time 0.5 --seq-graph project/file/graph_15_nodes.json --traffic project/file/traffic_15_nodes_net.json --inspection-rate 0.001 --mess-rate 0.002 --algorithm shortest,0.3543058174935979,0,10,10,10,10,9,1,8,10,0,10,10,10,10,10,5,7,0,0,10,10,10,10,0,0,0,10,10,10,0,5,0,10,10,0,0,10,10,10,10,10,10,10,10
project/sim_ext.py --sim-time 0.5 --seq-graph project/file/graph_15_nodes.json --traffic project/file/traffic_15_nodes_net.json --inspection-rate 0.001 --mess-rate 0.002 --algorithm shortest,0.355363000001,0,10,10,10,10,10,5,10,10,2,10,10,10,10,10,6,10,0,0,10,10,10,10,0,0,0,10,10,10,0,9,1,10,10,0,0,10,10,10,10,10,10,10,10
project/sim_ext.py --sim-time 0.5 --seq-graph project/file/graph_15_nodes.json --traffic project/file/traffic_15_nodes_net.json --inspection-rate 0.001 --mess-rate 0.002 --algorithm shortest,0.356389000001,0,10,10,10,10,10,8,10,10,2,10,10,10,10,10,6,10,0,0,10,10,10,10,3,0,0,10,10,10,1,7,0,10,10,1,0,10,10,10,10,10,10,10,10
project/sim_ext.py --sim-time 0.5 --seq-graph project/file/graph_15_nodes.json --traffic project/file/traffic_15_nodes_net.json --inspection-rate 0.001 --mess-rate 0.002 --algorithm shortest,0.357496000001,0,10,10,10,10,10,10,10,10,3,10,10,10,10,10,6,10,1,1,10,10,10,10,6,0,0,10,10,10,0,9,0,10,10,2,0,10,10,10,10,10,10,10,10
project/sim_ext.py --sim-time 0.5 --seq-graph project/file/graph_15_nodes.json --traffic project/file/traffic_15_nodes_net.json --inspection-rate 0.001 --mess-rate 0.002 --algorithm shortest,0.35855800000099997,0,10,10,10,10,10,10,10,10,4,10,10,10,10,10,8,10,2,1,10,10,10,10,7,3,0,10,10,10,0,10,0,10,10,0,0,10,10,10,10,10,10,10,10
project/sim_ext.py --sim-time 0.5 --seq-graph project/file/graph_15_nodes.json --traffic project/file/traffic_15_nodes_net.json --inspection-rate 0.001 --mess-rate 0.002 --algorithm shortest,0.35963478384270486,1,10,10,10,10,10,10,10,10,4,10,10,10,10,10,9,10,4,0,10,10,10,10,9,6,0,10,10,10,1,10,0,10,10,0,2,10,10,10,10,10,10,10,10
project/sim_ext.py --sim-time 0.5 --seq-graph project/file/graph_15_nodes.json --traffic project/file/traffic_15_nodes_net.json --inspection-rate 0.001 --mess-rate 0.002 --algorithm shortest,0.3606516836909218,1,10,10,10,10,10,10,10,10,5,10,10,10,10,10,9,10,5,0,10,10,10,10,9,7,0,10,10,10,1,10,0,10,10,0,3,10,10,10,10,10,10,10,10
project/sim_ext.py --sim-time 0.5 --seq-graph project/file/graph_15_nodes.json --traffic project/file/traffic_15_nodes_net.json --inspection-rate 0.001 --mess-rate 0.002 --algorithm shortest,0.361665000001,1,10,10,10,10,10,10,10,10,5,10,10,10,10,10,9,10,6,0,10,10,10,10,9,9,0,10,10,10,0,10,0,10,10,0,5,10,10,10,10,10,10,10,10
project/sim_ext.py --sim-time 0.5 --seq-graph project/file/graph_15_nodes.json --traffic project/file/traffic_15_nodes_net.json --inspection-rate 0.001 --mess-rate 0.002 --algorithm shortest,0.362710000001,2,10,10,10,10,10,10,10,10,5,10,10,10,10,10,10,10,8,0,10,10,10,10,9,10,0,10,10,10,1,10,0,10,10,0,5,10,10,10,10,10,10,10,10
project/sim_ext.py --sim-time 0.5 --seq-graph project/file/graph_15_nodes.json --traffic project/file/traffic_15_nodes_net.json --inspection-rate 0.001 --mess-rate 0.002 --algorithm shortest,0.36374175639392536,2,10,10,10,10,10,10,10,10,5,10,10,10,10,10,10,10,9,0,10,10,10,10,9,10,0,10,10,10,2,10,0,10,10,0,0,10,10,10,10,10,10,10,10
project/sim_ext.py --sim-time 0.5 --seq-graph project/file/graph_15_nodes.json --traffic project/file/traffic_15_nodes_net.json --inspection-rate 0.001 --mess-rate 0.002 --algorithm shortest,0.36477800000099997,2,10,10,10,10,10,10,10,10,5,10,10,10,10,10,10,10,10,1,10,10,10,10,9,10,1,10,10,10,3,10,1,10,10,0,0,10,10,10,10,10,10,10,10
project/sim_ext.py --sim-time 0.5 --seq-graph project/file/graph_15_nodes.json --traffic project/file/traffic_15_nodes_net.json --inspection-rate 0.001 --mess-rate 0.002 --algorithm shortest,0.36581220558637284,2,10,10,10,10,10,10,10,10,6,10,10,10,10,10,10,10,10,2,10,0,10,10,10,10,0,10,10,10,5,10,0,10,10,0,0,10,10,10,1,10,10,10,10
project/sim_ext.py --sim-time 0.5 --seq-graph project/file/graph_15_nodes.json --traffic project/file/traffic_15_nodes_net.json --inspection-rate 0.001 --mess-rate 0.002 --algorithm shortest,0.3668290739577895,3,10,10,10,10,10,10,10,10,6,10,10,10,10,10,10,10,10,4,10,0,10,10,10,10,0,10,10,10,5,10,2,10,10,1,0,10,10,10,10,10,10,10,10
project/sim_ext.py --sim-time 0.5 --seq-graph project/file/graph_15_nodes.json --traffic project/file/traffic_15_nodes_net.json --inspection-rate 0.001 --mess-rate 0.002 --algorithm shortest,0.367853799997,0,6,6,10,8,2,2,1,10,4,3,7,7,7,8,5,9,3,0,9,7,6,9,3,4,2,9,9,5,0,6,0,8,2,0,0,2,3,2,3,4,2,6,2
project/sim_ext.py --sim-time 0.5 --seq-graph project/file/graph_15_nodes.json --traffic project/file/traffic_15_nodes_net.json --inspection-rate 0.001 --mess-rate 0.002 --algorithm shortest,0.368867199997,1,2,0,0,2,0,2,0,2,0,0,0,0,0,0,0,1,0,0,1,0,0,0,0,0,0,1,1,5,4,1,0,0,0,0,2,0,5,0,0,0,0,0,0
project/sim_ext.py --sim-time 0.5 --seq-graph project/file/graph_15_nodes.json --traffic project/file/traffic_15_nodes_net.json --inspection-rate 0.001 --mess-rate 0.002 --algorithm shortest,0.36988479999699997,2,2,1,0,0,0,0,0,0,0,3,0,1,1,0,0,0,0,0,0,0,1,1,1,0,0,0,0,0,0,1,0,0,0,0,4,0,0,0,2,0,0,0,0
project/sim_ext.py --sim-time 0.5 --seq-graph project/file/graph_15_nodes.json --traffic project/file/traffic_15_nodes_net.json --inspection-rate 0.001 --mess-rate 0.002 --algorithm shortest,0.370906599997,0,1,1,3,0,2,1,0,6,0,2,0,1,0,0,0,0,0,1,2,7,0,6,0,0,0,0,0,2,0,0,0,0,0,0,0,0,0,0,3,1,10,0,1
project/sim_ext.py --sim-time 0.5 --seq-graph project/file/graph_15_nodes.json --traffic project/file/traffic_15_nodes_net.json --inspection-rate 0.001 --mess-rate 0.002 --algorithm shortest,0.371919999997,0,3,1,5,0,6,0,1,10,1,0,0,0,0,0,0,1,3,0,0,10,1,10,0,0,1,2,0,0,0,1,1,1,2,0,0,2,8,0,6,5,10,2,0
project/sim_ext.py --sim-time 0.5 --seq-graph project/file/graph_15_nodes.json --traffic project/file/traffic_15_nodes_net.json --inspection-rate 0.001 --mess-rate 0.002 --algorithm shortest,0.372931199997,0,10,5,8,0,10,1,0,10,0,1,3,2,1,0,1,0,5,0,0,10,0,10,0,0,0,4,0,0,0,3,1,7,4,0,0,6,9,5,10,10,0,5,10
project/sim_ext.py --sim-time 0.5 --seq-graph project/file/graph_15_nodes.json --traffic project/file/traffic_15_nodes_net.json --inspection-rate 0.001 --mess-rate 0.002 --algorithm shortest,0.373973000001,0,10,0,10,2,10,6,0,10,0,3,4,3,1,1,0,0,6,0,0,10,5,10,0,0,0,7,1,0,0,0,1,10,0,3,0,10,10,10,10,10,10,8,10
project/sim_ext.py --sim-time 0.5 --seq-graph project/file/graph_15_nodes.json --traffic project/file/traffic_15_nodes_net.json --inspection-rate 0.001 --mess-rate 0.002 --algorithm shortest,0.375004999981,0,10,1,10,3,10,9,0,10,0,0,4,4,1,0,0,2,0,0,4,10,6,10,1,0,0,10,8,3,0,0,1,10,5,0,0,10,10,10,10,10,10,10,10
project/sim_ext.py --sim-time 0.5 --seq-graph project/file/graph_15_nodes.json --traffic project/file/traffic_15_nodes_net.json --inspection-rate 0.001 --mess-rate 0.002 --algorithm shortest,0.3760972338833991,0,10,7,10,5,0,0,0,10,1,0,8,9,2,0,1,0,0,0,4,10,8,10,0,0,0,10,10,4,0,1,0,10,8,0,0,10,10,10,10,10,10,10,10
project/sim_ext.py --sim-time 0.5 --seq-graph project/file/graph_15_nodes.json --traffic project/file/traffic_15_nodes_net.json --inspection-rate 0.001 --mess-rate 0.002 --algorithm shortest,0.3771318757358747,0,10,10,10,7,0,0,1,10,0,0,8,9,4,0,0,4,0,0,4,10,10,10,0,1,1,10,10,9,0,0,0,10,10,0,0,10,10,10,10,10,10,10,10
project/sim_ext.py --sim-time 0.5 --seq-graph project/file/graph_15_nodes.json --traffic project/file/traffic_15_nodes_net.json --inspection-rate 0.001 --mess-rate 0.002 --algorithm shortest,0.378155000001,0,10,10,10,7,1,0,6,10,0,2,9,9,5,0,0,4,5,0,5,10,10,10,0,0,0,10,10,10,1,2,0,10,10,0,0,10,10,10,10,10,10,10,10
project/sim_ext.py --sim-time 0.5 --seq-graph project/file/graph_15_nodes.json --traffic project/file/traffic_15_nodes_net.json --inspection-rate 0.001 --mess-rate 0.002 --algorithm shortest,0.37920181764481187,0,10,6,10,8,4,0,7,10,0,2,10,9,5,0,0,5,2,0,6,10,10,10,0,1,0,10,10,10,2,0,0,10,10,3,1,10,10,10,10,10,10,10,10
project/sim_ext.py --sim-time 0.5 --seq-graph project/file/graph_15_nodes.json --traffic project/file/traffic_15_nodes_net.json --inspection-rate 0.001 --mess-rate 0.002 --algorithm shortest,0.38024702880391076,0,10,10,10,8,5,1,8,10,0,6,10,9,5,1,0,7,5,0,7,10,10,10,1,1,0,10,10,10,0,2,0,10,10,4,0,10,10,10,10,10,10,10,10
project/sim_ext.py --sim-time 0.5 --seq-graph project/file/graph_15_nodes.json --traffic project/file/traffic_15_nodes_net.json --inspection-rate 0.001 --mess-rate 0.002 --algorithm shortest,0.38127448315712525,0,10,10,10,8,9,3,0,10,0,8,10,9,6,1,0,9,5,6,8,10,10,10,3,1,0,10,10,10,0,5,0,10,10,7,0,10,10,10,10,10,10,10,10
project/sim_ext.py --sim-time 0.5 --seq-graph project/file/graph_15_nodes.json --traffic project/file/traffic_15_nodes_net.json --inspection-rate 0.001 --mess-rate 0.002 --algorithm shortest,0.38228700000099997,0,10,10,10,10,0,6,0,10,0,10,10,10,6,1,0,9,7,0,10,10,10,10,4,3,0,10,10,10,2,7,0,10,10,10,1,10,10,10,10,10,10,10,10
project/sim_ext.py --sim-time 0.5 --seq-graph project/file/graph_15_nodes.json --traffic project/file/traffic_15_nodes_net.json --inspection-rate 0.001 --mess-rate 0.002 --algorithm shortest,0.3833070763826654,0,10,10,10,10,0,7,0,10,0,10,10,10,7,2,0,10,9,0,10,10,10,10,5,4,1,10,10,10,0,9,0,10,10,0,1,10,10,10,10,10,10,10,10
project/sim_ext.py --sim-time 0.5 --seq-graph project/file/graph_15_nodes.json --traffic project/file/traffic_15_nodes_net.json --inspection-rate 0.001 --mess-rate 0.002 --algorithm shortest,0.38435823674038205,0,10,10,10,10,0,9,0,10,0,10,10,10,7,3,0,10,10,0,10,10,10,10,7,6,0,10,10,10,0,10,0,10,10,1,1,10,10,10,10,10,10,10,10
project/sim_ext.py --sim-time 0.5 --seq-graph project/file/graph_15_nodes.json --traffic project/file/traffic_15_nodes_net.json --inspection-rate 0.001 --mess-rate 0.002 --algorithm shortest,0.3853939111977709,0,10,10,10,10,0,10,1,10,1,10,10,10,7,3,0,10,10,1,10,10,10,10,7,9,0,10,10,10,0,10,0,10,10,0,0,10,10,10,10,10,10,10,10
project/sim_ext.py --sim-time 0.5 --seq-graph project/file/graph_15_nodes.json --traffic project/file/traffic_15_nodes_net.json --inspection-rate 0.001 --mess-rate 0.002 --algorithm shortest,0.38643186645704874,0,10,10,10,10,0,10,6,10,2,10,10,10,7,4,0,10,10,0,10,10,10,10,10,9,0,10,10,10,1,10,1,10,10,0,0,10,10,10,10,10,10,10,10
project/sim_ext.py --sim-time 0.5 --seq-graph project/file/graph_15_nodes.json --traffic project/file/traffic_15_nodes_net.json --inspection-rate 0.001 --mess-rate 0.002 --algorithm shortest,0.38746210299439454,0,10,10,10,10,2,10,8,10,2,10,10,10,7,6,0,10,10,0,10,10,10,10,10,10,0,10,10,10,5,10,0,10,10,0,1,10,10,10,10,10,10,10,10
project/sim_ext.py --sim-time 0.5 --seq-graph project/file/graph_15_nodes.json --traffic project/file/traffic_15_nodes_net.json --inspection-rate 0.001 --mess-rate 0.002 --algorithm shortest,0.38857291521622633,0,10,10,10,10,0,10,10,10,2,10,10,10,7,7,2,10,10,2,10,10,10,10,10,10,0,10,10,10,8,10,1,10,10,2,0,10,10,10,10,10,10,10,10
project/sim_ext.py --sim-time 0.5 --seq-graph project/file/graph_15_nodes.json --traffic project/file/traffic_15_nodes_net.json --inspection-rate 0.001 --mess-rate 0.002 --algorithm shortest,0.3895971212615072,0,10,10,10,10,0,10,10,10,3,10,10,10,7,9,5,10,10,3,10,10,10,10,10,10,0,10,10,10,10,10,0,10,10,1,0,10,10,10,10,10,10,10,10
project/sim_ext.py --sim-time 0.5 --seq-graph project/file/graph_15_nodes.json --traffic project/file/traffic_15_nodes_net.json --inspection-rate 0.001 --mess-rate 0.002 --algorithm shortest,0.39062527884294207,0,10,10,10,10,3,10,10,10,3,10,10,10,7,10,5,10,10,3,10,10,10,10,10,10,0,10,10,10,10,10,0,10,10,3,0,10,10,10,10,10,10,10,10
project/sim_ext.py --sim-time 0.5 --seq-graph project/file/graph_15_nodes.json --traffic project/file/traffic_15_nodes_net.json --inspection-rate 0.001 --mess-rate 0.002 --algorithm shortest,0.3916824912070618,0,10,10,10,10,9,10,10,10,3,10,10,10,8,10,6,10,10,3,10,10,10,10,10,10,0,10,10,10,10,10,0,10,10,0,0,10,10,10,10,10,10,10,10
project/sim_ext.py --sim-time 0.5 --seq-graph project/file/graph_15_nodes.json --traffic project/file/traffic_15_nodes_net.json --inspection-rate 0.001 --mess-rate 0.002 --algorithm shortest,0.39272656381609466,0,10,10,10,10,10,10,10,10,3,10,10,10,8,10,7,10,10,5,10,10,10,10,10,10,0,10,10,10,10,10,0,10,10,0,0,10,10,10,10,10,10,10,10
project/sim_ext.py --sim-time 0.5 --seq-graph project/file/graph_15_nodes.json --traffic project/file/traffic_15_nodes_net.json --inspection-rate 0.001 --mess-rate 0.002 --algorithm shortest,0.3937622627396969,0,10,10,10,10,10,10,10,10,3,10,10,10,8,10,8,10,10,5,10,10,10,10,10,10,0,10,10,10,10,10,0,10,10,0,0,10,10,10,10,10,10,10,10
project/sim_ext.py --sim-time 0.5 --seq-graph project/file/graph_15_nodes.json --traffic project/file/traffic_15_nodes_net.json --inspection-rate 0.001 --mess-rate 0.002 --algorithm shortest,0.3947928839187338,0,10,10,10,10,10,10,10,10,4,10,10,10,8,10,8,10,10,6,10,10,10,10,10,10,0,10,10,10,10,10,0,10,10,0,0,10,10,10,10,10,10,10,10
project/sim_ext.py --sim-time 0.5 --seq-graph project/file/graph_15_nodes.json --traffic project/file/traffic_15_nodes_net.json --inspection-rate 0.001 --mess-rate 0.002 --algorithm shortest,0.39580600000099997,2,10,10,10,10,10,10,10,10,5,10,10,10,8,10,8,10,10,9,10,10,10,10,10,10,0,10,10,10,10,10,2,10,10,0,0,10,10,10,10,10,10,10,10
project/sim_ext.py --sim-time 0.5 --seq-graph project/file/graph_15_nodes.json --traffic project/file/traffic_15_nodes_net.json --inspection-rate 0.001 --mess-rate 0.002 --algorithm shortest,0.3968857471715731,2,10,10,10,10,10,10,10,10,6,10,10,10,9,10,10,10,10,9,10,10,10,10,10,10,0,10,10,10,10,10,0,10,10,1,0,10,10,10,10,10,10,10,10
project/sim_ext.py --sim-time 0.5 --seq-graph project/file/graph_15_nodes.json --traffic project/file/traffic_15_nodes_net.json --inspection-rate 0.001 --mess-rate 0.002 --algorithm shortest,0.397927000001,2,10,10,10,10,10,10,10,10,6,10,10,10,9,10,10,10,10,10,10,10,10,10,10,10,0,10,10,10,10,10,0,10,10,0,1,10,10,10,10,10,10,10,10
project/sim_ext.py --sim-time 0.5 --seq-graph project/file/graph_15_nodes.json --traffic project/file/traffic_15_nodes_net.json --inspection-rate 0.001 --mess-rate 0.002 --algorithm shortest,0.39897279999699997,1,9,0,2,0,0,1,0,7,0,0,0,1,0,0,0,0,1,0,0,10,2,0,0,0,0,0,0,0,2,0,1,3,1,0,0,1,0,0,10,0,1,0,0
project/sim_ext.py --sim-time 0.5 --seq-graph project/file/graph_15_nodes.json --traffic project/file/traffic_15_nodes_net.json --inspection-rate 0.001 --mess-rate 0.002 --algorithm shortest,0.399996799997,0,0,0,0,2,0,4,0,4,0,0,0,0,0,0,0,0,0,0,0,10,0,0,0,2,1,0,0,1,0,0,2,0,3,0,0,1,0,0,10,0,0,0,0
project/sim_ext.py --sim-time 0.5 --seq-graph project/file/graph_15_nodes.json --traffic project/file/traffic_15_nodes_net.json --inspection-rate 0.001 --mess-rate 0.002 --algorithm shortest,0.401027199997,0,9,0,0,0,1,0,0,0,0,0,2,0,0,0,2,0,0,0,3,10,0,0,2,0,0,0,2,0,0,0,0,0,0,0,0,0,0,0,10,0,0,0,0
project/sim_ext.py --sim-time 0.5 --seq-graph project/file/graph_15_nodes.json --traffic project/file/traffic_15_nodes_net.json --inspection-rate 0.001 --mess-rate 0.002 --algorithm shortest,0.402038399997,0,10,0,5,1,0,0,0,7,1,0,0,0,0,0,0,1,0,0,1,10,4,4,6,0,0,2,0,2,0,0,0,4,0,0,0,3,2,0,10,1,0,0,0
project/sim_ext.py --sim-time 0.5 --seq-graph project/file/graph_15_nodes.json --traffic project/file/traffic_15_nodes_net.json --inspection-rate 0.001 --mess-rate 0.002 --algorithm shortest,0.403075199997,0,10,0,7,0,1,0,0,10,6,1,0,0,3,0,0,0,0,0,0,10,4,9,0,0,2,4,3,0,1,0,0,4,5,0,2,9,0,10,10,7,3,10,0
project/sim_ext.py --sim-time 0.5 --seq-graph project/file/graph_15_nodes.json --traffic project/file/traffic_15_nodes_net.json --inspection-rate 0.001 --mess-rate 0.002 --algorithm shortest,0.404106000001,0,10,1,10,2,0,2,0,10,0,0,0,3,5,0,0,2,1,0,1,10,7,10,0,0,2,4,3,0,0,1,0,9,0,0,0,10,7,10,10,10,3,10,6
project/sim_ext.py --sim-time 0.5 --seq-graph project/file/graph_15_nodes.json --traffic project/file/traffic_15_nodes_net.json --inspection-rate 0.001 --mess-rate 0.002 --algorithm shortest,0.4051997791910708,0,10,0,10,3,0,0,3,10,0,4,2,3,10,0,0,0,0,0,2,10,10,10,0,0,2,8,5,1,1,0,0,10,6,0,0,10,10,10,10,10,10,10,10
project/sim_ext.py --sim-time 0.5 --seq-graph project/file/graph_15_nodes.json --traffic project/file/traffic_15_nodes_net.json --inspection-rate 0.001 --mess-rate 0.002 --algorithm shortest,0.406228199997,1,10,0,10,4,0,0,0,10,0,9,4,5,10,0,0,0,0,0,3,10,10,10,1,0,0,10,6,2,2,1,0,10,10,0,1,10,10,10,10,10,10,10,10
project/sim_ext.py --sim-time 0.5 --seq-graph project/file/graph_15_nodes.json --traffic project/file/traffic_15_nodes_net.json --inspection-rate 0.001 --mess-rate 0.002 --algorithm shortest,0.40726271993331875,0,10,1,10,4,2,0,4,10,0,9,4,6,10,0,0,3,0,0,3,10,10,10,3,0,0,10,7,3,4,0,0,10,10,0,0,10,10,10,10,10,10,10,10
project/sim_ext.py --sim-time 0.5 --seq-graph project/file/graph_15_nodes.json --traffic project/file/traffic_15_nodes_net.json --inspection-rate 0.001 --mess-rate 0.002 --algorithm shortest,0.408296199997,0,10,0,10,6,3,0,0,10,0,10,7,7,10,0,1,6,0,0,5,4,10,10,0,2,0,10,10,6,0,0,1,10,10,1,0,10,10,10,4,10,10,10,10
project/sim_ext.py --sim-time 0.5 --seq-graph project/file/graph_15_nodes.json --traffic project/file/traffic_15_nodes_net.json --inspection-rate 0.001 --mess-rate 0.002 --algorithm shortest,0.409328000001,0,10,0,10,9,0,0,0,10,0,10,9,8,10,0,0,10,0,2,7,0,10,10,4,4,0,10,10,10,0,0,0,10,10,0,0,10,10,10,0,10,10,10,10
project/sim_ext.py --sim-time 0.5 --seq-graph project/file/graph_15_nodes.json --traffic project/file/traffic_15_nodes_net.json --inspection-rate 0.001 --mess-rate 0.002 --algorithm shortest,0.41040705407111716,0,10,0,10,10,0,0,0,10,1,10,10,10,10,0,1,10,3,0,9,0,10,10,6,6,0,10,10,10,0,0,0,10,10,0,2,10,10,10,0,10,10,10,10
project/sim_ext.py --sim-time 0.5 --seq-graph project/file/graph_15_nodes.json --traffic project/file/traffic_15_nodes_net.json --inspection-rate 0.001 --mess-rate 0.002 --algorithm shortest,0.411424999997,0,10,1,10,10,0,5,6,10,0,10,10,10,10,0,0,10,6,0,10,0,10,10,9,6,1,10,10,10,0,0,0,10,10,0,2,10,10,10,0,10,10,10,10
project/sim_ext.py --sim-time 0.5 --seq-graph project/file/graph_15_nodes.json --traffic project/file/traffic_15_nodes_net.json --inspection-rate 0.001 --mess-rate 0.002 --algorithm shortest,0.41245600000099997,1,10,1,10,10,0,7,8,10,0,10,10,10,10,2,0,10,10,0,10,0,10,10,10,0,0,10,10,10,1,0,0,10,10,0,0,10,10,10,0,10,10,10,10
project/sim_ext.py --sim-time 0.5 --seq-graph project/file/graph_15_nodes.json --traffic project/file/traffic_15_nodes_net.json --inspection-rate 0.001 --mess-rate 0.002 --algorithm shortest,0.41349153362592594,0,10,5,10,10,4,0,9,10,0,10,10,10,10,6,0,10,10,0,10,0,10,10,10,0,0,10,10,10,0,0,0,10,10,4,0,10,10,10,0,10,10,10,10
project/sim_ext.py --sim-time 0.5 --seq-graph project/file/graph_15_nodes.json --traffic project/file/traffic_15_nodes_net.json --inspection-rate 0.001 --mess-rate 0.002 --algorithm shortest,0.414509799997,0,10,7,10,10,4,0,1,10,1,10,10,10,10,9,0,10,10,0,10,0,10,10,10,2,1,10,10,10,1,0,0,10,10,0,0,10,10,10,2,10,10,10,10
project/sim_ext.py --sim-time 0.5 --seq-graph project/file/graph_15_nodes.json --traffic project/file/traffic_15_nodes_net.json --inspection-rate 0.001 --mess-rate 0.002 --algorithm shortest,0.4155525362868986,0,10,10,10,10,5,4,1,10,2,10,10,10,10,10,0,10,10,0,10,2,10,10,10,4,0,10,10,10,0,0,0,10,10,2,0,10,10,10,10,10,10,10,10
project/sim_ext.py --sim-time 0.5 --seq-graph project/file/graph_15_nodes.json --traffic project/file/traffic_15_nodes_net.json --inspection-rate 0.001 --mess-rate 0.002 --algorithm shortest,0.416571000001,0,10,10,10,10,6,5,3,10,3,10,10,10,10,10,1,10,10,2,10,3,10,10,10,4,0,10,10,10,3,3,0,10,10,0,0,10,10,10,10,10,10,10,10
project/sim_ext.py --sim-time 0.5 --seq-graph project/file/graph_15_nodes.json --traffic project/file/traffic_15_nodes_net.json --inspection-rate 0.001 --mess-rate 0.002 --algorithm shortest,0.417630799997,0,10,10,10,10,0,6,4,10,3,10,10,10,10,10,2,10,10,3,10,3,10,10,10,7,0,10,10,10,5,4,0,10,10,0,0,10,10,10,10,10,10,10,10
project/sim_ext.py --sim-time 0.5 --seq-graph project/file/graph_15_nodes.json --traffic project/file/traffic_15_nodes_net.json --inspection-rate 0.001 --mess-rate 0.002 --algorithm shortest,0.418669799997,0,10,10,10,10,2,8,8,10,5,10,10,10,10,10,3,10,10,4,10,3,10,10,10,8,1,10,10,10,7,6,0,10,10,0,0,10,10,10,10,10,10,10,10
project/sim_ext.py --sim-time 0.5 --seq-graph project/file/graph_15_nodes.json --traffic project/file/traffic_15_nodes_net.json --inspection-rate 0.001 --mess-rate 0.002 --algorithm shortest,0.41969130418836453,0,10,10,10,10,0,10,10,10,5,10,10,10,10,10,3,10,10,4,10,5,10,10,10,10,0,10,10,10,9,7,0,10,10,1,0,10,10,10,10,10,10,10,10
project/sim_ext.py --sim-time 0.5 --seq-graph project/file/graph_15_nodes.json --traffic project/file/traffic_15_nodes_net.json --inspection-rate 0.001 --mess-rate 0.002 --algorithm shortest,0.420750000001,0,10,10,10,10,3,10,10,10,5,10,10,10,10,10,3,10,10,6,10,5,10,10,10,10,0,10,10,10,10,9,1,10,10,4,0,10,10,10,10,10,10,10,10
project/sim_ext.py --sim-time 0.5 --seq-graph project/file/graph_15_nodes.json --traffic project/file/traffic_15_nodes_net.json --inspection-rate 0.001 --mess-rate 0.002 --algorithm shortest,0.421793000001,0,10,10,10,10,7,10,10,10,5,10,10,10,10,10,3,10,10,8,10,6,10,10,10,10,0,10,10,10,10,10,0,10,10,0,0,10,10,10,10,10,10,10,10
project/sim_ext.py --sim-time 0.5 --seq-graph project/file/graph_15_nodes.json --traffic project/file/traffic_15_nodes_net.json --inspection-rate 0.001 --mess-rate 0.002 --algorithm shortest,0.4228206340012387,1,10,10,10,10,6,10,10,10,5,10,10,10,10,10,3,10,10,8,10,7,10,10,10,10,0,10,10,10,10,10,0,10,10,0,0,10,10,10,10,10,10,10,10
project/sim_ext.py --sim-time 0.5 --seq-graph project/file/graph_15_nodes.json --traffic project/file/traffic_15_nodes_net.json --inspection-rate 0.001 --mess-rate 0.002 --algorithm shortest,0.42383600000099997,3,10,10,10,10,10,10,10,10,5,10,10,10,10,10,4,10,10,8,10,7,10,10,10,10,0,10,10,10,10,10,0,10,10,1,0,10,10,10,10,10,10,10,10
project/sim_ext.py --sim-time 0.5 --seq-graph project/file/graph_15_nodes.json --traffic project/file/traffic_15_nodes_net.json --inspection-rate 0.001 --mess-rate 0.002 --algorithm shortest,0.42490998459789653,3,10,10,10,10,10,10,10,10,5,10,10,10,10,10,4,10,10,8,10,7,10,10,10,10,0,10,10,10,10,10,0,10,10,1,0,10,10,10,10,10,10,10,10
project/sim_ext.py --sim-time 0.5 --seq-graph project/file/graph_15_nodes.json --traffic project/file/traffic_15_nodes_net.json --inspection-rate 0.001 --mess-rate 0.002 --algorithm shortest,0.42594061232279373,4,10,10,10,10,10,10,10,10,6,10,10,10,10,10,4,10,10,10,10,7,10,10,10,10,0,10,10,10,10,10,0,10,10,2,0,10,10,10,10,10,10,10,10
project/sim_ext.py --sim-time 0.5 --seq-graph project/file/graph_15_nodes.json --traffic project/file/traffic_15_nodes_net.json --inspection-rate 0.001 --mess-rate 0.002 --algorithm shortest,0.426986000001,5,10,10,10,10,10,10,10,10,7,10,10,10,10,10,4,10,10,10,10,8,10,10,10,10,0,10,10,10,10,10,0,10,10,0,0,10,10,10,10,10,10,10,10
project/sim_ext.py --sim-time 0.5 --seq-graph project/file/graph_15_nodes.json --traffic project/file/traffic_15_nodes_net.json --inspection-rate 0.001 --mess-rate 0.002 --algorithm shortest,0.428036000001,5,10,10,10,10,10,10,10,10,8,10,10,10,10,10,4,10,10,10,10,9,10,10,10,10,0,10,10,10,10,10,0,10,10,0,0,10,10,10,10,10,10,10,10
project/sim_ext.py --sim-time 0.5 --seq-graph project/file/graph_15_nodes.json --traffic project/file/traffic_15_nodes_net.json --inspection-rate 0.001 --mess-rate 0.002 --algorithm shortest,0.429088999997,7,10,10,10,10,10,10,10,10,8,10,10,10,10,10,5,10,10,10,10,10,10,10,10,10,0,8,10,10,10,10,0,8,10,0,1,8,10,10,10,8,10,10,10
project/sim_ext.py --sim-time 0.5 --seq-graph project/file/graph_15_nodes.json --traffic project/file/traffic_15_nodes_net.json --inspection-rate 0.001 --mess-rate 0.002 --algorithm shortest,0.43009166167958107,7,10,10,10,10,10,10,10,10,10,10,10,10,10,10,5,10,10,10,10,10,10,10,10,10,0,0,10,10,10,10,0,0,10,0,1,0,10,10,10,8,10,10,10
project/sim_ext.py --sim-time 0.5 --seq-graph project/file/graph_15_nodes.json --traffic project/file/traffic_15_nodes_net.json --inspection-rate 0.001 --mess-rate 0.002 --algorithm shortest,0.431134999978,7,10,10,10,10,10,10,10,10,10,10,10,10,10,10,5,10,10,10,10,10,10,10,10,10,0,0,10,10,10,10,0,0,10,0,3,0,10,10,10,10,10,10,10
project/sim_ext.py --sim-time 0.5 --seq-graph project/file/graph_15_nodes.json --traffic project/file/traffic_15_nodes_net.json --inspection-rate 0.001 --mess-rate 0.002 --algorithm shortest,0.43219939999699997,7,10,10,10,10,10,10,10,10,10,10,10,10,10,10,6,10,10,10,10,10,10,10,10,10,0,0,10,10,10,10,0,0,10,0,4,0,10,10,10,10,10,10,10
project/sim_ext.py --sim-time 0.5 --seq-graph project/file/graph_15_nodes.json --traffic project/file/traffic_15_nodes_net.json --inspection-rate 0.001 --mess-rate 0.002 --algorithm shortest,0.43321479999699997,7,10,10,10,10,10,10,10,10,10,10,10,10,10,10,6,10,10,10,10,10,10,10,10,10,0,0,10,10,10,10,0,0,10,1,4,4,10,10,10,10,10,10,10
project/sim_ext.py --sim-time 0.5 --seq-graph project/file/graph_15_nodes.json --traffic project/file/traffic_15_nodes_net.json --inspection-rate 0.001 --mess-rate 0.002 --algorithm shortest,0.4343096550724082,7,10,10,10,10,10,10,10,10,10,10,10,10,10,10,7,10,10,10,10,10,10,10,10,10,1,0,10,10,10,10,0,0,10,0,0,0,10,10,10,3,10,10,10
project/sim_ext.py --sim-time 0.5 --seq-graph project/file/graph_15_nodes.json --traffic project/file/traffic_15_nodes_net.json --inspection-rate 0.001 --mess-rate 0.002 --algorithm shortest,0.435343000001,7,10,10,10,10,10,10,10,10,10,10,10,10,10,10,7,10,10,10,10,10,10,10,10,10,1,0,10,10,10,10,0,0,10,0,0,1,10,10,10,0,10,10,10
project/sim_ext.py --sim-time 0.5 --seq-graph project/file/graph_15_nodes.json --traffic project/file/traffic_15_nodes_net.json --inspection-rate 0.001 --mess-rate 0.002 --algorithm shortest,0.436394999974,8,10,10,10,10,10,10,10,10,10,10,10,10,10,10,8,10,10,10,10,10,10,10,10,10,0,1,10,10,10,10,0,0,10,2,0,0,10,10,10,0,10,10,10
project/sim_ext.py --sim-time 0.5 --seq-graph project/file/graph_15_nodes.json --traffic project/file/traffic_15_nodes_net.json --inspection-rate 0.001 --mess-rate 0.002 --algorithm shortest,0.43753654866504144,8,10,10,10,10,10,10,10,10,10,10,10,10,10,10,10,10,10,10,10,0,10,10,10,10,0,1,10,10,10,10,0,0,10,0,1,5,10,10,0,2,10,10,10
project/sim_ext.py --sim-time 0.5 --seq-graph project/file/graph_15_nodes.json --traffic project/file/traffic_15_nodes_net.json --inspection-rate 0.001 --mess-rate 0.002 --algorithm shortest,0.43855896694793434,10,10,10,10,10,10,10,10,10,10,10,10,10,10,10,10,10,10,10,10,0,10,10,10,10,1,1,10,10,10,10,0,0,10,0,0,10,10,10,7,1,10,10,10
project/sim_ext.py --sim-time 0.5 --seq-graph project/file/graph_15_nodes.json --traffic project/file/traffic_15_nodes_net.json --inspection-rate 0.001 --mess-rate 0.002 --algorithm shortest,0.43956799999699997,1,7,3,10,8,0,1,0,9,6,7,8,9,8,6,5,10,4,2,7,2,10,7,1,2,1,8,10,4,1,1,0,10,1,0,0,10,3,0,1,6,3,4,3
project/sim_ext.py --sim-time 0.5 --seq-graph project/file/graph_15_nodes.json --traffic project/file/traffic_15_nodes_net.json --inspection-rate 0.001 --mess-rate 0.002 --algorithm shortest,0.4405687546749478,1,2,1,0,1,0,3,0,0,0,0,0,0,0,0,0,0,1,0,0,0,0,0,0,2,0,10,0,0,1,0,0,10,2,1,1,10,6,7,4,10,0,0,0
project/sim_ext.py --sim-time 0.5 --seq-graph project/file/graph_15_nodes.json --traffic project/file/traffic_15_nodes_net.json --inspection-rate 0.001 --mess-rate 0.002 --algorithm shortest,0.44157759999699997,4,0,0,0,5,0,1,3,1,0,0,0,0,0,0,0,0,0,0,0,1,0,0,0,0,0,10,1,0,1,1,0,10,0,2,1,10,0,0,2,10,0,1,0
project/sim_ext.py --sim-time 0.5 --seq-graph project/file/graph_15_nodes.json --traffic project/file/traffic_15_nodes_net.json --inspection-rate 0.001 --mess-rate 0.002 --algorithm shortest,0.44259299999699997,5,10,0,0,0,0,0,0,3,0,0,0,0,0,0,0,0,0,2,0,8,5,7,0,2,0,10,0,2,0,0,0,10,0,4,0,10,0,0,8,10,0,0,0
project/sim_ext.py --sim-time 0.5 --seq-graph project/file/graph_15_nodes.json --traffic project/file/traffic_15_nodes_net.json --inspection-rate 0.001 --mess-rate 0.002 --algorithm shortest,0.443621199997,0,10,0,2,0,0,0,0,7,0,0,0,0,0,0,1,5,0,4,0,10,2,2,0,3,0,10,2,2,0,0,0,10,0,5,1,10,3,4,10,10,2,1,7
project/sim_ext.py --sim-time 0.5 --seq-graph project/file/graph_15_nodes.json --traffic project/file/traffic_15_nodes_net.json --inspection-rate 0.001 --mess-rate 0.002 --algorithm shortest,0.4446878701416798,0,10,0,3,0,0,0,0,10,0,3,0,1,1,0,1,7,0,1,0,10,4,6,1,0,0,10,3,6,0,1,0,10,0,9,1,10,9,10,10,10,8,10,10
project/sim_ext.py --sim-time 0.5 --seq-graph project/file/graph_15_nodes.json --traffic project/file/traffic_15_nodes_net.json --inspection-rate 0.001 --mess-rate 0.002 --algorithm shortest,0.445742000001,0,10,0,6,1,0,2,0,10,0,4,0,1,2,0,0,10,0,0,0,10,7,10,0,0,0,10,4,8,0,0,0,10,2,10,0,10,10,10,10,10,10,10,10
project/sim_ext.py --sim-time 0.5 --seq-graph project/file/graph_15_nodes.json --traffic project/file/traffic_15_nodes_net.json --inspection-rate 0.001 --mess-rate 0.002 --algorithm shortest,0.4468286979539268,0,10,1,7,2,0,0,3,10,1,7,0,1,4,0,0,10,0,1,0,10,8,10,0,0,0,10,10,1,0,0,1,10,8,0,0,10,10,10,10,10,10,10,10
project/sim_ext.py --sim-time 0.5 --seq-graph project/file/graph_15_nodes.json --traffic project/file/traffic_15_nodes_net.json --inspection-rate 0.001 --mess-rate 0.002 --algorithm shortest,0.447857000001,1,10,0,8,3,0,3,0,10,0,8,2,2,4,1,0,10,0,1,2,10,10,10,1,0,0,10,10,3,0,0,0,10,10,0,0,10,10,10,10,10,10,10,10
project/sim_ext.py --sim-time 0.5 --seq-graph project/file/graph_15_nodes.json --traffic project/file/traffic_15_nodes_net.json --inspection-rate 0.001 --mess-rate 0.002 --algorithm shortest,0.44893478039856066,0,10,0,8,6,2,5,0,10,0,10,2,4,4,0,0,10,1,2,2,10,10,10,0,0,0,10,10,5,0,3,0,10,10,0,0,10,10,10,10,10,10,10,10
project/sim_ext.py --sim-time 0.5 --seq-graph project/file/graph_15_nodes.json --traffic project/file/traffic_15_nodes_net.json --inspection-rate 0.001 --mess-rate 0.002 --algorithm shortest,0.4499937330719754,0,10,3,10,9,7,7,0,10,0,10,2,4,4,0,0,10,0,0,4,10,10,10,1,0,1,10,10,8,0,0,1,10,10,0,0,10,10,10,10,10,10,10,10
project/sim_ext.py --sim-time 0.5 --seq-graph project/file/graph_15_nodes.json --traffic project/file/traffic_15_nodes_net.json --inspection-rate 0.001 --mess-rate 0.002 --algorithm shortest,0.451044000001,0,10,4,10,10,0,0,0,10,0,10,9,6,9,1,0,10,1,0,6,10,10,10,0,0,0,10,10,10,0,0,0,10,10,0,0,10,10,10,10,10,10,10,10
project/sim_ext.py --sim-time 0.5 --seq-graph project/file/graph_15_nodes.json --traffic project/file/traffic_15_nodes_net.json --inspection-rate 0.001 --mess-rate 0.002 --algorithm shortest,0.4520597845616386,0,10,5,10,10,0,0,0,10,0,10,10,6,10,1,0,10,0,0,8,10,10,10,2,0,0,10,10,10,0,0,0,10,10,0,0,10,10,10,10,10,10,10,10
project/sim_ext.py --sim-time 0.5 --seq-graph project/file/graph_15_nodes.json --traffic project/file/traffic_15_nodes_net.json --inspection-rate 0.001 --mess-rate 0.002 --algorithm shortest,0.45308499997,0,10,6,10,10,0,0,1,10,0,10,10,6,10,1,0,10,0,1,10,10,10,10,2,0,0,10,10,10,0,1,0,10,10,0,0,10,10,10,10,10,10,10,10
project/sim_ext.py --sim-time 0.5 --seq-graph project/file/graph_15_nodes.json --traffic project/file/traffic_15_nodes_net.json --inspection-rate 0.001 --mess-rate 0.002 --algorithm shortest,0.4541015155797781,0,10,9,10,10,3,0,3,10,0,10,10,7,10,1,0,10,0,1,10,10,10,10,3,0,0,10,10,10,0,0,0,10,10,2,0,10,10,10,10,10,10,10,10
project/sim_ext.py --sim-time 0.5 --seq-graph project/file/graph_15_nodes.json --traffic project/file/traffic_15_nodes_net.json --inspection-rate 0.001 --mess-rate 0.002 --algorithm shortest,0.4551314010439059,0,10,10,10,10,0,1,5,10,1,10,10,7,10,2,0,10,1,0,10,10,10,10,1,0,0,10,10,10,2,0,1,10,10,2,0,10,10,10,10,10,10,10,10
project/sim_ext.py --sim-time 0.5 --seq-graph project/file/graph_15_nodes.json --traffic project/file/traffic_15_nodes_net.json --inspection-rate 0.001 --mess-rate 0.002 --algorithm shortest,0.45614911978810047,0,10,10,10,10,0,3,0,10,1,10,10,7,10,3,0,10,3,0,10,10,10,10,2,0,0,10,10,10,0,4,0,10,10,0,0,10,10,10,10,10,10,10,10
project/sim_ext.py --sim-time 0.5 --seq-graph project/file/graph_15_nodes.json --traffic project/file/traffic_15_nodes_net.json --inspection-rate 0.001 --mess-rate 0.002 --algorithm shortest,0.457214999974,0,10,10,10,10,0,5,0,10,1,10,10,8,10,7,0,10,7,0,10,10,10,10,4,0,1,10,10,10,0,5,0,10,10,0,1,10,10,10,10,10,10,10,10
project/sim_ext.py --sim-time 0.5 --seq-graph project/file/graph_15_nodes.json --traffic project/file/traffic_15_nodes_net.json --inspection-rate 0.001 --mess-rate 0.002 --algorithm shortest,0.458247399997,0,10,10,10,10,0,8,0,10,2,10,10,9,10,7,0,10,9,0,10,10,10,10,5,0,2,10,10,10,0,8,0,10,10,0,2,10,10,10,10,10,10,10,10
project/sim_ext.py --sim-time 0.5 --seq-graph project/file/graph_15_nodes.json --traffic project/file/traffic_15_nodes_net.json --inspection-rate 0.001 --mess-rate 0.002 --algorithm shortest,0.4593043167291062,0,10,10,10,10,4,10,0,10,3,10,10,9,10,8,0,10,10,0,10,10,10,10,6,3,0,10,10,10,0,0,0,10,10,0,0,10,10,10,10,10,10,10,10
project/sim_ext.py --sim-time 0.5 --seq-graph project/file/graph_15_nodes.json --traffic project/file/traffic_15_nodes_net.json --inspection-rate 0.001 --mess-rate 0.002 --algorithm shortest,0.46034056930377887,1,10,10,10,10,7,10,0,10,3,10,10,10,10,10,0,10,10,1,10,10,10,10,8,0,0,10,10,10,0,1,0,10,10,1,0,10,10,10,10,10,10,10,10
project/sim_ext.py --sim-time 0.5 --seq-graph project/file/graph_15_nodes.json --traffic project/file/traffic_15_nodes_net.json --inspection-rate 0.001 --mess-rate 0.002 --algorithm shortest,0.461376000001,1,10,10,10,10,10,10,1,10,5,10,10,10,10,10,0,10,10,0,10,10,10,10,10,1,1,10,10,10,1,3,0,10,10,0,0,10,10,10,10,10,10,10,10
project/sim_ext.py --sim-time 0.5 --seq-graph project/file/graph_15_nodes.json --traffic project/file/traffic_15_nodes_net.json --inspection-rate 0.001 --mess-rate 0.002 --algorithm shortest,0.46241000000099997,2,10,10,10,10,10,10,2,10,5,10,10,10,10,10,1,10,10,0,10,10,10,10,10,1,2,10,10,10,2,3,0,10,10,0,0,10,10,10,10,10,10,10,10
project/sim_ext.py --sim-time 0.5 --seq-graph project/file/graph_15_nodes.json --traffic project/file/traffic_15_nodes_net.json --inspection-rate 0.001 --mess-rate 0.002 --algorithm shortest,0.46343832563519044,2,10,10,10,10,10,10,3,10,6,10,10,10,10,10,2,10,10,0,10,10,10,10,10,2,0,10,10,10,3,6,0,10,10,0,0,10,10,10,10,10,10,10,10
project/sim_ext.py --sim-time 0.5 --seq-graph project/file/graph_15_nodes.json --traffic project/file/traffic_15_nodes_net.json --inspection-rate 0.001 --mess-rate 0.002 --algorithm shortest,0.464467000001,4,10,10,10,10,10,10,4,10,6,10,10,10,10,10,2,10,10,1,10,10,10,10,10,4,0,10,10,10,4,7,0,10,10,1,1,10,10,10,10,10,10,10,10
project/sim_ext.py --sim-time 0.5 --seq-graph project/file/graph_15_nodes.json --traffic project/file/traffic_15_nodes_net.json --inspection-rate 0.001 --mess-rate 0.002 --algorithm shortest,0.4655113857211751,4,10,10,10,10,10,10,4,10,6,10,10,10,10,10,3,10,10,3,10,10,10,10,10,5,0,10,10,10,4,10,0,10,10,5,0,10,10,10,10,10,10,10,10
project/sim_ext.py --sim-time 0.5 --seq-graph project/file/graph_15_nodes.json --traffic project/file/traffic_15_nodes_net.json --inspection-rate 0.001 --mess-rate 0.002 --algorithm shortest,0.46652143362100595,4,10,10,10,10,10,10,9,10,6,10,10,10,10,10,3,10,10,3,10,10,10,10,10,5,0,10,10,10,5,10,0,10,10,5,0,10,10,10,10,10,10,10,10
project/sim_ext.py --sim-time 0.5 --seq-graph project/file/graph_15_nodes.json --traffic project/file/traffic_15_nodes_net.json --inspection-rate 0.001 --mess-rate 0.002 --algorithm shortest,0.467551000001,4,10,10,10,10,10,10,10,10,7,10,10,10,10,10,3,10,10,4,10,10,10,10,10,6,0,10,10,10,7,10,1,10,10,5,0,10,10,10,10,10,10,10,10
project/sim_ext.py --sim-time 0.5 --seq-graph project/file/graph_15_nodes.json --traffic project/file/traffic_15_nodes_net.json --inspection-rate 0.001 --mess-rate 0.002 --algorithm shortest,0.46858733319661805,5,10,10,10,10,10,10,10,10,8,10,10,10,10,10,3,10,10,4,10,10,10,10,10,7,0,10,10,10,10,10,0,10,10,0,1,10,10,10,10,10,10,10,10
project/sim_ext.py --sim-time 0.5 --seq-graph project/file/graph_15_nodes.json --traffic project/file/traffic_15_nodes_net.json --inspection-rate 0.001 --mess-rate 0.002 --algorithm shortest,0.46962800000099997,5,10,10,10,10,10,10,10,10,10,10,10,10,10,10,3,10,10,4,10,10,10,10,10,8,0,10,10,10,10,10,0,10,10,0,4,10,10,10,10,10,10,10,10
project/sim_ext.py --sim-time 0.5 --seq-graph project/file/graph_15_nodes.json --traffic project/file/traffic_15_nodes_net.json --inspection-rate 0.001 --mess-rate 0.002 --algorithm shortest,0.470678399997,5,3,0,4,2,0,0,0,2,0,0,1,0,0,0,0,0,1,0,0,10,3,1,0,3,6,0,0,0,0,0,0,1,1,0,6,0,1,0,10,0,0,0,0
project/sim_ext.py --sim-time 0.5 --seq-graph project/file/graph_15_nodes.json --traffic project/file/traffic_15_nodes_net.json --inspection-rate 0.001 --mess-rate 0.002 --algorithm shortest,0.471704000001,0,0,0,0,0,0,0,3,0,0,0,2,0,0,3,0,0,0,2,0,10,0,0,0,0,8,3,0,0,0,0,0,0,0,0,0,0,0,0,10,1,0,1,0
project/sim_ext.py --sim-time 0.5 --seq-graph project/file/graph_15_nodes.json --traffic project/file/traffic_15_nodes_net.json --inspection-rate 0.001 --mess-rate 0.002 --algorithm shortest,0.472777599997,1,4,0,3,1,0,0,0,1,0,3,0,0,0,0,0,0,1,0,0,10,0,3,0,0,0,0,0,0,2,0,3,3,1,0,0,0,2,0,10,0,0,0,1
project/sim_ext.py --sim-time 0.5 --seq-graph project/file/graph_15_nodes.json --traffic project/file/traffic_15_nodes_net.json --inspection-rate 0.001 --mess-rate 0.002 --algorithm shortest,0.4737882316350407,0,10,0,6,0,0,1,0,8,0,0,0,0,0,0,0,1,0,0,0,10,9,10,0,0,0,0,0,0,0,1,0,0,3,2,0,3,0,1,10,0,4,4,0
project/sim_ext.py --sim-time 0.5 --seq-graph project/file/graph_15_nodes.json --traffic project/file/traffic_15_nodes_net.json --inspection-rate 0.001 --mess-rate 0.002 --algorithm shortest,0.4748577763656882,0,10,3,9,0,0,5,0,10,0,1,0,0,1,0,2,0,0,0,1,10,10,10,0,0,0,3,3,0,0,0,0,2,7,0,1,1,2,1,10,7,10,10,5
project/sim_ext.py --sim-time 0.5 --seq-graph project/file/graph_15_nodes.json --traffic project/file/traffic_15_nodes_net.json --inspection-rate 0.001 --mess-rate 0.002 --algorithm shortest,0.4758940187138104,0,10,0,10,0,1,0,1,10,0,0,1,6,5,3,0,0,0,0,0,10,10,10,0,0,0,4,5,3,0,0,0,4,3,0,1,5,10,10,10,10,10,10,10
project/sim_ext.py --sim-time 0.5 --seq-graph project/file/graph_15_nodes.json --traffic project/file/traffic_15_nodes_net.json --inspection-rate 0.001 --mess-rate 0.002 --algorithm shortest,0.4769259789118321,0,10,3,10,1,4,0,0,10,0,0,1,6,5,0,0,1,0,0,0,10,10,10,0,1,0,7,6,7,0,0,0,7,5,1,4,9,10,10,10,10,10,10,10
project/sim_ext.py --sim-time 0.5 --seq-graph project/file/graph_15_nodes.json --traffic project/file/traffic_15_nodes_net.json --inspection-rate 0.001 --mess-rate 0.002 --algorithm shortest,0.477940199997,0,10,6,10,1,6,0,0,10,0,0,3,6,6,0,0,5,1,0,0,10,10,10,0,0,0,7,8,10,0,1,0,8,2,3,5,10,10,10,10,10,10,10,10
project/sim_ext.py --sim-time 0.5 --seq-graph project/file/graph_15_nodes.json --traffic project/file/traffic_15_nodes_net.json --inspection-rate 0.001 --mess-rate 0.002 --algorithm shortest,0.4789754735203292,0,10,1,10,5,0,0,0,10,0,4,4,10,6,0,0,7,0,0,2,10,10,10,4,0,0,8,8,10,0,4,0,9,2,5,6,10,10,10,10,10,10,10,10
project/sim_ext.py --sim-time 0.5 --seq-graph project/file/graph_15_nodes.json --traffic project/file/traffic_15_nodes_net.json --inspection-rate 0.001 --mess-rate 0.002 --algorithm shortest,0.47999806936389106,0,10,0,10,5,0,0,3,10,0,6,6,10,8,0,0,10,5,0,4,0,10,10,0,0,0,10,8,10,0,6,0,10,7,8,8,10,10,10,3,10,10,10,10
project/sim_ext.py --sim-time 0.5 --seq-graph project/file/graph_15_nodes.json --traffic project/file/traffic_15_nodes_net.json --inspection-rate 0.001 --mess-rate 0.002 --algorithm shortest,0.481005799997,0,10,1,10,6,3,0,0,10,0,8,7,10,9,2,0,10,5,2,7,0,10,10,1,0,0,10,10,10,0,5,0,10,10,10,10,10,10,10,10,10,10,10,10
project/sim_ext.py --sim-time 0.5 --seq-graph project/file/graph_15_nodes.json --traffic project/file/traffic_15_nodes_net.json --inspection-rate 0.001 --mess-rate 0.002 --algorithm shortest,0.482039000001,0,10,1,10,10,0,0,0,10,0,10,10,10,9,7,0,10,10,0,9,0,10,10,2,0,0,10,10,10,0,0,0,10,10,10,10,10,10,10,3,10,10,10,10
project/sim_ext.py --sim-time 0.5 --seq-graph project/file/graph_15_nodes.json --traffic project/file/traffic_15_nodes_net.json --inspection-rate 0.001 --mess-rate 0.002 --algorithm shortest,0.4830743183590258,0,10,1,10,10,3,0,3,10,0,10,10,10,9,7,0,10,10,1,10,0,10,10,3,0,0,10,10,10,0,0,0,10,10,10,10,10,10,10,0,10,10,10,10
project/sim_ext.py --sim-time 0.5 --seq-graph project/file/graph_15_nodes.json --traffic project/file/traffic_15_nodes_net.json --inspection-rate 0.001 --mess-rate 0.002 --algorithm shortest,0.48411710272168135,0,10,5,10,10,0,0,0,10,0,10,10,10,9,10,0,10,10,3,10,0,10,10,4,1,0,10,10,10,0,0,0,10,10,10,0,10,10,10,8,10,10,10,10
project/sim_ext.py --sim-time 0.5 --seq-graph project/file/graph_15_nodes.json --traffic project/file/traffic_15_nodes_net.json --inspection-rate 0.001 --mess-rate 0.002 --algorithm shortest,0.4851329307274444,0,10,7,10,10,0,0,0,10,0,10,10,10,10,10,0,10,10,0,10,0,10,10,8,3,0,10,10,10,1,0,0,10,10,10,0,10,10,10,3,10,10,10,10
project/sim_ext.py --sim-time 0.5 --seq-graph project/file/graph_15_nodes.json --traffic project/file/traffic_15_nodes_net.json --inspection-rate 0.001 --mess-rate 0.002 --algorithm shortest,0.48615139999699997,0,10,9,10,10,4,0,3,10,0,10,10,10,10,10,0,10,10,0,10,0,10,10,9,0,0,10,10,10,1,0,0,10,10,10,0,10,10,10,9,10,10,10,10
project/sim_ext.py --sim-time 0.5 --seq-graph project/file/graph_15_nodes.json --traffic project/file/traffic_15_nodes_net.json --inspection-rate 0.001 --mess-rate 0.002 --algorithm shortest,0.487161765449048,0,10,10,10,10,7,0,7,10,0,10,10,10,10,10,0,10,10,0,10,2,10,10,10,0,0,10,10,10,0,0,1,10,10,0,0,10,10,10,10,10,10,10,10
project/sim_ext.py --sim-time 0.5 --seq-graph project/file/graph_15_nodes.json --traffic project/file/traffic_15_nodes_net.json --inspection-rate 0.001 --mess-rate 0.002 --algorithm shortest,0.4881948614878655,0,10,10,10,10,10,2,0,10,1,10,10,10,10,10,0,10,10,0,10,6,10,10,10,2,0,10,10,10,0,1,0,10,10,0,1,10,10,10,10,10,10,10,10
project/sim_ext.py --sim-time 0.5 --seq-graph project/file/graph_15_nodes.json --traffic project/file/traffic_15_nodes_net.json --inspection-rate 0.001 --mess-rate 0.002 --algorithm shortest,0.48921610310267877,0,10,10,10,10,10,3,5,10,4,10,10,10,10,10,0,10,10,0,10,6,10,10,10,2,1,10,10,10,2,2,0,10,10,0,3,10,10,10,10,10,10,10,10
project/sim_ext.py --sim-time 0.5 --seq-graph project/file/graph_15_nodes.json --traffic project/file/traffic_15_nodes_net.json --inspection-rate 0.001 --mess-rate 0.002 --algorithm shortest,0.4902595917970574,0,10,10,10,10,10,6,8,10,5,10,10,10,10,10,0,10,10,0,10,7,10,10,10,5,0,10,10,10,5,3,1,10,10,0,0,10,10,10,10,10,10,10,10
project/sim_ext.py --sim-time 0.5 --seq-graph project/file/graph_15_nodes.json --traffic project/file/traffic_15_nodes_net.json --inspection-rate 0.001 --mess-rate 0.002 --algorithm shortest,0.4913176142395735,0,10,10,10,10,10,10,8,10,5,10,10,10,10,10,0,10,10,0,10,10,10,10,10,5,0,10,10,10,2,5,0,10,10,0,2,10,10,10,10,10,10,10,10
project/sim_ext.py --sim-time 0.5 --seq-graph project/file/graph_15_nodes.json --traffic project/file/traffic_15_nodes_net.json --inspection-rate 0.001 --mess-rate 0.002 --algorithm shortest,0.492378599997,1,10,10,10,10,10,10,9,10,6,10,10,10,10,10,0,10,10,0,10,10,10,10,10,6,0,10,10,10,5,6,0,10,10,0,0,10,10,10,10,10,10,10,10
project/sim_ext.py --sim-time 0.5 --seq-graph project/file/graph_15_nodes.json --traffic project/file/traffic_15_nodes_net.json --inspection-rate 0.001 --mess-rate 0.002 --algorithm shortest,0.493431000001,2,10,10,10,10,10,10,10,10,6,10,10,10,10,10,0,10,10,2,10,10,10,10,10,8,0,10,10,10,5,10,0,10,10,0,0,10,10,10,10,10,10,10,10
project/sim_ext.py --sim-time 0.5 --seq-graph project/file/graph_15_nodes.json --traffic project/file/traffic_15_nodes_net.json --inspection-rate 0.001 --mess-rate 0.002 --algorithm shortest,0.4944593313601243,3,10,10,10,10,10,10,10,10,7,10,10,10,10,10,0,10,10,3,10,10,10,10,10,10,0,10,10,10,8,10,0,10,10,0,0,10,10,10,10,10,10,10,10
project/sim_ext.py --sim-time 0.5 --seq-graph project/file/graph_15_nodes.json --traffic project/file/traffic_15_nodes_net.json --inspection-rate 0.001 --mess-rate 0.002 --algorithm shortest,0.495501799997,3,10,10,10,10,10,10,10,10,8,10,10,10,10,10,0,10,10,5,10,10,10,10,10,10,0,10,10,10,9,10,0,10,10,0,0,10,10,10,10,10,10,10,10
project/sim_ext.py --sim-time 0.5 --seq-graph project/file/graph_15_nodes.json --traffic project/file/traffic_15_nodes_net.json --inspection-rate 0.001 --mess-rate 0.002 --algorithm shortest,0.496531000001,3,10,10,10,10,10,10,10,10,8,10,10,10,10,10,1,10,10,7,10,10,10,10,10,10,0,10,10,10,10,10,1,10,10,0,0,10,10,10,10,10,10,10,10
project/sim_ext.py --sim-time 0.5 --seq-graph project/file/graph_15_nodes.json --traffic project/file/traffic_15_nodes_net.json --inspection-rate 0.001 --mess-rate 0.002 --algorithm shortest,0.49757256356322577,3,10,10,10,10,10,10,10,10,8,10,10,10,10,10,2,10,10,9,10,10,10,10,10,10,0,10,10,10,10,10,0,10,10,0,0,10,10,10,10,10,10,10,10
project/sim_ext.py --sim-time 0.5 --seq-graph project/file/graph_15_nodes.json --traffic project/file/traffic_15_nodes_net.json --inspection-rate 0.001 --mess-rate 0.002 --algorithm shortest,0.4986295210474952,3,10,10,10,10,10,10,10,10,8,10,10,10,10,10,2,10,10,9,10,10,10,10,10,10,1,10,10,10,10,10,0,10,10,0,0,10,10,10,10,10,10,10,10
project/sim_ext.py --sim-time 0.5 --seq-graph project/file/graph_15_nodes.json --traffic project/file/traffic_15_nodes_net.json --inspection-rate 0.001 --mess-rate 0.002 --algorithm shortest,0.499704000001,3,10,10,10,10,10,10,10,10,8,10,10,10,10,10,2,10,10,10,10,10,10,10,10,10,0,10,10,10,10,10,0,10,10,0,0,10,10,10,10,10,10,10,10
