Sim. Command,Time,tr_node0_to_node1,tr_node0_to_node2,tr_node0_to_node3,tr_node0_to_node4,tr_node0_to_node12,tr_node1_to_node0,tr_node1_to_node2,tr_node1_to_node3,tr_node2_to_node0,tr_node2_to_node1,tr_node2_to_node3,tr_node2_to_node5,tr_node2_to_node8,tr_node2_to_node9,tr_node3_to_node0,tr_node3_to_node1,tr_node3_to_node2,tr_node3_to_node4,tr_node3_to_node5,tr_node3_to_node6,tr_node3_to_node10,tr_node3_to_node13,tr_node4_to_node0,tr_node4_to_node3,tr_node4_to_node5,tr_node4_to_node6,tr_node4_to_node7,tr_node4_to_node14,tr_node5_to_node2,tr_node5_to_node3,tr_node5_to_node4,tr_node5_to_node6,tr_node5_to_node11,tr_node6_to_node3,tr_node6_to_node4,tr_node6_to_node5,tr_node7_to_node4,tr_node8_to_node2,tr_node9_to_node2,tr_node10_to_node3,tr_node11_to_node5,tr_node12_to_node0,tr_node13_to_node3,tr_node14_to_node4
project/sim_ext.py --sim-time 0.5 --seq-graph project/file/graph_15_nodes.json --traffic project/file/traffic_15_nodes_net.json --inspection-rate 0.001 --mess-rate 0.002 --algorithm centflow,0.0010089228960053515,0,2,1,5,1,4,3,2,5,0,2,1,0,0,3,1,1,0,1,0,0,0,2,1,0,0,0,0,4,1,3,0,0,4,1,2,7,6,8,10,10,10,8,5
project/sim_ext.py --sim-time 0.5 --seq-graph project/file/graph_15_nodes.json --traffic project/file/traffic_15_nodes_net.json --inspection-rate 0.001 --mess-rate 0.002 --algorithm centflow,0.002097,0,4,4,7,2,8,5,3,9,1,4,2,1,0,3,2,2,0,1,1,0,1,5,2,0,0,0,1,6,2,6,0,1,5,4,5,10,10,10,10,10,10,10,10
project/sim_ext.py --sim-time 0.5 --seq-graph project/file/graph_15_nodes.json --traffic project/file/traffic_15_nodes_net.json --inspection-rate 0.001 --mess-rate 0.002 --algorithm centflow,0.0031969999999999998,0,6,5,7,2,10,7,3,10,1,10,5,1,0,7,2,5,2,2,2,0,2,8,4,0,1,0,2,8,3,8,0,1,10,7,5,10,10,10,10,10,10,10,10
project/sim_ext.py --sim-time 0.5 --seq-graph project/file/graph_15_nodes.json --traffic project/file/traffic_15_nodes_net.json --inspection-rate 0.001 --mess-rate 0.002 --algorithm centflow,0.0042300099569476815,0,8,7,9,2,10,10,4,10,1,10,7,2,2,10,3,7,5,4,2,1,2,10,7,0,2,2,3,10,4,10,0,1,10,9,5,10,10,10,10,10,10,10,10
project/sim_ext.py --sim-time 0.5 --seq-graph project/file/graph_15_nodes.json --traffic project/file/traffic_15_nodes_net.json --inspection-rate 0.001 --mess-rate 0.002 --algorithm centflow,0.005280333479592852,0,8,9,10,4,10,10,6,10,1,10,8,2,2,10,3,9,6,5,4,1,2,10,7,0,3,3,3,10,5,10,0,1,10,10,5,10,10,10,10,10,10,10,10
project/sim_ext.py --sim-time 0.5 --seq-graph project/file/graph_15_nodes.json --traffic project/file/traffic_15_nodes_net.json --inspection-rate 0.001 --mess-rate 0.002 --algorithm centflow,0.0063059553171221985,1,8,10,10,4,10,10,7,10,3,10,8,4,3,10,3,9,8,5,4,1,2,10,10,2,4,4,3,10,8,10,0,1,10,10,5,10,10,10,10,10,10,10,10
project/sim_ext.py --sim-time 0.5 --seq-graph project/file/graph_15_nodes.json --traffic project/file/traffic_15_nodes_net.json --inspection-rate 0.001 --mess-rate 0.002 --algorithm centflow,0.0073452568162649485,3,9,10,10,4,10,10,9,10,3,10,8,4,3,10,3,10,10,5,4,3,3,10,10,4,4,5,6,10,10,10,0,2,10,10,5,10,10,10,10,10,10,10,10
project/sim_ext.py --sim-time 0.5 --seq-graph project/file/graph_15_nodes.json --traffic project/file/traffic_15_nodes_net.json --inspection-rate 0.001 --mess-rate 0.002 --algorithm centflow,0.008436475319958682,4,10,10,10,5,10,10,9,10,3,10,10,5,3,10,5,10,10,6,5,3,4,10,10,7,5,6,7,10,10,10,0,4,10,10,7,10,10,10,10,10,10,10,10
project/sim_ext.py --sim-time 0.5 --seq-graph project/file/graph_15_nodes.json --traffic project/file/traffic_15_nodes_net.json --inspection-rate 0.001 --mess-rate 0.002 --algorithm centflow,0.009482349486228975,4,10,10,10,6,10,10,10,10,3,10,10,6,4,10,6,10,10,8,5,3,4,10,10,7,5,7,8,10,10,10,0,4,10,10,8,10,10,10,10,10,10,10,10
project/sim_ext.py --sim-time 0.5 --seq-graph project/file/graph_15_nodes.json --traffic project/file/traffic_15_nodes_net.json --inspection-rate 0.001 --mess-rate 0.002 --algorithm centflow,0.010526951719987224,4,10,10,10,7,10,10,10,10,4,10,10,7,5,10,6,10,10,9,5,3,4,10,10,7,6,7,9,10,10,10,0,5,10,10,8,10,10,10,10,10,10,10,10
project/sim_ext.py --sim-time 0.5 --seq-graph project/file/graph_15_nodes.json --traffic project/file/traffic_15_nodes_net.json --inspection-rate 0.001 --mess-rate 0.002 --algorithm centflow,0.011575887618286922,5,10,10,10,9,10,10,10,10,4,10,10,7,5,10,6,10,10,10,6,4,4,10,10,8,6,7,9,10,10,10,0,5,10,10,9,10,10,10,10,10,10,10,10
project/sim_ext.py --sim-time 0.5 --seq-graph project/file/graph_15_nodes.json --traffic project/file/traffic_15_nodes_net.json --inspection-rate 0.001 --mess-rate 0.002 --algorithm centflow,0.012629333316219021,5,10,10,10,9,10,10,10,10,4,10,10,8,5,10,7,10,10,10,8,4,4,10,10,10,7,8,9,10,10,10,0,6,10,10,10,10,10,10,10,10,10,10,10
project/sim_ext.py --sim-time 0.5 --seq-graph project/file/graph_15_nodes.json --traffic project/file/traffic_15_nodes_net.json --inspection-rate 0.001 --mess-rate 0.002 --algorithm centflow,0.013669495707600142,6,10,10,10,9,10,10,10,10,4,10,10,8,5,10,8,10,10,10,8,7,5,10,10,10,7,8,9,10,10,10,0,7,10,10,10,10,10,10,10,10,10,10,10
project/sim_ext.py --sim-time 0.5 --seq-graph project/file/graph_15_nodes.json --traffic project/file/traffic_15_nodes_net.json --inspection-rate 0.001 --mess-rate 0.002 --algorithm centflow,0.014687525851945759,6,10,10,10,9,10,10,10,10,5,10,10,8,5,10,9,10,10,10,8,10,5,10,10,10,7,8,9,10,10,10,1,7,10,10,10,10,10,10,10,10,10,10,10
project/sim_ext.py --sim-time 0.5 --seq-graph project/file/graph_15_nodes.json --traffic project/file/traffic_15_nodes_net.json --inspection-rate 0.001 --mess-rate 0.002 --algorithm centflow,0.015776,7,10,10,10,9,10,10,10,10,5,10,10,9,6,10,10,10,10,10,8,10,6,10,10,10,7,8,9,10,10,10,2,7,10,10,10,10,10,10,10,10,10,10,10
project/sim_ext.py --sim-time 0.5 --seq-graph project/file/graph_15_nodes.json --traffic project/file/traffic_15_nodes_net.json --inspection-rate 0.001 --mess-rate 0.002 --algorithm centflow,0.016804235521603362,7,10,10,10,9,10,10,10,10,6,10,10,10,8,10,10,10,10,10,8,10,6,10,10,10,9,8,9,10,10,10,2,7,10,10,10,10,10,10,10,10,10,10,10
project/sim_ext.py --sim-time 0.5 --seq-graph project/file/graph_15_nodes.json --traffic project/file/traffic_15_nodes_net.json --inspection-rate 0.001 --mess-rate 0.002 --algorithm centflow,0.017856,7,10,10,10,9,10,10,10,10,6,10,10,10,8,10,10,10,10,10,8,10,7,10,10,10,9,8,9,10,10,10,2,9,10,10,10,10,10,10,10,10,10,10,10
project/sim_ext.py --sim-time 0.5 --seq-graph project/file/graph_15_nodes.json --traffic project/file/traffic_15_nodes_net.json --inspection-rate 0.001 --mess-rate 0.002 --algorithm centflow,0.018967248559200275,8,10,10,10,10,10,10,10,10,6,10,10,10,8,10,10,10,10,10,8,10,8,10,10,10,9,8,10,10,10,10,2,9,10,10,10,10,10,10,10,10,10,10,10
project/sim_ext.py --sim-time 0.5 --seq-graph project/file/graph_15_nodes.json --traffic project/file/traffic_15_nodes_net.json --inspection-rate 0.001 --mess-rate 0.002 --algorithm centflow,0.020014999999999998,8,10,10,10,10,10,10,10,10,6,10,10,10,8,10,10,10,10,10,9,10,9,10,10,10,9,8,10,10,10,10,2,10,10,10,10,10,10,10,10,10,10,10,10
project/sim_ext.py --sim-time 0.5 --seq-graph project/file/graph_15_nodes.json --traffic project/file/traffic_15_nodes_net.json --inspection-rate 0.001 --mess-rate 0.002 --algorithm centflow,0.021027,9,10,10,10,10,10,10,10,10,7,10,10,10,8,10,10,10,10,10,9,10,9,10,10,10,9,9,10,10,10,10,2,10,10,10,10,10,10,10,10,10,10,10,10
project/sim_ext.py --sim-time 0.5 --seq-graph project/file/graph_15_nodes.json --traffic project/file/traffic_15_nodes_net.json --inspection-rate 0.001 --mess-rate 0.002 --algorithm centflow,0.02206440142969981,10,10,10,10,10,10,10,10,10,7,10,10,10,8,10,10,10,10,10,10,10,10,10,10,10,10,10,10,10,10,10,2,10,10,10,10,10,10,10,10,10,10,10,10
project/sim_ext.py --sim-time 0.5 --seq-graph project/file/graph_15_nodes.json --traffic project/file/traffic_15_nodes_net.json --inspection-rate 0.001 --mess-rate 0.002 --algorithm centflow,0.023073235291422245,10,10,10,10,10,10,10,10,10,7,10,10,10,10,10,10,10,10,10,10,10,10,10,10,10,10,10,10,10,10,10,2,10,10,10,10,10,10,10,10,10,10,10,10
project/sim_ext.py --sim-time 0.5 --seq-graph project/file/graph_15_nodes.json --traffic project/file/traffic_15_nodes_net.json --inspection-rate 0.001 --mess-rate 0.002 --algorithm centflow,0.024110665014386884,10,10,10,10,10,10,10,10,10,7,10,10,10,10,10,10,10,10,10,10,10,10,10,10,10,10,10,10,10,10,10,2,10,10,10,10,10,10,10,10,10,10,10,10
project/sim_ext.py --sim-time 0.5 --seq-graph project/file/graph_15_nodes.json --traffic project/file/traffic_15_nodes_net.json --inspection-rate 0.001 --mess-rate 0.002 --algorithm centflow,0.025123953943379403,10,10,10,10,10,10,10,10,10,7,10,10,10,10,10,10,10,10,10,10,10,10,10,10,10,10,10,10,10,10,10,3,10,10,10,10,10,10,10,10,10,10,10,10
project/sim_ext.py --sim-time 0.5 --seq-graph project/file/graph_15_nodes.json --traffic project/file/traffic_15_nodes_net.json --inspection-rate 0.001 --mess-rate 0.002 --algorithm centflow,0.026158,10,10,10,10,10,10,10,10,10,7,10,10,10,10,10,10,10,10,10,10,10,10,10,10,10,10,10,10,10,10,10,3,10,10,10,10,10,10,10,10,10,10,10,10
project/sim_ext.py --sim-time 0.5 --seq-graph project/file/graph_15_nodes.json --traffic project/file/traffic_15_nodes_net.json --inspection-rate 0.001 --mess-rate 0.002 --algorithm centflow,0.027202,10,10,10,10,10,10,10,10,10,8,10,10,10,10,10,10,10,10,10,10,10,10,10,10,10,10,10,10,10,10,10,4,10,10,10,10,10,10,10,10,10,10,10,10
project/sim_ext.py --sim-time 0.5 --seq-graph project/file/graph_15_nodes.json --traffic project/file/traffic_15_nodes_net.json --inspection-rate 0.001 --mess-rate 0.002 --algorithm centflow,0.02822984803184608,10,10,10,10,10,10,10,10,10,10,10,10,10,10,10,10,10,10,10,10,10,10,10,10,10,10,10,10,10,10,10,5,10,10,10,10,10,10,10,10,10,10,10,10
project/sim_ext.py --sim-time 0.5 --seq-graph project/file/graph_15_nodes.json --traffic project/file/traffic_15_nodes_net.json --inspection-rate 0.001 --mess-rate 0.002 --algorithm centflow,0.02930925378789313,10,10,10,10,10,10,10,10,10,10,10,10,10,10,10,10,10,10,10,10,10,10,10,10,10,10,10,10,10,10,10,6,10,10,10,10,10,10,10,10,10,10,10,10
project/sim_ext.py --sim-time 0.5 --seq-graph project/file/graph_15_nodes.json --traffic project/file/traffic_15_nodes_net.json --inspection-rate 0.001 --mess-rate 0.002 --algorithm centflow,0.030377601528694752,10,10,10,10,10,10,10,10,10,10,10,10,10,10,10,10,10,10,10,10,10,10,10,10,10,10,10,10,10,10,10,8,10,10,10,10,10,10,10,10,10,10,10,10
project/sim_ext.py --sim-time 0.5 --seq-graph project/file/graph_15_nodes.json --traffic project/file/traffic_15_nodes_net.json --inspection-rate 0.001 --mess-rate 0.002 --algorithm centflow,0.03142197181682401,10,10,10,10,10,10,10,10,10,10,10,10,10,10,10,10,10,10,10,10,10,10,10,10,10,10,10,10,10,10,10,8,10,10,10,10,10,10,10,10,10,10,10,10
project/sim_ext.py --sim-time 0.5 --seq-graph project/file/graph_15_nodes.json --traffic project/file/traffic_15_nodes_net.json --inspection-rate 0.001 --mess-rate 0.002 --algorithm centflow,0.032438295354100845,10,10,10,10,10,10,10,10,10,10,10,10,10,10,10,10,10,10,10,10,10,10,10,10,10,10,10,10,10,10,10,8,10,10,10,10,10,10,10,10,10,10,10,10
project/sim_ext.py --sim-time 0.5 --seq-graph project/file/graph_15_nodes.json --traffic project/file/traffic_15_nodes_net.json --inspection-rate 0.001 --mess-rate 0.002 --algorithm centflow,0.033486999999999996,10,10,10,10,10,10,10,10,10,10,10,10,10,10,10,10,10,10,10,10,10,10,10,10,10,10,10,10,10,10,10,8,10,10,10,10,10,10,10,10,10,10,10,10
project/sim_ext.py --sim-time 0.5 --seq-graph project/file/graph_15_nodes.json --traffic project/file/traffic_15_nodes_net.json --inspection-rate 0.001 --mess-rate 0.002 --algorithm centflow,0.03454814259045451,10,10,10,10,10,10,10,10,10,10,10,10,10,10,10,10,10,10,10,10,10,10,10,10,10,10,10,10,10,10,10,8,10,10,10,10,10,10,10,10,10,10,10,10
project/sim_ext.py --sim-time 0.5 --seq-graph project/file/graph_15_nodes.json --traffic project/file/traffic_15_nodes_net.json --inspection-rate 0.001 --mess-rate 0.002 --algorithm centflow,0.035567,10,10,10,10,10,10,10,10,10,10,10,10,10,10,10,10,10,10,10,10,10,10,10,10,10,10,10,10,10,10,10,8,10,10,10,10,10,10,10,10,10,10,10,10
project/sim_ext.py --sim-time 0.5 --seq-graph project/file/graph_15_nodes.json --traffic project/file/traffic_15_nodes_net.json --inspection-rate 0.001 --mess-rate 0.002 --algorithm centflow,0.03657860664924612,10,10,10,10,10,10,10,10,10,10,10,10,10,10,10,10,10,10,10,10,10,10,10,10,10,10,10,10,10,10,10,8,10,10,10,10,10,10,10,10,10,10,10,10
project/sim_ext.py --sim-time 0.5 --seq-graph project/file/graph_15_nodes.json --traffic project/file/traffic_15_nodes_net.json --inspection-rate 0.001 --mess-rate 0.002 --algorithm centflow,0.03763230953925772,10,10,10,10,10,10,10,10,10,10,10,10,10,10,10,10,10,10,10,10,10,10,10,10,10,10,10,10,10,10,10,8,10,10,10,10,10,10,10,10,10,10,10,10
project/sim_ext.py --sim-time 0.5 --seq-graph project/file/graph_15_nodes.json --traffic project/file/traffic_15_nodes_net.json --inspection-rate 0.001 --mess-rate 0.002 --algorithm centflow,0.0386854249986414,10,10,10,10,10,10,10,10,10,10,10,10,10,10,10,10,10,10,10,10,10,10,10,10,10,10,10,10,10,10,10,8,10,10,10,10,10,10,10,10,10,10,10,10
project/sim_ext.py --sim-time 0.5 --seq-graph project/file/graph_15_nodes.json --traffic project/file/traffic_15_nodes_net.json --inspection-rate 0.001 --mess-rate 0.002 --algorithm centflow,0.0397049221034851,10,10,10,10,10,10,10,10,10,10,10,10,10,10,10,10,10,10,10,10,10,10,10,10,10,10,10,10,10,10,10,8,10,10,10,10,10,10,10,10,10,10,10,10
project/sim_ext.py --sim-time 0.5 --seq-graph project/file/graph_15_nodes.json --traffic project/file/traffic_15_nodes_net.json --inspection-rate 0.001 --mess-rate 0.002 --algorithm centflow,0.04074983024911886,10,10,10,10,10,10,10,10,10,10,10,10,10,10,10,10,10,10,10,10,10,10,10,10,10,10,10,10,10,10,10,8,10,10,10,10,10,10,10,10,10,10,10,10
project/sim_ext.py --sim-time 0.5 --seq-graph project/file/graph_15_nodes.json --traffic project/file/traffic_15_nodes_net.json --inspection-rate 0.001 --mess-rate 0.002 --algorithm centflow,0.041815,10,10,10,10,10,10,10,10,10,10,10,10,10,10,10,10,10,10,10,10,10,10,10,10,10,10,10,10,10,10,10,8,10,10,10,10,10,10,10,10,10,10,10,10
project/sim_ext.py --sim-time 0.5 --seq-graph project/file/graph_15_nodes.json --traffic project/file/traffic_15_nodes_net.json --inspection-rate 0.001 --mess-rate 0.002 --algorithm centflow,0.0428859887988884,10,10,10,10,10,10,10,10,10,10,10,10,10,10,10,10,10,10,10,10,10,10,10,10,10,10,10,10,10,10,10,8,10,10,10,10,10,10,10,10,10,10,10,10
project/sim_ext.py --sim-time 0.5 --seq-graph project/file/graph_15_nodes.json --traffic project/file/traffic_15_nodes_net.json --inspection-rate 0.001 --mess-rate 0.002 --algorithm centflow,0.043933079024590746,10,10,10,10,10,10,10,10,10,10,10,10,10,10,10,10,10,10,10,10,10,10,10,10,10,10,10,10,10,10,10,9,10,10,10,10,10,10,10,10,10,10,10,10
project/sim_ext.py --sim-time 0.5 --seq-graph project/file/graph_15_nodes.json --traffic project/file/traffic_15_nodes_net.json --inspection-rate 0.001 --mess-rate 0.002 --algorithm centflow,0.044966,10,10,10,10,10,10,10,10,10,10,10,10,10,10,10,10,10,10,10,10,10,10,10,10,10,10,10,10,10,10,10,10,10,10,10,10,10,10,10,10,10,10,10,10
project/sim_ext.py --sim-time 0.5 --seq-graph project/file/graph_15_nodes.json --traffic project/file/traffic_15_nodes_net.json --inspection-rate 0.001 --mess-rate 0.002 --algorithm centflow,0.046003999999999996,10,10,10,10,10,10,10,10,10,10,10,10,10,10,10,10,10,10,10,10,10,10,10,10,10,10,10,10,10,10,10,10,10,10,10,10,10,10,10,10,10,10,10,10
project/sim_ext.py --sim-time 0.5 --seq-graph project/file/graph_15_nodes.json --traffic project/file/traffic_15_nodes_net.json --inspection-rate 0.001 --mess-rate 0.002 --algorithm centflow,0.04708,10,10,10,10,10,10,10,10,10,10,10,10,10,10,10,10,10,10,10,10,10,10,10,10,10,10,10,10,10,10,10,10,10,10,10,10,10,10,10,10,10,10,10,10
project/sim_ext.py --sim-time 0.5 --seq-graph project/file/graph_15_nodes.json --traffic project/file/traffic_15_nodes_net.json --inspection-rate 0.001 --mess-rate 0.002 --algorithm centflow,0.0481152588249176,10,10,10,10,10,10,10,10,10,10,10,10,10,10,10,10,10,10,10,10,10,10,10,10,10,10,10,10,10,10,10,10,10,10,10,10,10,10,10,10,10,10,10,10
project/sim_ext.py --sim-time 0.5 --seq-graph project/file/graph_15_nodes.json --traffic project/file/traffic_15_nodes_net.json --inspection-rate 0.001 --mess-rate 0.002 --algorithm centflow,0.04914971105335461,10,10,10,10,10,10,10,10,10,10,10,10,10,10,10,10,10,10,10,10,10,10,10,10,10,10,10,10,10,10,10,10,10,10,10,10,10,10,10,10,10,10,10,10
project/sim_ext.py --sim-time 0.5 --seq-graph project/file/graph_15_nodes.json --traffic project/file/traffic_15_nodes_net.json --inspection-rate 0.001 --mess-rate 0.002 --algorithm centflow,0.050170159541287396,10,10,10,10,10,10,10,10,10,10,10,10,10,10,10,10,10,10,10,10,10,10,10,10,10,10,10,10,10,10,10,10,10,10,10,10,10,10,10,10,10,10,10,10
project/sim_ext.py --sim-time 0.5 --seq-graph project/file/graph_15_nodes.json --traffic project/file/traffic_15_nodes_net.json --inspection-rate 0.001 --mess-rate 0.002 --algorithm centflow,0.051264962368853424,10,10,10,10,10,10,10,10,10,10,10,10,10,10,10,10,10,10,10,10,10,10,10,10,10,10,10,10,10,10,10,10,10,10,10,10,10,10,10,10,10,10,10,10
project/sim_ext.py --sim-time 0.5 --seq-graph project/file/graph_15_nodes.json --traffic project/file/traffic_15_nodes_net.json --inspection-rate 0.001 --mess-rate 0.002 --algorithm centflow,0.052314288178349974,10,10,10,10,10,10,10,10,10,10,10,10,10,10,10,10,10,10,10,10,10,10,10,10,10,10,10,10,10,10,10,10,10,10,10,10,10,10,10,10,10,10,10,10
project/sim_ext.py --sim-time 0.5 --seq-graph project/file/graph_15_nodes.json --traffic project/file/traffic_15_nodes_net.json --inspection-rate 0.001 --mess-rate 0.002 --algorithm centflow,0.05333747510336922,10,10,10,10,10,10,10,10,10,10,10,10,10,10,10,10,10,10,10,10,10,10,10,10,10,10,10,10,10,10,10,10,10,10,10,10,10,10,10,10,10,10,10,10
project/sim_ext.py --sim-time 0.5 --seq-graph project/file/graph_15_nodes.json --traffic project/file/traffic_15_nodes_net.json --inspection-rate 0.001 --mess-rate 0.002 --algorithm centflow,0.05437676905646902,10,10,10,10,10,10,10,10,10,10,10,10,10,10,10,10,10,10,10,10,10,10,10,10,10,10,10,10,10,10,10,10,10,10,10,10,10,10,10,10,10,10,10,10
project/sim_ext.py --sim-time 0.5 --seq-graph project/file/graph_15_nodes.json --traffic project/file/traffic_15_nodes_net.json --inspection-rate 0.001 --mess-rate 0.002 --algorithm centflow,0.05540033690199762,10,10,10,10,10,10,10,10,10,10,10,10,10,10,10,10,10,10,10,10,10,10,10,10,10,10,10,10,10,10,10,10,10,10,10,10,10,10,10,10,10,10,10,10
project/sim_ext.py --sim-time 0.5 --seq-graph project/file/graph_15_nodes.json --traffic project/file/traffic_15_nodes_net.json --inspection-rate 0.001 --mess-rate 0.002 --algorithm centflow,0.05644739456177632,10,10,10,10,10,10,10,10,10,10,10,10,10,10,10,10,10,10,10,10,10,10,10,10,10,10,10,10,10,10,10,10,10,10,10,10,10,10,10,10,10,10,10,10
project/sim_ext.py --sim-time 0.5 --seq-graph project/file/graph_15_nodes.json --traffic project/file/traffic_15_nodes_net.json --inspection-rate 0.001 --mess-rate 0.002 --algorithm centflow,0.05744973245461543,10,10,10,10,10,10,10,10,10,10,10,10,10,10,10,10,10,10,10,10,10,10,10,10,10,10,10,10,10,10,10,10,10,10,10,10,10,10,10,10,10,10,10,10
project/sim_ext.py --sim-time 0.5 --seq-graph project/file/graph_15_nodes.json --traffic project/file/traffic_15_nodes_net.json --inspection-rate 0.001 --mess-rate 0.002 --algorithm centflow,0.058476469322071505,10,10,10,10,10,10,10,10,10,10,10,10,10,10,10,10,10,10,10,10,10,10,10,10,10,10,10,10,10,10,10,10,10,10,10,10,10,10,10,10,10,10,10,10
project/sim_ext.py --sim-time 0.5 --seq-graph project/file/graph_15_nodes.json --traffic project/file/traffic_15_nodes_net.json --inspection-rate 0.001 --mess-rate 0.002 --algorithm centflow,0.059489337527882956,10,10,10,10,10,10,10,10,10,10,10,10,10,10,10,10,10,10,10,10,10,10,10,10,10,10,10,10,10,10,10,10,10,10,10,10,10,10,10,10,10,10,10,10
project/sim_ext.py --sim-time 0.5 --seq-graph project/file/graph_15_nodes.json --traffic project/file/traffic_15_nodes_net.json --inspection-rate 0.001 --mess-rate 0.002 --algorithm centflow,0.060529120705640475,10,10,10,10,10,10,10,10,10,10,10,10,10,10,10,10,10,10,10,10,10,10,10,10,10,10,10,10,10,10,10,10,10,10,10,10,10,10,10,10,10,10,10,10
project/sim_ext.py --sim-time 0.5 --seq-graph project/file/graph_15_nodes.json --traffic project/file/traffic_15_nodes_net.json --inspection-rate 0.001 --mess-rate 0.002 --algorithm centflow,0.061551000001,10,10,10,10,10,10,10,10,10,10,10,10,10,10,10,10,10,10,10,10,10,10,10,10,10,10,10,10,10,10,10,10,10,10,10,10,10,10,10,10,10,10,10,10
project/sim_ext.py --sim-time 0.5 --seq-graph project/file/graph_15_nodes.json --traffic project/file/traffic_15_nodes_net.json --inspection-rate 0.001 --mess-rate 0.002 --algorithm centflow,0.062595000001,10,10,10,10,10,10,10,10,10,10,10,10,10,10,10,10,10,10,10,10,10,10,10,10,10,10,10,10,10,10,10,10,10,10,10,10,10,10,10,10,10,10,10,10
project/sim_ext.py --sim-time 0.5 --seq-graph project/file/graph_15_nodes.json --traffic project/file/traffic_15_nodes_net.json --inspection-rate 0.001 --mess-rate 0.002 --algorithm centflow,0.06365320969612794,10,10,10,10,10,10,10,10,10,10,10,10,10,10,10,10,10,10,10,10,10,10,10,10,10,10,10,10,10,10,10,10,10,10,10,10,10,10,10,10,10,10,10,10
project/sim_ext.py --sim-time 0.5 --seq-graph project/file/graph_15_nodes.json --traffic project/file/traffic_15_nodes_net.json --inspection-rate 0.001 --mess-rate 0.002 --algorithm centflow,0.064699000001,10,10,10,10,10,10,10,10,10,10,10,10,10,10,10,10,10,10,10,10,10,10,10,10,10,10,10,10,10,10,10,10,10,10,10,10,10,10,10,10,10,10,10,10
project/sim_ext.py --sim-time 0.5 --seq-graph project/file/graph_15_nodes.json --traffic project/file/traffic_15_nodes_net.json --inspection-rate 0.001 --mess-rate 0.002 --algorithm centflow,0.06580300000099999,10,10,10,10,10,10,10,10,10,10,10,10,10,10,10,10,10,10,10,10,10,10,10,10,10,10,10,10,10,10,10,10,10,10,10,10,10,10,10,10,10,10,10,10
project/sim_ext.py --sim-time 0.5 --seq-graph project/file/graph_15_nodes.json --traffic project/file/traffic_15_nodes_net.json --inspection-rate 0.001 --mess-rate 0.002 --algorithm centflow,0.06682166988851455,10,10,10,10,10,10,10,10,10,10,10,10,10,10,10,10,10,10,10,10,10,10,10,10,10,10,10,10,10,10,10,10,10,10,10,10,10,10,10,10,10,10,10,10
project/sim_ext.py --sim-time 0.5 --seq-graph project/file/graph_15_nodes.json --traffic project/file/traffic_15_nodes_net.json --inspection-rate 0.001 --mess-rate 0.002 --algorithm centflow,0.067863000001,10,10,10,10,10,10,10,10,10,10,10,10,10,10,10,10,10,10,10,10,10,10,10,10,10,10,10,10,10,10,10,10,10,10,10,10,10,10,10,10,10,10,10,10
project/sim_ext.py --sim-time 0.5 --seq-graph project/file/graph_15_nodes.json --traffic project/file/traffic_15_nodes_net.json --inspection-rate 0.001 --mess-rate 0.002 --algorithm centflow,0.06888643851286501,10,10,10,10,10,10,10,10,10,10,10,10,10,10,10,10,10,10,10,10,10,10,10,10,10,10,10,10,10,10,10,10,10,10,10,10,10,10,10,10,10,10,10,10
project/sim_ext.py --sim-time 0.5 --seq-graph project/file/graph_15_nodes.json --traffic project/file/traffic_15_nodes_net.json --inspection-rate 0.001 --mess-rate 0.002 --algorithm centflow,0.0699014297438639,10,10,10,10,10,10,10,10,10,10,10,10,10,10,10,10,10,10,10,10,10,10,10,10,10,10,10,10,10,10,10,10,10,10,10,10,10,10,10,10,10,10,10,10
project/sim_ext.py --sim-time 0.5 --seq-graph project/file/graph_15_nodes.json --traffic project/file/traffic_15_nodes_net.json --inspection-rate 0.001 --mess-rate 0.002 --algorithm centflow,0.07094777491421825,10,10,10,10,10,10,10,10,10,10,10,10,10,10,10,10,10,10,10,10,10,10,10,10,10,10,10,10,10,10,10,10,10,10,10,10,10,10,10,10,10,10,10,10
project/sim_ext.py --sim-time 0.5 --seq-graph project/file/graph_15_nodes.json --traffic project/file/traffic_15_nodes_net.json --inspection-rate 0.001 --mess-rate 0.002 --algorithm centflow,0.07199265202537464,10,10,10,10,10,10,10,10,10,10,10,10,10,10,10,10,10,10,10,10,10,10,10,10,10,10,10,10,10,10,10,10,10,10,10,10,10,10,10,10,10,10,10,10
project/sim_ext.py --sim-time 0.5 --seq-graph project/file/graph_15_nodes.json --traffic project/file/traffic_15_nodes_net.json --inspection-rate 0.001 --mess-rate 0.002 --algorithm centflow,0.073028000001,10,10,10,10,10,10,10,10,10,10,10,10,10,10,10,10,10,10,10,10,10,10,10,10,10,10,10,10,10,10,10,10,10,10,10,10,10,10,10,10,10,10,10,10
project/sim_ext.py --sim-time 0.5 --seq-graph project/file/graph_15_nodes.json --traffic project/file/traffic_15_nodes_net.json --inspection-rate 0.001 --mess-rate 0.002 --algorithm centflow,0.07404100413487968,10,10,10,10,10,10,10,10,10,10,10,10,10,10,10,10,10,10,10,10,10,10,10,10,10,10,10,10,10,10,10,10,10,10,10,10,10,10,10,10,10,10,10,10
project/sim_ext.py --sim-time 0.5 --seq-graph project/file/graph_15_nodes.json --traffic project/file/traffic_15_nodes_net.json --inspection-rate 0.001 --mess-rate 0.002 --algorithm centflow,0.07507316127251917,10,10,10,10,10,10,10,10,10,10,10,10,10,10,10,10,10,10,10,10,10,10,10,10,10,10,10,10,10,10,10,10,10,10,10,10,10,10,10,10,10,10,10,10
project/sim_ext.py --sim-time 0.5 --seq-graph project/file/graph_15_nodes.json --traffic project/file/traffic_15_nodes_net.json --inspection-rate 0.001 --mess-rate 0.002 --algorithm centflow,0.07615327793760847,10,10,10,10,10,10,10,10,10,10,10,10,10,10,10,10,10,10,10,10,10,10,10,10,10,10,10,10,10,10,10,10,10,10,10,10,10,10,10,10,10,10,10,10
project/sim_ext.py --sim-time 0.5 --seq-graph project/file/graph_15_nodes.json --traffic project/file/traffic_15_nodes_net.json --inspection-rate 0.001 --mess-rate 0.002 --algorithm centflow,0.07718200000099999,10,10,10,10,10,10,10,10,10,10,10,10,10,10,10,10,10,10,10,10,10,10,10,10,10,10,10,10,10,10,10,10,10,10,10,10,10,10,10,10,10,10,10,10
project/sim_ext.py --sim-time 0.5 --seq-graph project/file/graph_15_nodes.json --traffic project/file/traffic_15_nodes_net.json --inspection-rate 0.001 --mess-rate 0.002 --algorithm centflow,0.078211000001,10,10,10,10,10,10,10,10,10,10,10,10,10,10,10,10,10,10,10,10,10,10,10,10,10,10,10,10,10,10,10,10,10,10,10,10,10,10,10,10,10,10,10,10
project/sim_ext.py --sim-time 0.5 --seq-graph project/file/graph_15_nodes.json --traffic project/file/traffic_15_nodes_net.json --inspection-rate 0.001 --mess-rate 0.002 --algorithm centflow,0.0792526856728421,10,10,10,10,10,10,10,10,10,10,10,10,10,10,10,10,10,10,10,10,10,10,10,10,10,10,10,10,10,10,10,10,10,10,10,10,10,10,10,10,10,10,10,10
project/sim_ext.py --sim-time 0.5 --seq-graph project/file/graph_15_nodes.json --traffic project/file/traffic_15_nodes_net.json --inspection-rate 0.001 --mess-rate 0.002 --algorithm centflow,0.08026506369804427,10,10,10,10,10,10,10,10,10,10,10,10,10,10,10,10,10,10,10,10,10,10,10,10,10,10,10,10,10,10,10,10,10,10,10,10,10,10,10,10,10,10,10,10
project/sim_ext.py --sim-time 0.5 --seq-graph project/file/graph_15_nodes.json --traffic project/file/traffic_15_nodes_net.json --inspection-rate 0.001 --mess-rate 0.002 --algorithm centflow,0.081320000001,10,10,10,10,10,10,10,10,10,10,10,10,10,10,10,10,10,10,10,10,10,10,10,10,10,10,10,10,10,10,10,10,10,10,10,10,10,10,10,10,10,10,10,10
project/sim_ext.py --sim-time 0.5 --seq-graph project/file/graph_15_nodes.json --traffic project/file/traffic_15_nodes_net.json --inspection-rate 0.001 --mess-rate 0.002 --algorithm centflow,0.082343000001,10,10,10,10,10,10,10,10,10,10,10,10,10,10,10,10,10,10,10,10,10,10,10,10,10,10,10,10,10,10,10,10,10,10,10,10,10,10,10,10,10,10,10,10
project/sim_ext.py --sim-time 0.5 --seq-graph project/file/graph_15_nodes.json --traffic project/file/traffic_15_nodes_net.json --inspection-rate 0.001 --mess-rate 0.002 --algorithm centflow,0.08339800111981806,10,10,10,10,10,10,10,10,10,10,10,10,10,10,10,10,10,10,10,10,10,10,10,10,10,10,10,10,10,10,10,10,10,10,10,10,10,10,10,10,10,10,10,10
project/sim_ext.py --sim-time 0.5 --seq-graph project/file/graph_15_nodes.json --traffic project/file/traffic_15_nodes_net.json --inspection-rate 0.001 --mess-rate 0.002 --algorithm centflow,0.08444526318000035,10,10,10,10,10,10,10,10,10,10,10,10,10,10,10,10,10,10,10,10,10,10,10,10,10,10,10,10,10,10,10,10,10,10,10,10,10,10,10,10,10,10,10,10
project/sim_ext.py --sim-time 0.5 --seq-graph project/file/graph_15_nodes.json --traffic project/file/traffic_15_nodes_net.json --inspection-rate 0.001 --mess-rate 0.002 --algorithm centflow,0.08547391244844703,10,10,10,10,10,10,10,10,10,10,10,10,10,10,10,10,10,10,10,10,10,10,10,10,10,10,10,10,10,10,10,10,10,10,10,10,10,10,10,10,10,10,10,10
project/sim_ext.py --sim-time 0.5 --seq-graph project/file/graph_15_nodes.json --traffic project/file/traffic_15_nodes_net.json --inspection-rate 0.001 --mess-rate 0.002 --algorithm centflow,0.08650061357246103,10,10,10,10,10,10,10,10,10,10,10,10,10,10,10,10,10,10,10,10,10,10,10,10,10,10,10,10,10,10,10,10,10,10,10,10,10,10,10,10,10,10,10,10
project/sim_ext.py --sim-time 0.5 --seq-graph project/file/graph_15_nodes.json --traffic project/file/traffic_15_nodes_net.json --inspection-rate 0.001 --mess-rate 0.002 --algorithm centflow,0.08756042858165448,10,10,10,10,10,10,10,10,10,10,10,10,10,10,10,10,10,10,10,10,10,10,10,10,10,10,10,10,10,10,10,10,10,10,10,10,10,10,10,10,10,10,10,10
project/sim_ext.py --sim-time 0.5 --seq-graph project/file/graph_15_nodes.json --traffic project/file/traffic_15_nodes_net.json --inspection-rate 0.001 --mess-rate 0.002 --algorithm centflow,0.08858454868558767,10,10,10,10,10,10,10,10,10,10,10,10,10,10,10,10,10,10,10,10,10,10,10,10,10,10,10,10,10,10,10,10,10,10,10,10,10,10,10,10,10,10,10,10
project/sim_ext.py --sim-time 0.5 --seq-graph project/file/graph_15_nodes.json --traffic project/file/traffic_15_nodes_net.json --inspection-rate 0.001 --mess-rate 0.002 --algorithm centflow,0.08962523926151122,10,10,10,10,10,10,10,10,10,10,10,10,10,10,10,10,10,10,10,10,10,10,10,10,10,10,10,10,10,10,10,10,10,10,10,10,10,10,10,10,10,10,10,10
project/sim_ext.py --sim-time 0.5 --seq-graph project/file/graph_15_nodes.json --traffic project/file/traffic_15_nodes_net.json --inspection-rate 0.001 --mess-rate 0.002 --algorithm centflow,0.090651000001,10,10,10,10,10,10,10,10,10,10,10,10,10,10,10,10,10,10,10,10,10,10,10,10,10,10,10,10,10,10,10,10,10,10,10,10,10,10,10,10,10,10,10,10
project/sim_ext.py --sim-time 0.5 --seq-graph project/file/graph_15_nodes.json --traffic project/file/traffic_15_nodes_net.json --inspection-rate 0.001 --mess-rate 0.002 --algorithm centflow,0.091683199997,0,6,0,4,1,0,0,0,5,0,0,6,2,2,0,0,0,0,0,0,10,6,6,0,0,1,2,5,4,0,0,0,7,0,0,0,1,0,0,10,1,0,0,0
project/sim_ext.py --sim-time 0.5 --seq-graph project/file/graph_15_nodes.json --traffic project/file/traffic_15_nodes_net.json --inspection-rate 0.001 --mess-rate 0.002 --algorithm centflow,0.092700799997,0,1,0,0,0,0,5,0,0,0,0,0,0,1,0,0,1,3,0,0,10,1,1,0,0,0,0,0,5,0,0,0,0,0,3,0,5,8,0,10,2,2,0,4
project/sim_ext.py --sim-time 0.5 --seq-graph project/file/graph_15_nodes.json --traffic project/file/traffic_15_nodes_net.json --inspection-rate 0.001 --mess-rate 0.002 --algorithm centflow,0.093741799997,0,4,0,2,0,0,1,0,4,0,0,0,0,0,1,1,0,1,0,0,10,0,3,0,0,0,7,0,1,1,0,0,0,2,0,0,0,0,0,10,1,1,1,0
project/sim_ext.py --sim-time 0.5 --seq-graph project/file/graph_15_nodes.json --traffic project/file/traffic_15_nodes_net.json --inspection-rate 0.001 --mess-rate 0.002 --algorithm centflow,0.09477700000099999,0,10,2,7,0,4,2,2,10,0,0,0,0,0,0,0,0,2,0,0,10,0,6,0,0,1,0,1,0,0,0,0,1,7,0,1,0,3,0,10,6,3,2,9
project/sim_ext.py --sim-time 0.5 --seq-graph project/file/graph_15_nodes.json --traffic project/file/traffic_15_nodes_net.json --inspection-rate 0.001 --mess-rate 0.002 --algorithm centflow,0.095881599997,0,10,6,7,0,6,7,0,10,0,0,0,0,1,2,0,0,0,0,0,10,9,10,0,0,0,1,5,2,0,0,0,2,2,0,2,0,8,7,10,10,5,10,10
project/sim_ext.py --sim-time 0.5 --seq-graph project/file/graph_15_nodes.json --traffic project/file/traffic_15_nodes_net.json --inspection-rate 0.001 --mess-rate 0.002 --algorithm centflow,0.09690527272612527,0,10,0,9,4,10,0,0,10,1,0,9,2,3,1,2,0,0,0,0,10,10,10,1,0,0,0,6,4,0,1,0,6,0,0,2,0,5,10,10,10,10,10,10
project/sim_ext.py --sim-time 0.5 --seq-graph project/file/graph_15_nodes.json --traffic project/file/traffic_15_nodes_net.json --inspection-rate 0.001 --mess-rate 0.002 --algorithm centflow,0.09796206557222839,0,10,0,10,6,10,1,0,10,0,0,10,3,5,1,1,0,1,0,0,10,10,10,1,0,0,1,7,6,0,3,0,6,0,2,3,10,10,10,10,10,10,10,10
project/sim_ext.py --sim-time 0.5 --seq-graph project/file/graph_15_nodes.json --traffic project/file/traffic_15_nodes_net.json --inspection-rate 0.001 --mess-rate 0.002 --algorithm centflow,0.09899205912582493,0,10,2,10,10,0,3,0,10,0,1,10,3,8,0,0,0,0,0,0,10,10,10,0,0,0,4,10,9,0,0,0,8,1,3,4,10,10,10,10,10,10,10,10
project/sim_ext.py --sim-time 0.5 --seq-graph project/file/graph_15_nodes.json --traffic project/file/traffic_15_nodes_net.json --inspection-rate 0.001 --mess-rate 0.002 --algorithm centflow,0.10002246369597764,0,10,4,10,10,0,5,1,10,0,0,10,4,9,1,0,0,0,0,0,10,10,10,1,0,0,5,10,9,0,0,0,8,5,3,0,10,10,10,10,10,10,10,10
project/sim_ext.py --sim-time 0.5 --seq-graph project/file/graph_15_nodes.json --traffic project/file/traffic_15_nodes_net.json --inspection-rate 0.001 --mess-rate 0.002 --algorithm centflow,0.10105601534767626,0,10,8,10,10,0,0,0,10,0,5,10,6,10,2,0,1,0,0,0,10,10,10,4,0,0,6,10,10,0,1,0,10,9,0,0,10,10,10,10,10,10,10,10
project/sim_ext.py --sim-time 0.5 --seq-graph project/file/graph_15_nodes.json --traffic project/file/traffic_15_nodes_net.json --inspection-rate 0.001 --mess-rate 0.002 --algorithm centflow,0.102095999997,0,10,9,10,10,0,0,0,10,0,7,10,7,10,4,0,1,2,1,0,10,10,10,0,0,1,6,10,10,0,2,2,10,10,0,0,10,10,10,10,10,10,10,10
project/sim_ext.py --sim-time 0.5 --seq-graph project/file/graph_15_nodes.json --traffic project/file/traffic_15_nodes_net.json --inspection-rate 0.001 --mess-rate 0.002 --algorithm centflow,0.103154000001,0,10,10,10,10,0,0,0,10,0,9,10,7,10,5,0,2,4,0,1,10,10,10,0,0,0,7,10,10,1,2,2,10,10,0,0,10,10,10,10,10,10,10,10
project/sim_ext.py --sim-time 0.5 --seq-graph project/file/graph_15_nodes.json --traffic project/file/traffic_15_nodes_net.json --inspection-rate 0.001 --mess-rate 0.002 --algorithm centflow,0.104186599997,0,10,10,10,10,0,0,0,10,0,10,10,8,10,5,0,4,1,0,1,10,10,10,0,0,1,10,10,10,0,0,0,10,10,0,1,10,10,10,10,10,10,10,10
project/sim_ext.py --sim-time 0.5 --seq-graph project/file/graph_15_nodes.json --traffic project/file/traffic_15_nodes_net.json --inspection-rate 0.001 --mess-rate 0.002 --algorithm centflow,0.10519648721023742,0,10,10,10,10,0,2,0,10,0,10,10,9,10,6,0,7,1,0,1,10,10,10,1,2,0,10,10,10,0,0,0,10,10,0,2,10,10,10,10,10,10,10,10
project/sim_ext.py --sim-time 0.5 --seq-graph project/file/graph_15_nodes.json --traffic project/file/traffic_15_nodes_net.json --inspection-rate 0.001 --mess-rate 0.002 --algorithm centflow,0.10623447667295875,0,10,10,10,10,0,5,0,10,0,10,10,9,10,6,0,9,6,0,1,10,10,10,3,2,1,10,10,10,0,0,2,10,10,0,0,10,10,10,10,10,10,10,10
project/sim_ext.py --sim-time 0.5 --seq-graph project/file/graph_15_nodes.json --traffic project/file/traffic_15_nodes_net.json --inspection-rate 0.001 --mess-rate 0.002 --algorithm centflow,0.10728000000099999,0,10,10,10,10,0,5,0,10,0,10,10,9,10,6,0,10,7,0,1,10,10,10,6,0,0,10,10,10,0,0,3,10,10,0,0,10,10,10,10,10,10,10,10
project/sim_ext.py --sim-time 0.5 --seq-graph project/file/graph_15_nodes.json --traffic project/file/traffic_15_nodes_net.json --inspection-rate 0.001 --mess-rate 0.002 --algorithm centflow,0.108346599997,0,10,10,10,10,0,7,0,10,0,10,10,9,10,7,1,10,9,1,2,10,10,10,8,0,0,10,10,10,0,0,0,10,10,0,0,10,10,10,10,10,10,10,10
project/sim_ext.py --sim-time 0.5 --seq-graph project/file/graph_15_nodes.json --traffic project/file/traffic_15_nodes_net.json --inspection-rate 0.001 --mess-rate 0.002 --algorithm centflow,0.1093538263233499,1,10,10,10,10,0,6,0,10,0,10,10,10,10,8,0,10,9,0,3,10,10,10,8,1,0,10,10,10,0,0,0,10,10,0,0,10,10,10,10,10,10,10,10
project/sim_ext.py --sim-time 0.5 --seq-graph project/file/graph_15_nodes.json --traffic project/file/traffic_15_nodes_net.json --inspection-rate 0.001 --mess-rate 0.002 --algorithm centflow,0.110375399997,1,10,10,10,10,5,4,0,10,2,10,10,10,10,10,0,10,9,0,5,10,10,10,8,0,0,10,10,10,0,0,0,10,10,0,0,10,10,10,10,10,10,10,10
project/sim_ext.py --sim-time 0.5 --seq-graph project/file/graph_15_nodes.json --traffic project/file/traffic_15_nodes_net.json --inspection-rate 0.001 --mess-rate 0.002 --algorithm centflow,0.11141851991841203,2,10,10,10,10,8,5,2,10,2,10,10,10,10,10,0,10,10,0,6,10,10,10,10,0,0,10,10,10,0,1,0,10,10,1,1,10,10,10,10,10,10,10,10
project/sim_ext.py --sim-time 0.5 --seq-graph project/file/graph_15_nodes.json --traffic project/file/traffic_15_nodes_net.json --inspection-rate 0.001 --mess-rate 0.002 --algorithm centflow,0.11244226953835053,2,10,10,10,10,9,8,0,10,2,10,10,10,10,10,0,10,10,0,6,10,10,10,10,0,0,10,10,10,0,0,2,10,10,1,0,10,10,10,10,10,10,10,10
project/sim_ext.py --sim-time 0.5 --seq-graph project/file/graph_15_nodes.json --traffic project/file/traffic_15_nodes_net.json --inspection-rate 0.001 --mess-rate 0.002 --algorithm centflow,0.11346424317517766,3,10,10,10,10,10,10,0,10,4,10,10,10,10,10,0,10,10,0,7,10,10,10,10,1,0,10,10,10,2,0,2,10,10,0,0,10,10,10,10,10,10,10,10
project/sim_ext.py --sim-time 0.5 --seq-graph project/file/graph_15_nodes.json --traffic project/file/traffic_15_nodes_net.json --inspection-rate 0.001 --mess-rate 0.002 --algorithm centflow,0.11448923367382477,3,10,10,10,10,10,10,0,10,4,10,10,10,10,10,1,10,10,0,7,10,10,10,10,1,0,10,10,10,5,2,3,10,10,0,0,10,10,10,10,10,10,10,10
project/sim_ext.py --sim-time 0.5 --seq-graph project/file/graph_15_nodes.json --traffic project/file/traffic_15_nodes_net.json --inspection-rate 0.001 --mess-rate 0.002 --algorithm centflow,0.11552500770357858,5,10,10,10,10,10,10,0,10,4,10,10,10,10,10,2,10,10,0,7,10,10,10,10,1,0,10,10,10,10,3,3,10,10,0,0,10,10,10,10,10,10,10,10
project/sim_ext.py --sim-time 0.5 --seq-graph project/file/graph_15_nodes.json --traffic project/file/traffic_15_nodes_net.json --inspection-rate 0.001 --mess-rate 0.002 --algorithm centflow,0.11654667153294947,5,10,10,10,10,10,10,0,10,4,10,10,10,10,10,4,10,10,0,7,10,10,10,10,3,1,10,10,10,10,5,5,10,10,0,0,10,10,10,10,10,10,10,10
project/sim_ext.py --sim-time 0.5 --seq-graph project/file/graph_15_nodes.json --traffic project/file/traffic_15_nodes_net.json --inspection-rate 0.001 --mess-rate 0.002 --algorithm centflow,0.11757852998395638,6,10,10,10,10,10,10,4,10,4,10,10,10,10,10,4,10,10,2,9,10,10,10,10,4,0,10,10,10,10,6,0,10,10,0,2,10,10,10,10,10,10,10,10
project/sim_ext.py --sim-time 0.5 --seq-graph project/file/graph_15_nodes.json --traffic project/file/traffic_15_nodes_net.json --inspection-rate 0.001 --mess-rate 0.002 --algorithm centflow,0.11864099391744305,6,10,10,10,10,10,10,6,10,4,10,10,10,10,10,4,10,10,2,9,10,10,10,10,4,0,10,10,10,10,6,0,10,10,1,3,10,10,10,10,10,10,10,10
project/sim_ext.py --sim-time 0.5 --seq-graph project/file/graph_15_nodes.json --traffic project/file/traffic_15_nodes_net.json --inspection-rate 0.001 --mess-rate 0.002 --algorithm centflow,0.11966649501085254,6,10,10,10,10,10,10,8,10,6,10,10,10,10,10,4,10,10,6,9,10,10,10,10,5,0,10,10,10,10,8,0,10,10,0,6,10,10,10,10,10,10,10,10
project/sim_ext.py --sim-time 0.5 --seq-graph project/file/graph_15_nodes.json --traffic project/file/traffic_15_nodes_net.json --inspection-rate 0.001 --mess-rate 0.002 --algorithm centflow,0.12071628839415324,7,10,10,10,10,10,10,9,10,7,10,10,10,10,10,6,10,10,6,9,10,10,10,10,5,1,10,10,10,10,10,0,10,10,3,6,10,10,10,10,10,10,10,10
project/sim_ext.py --sim-time 0.5 --seq-graph project/file/graph_15_nodes.json --traffic project/file/traffic_15_nodes_net.json --inspection-rate 0.001 --mess-rate 0.002 --algorithm centflow,0.121765000001,7,10,10,10,10,10,10,10,10,8,10,10,10,10,10,6,10,10,7,9,10,10,10,10,7,1,10,10,10,10,10,0,10,10,6,7,10,10,10,10,10,10,10,10
project/sim_ext.py --sim-time 0.5 --seq-graph project/file/graph_15_nodes.json --traffic project/file/traffic_15_nodes_net.json --inspection-rate 0.001 --mess-rate 0.002 --algorithm centflow,0.122797799997,0,1,0,0,1,1,0,2,0,0,1,0,0,0,0,0,0,0,0,0,10,0,0,0,1,2,0,0,0,0,0,0,0,1,0,0,1,0,0,10,0,1,0,0
project/sim_ext.py --sim-time 0.5 --seq-graph project/file/graph_15_nodes.json --traffic project/file/traffic_15_nodes_net.json --inspection-rate 0.001 --mess-rate 0.002 --algorithm centflow,0.12385599999699999,0,0,4,2,0,0,0,1,0,2,2,0,1,0,0,0,0,0,0,0,10,0,0,3,0,3,0,0,0,0,1,0,1,2,0,0,9,0,3,10,0,0,1,0
project/sim_ext.py --sim-time 0.5 --seq-graph project/file/graph_15_nodes.json --traffic project/file/traffic_15_nodes_net.json --inspection-rate 0.001 --mess-rate 0.002 --algorithm centflow,0.124905599997,0,6,0,4,0,0,0,0,9,1,0,1,0,0,0,0,0,1,0,6,10,2,2,0,0,5,3,0,0,3,0,0,1,0,0,0,0,1,1,10,0,2,0,1
project/sim_ext.py --sim-time 0.5 --seq-graph project/file/graph_15_nodes.json --traffic project/file/traffic_15_nodes_net.json --inspection-rate 0.001 --mess-rate 0.002 --algorithm centflow,0.125916799997,0,7,1,4,3,0,0,1,10,0,0,0,1,1,0,1,0,0,0,1,10,4,10,0,0,6,0,1,5,0,0,2,0,0,0,0,0,1,3,10,2,2,2,0
project/sim_ext.py --sim-time 0.5 --seq-graph project/file/graph_15_nodes.json --traffic project/file/traffic_15_nodes_net.json --inspection-rate 0.001 --mess-rate 0.002 --algorithm centflow,0.12698894731058827,0,10,0,7,4,0,2,0,10,0,0,1,5,3,2,0,0,0,0,0,10,9,10,0,0,6,2,0,5,0,0,2,4,0,0,0,1,4,10,10,10,10,10,4
project/sim_ext.py --sim-time 0.5 --seq-graph project/file/graph_15_nodes.json --traffic project/file/traffic_15_nodes_net.json --inspection-rate 0.001 --mess-rate 0.002 --algorithm centflow,0.128092799997,0,10,0,8,7,3,4,0,10,0,0,2,5,5,0,1,0,0,0,0,10,10,10,1,0,2,3,0,8,0,0,3,8,3,0,0,10,10,10,10,10,10,10,10
project/sim_ext.py --sim-time 0.5 --seq-graph project/file/graph_15_nodes.json --traffic project/file/traffic_15_nodes_net.json --inspection-rate 0.001 --mess-rate 0.002 --algorithm centflow,0.129114599997,0,10,0,10,7,4,6,1,10,0,1,6,6,5,0,0,2,0,0,2,10,10,10,0,0,0,4,0,10,0,2,0,10,10,1,0,10,10,10,10,10,10,10,10
project/sim_ext.py --sim-time 0.5 --seq-graph project/file/graph_15_nodes.json --traffic project/file/traffic_15_nodes_net.json --inspection-rate 0.001 --mess-rate 0.002 --algorithm centflow,0.13018840987766292,0,10,1,10,10,0,10,2,10,0,3,7,7,5,0,0,4,1,0,2,10,10,10,0,0,0,5,1,10,0,3,0,10,10,1,0,10,10,10,10,10,10,10,10
project/sim_ext.py --sim-time 0.5 --seq-graph project/file/graph_15_nodes.json --traffic project/file/traffic_15_nodes_net.json --inspection-rate 0.001 --mess-rate 0.002 --algorithm centflow,0.131260799997,0,10,0,10,10,0,2,0,10,0,6,10,10,6,0,0,4,3,0,4,10,10,10,0,0,0,7,3,10,0,0,0,10,10,0,0,10,10,10,10,10,10,10,10
project/sim_ext.py --sim-time 0.5 --seq-graph project/file/graph_15_nodes.json --traffic project/file/traffic_15_nodes_net.json --inspection-rate 0.001 --mess-rate 0.002 --algorithm centflow,0.13227525124043207,0,10,0,10,10,0,0,2,10,0,9,10,10,7,2,0,7,0,0,6,10,10,10,0,1,0,10,8,10,0,0,0,10,10,0,0,10,10,10,10,10,10,10,10
project/sim_ext.py --sim-time 0.5 --seq-graph project/file/graph_15_nodes.json --traffic project/file/traffic_15_nodes_net.json --inspection-rate 0.001 --mess-rate 0.002 --algorithm centflow,0.13332929703583304,0,10,0,10,10,0,2,9,10,0,10,10,10,7,3,0,10,0,0,8,10,10,10,1,0,0,10,8,10,1,0,0,10,10,0,0,10,10,10,10,10,10,10,10
project/sim_ext.py --sim-time 0.5 --seq-graph project/file/graph_15_nodes.json --traffic project/file/traffic_15_nodes_net.json --inspection-rate 0.001 --mess-rate 0.002 --algorithm centflow,0.134386000001,0,10,1,10,10,0,9,0,10,0,10,10,10,7,3,0,10,0,0,10,10,10,10,2,0,0,10,10,10,3,2,1,10,10,0,0,10,10,10,10,10,10,10,10
project/sim_ext.py --sim-time 0.5 --seq-graph project/file/graph_15_nodes.json --traffic project/file/traffic_15_nodes_net.json --inspection-rate 0.001 --mess-rate 0.002 --algorithm centflow,0.13542734157180142,1,10,3,10,10,0,0,0,10,0,10,10,10,9,4,0,10,0,0,10,10,10,10,0,0,0,10,10,10,0,3,0,10,10,0,0,10,10,10,10,10,10,10,10
project/sim_ext.py --sim-time 0.5 --seq-graph project/file/graph_15_nodes.json --traffic project/file/traffic_15_nodes_net.json --inspection-rate 0.001 --mess-rate 0.002 --algorithm centflow,0.136481000001,0,10,4,10,10,0,0,0,10,0,10,10,10,10,4,0,10,0,0,10,10,10,10,4,1,1,10,10,10,0,0,0,10,10,0,0,10,10,10,10,10,10,10,10
project/sim_ext.py --sim-time 0.5 --seq-graph project/file/graph_15_nodes.json --traffic project/file/traffic_15_nodes_net.json --inspection-rate 0.001 --mess-rate 0.002 --algorithm centflow,0.13754158648949483,0,10,8,10,10,0,2,1,10,0,10,10,10,10,6,0,10,2,0,10,10,10,10,5,0,0,10,10,10,0,2,0,10,10,0,2,10,10,10,10,10,10,10,10
project/sim_ext.py --sim-time 0.5 --seq-graph project/file/graph_15_nodes.json --traffic project/file/traffic_15_nodes_net.json --inspection-rate 0.001 --mess-rate 0.002 --algorithm centflow,0.1385736392395196,1,10,10,10,10,2,3,2,10,0,10,10,10,10,7,0,10,6,0,10,10,10,10,8,0,0,10,10,10,2,0,0,10,10,0,0,10,10,10,10,10,10,10,10
project/sim_ext.py --sim-time 0.5 --seq-graph project/file/graph_15_nodes.json --traffic project/file/traffic_15_nodes_net.json --inspection-rate 0.001 --mess-rate 0.002 --algorithm centflow,0.13962464139975628,1,10,10,10,10,3,3,4,10,0,10,10,10,10,8,0,10,8,0,10,10,10,10,9,0,0,10,10,10,0,0,1,10,10,0,0,10,10,10,10,10,10,10,10
project/sim_ext.py --sim-time 0.5 --seq-graph project/file/graph_15_nodes.json --traffic project/file/traffic_15_nodes_net.json --inspection-rate 0.001 --mess-rate 0.002 --algorithm centflow,0.140655000001,1,10,10,10,10,4,4,0,10,0,10,10,10,10,10,0,10,10,2,10,10,10,10,10,0,0,10,10,10,0,0,0,10,10,0,1,10,10,10,10,10,10,10,10
project/sim_ext.py --sim-time 0.5 --seq-graph project/file/graph_15_nodes.json --traffic project/file/traffic_15_nodes_net.json --inspection-rate 0.001 --mess-rate 0.002 --algorithm centflow,0.14170680196837285,2,10,10,10,10,5,3,0,10,1,10,10,10,10,10,0,10,10,0,10,10,10,10,10,3,0,10,10,10,0,0,0,10,10,0,0,10,10,10,10,10,10,10,10
project/sim_ext.py --sim-time 0.5 --seq-graph project/file/graph_15_nodes.json --traffic project/file/traffic_15_nodes_net.json --inspection-rate 0.001 --mess-rate 0.002 --algorithm centflow,0.14274814554147053,2,10,10,10,10,10,4,0,10,2,10,10,10,10,10,0,10,10,0,10,10,10,10,10,4,2,10,10,10,2,0,0,10,10,0,0,10,10,10,10,10,10,10,10
project/sim_ext.py --sim-time 0.5 --seq-graph project/file/graph_15_nodes.json --traffic project/file/traffic_15_nodes_net.json --inspection-rate 0.001 --mess-rate 0.002 --algorithm centflow,0.14378839938930518,2,10,10,10,10,10,6,0,10,2,10,10,10,10,10,0,10,10,0,10,10,10,10,10,6,0,10,10,10,5,0,0,10,10,0,0,10,10,10,10,10,10,10,10
project/sim_ext.py --sim-time 0.5 --seq-graph project/file/graph_15_nodes.json --traffic project/file/traffic_15_nodes_net.json --inspection-rate 0.001 --mess-rate 0.002 --algorithm centflow,0.14482520087239922,3,10,10,10,10,10,7,4,10,2,10,10,10,10,10,0,10,10,0,10,10,10,10,10,7,1,10,10,10,9,3,1,10,10,0,0,10,10,10,10,10,10,10,10
project/sim_ext.py --sim-time 0.5 --seq-graph project/file/graph_15_nodes.json --traffic project/file/traffic_15_nodes_net.json --inspection-rate 0.001 --mess-rate 0.002 --algorithm centflow,0.14585200160556008,4,10,10,10,10,10,10,6,10,3,10,10,10,10,10,0,10,10,1,10,10,10,10,10,9,0,10,10,10,10,4,0,10,10,0,1,10,10,10,10,10,10,10,10
project/sim_ext.py --sim-time 0.5 --seq-graph project/file/graph_15_nodes.json --traffic project/file/traffic_15_nodes_net.json --inspection-rate 0.001 --mess-rate 0.002 --algorithm centflow,0.1468954391607128,4,10,10,10,10,10,10,6,10,3,10,10,10,10,10,0,10,10,3,10,10,10,10,10,9,0,10,10,10,10,4,0,10,10,0,1,10,10,10,10,10,10,10,10
project/sim_ext.py --sim-time 0.5 --seq-graph project/file/graph_15_nodes.json --traffic project/file/traffic_15_nodes_net.json --inspection-rate 0.001 --mess-rate 0.002 --algorithm centflow,0.14791484506630018,5,10,10,10,10,10,10,9,10,3,10,10,10,10,10,0,10,10,3,10,10,10,10,10,10,0,10,10,10,10,6,0,10,10,1,3,10,10,10,10,10,10,10,10
project/sim_ext.py --sim-time 0.5 --seq-graph project/file/graph_15_nodes.json --traffic project/file/traffic_15_nodes_net.json --inspection-rate 0.001 --mess-rate 0.002 --algorithm centflow,0.14895661765757912,5,10,10,10,10,10,10,10,10,3,10,10,10,10,10,0,10,10,4,10,10,10,10,10,10,0,10,10,10,10,8,0,10,10,0,0,10,10,10,10,10,10,10,10
project/sim_ext.py --sim-time 0.5 --seq-graph project/file/graph_15_nodes.json --traffic project/file/traffic_15_nodes_net.json --inspection-rate 0.001 --mess-rate 0.002 --algorithm centflow,0.15001279999699998,6,10,10,10,10,10,10,7,10,3,10,10,10,10,10,0,10,10,5,10,10,10,10,10,10,0,10,10,10,10,8,0,10,10,0,0,10,10,10,10,10,10,10,10
project/sim_ext.py --sim-time 0.5 --seq-graph project/file/graph_15_nodes.json --traffic project/file/traffic_15_nodes_net.json --inspection-rate 0.001 --mess-rate 0.002 --algorithm centflow,0.15102285034708027,6,10,10,10,10,10,10,10,10,3,10,10,10,10,10,1,10,10,6,10,10,10,10,10,10,0,10,10,10,10,8,0,10,10,0,0,10,10,10,10,10,10,10,10
project/sim_ext.py --sim-time 0.5 --seq-graph project/file/graph_15_nodes.json --traffic project/file/traffic_15_nodes_net.json --inspection-rate 0.001 --mess-rate 0.002 --algorithm centflow,0.15209200995349356,7,10,10,10,10,10,10,10,10,3,10,10,10,10,10,1,10,10,6,10,10,10,10,10,10,0,10,10,10,10,9,0,10,10,0,4,10,10,10,10,10,10,10,10
project/sim_ext.py --sim-time 0.5 --seq-graph project/file/graph_15_nodes.json --traffic project/file/traffic_15_nodes_net.json --inspection-rate 0.001 --mess-rate 0.002 --algorithm centflow,0.1531170225194581,7,10,10,10,10,10,10,10,10,4,10,10,10,10,10,1,10,10,7,10,10,10,10,10,10,0,10,10,10,10,10,0,10,10,0,8,10,10,10,10,10,10,10,10
project/sim_ext.py --sim-time 0.5 --seq-graph project/file/graph_15_nodes.json --traffic project/file/traffic_15_nodes_net.json --inspection-rate 0.001 --mess-rate 0.002 --algorithm centflow,0.154130000001,8,10,10,10,10,10,10,10,10,4,10,10,10,10,10,2,10,10,8,10,10,10,10,10,10,0,10,10,10,10,10,0,10,10,0,10,10,10,10,10,10,10,10,10
project/sim_ext.py --sim-time 0.5 --seq-graph project/file/graph_15_nodes.json --traffic project/file/traffic_15_nodes_net.json --inspection-rate 0.001 --mess-rate 0.002 --algorithm centflow,0.15517040160796108,8,10,10,10,10,10,10,10,10,4,10,10,10,10,10,2,10,10,8,10,10,10,10,10,10,0,10,10,10,10,10,0,10,10,0,10,10,10,10,10,10,10,10,10
project/sim_ext.py --sim-time 0.5 --seq-graph project/file/graph_15_nodes.json --traffic project/file/traffic_15_nodes_net.json --inspection-rate 0.001 --mess-rate 0.002 --algorithm centflow,0.1562007277128128,8,10,10,10,10,10,10,10,10,5,10,10,10,10,10,2,10,10,10,10,10,10,10,10,10,0,10,10,10,10,10,0,10,10,0,0,10,10,10,10,10,10,10,10
project/sim_ext.py --sim-time 0.5 --seq-graph project/file/graph_15_nodes.json --traffic project/file/traffic_15_nodes_net.json --inspection-rate 0.001 --mess-rate 0.002 --algorithm centflow,0.1572316457496847,8,10,10,10,10,10,10,10,10,5,10,10,10,10,10,2,10,10,10,10,10,10,10,10,10,0,10,10,10,10,10,0,10,10,0,0,10,10,10,10,10,10,10,10
project/sim_ext.py --sim-time 0.5 --seq-graph project/file/graph_15_nodes.json --traffic project/file/traffic_15_nodes_net.json --inspection-rate 0.001 --mess-rate 0.002 --algorithm centflow,0.158274999997,8,10,10,10,10,10,10,10,10,7,10,10,10,10,10,2,10,10,10,10,10,10,10,10,10,0,10,10,10,10,10,0,10,10,0,0,10,10,10,10,10,10,10,10
project/sim_ext.py --sim-time 0.5 --seq-graph project/file/graph_15_nodes.json --traffic project/file/traffic_15_nodes_net.json --inspection-rate 0.001 --mess-rate 0.002 --algorithm centflow,0.15936199748521884,8,10,10,10,10,10,10,10,10,7,10,10,10,10,10,2,10,10,10,10,10,10,10,10,10,0,10,10,10,10,10,0,10,10,0,0,10,10,10,10,10,10,10,10
project/sim_ext.py --sim-time 0.5 --seq-graph project/file/graph_15_nodes.json --traffic project/file/traffic_15_nodes_net.json --inspection-rate 0.001 --mess-rate 0.002 --algorithm centflow,0.1604101911581197,8,10,10,10,10,10,10,10,10,7,10,10,10,10,10,3,10,10,10,10,10,10,10,10,10,0,10,10,10,10,10,0,10,10,0,0,10,10,10,10,10,10,10,10
project/sim_ext.py --sim-time 0.5 --seq-graph project/file/graph_15_nodes.json --traffic project/file/traffic_15_nodes_net.json --inspection-rate 0.001 --mess-rate 0.002 --algorithm centflow,0.16144184451773425,10,10,10,10,10,10,10,10,10,8,10,10,10,10,10,4,10,10,10,10,10,10,10,10,10,1,10,10,10,10,10,1,10,10,0,0,10,10,10,10,10,10,10,10
project/sim_ext.py --sim-time 0.5 --seq-graph project/file/graph_15_nodes.json --traffic project/file/traffic_15_nodes_net.json --inspection-rate 0.001 --mess-rate 0.002 --algorithm centflow,0.16249634238746155,10,10,10,10,10,10,10,10,10,9,10,10,10,10,10,5,10,10,10,10,10,10,10,10,10,2,10,10,10,10,10,0,10,10,0,1,10,10,10,10,10,10,10,10
project/sim_ext.py --sim-time 0.5 --seq-graph project/file/graph_15_nodes.json --traffic project/file/traffic_15_nodes_net.json --inspection-rate 0.001 --mess-rate 0.002 --algorithm centflow,0.163529599997,0,3,0,2,0,0,0,0,0,4,2,0,3,0,0,0,0,0,1,0,10,0,0,0,0,0,0,0,0,0,0,0,0,0,0,0,0,0,1,10,0,0,2,0
project/sim_ext.py --sim-time 0.5 --seq-graph project/file/graph_15_nodes.json --traffic project/file/traffic_15_nodes_net.json --inspection-rate 0.001 --mess-rate 0.002 --algorithm centflow,0.164540799997,0,3,0,0,0,0,0,0,0,0,0,1,0,0,1,3,1,0,0,1,10,0,0,0,3,0,0,0,0,0,0,0,0,0,1,0,8,2,0,10,7,2,0,0
project/sim_ext.py --sim-time 0.5 --seq-graph project/file/graph_15_nodes.json --traffic project/file/traffic_15_nodes_net.json --inspection-rate 0.001 --mess-rate 0.002 --algorithm centflow,0.165558399997,0,1,2,3,0,0,3,0,6,0,0,0,1,0,0,0,0,0,0,0,10,0,5,0,1,0,0,1,0,0,0,0,0,1,0,0,0,0,4,10,1,5,1,1
project/sim_ext.py --sim-time 0.5 --seq-graph project/file/graph_15_nodes.json --traffic project/file/traffic_15_nodes_net.json --inspection-rate 0.001 --mess-rate 0.002 --algorithm centflow,0.166605799997,0,7,0,6,0,2,0,2,9,2,4,0,0,3,0,0,0,0,1,2,10,0,10,5,0,1,0,0,0,0,0,0,3,0,0,0,0,1,4,10,1,0,2,3
project/sim_ext.py --sim-time 0.5 --seq-graph project/file/graph_15_nodes.json --traffic project/file/traffic_15_nodes_net.json --inspection-rate 0.001 --mess-rate 0.002 --algorithm centflow,0.167616999997,0,10,0,10,0,8,0,4,10,0,5,0,0,4,1,0,3,1,2,0,10,0,10,0,0,0,2,0,0,0,3,1,4,4,0,0,7,7,10,10,9,3,1,6
project/sim_ext.py --sim-time 0.5 --seq-graph project/file/graph_15_nodes.json --traffic project/file/traffic_15_nodes_net.json --inspection-rate 0.001 --mess-rate 0.002 --algorithm centflow,0.1686607670365449,0,10,3,10,3,0,0,0,10,0,7,7,0,6,0,0,6,0,0,0,10,2,10,0,0,0,3,2,1,1,0,0,8,9,1,1,10,6,10,10,10,10,5,10
project/sim_ext.py --sim-time 0.5 --seq-graph project/file/graph_15_nodes.json --traffic project/file/traffic_15_nodes_net.json --inspection-rate 0.001 --mess-rate 0.002 --algorithm centflow,0.16968503911347485,0,10,0,10,3,0,0,2,10,0,8,8,2,8,0,0,10,1,0,0,10,5,10,0,0,0,5,4,5,0,0,0,9,6,2,2,10,10,10,10,10,10,8,10
project/sim_ext.py --sim-time 0.5 --seq-graph project/file/graph_15_nodes.json --traffic project/file/traffic_15_nodes_net.json --inspection-rate 0.001 --mess-rate 0.002 --algorithm centflow,0.17073265183310501,0,10,0,10,7,3,0,0,10,0,10,10,5,8,0,0,10,0,0,2,10,10,10,0,0,0,6,6,7,0,0,0,9,3,5,2,10,10,10,10,10,10,10,10
project/sim_ext.py --sim-time 0.5 --seq-graph project/file/graph_15_nodes.json --traffic project/file/traffic_15_nodes_net.json --inspection-rate 0.001 --mess-rate 0.002 --algorithm centflow,0.17179074296776947,0,10,0,10,8,6,0,0,10,1,10,10,6,8,0,0,10,1,0,3,10,10,10,0,1,0,9,7,9,0,0,0,10,8,6,0,10,10,10,10,10,10,10,10
project/sim_ext.py --sim-time 0.5 --seq-graph project/file/graph_15_nodes.json --traffic project/file/traffic_15_nodes_net.json --inspection-rate 0.001 --mess-rate 0.002 --algorithm centflow,0.17282993258414517,0,10,0,10,10,8,2,1,10,0,10,10,6,8,0,0,10,0,0,4,10,10,10,0,0,0,10,10,10,0,0,1,10,10,10,0,10,10,10,10,10,10,10,10
project/sim_ext.py --sim-time 0.5 --seq-graph project/file/graph_15_nodes.json --traffic project/file/traffic_15_nodes_net.json --inspection-rate 0.001 --mess-rate 0.002 --algorithm centflow,0.17387691317789197,0,10,1,10,10,9,0,0,10,0,10,10,7,9,0,0,10,1,4,4,10,10,10,0,0,0,10,10,10,0,1,1,10,10,10,0,10,10,10,10,10,10,10,10
project/sim_ext.py --sim-time 0.5 --seq-graph project/file/graph_15_nodes.json --traffic project/file/traffic_15_nodes_net.json --inspection-rate 0.001 --mess-rate 0.002 --algorithm centflow,0.174931000001,0,10,2,10,10,10,0,4,10,0,10,10,9,10,1,0,10,4,0,4,10,10,10,0,0,0,10,10,10,2,3,1,10,10,10,0,10,10,10,10,10,10,10,10
project/sim_ext.py --sim-time 0.5 --seq-graph project/file/graph_15_nodes.json --traffic project/file/traffic_15_nodes_net.json --inspection-rate 0.001 --mess-rate 0.002 --algorithm centflow,0.175990399997,0,10,5,10,10,10,0,0,10,0,10,10,9,10,2,0,10,7,1,6,10,10,10,0,0,0,10,10,10,0,3,1,10,10,0,0,10,10,10,10,10,10,10,10
project/sim_ext.py --sim-time 0.5 --seq-graph project/file/graph_15_nodes.json --traffic project/file/traffic_15_nodes_net.json --inspection-rate 0.001 --mess-rate 0.002 --algorithm centflow,0.17701795075873114,0,10,6,10,10,2,3,0,10,0,10,10,10,10,3,0,10,9,0,6,10,10,10,0,1,1,10,10,10,2,3,0,10,10,0,0,10,10,10,10,10,10,10,10
project/sim_ext.py --sim-time 0.5 --seq-graph project/file/graph_15_nodes.json --traffic project/file/traffic_15_nodes_net.json --inspection-rate 0.001 --mess-rate 0.002 --algorithm centflow,0.1780545931099063,0,10,6,10,10,0,3,0,10,1,10,10,10,10,5,0,10,9,0,6,10,10,10,0,3,1,10,10,10,0,5,0,10,10,0,1,10,10,10,10,10,10,10,10
project/sim_ext.py --sim-time 0.5 --seq-graph project/file/graph_15_nodes.json --traffic project/file/traffic_15_nodes_net.json --inspection-rate 0.001 --mess-rate 0.002 --algorithm centflow,0.179126399997,0,10,8,10,10,0,4,0,10,1,10,10,10,10,9,0,10,2,1,6,10,10,10,2,4,0,10,10,10,0,5,0,10,10,1,2,10,10,10,10,10,10,10,10
project/sim_ext.py --sim-time 0.5 --seq-graph project/file/graph_15_nodes.json --traffic project/file/traffic_15_nodes_net.json --inspection-rate 0.001 --mess-rate 0.002 --algorithm centflow,0.18018481855978008,0,10,8,10,10,5,5,0,10,1,10,10,10,10,10,0,10,4,1,6,10,10,10,2,5,0,10,10,10,0,7,1,10,10,1,0,10,10,10,10,10,10,10,10
project/sim_ext.py --sim-time 0.5 --seq-graph project/file/graph_15_nodes.json --traffic project/file/traffic_15_nodes_net.json --inspection-rate 0.001 --mess-rate 0.002 --algorithm centflow,0.18125211615394154,0,10,10,10,10,7,7,0,10,1,10,10,10,10,10,0,10,8,0,6,10,10,10,3,8,0,10,10,10,0,7,1,10,10,4,0,10,10,10,10,10,10,10,10
project/sim_ext.py --sim-time 0.5 --seq-graph project/file/graph_15_nodes.json --traffic project/file/traffic_15_nodes_net.json --inspection-rate 0.001 --mess-rate 0.002 --algorithm centflow,0.18228272006852553,0,10,10,10,10,6,10,0,10,3,10,10,10,10,10,0,10,9,0,7,10,10,10,5,8,0,10,10,10,0,7,0,10,10,0,0,10,10,10,10,10,10,10,10
project/sim_ext.py --sim-time 0.5 --seq-graph project/file/graph_15_nodes.json --traffic project/file/traffic_15_nodes_net.json --inspection-rate 0.001 --mess-rate 0.002 --algorithm centflow,0.183319000001,0,10,10,10,10,10,10,0,10,3,10,10,10,10,10,0,10,9,0,8,10,10,10,5,10,0,10,10,10,1,9,0,10,10,0,0,10,10,10,10,10,10,10,10
project/sim_ext.py --sim-time 0.5 --seq-graph project/file/graph_15_nodes.json --traffic project/file/traffic_15_nodes_net.json --inspection-rate 0.001 --mess-rate 0.002 --algorithm centflow,0.184352000001,1,10,10,10,10,10,10,0,10,4,10,10,10,10,10,0,10,9,0,10,10,10,10,7,10,0,10,10,10,1,10,0,10,10,3,0,10,10,10,10,10,10,10,10
project/sim_ext.py --sim-time 0.5 --seq-graph project/file/graph_15_nodes.json --traffic project/file/traffic_15_nodes_net.json --inspection-rate 0.001 --mess-rate 0.002 --algorithm centflow,0.18540357665627258,3,10,10,10,10,10,10,0,10,5,10,10,10,10,10,0,10,10,1,10,10,10,10,8,10,0,10,10,10,3,10,0,10,10,6,0,10,10,10,10,10,10,10,10
project/sim_ext.py --sim-time 0.5 --seq-graph project/file/graph_15_nodes.json --traffic project/file/traffic_15_nodes_net.json --inspection-rate 0.001 --mess-rate 0.002 --algorithm centflow,0.186434220772354,3,10,10,10,10,10,10,6,10,5,10,10,10,10,10,0,10,10,4,10,10,10,10,8,10,0,10,10,10,5,10,0,10,10,0,0,10,10,10,10,10,10,10,10
project/sim_ext.py --sim-time 0.5 --seq-graph project/file/graph_15_nodes.json --traffic project/file/traffic_15_nodes_net.json --inspection-rate 0.001 --mess-rate 0.002 --algorithm centflow,0.18746663875641875,3,10,10,10,10,10,10,5,10,5,10,10,10,10,10,1,10,10,4,10,10,10,10,9,10,0,10,10,10,8,10,1,10,10,0,0,10,10,10,10,10,10,10,10
project/sim_ext.py --sim-time 0.5 --seq-graph project/file/graph_15_nodes.json --traffic project/file/traffic_15_nodes_net.json --inspection-rate 0.001 --mess-rate 0.002 --algorithm centflow,0.1885047078824502,3,10,10,10,10,10,10,8,10,7,10,10,10,10,10,1,10,10,5,10,10,10,10,10,10,0,10,10,10,10,10,0,10,10,0,0,10,10,10,10,10,10,10,10
project/sim_ext.py --sim-time 0.5 --seq-graph project/file/graph_15_nodes.json --traffic project/file/traffic_15_nodes_net.json --inspection-rate 0.001 --mess-rate 0.002 --algorithm centflow,0.18952152508852593,3,10,10,10,10,10,10,9,10,7,10,10,10,10,10,1,10,10,6,10,10,10,10,10,10,0,10,10,10,10,10,0,10,10,0,0,10,10,10,10,10,10,10,10
project/sim_ext.py --sim-time 0.5 --seq-graph project/file/graph_15_nodes.json --traffic project/file/traffic_15_nodes_net.json --inspection-rate 0.001 --mess-rate 0.002 --algorithm centflow,0.19054888205763432,3,10,10,10,10,10,10,10,10,8,10,10,10,10,10,1,10,10,8,10,10,10,10,10,10,0,10,10,10,10,10,0,10,10,0,0,10,10,10,10,10,10,10,10
project/sim_ext.py --sim-time 0.5 --seq-graph project/file/graph_15_nodes.json --traffic project/file/traffic_15_nodes_net.json --inspection-rate 0.001 --mess-rate 0.002 --algorithm centflow,0.19158435544240845,3,10,10,10,10,10,10,10,10,8,10,10,10,10,10,1,10,10,9,10,10,10,10,10,10,0,10,10,10,10,10,0,10,10,1,2,10,10,10,10,10,10,10,10
project/sim_ext.py --sim-time 0.5 --seq-graph project/file/graph_15_nodes.json --traffic project/file/traffic_15_nodes_net.json --inspection-rate 0.001 --mess-rate 0.002 --algorithm centflow,0.19264431833982007,3,10,10,10,10,10,10,10,10,8,10,10,10,10,10,1,10,10,10,10,10,10,10,10,10,0,10,10,10,10,10,0,10,10,0,0,10,10,10,10,10,10,10,10
project/sim_ext.py --sim-time 0.5 --seq-graph project/file/graph_15_nodes.json --traffic project/file/traffic_15_nodes_net.json --inspection-rate 0.001 --mess-rate 0.002 --algorithm centflow,0.193679999997,0,6,10,10,9,3,4,2,8,3,8,9,9,9,7,0,7,6,4,9,10,10,10,5,6,3,9,9,7,5,5,2,9,4,0,0,5,5,5,10,7,5,4,4
project/sim_ext.py --sim-time 0.5 --seq-graph project/file/graph_15_nodes.json --traffic project/file/traffic_15_nodes_net.json --inspection-rate 0.001 --mess-rate 0.002 --algorithm centflow,0.194682599997,0,0,0,1,1,2,0,0,1,0,0,2,0,0,0,2,2,0,1,0,10,0,1,7,0,0,0,2,0,0,0,3,1,0,0,0,2,0,0,10,0,0,0,0
project/sim_ext.py --sim-time 0.5 --seq-graph project/file/graph_15_nodes.json --traffic project/file/traffic_15_nodes_net.json --inspection-rate 0.001 --mess-rate 0.002 --algorithm centflow,0.195759999997,0,1,3,1,0,0,0,2,0,1,0,0,1,0,0,0,0,0,3,0,10,0,0,1,0,0,0,1,2,0,0,0,0,1,0,1,2,0,1,10,1,4,0,0
project/sim_ext.py --sim-time 0.5 --seq-graph project/file/graph_15_nodes.json --traffic project/file/traffic_15_nodes_net.json --inspection-rate 0.001 --mess-rate 0.002 --algorithm centflow,0.1967938473047018,0,3,0,5,0,0,1,2,5,0,0,0,0,4,0,0,0,3,0,4,10,0,10,0,0,0,0,0,0,3,1,0,0,0,0,2,2,0,0,10,0,6,3,0
project/sim_ext.py --sim-time 0.5 --seq-graph project/file/graph_15_nodes.json --traffic project/file/traffic_15_nodes_net.json --inspection-rate 0.001 --mess-rate 0.002 --algorithm centflow,0.197852799997,0,6,0,8,0,3,0,0,10,0,3,1,1,1,1,0,0,1,1,0,10,0,10,0,0,0,5,1,2,0,0,0,2,2,1,2,7,1,3,10,7,10,2,2
project/sim_ext.py --sim-time 0.5 --seq-graph project/file/graph_15_nodes.json --traffic project/file/traffic_15_nodes_net.json --inspection-rate 0.001 --mess-rate 0.002 --algorithm centflow,0.19890659431132993,0,10,7,10,0,0,5,0,10,0,1,4,2,4,0,0,0,0,0,0,10,0,10,0,0,0,8,2,6,0,0,0,5,4,0,0,10,8,10,10,10,3,10,8
project/sim_ext.py --sim-time 0.5 --seq-graph project/file/graph_15_nodes.json --traffic project/file/traffic_15_nodes_net.json --inspection-rate 0.001 --mess-rate 0.002 --algorithm centflow,0.19997507817153512,0,10,9,10,0,0,1,0,10,0,0,6,5,6,0,0,0,0,0,0,10,1,10,1,0,0,10,4,9,0,2,1,8,10,0,0,10,10,10,10,10,9,10,10
project/sim_ext.py --sim-time 0.5 --seq-graph project/file/graph_15_nodes.json --traffic project/file/traffic_15_nodes_net.json --inspection-rate 0.001 --mess-rate 0.002 --algorithm centflow,0.20101105788098575,0,10,0,10,2,0,0,1,10,0,0,7,8,9,0,0,6,0,0,0,10,7,10,0,1,0,10,5,10,1,0,2,10,0,0,0,10,10,10,10,10,10,10,10
project/sim_ext.py --sim-time 0.5 --seq-graph project/file/graph_15_nodes.json --traffic project/file/traffic_15_nodes_net.json --inspection-rate 0.001 --mess-rate 0.002 --algorithm centflow,0.20203580760639459,0,10,0,10,4,0,1,3,10,0,2,8,9,9,1,0,7,0,0,1,10,7,10,0,0,0,10,6,10,5,0,2,10,2,0,0,10,10,10,10,10,10,10,10
project/sim_ext.py --sim-time 0.5 --seq-graph project/file/graph_15_nodes.json --traffic project/file/traffic_15_nodes_net.json --inspection-rate 0.001 --mess-rate 0.002 --algorithm centflow,0.203104999997,0,10,1,10,4,2,3,6,10,0,3,10,10,10,0,0,10,1,0,3,10,10,10,0,0,1,10,7,10,0,0,0,10,10,0,0,10,10,10,10,10,10,10,10
project/sim_ext.py --sim-time 0.5 --seq-graph project/file/graph_15_nodes.json --traffic project/file/traffic_15_nodes_net.json --inspection-rate 0.001 --mess-rate 0.002 --algorithm centflow,0.20414331500287491,0,10,1,10,6,5,4,0,10,0,4,10,10,10,0,0,10,0,0,5,10,10,10,0,0,0,10,8,10,1,1,0,10,10,0,1,10,10,10,10,10,10,10,10
project/sim_ext.py --sim-time 0.5 --seq-graph project/file/graph_15_nodes.json --traffic project/file/traffic_15_nodes_net.json --inspection-rate 0.001 --mess-rate 0.002 --algorithm centflow,0.20517219999699998,0,10,3,10,6,0,0,2,10,0,4,10,10,10,1,0,10,1,0,5,10,10,10,1,0,0,10,8,10,4,0,0,10,10,1,0,10,10,10,10,10,10,10,10
project/sim_ext.py --sim-time 0.5 --seq-graph project/file/graph_15_nodes.json --traffic project/file/traffic_15_nodes_net.json --inspection-rate 0.001 --mess-rate 0.002 --algorithm centflow,0.20620097569302054,1,10,6,10,6,0,1,1,10,0,6,10,10,10,2,0,10,2,0,7,10,10,10,2,0,0,10,9,10,0,0,0,10,10,2,0,10,10,10,10,10,10,10,10
project/sim_ext.py --sim-time 0.5 --seq-graph project/file/graph_15_nodes.json --traffic project/file/traffic_15_nodes_net.json --inspection-rate 0.001 --mess-rate 0.002 --algorithm centflow,0.207235199997,0,10,8,10,7,3,1,1,10,0,7,10,10,10,4,1,10,2,0,7,10,10,10,4,0,1,10,10,10,0,4,0,10,10,0,0,10,10,10,10,10,10,10,10
project/sim_ext.py --sim-time 0.5 --seq-graph project/file/graph_15_nodes.json --traffic project/file/traffic_15_nodes_net.json --inspection-rate 0.001 --mess-rate 0.002 --algorithm centflow,0.208260000001,0,10,10,10,7,7,0,0,10,0,7,10,10,10,4,1,10,4,0,9,10,10,10,4,3,1,10,10,10,0,4,0,10,10,0,0,10,10,10,10,10,10,10,10
project/sim_ext.py --sim-time 0.5 --seq-graph project/file/graph_15_nodes.json --traffic project/file/traffic_15_nodes_net.json --inspection-rate 0.001 --mess-rate 0.002 --algorithm centflow,0.209289599997,0,10,10,10,7,7,0,0,10,0,10,10,10,10,5,0,10,6,0,10,10,10,10,7,6,0,10,10,10,0,4,0,10,10,1,0,10,10,10,10,10,10,10,10
project/sim_ext.py --sim-time 0.5 --seq-graph project/file/graph_15_nodes.json --traffic project/file/traffic_15_nodes_net.json --inspection-rate 0.001 --mess-rate 0.002 --algorithm centflow,0.21031631326058234,0,10,10,10,9,3,0,0,10,0,10,10,10,10,7,0,10,9,0,10,10,10,10,9,8,0,10,10,10,0,8,0,10,10,0,0,10,10,10,10,10,10,10,10
project/sim_ext.py --sim-time 0.5 --seq-graph project/file/graph_15_nodes.json --traffic project/file/traffic_15_nodes_net.json --inspection-rate 0.001 --mess-rate 0.002 --algorithm centflow,0.211334000001,0,10,10,10,10,0,0,1,10,1,10,10,10,10,8,0,10,10,0,10,10,10,10,10,10,0,10,10,10,0,8,0,10,10,0,0,10,10,10,10,10,10,10,10
project/sim_ext.py --sim-time 0.5 --seq-graph project/file/graph_15_nodes.json --traffic project/file/traffic_15_nodes_net.json --inspection-rate 0.001 --mess-rate 0.002 --algorithm centflow,0.21234873862952813,1,10,10,10,10,1,3,6,10,1,10,10,10,10,9,0,10,10,1,10,10,10,10,10,10,0,10,10,10,0,9,2,10,10,0,0,10,10,10,10,10,10,10,10
project/sim_ext.py --sim-time 0.5 --seq-graph project/file/graph_15_nodes.json --traffic project/file/traffic_15_nodes_net.json --inspection-rate 0.001 --mess-rate 0.002 --algorithm centflow,0.21340063276964602,3,10,10,10,10,4,7,8,10,3,10,10,10,10,10,0,10,10,0,10,10,10,10,10,10,0,10,10,10,2,10,0,10,10,0,0,10,10,10,10,10,10,10,10
project/sim_ext.py --sim-time 0.5 --seq-graph project/file/graph_15_nodes.json --traffic project/file/traffic_15_nodes_net.json --inspection-rate 0.001 --mess-rate 0.002 --algorithm centflow,0.21444960215746578,3,10,10,10,10,7,8,10,10,3,10,10,10,10,10,0,10,10,0,10,10,10,10,10,10,1,10,10,10,4,10,0,10,10,0,0,10,10,10,10,10,10,10,10
project/sim_ext.py --sim-time 0.5 --seq-graph project/file/graph_15_nodes.json --traffic project/file/traffic_15_nodes_net.json --inspection-rate 0.001 --mess-rate 0.002 --algorithm centflow,0.2154782435273111,4,10,10,10,10,10,10,0,10,3,10,10,10,10,10,0,10,10,1,10,10,10,10,10,10,0,10,10,10,3,10,0,10,10,0,2,10,10,10,10,10,10,10,10
project/sim_ext.py --sim-time 0.5 --seq-graph project/file/graph_15_nodes.json --traffic project/file/traffic_15_nodes_net.json --inspection-rate 0.001 --mess-rate 0.002 --algorithm centflow,0.21649712951893335,4,10,10,10,10,10,10,0,10,3,10,10,10,10,10,0,10,10,3,10,10,10,10,10,10,0,10,10,10,5,10,0,10,10,0,0,10,10,10,10,10,10,10,10
project/sim_ext.py --sim-time 0.5 --seq-graph project/file/graph_15_nodes.json --traffic project/file/traffic_15_nodes_net.json --inspection-rate 0.001 --mess-rate 0.002 --algorithm centflow,0.21753700000099999,4,10,10,10,10,10,10,0,10,5,10,10,10,10,10,1,10,10,6,10,10,10,10,10,10,0,10,10,10,6,10,1,10,10,0,0,10,10,10,10,10,10,10,10
project/sim_ext.py --sim-time 0.5 --seq-graph project/file/graph_15_nodes.json --traffic project/file/traffic_15_nodes_net.json --inspection-rate 0.001 --mess-rate 0.002 --algorithm centflow,0.218573000001,4,10,10,10,10,10,10,0,10,5,10,10,10,10,10,0,10,10,8,10,10,10,10,10,10,0,10,10,10,8,10,2,10,10,0,0,10,10,10,10,10,10,10,10
project/sim_ext.py --sim-time 0.5 --seq-graph project/file/graph_15_nodes.json --traffic project/file/traffic_15_nodes_net.json --inspection-rate 0.001 --mess-rate 0.002 --algorithm centflow,0.21960210166452207,4,10,10,10,10,10,10,2,10,5,10,10,10,10,10,0,10,10,10,10,10,10,10,10,10,0,10,10,10,9,10,2,10,10,0,0,10,10,10,10,10,10,10,10
project/sim_ext.py --sim-time 0.5 --seq-graph project/file/graph_15_nodes.json --traffic project/file/traffic_15_nodes_net.json --inspection-rate 0.001 --mess-rate 0.002 --algorithm centflow,0.2206299459980498,4,10,10,10,10,10,10,3,10,5,10,10,10,10,10,0,10,10,10,10,10,10,10,10,10,0,10,10,10,10,10,0,10,10,0,2,10,10,10,10,10,10,10,10
project/sim_ext.py --sim-time 0.5 --seq-graph project/file/graph_15_nodes.json --traffic project/file/traffic_15_nodes_net.json --inspection-rate 0.001 --mess-rate 0.002 --algorithm centflow,0.2216731328420015,4,10,10,10,10,10,10,5,10,5,10,10,10,10,10,1,10,10,10,10,10,10,10,10,10,0,10,10,10,10,10,0,10,10,0,0,10,10,10,10,10,10,10,10
project/sim_ext.py --sim-time 0.5 --seq-graph project/file/graph_15_nodes.json --traffic project/file/traffic_15_nodes_net.json --inspection-rate 0.001 --mess-rate 0.002 --algorithm centflow,0.222702000001,6,10,10,10,10,10,10,6,10,6,10,10,10,10,10,1,10,10,10,10,10,10,10,10,10,0,10,10,10,10,10,0,10,10,0,0,10,10,10,10,10,10,10,10
project/sim_ext.py --sim-time 0.5 --seq-graph project/file/graph_15_nodes.json --traffic project/file/traffic_15_nodes_net.json --inspection-rate 0.001 --mess-rate 0.002 --algorithm centflow,0.22374537630532249,6,10,10,10,10,10,10,7,10,6,10,10,10,10,10,1,10,10,10,10,10,10,10,10,10,0,10,10,10,10,10,0,10,10,0,0,10,10,10,10,10,10,10,10
project/sim_ext.py --sim-time 0.5 --seq-graph project/file/graph_15_nodes.json --traffic project/file/traffic_15_nodes_net.json --inspection-rate 0.001 --mess-rate 0.002 --algorithm centflow,0.224758399997,0,3,0,7,7,0,0,0,6,0,2,1,9,8,0,0,2,0,0,0,10,4,7,0,2,0,5,6,0,0,0,0,2,0,0,0,0,0,0,10,0,0,1,0
project/sim_ext.py --sim-time 0.5 --seq-graph project/file/graph_15_nodes.json --traffic project/file/traffic_15_nodes_net.json --inspection-rate 0.001 --mess-rate 0.002 --algorithm centflow,0.225775999997,0,2,0,2,0,2,2,0,0,0,2,0,0,0,5,0,0,1,0,0,10,0,1,0,1,0,1,2,0,0,0,0,0,0,0,0,0,2,7,10,1,0,2,2
project/sim_ext.py --sim-time 0.5 --seq-graph project/file/graph_15_nodes.json --traffic project/file/traffic_15_nodes_net.json --inspection-rate 0.001 --mess-rate 0.002 --algorithm centflow,0.226797799997,0,5,0,0,0,0,0,3,5,0,0,0,1,1,0,0,0,0,0,0,10,4,2,0,0,2,0,0,0,0,0,0,0,0,0,0,0,0,0,10,5,0,0,0
project/sim_ext.py --sim-time 0.5 --seq-graph project/file/graph_15_nodes.json --traffic project/file/traffic_15_nodes_net.json --inspection-rate 0.001 --mess-rate 0.002 --algorithm centflow,0.22782399999699998,0,10,0,8,1,0,0,3,10,0,0,0,3,2,0,0,0,5,0,0,10,0,7,0,0,0,4,0,1,0,0,0,0,0,0,0,5,1,0,10,1,1,1,1
project/sim_ext.py --sim-time 0.5 --seq-graph project/file/graph_15_nodes.json --traffic project/file/traffic_15_nodes_net.json --inspection-rate 0.001 --mess-rate 0.002 --algorithm centflow,0.228877799997,2,10,0,10,3,0,1,0,10,0,0,0,5,3,0,0,0,6,0,0,10,3,9,0,0,0,5,0,4,0,1,0,0,1,0,0,10,10,8,10,5,10,2,7
project/sim_ext.py --sim-time 0.5 --seq-graph project/file/graph_15_nodes.json --traffic project/file/traffic_15_nodes_net.json --inspection-rate 0.001 --mess-rate 0.002 --algorithm centflow,0.229904999989,0,10,0,10,6,1,4,4,10,0,3,0,7,5,0,0,0,0,0,0,10,5,10,1,0,0,7,0,6,0,2,0,0,7,1,0,10,10,10,10,10,10,5,10
project/sim_ext.py --sim-time 0.5 --seq-graph project/file/graph_15_nodes.json --traffic project/file/traffic_15_nodes_net.json --inspection-rate 0.001 --mess-rate 0.002 --algorithm centflow,0.23093935856512735,0,10,0,10,8,4,0,8,10,1,3,1,9,8,0,0,7,0,0,0,10,10,10,2,0,0,7,3,3,2,4,0,0,0,0,2,10,10,10,10,10,10,10,10
project/sim_ext.py --sim-time 0.5 --seq-graph project/file/graph_15_nodes.json --traffic project/file/traffic_15_nodes_net.json --inspection-rate 0.001 --mess-rate 0.002 --algorithm centflow,0.232010000001,0,10,1,10,9,10,3,10,10,0,4,3,10,9,0,0,7,0,1,0,10,10,10,2,0,0,8,4,7,0,4,0,4,5,0,0,10,10,10,10,10,10,10,10
project/sim_ext.py --sim-time 0.5 --seq-graph project/file/graph_15_nodes.json --traffic project/file/traffic_15_nodes_net.json --inspection-rate 0.001 --mess-rate 0.002 --algorithm centflow,0.2330767491436061,0,10,3,10,10,10,4,10,10,0,5,4,10,9,0,0,9,0,0,0,10,10,10,2,0,0,10,6,9,0,5,0,9,10,0,0,10,10,10,10,10,10,10,10
project/sim_ext.py --sim-time 0.5 --seq-graph project/file/graph_15_nodes.json --traffic project/file/traffic_15_nodes_net.json --inspection-rate 0.001 --mess-rate 0.002 --algorithm centflow,0.23411760470816784,0,10,0,10,10,0,0,10,10,0,8,10,10,10,0,0,10,0,0,1,10,10,10,3,0,1,10,10,10,0,6,2,10,10,0,0,10,10,10,10,10,10,10,10
project/sim_ext.py --sim-time 0.5 --seq-graph project/file/graph_15_nodes.json --traffic project/file/traffic_15_nodes_net.json --inspection-rate 0.001 --mess-rate 0.002 --algorithm centflow,0.23517118087196529,0,10,0,10,10,0,0,10,10,0,10,10,10,10,1,0,10,0,0,2,10,10,10,3,0,3,10,10,10,0,0,0,10,10,0,0,10,10,10,10,10,10,10,10
project/sim_ext.py --sim-time 0.5 --seq-graph project/file/graph_15_nodes.json --traffic project/file/traffic_15_nodes_net.json --inspection-rate 0.001 --mess-rate 0.002 --algorithm centflow,0.23620466809191945,0,10,0,10,10,0,0,0,10,0,10,10,10,10,2,0,10,0,0,4,10,10,10,0,0,0,10,10,10,0,0,0,10,10,3,0,10,10,10,10,10,10,10,10
project/sim_ext.py --sim-time 0.5 --seq-graph project/file/graph_15_nodes.json --traffic project/file/traffic_15_nodes_net.json --inspection-rate 0.001 --mess-rate 0.002 --algorithm centflow,0.23724535113625966,0,10,0,10,10,0,1,0,10,0,10,10,10,10,0,0,10,0,0,8,10,10,10,0,1,0,10,10,10,0,0,0,10,10,4,4,10,10,10,10,10,10,10,10
project/sim_ext.py --sim-time 0.5 --seq-graph project/file/graph_15_nodes.json --traffic project/file/traffic_15_nodes_net.json --inspection-rate 0.001 --mess-rate 0.002 --algorithm centflow,0.238255000001,2,10,5,10,10,0,5,0,10,0,10,10,10,10,0,0,10,1,0,10,10,10,10,0,0,0,10,10,10,0,0,0,10,10,0,0,10,10,10,10,10,10,10,10
project/sim_ext.py --sim-time 0.5 --seq-graph project/file/graph_15_nodes.json --traffic project/file/traffic_15_nodes_net.json --inspection-rate 0.001 --mess-rate 0.002 --algorithm centflow,0.23931421970907282,0,10,7,10,10,0,7,0,10,0,10,10,10,10,3,0,10,0,0,10,10,10,10,0,0,0,10,10,10,0,1,0,10,10,0,0,10,10,10,10,10,10,10,10
project/sim_ext.py --sim-time 0.5 --seq-graph project/file/graph_15_nodes.json --traffic project/file/traffic_15_nodes_net.json --inspection-rate 0.001 --mess-rate 0.002 --algorithm centflow,0.24031990254390032,0,10,8,10,10,1,10,0,10,0,10,10,10,10,5,0,10,0,0,10,10,10,10,1,0,0,10,10,10,1,0,0,10,10,1,0,10,10,10,10,10,10,10,10
project/sim_ext.py --sim-time 0.5 --seq-graph project/file/graph_15_nodes.json --traffic project/file/traffic_15_nodes_net.json --inspection-rate 0.001 --mess-rate 0.002 --algorithm centflow,0.241385000001,0,10,9,10,10,0,10,0,10,0,10,10,10,10,5,0,10,0,0,10,10,10,10,5,0,0,10,10,10,0,2,1,10,10,5,0,10,10,10,10,10,10,10,10
project/sim_ext.py --sim-time 0.5 --seq-graph project/file/graph_15_nodes.json --traffic project/file/traffic_15_nodes_net.json --inspection-rate 0.001 --mess-rate 0.002 --algorithm centflow,0.242448000001,0,10,10,10,10,2,10,2,10,0,10,10,10,10,6,0,10,2,1,10,10,10,10,6,1,0,10,10,10,4,0,0,10,10,5,0,10,10,10,10,10,10,10,10
project/sim_ext.py --sim-time 0.5 --seq-graph project/file/graph_15_nodes.json --traffic project/file/traffic_15_nodes_net.json --inspection-rate 0.001 --mess-rate 0.002 --algorithm centflow,0.243495000001,1,10,10,10,10,4,0,5,10,0,10,10,10,10,7,0,10,2,1,10,10,10,10,10,1,0,10,10,10,5,0,0,10,10,6,1,10,10,10,10,10,10,10,10
project/sim_ext.py --sim-time 0.5 --seq-graph project/file/graph_15_nodes.json --traffic project/file/traffic_15_nodes_net.json --inspection-rate 0.001 --mess-rate 0.002 --algorithm centflow,0.244523999997,1,10,10,10,10,4,3,7,10,0,10,10,10,10,10,0,10,6,3,10,2,10,10,10,2,0,10,10,10,8,3,0,10,10,8,0,10,10,10,3,10,10,10,10
project/sim_ext.py --sim-time 0.5 --seq-graph project/file/graph_15_nodes.json --traffic project/file/traffic_15_nodes_net.json --inspection-rate 0.001 --mess-rate 0.002 --algorithm centflow,0.24553700000099998,2,10,10,10,10,6,10,0,10,1,10,10,10,10,10,0,10,8,7,10,1,10,10,10,2,0,10,10,10,10,4,0,10,10,9,0,10,10,10,0,10,10,10,10
project/sim_ext.py --sim-time 0.5 --seq-graph project/file/graph_15_nodes.json --traffic project/file/traffic_15_nodes_net.json --inspection-rate 0.001 --mess-rate 0.002 --algorithm centflow,0.246575000001,2,10,10,10,10,10,10,1,10,1,10,10,10,10,10,0,10,10,8,10,0,10,10,10,2,0,10,10,10,10,7,0,10,10,10,0,10,10,10,0,10,10,10,10
project/sim_ext.py --sim-time 0.5 --seq-graph project/file/graph_15_nodes.json --traffic project/file/traffic_15_nodes_net.json --inspection-rate 0.001 --mess-rate 0.002 --algorithm centflow,0.24761082889494027,4,10,10,10,10,10,10,0,10,1,10,10,10,10,10,0,10,10,10,10,1,10,10,10,4,1,10,10,10,10,7,0,10,10,0,0,10,10,10,0,10,10,10,10
project/sim_ext.py --sim-time 0.5 --seq-graph project/file/graph_15_nodes.json --traffic project/file/traffic_15_nodes_net.json --inspection-rate 0.001 --mess-rate 0.002 --algorithm centflow,0.248637000001,4,10,10,10,10,10,10,1,10,2,10,10,10,10,10,0,10,10,10,10,0,10,10,10,4,0,10,10,10,10,10,0,10,10,0,0,10,10,10,0,10,10,10,10
project/sim_ext.py --sim-time 0.5 --seq-graph project/file/graph_15_nodes.json --traffic project/file/traffic_15_nodes_net.json --inspection-rate 0.001 --mess-rate 0.002 --algorithm centflow,0.24967225873732382,6,10,10,10,10,10,10,1,10,2,10,10,10,10,10,0,10,10,10,10,0,10,10,10,4,0,10,10,10,10,10,1,10,10,1,0,10,10,10,6,10,10,10,10
project/sim_ext.py --sim-time 0.5 --seq-graph project/file/graph_15_nodes.json --traffic project/file/traffic_15_nodes_net.json --inspection-rate 0.001 --mess-rate 0.002 --algorithm centflow,0.250711648194163,7,10,10,10,10,10,10,5,10,4,10,10,10,10,10,0,10,10,10,10,0,10,10,10,5,0,10,10,10,10,10,0,10,10,2,0,10,10,10,1,10,10,10,10
project/sim_ext.py --sim-time 0.5 --seq-graph project/file/graph_15_nodes.json --traffic project/file/traffic_15_nodes_net.json --inspection-rate 0.001 --mess-rate 0.002 --algorithm centflow,0.251738000001,9,10,10,10,10,10,10,0,10,5,10,10,10,10,10,0,10,10,10,10,0,10,10,10,5,0,10,10,10,10,10,0,10,10,5,0,10,10,10,3,10,10,10,10
project/sim_ext.py --sim-time 0.5 --seq-graph project/file/graph_15_nodes.json --traffic project/file/traffic_15_nodes_net.json --inspection-rate 0.001 --mess-rate 0.002 --algorithm centflow,0.2527675277094781,9,10,10,10,10,10,10,1,10,5,10,10,10,10,10,3,10,10,10,10,0,10,10,10,5,0,10,10,10,10,10,0,10,10,9,0,10,10,10,0,10,10,10,10
project/sim_ext.py --sim-time 0.5 --seq-graph project/file/graph_15_nodes.json --traffic project/file/traffic_15_nodes_net.json --inspection-rate 0.001 --mess-rate 0.002 --algorithm centflow,0.2537852406071541,10,10,10,10,10,10,10,1,10,6,10,10,10,10,10,5,10,10,10,10,0,10,10,10,6,0,10,10,10,10,10,0,10,10,9,0,10,10,10,1,10,10,10,10
project/sim_ext.py --sim-time 0.5 --seq-graph project/file/graph_15_nodes.json --traffic project/file/traffic_15_nodes_net.json --inspection-rate 0.001 --mess-rate 0.002 --algorithm centflow,0.254819199997,10,10,10,10,10,10,10,2,10,6,10,10,10,10,10,6,10,10,10,10,1,10,10,10,6,0,10,10,10,10,10,0,10,10,0,0,10,10,10,6,10,10,10,10
project/sim_ext.py --sim-time 0.5 --seq-graph project/file/graph_15_nodes.json --traffic project/file/traffic_15_nodes_net.json --inspection-rate 0.001 --mess-rate 0.002 --algorithm centflow,0.255854999989,10,10,10,10,10,10,10,4,10,6,10,10,10,10,10,7,10,10,10,10,2,10,10,10,6,0,10,10,10,10,10,0,10,10,0,0,10,10,10,10,10,10,10,10
project/sim_ext.py --sim-time 0.5 --seq-graph project/file/graph_15_nodes.json --traffic project/file/traffic_15_nodes_net.json --inspection-rate 0.001 --mess-rate 0.002 --algorithm centflow,0.2568767310312336,10,10,10,10,10,10,10,6,10,6,10,10,10,10,10,7,10,10,10,10,3,10,10,10,8,0,10,10,10,10,10,0,10,10,0,0,10,10,10,10,10,10,10,10
project/sim_ext.py --sim-time 0.5 --seq-graph project/file/graph_15_nodes.json --traffic project/file/traffic_15_nodes_net.json --inspection-rate 0.001 --mess-rate 0.002 --algorithm centflow,0.2578976708254331,10,10,10,10,10,10,10,8,10,8,10,10,10,10,10,8,10,10,10,10,3,10,10,10,10,0,10,10,10,10,10,0,10,10,0,0,10,10,10,10,10,10,10,10
project/sim_ext.py --sim-time 0.5 --seq-graph project/file/graph_15_nodes.json --traffic project/file/traffic_15_nodes_net.json --inspection-rate 0.001 --mess-rate 0.002 --algorithm centflow,0.25891476746372016,10,10,10,10,10,10,10,10,10,9,10,10,10,10,10,9,10,10,10,10,4,10,10,10,10,1,10,10,10,10,10,0,10,10,0,0,10,10,10,10,10,10,10,10
project/sim_ext.py --sim-time 0.5 --seq-graph project/file/graph_15_nodes.json --traffic project/file/traffic_15_nodes_net.json --inspection-rate 0.001 --mess-rate 0.002 --algorithm centflow,0.25994831066140717,10,10,10,10,10,10,10,10,10,10,10,10,10,10,10,9,10,10,10,10,5,10,10,10,10,1,10,10,10,10,10,1,10,10,0,0,10,10,10,10,10,10,10,10
project/sim_ext.py --sim-time 0.5 --seq-graph project/file/graph_15_nodes.json --traffic project/file/traffic_15_nodes_net.json --inspection-rate 0.001 --mess-rate 0.002 --algorithm centflow,0.26095950101873344,10,10,10,10,10,10,10,10,10,10,10,10,10,10,10,10,10,10,10,10,5,10,10,10,10,0,10,10,10,10,10,0,10,10,0,0,10,10,10,10,10,10,10,10
project/sim_ext.py --sim-time 0.5 --seq-graph project/file/graph_15_nodes.json --traffic project/file/traffic_15_nodes_net.json --inspection-rate 0.001 --mess-rate 0.002 --algorithm centflow,0.26203800000099997,10,10,10,10,10,10,10,10,10,10,10,10,10,10,10,10,10,10,10,10,5,10,10,10,10,0,10,10,10,10,10,0,10,10,0,0,10,10,10,10,10,10,10,10
project/sim_ext.py --sim-time 0.5 --seq-graph project/file/graph_15_nodes.json --traffic project/file/traffic_15_nodes_net.json --inspection-rate 0.001 --mess-rate 0.002 --algorithm centflow,0.26307164567326186,10,10,10,10,10,10,10,10,10,10,10,10,10,10,10,10,10,10,10,10,5,10,10,10,10,1,10,10,10,10,10,0,10,10,0,3,10,10,10,10,10,10,10,10
project/sim_ext.py --sim-time 0.5 --seq-graph project/file/graph_15_nodes.json --traffic project/file/traffic_15_nodes_net.json --inspection-rate 0.001 --mess-rate 0.002 --algorithm centflow,0.2640829151268969,10,10,10,10,10,10,10,10,10,10,10,10,10,10,10,10,10,10,10,10,5,10,10,10,10,0,10,10,10,10,10,0,10,10,1,4,10,10,10,10,10,10,10,10
project/sim_ext.py --sim-time 0.5 --seq-graph project/file/graph_15_nodes.json --traffic project/file/traffic_15_nodes_net.json --inspection-rate 0.001 --mess-rate 0.002 --algorithm centflow,0.26510790003299345,10,10,10,10,10,10,10,10,10,10,10,10,10,10,10,10,10,10,10,10,5,10,10,10,10,0,10,10,10,10,10,0,10,10,0,6,10,10,10,10,10,10,10,10
project/sim_ext.py --sim-time 0.5 --seq-graph project/file/graph_15_nodes.json --traffic project/file/traffic_15_nodes_net.json --inspection-rate 0.001 --mess-rate 0.002 --algorithm centflow,0.266119399997,0,1,0,0,0,0,0,1,0,0,0,1,0,0,0,0,2,0,0,0,10,0,0,0,1,0,0,0,0,0,0,0,0,1,0,0,1,1,0,10,2,0,0,1
project/sim_ext.py --sim-time 0.5 --seq-graph project/file/graph_15_nodes.json --traffic project/file/traffic_15_nodes_net.json --inspection-rate 0.001 --mess-rate 0.002 --algorithm centflow,0.267228799997,0,1,0,0,0,0,0,0,1,0,1,0,0,0,0,2,0,0,0,0,10,0,1,1,0,0,1,0,2,4,1,0,0,2,0,0,0,4,3,10,0,1,0,0
project/sim_ext.py --sim-time 0.5 --seq-graph project/file/graph_15_nodes.json --traffic project/file/traffic_15_nodes_net.json --inspection-rate 0.001 --mess-rate 0.002 --algorithm centflow,0.268237799997,1,4,0,8,0,0,0,0,7,0,5,0,1,0,0,4,0,0,0,0,10,0,6,0,6,0,0,0,0,0,0,0,0,1,0,0,2,1,0,10,6,0,2,0
project/sim_ext.py --sim-time 0.5 --seq-graph project/file/graph_15_nodes.json --traffic project/file/traffic_15_nodes_net.json --inspection-rate 0.001 --mess-rate 0.002 --algorithm centflow,0.269293799997,0,7,0,9,2,2,0,2,10,3,0,0,1,2,0,0,1,4,1,0,10,0,10,0,0,1,2,1,6,0,0,3,3,3,0,0,6,4,4,10,4,2,4,0
project/sim_ext.py --sim-time 0.5 --seq-graph project/file/graph_15_nodes.json --traffic project/file/traffic_15_nodes_net.json --inspection-rate 0.001 --mess-rate 0.002 --algorithm centflow,0.270320000001,0,10,3,9,2,5,2,5,10,0,2,0,5,4,0,0,0,0,0,0,10,1,10,0,1,1,3,1,3,1,0,3,4,7,0,0,10,8,10,10,10,6,10,6
project/sim_ext.py --sim-time 0.5 --seq-graph project/file/graph_15_nodes.json --traffic project/file/traffic_15_nodes_net.json --inspection-rate 0.001 --mess-rate 0.002 --algorithm centflow,0.271369000001,0,10,1,10,5,7,4,0,10,0,0,1,9,5,0,0,0,0,0,0,10,8,10,0,0,0,6,2,4,3,2,0,5,1,0,0,10,10,10,10,10,10,10,10
project/sim_ext.py --sim-time 0.5 --seq-graph project/file/graph_15_nodes.json --traffic project/file/traffic_15_nodes_net.json --inspection-rate 0.001 --mess-rate 0.002 --algorithm centflow,0.272384999997,0,10,0,10,7,0,4,0,10,0,0,3,10,7,0,3,0,0,0,0,10,9,10,0,0,1,10,4,8,5,0,1,5,0,0,0,10,10,10,10,10,10,10,10
project/sim_ext.py --sim-time 0.5 --seq-graph project/file/graph_15_nodes.json --traffic project/file/traffic_15_nodes_net.json --inspection-rate 0.001 --mess-rate 0.002 --algorithm centflow,0.273434599997,0,10,0,10,10,0,7,1,10,0,0,3,10,8,0,0,1,0,0,0,10,10,10,0,0,0,10,5,10,0,0,2,5,1,0,0,10,10,10,10,10,10,10,10
project/sim_ext.py --sim-time 0.5 --seq-graph project/file/graph_15_nodes.json --traffic project/file/traffic_15_nodes_net.json --inspection-rate 0.001 --mess-rate 0.002 --algorithm centflow,0.274477799997,0,10,0,10,10,0,0,0,10,0,0,5,10,10,1,0,3,0,0,0,10,10,10,1,0,0,10,6,10,0,0,0,7,4,0,0,10,10,10,10,10,10,10,10
project/sim_ext.py --sim-time 0.5 --seq-graph project/file/graph_15_nodes.json --traffic project/file/traffic_15_nodes_net.json --inspection-rate 0.001 --mess-rate 0.002 --algorithm centflow,0.2754866355105694,1,10,4,10,10,0,0,0,10,0,2,8,10,10,2,0,4,0,0,0,10,10,10,0,0,0,10,8,10,1,1,0,10,10,0,1,10,10,10,10,10,10,10,10
project/sim_ext.py --sim-time 0.5 --seq-graph project/file/graph_15_nodes.json --traffic project/file/traffic_15_nodes_net.json --inspection-rate 0.001 --mess-rate 0.002 --algorithm centflow,0.27652340577870027,0,10,6,10,10,0,2,1,10,0,4,8,10,10,2,0,8,1,0,2,10,10,10,0,0,1,10,9,10,0,3,0,10,10,0,3,10,10,10,10,10,10,10,10
project/sim_ext.py --sim-time 0.5 --seq-graph project/file/graph_15_nodes.json --traffic project/file/traffic_15_nodes_net.json --inspection-rate 0.001 --mess-rate 0.002 --algorithm centflow,0.277553999997,0,10,9,10,10,3,8,0,10,0,5,9,10,10,3,0,8,1,2,4,10,10,10,0,0,0,10,10,10,0,0,0,10,10,0,4,10,10,10,10,10,10,10,10
project/sim_ext.py --sim-time 0.5 --seq-graph project/file/graph_15_nodes.json --traffic project/file/traffic_15_nodes_net.json --inspection-rate 0.001 --mess-rate 0.002 --algorithm centflow,0.278577999997,1,10,10,10,10,0,10,0,10,0,9,9,10,10,4,0,10,2,0,6,10,10,10,2,0,0,10,10,10,0,0,0,10,10,4,0,10,10,10,10,10,10,10,10
project/sim_ext.py --sim-time 0.5 --seq-graph project/file/graph_15_nodes.json --traffic project/file/traffic_15_nodes_net.json --inspection-rate 0.001 --mess-rate 0.002 --algorithm centflow,0.27960500000099997,0,10,10,10,10,0,0,0,10,0,10,10,10,10,6,0,10,2,0,9,10,10,10,5,0,0,10,10,10,0,0,0,10,10,4,0,10,10,10,10,10,10,10,10
project/sim_ext.py --sim-time 0.5 --seq-graph project/file/graph_15_nodes.json --traffic project/file/traffic_15_nodes_net.json --inspection-rate 0.001 --mess-rate 0.002 --algorithm centflow,0.280654999993,0,10,10,10,10,1,0,0,10,1,10,10,10,10,7,0,10,3,0,9,10,10,10,6,0,0,10,10,10,0,2,1,10,10,1,0,10,10,10,10,10,10,10,10
project/sim_ext.py --sim-time 0.5 --seq-graph project/file/graph_15_nodes.json --traffic project/file/traffic_15_nodes_net.json --inspection-rate 0.001 --mess-rate 0.002 --algorithm centflow,0.28168600337160016,0,10,10,10,10,3,3,0,10,1,10,10,10,10,8,0,10,5,0,9,10,10,10,9,0,0,10,10,10,1,0,1,10,10,3,0,10,10,10,10,10,10,10,10
project/sim_ext.py --sim-time 0.5 --seq-graph project/file/graph_15_nodes.json --traffic project/file/traffic_15_nodes_net.json --inspection-rate 0.001 --mess-rate 0.002 --algorithm centflow,0.28269935606171886,0,10,10,10,10,8,4,0,10,1,10,10,10,10,9,0,10,7,1,10,10,10,10,10,1,0,10,10,10,0,3,2,10,10,5,0,10,10,10,10,10,10,10,10
project/sim_ext.py --sim-time 0.5 --seq-graph project/file/graph_15_nodes.json --traffic project/file/traffic_15_nodes_net.json --inspection-rate 0.001 --mess-rate 0.002 --algorithm centflow,0.28375999999699997,0,10,10,10,10,10,6,2,10,3,10,10,10,10,9,0,10,7,1,10,10,10,10,10,2,0,10,10,10,0,6,3,10,10,6,0,10,10,10,10,10,10,10,10
project/sim_ext.py --sim-time 0.5 --seq-graph project/file/graph_15_nodes.json --traffic project/file/traffic_15_nodes_net.json --inspection-rate 0.001 --mess-rate 0.002 --algorithm centflow,0.28477539999699997,0,10,10,10,10,10,7,7,10,4,10,10,10,10,9,0,10,7,1,10,10,10,10,10,3,0,10,10,10,0,10,3,10,10,7,0,10,10,10,10,10,10,10,10
project/sim_ext.py --sim-time 0.5 --seq-graph project/file/graph_15_nodes.json --traffic project/file/traffic_15_nodes_net.json --inspection-rate 0.001 --mess-rate 0.002 --algorithm centflow,0.285851790983642,0,10,10,10,10,10,9,8,10,6,10,10,10,10,9,0,10,9,0,10,10,10,10,10,5,0,10,10,10,0,10,4,10,10,10,0,10,10,10,10,10,10,10,10
project/sim_ext.py --sim-time 0.5 --seq-graph project/file/graph_15_nodes.json --traffic project/file/traffic_15_nodes_net.json --inspection-rate 0.001 --mess-rate 0.002 --algorithm centflow,0.2869107707494759,0,10,10,10,10,8,10,0,10,8,10,10,10,10,10,1,10,9,1,10,10,10,10,10,6,1,10,10,10,1,10,4,10,10,0,0,10,10,10,9,10,10,10,10
project/sim_ext.py --sim-time 0.5 --seq-graph project/file/graph_15_nodes.json --traffic project/file/traffic_15_nodes_net.json --inspection-rate 0.001 --mess-rate 0.002 --algorithm centflow,0.287930599997,0,10,10,10,10,10,10,2,10,8,10,10,10,10,10,0,10,10,3,10,0,10,10,10,9,2,10,10,10,3,10,4,10,10,0,0,10,10,10,4,10,10,10,10
project/sim_ext.py --sim-time 0.5 --seq-graph project/file/graph_15_nodes.json --traffic project/file/traffic_15_nodes_net.json --inspection-rate 0.001 --mess-rate 0.002 --algorithm centflow,0.288946399997,1,10,10,10,10,10,10,2,10,8,10,10,10,10,10,1,10,10,6,10,0,10,10,10,10,0,10,10,10,5,10,0,10,10,2,1,10,10,10,0,10,10,10,10
project/sim_ext.py --sim-time 0.5 --seq-graph project/file/graph_15_nodes.json --traffic project/file/traffic_15_nodes_net.json --inspection-rate 0.001 --mess-rate 0.002 --algorithm centflow,0.290008000001,2,10,10,10,10,10,10,4,10,9,10,10,10,10,10,4,10,10,8,10,0,10,10,10,10,0,10,10,10,5,10,0,10,10,3,0,10,10,10,0,10,10,10,10
project/sim_ext.py --sim-time 0.5 --seq-graph project/file/graph_15_nodes.json --traffic project/file/traffic_15_nodes_net.json --inspection-rate 0.001 --mess-rate 0.002 --algorithm centflow,0.291083599997,2,10,10,10,10,10,10,7,10,10,10,10,10,10,10,5,10,10,10,10,0,10,10,10,10,0,10,10,10,7,10,0,10,10,0,0,10,10,10,2,10,10,10,10
project/sim_ext.py --sim-time 0.5 --seq-graph project/file/graph_15_nodes.json --traffic project/file/traffic_15_nodes_net.json --inspection-rate 0.001 --mess-rate 0.002 --algorithm centflow,0.2921148192112719,4,10,10,10,10,10,10,9,10,10,10,10,10,10,10,5,10,10,10,10,0,10,10,10,10,1,10,10,10,8,10,0,10,10,0,1,10,10,10,8,10,10,10,10
project/sim_ext.py --sim-time 0.5 --seq-graph project/file/graph_15_nodes.json --traffic project/file/traffic_15_nodes_net.json --inspection-rate 0.001 --mess-rate 0.002 --algorithm centflow,0.29314554641073703,4,10,10,10,10,10,10,10,10,10,10,10,10,10,10,5,10,10,10,10,0,10,10,10,10,0,10,10,10,9,10,0,10,10,1,2,10,10,10,10,10,10,10,10
project/sim_ext.py --sim-time 0.5 --seq-graph project/file/graph_15_nodes.json --traffic project/file/traffic_15_nodes_net.json --inspection-rate 0.001 --mess-rate 0.002 --algorithm centflow,0.294191000001,4,10,10,10,10,10,10,10,10,10,10,10,10,10,10,6,10,10,10,10,0,10,10,10,10,0,10,10,10,10,10,0,10,10,0,5,10,10,10,10,10,10,10,10
project/sim_ext.py --sim-time 0.5 --seq-graph project/file/graph_15_nodes.json --traffic project/file/traffic_15_nodes_net.json --inspection-rate 0.001 --mess-rate 0.002 --algorithm centflow,0.29521622797394037,4,10,10,10,10,10,10,10,10,10,10,10,10,10,10,6,10,10,10,10,0,10,10,10,10,0,10,10,10,10,10,0,10,10,0,0,10,10,10,10,10,10,10,10
project/sim_ext.py --sim-time 0.5 --seq-graph project/file/graph_15_nodes.json --traffic project/file/traffic_15_nodes_net.json --inspection-rate 0.001 --mess-rate 0.002 --algorithm centflow,0.296239999997,0,7,2,10,10,0,0,0,10,0,5,8,8,6,1,0,8,4,1,7,9,9,7,4,3,1,8,6,5,3,1,0,9,1,0,0,1,2,4,2,4,0,3,4
project/sim_ext.py --sim-time 0.5 --seq-graph project/file/graph_15_nodes.json --traffic project/file/traffic_15_nodes_net.json --inspection-rate 0.001 --mess-rate 0.002 --algorithm centflow,0.297242599997,0,1,0,0,0,1,0,0,0,0,0,1,4,0,0,3,0,0,0,0,10,0,0,0,0,0,0,1,0,1,1,0,1,0,0,1,0,0,0,4,2,0,0,0
project/sim_ext.py --sim-time 0.5 --seq-graph project/file/graph_15_nodes.json --traffic project/file/traffic_15_nodes_net.json --inspection-rate 0.001 --mess-rate 0.002 --algorithm centflow,0.298260199997,1,1,0,0,4,0,0,0,0,2,0,0,0,0,2,0,0,0,0,0,10,0,0,0,0,2,0,0,4,0,0,0,0,0,0,0,0,2,3,10,0,0,1,1
project/sim_ext.py --sim-time 0.5 --seq-graph project/file/graph_15_nodes.json --traffic project/file/traffic_15_nodes_net.json --inspection-rate 0.001 --mess-rate 0.002 --algorithm centflow,0.299296999997,0,4,0,2,0,0,0,0,1,0,0,2,0,5,0,0,0,0,1,0,10,1,6,0,0,0,0,0,0,0,0,0,6,0,0,0,0,3,5,10,2,0,0,0
project/sim_ext.py --sim-time 0.5 --seq-graph project/file/graph_15_nodes.json --traffic project/file/traffic_15_nodes_net.json --inspection-rate 0.001 --mess-rate 0.002 --algorithm centflow,0.300397799997,0,7,0,8,2,0,1,0,7,0,4,5,0,7,0,0,1,2,5,0,10,2,10,0,0,1,0,0,4,0,0,0,9,0,2,0,0,0,9,10,8,2,7,6
project/sim_ext.py --sim-time 0.5 --seq-graph project/file/graph_15_nodes.json --traffic project/file/traffic_15_nodes_net.json --inspection-rate 0.001 --mess-rate 0.002 --algorithm centflow,0.3014357263739267,0,8,1,8,6,0,3,0,10,0,6,5,1,9,0,1,3,2,5,0,10,3,10,0,0,3,0,1,9,0,2,0,10,0,0,0,6,4,10,10,10,10,10,10
project/sim_ext.py --sim-time 0.5 --seq-graph project/file/graph_15_nodes.json --traffic project/file/traffic_15_nodes_net.json --inspection-rate 0.001 --mess-rate 0.002 --algorithm centflow,0.3025147079617048,0,9,0,10,8,0,5,3,10,0,9,6,3,10,0,0,7,0,0,0,10,3,10,0,0,0,0,4,10,0,5,1,10,4,0,0,10,10,10,10,10,10,10,10
project/sim_ext.py --sim-time 0.5 --seq-graph project/file/graph_15_nodes.json --traffic project/file/traffic_15_nodes_net.json --inspection-rate 0.001 --mess-rate 0.002 --algorithm centflow,0.303549000001,1,10,0,10,8,0,7,1,10,0,10,8,4,10,1,0,9,0,0,1,10,5,10,3,0,0,5,7,10,1,0,0,10,5,1,0,10,10,10,10,10,10,10,10
project/sim_ext.py --sim-time 0.5 --seq-graph project/file/graph_15_nodes.json --traffic project/file/traffic_15_nodes_net.json --inspection-rate 0.001 --mess-rate 0.002 --algorithm centflow,0.304617000001,0,10,1,10,10,1,9,0,10,0,10,8,6,10,0,0,10,0,0,4,10,6,10,0,0,0,6,10,10,4,0,0,10,10,0,1,10,10,10,10,10,10,10,10
project/sim_ext.py --sim-time 0.5 --seq-graph project/file/graph_15_nodes.json --traffic project/file/traffic_15_nodes_net.json --inspection-rate 0.001 --mess-rate 0.002 --algorithm centflow,0.3057053429349739,0,10,2,10,10,6,0,0,10,0,10,10,10,10,0,0,10,0,3,4,10,8,10,0,0,0,10,10,10,0,0,0,10,10,0,3,10,10,10,10,10,10,10,10
project/sim_ext.py --sim-time 0.5 --seq-graph project/file/graph_15_nodes.json --traffic project/file/traffic_15_nodes_net.json --inspection-rate 0.001 --mess-rate 0.002 --algorithm centflow,0.3067302248147481,0,10,0,10,10,8,0,0,10,0,10,10,10,10,0,0,10,0,0,5,10,10,10,0,2,0,10,10,10,1,0,0,10,10,0,7,10,10,10,10,10,10,10,10
project/sim_ext.py --sim-time 0.5 --seq-graph project/file/graph_15_nodes.json --traffic project/file/traffic_15_nodes_net.json --inspection-rate 0.001 --mess-rate 0.002 --algorithm centflow,0.307751399997,0,10,0,10,10,5,0,0,10,0,10,10,10,10,1,0,10,0,1,5,10,10,10,3,0,0,10,10,10,0,0,0,10,10,0,0,10,10,10,10,10,10,10,10
project/sim_ext.py --sim-time 0.5 --seq-graph project/file/graph_15_nodes.json --traffic project/file/traffic_15_nodes_net.json --inspection-rate 0.001 --mess-rate 0.002 --algorithm centflow,0.30878893086590065,0,10,1,10,10,0,5,0,10,0,10,10,10,10,0,0,10,0,0,6,10,10,10,5,3,0,10,10,10,0,0,0,10,10,0,0,10,10,10,10,10,10,10,10
project/sim_ext.py --sim-time 0.5 --seq-graph project/file/graph_15_nodes.json --traffic project/file/traffic_15_nodes_net.json --inspection-rate 0.001 --mess-rate 0.002 --algorithm centflow,0.3098031428800444,0,10,3,10,10,1,9,0,10,0,10,10,10,10,1,0,10,1,0,9,10,10,10,5,0,0,10,10,10,2,0,0,10,10,0,0,10,10,10,10,10,10,10,10
project/sim_ext.py --sim-time 0.5 --seq-graph project/file/graph_15_nodes.json --traffic project/file/traffic_15_nodes_net.json --inspection-rate 0.001 --mess-rate 0.002 --algorithm centflow,0.310836199997,0,10,0,10,10,2,10,0,10,0,10,10,10,10,1,0,10,2,0,10,10,10,10,8,0,0,10,10,10,5,0,0,10,10,2,0,10,10,10,10,10,10,10,10
project/sim_ext.py --sim-time 0.5 --seq-graph project/file/graph_15_nodes.json --traffic project/file/traffic_15_nodes_net.json --inspection-rate 0.001 --mess-rate 0.002 --algorithm centflow,0.31187089445589805,0,10,3,10,10,7,0,0,10,1,10,10,10,10,0,0,10,2,0,10,10,10,10,10,3,0,10,10,10,0,2,1,10,10,4,0,10,10,10,10,10,10,10,10
project/sim_ext.py --sim-time 0.5 --seq-graph project/file/graph_15_nodes.json --traffic project/file/traffic_15_nodes_net.json --inspection-rate 0.001 --mess-rate 0.002 --algorithm centflow,0.312906000001,0,10,6,10,10,0,0,0,10,0,10,10,10,10,1,0,10,3,0,10,10,10,10,10,4,1,10,10,10,0,2,0,10,10,0,0,10,10,10,10,10,10,10,10
project/sim_ext.py --sim-time 0.5 --seq-graph project/file/graph_15_nodes.json --traffic project/file/traffic_15_nodes_net.json --inspection-rate 0.001 --mess-rate 0.002 --algorithm centflow,0.313940199997,0,10,9,10,10,1,0,2,10,1,10,10,10,10,3,0,10,5,1,10,10,10,10,10,5,0,10,10,10,0,3,0,10,10,0,0,10,10,10,10,10,10,10,10
project/sim_ext.py --sim-time 0.5 --seq-graph project/file/graph_15_nodes.json --traffic project/file/traffic_15_nodes_net.json --inspection-rate 0.001 --mess-rate 0.002 --algorithm centflow,0.3149657245136052,1,10,10,10,10,1,0,8,10,1,10,10,10,10,3,0,10,7,0,10,10,10,10,10,6,0,10,10,10,1,5,0,10,10,0,0,10,10,10,10,10,10,10,10
project/sim_ext.py --sim-time 0.5 --seq-graph project/file/graph_15_nodes.json --traffic project/file/traffic_15_nodes_net.json --inspection-rate 0.001 --mess-rate 0.002 --algorithm centflow,0.3159950282581906,1,10,10,10,10,3,0,8,10,1,10,10,10,10,3,0,10,10,0,10,10,10,10,10,7,1,10,10,10,5,7,0,10,10,0,1,10,10,10,10,10,10,10,10
project/sim_ext.py --sim-time 0.5 --seq-graph project/file/graph_15_nodes.json --traffic project/file/traffic_15_nodes_net.json --inspection-rate 0.001 --mess-rate 0.002 --algorithm centflow,0.31704000000099997,2,10,10,10,10,6,3,10,10,1,10,10,10,10,4,0,10,10,0,10,10,10,10,10,7,0,10,10,10,9,7,0,10,10,1,0,10,10,10,10,10,10,10,10
project/sim_ext.py --sim-time 0.5 --seq-graph project/file/graph_15_nodes.json --traffic project/file/traffic_15_nodes_net.json --inspection-rate 0.001 --mess-rate 0.002 --algorithm centflow,0.31806995563067686,2,10,10,10,10,9,5,10,10,1,10,10,10,10,5,0,10,10,0,10,10,10,10,10,8,0,10,10,10,10,9,0,10,10,0,0,10,10,10,10,10,10,10,10
project/sim_ext.py --sim-time 0.5 --seq-graph project/file/graph_15_nodes.json --traffic project/file/traffic_15_nodes_net.json --inspection-rate 0.001 --mess-rate 0.002 --algorithm centflow,0.319108000001,3,10,10,10,10,10,6,10,10,1,10,10,10,10,5,0,10,10,0,10,10,10,10,10,9,0,10,10,10,8,9,0,10,10,0,4,10,10,10,10,10,10,10,10
project/sim_ext.py --sim-time 0.5 --seq-graph project/file/graph_15_nodes.json --traffic project/file/traffic_15_nodes_net.json --inspection-rate 0.001 --mess-rate 0.002 --algorithm centflow,0.32014783048232304,3,10,10,10,10,10,6,0,10,3,10,10,10,10,5,0,10,10,1,10,10,10,10,10,9,0,10,10,10,9,9,0,10,10,0,6,10,10,10,10,10,10,10,10
project/sim_ext.py --sim-time 0.5 --seq-graph project/file/graph_15_nodes.json --traffic project/file/traffic_15_nodes_net.json --inspection-rate 0.001 --mess-rate 0.002 --algorithm centflow,0.321182000001,4,10,10,10,10,10,7,0,10,4,10,10,10,10,6,0,10,10,2,10,10,10,10,10,9,0,10,10,10,9,10,0,10,10,0,0,10,10,10,10,10,10,10,10
project/sim_ext.py --sim-time 0.5 --seq-graph project/file/graph_15_nodes.json --traffic project/file/traffic_15_nodes_net.json --inspection-rate 0.001 --mess-rate 0.002 --algorithm centflow,0.3222376397884357,5,10,10,10,10,10,10,1,10,4,10,10,10,10,8,0,10,10,3,10,10,10,10,10,10,0,10,10,10,10,10,0,10,10,2,0,10,10,10,10,10,10,10,10
project/sim_ext.py --sim-time 0.5 --seq-graph project/file/graph_15_nodes.json --traffic project/file/traffic_15_nodes_net.json --inspection-rate 0.001 --mess-rate 0.002 --algorithm centflow,0.32325679210889224,5,10,10,10,10,10,10,1,10,4,10,10,10,10,10,0,10,10,4,10,10,10,10,10,10,0,10,10,10,10,10,1,10,10,2,0,10,10,10,10,10,10,10,10
project/sim_ext.py --sim-time 0.5 --seq-graph project/file/graph_15_nodes.json --traffic project/file/traffic_15_nodes_net.json --inspection-rate 0.001 --mess-rate 0.002 --algorithm centflow,0.32428300000099997,5,10,10,10,10,10,10,5,10,4,10,10,10,10,10,0,10,10,5,10,10,10,10,10,10,0,10,10,10,10,10,1,10,10,7,0,10,10,10,10,10,10,10,10
project/sim_ext.py --sim-time 0.5 --seq-graph project/file/graph_15_nodes.json --traffic project/file/traffic_15_nodes_net.json --inspection-rate 0.001 --mess-rate 0.002 --algorithm centflow,0.3253005311486549,5,10,10,10,10,10,10,8,10,6,10,10,10,10,10,0,10,10,5,10,10,10,10,10,10,0,10,10,10,10,10,0,10,10,8,1,10,10,10,10,10,10,10,10
project/sim_ext.py --sim-time 0.5 --seq-graph project/file/graph_15_nodes.json --traffic project/file/traffic_15_nodes_net.json --inspection-rate 0.001 --mess-rate 0.002 --algorithm centflow,0.326325000001,5,10,10,10,10,10,10,10,10,6,10,10,10,10,10,2,10,10,7,10,10,10,10,10,10,0,10,10,10,10,10,0,10,10,9,0,10,10,10,10,10,10,10,10
project/sim_ext.py --sim-time 0.5 --seq-graph project/file/graph_15_nodes.json --traffic project/file/traffic_15_nodes_net.json --inspection-rate 0.001 --mess-rate 0.002 --algorithm centflow,0.327350399997,0,0,0,0,10,1,10,10,1,7,0,10,0,10,2,4,0,10,0,0,10,0,0,10,0,0,0,0,10,0,1,0,10,0,0,0,0,0,10,10,10,10,0,0
project/sim_ext.py --sim-time 0.5 --seq-graph project/file/graph_15_nodes.json --traffic project/file/traffic_15_nodes_net.json --inspection-rate 0.001 --mess-rate 0.002 --algorithm centflow,0.32839479402825367,0,0,0,0,10,0,10,10,1,7,1,10,4,10,0,4,0,10,0,0,10,0,0,10,0,2,0,0,10,0,0,0,10,3,0,0,1,0,10,10,10,10,7,4
project/sim_ext.py --sim-time 0.5 --seq-graph project/file/graph_15_nodes.json --traffic project/file/traffic_15_nodes_net.json --inspection-rate 0.001 --mess-rate 0.002 --algorithm centflow,0.329481599997,0,0,0,0,10,0,10,10,0,7,0,10,4,10,2,7,4,10,0,1,10,0,2,10,0,0,1,1,10,4,0,0,10,0,0,0,0,0,10,10,10,10,0,0
project/sim_ext.py --sim-time 0.5 --seq-graph project/file/graph_15_nodes.json --traffic project/file/traffic_15_nodes_net.json --inspection-rate 0.001 --mess-rate 0.002 --algorithm centflow,0.330518399997,0,0,0,4,10,5,10,10,0,7,1,10,0,10,5,7,0,10,1,0,8,0,8,10,0,0,0,0,10,0,1,0,10,3,0,0,4,10,10,8,10,10,0,0
project/sim_ext.py --sim-time 0.5 --seq-graph project/file/graph_15_nodes.json --traffic project/file/traffic_15_nodes_net.json --inspection-rate 0.001 --mess-rate 0.002 --algorithm centflow,0.3315502737731235,0,2,0,10,10,7,10,10,2,8,4,10,0,10,0,10,0,10,0,0,0,0,10,10,0,4,1,0,10,0,3,0,10,1,0,2,0,0,10,2,10,10,0,0
project/sim_ext.py --sim-time 0.5 --seq-graph project/file/graph_15_nodes.json --traffic project/file/traffic_15_nodes_net.json --inspection-rate 0.001 --mess-rate 0.002 --algorithm centflow,0.332564000001,0,4,0,10,10,8,10,10,4,10,0,10,0,10,0,10,0,10,1,2,0,0,10,10,0,0,2,1,10,0,0,0,10,0,1,0,5,0,10,0,10,10,2,5
project/sim_ext.py --sim-time 0.5 --seq-graph project/file/graph_15_nodes.json --traffic project/file/traffic_15_nodes_net.json --inspection-rate 0.001 --mess-rate 0.002 --algorithm centflow,0.33363474704730584,0,7,0,10,10,9,10,10,7,10,3,10,0,10,3,10,8,10,0,0,0,4,10,10,1,0,3,3,10,0,0,1,10,0,1,0,10,6,10,2,10,10,10,10
project/sim_ext.py --sim-time 0.5 --seq-graph project/file/graph_15_nodes.json --traffic project/file/traffic_15_nodes_net.json --inspection-rate 0.001 --mess-rate 0.002 --algorithm centflow,0.3346849331024365,0,9,1,10,10,10,10,10,7,10,5,10,0,10,0,10,10,10,0,0,0,6,10,10,0,0,3,4,10,2,0,0,10,0,4,0,10,10,10,0,10,10,10,10
project/sim_ext.py --sim-time 0.5 --seq-graph project/file/graph_15_nodes.json --traffic project/file/traffic_15_nodes_net.json --inspection-rate 0.001 --mess-rate 0.002 --algorithm centflow,0.335742000001,0,10,0,10,10,0,10,10,10,10,5,10,0,10,0,10,10,10,0,0,1,7,10,10,0,0,3,5,10,0,1,0,10,6,10,1,10,10,10,0,10,10,10,10
project/sim_ext.py --sim-time 0.5 --seq-graph project/file/graph_15_nodes.json --traffic project/file/traffic_15_nodes_net.json --inspection-rate 0.001 --mess-rate 0.002 --algorithm centflow,0.3367656636042775,0,10,0,10,10,0,10,10,10,10,6,10,0,10,1,10,10,10,0,0,0,7,10,10,0,0,6,8,10,0,3,0,10,9,0,0,10,10,10,2,10,10,10,10
project/sim_ext.py --sim-time 0.5 --seq-graph project/file/graph_15_nodes.json --traffic project/file/traffic_15_nodes_net.json --inspection-rate 0.001 --mess-rate 0.002 --algorithm centflow,0.3377834402860142,0,10,5,10,0,0,0,1,10,0,10,1,10,0,0,0,10,0,0,3,9,10,10,0,0,0,10,10,0,0,0,1,0,10,0,0,10,10,0,5,0,0,10,10
project/sim_ext.py --sim-time 0.5 --seq-graph project/file/graph_15_nodes.json --traffic project/file/traffic_15_nodes_net.json --inspection-rate 0.001 --mess-rate 0.002 --algorithm centflow,0.33885088863580237,0,10,0,10,1,0,0,0,10,1,10,0,10,0,0,0,10,0,0,8,10,10,10,0,0,1,10,10,2,1,6,0,0,10,0,1,10,10,0,8,0,0,10,10
project/sim_ext.py --sim-time 0.5 --seq-graph project/file/graph_15_nodes.json --traffic project/file/traffic_15_nodes_net.json --inspection-rate 0.001 --mess-rate 0.002 --algorithm centflow,0.339866599997,0,10,0,10,0,1,2,0,10,0,10,0,10,0,0,0,10,0,0,9,10,10,10,0,0,0,10,10,6,0,10,0,0,10,0,0,10,10,10,10,0,6,10,10
project/sim_ext.py --sim-time 0.5 --seq-graph project/file/graph_15_nodes.json --traffic project/file/traffic_15_nodes_net.json --inspection-rate 0.001 --mess-rate 0.002 --algorithm centflow,0.340935399997,0,10,4,10,0,0,0,2,10,0,10,0,10,1,0,0,10,1,1,9,10,10,10,0,0,0,10,10,2,0,0,1,0,10,3,0,10,10,0,10,0,6,10,10
project/sim_ext.py --sim-time 0.5 --seq-graph project/file/graph_15_nodes.json --traffic project/file/traffic_15_nodes_net.json --inspection-rate 0.001 --mess-rate 0.002 --algorithm centflow,0.341965000001,0,10,9,10,0,0,0,5,10,1,10,0,10,0,1,0,10,0,0,10,10,10,10,0,0,0,10,10,5,2,4,1,0,10,0,0,10,10,6,10,0,0,10,10
project/sim_ext.py --sim-time 0.5 --seq-graph project/file/graph_15_nodes.json --traffic project/file/traffic_15_nodes_net.json --inspection-rate 0.001 --mess-rate 0.002 --algorithm centflow,0.343013000001,0,10,10,10,0,0,0,0,10,0,10,0,10,0,1,0,10,0,1,10,10,10,10,0,0,1,10,10,0,0,6,0,3,10,0,0,10,10,6,10,8,0,10,10
project/sim_ext.py --sim-time 0.5 --seq-graph project/file/graph_15_nodes.json --traffic project/file/traffic_15_nodes_net.json --inspection-rate 0.001 --mess-rate 0.002 --algorithm centflow,0.3441043789004354,0,10,10,10,0,0,0,1,10,0,10,3,10,1,2,0,10,0,1,10,10,10,10,0,1,0,10,10,0,2,6,0,5,10,1,0,10,10,10,10,10,1,10,10
project/sim_ext.py --sim-time 0.5 --seq-graph project/file/graph_15_nodes.json --traffic project/file/traffic_15_nodes_net.json --inspection-rate 0.001 --mess-rate 0.002 --algorithm centflow,0.34516889130237666,0,10,10,10,3,0,0,0,10,0,10,2,10,5,4,0,10,0,2,10,10,10,10,0,3,0,10,10,1,3,9,0,6,10,0,0,10,10,10,10,10,8,10,10
project/sim_ext.py --sim-time 0.5 --seq-graph project/file/graph_15_nodes.json --traffic project/file/traffic_15_nodes_net.json --inspection-rate 0.001 --mess-rate 0.002 --algorithm centflow,0.34621126848538186,1,10,10,10,3,0,0,1,10,0,10,4,10,5,5,0,10,2,2,10,10,10,10,0,4,0,10,10,4,4,10,0,9,10,0,1,10,10,10,10,10,10,10,10
project/sim_ext.py --sim-time 0.5 --seq-graph project/file/graph_15_nodes.json --traffic project/file/traffic_15_nodes_net.json --inspection-rate 0.001 --mess-rate 0.002 --algorithm centflow,0.347252000001,3,10,10,10,4,4,0,2,10,0,10,4,10,5,5,0,10,0,2,10,10,10,10,1,6,0,10,10,7,5,10,0,9,10,0,3,10,10,10,10,10,10,10,10
project/sim_ext.py --sim-time 0.5 --seq-graph project/file/graph_15_nodes.json --traffic project/file/traffic_15_nodes_net.json --inspection-rate 0.001 --mess-rate 0.002 --algorithm centflow,0.34829950616601635,3,10,10,10,5,4,0,2,10,0,10,8,10,8,5,0,10,1,3,10,10,10,10,0,8,0,10,10,8,7,10,0,10,10,0,3,10,10,10,10,10,10,10,10
project/sim_ext.py --sim-time 0.5 --seq-graph project/file/graph_15_nodes.json --traffic project/file/traffic_15_nodes_net.json --inspection-rate 0.001 --mess-rate 0.002 --algorithm centflow,0.34932366285123956,3,10,10,10,7,8,0,3,10,0,10,10,10,10,6,0,10,2,4,10,10,10,10,0,10,0,10,10,10,9,10,0,10,10,0,4,10,10,10,10,10,10,10,10
project/sim_ext.py --sim-time 0.5 --seq-graph project/file/graph_15_nodes.json --traffic project/file/traffic_15_nodes_net.json --inspection-rate 0.001 --mess-rate 0.002 --algorithm centflow,0.350351460569465,5,10,10,10,7,10,0,0,10,0,10,10,10,10,6,1,10,1,6,10,10,10,10,0,10,0,10,10,10,10,10,0,10,10,2,6,10,10,10,10,10,10,10,10
project/sim_ext.py --sim-time 0.5 --seq-graph project/file/graph_15_nodes.json --traffic project/file/traffic_15_nodes_net.json --inspection-rate 0.001 --mess-rate 0.002 --algorithm centflow,0.3513785647975377,6,10,10,10,8,10,4,1,10,1,10,10,10,10,6,0,10,0,9,10,10,10,10,0,10,0,10,10,10,10,10,0,10,10,2,0,10,10,10,10,10,10,10,10
project/sim_ext.py --sim-time 0.5 --seq-graph project/file/graph_15_nodes.json --traffic project/file/traffic_15_nodes_net.json --inspection-rate 0.001 --mess-rate 0.002 --algorithm centflow,0.35248390237620897,7,10,10,10,9,10,7,2,10,2,10,10,10,10,8,0,10,0,10,10,10,10,10,0,10,0,10,10,10,10,10,0,10,10,2,1,10,10,10,10,10,10,10,10
project/sim_ext.py --sim-time 0.5 --seq-graph project/file/graph_15_nodes.json --traffic project/file/traffic_15_nodes_net.json --inspection-rate 0.001 --mess-rate 0.002 --algorithm centflow,0.3535039420390377,7,10,10,10,10,10,9,0,10,2,10,10,10,10,9,0,10,2,10,10,10,10,10,0,10,0,10,10,10,10,10,1,10,10,4,0,10,10,10,10,10,10,10,10
project/sim_ext.py --sim-time 0.5 --seq-graph project/file/graph_15_nodes.json --traffic project/file/traffic_15_nodes_net.json --inspection-rate 0.001 --mess-rate 0.002 --algorithm centflow,0.35457743364918903,7,10,10,10,10,10,10,0,10,2,10,10,10,10,10,0,10,4,10,10,10,10,10,0,10,0,10,10,10,10,10,0,10,10,7,0,10,10,10,10,10,10,10,10
project/sim_ext.py --sim-time 0.5 --seq-graph project/file/graph_15_nodes.json --traffic project/file/traffic_15_nodes_net.json --inspection-rate 0.001 --mess-rate 0.002 --algorithm centflow,0.35559324698166367,8,10,10,10,10,10,10,0,10,2,10,10,10,10,10,2,10,0,10,10,10,10,10,1,10,0,10,10,10,10,10,1,10,10,9,0,10,10,10,10,10,10,10,10
project/sim_ext.py --sim-time 0.5 --seq-graph project/file/graph_15_nodes.json --traffic project/file/traffic_15_nodes_net.json --inspection-rate 0.001 --mess-rate 0.002 --algorithm centflow,0.356615399997,8,10,10,10,10,10,10,2,10,3,10,10,10,10,10,0,10,1,10,10,10,10,10,1,10,0,10,10,10,10,10,0,10,10,10,2,10,10,10,10,10,10,10,10
project/sim_ext.py --sim-time 0.5 --seq-graph project/file/graph_15_nodes.json --traffic project/file/traffic_15_nodes_net.json --inspection-rate 0.001 --mess-rate 0.002 --algorithm centflow,0.3576316462259838,9,10,10,10,10,10,10,0,10,3,10,10,10,10,10,2,10,1,10,10,10,10,10,4,10,0,10,10,10,10,10,0,10,10,10,0,10,10,10,10,10,10,10,10
project/sim_ext.py --sim-time 0.5 --seq-graph project/file/graph_15_nodes.json --traffic project/file/traffic_15_nodes_net.json --inspection-rate 0.001 --mess-rate 0.002 --algorithm centflow,0.35866946389852505,9,10,10,10,10,10,10,2,10,3,10,10,10,10,10,1,10,4,10,10,10,10,10,5,10,0,10,10,10,10,10,1,10,10,10,0,10,10,10,10,10,10,10,10
project/sim_ext.py --sim-time 0.5 --seq-graph project/file/graph_15_nodes.json --traffic project/file/traffic_15_nodes_net.json --inspection-rate 0.001 --mess-rate 0.002 --algorithm centflow,0.359688000001,10,10,10,10,10,10,10,2,10,4,10,10,10,10,10,1,10,5,10,10,10,10,10,8,10,0,10,10,10,10,10,0,10,10,10,0,10,10,10,10,10,10,10,10
project/sim_ext.py --sim-time 0.5 --seq-graph project/file/graph_15_nodes.json --traffic project/file/traffic_15_nodes_net.json --inspection-rate 0.001 --mess-rate 0.002 --algorithm centflow,0.360746000001,10,10,10,10,10,10,10,2,10,4,10,10,10,10,10,1,10,6,10,10,10,10,10,10,10,0,10,10,10,10,10,0,10,10,10,2,10,10,10,10,10,10,10,10
project/sim_ext.py --sim-time 0.5 --seq-graph project/file/graph_15_nodes.json --traffic project/file/traffic_15_nodes_net.json --inspection-rate 0.001 --mess-rate 0.002 --algorithm centflow,0.36177480197395534,10,10,10,10,10,10,10,4,10,6,10,10,10,10,10,2,10,7,10,10,10,10,10,10,10,0,10,10,10,10,10,0,10,10,1,0,10,10,10,10,10,10,10,10
project/sim_ext.py --sim-time 0.5 --seq-graph project/file/graph_15_nodes.json --traffic project/file/traffic_15_nodes_net.json --inspection-rate 0.001 --mess-rate 0.002 --algorithm centflow,0.3628066035600397,10,10,10,10,10,10,10,5,10,6,10,10,10,10,10,2,10,10,10,10,10,10,10,10,10,0,10,10,10,10,10,0,10,10,1,0,10,10,10,10,10,10,10,10
project/sim_ext.py --sim-time 0.5 --seq-graph project/file/graph_15_nodes.json --traffic project/file/traffic_15_nodes_net.json --inspection-rate 0.001 --mess-rate 0.002 --algorithm centflow,0.3638478897532916,10,10,10,10,10,10,10,10,10,6,10,10,10,10,10,2,10,10,10,10,10,10,10,10,10,0,10,10,10,10,10,0,10,10,3,0,10,10,10,10,10,10,10,10
project/sim_ext.py --sim-time 0.5 --seq-graph project/file/graph_15_nodes.json --traffic project/file/traffic_15_nodes_net.json --inspection-rate 0.001 --mess-rate 0.002 --algorithm centflow,0.36489200000099997,10,10,10,10,10,10,10,10,10,6,10,10,10,10,10,3,10,10,10,10,10,10,10,10,10,0,10,10,10,10,10,0,10,10,4,1,10,10,10,10,10,10,10,10
project/sim_ext.py --sim-time 0.5 --seq-graph project/file/graph_15_nodes.json --traffic project/file/traffic_15_nodes_net.json --inspection-rate 0.001 --mess-rate 0.002 --algorithm centflow,0.365931999997,10,10,10,10,10,10,10,10,10,7,10,10,10,10,10,5,10,10,10,10,4,10,10,10,10,0,10,10,10,10,10,0,10,10,5,4,10,10,10,7,10,10,10,10
project/sim_ext.py --sim-time 0.5 --seq-graph project/file/graph_15_nodes.json --traffic project/file/traffic_15_nodes_net.json --inspection-rate 0.001 --mess-rate 0.002 --algorithm centflow,0.366950000001,10,10,10,10,10,10,10,10,10,8,10,10,10,10,10,6,10,10,10,10,0,10,10,10,10,0,10,10,10,10,10,0,10,10,8,0,10,10,10,0,10,10,10,10
project/sim_ext.py --sim-time 0.5 --seq-graph project/file/graph_15_nodes.json --traffic project/file/traffic_15_nodes_net.json --inspection-rate 0.001 --mess-rate 0.002 --algorithm centflow,0.367994599997,0,8,0,9,7,0,0,0,1,0,8,9,8,5,0,2,2,1,1,3,9,10,4,4,2,0,9,8,1,0,0,2,10,0,0,0,0,0,0,0,0,0,0,1
project/sim_ext.py --sim-time 0.5 --seq-graph project/file/graph_15_nodes.json --traffic project/file/traffic_15_nodes_net.json --inspection-rate 0.001 --mess-rate 0.002 --algorithm centflow,0.369006199997,0,0,0,0,0,2,0,0,8,0,0,0,0,0,1,5,1,2,0,1,1,0,5,0,0,0,0,0,0,0,0,3,0,0,0,0,2,0,0,0,2,2,0,0
project/sim_ext.py --sim-time 0.5 --seq-graph project/file/graph_15_nodes.json --traffic project/file/traffic_15_nodes_net.json --inspection-rate 0.001 --mess-rate 0.002 --algorithm centflow,0.370102399997,0,0,0,0,6,3,1,3,3,0,0,0,0,1,0,0,1,0,0,0,10,4,1,0,2,1,0,0,1,0,0,4,0,0,0,0,0,0,2,7,0,0,0,0
project/sim_ext.py --sim-time 0.5 --seq-graph project/file/graph_15_nodes.json --traffic project/file/traffic_15_nodes_net.json --inspection-rate 0.001 --mess-rate 0.002 --algorithm centflow,0.371130599997,0,5,5,6,0,7,0,0,10,0,4,1,1,0,0,0,0,0,4,0,10,0,4,2,5,0,0,0,0,0,0,0,1,1,0,0,2,5,0,10,0,0,0,0
project/sim_ext.py --sim-time 0.5 --seq-graph project/file/graph_15_nodes.json --traffic project/file/traffic_15_nodes_net.json --inspection-rate 0.001 --mess-rate 0.002 --algorithm centflow,0.372150399997,0,9,0,10,0,1,0,1,10,0,0,0,3,0,2,0,0,0,0,0,10,0,10,2,0,0,1,1,0,0,1,0,7,0,0,0,5,10,0,10,2,4,3,2
project/sim_ext.py --sim-time 0.5 --seq-graph project/file/graph_15_nodes.json --traffic project/file/traffic_15_nodes_net.json --inspection-rate 0.001 --mess-rate 0.002 --algorithm centflow,0.373199999997,0,10,0,10,1,4,0,0,10,0,1,1,6,3,0,0,0,0,0,2,10,4,10,3,0,0,1,4,2,1,0,0,10,0,0,0,10,10,0,10,10,9,10,8
project/sim_ext.py --sim-time 0.5 --seq-graph project/file/graph_15_nodes.json --traffic project/file/traffic_15_nodes_net.json --inspection-rate 0.001 --mess-rate 0.002 --algorithm centflow,0.374253799997,0,10,0,10,3,4,0,2,10,0,0,4,8,0,0,0,1,0,0,0,10,7,10,5,0,0,3,5,5,1,0,1,10,0,0,0,10,10,5,10,10,10,10,10
project/sim_ext.py --sim-time 0.5 --seq-graph project/file/graph_15_nodes.json --traffic project/file/traffic_15_nodes_net.json --inspection-rate 0.001 --mess-rate 0.002 --algorithm centflow,0.375290000001,0,10,0,10,5,7,0,0,10,1,3,8,9,0,1,0,4,0,0,0,10,10,10,0,0,0,4,7,7,0,0,0,10,4,3,0,10,10,10,10,10,10,10,10
project/sim_ext.py --sim-time 0.5 --seq-graph project/file/graph_15_nodes.json --traffic project/file/traffic_15_nodes_net.json --inspection-rate 0.001 --mess-rate 0.002 --algorithm centflow,0.3763453794921024,0,10,2,10,8,10,1,0,10,0,4,8,9,1,0,2,5,4,0,1,10,10,10,0,2,0,4,8,9,1,0,0,10,5,6,2,10,10,10,10,10,10,10,10
project/sim_ext.py --sim-time 0.5 --seq-graph project/file/graph_15_nodes.json --traffic project/file/traffic_15_nodes_net.json --inspection-rate 0.001 --mess-rate 0.002 --algorithm centflow,0.377408999997,0,10,2,10,10,0,2,0,10,0,9,9,9,2,0,2,7,3,0,6,10,10,10,0,1,0,6,10,10,1,1,0,10,9,10,5,10,10,10,10,10,10,10,10
project/sim_ext.py --sim-time 0.5 --seq-graph project/file/graph_15_nodes.json --traffic project/file/traffic_15_nodes_net.json --inspection-rate 0.001 --mess-rate 0.002 --algorithm centflow,0.378426000001,0,10,5,10,10,0,3,2,10,0,10,10,10,3,0,0,10,6,0,6,10,10,10,2,1,0,8,10,10,0,0,0,10,10,10,0,10,10,10,10,10,10,10,10
project/sim_ext.py --sim-time 0.5 --seq-graph project/file/graph_15_nodes.json --traffic project/file/traffic_15_nodes_net.json --inspection-rate 0.001 --mess-rate 0.002 --algorithm centflow,0.3794783833049802,0,10,7,10,10,0,6,0,10,0,10,10,10,4,0,0,10,6,2,8,10,10,10,3,0,0,10,10,10,0,0,0,10,10,0,0,10,10,10,10,10,10,10,10
project/sim_ext.py --sim-time 0.5 --seq-graph project/file/graph_15_nodes.json --traffic project/file/traffic_15_nodes_net.json --inspection-rate 0.001 --mess-rate 0.002 --algorithm centflow,0.380500249523175,1,10,10,10,10,0,0,0,10,0,10,10,10,7,2,0,10,8,1,9,10,10,10,5,0,0,10,10,10,0,3,1,10,10,0,0,10,10,10,10,10,10,10,10
project/sim_ext.py --sim-time 0.5 --seq-graph project/file/graph_15_nodes.json --traffic project/file/traffic_15_nodes_net.json --inspection-rate 0.001 --mess-rate 0.002 --algorithm centflow,0.3815181909795512,0,10,10,10,10,1,0,0,10,0,10,10,10,8,4,0,10,10,3,9,10,10,10,7,0,1,10,10,10,0,0,1,10,10,0,0,10,10,10,10,10,10,10,10
project/sim_ext.py --sim-time 0.5 --seq-graph project/file/graph_15_nodes.json --traffic project/file/traffic_15_nodes_net.json --inspection-rate 0.001 --mess-rate 0.002 --algorithm centflow,0.382543999997,0,10,10,10,10,4,0,0,10,0,10,10,10,8,4,1,10,10,0,10,10,10,10,8,0,0,10,10,10,0,1,1,10,10,2,0,10,10,10,10,10,10,10,10
project/sim_ext.py --sim-time 0.5 --seq-graph project/file/graph_15_nodes.json --traffic project/file/traffic_15_nodes_net.json --inspection-rate 0.001 --mess-rate 0.002 --algorithm centflow,0.38355668804842324,0,10,10,10,10,7,0,1,10,0,10,10,10,10,4,0,10,10,2,10,10,10,10,8,0,0,10,10,10,0,0,2,10,10,0,0,10,10,10,10,10,10,10,10
project/sim_ext.py --sim-time 0.5 --seq-graph project/file/graph_15_nodes.json --traffic project/file/traffic_15_nodes_net.json --inspection-rate 0.001 --mess-rate 0.002 --algorithm centflow,0.3845797468734886,0,10,10,10,10,8,0,1,10,0,10,10,10,10,6,0,10,10,2,10,10,10,10,9,0,0,10,10,10,3,0,0,10,10,2,0,10,10,10,10,10,10,10,10
project/sim_ext.py --sim-time 0.5 --seq-graph project/file/graph_15_nodes.json --traffic project/file/traffic_15_nodes_net.json --inspection-rate 0.001 --mess-rate 0.002 --algorithm centflow,0.385601000001,0,10,10,10,10,0,0,0,10,0,10,10,10,10,7,0,10,10,3,10,10,10,10,10,1,0,10,10,10,5,1,0,10,10,0,0,10,10,10,10,10,10,10,10
project/sim_ext.py --sim-time 0.5 --seq-graph project/file/graph_15_nodes.json --traffic project/file/traffic_15_nodes_net.json --inspection-rate 0.001 --mess-rate 0.002 --algorithm centflow,0.38666482882758835,0,10,10,10,10,0,4,0,10,2,10,10,10,10,9,0,10,10,3,10,10,10,10,10,2,0,10,10,10,6,4,0,10,10,0,0,10,10,10,10,10,10,10,10
project/sim_ext.py --sim-time 0.5 --seq-graph project/file/graph_15_nodes.json --traffic project/file/traffic_15_nodes_net.json --inspection-rate 0.001 --mess-rate 0.002 --algorithm centflow,0.38769976296838404,0,10,10,10,10,0,6,0,10,2,10,10,10,10,10,0,10,10,4,10,10,10,10,10,3,0,10,10,10,7,6,1,10,10,0,0,10,10,10,10,10,10,10,10
project/sim_ext.py --sim-time 0.5 --seq-graph project/file/graph_15_nodes.json --traffic project/file/traffic_15_nodes_net.json --inspection-rate 0.001 --mess-rate 0.002 --algorithm centflow,0.38876363982072715,1,10,10,10,10,3,9,3,10,2,10,10,10,10,10,0,10,10,4,10,10,10,10,10,6,0,10,10,10,10,6,1,10,10,0,0,10,10,10,10,10,10,10,10
project/sim_ext.py --sim-time 0.5 --seq-graph project/file/graph_15_nodes.json --traffic project/file/traffic_15_nodes_net.json --inspection-rate 0.001 --mess-rate 0.002 --algorithm centflow,0.3898335962537883,1,10,10,10,10,5,10,4,10,2,10,10,10,10,10,0,10,10,5,10,10,10,10,10,9,0,10,10,10,10,7,1,10,10,0,0,10,10,10,10,10,10,10,10
project/sim_ext.py --sim-time 0.5 --seq-graph project/file/graph_15_nodes.json --traffic project/file/traffic_15_nodes_net.json --inspection-rate 0.001 --mess-rate 0.002 --algorithm centflow,0.39084300716200426,2,10,10,10,10,6,10,4,10,2,10,10,10,10,10,1,10,10,7,10,10,10,10,10,10,0,10,10,10,10,7,3,10,10,0,0,10,10,10,10,10,10,10,10
project/sim_ext.py --sim-time 0.5 --seq-graph project/file/graph_15_nodes.json --traffic project/file/traffic_15_nodes_net.json --inspection-rate 0.001 --mess-rate 0.002 --algorithm centflow,0.3918616114933922,2,10,10,10,10,8,10,6,10,2,10,10,10,10,10,1,10,10,8,10,10,10,10,10,10,0,10,10,10,10,8,0,10,10,0,1,10,10,10,10,10,10,10,10
project/sim_ext.py --sim-time 0.5 --seq-graph project/file/graph_15_nodes.json --traffic project/file/traffic_15_nodes_net.json --inspection-rate 0.001 --mess-rate 0.002 --algorithm centflow,0.3928959118434039,3,10,10,10,10,10,10,9,10,2,10,10,10,10,10,2,10,10,10,10,10,10,10,10,10,0,10,10,10,10,8,0,10,10,0,1,10,10,10,10,10,10,10,10
project/sim_ext.py --sim-time 0.5 --seq-graph project/file/graph_15_nodes.json --traffic project/file/traffic_15_nodes_net.json --inspection-rate 0.001 --mess-rate 0.002 --algorithm centflow,0.39395535336033416,3,10,10,10,10,10,10,9,10,3,10,10,10,10,10,2,10,10,10,10,10,10,10,10,10,0,10,10,10,10,10,0,10,10,0,0,10,10,10,10,10,10,10,10
project/sim_ext.py --sim-time 0.5 --seq-graph project/file/graph_15_nodes.json --traffic project/file/traffic_15_nodes_net.json --inspection-rate 0.001 --mess-rate 0.002 --algorithm centflow,0.394984999978,3,10,10,10,10,10,10,10,10,4,10,10,10,10,10,2,10,10,10,10,10,10,10,10,10,0,10,10,10,10,10,0,10,10,1,0,10,10,10,10,10,10,10,10
project/sim_ext.py --sim-time 0.5 --seq-graph project/file/graph_15_nodes.json --traffic project/file/traffic_15_nodes_net.json --inspection-rate 0.001 --mess-rate 0.002 --algorithm centflow,0.3960304313982048,3,10,10,10,10,10,10,10,10,6,10,10,10,10,10,4,10,10,10,10,10,10,10,10,10,0,10,10,10,10,10,1,10,10,2,0,10,10,10,10,10,10,10,10
project/sim_ext.py --sim-time 0.5 --seq-graph project/file/graph_15_nodes.json --traffic project/file/traffic_15_nodes_net.json --inspection-rate 0.001 --mess-rate 0.002 --algorithm centflow,0.39705700000099997,3,10,10,10,10,10,10,10,10,6,10,10,10,10,10,5,10,10,10,10,0,10,10,10,10,0,10,10,10,10,10,0,10,10,0,0,10,10,10,0,10,10,10,10
project/sim_ext.py --sim-time 0.5 --seq-graph project/file/graph_15_nodes.json --traffic project/file/traffic_15_nodes_net.json --inspection-rate 0.001 --mess-rate 0.002 --algorithm centflow,0.3980986741656086,3,10,10,10,10,10,10,10,10,7,10,10,10,10,10,7,10,10,10,10,0,10,10,10,10,0,10,10,10,10,10,0,10,10,0,0,10,10,10,0,10,10,10,10
project/sim_ext.py --sim-time 0.5 --seq-graph project/file/graph_15_nodes.json --traffic project/file/traffic_15_nodes_net.json --inspection-rate 0.001 --mess-rate 0.002 --algorithm centflow,0.39911359999699997,3,5,1,2,0,0,1,0,4,0,0,0,0,0,0,0,0,0,0,0,0,0,3,1,0,6,3,1,1,0,0,0,0,0,0,1,0,0,1,0,0,0,0,0
project/sim_ext.py --sim-time 0.5 --seq-graph project/file/graph_15_nodes.json --traffic project/file/traffic_15_nodes_net.json --inspection-rate 0.001 --mess-rate 0.002 --algorithm centflow,0.400141799997,0,0,0,0,0,0,2,0,1,0,0,3,0,0,0,0,0,0,0,0,0,0,0,0,2,0,0,0,0,1,0,0,0,0,1,3,0,0,0,2,0,0,0,1
project/sim_ext.py --sim-time 0.5 --seq-graph project/file/graph_15_nodes.json --traffic project/file/traffic_15_nodes_net.json --inspection-rate 0.001 --mess-rate 0.002 --algorithm centflow,0.401155199997,1,0,1,10,0,0,1,0,6,0,0,0,1,3,0,1,0,0,1,1,1,0,10,1,1,0,0,0,0,0,0,0,1,0,0,5,5,0,0,1,0,1,0,2
project/sim_ext.py --sim-time 0.5 --seq-graph project/file/graph_15_nodes.json --traffic project/file/traffic_15_nodes_net.json --inspection-rate 0.001 --mess-rate 0.002 --algorithm centflow,0.402176999997,0,1,4,10,0,2,0,0,10,0,6,5,0,0,0,0,0,4,0,0,3,0,10,0,0,1,2,4,0,2,1,0,0,3,0,6,10,2,0,8,9,5,0,5
project/sim_ext.py --sim-time 0.5 --seq-graph project/file/graph_15_nodes.json --traffic project/file/traffic_15_nodes_net.json --inspection-rate 0.001 --mess-rate 0.002 --algorithm centflow,0.40321379999699997,0,4,0,10,0,3,0,0,10,0,0,0,7,0,0,0,0,0,0,1,10,1,10,1,0,0,6,8,2,0,0,0,4,1,0,0,10,9,4,10,10,7,0,10
project/sim_ext.py --sim-time 0.5 --seq-graph project/file/graph_15_nodes.json --traffic project/file/traffic_15_nodes_net.json --inspection-rate 0.001 --mess-rate 0.002 --algorithm centflow,0.404252799997,0,5,2,10,5,0,0,5,10,0,3,1,9,2,0,1,3,0,0,0,10,4,10,4,0,0,6,10,0,5,0,1,6,1,3,0,10,10,0,10,10,10,4,10
project/sim_ext.py --sim-time 0.5 --seq-graph project/file/graph_15_nodes.json --traffic project/file/traffic_15_nodes_net.json --inspection-rate 0.001 --mess-rate 0.002 --algorithm centflow,0.405258000001,0,7,0,10,5,0,0,1,10,0,6,1,9,3,0,0,6,1,1,2,10,10,10,0,0,0,10,10,2,0,0,0,6,2,0,0,10,10,7,10,10,10,10,10
project/sim_ext.py --sim-time 0.5 --seq-graph project/file/graph_15_nodes.json --traffic project/file/traffic_15_nodes_net.json --inspection-rate 0.001 --mess-rate 0.002 --algorithm centflow,0.406301000001,0,9,5,10,6,1,2,8,10,0,8,3,10,4,0,0,7,4,2,2,10,10,10,0,0,1,10,10,4,0,1,0,8,4,0,0,10,10,10,10,10,10,10,10
project/sim_ext.py --sim-time 0.5 --seq-graph project/file/graph_15_nodes.json --traffic project/file/traffic_15_nodes_net.json --inspection-rate 0.001 --mess-rate 0.002 --algorithm centflow,0.407353000001,0,10,0,10,7,2,4,0,10,0,8,5,10,4,0,0,9,0,0,7,10,10,10,0,0,2,10,10,6,3,0,0,10,7,0,0,10,10,10,10,10,10,10,10
project/sim_ext.py --sim-time 0.5 --seq-graph project/file/graph_15_nodes.json --traffic project/file/traffic_15_nodes_net.json --inspection-rate 0.001 --mess-rate 0.002 --algorithm centflow,0.40839824491084653,0,10,0,10,8,7,0,0,10,0,8,10,10,4,0,0,10,0,0,9,10,10,10,1,0,0,10,10,10,4,0,0,10,10,2,1,10,10,10,10,10,10,10,10
project/sim_ext.py --sim-time 0.5 --seq-graph project/file/graph_15_nodes.json --traffic project/file/traffic_15_nodes_net.json --inspection-rate 0.001 --mess-rate 0.002 --algorithm centflow,0.40940993564418293,0,10,2,10,8,0,0,0,10,0,9,10,10,5,0,0,10,0,0,10,10,10,10,1,0,0,10,10,10,4,0,0,10,10,3,2,10,10,10,10,10,10,10,10
project/sim_ext.py --sim-time 0.5 --seq-graph project/file/graph_15_nodes.json --traffic project/file/traffic_15_nodes_net.json --inspection-rate 0.001 --mess-rate 0.002 --algorithm centflow,0.41042599390719003,0,10,5,10,9,0,0,0,10,0,10,10,10,7,1,0,10,0,0,10,10,10,10,4,0,0,10,10,10,7,0,0,10,10,5,0,10,10,10,10,10,10,10,10
project/sim_ext.py --sim-time 0.5 --seq-graph project/file/graph_15_nodes.json --traffic project/file/traffic_15_nodes_net.json --inspection-rate 0.001 --mess-rate 0.002 --algorithm centflow,0.41144333719104026,0,10,6,10,10,0,0,0,10,0,10,10,10,9,1,0,10,1,0,10,10,10,10,1,1,0,10,10,10,9,0,0,10,10,0,0,10,10,10,10,10,10,10,10
project/sim_ext.py --sim-time 0.5 --seq-graph project/file/graph_15_nodes.json --traffic project/file/traffic_15_nodes_net.json --inspection-rate 0.001 --mess-rate 0.002 --algorithm centflow,0.412496000001,0,10,10,10,10,0,0,0,10,0,10,10,10,10,1,0,10,2,0,10,10,10,10,2,0,0,10,10,10,10,1,0,10,10,0,0,10,10,10,10,10,10,10,10
project/sim_ext.py --sim-time 0.5 --seq-graph project/file/graph_15_nodes.json --traffic project/file/traffic_15_nodes_net.json --inspection-rate 0.001 --mess-rate 0.002 --algorithm centflow,0.413499539103135,0,10,10,10,10,0,1,0,10,0,10,10,10,10,3,0,10,3,0,10,10,10,10,3,0,0,10,10,10,10,0,0,10,10,0,0,10,10,10,10,10,10,10,10
project/sim_ext.py --sim-time 0.5 --seq-graph project/file/graph_15_nodes.json --traffic project/file/traffic_15_nodes_net.json --inspection-rate 0.001 --mess-rate 0.002 --algorithm centflow,0.41451903616461533,0,10,10,10,10,0,1,0,10,0,10,10,10,10,6,1,10,5,1,10,10,10,10,5,0,1,10,10,10,0,1,0,10,10,0,0,10,10,10,10,10,10,10,10
project/sim_ext.py --sim-time 0.5 --seq-graph project/file/graph_15_nodes.json --traffic project/file/traffic_15_nodes_net.json --inspection-rate 0.001 --mess-rate 0.002 --algorithm centflow,0.4155639246972275,0,10,10,10,10,0,3,0,10,0,10,10,10,10,9,1,10,6,0,10,10,10,10,8,0,1,10,10,10,2,0,0,10,10,0,0,10,10,10,10,10,10,10,10
project/sim_ext.py --sim-time 0.5 --seq-graph project/file/graph_15_nodes.json --traffic project/file/traffic_15_nodes_net.json --inspection-rate 0.001 --mess-rate 0.002 --algorithm centflow,0.4165880302122185,1,10,10,10,10,0,5,3,10,0,10,10,10,10,10,1,10,7,0,10,10,10,10,9,0,3,10,10,10,2,1,1,10,10,0,0,10,10,10,10,10,10,10,10
project/sim_ext.py --sim-time 0.5 --seq-graph project/file/graph_15_nodes.json --traffic project/file/traffic_15_nodes_net.json --inspection-rate 0.001 --mess-rate 0.002 --algorithm centflow,0.417664999978,1,10,10,10,10,1,9,5,10,0,10,10,10,10,10,1,10,8,0,10,10,10,10,10,4,1,10,10,10,0,4,0,10,10,0,1,10,10,10,10,10,10,10,10
project/sim_ext.py --sim-time 0.5 --seq-graph project/file/graph_15_nodes.json --traffic project/file/traffic_15_nodes_net.json --inspection-rate 0.001 --mess-rate 0.002 --algorithm centflow,0.4186871773130046,1,10,10,10,10,3,10,6,10,0,10,10,10,10,10,1,10,9,0,10,10,10,10,10,5,0,10,10,10,2,6,0,10,10,1,0,10,10,10,10,10,10,10,10
project/sim_ext.py --sim-time 0.5 --seq-graph project/file/graph_15_nodes.json --traffic project/file/traffic_15_nodes_net.json --inspection-rate 0.001 --mess-rate 0.002 --algorithm centflow,0.419693799997,2,10,10,10,10,8,10,6,10,0,10,10,10,10,10,2,10,10,0,10,10,10,10,10,6,0,10,10,10,3,9,0,10,10,1,0,10,10,10,10,10,10,10,10
project/sim_ext.py --sim-time 0.5 --seq-graph project/file/graph_15_nodes.json --traffic project/file/traffic_15_nodes_net.json --inspection-rate 0.001 --mess-rate 0.002 --algorithm centflow,0.42074893282322917,2,10,10,10,10,10,10,9,10,0,10,10,10,10,10,3,10,10,1,10,10,10,10,10,7,0,10,10,10,5,9,0,10,10,0,0,10,10,10,10,10,10,10,10
project/sim_ext.py --sim-time 0.5 --seq-graph project/file/graph_15_nodes.json --traffic project/file/traffic_15_nodes_net.json --inspection-rate 0.001 --mess-rate 0.002 --algorithm centflow,0.42177749116107044,2,10,10,10,10,10,3,10,10,1,10,10,10,10,10,3,10,10,1,10,10,10,10,10,9,0,10,10,10,6,10,0,10,10,4,2,10,10,10,10,10,10,10,10
project/sim_ext.py --sim-time 0.5 --seq-graph project/file/graph_15_nodes.json --traffic project/file/traffic_15_nodes_net.json --inspection-rate 0.001 --mess-rate 0.002 --algorithm centflow,0.4228118315668468,3,10,10,10,10,10,4,10,10,1,10,10,10,10,10,4,10,10,1,10,10,10,10,10,9,0,10,10,10,7,10,0,10,10,8,0,10,10,10,10,10,10,10,10
project/sim_ext.py --sim-time 0.5 --seq-graph project/file/graph_15_nodes.json --traffic project/file/traffic_15_nodes_net.json --inspection-rate 0.001 --mess-rate 0.002 --algorithm centflow,0.423840999997,3,10,10,10,10,10,5,10,10,1,10,10,10,10,10,4,10,10,1,10,10,10,10,10,10,0,10,10,10,10,10,0,10,10,2,0,10,10,10,10,10,10,10,10
project/sim_ext.py --sim-time 0.5 --seq-graph project/file/graph_15_nodes.json --traffic project/file/traffic_15_nodes_net.json --inspection-rate 0.001 --mess-rate 0.002 --algorithm centflow,0.424875000001,3,10,10,10,10,10,5,10,10,4,10,10,10,10,10,5,10,10,4,10,10,10,10,10,10,0,10,10,10,10,10,0,10,10,0,0,10,10,10,10,10,10,10,10
project/sim_ext.py --sim-time 0.5 --seq-graph project/file/graph_15_nodes.json --traffic project/file/traffic_15_nodes_net.json --inspection-rate 0.001 --mess-rate 0.002 --algorithm centflow,0.425887602900534,3,10,10,10,10,10,6,10,10,4,10,10,10,10,10,6,10,10,5,10,10,10,10,10,10,0,10,10,10,10,10,0,10,10,0,0,10,10,10,10,10,10,10,10
project/sim_ext.py --sim-time 0.5 --seq-graph project/file/graph_15_nodes.json --traffic project/file/traffic_15_nodes_net.json --inspection-rate 0.001 --mess-rate 0.002 --algorithm centflow,0.426931000001,4,10,10,10,10,10,10,10,10,5,10,10,10,10,10,6,10,10,5,10,10,10,10,10,10,1,10,10,10,10,10,0,10,10,0,0,10,10,10,10,10,10,10,10
project/sim_ext.py --sim-time 0.5 --seq-graph project/file/graph_15_nodes.json --traffic project/file/traffic_15_nodes_net.json --inspection-rate 0.001 --mess-rate 0.002 --algorithm centflow,0.4279906045451481,4,10,10,10,10,10,10,10,10,5,10,10,10,10,10,6,10,10,5,10,10,10,10,10,10,0,10,10,10,10,10,0,10,10,0,0,10,10,10,10,10,10,10,10
project/sim_ext.py --sim-time 0.5 --seq-graph project/file/graph_15_nodes.json --traffic project/file/traffic_15_nodes_net.json --inspection-rate 0.001 --mess-rate 0.002 --algorithm centflow,0.42901556428930354,4,10,10,10,10,10,10,10,10,6,10,10,10,10,10,6,10,10,6,10,10,10,10,10,10,1,10,10,10,10,9,0,10,10,0,0,10,10,10,10,10,10,10,10
project/sim_ext.py --sim-time 0.5 --seq-graph project/file/graph_15_nodes.json --traffic project/file/traffic_15_nodes_net.json --inspection-rate 0.001 --mess-rate 0.002 --algorithm centflow,0.43003447497598335,9,10,10,0,10,10,10,10,10,7,10,10,10,10,10,6,10,10,7,0,10,1,0,10,0,0,10,10,10,10,0,0,10,0,0,0,10,10,10,10,10,10,0,10
project/sim_ext.py --sim-time 0.5 --seq-graph project/file/graph_15_nodes.json --traffic project/file/traffic_15_nodes_net.json --inspection-rate 0.001 --mess-rate 0.002 --algorithm centflow,0.431072999997,9,10,10,1,10,10,10,10,10,7,10,10,10,10,10,10,10,10,10,0,10,0,0,10,1,0,10,10,10,10,0,0,10,0,0,0,10,10,10,10,10,10,0,10
project/sim_ext.py --sim-time 0.5 --seq-graph project/file/graph_15_nodes.json --traffic project/file/traffic_15_nodes_net.json --inspection-rate 0.001 --mess-rate 0.002 --algorithm centflow,0.4321301153494733,10,10,10,1,10,10,10,10,10,7,10,10,10,10,10,10,10,10,10,2,10,0,0,10,0,0,10,10,10,10,0,0,10,1,1,0,10,10,10,10,10,10,0,10
project/sim_ext.py --sim-time 0.5 --seq-graph project/file/graph_15_nodes.json --traffic project/file/traffic_15_nodes_net.json --inspection-rate 0.001 --mess-rate 0.002 --algorithm centflow,0.4331610537931924,10,10,10,5,10,10,10,10,10,8,10,10,10,10,10,10,10,10,10,0,10,0,0,10,0,0,10,10,10,10,1,0,10,0,0,1,10,10,10,10,10,10,0,10
project/sim_ext.py --sim-time 0.5 --seq-graph project/file/graph_15_nodes.json --traffic project/file/traffic_15_nodes_net.json --inspection-rate 0.001 --mess-rate 0.002 --algorithm centflow,0.43419897151845166,10,10,10,0,10,10,10,10,10,10,10,10,10,10,10,10,10,10,10,0,10,0,3,10,0,0,10,10,10,10,0,0,10,1,0,0,10,10,10,10,10,10,1,10
project/sim_ext.py --sim-time 0.5 --seq-graph project/file/graph_15_nodes.json --traffic project/file/traffic_15_nodes_net.json --inspection-rate 0.001 --mess-rate 0.002 --algorithm centflow,0.435254399997,10,10,10,0,10,10,10,10,10,10,10,10,10,10,10,10,10,10,10,0,10,0,0,10,0,0,10,10,10,10,1,0,10,7,1,0,10,10,10,10,10,10,5,10
project/sim_ext.py --sim-time 0.5 --seq-graph project/file/graph_15_nodes.json --traffic project/file/traffic_15_nodes_net.json --inspection-rate 0.001 --mess-rate 0.002 --algorithm centflow,0.4362607845161388,10,10,10,1,10,10,10,10,10,10,10,10,10,10,10,10,10,10,10,0,10,0,0,10,0,0,10,10,10,10,4,0,10,0,0,0,10,10,10,10,10,10,0,10
project/sim_ext.py --sim-time 0.5 --seq-graph project/file/graph_15_nodes.json --traffic project/file/traffic_15_nodes_net.json --inspection-rate 0.001 --mess-rate 0.002 --algorithm centflow,0.437285000001,10,10,10,0,10,10,10,10,10,10,10,10,10,10,10,10,10,10,10,0,10,0,0,10,0,0,10,10,10,10,6,0,10,2,0,0,10,10,10,10,10,10,10,10
project/sim_ext.py --sim-time 0.5 --seq-graph project/file/graph_15_nodes.json --traffic project/file/traffic_15_nodes_net.json --inspection-rate 0.001 --mess-rate 0.002 --algorithm centflow,0.438354999967,10,10,10,0,10,10,10,10,10,10,10,10,10,10,10,10,10,10,10,0,10,3,0,10,0,0,10,10,10,10,0,0,10,0,0,1,10,10,10,10,10,10,10,10
project/sim_ext.py --sim-time 0.5 --seq-graph project/file/graph_15_nodes.json --traffic project/file/traffic_15_nodes_net.json --inspection-rate 0.001 --mess-rate 0.002 --algorithm centflow,0.439367399997,7,9,8,6,8,6,6,6,10,7,7,9,7,8,7,6,7,6,6,3,10,8,0,7,2,2,8,8,8,7,1,0,9,0,0,0,7,8,8,10,6,7,10,7
project/sim_ext.py --sim-time 0.5 --seq-graph project/file/graph_15_nodes.json --traffic project/file/traffic_15_nodes_net.json --inspection-rate 0.001 --mess-rate 0.002 --algorithm centflow,0.440391399997,0,0,0,10,0,1,1,0,0,0,0,0,0,0,2,0,0,0,0,10,4,10,9,0,2,0,0,3,0,0,0,0,1,5,0,0,0,0,0,6,0,2,10,0
project/sim_ext.py --sim-time 0.5 --seq-graph project/file/graph_15_nodes.json --traffic project/file/traffic_15_nodes_net.json --inspection-rate 0.001 --mess-rate 0.002 --algorithm centflow,0.441402599997,0,0,0,10,0,0,0,0,2,0,1,0,1,1,1,0,0,0,0,10,0,10,10,0,0,0,0,0,0,0,0,0,2,10,0,0,2,0,0,0,0,1,10,0
project/sim_ext.py --sim-time 0.5 --seq-graph project/file/graph_15_nodes.json --traffic project/file/traffic_15_nodes_net.json --inspection-rate 0.001 --mess-rate 0.002 --algorithm centflow,0.4424196093618242,1,2,0,10,0,0,0,0,4,3,0,0,0,0,0,1,0,0,0,10,0,10,10,2,0,2,0,0,1,0,0,1,2,10,0,0,0,1,0,0,0,3,10,0
project/sim_ext.py --sim-time 0.5 --seq-graph project/file/graph_15_nodes.json --traffic project/file/traffic_15_nodes_net.json --inspection-rate 0.001 --mess-rate 0.002 --algorithm centflow,0.443450599997,0,8,0,10,0,0,0,0,8,0,0,0,0,0,0,5,6,1,0,10,0,10,10,0,0,0,0,0,0,0,0,0,0,10,0,0,0,3,5,0,3,5,10,0
project/sim_ext.py --sim-time 0.5 --seq-graph project/file/graph_15_nodes.json --traffic project/file/traffic_15_nodes_net.json --inspection-rate 0.001 --mess-rate 0.002 --algorithm centflow,0.44449674354891994,1,10,0,10,1,0,1,4,10,0,0,0,5,2,0,0,1,0,0,10,1,10,10,0,0,1,3,0,0,0,1,0,2,10,0,3,10,2,9,0,5,4,10,0
project/sim_ext.py --sim-time 0.5 --seq-graph project/file/graph_15_nodes.json --traffic project/file/traffic_15_nodes_net.json --inspection-rate 0.001 --mess-rate 0.002 --algorithm centflow,0.44550900000099997,0,10,0,10,6,0,8,0,10,0,0,0,9,2,1,0,0,3,0,10,0,10,10,0,2,0,5,1,0,0,2,0,4,10,0,5,10,8,10,0,10,10,10,6
project/sim_ext.py --sim-time 0.5 --seq-graph project/file/graph_15_nodes.json --traffic project/file/traffic_15_nodes_net.json --inspection-rate 0.001 --mess-rate 0.002 --algorithm centflow,0.446562000001,0,10,0,10,10,0,0,1,10,0,0,3,10,5,0,0,1,0,0,10,1,10,10,0,2,0,9,3,2,0,2,0,8,10,0,0,10,10,10,5,10,10,10,10
project/sim_ext.py --sim-time 0.5 --seq-graph project/file/graph_15_nodes.json --traffic project/file/traffic_15_nodes_net.json --inspection-rate 0.001 --mess-rate 0.002 --algorithm centflow,0.447619199997,0,10,1,10,10,0,0,1,10,0,1,5,10,9,0,0,0,0,0,10,4,10,10,3,5,2,9,3,3,2,4,0,9,10,0,0,10,10,10,10,10,10,10,10
project/sim_ext.py --sim-time 0.5 --seq-graph project/file/graph_15_nodes.json --traffic project/file/traffic_15_nodes_net.json --inspection-rate 0.001 --mess-rate 0.002 --algorithm centflow,0.4486399537871287,0,10,0,10,10,0,0,0,10,0,6,10,10,10,0,0,1,0,0,10,9,10,10,0,8,0,9,5,4,0,5,0,10,10,0,0,10,10,10,10,10,10,10,10
project/sim_ext.py --sim-time 0.5 --seq-graph project/file/graph_15_nodes.json --traffic project/file/traffic_15_nodes_net.json --inspection-rate 0.001 --mess-rate 0.002 --algorithm centflow,0.44965208608399354,0,10,0,10,10,0,0,0,10,0,6,10,10,10,0,0,4,0,0,10,9,10,10,0,8,2,10,5,7,1,5,0,10,10,0,0,10,10,10,10,10,10,10,10
project/sim_ext.py --sim-time 0.5 --seq-graph project/file/graph_15_nodes.json --traffic project/file/traffic_15_nodes_net.json --inspection-rate 0.001 --mess-rate 0.002 --algorithm centflow,0.45074535903478385,0,10,2,10,10,2,0,0,10,0,10,10,10,10,0,0,6,1,0,10,10,10,10,1,9,0,10,7,10,3,8,0,10,10,2,2,10,10,10,10,10,10,10,10
project/sim_ext.py --sim-time 0.5 --seq-graph project/file/graph_15_nodes.json --traffic project/file/traffic_15_nodes_net.json --inspection-rate 0.001 --mess-rate 0.002 --algorithm centflow,0.4517763729495439,0,10,0,10,10,3,0,0,10,0,10,10,10,10,0,0,8,4,0,10,10,10,10,3,10,0,10,7,10,5,9,0,10,10,4,2,10,10,10,10,10,10,10,10
project/sim_ext.py --sim-time 0.5 --seq-graph project/file/graph_15_nodes.json --traffic project/file/traffic_15_nodes_net.json --inspection-rate 0.001 --mess-rate 0.002 --algorithm centflow,0.452848000001,0,10,0,10,10,0,1,0,10,1,10,10,10,10,0,0,10,7,0,10,10,10,10,4,10,1,10,8,10,0,10,0,10,10,0,3,10,10,10,10,10,10,10,10
project/sim_ext.py --sim-time 0.5 --seq-graph project/file/graph_15_nodes.json --traffic project/file/traffic_15_nodes_net.json --inspection-rate 0.001 --mess-rate 0.002 --algorithm centflow,0.4538599560779558,0,10,0,10,10,3,1,0,10,1,10,10,10,10,0,0,10,8,1,10,10,10,10,4,10,1,10,8,10,0,10,0,10,10,0,3,10,10,10,10,10,10,10,10
project/sim_ext.py --sim-time 0.5 --seq-graph project/file/graph_15_nodes.json --traffic project/file/traffic_15_nodes_net.json --inspection-rate 0.001 --mess-rate 0.002 --algorithm centflow,0.45488879804309856,0,10,1,10,10,5,4,0,10,2,10,10,10,10,1,0,10,10,0,10,10,10,10,7,10,0,10,8,10,1,10,0,10,10,0,5,10,10,10,10,10,10,10,10
project/sim_ext.py --sim-time 0.5 --seq-graph project/file/graph_15_nodes.json --traffic project/file/traffic_15_nodes_net.json --inspection-rate 0.001 --mess-rate 0.002 --algorithm centflow,0.455898599997,0,10,4,10,10,6,6,0,10,2,10,10,10,10,2,0,10,10,0,10,10,10,10,9,10,0,10,9,10,1,10,0,10,10,0,0,10,10,10,10,10,10,10,10
project/sim_ext.py --sim-time 0.5 --seq-graph project/file/graph_15_nodes.json --traffic project/file/traffic_15_nodes_net.json --inspection-rate 0.001 --mess-rate 0.002 --algorithm centflow,0.45695622126901025,0,10,6,10,10,7,8,0,10,2,10,10,10,10,2,0,10,10,0,10,10,10,10,10,10,0,10,10,10,2,10,0,10,10,0,0,10,10,10,10,10,10,10,10
project/sim_ext.py --sim-time 0.5 --seq-graph project/file/graph_15_nodes.json --traffic project/file/traffic_15_nodes_net.json --inspection-rate 0.001 --mess-rate 0.002 --algorithm centflow,0.45800499997,0,10,8,10,10,2,9,0,10,2,10,10,10,10,2,1,10,10,1,10,10,10,10,10,10,0,10,10,10,4,10,0,10,10,0,0,10,10,10,10,10,10,10,10
project/sim_ext.py --sim-time 0.5 --seq-graph project/file/graph_15_nodes.json --traffic project/file/traffic_15_nodes_net.json --inspection-rate 0.001 --mess-rate 0.002 --algorithm centflow,0.45902499996699997,0,10,10,10,10,2,10,0,10,2,10,10,10,10,2,0,10,10,2,10,10,10,10,10,10,0,10,10,10,8,10,0,10,10,0,0,10,10,10,10,10,10,10,10
project/sim_ext.py --sim-time 0.5 --seq-graph project/file/graph_15_nodes.json --traffic project/file/traffic_15_nodes_net.json --inspection-rate 0.001 --mess-rate 0.002 --algorithm centflow,0.46004810639441257,1,10,10,10,10,4,10,5,10,2,10,10,10,10,5,0,10,10,2,10,10,10,10,10,10,0,10,10,10,10,10,1,10,10,1,0,10,10,10,10,10,10,10,10
project/sim_ext.py --sim-time 0.5 --seq-graph project/file/graph_15_nodes.json --traffic project/file/traffic_15_nodes_net.json --inspection-rate 0.001 --mess-rate 0.002 --algorithm centflow,0.46106839736186384,2,10,10,10,10,7,10,6,10,3,10,10,10,10,6,0,10,10,2,10,10,10,10,10,10,0,10,10,10,10,10,2,10,10,0,0,10,10,10,10,10,10,10,10
project/sim_ext.py --sim-time 0.5 --seq-graph project/file/graph_15_nodes.json --traffic project/file/traffic_15_nodes_net.json --inspection-rate 0.001 --mess-rate 0.002 --algorithm centflow,0.46210700000099997,2,10,10,10,10,10,10,8,10,4,10,10,10,10,6,0,10,10,4,10,10,10,10,10,10,0,10,10,10,10,10,0,10,10,0,0,10,10,10,10,10,10,10,10
project/sim_ext.py --sim-time 0.5 --seq-graph project/file/graph_15_nodes.json --traffic project/file/traffic_15_nodes_net.json --inspection-rate 0.001 --mess-rate 0.002 --algorithm centflow,0.463145000001,2,10,10,10,10,10,10,10,10,5,10,10,10,10,6,0,10,10,5,10,10,10,10,10,10,1,10,10,10,10,10,0,10,10,0,0,10,10,10,10,10,10,10,10
project/sim_ext.py --sim-time 0.5 --seq-graph project/file/graph_15_nodes.json --traffic project/file/traffic_15_nodes_net.json --inspection-rate 0.001 --mess-rate 0.002 --algorithm centflow,0.464206000001,2,10,10,10,10,10,10,5,10,6,10,10,10,10,8,0,10,10,7,10,10,10,10,10,10,0,10,10,10,10,10,0,10,10,0,0,10,10,10,10,10,10,10,10
project/sim_ext.py --sim-time 0.5 --seq-graph project/file/graph_15_nodes.json --traffic project/file/traffic_15_nodes_net.json --inspection-rate 0.001 --mess-rate 0.002 --algorithm centflow,0.46525552634221395,3,10,10,10,10,10,10,7,10,8,10,10,10,10,10,0,10,10,8,10,10,10,10,10,10,0,10,10,10,10,10,0,10,10,0,0,10,10,10,10,10,10,10,10
project/sim_ext.py --sim-time 0.5 --seq-graph project/file/graph_15_nodes.json --traffic project/file/traffic_15_nodes_net.json --inspection-rate 0.001 --mess-rate 0.002 --algorithm centflow,0.46628163928231603,3,10,10,10,10,10,10,9,10,8,10,10,10,10,10,0,10,10,8,10,10,10,10,10,10,0,10,10,10,10,10,0,10,10,1,0,10,10,10,10,10,10,10,10
project/sim_ext.py --sim-time 0.5 --seq-graph project/file/graph_15_nodes.json --traffic project/file/traffic_15_nodes_net.json --inspection-rate 0.001 --mess-rate 0.002 --algorithm centflow,0.467314000001,5,10,10,10,10,10,10,10,10,10,10,10,10,10,10,0,10,10,9,10,10,10,10,10,10,0,10,10,10,10,10,0,10,10,0,0,10,10,10,10,10,10,10,10
project/sim_ext.py --sim-time 0.5 --seq-graph project/file/graph_15_nodes.json --traffic project/file/traffic_15_nodes_net.json --inspection-rate 0.001 --mess-rate 0.002 --algorithm centflow,0.468357000001,6,10,10,10,10,10,10,10,10,10,10,10,10,10,10,1,10,10,10,10,10,10,10,10,10,0,10,10,10,10,10,0,10,10,1,0,10,10,10,10,10,10,10,10
project/sim_ext.py --sim-time 0.5 --seq-graph project/file/graph_15_nodes.json --traffic project/file/traffic_15_nodes_net.json --inspection-rate 0.001 --mess-rate 0.002 --algorithm centflow,0.46939036300102793,6,10,10,10,10,10,10,10,10,10,10,10,10,10,10,1,10,10,10,10,10,10,10,10,10,2,10,10,10,10,10,0,10,10,0,0,10,10,10,10,10,10,10,10
project/sim_ext.py --sim-time 0.5 --seq-graph project/file/graph_15_nodes.json --traffic project/file/traffic_15_nodes_net.json --inspection-rate 0.001 --mess-rate 0.002 --algorithm centflow,0.470422399997,0,8,2,10,4,0,0,0,9,0,5,5,5,5,0,1,2,1,0,1,10,9,7,1,0,0,3,8,2,0,0,2,8,0,0,0,0,0,0,10,0,0,0,0
project/sim_ext.py --sim-time 0.5 --seq-graph project/file/graph_15_nodes.json --traffic project/file/traffic_15_nodes_net.json --inspection-rate 0.001 --mess-rate 0.002 --algorithm centflow,0.471424999997,0,0,0,5,0,0,0,0,0,0,3,0,3,1,0,0,0,0,0,0,10,0,1,0,0,0,1,0,0,1,0,2,0,0,1,0,0,0,0,10,0,0,2,1
project/sim_ext.py --sim-time 0.5 --seq-graph project/file/graph_15_nodes.json --traffic project/file/traffic_15_nodes_net.json --inspection-rate 0.001 --mess-rate 0.002 --algorithm centflow,0.47245119999699997,0,2,0,3,0,0,0,5,5,2,2,1,0,1,0,0,0,1,0,1,10,1,1,0,1,0,2,0,0,0,0,2,2,0,0,0,0,0,0,10,0,0,0,0
project/sim_ext.py --sim-time 0.5 --seq-graph project/file/graph_15_nodes.json --traffic project/file/traffic_15_nodes_net.json --inspection-rate 0.001 --mess-rate 0.002 --algorithm centflow,0.47352639999699997,0,7,1,6,0,1,2,9,9,0,0,0,0,1,0,0,0,0,0,2,10,0,6,0,0,0,0,0,1,0,1,6,0,0,0,0,3,0,0,10,0,0,1,1
project/sim_ext.py --sim-time 0.5 --seq-graph project/file/graph_15_nodes.json --traffic project/file/traffic_15_nodes_net.json --inspection-rate 0.001 --mess-rate 0.002 --algorithm centflow,0.47460083406253456,0,10,0,9,0,0,0,0,10,0,2,0,0,5,0,0,0,0,2,0,10,6,10,0,0,1,0,2,1,0,0,6,4,2,0,0,2,0,6,10,10,0,8,1
project/sim_ext.py --sim-time 0.5 --seq-graph project/file/graph_15_nodes.json --traffic project/file/traffic_15_nodes_net.json --inspection-rate 0.001 --mess-rate 0.002 --algorithm centflow,0.475642599997,1,10,0,10,2,0,0,1,10,1,7,0,0,8,0,0,3,1,0,0,10,9,10,0,0,0,0,2,0,0,0,0,9,0,2,0,10,0,10,10,10,0,10,7
project/sim_ext.py --sim-time 0.5 --seq-graph project/file/graph_15_nodes.json --traffic project/file/traffic_15_nodes_net.json --inspection-rate 0.001 --mess-rate 0.002 --algorithm centflow,0.476687000001,0,10,0,10,6,0,1,2,10,0,10,0,3,9,0,0,5,2,0,1,10,10,10,0,0,0,0,3,0,0,0,0,10,7,3,0,10,3,10,10,10,5,10,10
project/sim_ext.py --sim-time 0.5 --seq-graph project/file/graph_15_nodes.json --traffic project/file/traffic_15_nodes_net.json --inspection-rate 0.001 --mess-rate 0.002 --algorithm centflow,0.477731199997,0,10,0,10,6,1,3,3,10,0,10,0,3,10,0,0,9,0,0,1,10,10,10,0,0,0,6,9,5,0,0,0,10,8,5,0,10,10,10,10,10,10,10,10
project/sim_ext.py --sim-time 0.5 --seq-graph project/file/graph_15_nodes.json --traffic project/file/traffic_15_nodes_net.json --inspection-rate 0.001 --mess-rate 0.002 --algorithm centflow,0.478760000001,1,10,0,10,9,0,1,4,10,0,10,2,8,10,1,0,9,0,2,1,10,10,10,0,0,0,6,10,10,0,1,0,10,10,7,0,10,10,10,10,10,10,10,10
project/sim_ext.py --sim-time 0.5 --seq-graph project/file/graph_15_nodes.json --traffic project/file/traffic_15_nodes_net.json --inspection-rate 0.001 --mess-rate 0.002 --algorithm centflow,0.479783799997,0,10,2,10,10,4,0,8,10,0,10,4,10,10,1,0,10,5,0,3,0,10,10,1,0,0,6,10,10,0,0,0,10,10,7,2,10,10,10,1,10,10,10,10
project/sim_ext.py --sim-time 0.5 --seq-graph project/file/graph_15_nodes.json --traffic project/file/traffic_15_nodes_net.json --inspection-rate 0.001 --mess-rate 0.002 --algorithm centflow,0.480810000001,0,10,3,10,10,5,0,0,10,0,10,5,10,10,1,0,10,8,0,7,0,10,10,3,1,0,10,10,10,0,0,0,10,10,0,0,10,10,10,4,10,10,10,10
project/sim_ext.py --sim-time 0.5 --seq-graph project/file/graph_15_nodes.json --traffic project/file/traffic_15_nodes_net.json --inspection-rate 0.001 --mess-rate 0.002 --algorithm centflow,0.48181476179638705,1,10,6,10,10,0,0,1,10,0,10,6,10,10,2,0,10,10,0,8,0,10,10,5,0,2,10,10,10,0,0,1,10,10,0,0,10,10,10,0,10,10,10,10
project/sim_ext.py --sim-time 0.5 --seq-graph project/file/graph_15_nodes.json --traffic project/file/traffic_15_nodes_net.json --inspection-rate 0.001 --mess-rate 0.002 --algorithm centflow,0.482851199997,0,10,9,10,10,1,0,0,10,0,10,7,10,10,7,0,10,10,0,10,0,10,10,9,0,0,10,10,10,0,0,1,10,10,3,0,10,10,10,0,10,10,10,10
project/sim_ext.py --sim-time 0.5 --seq-graph project/file/graph_15_nodes.json --traffic project/file/traffic_15_nodes_net.json --inspection-rate 0.001 --mess-rate 0.002 --algorithm centflow,0.483881599997,0,10,10,10,10,1,0,2,10,0,10,7,10,10,9,0,10,10,2,10,0,10,10,10,0,0,10,10,10,1,1,0,10,10,5,0,10,10,10,0,10,10,10,10
project/sim_ext.py --sim-time 0.5 --seq-graph project/file/graph_15_nodes.json --traffic project/file/traffic_15_nodes_net.json --inspection-rate 0.001 --mess-rate 0.002 --algorithm centflow,0.484909799997,0,10,10,10,10,0,0,3,10,0,10,10,10,10,10,0,10,10,2,10,0,10,10,10,0,3,10,10,10,2,0,0,10,10,0,0,10,10,10,0,10,10,10,10
project/sim_ext.py --sim-time 0.5 --seq-graph project/file/graph_15_nodes.json --traffic project/file/traffic_15_nodes_net.json --inspection-rate 0.001 --mess-rate 0.002 --algorithm centflow,0.485961599997,0,10,10,10,10,0,1,0,10,0,10,10,10,10,10,0,10,10,4,10,5,10,10,10,0,2,10,10,10,5,3,1,10,10,0,0,10,10,10,5,10,10,10,10
project/sim_ext.py --sim-time 0.5 --seq-graph project/file/graph_15_nodes.json --traffic project/file/traffic_15_nodes_net.json --inspection-rate 0.001 --mess-rate 0.002 --algorithm centflow,0.486979999963,0,10,10,10,10,0,3,0,10,0,10,10,10,10,10,0,10,10,4,10,6,10,10,10,0,0,10,10,10,7,4,1,10,10,2,0,10,10,10,9,10,10,10,10
project/sim_ext.py --sim-time 0.5 --seq-graph project/file/graph_15_nodes.json --traffic project/file/traffic_15_nodes_net.json --inspection-rate 0.001 --mess-rate 0.002 --algorithm centflow,0.488035000001,0,10,10,10,10,0,9,3,10,0,10,10,10,10,10,0,10,10,5,10,7,10,10,10,0,0,10,10,10,8,4,0,10,10,3,0,10,10,10,10,10,10,10,10
project/sim_ext.py --sim-time 0.5 --seq-graph project/file/graph_15_nodes.json --traffic project/file/traffic_15_nodes_net.json --inspection-rate 0.001 --mess-rate 0.002 --algorithm centflow,0.48908926790883234,0,10,10,10,10,0,10,5,10,0,10,10,10,10,10,0,10,10,6,10,8,10,10,10,0,0,10,10,10,9,0,0,10,10,0,3,10,10,10,10,10,10,10,10
project/sim_ext.py --sim-time 0.5 --seq-graph project/file/graph_15_nodes.json --traffic project/file/traffic_15_nodes_net.json --inspection-rate 0.001 --mess-rate 0.002 --algorithm centflow,0.49014245716573895,0,10,10,10,10,4,10,0,10,0,10,10,10,10,10,0,10,10,10,10,10,10,10,10,0,0,10,10,10,9,0,0,10,10,3,3,10,10,10,10,10,10,10,10
project/sim_ext.py --sim-time 0.5 --seq-graph project/file/graph_15_nodes.json --traffic project/file/traffic_15_nodes_net.json --inspection-rate 0.001 --mess-rate 0.002 --algorithm centflow,0.4911727237953357,0,10,10,10,10,7,10,0,10,1,10,10,10,10,10,0,10,10,10,10,10,10,10,10,1,0,10,10,10,10,1,0,10,10,0,4,10,10,10,10,10,10,10,10
project/sim_ext.py --sim-time 0.5 --seq-graph project/file/graph_15_nodes.json --traffic project/file/traffic_15_nodes_net.json --inspection-rate 0.001 --mess-rate 0.002 --algorithm centflow,0.49218070028364885,0,10,10,10,10,10,10,2,10,2,10,10,10,10,10,0,10,10,10,10,10,10,10,10,1,0,10,10,10,10,5,0,10,10,0,6,10,10,10,10,10,10,10,10
project/sim_ext.py --sim-time 0.5 --seq-graph project/file/graph_15_nodes.json --traffic project/file/traffic_15_nodes_net.json --inspection-rate 0.001 --mess-rate 0.002 --algorithm centflow,0.49319499997,0,10,10,10,10,10,10,3,10,2,10,10,10,10,10,1,10,10,10,10,10,10,10,10,1,0,10,10,10,10,5,0,10,10,2,7,10,10,10,10,10,10,10,10
project/sim_ext.py --sim-time 0.5 --seq-graph project/file/graph_15_nodes.json --traffic project/file/traffic_15_nodes_net.json --inspection-rate 0.001 --mess-rate 0.002 --algorithm centflow,0.49421788032389763,0,10,10,10,10,10,10,4,10,2,10,10,10,10,10,3,10,10,10,10,10,10,10,10,6,0,10,10,10,10,6,0,10,10,3,7,10,10,10,10,10,10,10,10
project/sim_ext.py --sim-time 0.5 --seq-graph project/file/graph_15_nodes.json --traffic project/file/traffic_15_nodes_net.json --inspection-rate 0.001 --mess-rate 0.002 --algorithm centflow,0.4952461642820364,0,10,10,10,10,10,10,5,10,3,10,10,10,10,10,4,10,10,10,10,10,10,10,10,6,0,10,10,10,10,7,0,10,10,4,7,10,10,10,10,10,10,10,10
project/sim_ext.py --sim-time 0.5 --seq-graph project/file/graph_15_nodes.json --traffic project/file/traffic_15_nodes_net.json --inspection-rate 0.001 --mess-rate 0.002 --algorithm centflow,0.496271000001,0,10,10,10,10,10,10,7,10,5,10,10,10,10,10,5,10,10,10,10,10,10,10,10,6,0,10,10,10,10,9,0,10,10,6,7,10,10,10,10,10,10,10,10
project/sim_ext.py --sim-time 0.5 --seq-graph project/file/graph_15_nodes.json --traffic project/file/traffic_15_nodes_net.json --inspection-rate 0.001 --mess-rate 0.002 --algorithm centflow,0.4973302498049315,0,10,10,10,10,10,10,10,10,6,10,10,10,10,10,6,10,10,10,10,10,10,10,10,9,0,10,10,10,10,10,0,10,10,8,8,10,10,10,10,10,10,10,10
project/sim_ext.py --sim-time 0.5 --seq-graph project/file/graph_15_nodes.json --traffic project/file/traffic_15_nodes_net.json --inspection-rate 0.001 --mess-rate 0.002 --algorithm centflow,0.498388000001,2,10,10,10,10,10,10,10,10,7,10,10,10,10,10,6,10,10,10,10,10,10,10,10,9,0,10,10,10,10,10,0,10,10,9,9,10,10,10,10,10,10,10,10
project/sim_ext.py --sim-time 0.5 --seq-graph project/file/graph_15_nodes.json --traffic project/file/traffic_15_nodes_net.json --inspection-rate 0.001 --mess-rate 0.002 --algorithm centflow,0.49940579999699997,3,10,10,10,10,10,10,10,10,8,10,10,10,10,10,6,10,10,10,10,10,10,10,10,10,0,10,10,10,10,10,0,10,10,10,2,10,10,10,10,10,10,10,10
