Sim. Command,Time,tr_node0_to_node1,tr_node0_to_node2,tr_node0_to_node3,tr_node0_to_node4,tr_node0_to_node12,tr_node1_to_node0,tr_node1_to_node2,tr_node1_to_node3,tr_node2_to_node0,tr_node2_to_node1,tr_node2_to_node3,tr_node2_to_node5,tr_node2_to_node8,tr_node2_to_node9,tr_node3_to_node0,tr_node3_to_node1,tr_node3_to_node2,tr_node3_to_node4,tr_node3_to_node5,tr_node3_to_node6,tr_node3_to_node10,tr_node3_to_node13,tr_node4_to_node0,tr_node4_to_node3,tr_node4_to_node5,tr_node4_to_node6,tr_node4_to_node7,tr_node4_to_node14,tr_node5_to_node2,tr_node5_to_node3,tr_node5_to_node4,tr_node5_to_node6,tr_node5_to_node11,tr_node6_to_node3,tr_node6_to_node4,tr_node6_to_node5,tr_node7_to_node4,tr_node8_to_node2,tr_node9_to_node2,tr_node10_to_node3,tr_node11_to_node5,tr_node12_to_node0,tr_node13_to_node3,tr_node14_to_node4
project/sim_ext.py --sim-time 0.5 --seq-graph project/file/graph_15_nodes.json --traffic project/file/traffic_15_nodes_net.json --inspection-rate 0.001 --mess-rate 0.002 --algorithm centflow,0.0010089228960053515,0,0,0,0,0,0,0,0,0,0,0,0,0,0,0,0,0,0,0,0,0,0,0,0,0,0,0,0,0,0,0,0,0,0,0,0,0,0,0,0,0,0,0,0
project/sim_ext.py --sim-time 0.5 --seq-graph project/file/graph_15_nodes.json --traffic project/file/traffic_15_nodes_net.json --inspection-rate 0.001 --mess-rate 0.002 --algorithm centflow,0.002097,0,0,0,0,0,0,0,0,0,0,0,0,0,0,0,0,0,0,0,0,0,0,0,0,0,0,0,0,0,0,0,0,0,0,0,0,0,0,0,0,0,0,0,0
project/sim_ext.py --sim-time 0.5 --seq-graph project/file/graph_15_nodes.json --traffic project/file/traffic_15_nodes_net.json --inspection-rate 0.001 --mess-rate 0.002 --algorithm centflow,0.0031969999999999998,0,0,0,0,0,0,0,0,0,0,0,0,0,0,0,0,0,0,0,0,0,0,0,0,0,0,0,0,0,0,0,0,0,0,0,0,0,0,0,0,0,0,0,0
project/sim_ext.py --sim-time 0.5 --seq-graph project/file/graph_15_nodes.json --traffic project/file/traffic_15_nodes_net.json --inspection-rate 0.001 --mess-rate 0.002 --algorithm centflow,0.0042300099569476815,0,0,0,0,0,0,0,0,0,0,0,0,0,0,0,0,0,0,0,0,0,0,0,0,0,0,0,0,0,0,0,0,0,0,0,0,0,0,0,0,0,0,0,0
project/sim_ext.py --sim-time 0.5 --seq-graph project/file/graph_15_nodes.json --traffic project/file/traffic_15_nodes_net.json --inspection-rate 0.001 --mess-rate 0.002 --algorithm centflow,0.005280333479592852,0,0,0,0,0,0,0,0,0,0,0,0,0,0,0,0,0,0,0,0,0,0,0,0,0,0,0,0,0,0,0,0,0,0,0,0,0,0,0,0,0,0,0,0
project/sim_ext.py --sim-time 0.5 --seq-graph project/file/graph_15_nodes.json --traffic project/file/traffic_15_nodes_net.json --inspection-rate 0.001 --mess-rate 0.002 --algorithm centflow,0.0063059553171221985,0,0,0,0,0,0,0,0,0,0,0,0,0,0,0,0,0,0,0,0,0,0,0,0,0,0,0,0,0,0,0,0,0,0,0,0,0,0,0,0,0,0,0,0
project/sim_ext.py --sim-time 0.5 --seq-graph project/file/graph_15_nodes.json --traffic project/file/traffic_15_nodes_net.json --inspection-rate 0.001 --mess-rate 0.002 --algorithm centflow,0.0073452568162649485,0,0,0,0,0,0,0,0,0,0,0,0,0,0,0,0,0,0,0,0,0,0,0,0,0,0,0,0,0,0,0,0,0,0,0,0,0,0,0,0,0,0,0,0
project/sim_ext.py --sim-time 0.5 --seq-graph project/file/graph_15_nodes.json --traffic project/file/traffic_15_nodes_net.json --inspection-rate 0.001 --mess-rate 0.002 --algorithm centflow,0.008436475319958682,0,0,0,0,0,0,0,0,0,0,0,0,0,0,0,0,0,0,0,0,0,0,0,0,0,0,0,0,0,0,0,0,0,0,0,0,0,0,0,0,0,0,0,0
project/sim_ext.py --sim-time 0.5 --seq-graph project/file/graph_15_nodes.json --traffic project/file/traffic_15_nodes_net.json --inspection-rate 0.001 --mess-rate 0.002 --algorithm centflow,0.009482349486228975,0,0,0,0,0,0,0,0,0,0,0,0,0,0,0,0,0,0,0,0,0,0,0,0,0,0,0,0,0,0,0,0,0,0,0,0,0,0,0,0,0,0,0,0
project/sim_ext.py --sim-time 0.5 --seq-graph project/file/graph_15_nodes.json --traffic project/file/traffic_15_nodes_net.json --inspection-rate 0.001 --mess-rate 0.002 --algorithm centflow,0.010526951719987224,0,0,0,0,0,0,0,0,0,0,0,0,0,0,0,0,0,0,0,0,0,0,0,0,0,0,0,0,0,0,0,0,0,0,0,0,0,0,0,0,0,0,0,0
project/sim_ext.py --sim-time 0.5 --seq-graph project/file/graph_15_nodes.json --traffic project/file/traffic_15_nodes_net.json --inspection-rate 0.001 --mess-rate 0.002 --algorithm centflow,0.011575887618286922,0,0,0,0,0,0,0,0,0,0,0,0,0,0,0,0,0,0,0,0,0,0,0,0,0,0,0,0,0,0,0,0,0,0,0,0,0,0,0,0,0,0,0,0
project/sim_ext.py --sim-time 0.5 --seq-graph project/file/graph_15_nodes.json --traffic project/file/traffic_15_nodes_net.json --inspection-rate 0.001 --mess-rate 0.002 --algorithm centflow,0.012629333316219021,0,0,0,0,0,0,0,0,0,0,0,0,0,0,0,0,0,0,0,0,0,0,0,0,0,0,0,0,0,0,0,0,0,0,0,0,0,0,0,0,0,0,0,0
project/sim_ext.py --sim-time 0.5 --seq-graph project/file/graph_15_nodes.json --traffic project/file/traffic_15_nodes_net.json --inspection-rate 0.001 --mess-rate 0.002 --algorithm centflow,0.013669495707600142,0,0,0,0,0,0,0,0,0,0,0,0,0,0,0,0,0,0,0,0,0,0,0,0,0,0,0,0,0,0,0,0,0,0,0,0,0,0,0,0,0,0,0,0
project/sim_ext.py --sim-time 0.5 --seq-graph project/file/graph_15_nodes.json --traffic project/file/traffic_15_nodes_net.json --inspection-rate 0.001 --mess-rate 0.002 --algorithm centflow,0.014687525851945759,0,0,0,0,0,0,0,0,0,0,0,0,0,0,0,0,0,0,0,0,0,0,0,0,0,0,0,0,0,0,0,0,0,0,0,0,0,0,0,0,0,0,0,0
project/sim_ext.py --sim-time 0.5 --seq-graph project/file/graph_15_nodes.json --traffic project/file/traffic_15_nodes_net.json --inspection-rate 0.001 --mess-rate 0.002 --algorithm centflow,0.015776,0,0,0,0,0,0,0,0,0,0,0,0,0,0,0,0,0,0,0,0,0,0,0,0,0,0,0,0,0,0,0,0,0,0,0,0,0,0,0,0,0,0,0,0
project/sim_ext.py --sim-time 0.5 --seq-graph project/file/graph_15_nodes.json --traffic project/file/traffic_15_nodes_net.json --inspection-rate 0.001 --mess-rate 0.002 --algorithm centflow,0.016804235521603362,0,0,0,0,0,0,0,0,0,0,0,0,0,0,0,0,0,0,0,0,0,0,0,0,0,0,0,0,0,0,0,0,0,0,0,0,0,0,0,0,0,0,0,0
project/sim_ext.py --sim-time 0.5 --seq-graph project/file/graph_15_nodes.json --traffic project/file/traffic_15_nodes_net.json --inspection-rate 0.001 --mess-rate 0.002 --algorithm centflow,0.017856,0,0,0,0,0,0,0,0,0,0,0,0,0,0,0,0,0,0,0,0,0,0,0,0,0,0,0,0,0,0,0,0,0,0,0,0,0,0,0,0,0,0,0,0
project/sim_ext.py --sim-time 0.5 --seq-graph project/file/graph_15_nodes.json --traffic project/file/traffic_15_nodes_net.json --inspection-rate 0.001 --mess-rate 0.002 --algorithm centflow,0.018967248559200275,0,0,0,0,0,0,0,0,0,0,0,0,0,0,0,0,0,0,0,0,0,0,0,0,0,0,0,0,0,0,0,0,0,0,0,0,0,0,0,0,0,0,0,0
project/sim_ext.py --sim-time 0.5 --seq-graph project/file/graph_15_nodes.json --traffic project/file/traffic_15_nodes_net.json --inspection-rate 0.001 --mess-rate 0.002 --algorithm centflow,0.020014999999999998,0,0,0,0,0,0,0,0,0,0,0,0,0,0,0,0,0,0,0,0,0,0,0,0,0,0,0,0,0,0,0,0,0,0,0,0,0,0,0,0,0,0,0,0
project/sim_ext.py --sim-time 0.5 --seq-graph project/file/graph_15_nodes.json --traffic project/file/traffic_15_nodes_net.json --inspection-rate 0.001 --mess-rate 0.002 --algorithm centflow,0.021027,0,0,0,0,0,0,0,0,0,0,0,0,0,0,0,0,0,0,0,0,0,0,0,0,0,0,0,0,0,0,0,0,0,0,0,0,0,0,0,0,0,0,0,0
project/sim_ext.py --sim-time 0.5 --seq-graph project/file/graph_15_nodes.json --traffic project/file/traffic_15_nodes_net.json --inspection-rate 0.001 --mess-rate 0.002 --algorithm centflow,0.02206440142969981,0,0,0,0,0,0,0,0,0,0,0,0,0,0,0,0,0,0,0,0,0,0,0,0,0,0,0,0,0,0,0,0,0,0,0,0,0,0,0,0,0,0,0,0
project/sim_ext.py --sim-time 0.5 --seq-graph project/file/graph_15_nodes.json --traffic project/file/traffic_15_nodes_net.json --inspection-rate 0.001 --mess-rate 0.002 --algorithm centflow,0.023073235291422245,0,0,0,0,0,0,0,0,0,0,0,0,0,0,0,0,0,0,0,0,0,0,0,0,0,0,0,0,0,0,0,0,0,0,0,0,0,0,0,0,0,0,0,0
project/sim_ext.py --sim-time 0.5 --seq-graph project/file/graph_15_nodes.json --traffic project/file/traffic_15_nodes_net.json --inspection-rate 0.001 --mess-rate 0.002 --algorithm centflow,0.024110665014386884,0,0,0,0,0,0,0,0,0,0,0,0,0,0,0,0,0,0,0,0,0,0,0,0,0,0,0,0,0,0,0,0,0,0,0,0,0,0,0,0,0,0,0,0
project/sim_ext.py --sim-time 0.5 --seq-graph project/file/graph_15_nodes.json --traffic project/file/traffic_15_nodes_net.json --inspection-rate 0.001 --mess-rate 0.002 --algorithm centflow,0.025123953943379403,0,0,0,0,0,0,0,0,0,0,0,0,0,0,0,0,0,0,0,0,0,0,0,0,0,0,0,0,0,0,0,0,0,0,0,0,0,0,0,0,0,0,0,0
project/sim_ext.py --sim-time 0.5 --seq-graph project/file/graph_15_nodes.json --traffic project/file/traffic_15_nodes_net.json --inspection-rate 0.001 --mess-rate 0.002 --algorithm centflow,0.026158,0,0,0,0,0,0,0,0,0,0,0,0,0,0,0,0,0,0,0,0,0,0,0,0,0,0,0,0,0,0,0,0,0,0,0,0,0,0,0,0,0,0,0,0
project/sim_ext.py --sim-time 0.5 --seq-graph project/file/graph_15_nodes.json --traffic project/file/traffic_15_nodes_net.json --inspection-rate 0.001 --mess-rate 0.002 --algorithm centflow,0.027202,0,0,0,0,0,0,0,0,0,0,0,0,0,0,0,0,0,0,0,0,0,0,0,0,0,0,0,0,0,0,0,0,0,0,0,0,0,0,0,0,0,0,0,0
project/sim_ext.py --sim-time 0.5 --seq-graph project/file/graph_15_nodes.json --traffic project/file/traffic_15_nodes_net.json --inspection-rate 0.001 --mess-rate 0.002 --algorithm centflow,0.02822984803184608,0,0,0,0,0,0,0,0,0,0,0,0,0,0,0,0,0,0,0,0,0,0,0,0,0,0,0,0,0,0,0,0,0,0,0,0,0,0,0,0,0,0,0,0
project/sim_ext.py --sim-time 0.5 --seq-graph project/file/graph_15_nodes.json --traffic project/file/traffic_15_nodes_net.json --inspection-rate 0.001 --mess-rate 0.002 --algorithm centflow,0.02930925378789313,0,0,0,0,0,0,0,0,0,0,0,0,0,0,0,0,0,0,0,0,0,0,0,0,0,0,0,0,0,0,0,0,0,0,0,0,0,0,0,0,0,0,0,0
project/sim_ext.py --sim-time 0.5 --seq-graph project/file/graph_15_nodes.json --traffic project/file/traffic_15_nodes_net.json --inspection-rate 0.001 --mess-rate 0.002 --algorithm centflow,0.030377601528694752,0,0,0,0,0,0,0,0,0,0,0,0,0,0,0,0,0,0,0,0,0,0,0,0,0,0,0,0,0,0,0,0,0,0,0,0,0,0,0,0,0,0,0,0
project/sim_ext.py --sim-time 0.5 --seq-graph project/file/graph_15_nodes.json --traffic project/file/traffic_15_nodes_net.json --inspection-rate 0.001 --mess-rate 0.002 --algorithm centflow,0.03142197181682401,0,0,0,0,0,0,0,0,0,0,0,0,0,0,0,0,0,0,0,0,0,0,0,0,0,0,0,0,0,0,0,0,0,0,0,0,0,0,0,0,0,0,0,0
project/sim_ext.py --sim-time 0.5 --seq-graph project/file/graph_15_nodes.json --traffic project/file/traffic_15_nodes_net.json --inspection-rate 0.001 --mess-rate 0.002 --algorithm centflow,0.032438295354100845,0,0,0,0,0,0,0,0,0,0,0,0,0,0,0,0,0,0,0,0,0,0,0,0,0,0,0,0,0,0,0,0,0,0,0,0,0,0,0,0,0,0,0,0
project/sim_ext.py --sim-time 0.5 --seq-graph project/file/graph_15_nodes.json --traffic project/file/traffic_15_nodes_net.json --inspection-rate 0.001 --mess-rate 0.002 --algorithm centflow,0.033486999999999996,0,0,0,0,0,0,0,0,0,0,0,0,0,0,0,0,0,0,0,0,0,0,0,0,0,0,0,0,0,0,0,0,0,0,0,0,0,0,0,0,0,0,0,0
project/sim_ext.py --sim-time 0.5 --seq-graph project/file/graph_15_nodes.json --traffic project/file/traffic_15_nodes_net.json --inspection-rate 0.001 --mess-rate 0.002 --algorithm centflow,0.03454814259045451,0,0,0,0,0,0,0,0,0,0,0,0,0,0,0,0,0,0,0,0,0,0,0,0,0,0,0,0,0,0,0,0,0,0,0,0,0,0,0,0,0,0,0,0
project/sim_ext.py --sim-time 0.5 --seq-graph project/file/graph_15_nodes.json --traffic project/file/traffic_15_nodes_net.json --inspection-rate 0.001 --mess-rate 0.002 --algorithm centflow,0.035567,0,0,0,0,0,0,0,0,0,0,0,0,0,0,0,0,0,0,0,0,0,0,0,0,0,0,0,0,0,0,0,0,0,0,0,0,0,0,0,0,0,0,0,0
project/sim_ext.py --sim-time 0.5 --seq-graph project/file/graph_15_nodes.json --traffic project/file/traffic_15_nodes_net.json --inspection-rate 0.001 --mess-rate 0.002 --algorithm centflow,0.03657860664924612,0,0,0,0,0,0,0,0,0,0,0,0,0,0,0,0,0,0,0,0,0,0,0,0,0,0,0,0,0,0,0,0,0,0,0,0,0,0,0,0,0,0,0,0
project/sim_ext.py --sim-time 0.5 --seq-graph project/file/graph_15_nodes.json --traffic project/file/traffic_15_nodes_net.json --inspection-rate 0.001 --mess-rate 0.002 --algorithm centflow,0.03763230953925772,0,0,0,0,0,0,0,0,0,0,0,0,0,0,0,0,0,0,0,0,0,0,0,0,0,0,0,0,0,0,0,0,0,0,0,0,0,0,0,0,0,0,0,0
project/sim_ext.py --sim-time 0.5 --seq-graph project/file/graph_15_nodes.json --traffic project/file/traffic_15_nodes_net.json --inspection-rate 0.001 --mess-rate 0.002 --algorithm centflow,0.0386854249986414,0,0,0,0,0,0,0,0,0,0,0,0,0,0,0,0,0,0,0,0,0,0,0,0,0,0,0,0,0,0,0,0,0,0,0,0,0,0,0,0,0,0,0,0
project/sim_ext.py --sim-time 0.5 --seq-graph project/file/graph_15_nodes.json --traffic project/file/traffic_15_nodes_net.json --inspection-rate 0.001 --mess-rate 0.002 --algorithm centflow,0.0397049221034851,0,0,0,0,0,0,0,0,0,0,0,0,0,0,0,0,0,0,0,0,0,0,0,0,0,0,0,0,0,0,0,0,0,0,0,0,0,0,0,0,0,0,0,0
project/sim_ext.py --sim-time 0.5 --seq-graph project/file/graph_15_nodes.json --traffic project/file/traffic_15_nodes_net.json --inspection-rate 0.001 --mess-rate 0.002 --algorithm centflow,0.04074983024911886,0,0,0,0,0,0,0,0,0,0,0,0,0,0,0,0,0,0,0,0,0,0,0,0,0,0,0,0,0,0,0,0,0,0,0,0,0,0,0,0,0,0,0,0
project/sim_ext.py --sim-time 0.5 --seq-graph project/file/graph_15_nodes.json --traffic project/file/traffic_15_nodes_net.json --inspection-rate 0.001 --mess-rate 0.002 --algorithm centflow,0.041815,0,0,0,0,0,0,0,0,0,0,0,0,0,0,0,0,0,0,0,0,0,0,0,0,0,0,0,0,0,0,0,0,0,0,0,0,0,0,0,0,0,0,0,0
project/sim_ext.py --sim-time 0.5 --seq-graph project/file/graph_15_nodes.json --traffic project/file/traffic_15_nodes_net.json --inspection-rate 0.001 --mess-rate 0.002 --algorithm centflow,0.0428859887988884,0,0,0,0,0,0,0,0,0,0,0,0,0,0,0,0,0,0,0,0,0,0,0,0,0,0,0,0,0,0,0,0,0,0,0,0,0,0,0,0,0,0,0,0
project/sim_ext.py --sim-time 0.5 --seq-graph project/file/graph_15_nodes.json --traffic project/file/traffic_15_nodes_net.json --inspection-rate 0.001 --mess-rate 0.002 --algorithm centflow,0.043933079024590746,0,0,0,0,0,0,0,0,0,0,0,0,0,0,0,0,0,0,0,0,0,0,0,0,0,0,0,0,0,0,0,0,0,0,0,0,0,0,0,0,0,0,0,0
project/sim_ext.py --sim-time 0.5 --seq-graph project/file/graph_15_nodes.json --traffic project/file/traffic_15_nodes_net.json --inspection-rate 0.001 --mess-rate 0.002 --algorithm centflow,0.044966,0,0,0,0,0,0,0,0,0,0,0,0,0,0,0,0,0,0,0,0,0,0,0,0,0,0,0,0,0,0,0,0,0,0,0,0,0,0,0,0,0,0,0,0
project/sim_ext.py --sim-time 0.5 --seq-graph project/file/graph_15_nodes.json --traffic project/file/traffic_15_nodes_net.json --inspection-rate 0.001 --mess-rate 0.002 --algorithm centflow,0.046003999999999996,0,0,0,0,0,0,0,0,0,0,0,0,0,0,0,0,0,0,0,0,0,0,0,0,0,0,0,0,0,0,0,0,0,0,0,0,0,0,0,0,0,0,0,0
project/sim_ext.py --sim-time 0.5 --seq-graph project/file/graph_15_nodes.json --traffic project/file/traffic_15_nodes_net.json --inspection-rate 0.001 --mess-rate 0.002 --algorithm centflow,0.04708,0,0,0,0,0,0,0,0,0,0,0,0,0,0,0,0,0,0,0,0,0,0,0,0,0,0,0,0,0,0,0,0,0,0,0,0,0,0,0,0,0,0,0,0
project/sim_ext.py --sim-time 0.5 --seq-graph project/file/graph_15_nodes.json --traffic project/file/traffic_15_nodes_net.json --inspection-rate 0.001 --mess-rate 0.002 --algorithm centflow,0.0481152588249176,0,0,0,0,0,0,0,0,0,0,0,0,0,0,0,0,0,0,0,0,0,0,0,0,0,0,0,0,0,0,0,0,0,0,0,0,0,0,0,0,0,0,0,0
project/sim_ext.py --sim-time 0.5 --seq-graph project/file/graph_15_nodes.json --traffic project/file/traffic_15_nodes_net.json --inspection-rate 0.001 --mess-rate 0.002 --algorithm centflow,0.04914971105335461,0,0,0,0,0,0,0,0,0,0,0,0,0,0,0,0,0,0,0,0,0,0,0,0,0,0,0,0,0,0,0,0,0,0,0,0,0,0,0,0,0,0,0,0
project/sim_ext.py --sim-time 0.5 --seq-graph project/file/graph_15_nodes.json --traffic project/file/traffic_15_nodes_net.json --inspection-rate 0.001 --mess-rate 0.002 --algorithm centflow,0.050170159541287396,0,0,0,0,0,0,0,0,0,0,0,0,0,0,0,0,0,0,0,0,0,0,0,0,0,0,0,0,0,0,0,0,0,0,0,0,0,0,0,0,0,0,0,0
project/sim_ext.py --sim-time 0.5 --seq-graph project/file/graph_15_nodes.json --traffic project/file/traffic_15_nodes_net.json --inspection-rate 0.001 --mess-rate 0.002 --algorithm centflow,0.051264962368853424,0,0,0,0,0,0,0,0,0,0,0,0,0,0,0,0,0,0,0,0,0,0,0,0,0,0,0,0,0,0,0,0,0,0,0,0,0,0,0,0,0,0,0,0
project/sim_ext.py --sim-time 0.5 --seq-graph project/file/graph_15_nodes.json --traffic project/file/traffic_15_nodes_net.json --inspection-rate 0.001 --mess-rate 0.002 --algorithm centflow,0.052314288178349974,0,0,0,0,0,0,0,0,0,0,0,0,0,0,0,0,0,0,0,0,0,0,0,0,0,0,0,0,0,0,0,0,0,0,0,0,0,0,0,0,0,0,0,0
project/sim_ext.py --sim-time 0.5 --seq-graph project/file/graph_15_nodes.json --traffic project/file/traffic_15_nodes_net.json --inspection-rate 0.001 --mess-rate 0.002 --algorithm centflow,0.05333747510336922,0,0,0,0,0,0,0,0,0,0,0,0,0,0,0,0,0,0,0,0,0,0,0,0,0,0,0,0,0,0,0,0,0,0,0,0,0,0,0,0,0,0,0,0
project/sim_ext.py --sim-time 0.5 --seq-graph project/file/graph_15_nodes.json --traffic project/file/traffic_15_nodes_net.json --inspection-rate 0.001 --mess-rate 0.002 --algorithm centflow,0.05437676905646902,0,0,0,0,0,0,0,0,0,0,0,0,0,0,0,0,0,0,0,0,0,0,0,0,0,0,0,0,0,0,0,0,0,0,0,0,0,0,0,0,0,0,0,0
project/sim_ext.py --sim-time 0.5 --seq-graph project/file/graph_15_nodes.json --traffic project/file/traffic_15_nodes_net.json --inspection-rate 0.001 --mess-rate 0.002 --algorithm centflow,0.05540033690199762,0,0,0,0,0,0,0,0,0,0,0,0,0,0,0,0,0,0,0,0,0,0,0,0,0,0,0,0,0,0,0,0,0,0,0,0,0,0,0,0,0,0,0,0
project/sim_ext.py --sim-time 0.5 --seq-graph project/file/graph_15_nodes.json --traffic project/file/traffic_15_nodes_net.json --inspection-rate 0.001 --mess-rate 0.002 --algorithm centflow,0.05644739456177632,0,0,0,0,0,0,0,0,0,0,0,0,0,0,0,0,0,0,0,0,0,0,0,0,0,0,0,0,0,0,0,0,0,0,0,0,0,0,0,0,0,0,0,0
project/sim_ext.py --sim-time 0.5 --seq-graph project/file/graph_15_nodes.json --traffic project/file/traffic_15_nodes_net.json --inspection-rate 0.001 --mess-rate 0.002 --algorithm centflow,0.05744973245461543,0,0,0,0,0,0,0,0,0,0,0,0,0,0,0,0,0,0,0,0,0,0,0,0,0,0,0,0,0,0,0,0,0,0,0,0,0,0,0,0,0,0,0,0
project/sim_ext.py --sim-time 0.5 --seq-graph project/file/graph_15_nodes.json --traffic project/file/traffic_15_nodes_net.json --inspection-rate 0.001 --mess-rate 0.002 --algorithm centflow,0.058476469322071505,0,0,0,0,0,0,0,0,0,0,0,0,0,0,0,0,0,0,0,0,0,0,0,0,0,0,0,0,0,0,0,0,0,0,0,0,0,0,0,0,0,0,0,0
project/sim_ext.py --sim-time 0.5 --seq-graph project/file/graph_15_nodes.json --traffic project/file/traffic_15_nodes_net.json --inspection-rate 0.001 --mess-rate 0.002 --algorithm centflow,0.059489337527882956,0,0,0,0,0,0,0,0,0,0,0,0,0,0,0,0,0,0,0,0,0,0,0,0,0,0,0,0,0,0,0,0,0,0,0,0,0,0,0,0,0,0,0,0
project/sim_ext.py --sim-time 0.5 --seq-graph project/file/graph_15_nodes.json --traffic project/file/traffic_15_nodes_net.json --inspection-rate 0.001 --mess-rate 0.002 --algorithm centflow,0.060529120705640475,0,0,0,0,0,0,0,0,0,0,0,0,0,0,0,0,0,0,0,0,0,0,0,0,0,0,0,0,0,0,0,0,0,0,0,0,0,0,0,0,0,0,0,0
project/sim_ext.py --sim-time 0.5 --seq-graph project/file/graph_15_nodes.json --traffic project/file/traffic_15_nodes_net.json --inspection-rate 0.001 --mess-rate 0.002 --algorithm centflow,0.061551000001,0,0,0,0,0,0,0,0,0,0,0,0,0,0,0,0,0,0,0,0,0,0,0,0,0,0,0,0,0,0,0,0,0,0,0,0,0,0,0,0,0,0,0,0
project/sim_ext.py --sim-time 0.5 --seq-graph project/file/graph_15_nodes.json --traffic project/file/traffic_15_nodes_net.json --inspection-rate 0.001 --mess-rate 0.002 --algorithm centflow,0.062595000001,0,0,0,0,0,0,0,0,0,0,0,0,0,0,0,0,0,0,0,0,0,0,0,0,0,0,0,0,0,0,0,0,0,0,0,0,0,0,0,0,0,0,0,0
project/sim_ext.py --sim-time 0.5 --seq-graph project/file/graph_15_nodes.json --traffic project/file/traffic_15_nodes_net.json --inspection-rate 0.001 --mess-rate 0.002 --algorithm centflow,0.06365320969612794,0,0,0,0,0,0,0,0,0,0,0,0,0,0,0,0,0,0,0,0,0,0,0,0,0,0,0,0,0,0,0,0,0,0,0,0,0,0,0,0,0,0,0,0
project/sim_ext.py --sim-time 0.5 --seq-graph project/file/graph_15_nodes.json --traffic project/file/traffic_15_nodes_net.json --inspection-rate 0.001 --mess-rate 0.002 --algorithm centflow,0.064699000001,0,0,0,0,0,0,0,0,0,0,0,0,0,0,0,0,0,0,0,0,0,0,0,0,0,0,0,0,0,0,0,0,0,0,0,0,0,0,0,0,0,0,0,0
project/sim_ext.py --sim-time 0.5 --seq-graph project/file/graph_15_nodes.json --traffic project/file/traffic_15_nodes_net.json --inspection-rate 0.001 --mess-rate 0.002 --algorithm centflow,0.06580300000099999,0,0,0,0,0,0,0,0,0,0,0,0,0,0,0,0,0,0,0,0,0,0,0,0,0,0,0,0,0,0,0,0,0,0,0,0,0,0,0,0,0,0,0,0
project/sim_ext.py --sim-time 0.5 --seq-graph project/file/graph_15_nodes.json --traffic project/file/traffic_15_nodes_net.json --inspection-rate 0.001 --mess-rate 0.002 --algorithm centflow,0.06682166988851455,0,0,0,0,0,0,0,0,0,0,0,0,0,0,0,0,0,0,0,0,0,0,0,0,0,0,0,0,0,0,0,0,0,0,0,0,0,0,0,0,0,0,0,0
project/sim_ext.py --sim-time 0.5 --seq-graph project/file/graph_15_nodes.json --traffic project/file/traffic_15_nodes_net.json --inspection-rate 0.001 --mess-rate 0.002 --algorithm centflow,0.067863000001,0,0,0,0,0,0,0,0,0,0,0,0,0,0,0,0,0,0,0,0,0,0,0,0,0,0,0,0,0,0,0,0,0,0,0,0,0,0,0,0,0,0,0,0
project/sim_ext.py --sim-time 0.5 --seq-graph project/file/graph_15_nodes.json --traffic project/file/traffic_15_nodes_net.json --inspection-rate 0.001 --mess-rate 0.002 --algorithm centflow,0.06888643851286501,0,0,0,0,0,0,0,0,0,0,0,0,0,0,0,0,0,0,0,0,0,0,0,0,0,0,0,0,0,0,0,0,0,0,0,0,0,0,0,0,0,0,0,0
project/sim_ext.py --sim-time 0.5 --seq-graph project/file/graph_15_nodes.json --traffic project/file/traffic_15_nodes_net.json --inspection-rate 0.001 --mess-rate 0.002 --algorithm centflow,0.0699014297438639,0,0,0,0,0,0,0,0,0,0,0,0,0,0,0,0,0,0,0,0,0,0,0,0,0,0,0,0,0,0,0,0,0,0,0,0,0,0,0,0,0,0,0,0
project/sim_ext.py --sim-time 0.5 --seq-graph project/file/graph_15_nodes.json --traffic project/file/traffic_15_nodes_net.json --inspection-rate 0.001 --mess-rate 0.002 --algorithm centflow,0.07094777491421825,0,0,0,0,0,0,0,0,0,0,0,0,0,0,0,0,0,0,0,0,0,0,0,0,0,0,0,0,0,0,0,0,0,0,0,0,0,0,0,0,0,0,0,0
project/sim_ext.py --sim-time 0.5 --seq-graph project/file/graph_15_nodes.json --traffic project/file/traffic_15_nodes_net.json --inspection-rate 0.001 --mess-rate 0.002 --algorithm centflow,0.07199265202537464,0,0,0,0,0,0,0,0,0,0,0,0,0,0,0,0,0,0,0,0,0,0,0,0,0,0,0,0,0,0,0,0,0,0,0,0,0,0,0,0,0,0,0,0
project/sim_ext.py --sim-time 0.5 --seq-graph project/file/graph_15_nodes.json --traffic project/file/traffic_15_nodes_net.json --inspection-rate 0.001 --mess-rate 0.002 --algorithm centflow,0.073028000001,0,0,0,0,0,0,0,0,0,0,0,0,0,0,0,0,0,0,0,0,0,0,0,0,0,0,0,0,0,0,0,0,0,0,0,0,0,0,0,0,0,0,0,0
project/sim_ext.py --sim-time 0.5 --seq-graph project/file/graph_15_nodes.json --traffic project/file/traffic_15_nodes_net.json --inspection-rate 0.001 --mess-rate 0.002 --algorithm centflow,0.07404100413487968,0,0,0,0,0,0,0,0,0,0,0,0,0,0,0,0,0,0,0,0,0,0,0,0,0,0,0,0,0,0,0,0,0,0,0,0,0,0,0,0,0,0,0,0
project/sim_ext.py --sim-time 0.5 --seq-graph project/file/graph_15_nodes.json --traffic project/file/traffic_15_nodes_net.json --inspection-rate 0.001 --mess-rate 0.002 --algorithm centflow,0.07507316127251917,0,0,0,0,0,0,0,0,0,0,0,0,0,0,0,0,0,0,0,0,0,0,0,0,0,0,0,0,0,0,0,0,0,0,0,0,0,0,0,0,0,0,0,0
project/sim_ext.py --sim-time 0.5 --seq-graph project/file/graph_15_nodes.json --traffic project/file/traffic_15_nodes_net.json --inspection-rate 0.001 --mess-rate 0.002 --algorithm centflow,0.07615327793760847,0,0,0,0,0,0,0,0,0,0,0,0,0,0,0,0,0,0,0,0,0,0,0,0,0,0,0,0,0,0,0,0,0,0,0,0,0,0,0,0,0,0,0,0
project/sim_ext.py --sim-time 0.5 --seq-graph project/file/graph_15_nodes.json --traffic project/file/traffic_15_nodes_net.json --inspection-rate 0.001 --mess-rate 0.002 --algorithm centflow,0.07718200000099999,0,0,0,0,0,0,0,0,0,0,0,0,0,0,0,0,0,0,0,0,0,0,0,0,0,0,0,0,0,0,0,0,0,0,0,0,0,0,0,0,0,0,0,0
project/sim_ext.py --sim-time 0.5 --seq-graph project/file/graph_15_nodes.json --traffic project/file/traffic_15_nodes_net.json --inspection-rate 0.001 --mess-rate 0.002 --algorithm centflow,0.078211000001,0,0,0,0,0,0,0,0,0,0,0,0,0,0,0,0,0,0,0,0,0,0,0,0,0,0,0,0,0,0,0,0,0,0,0,0,0,0,0,0,0,0,0,0
project/sim_ext.py --sim-time 0.5 --seq-graph project/file/graph_15_nodes.json --traffic project/file/traffic_15_nodes_net.json --inspection-rate 0.001 --mess-rate 0.002 --algorithm centflow,0.0792526856728421,0,0,0,0,0,0,0,0,0,0,0,0,0,0,0,0,0,0,0,0,0,0,0,0,0,0,0,0,0,0,0,0,0,0,0,0,0,0,0,0,0,0,0,0
project/sim_ext.py --sim-time 0.5 --seq-graph project/file/graph_15_nodes.json --traffic project/file/traffic_15_nodes_net.json --inspection-rate 0.001 --mess-rate 0.002 --algorithm centflow,0.08026506369804427,0,0,0,0,0,0,0,0,0,0,0,0,0,0,0,0,0,0,0,0,0,0,0,0,0,0,0,0,0,0,0,0,0,0,0,0,0,0,0,0,0,0,0,0
project/sim_ext.py --sim-time 0.5 --seq-graph project/file/graph_15_nodes.json --traffic project/file/traffic_15_nodes_net.json --inspection-rate 0.001 --mess-rate 0.002 --algorithm centflow,0.081320000001,0,0,0,0,0,0,0,0,0,0,0,0,0,0,0,0,0,0,0,0,0,0,0,0,0,0,0,0,0,0,0,0,0,0,0,0,0,0,0,0,0,0,0,0
project/sim_ext.py --sim-time 0.5 --seq-graph project/file/graph_15_nodes.json --traffic project/file/traffic_15_nodes_net.json --inspection-rate 0.001 --mess-rate 0.002 --algorithm centflow,0.082343000001,0,0,0,0,0,0,0,0,0,0,0,0,0,0,0,0,0,0,0,0,0,0,0,0,0,0,0,0,0,0,0,0,0,0,0,0,0,0,0,0,0,0,0,0
project/sim_ext.py --sim-time 0.5 --seq-graph project/file/graph_15_nodes.json --traffic project/file/traffic_15_nodes_net.json --inspection-rate 0.001 --mess-rate 0.002 --algorithm centflow,0.08339800111981806,0,0,0,0,0,0,0,0,0,0,0,0,0,0,0,0,0,0,0,0,0,0,0,0,0,0,0,0,0,0,0,0,0,0,0,0,0,0,0,0,0,0,0,0
project/sim_ext.py --sim-time 0.5 --seq-graph project/file/graph_15_nodes.json --traffic project/file/traffic_15_nodes_net.json --inspection-rate 0.001 --mess-rate 0.002 --algorithm centflow,0.08444526318000035,0,0,0,0,0,0,0,0,0,0,0,0,0,0,0,0,0,0,0,0,0,0,0,0,0,0,0,0,0,0,0,0,0,0,0,0,0,0,0,0,0,0,0,0
project/sim_ext.py --sim-time 0.5 --seq-graph project/file/graph_15_nodes.json --traffic project/file/traffic_15_nodes_net.json --inspection-rate 0.001 --mess-rate 0.002 --algorithm centflow,0.08547391244844703,0,0,0,0,0,0,0,0,0,0,0,0,0,0,0,0,0,0,0,0,0,0,0,0,0,0,0,0,0,0,0,0,0,0,0,0,0,0,0,0,0,0,0,0
project/sim_ext.py --sim-time 0.5 --seq-graph project/file/graph_15_nodes.json --traffic project/file/traffic_15_nodes_net.json --inspection-rate 0.001 --mess-rate 0.002 --algorithm centflow,0.08650061357246103,0,0,0,0,0,0,0,0,0,0,0,0,0,0,0,0,0,0,0,0,0,0,0,0,0,0,0,0,0,0,0,0,0,0,0,0,0,0,0,0,0,0,0,0
project/sim_ext.py --sim-time 0.5 --seq-graph project/file/graph_15_nodes.json --traffic project/file/traffic_15_nodes_net.json --inspection-rate 0.001 --mess-rate 0.002 --algorithm centflow,0.08756042858165448,0,0,0,0,0,0,0,0,0,0,0,0,0,0,0,0,0,0,0,0,0,0,0,0,0,0,0,0,0,0,0,0,0,0,0,0,0,0,0,0,0,0,0,0
project/sim_ext.py --sim-time 0.5 --seq-graph project/file/graph_15_nodes.json --traffic project/file/traffic_15_nodes_net.json --inspection-rate 0.001 --mess-rate 0.002 --algorithm centflow,0.08858454868558767,0,0,0,0,0,0,0,0,0,0,0,0,0,0,0,0,0,0,0,0,0,0,0,0,0,0,0,0,0,0,0,0,0,0,0,0,0,0,0,0,0,0,0,0
project/sim_ext.py --sim-time 0.5 --seq-graph project/file/graph_15_nodes.json --traffic project/file/traffic_15_nodes_net.json --inspection-rate 0.001 --mess-rate 0.002 --algorithm centflow,0.08962523926151122,0,0,0,0,0,0,0,0,0,0,0,0,0,0,0,0,0,0,0,0,0,0,0,0,0,0,0,0,0,0,0,0,0,0,0,0,0,0,0,0,0,0,0,0
project/sim_ext.py --sim-time 0.5 --seq-graph project/file/graph_15_nodes.json --traffic project/file/traffic_15_nodes_net.json --inspection-rate 0.001 --mess-rate 0.002 --algorithm centflow,0.090651000001,0,0,0,0,0,0,0,0,0,0,0,0,0,0,0,0,0,0,0,0,0,0,0,0,0,0,0,0,0,0,0,0,0,0,0,0,0,0,0,0,0,0,0,0
project/sim_ext.py --sim-time 0.5 --seq-graph project/file/graph_15_nodes.json --traffic project/file/traffic_15_nodes_net.json --inspection-rate 0.001 --mess-rate 0.002 --algorithm centflow,0.091683199997,56,42,53,42,46,56,54,56,43,54,46,42,44,44,53,56,46,48,55,46,0,44,43,48,55,55,44,42,43,55,54,60,44,46,55,60,45,45,45,0,43,46,44,43
project/sim_ext.py --sim-time 0.5 --seq-graph project/file/graph_15_nodes.json --traffic project/file/traffic_15_nodes_net.json --inspection-rate 0.001 --mess-rate 0.002 --algorithm centflow,0.092700799997,52,22,44,23,34,52,51,50,22,51,39,26,40,32,44,50,39,43,49,43,0,24,23,43,50,53,39,24,26,49,50,59,16,43,53,59,39,40,32,0,16,34,25,24
project/sim_ext.py --sim-time 0.5 --seq-graph project/file/graph_15_nodes.json --traffic project/file/traffic_15_nodes_net.json --inspection-rate 0.001 --mess-rate 0.002 --algorithm centflow,0.093741799997,46,0,36,0,15,46,39,49,0,39,27,7,17,9,36,49,27,34,47,39,0,10,0,34,42,47,27,0,7,47,42,58,1,39,47,58,27,17,9,0,1,15,11,0
project/sim_ext.py --sim-time 0.5 --seq-graph project/file/graph_15_nodes.json --traffic project/file/traffic_15_nodes_net.json --inspection-rate 0.001 --mess-rate 0.002 --algorithm centflow,0.09477700000099999,46,0,32,0,8,46,35,46,0,35,21,2,9,1,32,46,21,29,45,39,0,0,0,29,40,46,15,0,2,45,40,58,0,39,46,58,15,9,1,0,0,8,0,0
project/sim_ext.py --sim-time 0.5 --seq-graph project/file/graph_15_nodes.json --traffic project/file/traffic_15_nodes_net.json --inspection-rate 0.001 --mess-rate 0.002 --algorithm centflow,0.095881599997,46,0,27,0,0,46,35,41,0,35,19,2,9,0,27,41,19,24,42,31,0,0,0,24,37,43,7,0,2,42,37,58,0,30,43,58,7,9,0,0,0,0,0,0
project/sim_ext.py --sim-time 0.5 --seq-graph project/file/graph_15_nodes.json --traffic project/file/traffic_15_nodes_net.json --inspection-rate 0.001 --mess-rate 0.002 --algorithm centflow,0.09690527272612527,46,0,13,0,0,46,24,41,0,24,10,0,0,0,12,41,10,24,38,13,0,0,0,24,33,42,3,0,0,38,33,58,0,13,42,58,3,0,0,0,0,0,0,0
project/sim_ext.py --sim-time 0.5 --seq-graph project/file/graph_15_nodes.json --traffic project/file/traffic_15_nodes_net.json --inspection-rate 0.001 --mess-rate 0.002 --algorithm centflow,0.09796206557222839,46,0,7,0,0,46,22,35,0,22,7,0,0,0,7,35,7,19,36,7,0,0,0,19,32,42,0,0,0,36,31,58,0,7,42,58,0,0,0,0,0,0,0,0
project/sim_ext.py --sim-time 0.5 --seq-graph project/file/graph_15_nodes.json --traffic project/file/traffic_15_nodes_net.json --inspection-rate 0.001 --mess-rate 0.002 --algorithm centflow,0.09899205912582493,30,0,0,0,0,30,22,33,0,22,5,0,0,0,0,33,5,13,34,3,0,0,0,13,26,42,0,0,0,34,26,58,0,3,42,58,0,0,0,0,0,0,0,0
project/sim_ext.py --sim-time 0.5 --seq-graph project/file/graph_15_nodes.json --traffic project/file/traffic_15_nodes_net.json --inspection-rate 0.001 --mess-rate 0.002 --algorithm centflow,0.10002246369597764,27,0,0,0,0,27,22,33,0,22,0,0,0,0,0,33,0,11,33,0,0,0,0,11,24,42,0,0,0,33,24,52,0,0,42,52,0,0,0,0,0,0,0,0
project/sim_ext.py --sim-time 0.5 --seq-graph project/file/graph_15_nodes.json --traffic project/file/traffic_15_nodes_net.json --inspection-rate 0.001 --mess-rate 0.002 --algorithm centflow,0.10105601534767626,23,0,0,0,0,23,15,31,0,15,0,0,0,0,0,31,0,11,32,0,0,0,0,11,24,36,0,0,0,32,24,51,0,0,36,50,0,0,0,0,0,0,0,0
project/sim_ext.py --sim-time 0.5 --seq-graph project/file/graph_15_nodes.json --traffic project/file/traffic_15_nodes_net.json --inspection-rate 0.001 --mess-rate 0.002 --algorithm centflow,0.102095999997,19,0,0,0,0,19,13,24,0,13,0,0,0,0,0,24,0,4,29,0,0,0,0,4,24,34,0,0,0,29,24,50,0,0,34,50,0,0,0,0,0,0,0,0
project/sim_ext.py --sim-time 0.5 --seq-graph project/file/graph_15_nodes.json --traffic project/file/traffic_15_nodes_net.json --inspection-rate 0.001 --mess-rate 0.002 --algorithm centflow,0.103154000001,16,0,0,0,0,16,12,22,0,12,0,0,0,0,0,22,0,4,27,0,0,0,0,4,24,32,0,0,0,27,24,50,0,0,32,50,0,0,0,0,0,0,0,0
project/sim_ext.py --sim-time 0.5 --seq-graph project/file/graph_15_nodes.json --traffic project/file/traffic_15_nodes_net.json --inspection-rate 0.001 --mess-rate 0.002 --algorithm centflow,0.104186599997,15,0,0,0,0,15,8,21,0,8,0,0,0,0,0,21,0,0,25,0,0,0,0,0,19,30,0,0,0,25,19,47,0,0,30,47,0,0,0,0,0,0,0,0
project/sim_ext.py --sim-time 0.5 --seq-graph project/file/graph_15_nodes.json --traffic project/file/traffic_15_nodes_net.json --inspection-rate 0.001 --mess-rate 0.002 --algorithm centflow,0.10519648721023742,10,0,0,0,0,10,8,18,0,8,0,0,0,0,0,18,0,0,23,0,0,0,0,0,15,26,0,0,0,23,15,47,0,0,26,47,0,0,0,0,0,0,0,0
project/sim_ext.py --sim-time 0.5 --seq-graph project/file/graph_15_nodes.json --traffic project/file/traffic_15_nodes_net.json --inspection-rate 0.001 --mess-rate 0.002 --algorithm centflow,0.10623447667295875,8,0,0,0,0,8,8,18,0,8,0,0,0,0,0,18,0,0,20,0,0,0,0,0,15,26,0,0,0,20,15,44,0,0,26,44,0,0,0,0,0,0,0,0
project/sim_ext.py --sim-time 0.5 --seq-graph project/file/graph_15_nodes.json --traffic project/file/traffic_15_nodes_net.json --inspection-rate 0.001 --mess-rate 0.002 --algorithm centflow,0.10728000000099999,6,0,0,0,0,6,8,16,0,8,0,0,0,0,0,16,0,0,18,0,0,0,0,0,8,22,0,0,0,18,8,44,0,0,22,44,0,0,0,0,0,0,0,0
project/sim_ext.py --sim-time 0.5 --seq-graph project/file/graph_15_nodes.json --traffic project/file/traffic_15_nodes_net.json --inspection-rate 0.001 --mess-rate 0.002 --algorithm centflow,0.108346599997,3,0,0,0,0,2,8,16,0,8,0,0,0,0,0,16,0,0,16,0,0,0,0,0,7,18,0,0,0,16,7,38,0,0,18,38,0,0,0,0,0,0,0,0
project/sim_ext.py --sim-time 0.5 --seq-graph project/file/graph_15_nodes.json --traffic project/file/traffic_15_nodes_net.json --inspection-rate 0.001 --mess-rate 0.002 --algorithm centflow,0.1093538263233499,0,0,0,0,0,0,5,12,0,6,0,0,0,0,0,12,0,0,13,0,0,0,0,0,6,15,0,0,0,13,6,38,0,0,15,38,0,0,0,0,0,0,0,0
project/sim_ext.py --sim-time 0.5 --seq-graph project/file/graph_15_nodes.json --traffic project/file/traffic_15_nodes_net.json --inspection-rate 0.001 --mess-rate 0.002 --algorithm centflow,0.110375399997,0,0,0,0,0,0,0,10,0,0,0,0,0,0,0,10,0,0,9,0,0,0,0,0,3,11,0,0,0,9,3,35,0,0,11,35,0,0,0,0,0,0,0,0
project/sim_ext.py --sim-time 0.5 --seq-graph project/file/graph_15_nodes.json --traffic project/file/traffic_15_nodes_net.json --inspection-rate 0.001 --mess-rate 0.002 --algorithm centflow,0.11141851991841203,0,0,0,0,0,0,0,7,0,0,0,0,0,0,0,7,0,0,4,0,0,0,0,0,3,11,0,0,0,4,3,35,0,0,11,35,0,0,0,0,0,0,0,0
project/sim_ext.py --sim-time 0.5 --seq-graph project/file/graph_15_nodes.json --traffic project/file/traffic_15_nodes_net.json --inspection-rate 0.001 --mess-rate 0.002 --algorithm centflow,0.11244226953835053,0,0,0,0,0,0,0,3,0,0,0,0,0,0,0,3,0,0,0,0,0,0,0,0,1,11,0,0,0,0,1,33,0,0,11,33,0,0,0,0,0,0,0,0
project/sim_ext.py --sim-time 0.5 --seq-graph project/file/graph_15_nodes.json --traffic project/file/traffic_15_nodes_net.json --inspection-rate 0.001 --mess-rate 0.002 --algorithm centflow,0.11346424317517766,0,0,0,0,0,0,0,2,0,0,0,0,0,0,0,2,0,0,0,0,0,0,0,0,1,7,0,0,0,0,1,33,0,0,7,33,0,0,0,0,0,0,0,0
project/sim_ext.py --sim-time 0.5 --seq-graph project/file/graph_15_nodes.json --traffic project/file/traffic_15_nodes_net.json --inspection-rate 0.001 --mess-rate 0.002 --algorithm centflow,0.11448923367382477,0,0,0,0,0,0,0,2,0,0,0,0,0,0,0,2,0,0,0,0,0,0,0,0,0,6,0,0,0,0,0,33,0,0,6,33,0,0,0,0,0,0,0,0
project/sim_ext.py --sim-time 0.5 --seq-graph project/file/graph_15_nodes.json --traffic project/file/traffic_15_nodes_net.json --inspection-rate 0.001 --mess-rate 0.002 --algorithm centflow,0.11552500770357858,0,0,0,0,0,0,0,2,0,0,0,0,0,0,0,2,0,0,0,0,0,0,0,0,0,4,0,0,0,0,0,33,0,0,4,33,0,0,0,0,0,0,0,0
project/sim_ext.py --sim-time 0.5 --seq-graph project/file/graph_15_nodes.json --traffic project/file/traffic_15_nodes_net.json --inspection-rate 0.001 --mess-rate 0.002 --algorithm centflow,0.11654667153294947,0,0,0,0,0,0,0,0,0,0,0,0,0,0,0,0,0,0,0,0,0,0,0,0,0,4,0,0,0,0,0,33,0,0,4,33,0,0,0,0,0,0,0,0
project/sim_ext.py --sim-time 0.5 --seq-graph project/file/graph_15_nodes.json --traffic project/file/traffic_15_nodes_net.json --inspection-rate 0.001 --mess-rate 0.002 --algorithm centflow,0.11757852998395638,0,0,0,0,0,0,0,0,0,0,0,0,0,0,0,0,0,0,0,0,0,0,0,0,0,2,0,0,0,0,0,26,0,0,2,26,0,0,0,0,0,0,0,0
project/sim_ext.py --sim-time 0.5 --seq-graph project/file/graph_15_nodes.json --traffic project/file/traffic_15_nodes_net.json --inspection-rate 0.001 --mess-rate 0.002 --algorithm centflow,0.11864099391744305,0,0,0,0,0,0,0,0,0,0,0,0,0,0,0,0,0,0,0,0,0,0,0,0,0,2,0,0,0,0,0,26,0,0,2,26,0,0,0,0,0,0,0,0
project/sim_ext.py --sim-time 0.5 --seq-graph project/file/graph_15_nodes.json --traffic project/file/traffic_15_nodes_net.json --inspection-rate 0.001 --mess-rate 0.002 --algorithm centflow,0.11966649501085254,0,0,0,0,0,0,0,0,0,0,0,0,0,0,0,0,0,0,0,0,0,0,0,0,0,0,0,0,0,0,0,26,0,0,0,26,0,0,0,0,0,0,0,0
project/sim_ext.py --sim-time 0.5 --seq-graph project/file/graph_15_nodes.json --traffic project/file/traffic_15_nodes_net.json --inspection-rate 0.001 --mess-rate 0.002 --algorithm centflow,0.12071628839415324,0,0,0,0,0,0,0,0,0,0,0,0,0,0,0,0,0,0,0,0,0,0,0,0,0,0,0,0,0,0,0,26,0,0,0,26,0,0,0,0,0,0,0,0
project/sim_ext.py --sim-time 0.5 --seq-graph project/file/graph_15_nodes.json --traffic project/file/traffic_15_nodes_net.json --inspection-rate 0.001 --mess-rate 0.002 --algorithm centflow,0.121765000001,0,0,0,0,0,0,0,0,0,0,0,0,0,0,0,0,0,0,0,0,0,0,0,0,0,0,0,0,0,0,0,26,0,0,0,26,0,0,0,0,0,0,0,0
project/sim_ext.py --sim-time 0.5 --seq-graph project/file/graph_15_nodes.json --traffic project/file/traffic_15_nodes_net.json --inspection-rate 0.001 --mess-rate 0.002 --algorithm centflow,0.122797799997,50,26,43,27,29,50,57,59,26,57,37,34,37,33,43,59,37,50,57,44,0,34,27,50,61,72,41,38,34,57,61,95,37,44,72,95,41,37,33,0,37,29,34,38
project/sim_ext.py --sim-time 0.5 --seq-graph project/file/graph_15_nodes.json --traffic project/file/traffic_15_nodes_net.json --inspection-rate 0.001 --mess-rate 0.002 --algorithm centflow,0.12385599999699999,46,5,43,15,9,46,53,53,5,53,32,20,22,20,43,53,32,48,49,36,0,29,15,48,57,72,41,25,20,49,57,91,26,36,72,91,41,22,20,0,26,9,29,25
project/sim_ext.py --sim-time 0.5 --seq-graph project/file/graph_15_nodes.json --traffic project/file/traffic_15_nodes_net.json --inspection-rate 0.001 --mess-rate 0.002 --algorithm centflow,0.124905599997,40,0,33,0,1,40,46,50,0,46,21,11,9,8,34,50,21,35,48,33,0,12,0,35,50,72,21,15,11,48,50,87,14,33,72,87,21,9,8,0,13,0,13,16
project/sim_ext.py --sim-time 0.5 --seq-graph project/file/graph_15_nodes.json --traffic project/file/traffic_15_nodes_net.json --inspection-rate 0.001 --mess-rate 0.002 --algorithm centflow,0.125916799997,40,0,28,0,0,40,44,45,0,44,10,2,0,0,28,45,10,29,41,16,0,0,0,29,41,72,8,7,2,41,41,87,0,16,72,87,8,0,0,0,0,0,0,7
project/sim_ext.py --sim-time 0.5 --seq-graph project/file/graph_15_nodes.json --traffic project/file/traffic_15_nodes_net.json --inspection-rate 0.001 --mess-rate 0.002 --algorithm centflow,0.12698894731058827,35,0,23,0,0,35,44,42,0,44,4,0,0,0,23,42,4,23,38,7,0,0,0,23,37,72,0,0,0,38,37,87,0,7,72,87,0,0,0,0,0,0,0,0
project/sim_ext.py --sim-time 0.5 --seq-graph project/file/graph_15_nodes.json --traffic project/file/traffic_15_nodes_net.json --inspection-rate 0.001 --mess-rate 0.002 --algorithm centflow,0.128092799997,35,0,13,0,0,35,44,41,0,44,1,0,0,0,13,42,1,23,36,0,0,0,0,23,32,67,0,0,0,36,32,87,0,0,67,87,0,0,0,0,0,0,0,0
project/sim_ext.py --sim-time 0.5 --seq-graph project/file/graph_15_nodes.json --traffic project/file/traffic_15_nodes_net.json --inspection-rate 0.001 --mess-rate 0.002 --algorithm centflow,0.129114599997,35,0,9,0,0,35,44,40,0,44,0,0,0,0,9,40,0,21,35,0,0,0,0,21,32,65,0,0,0,35,32,81,0,0,65,81,0,0,0,0,0,0,0,0
project/sim_ext.py --sim-time 0.5 --seq-graph project/file/graph_15_nodes.json --traffic project/file/traffic_15_nodes_net.json --inspection-rate 0.001 --mess-rate 0.002 --algorithm centflow,0.13018840987766292,27,0,6,0,0,27,44,40,0,44,0,0,0,0,6,40,0,20,32,0,0,0,0,20,32,65,0,0,0,32,32,80,0,0,65,80,0,0,0,0,0,0,0,0
project/sim_ext.py --sim-time 0.5 --seq-graph project/file/graph_15_nodes.json --traffic project/file/traffic_15_nodes_net.json --inspection-rate 0.001 --mess-rate 0.002 --algorithm centflow,0.131260799997,22,0,2,0,0,22,29,33,0,29,0,0,0,0,2,33,0,20,30,0,0,0,0,20,26,63,0,0,0,30,26,76,0,0,63,76,0,0,0,0,0,0,0,0
project/sim_ext.py --sim-time 0.5 --seq-graph project/file/graph_15_nodes.json --traffic project/file/traffic_15_nodes_net.json --inspection-rate 0.001 --mess-rate 0.002 --algorithm centflow,0.13227525124043207,20,0,1,0,0,20,21,33,0,21,0,0,0,0,1,33,0,12,26,0,0,0,0,12,25,61,0,0,0,26,25,75,0,0,61,75,0,0,0,0,0,0,0,0
project/sim_ext.py --sim-time 0.5 --seq-graph project/file/graph_15_nodes.json --traffic project/file/traffic_15_nodes_net.json --inspection-rate 0.001 --mess-rate 0.002 --algorithm centflow,0.13332929703583304,17,0,1,0,0,17,21,33,0,21,0,0,0,0,1,33,0,11,23,0,0,0,0,11,21,60,0,0,0,23,21,75,0,0,60,75,0,0,0,0,0,0,0,0
project/sim_ext.py --sim-time 0.5 --seq-graph project/file/graph_15_nodes.json --traffic project/file/traffic_15_nodes_net.json --inspection-rate 0.001 --mess-rate 0.002 --algorithm centflow,0.134386000001,12,0,0,0,0,12,21,22,0,21,0,0,0,0,0,22,0,11,23,0,0,0,0,11,19,55,0,0,0,23,19,73,0,0,55,73,0,0,0,0,0,0,0,0
project/sim_ext.py --sim-time 0.5 --seq-graph project/file/graph_15_nodes.json --traffic project/file/traffic_15_nodes_net.json --inspection-rate 0.001 --mess-rate 0.002 --algorithm centflow,0.13542734157180142,10,0,0,0,0,10,9,19,0,9,0,0,0,0,0,19,0,3,16,0,0,0,0,3,19,54,0,0,0,16,19,71,0,0,54,71,0,0,0,0,0,0,0,0
project/sim_ext.py --sim-time 0.5 --seq-graph project/file/graph_15_nodes.json --traffic project/file/traffic_15_nodes_net.json --inspection-rate 0.001 --mess-rate 0.002 --algorithm centflow,0.136481000001,5,0,0,0,0,5,9,19,0,9,0,0,0,0,0,19,0,3,16,0,0,0,0,3,14,54,0,0,0,16,14,70,0,0,54,70,0,0,0,0,0,0,0,0
project/sim_ext.py --sim-time 0.5 --seq-graph project/file/graph_15_nodes.json --traffic project/file/traffic_15_nodes_net.json --inspection-rate 0.001 --mess-rate 0.002 --algorithm centflow,0.13754158648949483,3,0,0,0,0,3,7,19,0,7,0,0,0,0,0,19,0,0,13,0,0,0,0,0,12,52,0,0,0,13,12,69,0,0,52,69,0,0,0,0,0,0,0,0
project/sim_ext.py --sim-time 0.5 --seq-graph project/file/graph_15_nodes.json --traffic project/file/traffic_15_nodes_net.json --inspection-rate 0.001 --mess-rate 0.002 --algorithm centflow,0.1385736392395196,0,0,0,0,0,0,7,19,0,7,0,0,0,0,0,19,0,0,13,0,0,0,0,0,3,51,0,0,0,13,3,65,0,0,51,65,0,0,0,0,0,0,0,0
project/sim_ext.py --sim-time 0.5 --seq-graph project/file/graph_15_nodes.json --traffic project/file/traffic_15_nodes_net.json --inspection-rate 0.001 --mess-rate 0.002 --algorithm centflow,0.13962464139975628,0,0,0,0,0,0,7,19,0,7,0,0,0,0,0,19,0,0,6,0,0,0,0,0,2,51,0,0,0,6,2,64,0,0,51,64,0,0,0,0,0,0,0,0
project/sim_ext.py --sim-time 0.5 --seq-graph project/file/graph_15_nodes.json --traffic project/file/traffic_15_nodes_net.json --inspection-rate 0.001 --mess-rate 0.002 --algorithm centflow,0.140655000001,0,0,0,0,0,0,7,10,0,7,0,0,0,0,0,10,0,0,6,0,0,0,0,0,2,50,0,0,0,6,2,62,0,0,50,62,0,0,0,0,0,0,0,0
project/sim_ext.py --sim-time 0.5 --seq-graph project/file/graph_15_nodes.json --traffic project/file/traffic_15_nodes_net.json --inspection-rate 0.001 --mess-rate 0.002 --algorithm centflow,0.14170680196837285,0,0,0,0,0,0,0,9,0,0,0,0,0,0,0,9,0,0,2,0,0,0,0,0,2,48,0,0,0,2,2,60,0,0,48,60,0,0,0,0,0,0,0,0
project/sim_ext.py --sim-time 0.5 --seq-graph project/file/graph_15_nodes.json --traffic project/file/traffic_15_nodes_net.json --inspection-rate 0.001 --mess-rate 0.002 --algorithm centflow,0.14274814554147053,0,0,0,0,0,0,0,8,0,0,0,0,0,0,0,8,0,0,2,0,0,0,0,0,0,46,0,0,0,2,0,60,0,0,46,60,0,0,0,0,0,0,0,0
project/sim_ext.py --sim-time 0.5 --seq-graph project/file/graph_15_nodes.json --traffic project/file/traffic_15_nodes_net.json --inspection-rate 0.001 --mess-rate 0.002 --algorithm centflow,0.14378839938930518,0,0,0,0,0,0,0,5,0,0,0,0,0,0,0,5,0,0,0,0,0,0,0,0,0,43,0,0,0,0,0,58,0,0,43,58,0,0,0,0,0,0,0,0
project/sim_ext.py --sim-time 0.5 --seq-graph project/file/graph_15_nodes.json --traffic project/file/traffic_15_nodes_net.json --inspection-rate 0.001 --mess-rate 0.002 --algorithm centflow,0.14482520087239922,0,0,0,0,0,0,0,5,0,0,0,0,0,0,0,5,0,0,0,0,0,0,0,0,0,41,0,0,0,0,0,57,0,0,41,57,0,0,0,0,0,0,0,0
project/sim_ext.py --sim-time 0.5 --seq-graph project/file/graph_15_nodes.json --traffic project/file/traffic_15_nodes_net.json --inspection-rate 0.001 --mess-rate 0.002 --algorithm centflow,0.14585200160556008,0,0,0,0,0,0,0,5,0,0,0,0,0,0,0,5,0,0,0,0,0,0,0,0,0,38,0,0,0,0,0,55,0,0,38,55,0,0,0,0,0,0,0,0
project/sim_ext.py --sim-time 0.5 --seq-graph project/file/graph_15_nodes.json --traffic project/file/traffic_15_nodes_net.json --inspection-rate 0.001 --mess-rate 0.002 --algorithm centflow,0.1468954391607128,0,0,0,0,0,0,0,5,0,0,0,0,0,0,0,5,0,0,0,0,0,0,0,0,0,38,0,0,0,0,0,55,0,0,38,55,0,0,0,0,0,0,0,0
project/sim_ext.py --sim-time 0.5 --seq-graph project/file/graph_15_nodes.json --traffic project/file/traffic_15_nodes_net.json --inspection-rate 0.001 --mess-rate 0.002 --algorithm centflow,0.14791484506630018,0,0,0,0,0,0,0,5,0,0,0,0,0,0,0,5,0,0,0,0,0,0,0,0,0,37,0,0,0,0,0,55,0,0,37,55,0,0,0,0,0,0,0,0
project/sim_ext.py --sim-time 0.5 --seq-graph project/file/graph_15_nodes.json --traffic project/file/traffic_15_nodes_net.json --inspection-rate 0.001 --mess-rate 0.002 --algorithm centflow,0.14895661765757912,0,0,0,0,0,0,0,5,0,0,0,0,0,0,0,5,0,0,0,0,0,0,0,0,0,33,0,0,0,0,0,49,0,0,33,49,0,0,0,0,0,0,0,0
project/sim_ext.py --sim-time 0.5 --seq-graph project/file/graph_15_nodes.json --traffic project/file/traffic_15_nodes_net.json --inspection-rate 0.001 --mess-rate 0.002 --algorithm centflow,0.15001279999699998,0,0,0,0,0,0,0,0,0,0,0,0,0,0,0,0,0,0,0,0,0,0,0,0,0,32,0,0,0,0,0,47,0,0,32,47,0,0,0,0,0,0,0,0
project/sim_ext.py --sim-time 0.5 --seq-graph project/file/graph_15_nodes.json --traffic project/file/traffic_15_nodes_net.json --inspection-rate 0.001 --mess-rate 0.002 --algorithm centflow,0.15102285034708027,0,0,0,0,0,0,0,0,0,0,0,0,0,0,0,0,0,0,0,0,0,0,0,0,0,30,0,0,0,0,0,44,0,0,30,44,0,0,0,0,0,0,0,0
project/sim_ext.py --sim-time 0.5 --seq-graph project/file/graph_15_nodes.json --traffic project/file/traffic_15_nodes_net.json --inspection-rate 0.001 --mess-rate 0.002 --algorithm centflow,0.15209200995349356,0,0,0,0,0,0,0,0,0,0,0,0,0,0,0,0,0,0,0,0,0,0,0,0,0,30,0,0,0,0,0,44,0,0,30,44,0,0,0,0,0,0,0,0
project/sim_ext.py --sim-time 0.5 --seq-graph project/file/graph_15_nodes.json --traffic project/file/traffic_15_nodes_net.json --inspection-rate 0.001 --mess-rate 0.002 --algorithm centflow,0.1531170225194581,0,0,0,0,0,0,0,0,0,0,0,0,0,0,0,0,0,0,0,0,0,0,0,0,0,26,0,0,0,0,0,44,0,0,26,44,0,0,0,0,0,0,0,0
project/sim_ext.py --sim-time 0.5 --seq-graph project/file/graph_15_nodes.json --traffic project/file/traffic_15_nodes_net.json --inspection-rate 0.001 --mess-rate 0.002 --algorithm centflow,0.154130000001,0,0,0,0,0,0,0,0,0,0,0,0,0,0,0,0,0,0,0,0,0,0,0,0,0,25,0,0,0,0,0,44,0,0,25,44,0,0,0,0,0,0,0,0
project/sim_ext.py --sim-time 0.5 --seq-graph project/file/graph_15_nodes.json --traffic project/file/traffic_15_nodes_net.json --inspection-rate 0.001 --mess-rate 0.002 --algorithm centflow,0.15517040160796108,0,0,0,0,0,0,0,0,0,0,0,0,0,0,0,0,0,0,0,0,0,0,0,0,0,22,0,0,0,0,0,44,0,0,21,44,0,0,0,0,0,0,0,0
project/sim_ext.py --sim-time 0.5 --seq-graph project/file/graph_15_nodes.json --traffic project/file/traffic_15_nodes_net.json --inspection-rate 0.001 --mess-rate 0.002 --algorithm centflow,0.1562007277128128,0,0,0,0,0,0,0,0,0,0,0,0,0,0,0,0,0,0,0,0,0,0,0,0,0,21,0,0,0,0,0,31,0,0,21,31,0,0,0,0,0,0,0,0
project/sim_ext.py --sim-time 0.5 --seq-graph project/file/graph_15_nodes.json --traffic project/file/traffic_15_nodes_net.json --inspection-rate 0.001 --mess-rate 0.002 --algorithm centflow,0.1572316457496847,0,0,0,0,0,0,0,0,0,0,0,0,0,0,0,0,0,0,0,0,0,0,0,0,0,18,0,0,0,0,0,29,0,0,18,29,0,0,0,0,0,0,0,0
project/sim_ext.py --sim-time 0.5 --seq-graph project/file/graph_15_nodes.json --traffic project/file/traffic_15_nodes_net.json --inspection-rate 0.001 --mess-rate 0.002 --algorithm centflow,0.158274999997,0,0,0,0,0,0,0,0,0,0,0,0,0,0,0,0,0,0,0,0,0,0,0,0,0,16,0,0,0,0,0,26,0,0,16,26,0,0,0,0,0,0,0,0
project/sim_ext.py --sim-time 0.5 --seq-graph project/file/graph_15_nodes.json --traffic project/file/traffic_15_nodes_net.json --inspection-rate 0.001 --mess-rate 0.002 --algorithm centflow,0.15936199748521884,0,0,0,0,0,0,0,0,0,0,0,0,0,0,0,0,0,0,0,0,0,0,0,0,0,15,0,0,0,0,0,22,0,0,14,22,0,0,0,0,0,0,0,0
project/sim_ext.py --sim-time 0.5 --seq-graph project/file/graph_15_nodes.json --traffic project/file/traffic_15_nodes_net.json --inspection-rate 0.001 --mess-rate 0.002 --algorithm centflow,0.1604101911581197,0,0,0,0,0,0,0,0,0,0,0,0,0,0,0,0,0,0,0,0,0,0,0,0,0,14,0,0,0,0,0,22,0,0,14,22,0,0,0,0,0,0,0,0
project/sim_ext.py --sim-time 0.5 --seq-graph project/file/graph_15_nodes.json --traffic project/file/traffic_15_nodes_net.json --inspection-rate 0.001 --mess-rate 0.002 --algorithm centflow,0.16144184451773425,0,0,0,0,0,0,0,0,0,0,0,0,0,0,0,0,0,0,0,0,0,0,0,0,0,13,0,0,0,0,0,22,0,0,13,22,0,0,0,0,0,0,0,0
project/sim_ext.py --sim-time 0.5 --seq-graph project/file/graph_15_nodes.json --traffic project/file/traffic_15_nodes_net.json --inspection-rate 0.001 --mess-rate 0.002 --algorithm centflow,0.16249634238746155,0,0,0,0,0,0,0,0,0,0,0,0,0,0,0,0,0,0,0,0,0,0,0,0,0,13,0,0,0,0,0,20,0,0,13,20,0,0,0,0,0,0,0,0
project/sim_ext.py --sim-time 0.5 --seq-graph project/file/graph_15_nodes.json --traffic project/file/traffic_15_nodes_net.json --inspection-rate 0.001 --mess-rate 0.002 --algorithm centflow,0.163529599997,55,33,46,33,37,55,57,59,34,57,32,34,43,35,46,59,33,52,53,36,0,47,32,52,52,87,41,39,34,53,52,97,36,36,87,96,40,43,36,0,36,37,47,40
project/sim_ext.py --sim-time 0.5 --seq-graph project/file/graph_15_nodes.json --traffic project/file/traffic_15_nodes_net.json --inspection-rate 0.001 --mess-rate 0.002 --algorithm centflow,0.164540799997,48,13,44,10,30,48,48,59,14,48,23,31,27,25,44,59,23,47,48,28,0,38,11,47,49,85,33,30,31,49,49,95,35,28,85,95,34,27,25,0,35,30,38,30
project/sim_ext.py --sim-time 0.5 --seq-graph project/file/graph_15_nodes.json --traffic project/file/traffic_15_nodes_net.json --inspection-rate 0.001 --mess-rate 0.002 --algorithm centflow,0.165558399997,42,0,39,0,18,42,45,54,0,45,17,16,18,14,39,54,17,37,41,22,0,29,0,37,40,83,13,18,16,41,40,95,12,22,83,95,14,18,14,0,12,18,28,18
project/sim_ext.py --sim-time 0.5 --seq-graph project/file/graph_15_nodes.json --traffic project/file/traffic_15_nodes_net.json --inspection-rate 0.001 --mess-rate 0.002 --algorithm centflow,0.166605799997,42,0,29,0,5,42,38,53,0,38,0,5,5,0,29,53,0,37,38,18,0,20,0,37,33,83,3,9,5,38,33,94,0,19,83,94,2,5,0,0,0,5,20,9
project/sim_ext.py --sim-time 0.5 --seq-graph project/file/graph_15_nodes.json --traffic project/file/traffic_15_nodes_net.json --inspection-rate 0.001 --mess-rate 0.002 --algorithm centflow,0.167616999997,42,0,22,0,0,42,32,53,0,32,0,1,5,0,22,53,0,28,37,16,0,4,0,28,32,81,0,3,1,37,32,94,0,16,81,94,0,5,0,0,0,0,4,3
project/sim_ext.py --sim-time 0.5 --seq-graph project/file/graph_15_nodes.json --traffic project/file/traffic_15_nodes_net.json --inspection-rate 0.001 --mess-rate 0.002 --algorithm centflow,0.1686607670365449,31,0,20,0,0,31,26,45,0,26,0,0,0,0,20,45,0,26,35,16,0,0,0,26,26,81,0,0,0,35,26,88,0,16,81,88,0,0,0,0,0,0,0,0
project/sim_ext.py --sim-time 0.5 --seq-graph project/file/graph_15_nodes.json --traffic project/file/traffic_15_nodes_net.json --inspection-rate 0.001 --mess-rate 0.002 --algorithm centflow,0.16968503911347485,29,0,14,0,0,29,23,42,0,24,0,0,0,0,14,42,0,23,31,10,0,0,0,23,21,81,0,0,0,31,21,88,0,9,81,88,0,0,0,0,0,0,0,0
project/sim_ext.py --sim-time 0.5 --seq-graph project/file/graph_15_nodes.json --traffic project/file/traffic_15_nodes_net.json --inspection-rate 0.001 --mess-rate 0.002 --algorithm centflow,0.17073265183310501,26,0,8,0,0,26,19,37,0,19,0,0,0,0,8,37,0,17,27,0,0,0,0,17,19,81,0,0,0,27,19,88,0,0,81,88,0,0,0,0,0,0,0,0
project/sim_ext.py --sim-time 0.5 --seq-graph project/file/graph_15_nodes.json --traffic project/file/traffic_15_nodes_net.json --inspection-rate 0.001 --mess-rate 0.002 --algorithm centflow,0.17179074296776947,26,0,5,0,0,26,19,34,0,19,0,0,0,0,5,34,0,17,22,0,0,0,0,17,16,81,0,0,0,22,16,84,0,0,81,84,0,0,0,0,0,0,0,0
project/sim_ext.py --sim-time 0.5 --seq-graph project/file/graph_15_nodes.json --traffic project/file/traffic_15_nodes_net.json --inspection-rate 0.001 --mess-rate 0.002 --algorithm centflow,0.17282993258414517,26,0,2,0,0,26,17,34,0,17,0,0,0,0,2,34,0,13,21,0,0,0,0,13,9,81,0,0,0,21,9,84,0,0,81,84,0,0,0,0,0,0,0,0
project/sim_ext.py --sim-time 0.5 --seq-graph project/file/graph_15_nodes.json --traffic project/file/traffic_15_nodes_net.json --inspection-rate 0.001 --mess-rate 0.002 --algorithm centflow,0.17387691317789197,26,0,0,0,0,26,10,29,0,10,0,0,0,0,0,29,0,11,21,0,0,0,0,11,4,81,0,0,0,21,4,84,0,0,81,84,0,0,0,0,0,0,0,0
project/sim_ext.py --sim-time 0.5 --seq-graph project/file/graph_15_nodes.json --traffic project/file/traffic_15_nodes_net.json --inspection-rate 0.001 --mess-rate 0.002 --algorithm centflow,0.174931000001,26,0,0,0,0,26,8,27,0,8,0,0,0,0,0,27,0,11,16,0,0,0,0,11,4,81,0,0,0,16,4,84,0,0,81,84,0,0,0,0,0,0,0,0
project/sim_ext.py --sim-time 0.5 --seq-graph project/file/graph_15_nodes.json --traffic project/file/traffic_15_nodes_net.json --inspection-rate 0.001 --mess-rate 0.002 --algorithm centflow,0.175990399997,25,0,0,0,0,25,7,22,0,7,0,0,0,0,0,22,0,11,12,0,0,0,0,11,0,69,0,0,0,12,0,84,0,0,69,84,0,0,0,0,0,0,0,0
project/sim_ext.py --sim-time 0.5 --seq-graph project/file/graph_15_nodes.json --traffic project/file/traffic_15_nodes_net.json --inspection-rate 0.001 --mess-rate 0.002 --algorithm centflow,0.17701795075873114,13,0,0,0,0,13,5,20,0,5,0,0,0,0,0,20,0,11,10,0,0,0,0,11,0,69,0,0,0,10,0,80,0,0,69,80,0,0,0,0,0,0,0,0
project/sim_ext.py --sim-time 0.5 --seq-graph project/file/graph_15_nodes.json --traffic project/file/traffic_15_nodes_net.json --inspection-rate 0.001 --mess-rate 0.002 --algorithm centflow,0.1780545931099063,9,0,0,0,0,9,0,19,0,0,0,0,0,0,0,19,0,11,7,0,0,0,0,11,0,69,0,0,0,7,0,79,0,0,69,79,0,0,0,0,0,0,0,0
project/sim_ext.py --sim-time 0.5 --seq-graph project/file/graph_15_nodes.json --traffic project/file/traffic_15_nodes_net.json --inspection-rate 0.001 --mess-rate 0.002 --algorithm centflow,0.179126399997,7,0,0,0,0,7,0,18,0,0,0,0,0,0,0,18,0,0,6,0,0,0,0,0,0,67,0,0,0,6,0,79,0,0,67,79,0,0,0,0,0,0,0,0
project/sim_ext.py --sim-time 0.5 --seq-graph project/file/graph_15_nodes.json --traffic project/file/traffic_15_nodes_net.json --inspection-rate 0.001 --mess-rate 0.002 --algorithm centflow,0.18018481855978008,7,0,0,0,0,7,0,15,0,0,0,0,0,0,0,15,0,0,6,0,0,0,0,0,0,63,0,0,0,6,0,74,0,0,63,74,0,0,0,0,0,0,0,0
project/sim_ext.py --sim-time 0.5 --seq-graph project/file/graph_15_nodes.json --traffic project/file/traffic_15_nodes_net.json --inspection-rate 0.001 --mess-rate 0.002 --algorithm centflow,0.18125211615394154,7,0,0,0,0,7,0,13,0,0,0,0,0,0,0,13,0,0,4,0,0,0,0,0,0,63,0,0,0,4,0,74,0,0,63,74,0,0,0,0,0,0,0,0
project/sim_ext.py --sim-time 0.5 --seq-graph project/file/graph_15_nodes.json --traffic project/file/traffic_15_nodes_net.json --inspection-rate 0.001 --mess-rate 0.002 --algorithm centflow,0.18228272006852553,0,0,0,0,0,0,0,7,0,0,0,0,0,0,0,7,0,0,4,0,0,0,0,0,0,56,0,0,0,4,0,70,0,0,56,70,0,0,0,0,0,0,0,0
project/sim_ext.py --sim-time 0.5 --seq-graph project/file/graph_15_nodes.json --traffic project/file/traffic_15_nodes_net.json --inspection-rate 0.001 --mess-rate 0.002 --algorithm centflow,0.183319000001,0,0,0,0,0,0,0,6,0,0,0,0,0,0,0,6,0,0,4,0,0,0,0,0,0,54,0,0,0,4,0,66,0,0,54,66,0,0,0,0,0,0,0,0
project/sim_ext.py --sim-time 0.5 --seq-graph project/file/graph_15_nodes.json --traffic project/file/traffic_15_nodes_net.json --inspection-rate 0.001 --mess-rate 0.002 --algorithm centflow,0.184352000001,0,0,0,0,0,0,0,4,0,0,0,0,0,0,0,4,0,0,0,0,0,0,0,0,0,54,0,0,0,0,0,66,0,0,54,66,0,0,0,0,0,0,0,0
project/sim_ext.py --sim-time 0.5 --seq-graph project/file/graph_15_nodes.json --traffic project/file/traffic_15_nodes_net.json --inspection-rate 0.001 --mess-rate 0.002 --algorithm centflow,0.18540357665627258,0,0,0,0,0,0,0,2,0,0,0,0,0,0,0,2,0,0,0,0,0,0,0,0,0,54,0,0,0,0,0,66,0,0,54,66,0,0,0,0,0,0,0,0
project/sim_ext.py --sim-time 0.5 --seq-graph project/file/graph_15_nodes.json --traffic project/file/traffic_15_nodes_net.json --inspection-rate 0.001 --mess-rate 0.002 --algorithm centflow,0.186434220772354,0,0,0,0,0,0,0,2,0,0,0,0,0,0,0,2,0,0,0,0,0,0,0,0,0,46,0,0,0,0,0,66,0,0,46,66,0,0,0,0,0,0,0,0
project/sim_ext.py --sim-time 0.5 --seq-graph project/file/graph_15_nodes.json --traffic project/file/traffic_15_nodes_net.json --inspection-rate 0.001 --mess-rate 0.002 --algorithm centflow,0.18746663875641875,0,0,0,0,0,0,0,0,0,0,0,0,0,0,0,0,0,0,0,0,0,0,0,0,0,43,0,0,0,0,0,66,0,0,43,66,0,0,0,0,0,0,0,0
project/sim_ext.py --sim-time 0.5 --seq-graph project/file/graph_15_nodes.json --traffic project/file/traffic_15_nodes_net.json --inspection-rate 0.001 --mess-rate 0.002 --algorithm centflow,0.1885047078824502,0,0,0,0,0,0,0,0,0,0,0,0,0,0,0,0,0,0,0,0,0,0,0,0,0,41,0,0,0,0,0,64,0,0,41,64,0,0,0,0,0,0,0,0
project/sim_ext.py --sim-time 0.5 --seq-graph project/file/graph_15_nodes.json --traffic project/file/traffic_15_nodes_net.json --inspection-rate 0.001 --mess-rate 0.002 --algorithm centflow,0.18952152508852593,0,0,0,0,0,0,0,0,0,0,0,0,0,0,0,0,0,0,0,0,0,0,0,0,0,40,0,0,0,0,0,62,0,0,40,62,0,0,0,0,0,0,0,0
project/sim_ext.py --sim-time 0.5 --seq-graph project/file/graph_15_nodes.json --traffic project/file/traffic_15_nodes_net.json --inspection-rate 0.001 --mess-rate 0.002 --algorithm centflow,0.19054888205763432,0,0,0,0,0,0,0,0,0,0,0,0,0,0,0,0,0,0,0,0,0,0,0,0,0,36,0,0,0,0,0,60,0,0,36,60,0,0,0,0,0,0,0,0
project/sim_ext.py --sim-time 0.5 --seq-graph project/file/graph_15_nodes.json --traffic project/file/traffic_15_nodes_net.json --inspection-rate 0.001 --mess-rate 0.002 --algorithm centflow,0.19158435544240845,0,0,0,0,0,0,0,0,0,0,0,0,0,0,0,0,0,0,0,0,0,0,0,0,0,36,0,0,0,0,0,60,0,0,36,60,0,0,0,0,0,0,0,0
project/sim_ext.py --sim-time 0.5 --seq-graph project/file/graph_15_nodes.json --traffic project/file/traffic_15_nodes_net.json --inspection-rate 0.001 --mess-rate 0.002 --algorithm centflow,0.19264431833982007,0,0,0,0,0,0,0,0,0,0,0,0,0,0,0,0,0,0,0,0,0,0,0,0,0,31,0,0,0,0,0,55,0,0,31,55,0,0,0,0,0,0,0,0
project/sim_ext.py --sim-time 0.5 --seq-graph project/file/graph_15_nodes.json --traffic project/file/traffic_15_nodes_net.json --inspection-rate 0.001 --mess-rate 0.002 --algorithm centflow,0.193679999997,69,68,69,69,68,68,68,70,69,69,68,69,68,69,70,71,68,69,68,68,0,68,70,70,68,111,69,68,70,69,69,134,69,69,111,134,70,69,70,0,70,69,69,68
project/sim_ext.py --sim-time 0.5 --seq-graph project/file/graph_15_nodes.json --traffic project/file/traffic_15_nodes_net.json --inspection-rate 0.001 --mess-rate 0.002 --algorithm centflow,0.194682599997,61,22,41,22,39,61,56,68,22,56,42,39,40,27,41,68,42,49,54,39,0,32,22,50,40,105,25,36,39,54,40,134,36,39,105,134,25,40,27,0,36,38,31,36
project/sim_ext.py --sim-time 0.5 --seq-graph project/file/graph_15_nodes.json --traffic project/file/traffic_15_nodes_net.json --inspection-rate 0.001 --mess-rate 0.002 --algorithm centflow,0.195759999997,50,4,41,3,31,50,51,63,4,51,28,25,19,16,41,63,28,36,54,34,0,22,3,36,36,100,15,22,25,54,36,127,27,34,100,127,15,18,16,0,27,31,22,22
project/sim_ext.py --sim-time 0.5 --seq-graph project/file/graph_15_nodes.json --traffic project/file/traffic_15_nodes_net.json --inspection-rate 0.001 --mess-rate 0.002 --algorithm centflow,0.1967938473047018,49,0,31,0,20,49,49,59,0,49,20,13,9,6,31,60,20,28,50,30,0,13,0,28,28,95,0,9,13,50,28,127,13,30,95,127,0,9,6,0,13,20,12,9
project/sim_ext.py --sim-time 0.5 --seq-graph project/file/graph_15_nodes.json --traffic project/file/traffic_15_nodes_net.json --inspection-rate 0.001 --mess-rate 0.002 --algorithm centflow,0.197852799997,49,0,29,0,20,49,43,57,0,43,16,0,0,0,29,57,16,21,42,23,0,6,0,21,25,94,0,0,0,42,25,127,0,23,94,127,0,0,0,0,0,20,6,0
project/sim_ext.py --sim-time 0.5 --seq-graph project/file/graph_15_nodes.json --traffic project/file/traffic_15_nodes_net.json --inspection-rate 0.001 --mess-rate 0.002 --algorithm centflow,0.19890659431132993,42,0,27,0,4,42,41,54,0,41,9,0,0,0,27,54,9,16,39,18,0,1,0,16,23,90,0,0,0,39,23,119,0,18,90,119,0,0,0,0,0,4,1,0
project/sim_ext.py --sim-time 0.5 --seq-graph project/file/graph_15_nodes.json --traffic project/file/traffic_15_nodes_net.json --inspection-rate 0.001 --mess-rate 0.002 --algorithm centflow,0.19997507817153512,38,0,27,0,4,38,34,54,0,34,4,0,0,0,27,54,4,14,36,18,0,0,0,13,22,86,0,0,0,36,22,119,0,18,86,119,0,0,0,0,0,4,0,0
project/sim_ext.py --sim-time 0.5 --seq-graph project/file/graph_15_nodes.json --traffic project/file/traffic_15_nodes_net.json --inspection-rate 0.001 --mess-rate 0.002 --algorithm centflow,0.20101105788098575,36,0,10,0,0,36,31,52,0,30,0,0,0,0,10,52,0,8,36,1,0,0,0,8,16,85,0,0,0,36,16,119,0,1,85,119,0,0,0,0,0,0,0,0
project/sim_ext.py --sim-time 0.5 --seq-graph project/file/graph_15_nodes.json --traffic project/file/traffic_15_nodes_net.json --inspection-rate 0.001 --mess-rate 0.002 --algorithm centflow,0.20203580760639459,31,0,8,0,0,31,30,52,0,30,0,0,0,0,8,52,0,8,36,0,0,0,0,8,14,83,0,0,0,36,14,119,0,0,83,119,0,0,0,0,0,0,0,0
project/sim_ext.py --sim-time 0.5 --seq-graph project/file/graph_15_nodes.json --traffic project/file/traffic_15_nodes_net.json --inspection-rate 0.001 --mess-rate 0.002 --algorithm centflow,0.203104999997,31,0,6,0,0,31,30,52,0,30,0,0,0,0,6,52,0,3,27,0,0,0,0,2,11,81,0,0,0,27,11,115,0,0,81,115,0,0,0,0,0,0,0,0
project/sim_ext.py --sim-time 0.5 --seq-graph project/file/graph_15_nodes.json --traffic project/file/traffic_15_nodes_net.json --inspection-rate 0.001 --mess-rate 0.002 --algorithm centflow,0.20414331500287491,31,0,0,0,0,31,30,45,0,30,0,0,0,0,0,45,0,0,26,0,0,0,0,0,8,80,0,0,0,26,8,114,0,0,80,114,0,0,0,0,0,0,0,0
project/sim_ext.py --sim-time 0.5 --seq-graph project/file/graph_15_nodes.json --traffic project/file/traffic_15_nodes_net.json --inspection-rate 0.001 --mess-rate 0.002 --algorithm centflow,0.20517219999699998,19,0,0,0,0,19,25,42,0,25,0,0,0,0,0,42,0,0,26,0,0,0,0,0,2,79,0,0,0,26,2,110,0,0,79,110,0,0,0,0,0,0,0,0
project/sim_ext.py --sim-time 0.5 --seq-graph project/file/graph_15_nodes.json --traffic project/file/traffic_15_nodes_net.json --inspection-rate 0.001 --mess-rate 0.002 --algorithm centflow,0.20620097569302054,18,0,0,0,0,17,17,36,0,17,0,0,0,0,0,36,0,0,20,0,0,0,0,0,0,79,0,0,0,20,0,110,0,0,79,110,0,0,0,0,0,0,0,0
project/sim_ext.py --sim-time 0.5 --seq-graph project/file/graph_15_nodes.json --traffic project/file/traffic_15_nodes_net.json --inspection-rate 0.001 --mess-rate 0.002 --algorithm centflow,0.207235199997,16,0,0,0,0,16,11,33,0,11,0,0,0,0,0,33,0,0,16,0,0,0,0,0,0,75,0,0,0,16,0,109,0,0,75,109,0,0,0,0,0,0,0,0
project/sim_ext.py --sim-time 0.5 --seq-graph project/file/graph_15_nodes.json --traffic project/file/traffic_15_nodes_net.json --inspection-rate 0.001 --mess-rate 0.002 --algorithm centflow,0.208260000001,16,0,0,0,0,16,8,29,0,8,0,0,0,0,0,29,0,0,12,0,0,0,0,0,0,75,0,0,0,12,0,109,0,0,75,109,0,0,0,0,0,0,0,0
project/sim_ext.py --sim-time 0.5 --seq-graph project/file/graph_15_nodes.json --traffic project/file/traffic_15_nodes_net.json --inspection-rate 0.001 --mess-rate 0.002 --algorithm centflow,0.209289599997,16,0,0,0,0,16,6,25,0,6,0,0,0,0,0,25,0,0,9,0,0,0,0,0,0,70,0,0,0,9,0,109,0,0,70,109,0,0,0,0,0,0,0,0
project/sim_ext.py --sim-time 0.5 --seq-graph project/file/graph_15_nodes.json --traffic project/file/traffic_15_nodes_net.json --inspection-rate 0.001 --mess-rate 0.002 --algorithm centflow,0.21031631326058234,9,0,0,0,0,8,4,22,0,4,0,0,0,0,0,22,0,0,6,0,0,0,0,0,0,68,0,0,0,6,0,109,0,0,68,109,0,0,0,0,0,0,0,0
project/sim_ext.py --sim-time 0.5 --seq-graph project/file/graph_15_nodes.json --traffic project/file/traffic_15_nodes_net.json --inspection-rate 0.001 --mess-rate 0.002 --algorithm centflow,0.211334000001,1,0,0,0,0,1,4,22,0,4,0,0,0,0,0,22,0,0,4,0,0,0,0,0,0,66,0,0,0,4,0,108,0,0,66,108,0,0,0,0,0,0,0,0
project/sim_ext.py --sim-time 0.5 --seq-graph project/file/graph_15_nodes.json --traffic project/file/traffic_15_nodes_net.json --inspection-rate 0.001 --mess-rate 0.002 --algorithm centflow,0.21234873862952813,0,0,0,0,0,0,0,22,0,0,0,0,0,0,0,22,0,0,4,0,0,0,0,0,0,65,0,0,0,4,0,107,0,0,65,107,0,0,0,0,0,0,0,0
project/sim_ext.py --sim-time 0.5 --seq-graph project/file/graph_15_nodes.json --traffic project/file/traffic_15_nodes_net.json --inspection-rate 0.001 --mess-rate 0.002 --algorithm centflow,0.21340063276964602,0,0,0,0,0,0,0,22,0,0,0,0,0,0,0,22,0,0,2,0,0,0,0,0,0,63,0,0,0,2,0,104,0,0,63,104,0,0,0,0,0,0,0,0
project/sim_ext.py --sim-time 0.5 --seq-graph project/file/graph_15_nodes.json --traffic project/file/traffic_15_nodes_net.json --inspection-rate 0.001 --mess-rate 0.002 --algorithm centflow,0.21444960215746578,0,0,0,0,0,0,0,22,0,0,0,0,0,0,0,22,0,0,2,0,0,0,0,0,0,61,0,0,0,2,0,102,0,0,61,102,0,0,0,0,0,0,0,0
project/sim_ext.py --sim-time 0.5 --seq-graph project/file/graph_15_nodes.json --traffic project/file/traffic_15_nodes_net.json --inspection-rate 0.001 --mess-rate 0.002 --algorithm centflow,0.2154782435273111,0,0,0,0,0,0,0,10,0,0,0,0,0,0,0,10,0,0,0,0,0,0,0,0,0,58,0,0,0,0,0,102,0,0,58,102,0,0,0,0,0,0,0,0
project/sim_ext.py --sim-time 0.5 --seq-graph project/file/graph_15_nodes.json --traffic project/file/traffic_15_nodes_net.json --inspection-rate 0.001 --mess-rate 0.002 --algorithm centflow,0.21649712951893335,0,0,0,0,0,0,0,9,0,0,0,0,0,0,0,9,0,0,0,0,0,0,0,0,0,55,0,0,0,0,0,97,0,0,55,97,0,0,0,0,0,0,0,0
project/sim_ext.py --sim-time 0.5 --seq-graph project/file/graph_15_nodes.json --traffic project/file/traffic_15_nodes_net.json --inspection-rate 0.001 --mess-rate 0.002 --algorithm centflow,0.21753700000099999,0,0,0,0,0,0,0,8,0,0,0,0,0,0,0,8,0,0,0,0,0,0,0,0,0,55,0,0,0,0,0,97,0,0,55,97,0,0,0,0,0,0,0,0
project/sim_ext.py --sim-time 0.5 --seq-graph project/file/graph_15_nodes.json --traffic project/file/traffic_15_nodes_net.json --inspection-rate 0.001 --mess-rate 0.002 --algorithm centflow,0.218573000001,0,0,0,0,0,0,0,1,0,0,0,0,0,0,0,1,0,0,0,0,0,0,0,0,0,54,0,0,0,0,0,97,0,0,54,97,0,0,0,0,0,0,0,0
project/sim_ext.py --sim-time 0.5 --seq-graph project/file/graph_15_nodes.json --traffic project/file/traffic_15_nodes_net.json --inspection-rate 0.001 --mess-rate 0.002 --algorithm centflow,0.21960210166452207,0,0,0,0,0,0,0,1,0,0,0,0,0,0,0,1,0,0,0,0,0,0,0,0,0,50,0,0,0,0,0,97,0,0,50,97,0,0,0,0,0,0,0,0
project/sim_ext.py --sim-time 0.5 --seq-graph project/file/graph_15_nodes.json --traffic project/file/traffic_15_nodes_net.json --inspection-rate 0.001 --mess-rate 0.002 --algorithm centflow,0.2206299459980498,0,0,0,0,0,0,0,0,0,0,0,0,0,0,0,0,0,0,0,0,0,0,0,0,0,48,0,0,0,0,0,94,0,0,48,94,0,0,0,0,0,0,0,0
project/sim_ext.py --sim-time 0.5 --seq-graph project/file/graph_15_nodes.json --traffic project/file/traffic_15_nodes_net.json --inspection-rate 0.001 --mess-rate 0.002 --algorithm centflow,0.2216731328420015,0,0,0,0,0,0,0,0,0,0,0,0,0,0,0,0,0,0,0,0,0,0,0,0,0,48,0,0,0,0,0,88,0,0,48,88,0,0,0,0,0,0,0,0
project/sim_ext.py --sim-time 0.5 --seq-graph project/file/graph_15_nodes.json --traffic project/file/traffic_15_nodes_net.json --inspection-rate 0.001 --mess-rate 0.002 --algorithm centflow,0.222702000001,0,0,0,0,0,0,0,0,0,0,0,0,0,0,0,0,0,0,0,0,0,0,0,0,0,46,0,0,0,0,0,87,0,0,46,87,0,0,0,0,0,0,0,0
project/sim_ext.py --sim-time 0.5 --seq-graph project/file/graph_15_nodes.json --traffic project/file/traffic_15_nodes_net.json --inspection-rate 0.001 --mess-rate 0.002 --algorithm centflow,0.22374537630532249,0,0,0,0,0,0,0,0,0,0,0,0,0,0,0,0,0,0,0,0,0,0,0,0,0,44,0,0,0,0,0,84,0,0,44,84,0,0,0,0,0,0,0,0
project/sim_ext.py --sim-time 0.5 --seq-graph project/file/graph_15_nodes.json --traffic project/file/traffic_15_nodes_net.json --inspection-rate 0.001 --mess-rate 0.002 --algorithm centflow,0.224758399997,56,46,48,46,47,56,59,66,45,59,46,47,45,46,48,66,45,50,57,47,0,47,45,50,54,121,46,48,47,57,54,162,47,48,121,162,47,46,47,0,48,48,48,48
project/sim_ext.py --sim-time 0.5 --seq-graph project/file/graph_15_nodes.json --traffic project/file/traffic_15_nodes_net.json --inspection-rate 0.001 --mess-rate 0.002 --algorithm centflow,0.225775999997,52,14,45,17,26,52,57,62,14,57,32,37,18,26,45,62,32,44,53,37,0,31,18,44,47,117,21,31,37,53,47,161,34,37,117,161,22,18,26,0,34,26,31,32
project/sim_ext.py --sim-time 0.5 --seq-graph project/file/graph_15_nodes.json --traffic project/file/traffic_15_nodes_net.json --inspection-rate 0.001 --mess-rate 0.002 --algorithm centflow,0.226797799997,45,0,36,0,10,45,52,61,0,52,20,26,5,15,36,61,20,26,48,32,0,19,0,26,38,117,0,10,26,48,38,160,18,32,117,160,0,5,15,0,19,9,19,10
project/sim_ext.py --sim-time 0.5 --seq-graph project/file/graph_15_nodes.json --traffic project/file/traffic_15_nodes_net.json --inspection-rate 0.001 --mess-rate 0.002 --algorithm centflow,0.22782399999699998,41,0,32,0,0,41,42,61,0,42,10,11,0,4,32,61,10,26,45,23,0,2,0,26,31,113,0,6,11,45,31,157,0,23,113,157,0,0,4,0,0,0,2,6
project/sim_ext.py --sim-time 0.5 --seq-graph project/file/graph_15_nodes.json --traffic project/file/traffic_15_nodes_net.json --inspection-rate 0.001 --mess-rate 0.002 --algorithm centflow,0.228877799997,40,0,26,0,0,40,42,53,0,42,5,7,0,0,26,53,5,25,43,19,0,0,0,25,31,110,0,6,7,43,31,157,0,19,109,157,0,0,0,0,0,0,0,6
project/sim_ext.py --sim-time 0.5 --seq-graph project/file/graph_15_nodes.json --traffic project/file/traffic_15_nodes_net.json --inspection-rate 0.001 --mess-rate 0.002 --algorithm centflow,0.229904999989,37,0,22,0,0,37,42,53,0,42,1,7,0,0,22,53,1,19,40,19,0,0,0,19,31,107,0,0,7,40,31,154,0,19,107,154,0,0,0,0,0,0,0,0
project/sim_ext.py --sim-time 0.5 --seq-graph project/file/graph_15_nodes.json --traffic project/file/traffic_15_nodes_net.json --inspection-rate 0.001 --mess-rate 0.002 --algorithm centflow,0.23093935856512735,37,0,14,0,0,37,36,53,0,36,0,0,0,0,14,53,0,19,36,5,0,0,0,19,31,102,0,0,0,36,31,154,0,5,102,154,0,0,0,0,0,0,0,0
project/sim_ext.py --sim-time 0.5 --seq-graph project/file/graph_15_nodes.json --traffic project/file/traffic_15_nodes_net.json --inspection-rate 0.001 --mess-rate 0.002 --algorithm centflow,0.232010000001,37,0,14,0,0,37,34,53,0,34,0,0,0,0,14,53,0,19,33,5,0,0,0,19,31,97,0,0,0,33,31,150,0,5,97,150,0,0,0,0,0,0,0,0
project/sim_ext.py --sim-time 0.5 --seq-graph project/file/graph_15_nodes.json --traffic project/file/traffic_15_nodes_net.json --inspection-rate 0.001 --mess-rate 0.002 --algorithm centflow,0.2330767491436061,37,0,14,0,0,37,34,53,0,34,0,0,0,0,14,53,0,19,30,5,0,0,0,19,31,96,0,0,0,30,31,148,0,5,96,148,0,0,0,0,0,0,0,0
project/sim_ext.py --sim-time 0.5 --seq-graph project/file/graph_15_nodes.json --traffic project/file/traffic_15_nodes_net.json --inspection-rate 0.001 --mess-rate 0.002 --algorithm centflow,0.23411760470816784,23,0,6,0,0,23,27,53,0,27,0,0,0,0,6,53,0,19,25,0,0,0,0,19,31,92,0,0,0,25,31,146,0,0,92,146,0,0,0,0,0,0,0,0
project/sim_ext.py --sim-time 0.5 --seq-graph project/file/graph_15_nodes.json --traffic project/file/traffic_15_nodes_net.json --inspection-rate 0.001 --mess-rate 0.002 --algorithm centflow,0.23517118087196529,19,0,5,0,0,19,23,53,0,23,0,0,0,0,5,53,0,19,21,0,0,0,0,19,22,92,0,0,0,21,22,142,0,0,92,142,0,0,0,0,0,0,0,0
project/sim_ext.py --sim-time 0.5 --seq-graph project/file/graph_15_nodes.json --traffic project/file/traffic_15_nodes_net.json --inspection-rate 0.001 --mess-rate 0.002 --algorithm centflow,0.23620466809191945,17,0,5,0,0,17,16,41,0,16,0,0,0,0,5,41,0,10,18,0,0,0,0,10,20,87,0,0,0,18,20,142,0,0,87,142,0,0,0,0,0,0,0,0
project/sim_ext.py --sim-time 0.5 --seq-graph project/file/graph_15_nodes.json --traffic project/file/traffic_15_nodes_net.json --inspection-rate 0.001 --mess-rate 0.002 --algorithm centflow,0.23724535113625966,15,0,0,0,0,14,15,39,0,15,0,0,0,0,0,39,0,6,16,0,0,0,0,6,18,87,0,0,0,16,17,142,0,0,87,142,0,0,0,0,0,0,0,0
project/sim_ext.py --sim-time 0.5 --seq-graph project/file/graph_15_nodes.json --traffic project/file/traffic_15_nodes_net.json --inspection-rate 0.001 --mess-rate 0.002 --algorithm centflow,0.238255000001,12,0,0,0,0,12,15,35,0,15,0,0,0,0,0,35,0,6,12,0,0,0,0,6,16,81,0,0,0,12,16,136,0,0,81,136,0,0,0,0,0,0,0,0
project/sim_ext.py --sim-time 0.5 --seq-graph project/file/graph_15_nodes.json --traffic project/file/traffic_15_nodes_net.json --inspection-rate 0.001 --mess-rate 0.002 --algorithm centflow,0.23931421970907282,9,0,0,0,0,9,15,34,0,15,0,0,0,0,0,34,0,3,9,0,0,0,0,3,14,79,0,0,0,9,13,134,0,0,79,134,0,0,0,0,0,0,0,0
project/sim_ext.py --sim-time 0.5 --seq-graph project/file/graph_15_nodes.json --traffic project/file/traffic_15_nodes_net.json --inspection-rate 0.001 --mess-rate 0.002 --algorithm centflow,0.24031990254390032,5,0,0,0,0,5,15,31,0,15,0,0,0,0,0,31,0,0,7,0,0,0,0,0,8,78,0,0,0,7,8,131,0,0,78,131,0,0,0,0,0,0,0,0
project/sim_ext.py --sim-time 0.5 --seq-graph project/file/graph_15_nodes.json --traffic project/file/traffic_15_nodes_net.json --inspection-rate 0.001 --mess-rate 0.002 --algorithm centflow,0.241385000001,1,0,0,0,0,1,15,30,0,15,0,0,0,0,0,30,0,0,3,0,0,0,0,0,7,78,0,0,0,3,7,129,0,0,78,129,0,0,0,0,0,0,0,0
project/sim_ext.py --sim-time 0.5 --seq-graph project/file/graph_15_nodes.json --traffic project/file/traffic_15_nodes_net.json --inspection-rate 0.001 --mess-rate 0.002 --algorithm centflow,0.242448000001,0,0,0,0,0,0,15,27,0,15,0,0,0,0,0,27,0,0,0,0,0,0,0,0,3,78,0,0,0,0,3,127,0,0,78,127,0,0,0,0,0,0,0,0
project/sim_ext.py --sim-time 0.5 --seq-graph project/file/graph_15_nodes.json --traffic project/file/traffic_15_nodes_net.json --inspection-rate 0.001 --mess-rate 0.002 --algorithm centflow,0.243495000001,0,0,0,0,0,0,2,27,0,2,0,0,0,0,0,27,0,0,0,0,0,0,0,0,3,78,0,0,0,0,3,127,0,0,78,127,0,0,0,0,0,0,0,0
project/sim_ext.py --sim-time 0.5 --seq-graph project/file/graph_15_nodes.json --traffic project/file/traffic_15_nodes_net.json --inspection-rate 0.001 --mess-rate 0.002 --algorithm centflow,0.244523999997,0,0,0,0,0,0,0,27,0,0,0,0,0,0,0,27,0,0,0,0,64,0,0,0,0,78,0,0,0,0,0,124,0,0,78,124,0,0,0,65,0,0,0,0
project/sim_ext.py --sim-time 0.5 --seq-graph project/file/graph_15_nodes.json --traffic project/file/traffic_15_nodes_net.json --inspection-rate 0.001 --mess-rate 0.002 --algorithm centflow,0.24553700000099998,0,0,0,0,0,0,0,17,0,0,0,0,0,0,0,17,0,0,0,0,54,0,0,0,0,78,0,0,0,0,0,122,0,0,78,122,0,0,0,54,0,0,0,0
project/sim_ext.py --sim-time 0.5 --seq-graph project/file/graph_15_nodes.json --traffic project/file/traffic_15_nodes_net.json --inspection-rate 0.001 --mess-rate 0.002 --algorithm centflow,0.246575000001,0,0,0,0,0,0,0,14,0,0,0,0,0,0,0,14,0,0,0,0,45,0,0,0,0,78,0,0,0,0,0,121,0,0,78,121,0,0,0,45,0,0,0,0
project/sim_ext.py --sim-time 0.5 --seq-graph project/file/graph_15_nodes.json --traffic project/file/traffic_15_nodes_net.json --inspection-rate 0.001 --mess-rate 0.002 --algorithm centflow,0.24761082889494027,0,0,0,0,0,0,0,10,0,0,0,0,0,0,0,10,0,0,0,0,38,0,0,0,0,67,0,0,0,0,0,121,0,0,67,121,0,0,0,38,0,0,0,0
project/sim_ext.py --sim-time 0.5 --seq-graph project/file/graph_15_nodes.json --traffic project/file/traffic_15_nodes_net.json --inspection-rate 0.001 --mess-rate 0.002 --algorithm centflow,0.248637000001,0,0,0,0,0,0,0,8,0,0,0,0,0,0,0,8,0,0,0,0,28,0,0,0,0,65,0,0,0,0,0,118,0,0,65,118,0,0,0,28,0,0,0,0
project/sim_ext.py --sim-time 0.5 --seq-graph project/file/graph_15_nodes.json --traffic project/file/traffic_15_nodes_net.json --inspection-rate 0.001 --mess-rate 0.002 --algorithm centflow,0.24967225873732382,0,0,0,0,0,0,0,8,0,0,0,0,0,0,0,8,0,0,0,0,28,0,0,0,0,65,0,0,0,0,0,118,0,0,65,118,0,0,0,28,0,0,0,0
project/sim_ext.py --sim-time 0.5 --seq-graph project/file/graph_15_nodes.json --traffic project/file/traffic_15_nodes_net.json --inspection-rate 0.001 --mess-rate 0.002 --algorithm centflow,0.250711648194163,0,0,0,0,0,0,0,8,0,0,0,0,0,0,0,7,0,0,0,0,18,0,0,0,0,65,0,0,0,0,0,115,0,0,65,115,0,0,0,17,0,0,0,0
project/sim_ext.py --sim-time 0.5 --seq-graph project/file/graph_15_nodes.json --traffic project/file/traffic_15_nodes_net.json --inspection-rate 0.001 --mess-rate 0.002 --algorithm centflow,0.251738000001,0,0,0,0,0,0,0,0,0,0,0,0,0,0,0,0,0,0,0,0,13,0,0,0,0,65,0,0,0,0,0,113,0,0,65,113,0,0,0,13,0,0,0,0
project/sim_ext.py --sim-time 0.5 --seq-graph project/file/graph_15_nodes.json --traffic project/file/traffic_15_nodes_net.json --inspection-rate 0.001 --mess-rate 0.002 --algorithm centflow,0.2527675277094781,0,0,0,0,0,0,0,0,0,0,0,0,0,0,0,0,0,0,0,0,4,0,0,0,0,65,0,0,0,0,0,110,0,0,65,110,0,0,0,4,0,0,0,0
project/sim_ext.py --sim-time 0.5 --seq-graph project/file/graph_15_nodes.json --traffic project/file/traffic_15_nodes_net.json --inspection-rate 0.001 --mess-rate 0.002 --algorithm centflow,0.2537852406071541,0,0,0,0,0,0,0,0,0,0,0,0,0,0,0,0,0,0,0,0,0,0,0,0,0,65,0,0,0,0,0,110,0,0,65,110,0,0,0,0,0,0,0,0
project/sim_ext.py --sim-time 0.5 --seq-graph project/file/graph_15_nodes.json --traffic project/file/traffic_15_nodes_net.json --inspection-rate 0.001 --mess-rate 0.002 --algorithm centflow,0.254819199997,0,0,0,0,0,0,0,0,0,0,0,0,0,0,0,0,0,0,0,0,0,0,0,0,0,54,0,0,0,0,0,106,0,0,54,106,0,0,0,0,0,0,0,0
project/sim_ext.py --sim-time 0.5 --seq-graph project/file/graph_15_nodes.json --traffic project/file/traffic_15_nodes_net.json --inspection-rate 0.001 --mess-rate 0.002 --algorithm centflow,0.255854999989,0,0,0,0,0,0,0,0,0,0,0,0,0,0,0,0,0,0,0,0,0,0,0,0,0,53,0,0,0,0,0,104,0,0,53,104,0,0,0,0,0,0,0,0
project/sim_ext.py --sim-time 0.5 --seq-graph project/file/graph_15_nodes.json --traffic project/file/traffic_15_nodes_net.json --inspection-rate 0.001 --mess-rate 0.002 --algorithm centflow,0.2568767310312336,0,0,0,0,0,0,0,0,0,0,0,0,0,0,0,0,0,0,0,0,0,0,0,0,0,49,0,0,0,0,0,103,0,0,49,103,0,0,0,0,0,0,0,0
project/sim_ext.py --sim-time 0.5 --seq-graph project/file/graph_15_nodes.json --traffic project/file/traffic_15_nodes_net.json --inspection-rate 0.001 --mess-rate 0.002 --algorithm centflow,0.2578976708254331,0,0,0,0,0,0,0,0,0,0,0,0,0,0,0,0,0,0,0,0,0,0,0,0,0,48,0,0,0,0,0,101,0,0,48,101,0,0,0,0,0,0,0,0
project/sim_ext.py --sim-time 0.5 --seq-graph project/file/graph_15_nodes.json --traffic project/file/traffic_15_nodes_net.json --inspection-rate 0.001 --mess-rate 0.002 --algorithm centflow,0.25891476746372016,0,0,0,0,0,0,0,0,0,0,0,0,0,0,0,0,0,0,0,0,0,0,0,0,0,47,0,0,0,0,0,101,0,0,47,101,0,0,0,0,0,0,0,0
project/sim_ext.py --sim-time 0.5 --seq-graph project/file/graph_15_nodes.json --traffic project/file/traffic_15_nodes_net.json --inspection-rate 0.001 --mess-rate 0.002 --algorithm centflow,0.25994831066140717,0,0,0,0,0,0,0,0,0,0,0,0,0,0,0,0,0,0,0,0,0,0,0,0,0,47,0,0,0,0,0,99,0,0,47,99,0,0,0,0,0,0,0,0
project/sim_ext.py --sim-time 0.5 --seq-graph project/file/graph_15_nodes.json --traffic project/file/traffic_15_nodes_net.json --inspection-rate 0.001 --mess-rate 0.002 --algorithm centflow,0.26095950101873344,0,0,0,0,0,0,0,0,0,0,0,0,0,0,0,0,0,0,0,0,0,0,0,0,0,42,0,0,0,0,0,97,0,0,42,97,0,0,0,0,0,0,0,0
project/sim_ext.py --sim-time 0.5 --seq-graph project/file/graph_15_nodes.json --traffic project/file/traffic_15_nodes_net.json --inspection-rate 0.001 --mess-rate 0.002 --algorithm centflow,0.26203800000099997,0,0,0,0,0,0,0,0,0,0,0,0,0,0,0,0,0,0,0,0,0,0,0,0,0,39,0,0,0,0,0,97,0,0,39,97,0,0,0,0,0,0,0,0
project/sim_ext.py --sim-time 0.5 --seq-graph project/file/graph_15_nodes.json --traffic project/file/traffic_15_nodes_net.json --inspection-rate 0.001 --mess-rate 0.002 --algorithm centflow,0.26307164567326186,0,0,0,0,0,0,0,0,0,0,0,0,0,0,0,0,0,0,0,0,0,0,0,0,0,39,0,0,0,0,0,97,0,0,39,97,0,0,0,0,0,0,0,0
project/sim_ext.py --sim-time 0.5 --seq-graph project/file/graph_15_nodes.json --traffic project/file/traffic_15_nodes_net.json --inspection-rate 0.001 --mess-rate 0.002 --algorithm centflow,0.2640829151268969,0,0,0,0,0,0,0,0,0,0,0,0,0,0,0,0,0,0,0,0,0,0,0,0,0,36,0,0,0,0,0,97,0,0,36,97,0,0,0,0,0,0,0,0
project/sim_ext.py --sim-time 0.5 --seq-graph project/file/graph_15_nodes.json --traffic project/file/traffic_15_nodes_net.json --inspection-rate 0.001 --mess-rate 0.002 --algorithm centflow,0.26510790003299345,0,0,0,0,0,0,0,0,0,0,0,0,0,0,0,0,0,0,0,0,0,0,0,0,0,33,0,0,0,0,0,97,0,0,33,97,0,0,0,0,0,0,0,0
project/sim_ext.py --sim-time 0.5 --seq-graph project/file/graph_15_nodes.json --traffic project/file/traffic_15_nodes_net.json --inspection-rate 0.001 --mess-rate 0.002 --algorithm centflow,0.266119399997,51,25,48,24,31,51,53,57,25,53,44,37,32,36,48,57,44,45,52,47,0,32,24,45,48,113,35,35,37,52,48,167,31,47,113,167,35,32,36,0,31,31,31,35
project/sim_ext.py --sim-time 0.5 --seq-graph project/file/graph_15_nodes.json --traffic project/file/traffic_15_nodes_net.json --inspection-rate 0.001 --mess-rate 0.002 --algorithm centflow,0.267228799997,44,8,37,3,18,44,48,52,8,48,36,26,19,24,37,52,36,40,49,41,0,20,3,40,37,108,19,17,26,49,38,164,15,41,109,164,19,19,24,0,15,18,20,18
project/sim_ext.py --sim-time 0.5 --seq-graph project/file/graph_15_nodes.json --traffic project/file/traffic_15_nodes_net.json --inspection-rate 0.001 --mess-rate 0.002 --algorithm centflow,0.268237799997,40,0,34,0,6,40,41,52,0,41,26,20,0,7,34,52,26,34,43,35,0,12,0,34,36,107,6,12,20,43,36,162,11,35,107,161,6,0,7,0,11,6,12,12
project/sim_ext.py --sim-time 0.5 --seq-graph project/file/graph_15_nodes.json --traffic project/file/traffic_15_nodes_net.json --inspection-rate 0.001 --mess-rate 0.002 --algorithm centflow,0.269293799997,38,0,25,0,0,38,37,46,0,38,18,14,0,0,25,46,18,33,41,26,0,0,0,33,24,104,0,1,14,41,24,161,0,26,104,161,0,0,0,0,0,0,0,1
project/sim_ext.py --sim-time 0.5 --seq-graph project/file/graph_15_nodes.json --traffic project/file/traffic_15_nodes_net.json --inspection-rate 0.001 --mess-rate 0.002 --algorithm centflow,0.270320000001,38,0,25,0,0,38,32,46,0,32,16,3,0,0,25,46,16,25,39,26,0,0,0,25,24,104,0,0,3,39,24,161,0,26,104,161,0,0,0,0,0,0,0,0
project/sim_ext.py --sim-time 0.5 --seq-graph project/file/graph_15_nodes.json --traffic project/file/traffic_15_nodes_net.json --inspection-rate 0.001 --mess-rate 0.002 --algorithm centflow,0.271369000001,38,0,16,0,0,38,32,38,0,32,8,0,0,0,16,38,8,22,39,13,0,0,0,22,22,100,0,0,0,39,22,155,0,13,100,154,0,0,0,0,0,0,0,0
project/sim_ext.py --sim-time 0.5 --seq-graph project/file/graph_15_nodes.json --traffic project/file/traffic_15_nodes_net.json --inspection-rate 0.001 --mess-rate 0.002 --algorithm centflow,0.272384999997,26,0,10,0,0,26,32,37,0,32,2,0,0,0,10,37,2,21,39,1,0,0,0,21,16,99,0,0,0,39,16,154,0,1,99,154,0,0,0,0,0,0,0,0
project/sim_ext.py --sim-time 0.5 --seq-graph project/file/graph_15_nodes.json --traffic project/file/traffic_15_nodes_net.json --inspection-rate 0.001 --mess-rate 0.002 --algorithm centflow,0.273434599997,25,0,2,0,0,25,32,33,0,32,0,0,0,0,2,33,0,16,30,0,0,0,0,16,15,96,0,0,0,30,15,154,0,0,96,154,0,0,0,0,0,0,0,0
project/sim_ext.py --sim-time 0.5 --seq-graph project/file/graph_15_nodes.json --traffic project/file/traffic_15_nodes_net.json --inspection-rate 0.001 --mess-rate 0.002 --algorithm centflow,0.274477799997,24,0,0,0,0,24,21,30,0,22,0,0,0,0,0,30,0,16,26,0,0,0,0,16,12,88,0,0,0,26,12,151,0,0,88,151,0,0,0,0,0,0,0,0
project/sim_ext.py --sim-time 0.5 --seq-graph project/file/graph_15_nodes.json --traffic project/file/traffic_15_nodes_net.json --inspection-rate 0.001 --mess-rate 0.002 --algorithm centflow,0.2754866355105694,23,0,0,0,0,23,16,27,0,16,0,0,0,0,0,27,0,3,25,0,0,0,0,3,12,87,0,0,0,25,12,151,0,0,87,151,0,0,0,0,0,0,0,0
project/sim_ext.py --sim-time 0.5 --seq-graph project/file/graph_15_nodes.json --traffic project/file/traffic_15_nodes_net.json --inspection-rate 0.001 --mess-rate 0.002 --algorithm centflow,0.27652340577870027,20,0,0,0,0,20,13,27,0,13,0,0,0,0,0,27,0,3,23,0,0,0,0,3,12,86,0,0,0,23,12,151,0,0,86,151,0,0,0,0,0,0,0,0
project/sim_ext.py --sim-time 0.5 --seq-graph project/file/graph_15_nodes.json --traffic project/file/traffic_15_nodes_net.json --inspection-rate 0.001 --mess-rate 0.002 --algorithm centflow,0.277553999997,20,0,0,0,0,20,13,23,0,13,0,0,0,0,0,23,0,0,22,0,0,0,0,0,8,83,0,0,0,22,8,151,0,0,83,151,0,0,0,0,0,0,0,0
project/sim_ext.py --sim-time 0.5 --seq-graph project/file/graph_15_nodes.json --traffic project/file/traffic_15_nodes_net.json --inspection-rate 0.001 --mess-rate 0.002 --algorithm centflow,0.278577999997,12,0,0,0,0,12,13,21,0,13,0,0,0,0,0,21,0,0,17,0,0,0,0,0,8,82,0,0,0,17,8,144,0,0,82,144,0,0,0,0,0,0,0,0
project/sim_ext.py --sim-time 0.5 --seq-graph project/file/graph_15_nodes.json --traffic project/file/traffic_15_nodes_net.json --inspection-rate 0.001 --mess-rate 0.002 --algorithm centflow,0.27960500000099997,8,0,0,0,0,8,1,20,0,1,0,0,0,0,0,20,0,0,14,0,0,0,0,0,6,82,0,0,0,14,6,144,0,0,82,144,0,0,0,0,0,0,0,0
project/sim_ext.py --sim-time 0.5 --seq-graph project/file/graph_15_nodes.json --traffic project/file/traffic_15_nodes_net.json --inspection-rate 0.001 --mess-rate 0.002 --algorithm centflow,0.280654999993,5,0,0,0,0,5,0,19,0,0,0,0,0,0,0,19,0,0,13,0,0,0,0,0,5,75,0,0,0,13,5,142,0,0,75,142,0,0,0,0,0,0,0,0
project/sim_ext.py --sim-time 0.5 --seq-graph project/file/graph_15_nodes.json --traffic project/file/traffic_15_nodes_net.json --inspection-rate 0.001 --mess-rate 0.002 --algorithm centflow,0.28168600337160016,5,0,0,0,0,5,0,18,0,0,0,0,0,0,0,18,0,0,12,0,0,0,0,0,0,75,0,0,0,12,0,142,0,0,75,142,0,0,0,0,0,0,0,0
project/sim_ext.py --sim-time 0.5 --seq-graph project/file/graph_15_nodes.json --traffic project/file/traffic_15_nodes_net.json --inspection-rate 0.001 --mess-rate 0.002 --algorithm centflow,0.28269935606171886,5,0,0,0,0,5,0,16,0,0,0,0,0,0,0,16,0,0,10,0,0,0,0,0,0,75,0,0,0,10,0,142,0,0,75,142,0,0,0,0,0,0,0,0
project/sim_ext.py --sim-time 0.5 --seq-graph project/file/graph_15_nodes.json --traffic project/file/traffic_15_nodes_net.json --inspection-rate 0.001 --mess-rate 0.002 --algorithm centflow,0.28375999999699997,5,0,0,0,0,5,0,12,0,0,0,0,0,0,0,12,0,0,8,0,0,0,0,0,0,75,0,0,0,8,0,142,0,0,75,142,0,0,0,0,0,0,0,0
project/sim_ext.py --sim-time 0.5 --seq-graph project/file/graph_15_nodes.json --traffic project/file/traffic_15_nodes_net.json --inspection-rate 0.001 --mess-rate 0.002 --algorithm centflow,0.28477539999699997,5,0,0,0,0,5,0,12,0,0,0,0,0,0,0,12,0,0,4,0,0,0,0,0,0,75,0,0,0,4,0,142,0,0,75,142,0,0,0,0,0,0,0,0
project/sim_ext.py --sim-time 0.5 --seq-graph project/file/graph_15_nodes.json --traffic project/file/traffic_15_nodes_net.json --inspection-rate 0.001 --mess-rate 0.002 --algorithm centflow,0.285851790983642,5,0,0,0,0,5,0,12,0,0,0,0,0,0,0,12,0,0,1,0,0,0,0,0,0,75,0,0,0,1,0,142,0,0,75,142,0,0,0,0,0,0,0,0
project/sim_ext.py --sim-time 0.5 --seq-graph project/file/graph_15_nodes.json --traffic project/file/traffic_15_nodes_net.json --inspection-rate 0.001 --mess-rate 0.002 --algorithm centflow,0.2869107707494759,0,0,0,0,0,0,0,3,0,0,0,0,0,0,0,3,0,0,0,0,80,0,0,0,0,63,0,0,0,0,0,142,0,0,63,142,0,0,0,79,0,0,0,0
project/sim_ext.py --sim-time 0.5 --seq-graph project/file/graph_15_nodes.json --traffic project/file/traffic_15_nodes_net.json --inspection-rate 0.001 --mess-rate 0.002 --algorithm centflow,0.287930599997,0,0,0,0,0,0,0,0,0,0,0,0,0,0,0,0,0,0,0,0,59,0,0,0,0,63,0,0,0,0,0,141,0,0,63,141,0,0,0,59,0,0,0,0
project/sim_ext.py --sim-time 0.5 --seq-graph project/file/graph_15_nodes.json --traffic project/file/traffic_15_nodes_net.json --inspection-rate 0.001 --mess-rate 0.002 --algorithm centflow,0.288946399997,0,0,0,0,0,0,0,0,0,0,0,0,0,0,0,0,0,0,0,0,44,0,0,0,0,60,0,0,0,0,0,137,0,0,60,137,0,0,0,44,0,0,0,0
project/sim_ext.py --sim-time 0.5 --seq-graph project/file/graph_15_nodes.json --traffic project/file/traffic_15_nodes_net.json --inspection-rate 0.001 --mess-rate 0.002 --algorithm centflow,0.290008000001,0,0,0,0,0,0,0,0,0,0,0,0,0,0,0,0,0,0,0,0,35,0,0,0,0,60,0,0,0,0,0,134,0,0,60,134,0,0,0,35,0,0,0,0
project/sim_ext.py --sim-time 0.5 --seq-graph project/file/graph_15_nodes.json --traffic project/file/traffic_15_nodes_net.json --inspection-rate 0.001 --mess-rate 0.002 --algorithm centflow,0.291083599997,0,0,0,0,0,0,0,0,0,0,0,0,0,0,0,0,0,0,0,0,30,0,0,0,0,55,0,0,0,0,0,133,0,0,55,133,0,0,0,30,0,0,0,0
project/sim_ext.py --sim-time 0.5 --seq-graph project/file/graph_15_nodes.json --traffic project/file/traffic_15_nodes_net.json --inspection-rate 0.001 --mess-rate 0.002 --algorithm centflow,0.2921148192112719,0,0,0,0,0,0,0,0,0,0,0,0,0,0,0,0,0,0,0,0,30,0,0,0,0,55,0,0,0,0,0,130,0,0,55,130,0,0,0,30,0,0,0,0
project/sim_ext.py --sim-time 0.5 --seq-graph project/file/graph_15_nodes.json --traffic project/file/traffic_15_nodes_net.json --inspection-rate 0.001 --mess-rate 0.002 --algorithm centflow,0.29314554641073703,0,0,0,0,0,0,0,0,0,0,0,0,0,0,0,0,0,0,0,0,30,0,0,0,0,53,0,0,0,0,0,130,0,0,53,130,0,0,0,30,0,0,0,0
project/sim_ext.py --sim-time 0.5 --seq-graph project/file/graph_15_nodes.json --traffic project/file/traffic_15_nodes_net.json --inspection-rate 0.001 --mess-rate 0.002 --algorithm centflow,0.294191000001,0,0,0,0,0,0,0,0,0,0,0,0,0,0,0,0,0,0,0,0,30,0,0,0,0,49,0,0,0,0,0,130,0,0,49,130,0,0,0,30,0,0,0,0
project/sim_ext.py --sim-time 0.5 --seq-graph project/file/graph_15_nodes.json --traffic project/file/traffic_15_nodes_net.json --inspection-rate 0.001 --mess-rate 0.002 --algorithm centflow,0.29521622797394037,0,0,0,0,0,0,0,0,0,0,0,0,0,0,0,0,0,0,0,0,30,0,0,0,0,47,0,0,0,0,0,124,0,0,47,124,0,0,0,30,0,0,0,0
project/sim_ext.py --sim-time 0.5 --seq-graph project/file/graph_15_nodes.json --traffic project/file/traffic_15_nodes_net.json --inspection-rate 0.001 --mess-rate 0.002 --algorithm centflow,0.296239999997,64,59,58,59,59,64,59,62,60,58,59,58,59,58,59,62,60,59,59,58,11,59,60,60,58,123,58,59,59,60,59,201,59,58,123,201,59,60,59,10,60,60,60,60
project/sim_ext.py --sim-time 0.5 --seq-graph project/file/graph_15_nodes.json --traffic project/file/traffic_15_nodes_net.json --inspection-rate 0.001 --mess-rate 0.002 --algorithm centflow,0.297242599997,57,21,49,20,37,57,49,62,20,49,27,26,37,25,49,62,27,41,49,38,0,29,20,41,47,118,36,26,25,49,47,198,21,38,118,198,36,37,25,0,21,37,29,26
project/sim_ext.py --sim-time 0.5 --seq-graph project/file/graph_15_nodes.json --traffic project/file/traffic_15_nodes_net.json --inspection-rate 0.001 --mess-rate 0.002 --algorithm centflow,0.298260199997,53,7,42,6,18,52,45,57,7,45,18,13,21,10,42,57,18,32,43,29,0,15,6,32,40,117,17,12,13,43,39,196,9,29,117,196,17,21,10,0,8,19,16,12
project/sim_ext.py --sim-time 0.5 --seq-graph project/file/graph_15_nodes.json --traffic project/file/traffic_15_nodes_net.json --inspection-rate 0.001 --mess-rate 0.002 --algorithm centflow,0.299296999997,48,0,34,0,7,48,39,54,0,39,1,0,10,0,34,54,1,24,39,20,0,0,0,24,35,113,10,1,0,39,35,190,0,20,113,190,10,10,0,0,0,7,0,1
project/sim_ext.py --sim-time 0.5 --seq-graph project/file/graph_15_nodes.json --traffic project/file/traffic_15_nodes_net.json --inspection-rate 0.001 --mess-rate 0.002 --algorithm centflow,0.300397799997,43,0,24,0,0,43,39,51,0,39,0,0,0,0,24,51,0,24,39,12,0,0,0,24,33,112,7,0,0,39,33,188,0,12,112,188,7,0,0,0,0,0,0,0
project/sim_ext.py --sim-time 0.5 --seq-graph project/file/graph_15_nodes.json --traffic project/file/traffic_15_nodes_net.json --inspection-rate 0.001 --mess-rate 0.002 --algorithm centflow,0.3014357263739267,41,0,24,0,0,40,39,51,0,39,0,0,0,0,24,51,0,24,39,5,0,0,0,24,32,109,4,0,0,39,32,184,0,5,109,184,4,0,0,0,0,0,0,0
project/sim_ext.py --sim-time 0.5 --seq-graph project/file/graph_15_nodes.json --traffic project/file/traffic_15_nodes_net.json --inspection-rate 0.001 --mess-rate 0.002 --algorithm centflow,0.3025147079617048,37,0,21,0,0,37,39,49,0,39,0,0,0,0,21,49,0,20,32,5,0,0,0,19,32,105,0,0,0,32,32,184,0,5,105,184,0,0,0,0,0,0,0,0
project/sim_ext.py --sim-time 0.5 --seq-graph project/file/graph_15_nodes.json --traffic project/file/traffic_15_nodes_net.json --inspection-rate 0.001 --mess-rate 0.002 --algorithm centflow,0.303549000001,37,0,20,0,0,37,39,41,0,39,0,0,0,0,20,41,0,17,32,0,0,0,0,17,24,105,0,0,0,32,24,181,0,0,105,181,0,0,0,0,0,0,0,0
project/sim_ext.py --sim-time 0.5 --seq-graph project/file/graph_15_nodes.json --traffic project/file/traffic_15_nodes_net.json --inspection-rate 0.001 --mess-rate 0.002 --algorithm centflow,0.304617000001,35,0,18,0,0,35,39,37,0,39,0,0,0,0,18,37,0,11,32,0,0,0,0,11,22,101,0,0,0,32,22,180,0,0,101,180,0,0,0,0,0,0,0,0
project/sim_ext.py --sim-time 0.5 --seq-graph project/file/graph_15_nodes.json --traffic project/file/traffic_15_nodes_net.json --inspection-rate 0.001 --mess-rate 0.002 --algorithm centflow,0.3057053429349739,35,0,18,0,0,35,25,36,0,25,0,0,0,0,18,36,0,6,27,0,0,0,0,6,17,99,0,0,0,27,17,180,0,0,99,180,0,0,0,0,0,0,0,0
project/sim_ext.py --sim-time 0.5 --seq-graph project/file/graph_15_nodes.json --traffic project/file/traffic_15_nodes_net.json --inspection-rate 0.001 --mess-rate 0.002 --algorithm centflow,0.3067302248147481,35,0,11,0,0,35,22,34,0,22,0,0,0,0,11,34,0,2,23,0,0,0,0,2,17,97,0,0,0,23,17,180,0,0,97,180,0,0,0,0,0,0,0,0
project/sim_ext.py --sim-time 0.5 --seq-graph project/file/graph_15_nodes.json --traffic project/file/traffic_15_nodes_net.json --inspection-rate 0.001 --mess-rate 0.002 --algorithm centflow,0.307751399997,30,0,11,0,0,29,21,32,0,21,0,0,0,0,11,32,0,1,17,0,0,0,0,1,12,94,0,0,0,18,12,171,0,0,94,171,0,0,0,0,0,0,0,0
project/sim_ext.py --sim-time 0.5 --seq-graph project/file/graph_15_nodes.json --traffic project/file/traffic_15_nodes_net.json --inspection-rate 0.001 --mess-rate 0.002 --algorithm centflow,0.30878893086590065,20,0,9,0,0,20,21,29,0,21,0,0,0,0,9,29,0,1,14,0,0,0,0,1,12,90,0,0,0,15,11,171,0,0,90,171,0,0,0,0,0,0,0,0
project/sim_ext.py --sim-time 0.5 --seq-graph project/file/graph_15_nodes.json --traffic project/file/traffic_15_nodes_net.json --inspection-rate 0.001 --mess-rate 0.002 --algorithm centflow,0.3098031428800444,15,0,9,0,0,15,21,23,0,21,0,0,0,0,9,23,0,0,14,0,0,0,0,0,4,87,0,0,0,14,4,170,0,0,87,170,0,0,0,0,0,0,0,0
project/sim_ext.py --sim-time 0.5 --seq-graph project/file/graph_15_nodes.json --traffic project/file/traffic_15_nodes_net.json --inspection-rate 0.001 --mess-rate 0.002 --algorithm centflow,0.310836199997,15,0,5,0,0,15,20,21,0,20,0,0,0,0,5,21,0,0,14,0,0,0,0,0,1,87,0,0,0,14,1,170,0,0,87,170,0,0,0,0,0,0,0,0
project/sim_ext.py --sim-time 0.5 --seq-graph project/file/graph_15_nodes.json --traffic project/file/traffic_15_nodes_net.json --inspection-rate 0.001 --mess-rate 0.002 --algorithm centflow,0.31187089445589805,15,0,0,0,0,15,10,20,0,10,0,0,0,0,0,20,0,0,8,0,0,0,0,0,0,87,0,0,0,8,0,170,0,0,87,170,0,0,0,0,0,0,0,0
project/sim_ext.py --sim-time 0.5 --seq-graph project/file/graph_15_nodes.json --traffic project/file/traffic_15_nodes_net.json --inspection-rate 0.001 --mess-rate 0.002 --algorithm centflow,0.312906000001,5,0,0,0,0,5,5,18,0,5,0,0,0,0,0,18,0,0,7,0,0,0,0,0,0,80,0,0,0,7,0,168,0,0,80,168,0,0,0,0,0,0,0,0
project/sim_ext.py --sim-time 0.5 --seq-graph project/file/graph_15_nodes.json --traffic project/file/traffic_15_nodes_net.json --inspection-rate 0.001 --mess-rate 0.002 --algorithm centflow,0.313940199997,5,0,0,0,0,5,2,15,0,2,0,0,0,0,0,15,0,0,4,0,0,0,0,0,0,76,0,0,0,4,0,165,0,0,76,165,0,0,0,0,0,0,0,0
project/sim_ext.py --sim-time 0.5 --seq-graph project/file/graph_15_nodes.json --traffic project/file/traffic_15_nodes_net.json --inspection-rate 0.001 --mess-rate 0.002 --algorithm centflow,0.3149657245136052,0,0,0,0,0,0,2,15,0,2,0,0,0,0,0,15,0,0,3,0,0,0,0,0,0,72,0,0,0,3,0,163,0,0,72,163,0,0,0,0,0,0,0,0
project/sim_ext.py --sim-time 0.5 --seq-graph project/file/graph_15_nodes.json --traffic project/file/traffic_15_nodes_net.json --inspection-rate 0.001 --mess-rate 0.002 --algorithm centflow,0.3159950282581906,0,0,0,0,0,0,0,15,0,0,0,0,0,0,0,15,0,0,3,0,0,0,0,0,0,71,0,0,0,3,0,163,0,0,71,163,0,0,0,0,0,0,0,0
project/sim_ext.py --sim-time 0.5 --seq-graph project/file/graph_15_nodes.json --traffic project/file/traffic_15_nodes_net.json --inspection-rate 0.001 --mess-rate 0.002 --algorithm centflow,0.31704000000099997,0,0,0,0,0,0,0,15,0,0,0,0,0,0,0,15,0,0,3,0,0,0,0,0,0,69,0,0,0,3,0,159,0,0,69,159,0,0,0,0,0,0,0,0
project/sim_ext.py --sim-time 0.5 --seq-graph project/file/graph_15_nodes.json --traffic project/file/traffic_15_nodes_net.json --inspection-rate 0.001 --mess-rate 0.002 --algorithm centflow,0.31806995563067686,0,0,0,0,0,0,0,15,0,0,0,0,0,0,0,15,0,0,3,0,0,0,0,0,0,63,0,0,0,3,0,157,0,0,63,157,0,0,0,0,0,0,0,0
project/sim_ext.py --sim-time 0.5 --seq-graph project/file/graph_15_nodes.json --traffic project/file/traffic_15_nodes_net.json --inspection-rate 0.001 --mess-rate 0.002 --algorithm centflow,0.319108000001,0,0,0,0,0,0,0,15,0,0,0,0,0,0,0,15,0,0,0,0,0,0,0,0,0,61,0,0,0,0,0,157,0,0,61,157,0,0,0,0,0,0,0,0
project/sim_ext.py --sim-time 0.5 --seq-graph project/file/graph_15_nodes.json --traffic project/file/traffic_15_nodes_net.json --inspection-rate 0.001 --mess-rate 0.002 --algorithm centflow,0.32014783048232304,0,0,0,0,0,0,0,2,0,0,0,0,0,0,0,2,0,0,0,0,0,0,0,0,0,58,0,0,0,0,0,157,0,0,58,157,0,0,0,0,0,0,0,0
project/sim_ext.py --sim-time 0.5 --seq-graph project/file/graph_15_nodes.json --traffic project/file/traffic_15_nodes_net.json --inspection-rate 0.001 --mess-rate 0.002 --algorithm centflow,0.321182000001,0,0,0,0,0,0,0,2,0,0,0,0,0,0,0,2,0,0,0,0,0,0,0,0,0,57,0,0,0,0,0,150,0,0,57,150,0,0,0,0,0,0,0,0
project/sim_ext.py --sim-time 0.5 --seq-graph project/file/graph_15_nodes.json --traffic project/file/traffic_15_nodes_net.json --inspection-rate 0.001 --mess-rate 0.002 --algorithm centflow,0.3222376397884357,0,0,0,0,0,0,0,1,0,0,0,0,0,0,0,1,0,0,0,0,0,0,0,0,0,57,0,0,0,0,0,148,0,0,57,148,0,0,0,0,0,0,0,0
project/sim_ext.py --sim-time 0.5 --seq-graph project/file/graph_15_nodes.json --traffic project/file/traffic_15_nodes_net.json --inspection-rate 0.001 --mess-rate 0.002 --algorithm centflow,0.32325679210889224,0,0,0,0,0,0,0,1,0,0,0,0,0,0,0,1,0,0,0,0,0,0,0,0,0,57,0,0,0,0,0,148,0,0,57,148,0,0,0,0,0,0,0,0
project/sim_ext.py --sim-time 0.5 --seq-graph project/file/graph_15_nodes.json --traffic project/file/traffic_15_nodes_net.json --inspection-rate 0.001 --mess-rate 0.002 --algorithm centflow,0.32428300000099997,0,0,0,0,0,0,0,1,0,0,0,0,0,0,0,1,0,0,0,0,0,0,0,0,0,57,0,0,0,0,0,148,0,0,57,148,0,0,0,0,0,0,0,0
project/sim_ext.py --sim-time 0.5 --seq-graph project/file/graph_15_nodes.json --traffic project/file/traffic_15_nodes_net.json --inspection-rate 0.001 --mess-rate 0.002 --algorithm centflow,0.3253005311486549,0,0,0,0,0,0,0,1,0,0,0,0,0,0,0,1,0,0,0,0,0,0,0,0,0,57,0,0,0,0,0,146,0,0,57,146,0,0,0,0,0,0,0,0
project/sim_ext.py --sim-time 0.5 --seq-graph project/file/graph_15_nodes.json --traffic project/file/traffic_15_nodes_net.json --inspection-rate 0.001 --mess-rate 0.002 --algorithm centflow,0.326325000001,0,0,0,0,0,0,0,0,0,0,0,0,0,0,0,0,0,0,0,0,0,0,0,0,0,57,0,0,0,0,0,144,0,0,57,144,0,0,0,0,0,0,0,0
project/sim_ext.py --sim-time 0.5 --seq-graph project/file/graph_15_nodes.json --traffic project/file/traffic_15_nodes_net.json --inspection-rate 0.001 --mess-rate 0.002 --algorithm centflow,0.327350399997,59,48,55,38,0,59,0,0,48,0,45,0,51,0,55,0,45,0,57,46,0,43,38,0,52,125,38,46,0,57,52,214,0,46,125,214,38,51,0,0,0,0,43,46
project/sim_ext.py --sim-time 0.5 --seq-graph project/file/graph_15_nodes.json --traffic project/file/traffic_15_nodes_net.json --inspection-rate 0.001 --mess-rate 0.002 --algorithm centflow,0.32839479402825367,52,34,52,17,0,52,0,0,34,0,43,0,44,0,52,0,43,0,55,46,0,39,17,0,47,124,29,34,0,55,47,214,0,46,124,214,29,44,0,0,0,0,39,34
project/sim_ext.py --sim-time 0.5 --seq-graph project/file/graph_15_nodes.json --traffic project/file/traffic_15_nodes_net.json --inspection-rate 0.001 --mess-rate 0.002 --algorithm centflow,0.329481599997,50,18,50,0,0,50,0,0,19,0,36,0,35,0,50,0,36,0,54,38,0,27,0,0,44,119,19,20,0,54,44,212,0,38,119,212,19,35,0,0,0,0,27,20
project/sim_ext.py --sim-time 0.5 --seq-graph project/file/graph_15_nodes.json --traffic project/file/traffic_15_nodes_net.json --inspection-rate 0.001 --mess-rate 0.002 --algorithm centflow,0.330518399997,50,13,50,0,0,50,0,0,13,0,23,0,28,0,50,0,23,0,50,34,75,17,0,0,41,119,17,12,0,50,41,212,0,35,119,212,17,28,0,76,0,0,17,12
project/sim_ext.py --sim-time 0.5 --seq-graph project/file/graph_15_nodes.json --traffic project/file/traffic_15_nodes_net.json --inspection-rate 0.001 --mess-rate 0.002 --algorithm centflow,0.3315502737731235,50,0,40,0,0,50,0,0,0,0,17,0,10,0,40,0,17,0,46,27,54,8,0,0,35,116,3,5,0,47,35,210,0,27,116,210,3,10,0,53,0,0,8,4
project/sim_ext.py --sim-time 0.5 --seq-graph project/file/graph_15_nodes.json --traffic project/file/traffic_15_nodes_net.json --inspection-rate 0.001 --mess-rate 0.002 --algorithm centflow,0.332564000001,50,0,34,0,0,50,0,0,0,0,2,0,4,0,34,0,2,0,42,16,41,0,0,0,30,110,0,0,0,42,30,205,0,16,110,205,0,5,0,41,0,0,0,0
project/sim_ext.py --sim-time 0.5 --seq-graph project/file/graph_15_nodes.json --traffic project/file/traffic_15_nodes_net.json --inspection-rate 0.001 --mess-rate 0.002 --algorithm centflow,0.33363474704730584,50,0,31,0,0,50,0,0,0,0,0,0,4,0,31,0,0,0,39,4,33,0,0,0,27,110,0,0,0,39,27,205,0,4,110,205,0,4,0,33,0,0,0,0
project/sim_ext.py --sim-time 0.5 --seq-graph project/file/graph_15_nodes.json --traffic project/file/traffic_15_nodes_net.json --inspection-rate 0.001 --mess-rate 0.002 --algorithm centflow,0.3346849331024365,50,0,22,0,0,50,0,0,0,0,0,0,4,0,22,0,0,0,36,1,20,0,0,0,24,110,0,0,0,36,24,203,0,1,110,203,0,4,0,20,0,0,0,0
project/sim_ext.py --sim-time 0.5 --seq-graph project/file/graph_15_nodes.json --traffic project/file/traffic_15_nodes_net.json --inspection-rate 0.001 --mess-rate 0.002 --algorithm centflow,0.335742000001,39,0,18,0,0,39,0,0,0,0,0,0,4,0,19,0,0,0,28,0,14,0,0,0,23,110,0,0,0,28,23,203,0,0,110,203,0,4,0,13,0,0,0,0
project/sim_ext.py --sim-time 0.5 --seq-graph project/file/graph_15_nodes.json --traffic project/file/traffic_15_nodes_net.json --inspection-rate 0.001 --mess-rate 0.002 --algorithm centflow,0.3367656636042775,36,0,15,0,0,36,0,0,0,0,0,0,4,0,15,0,0,0,27,0,4,0,0,0,23,99,0,0,0,27,23,200,0,0,99,200,0,4,0,4,0,0,0,0
project/sim_ext.py --sim-time 0.5 --seq-graph project/file/graph_15_nodes.json --traffic project/file/traffic_15_nodes_net.json --inspection-rate 0.001 --mess-rate 0.002 --algorithm centflow,0.3377834402860142,34,0,12,0,50,34,54,58,0,54,0,40,0,42,12,58,0,54,21,0,0,0,0,54,15,98,0,0,40,20,15,200,43,0,98,200,0,0,42,0,43,50,0,0
project/sim_ext.py --sim-time 0.5 --seq-graph project/file/graph_15_nodes.json --traffic project/file/traffic_15_nodes_net.json --inspection-rate 0.001 --mess-rate 0.002 --algorithm centflow,0.33885088863580237,26,0,2,0,41,26,47,52,0,47,0,34,0,32,2,52,0,51,17,0,0,0,0,51,15,96,0,0,34,17,15,198,35,0,96,198,0,0,32,0,35,40,0,0
project/sim_ext.py --sim-time 0.5 --seq-graph project/file/graph_15_nodes.json --traffic project/file/traffic_15_nodes_net.json --inspection-rate 0.001 --mess-rate 0.002 --algorithm centflow,0.339866599997,24,0,0,0,39,24,44,51,0,44,0,30,0,32,0,51,0,47,11,0,0,0,0,47,15,94,0,0,30,11,15,196,23,0,94,196,0,0,32,0,23,39,0,0
project/sim_ext.py --sim-time 0.5 --seq-graph project/file/graph_15_nodes.json --traffic project/file/traffic_15_nodes_net.json --inspection-rate 0.001 --mess-rate 0.002 --algorithm centflow,0.340935399997,19,0,0,0,33,19,39,44,0,39,0,19,0,12,0,44,0,47,10,0,0,0,0,47,0,94,0,0,19,10,0,195,13,0,94,195,0,0,12,0,14,33,0,0
project/sim_ext.py --sim-time 0.5 --seq-graph project/file/graph_15_nodes.json --traffic project/file/traffic_15_nodes_net.json --inspection-rate 0.001 --mess-rate 0.002 --algorithm centflow,0.341965000001,15,0,0,0,21,15,38,44,0,39,0,19,0,8,0,44,0,41,8,0,0,0,0,41,0,89,0,0,19,8,0,195,5,0,89,195,0,0,8,0,5,21,0,0
project/sim_ext.py --sim-time 0.5 --seq-graph project/file/graph_15_nodes.json --traffic project/file/traffic_15_nodes_net.json --inspection-rate 0.001 --mess-rate 0.002 --algorithm centflow,0.343013000001,11,0,0,0,8,11,32,37,0,32,0,6,0,0,0,37,0,38,2,0,0,0,0,38,0,89,0,0,6,2,0,193,0,0,89,193,0,0,0,0,0,8,0,0
project/sim_ext.py --sim-time 0.5 --seq-graph project/file/graph_15_nodes.json --traffic project/file/traffic_15_nodes_net.json --inspection-rate 0.001 --mess-rate 0.002 --algorithm centflow,0.3441043789004354,8,0,0,0,0,8,28,33,0,28,0,3,0,0,0,33,0,37,0,0,0,0,0,37,0,86,0,0,3,0,0,191,0,0,86,191,0,0,0,0,0,0,0,0
project/sim_ext.py --sim-time 0.5 --seq-graph project/file/graph_15_nodes.json --traffic project/file/traffic_15_nodes_net.json --inspection-rate 0.001 --mess-rate 0.002 --algorithm centflow,0.34516889130237666,1,0,0,0,0,1,24,30,0,24,0,0,0,0,0,30,0,32,0,0,0,0,0,32,0,83,0,0,0,0,0,190,0,0,83,190,0,0,0,0,0,0,0,0
project/sim_ext.py --sim-time 0.5 --seq-graph project/file/graph_15_nodes.json --traffic project/file/traffic_15_nodes_net.json --inspection-rate 0.001 --mess-rate 0.002 --algorithm centflow,0.34621126848538186,0,0,0,0,0,0,23,28,0,23,0,0,0,0,0,28,0,32,0,0,0,0,0,32,0,82,0,0,0,0,0,190,0,0,82,190,0,0,0,0,0,0,0,0
project/sim_ext.py --sim-time 0.5 --seq-graph project/file/graph_15_nodes.json --traffic project/file/traffic_15_nodes_net.json --inspection-rate 0.001 --mess-rate 0.002 --algorithm centflow,0.347252000001,0,0,0,0,0,0,22,28,0,22,0,0,0,0,0,28,0,28,0,0,0,0,0,28,0,79,0,0,0,0,0,190,0,0,79,190,0,0,0,0,0,0,0,0
project/sim_ext.py --sim-time 0.5 --seq-graph project/file/graph_15_nodes.json --traffic project/file/traffic_15_nodes_net.json --inspection-rate 0.001 --mess-rate 0.002 --algorithm centflow,0.34829950616601635,0,0,0,0,0,0,14,28,0,14,0,0,0,0,0,28,0,24,0,0,0,0,0,24,0,76,0,0,0,0,0,190,0,0,76,190,0,0,0,0,0,0,0,0
project/sim_ext.py --sim-time 0.5 --seq-graph project/file/graph_15_nodes.json --traffic project/file/traffic_15_nodes_net.json --inspection-rate 0.001 --mess-rate 0.002 --algorithm centflow,0.34932366285123956,0,0,0,0,0,0,10,28,0,10,0,0,0,0,0,28,0,19,0,0,0,0,0,19,0,76,0,0,0,0,0,190,0,0,76,190,0,0,0,0,0,0,0,0
project/sim_ext.py --sim-time 0.5 --seq-graph project/file/graph_15_nodes.json --traffic project/file/traffic_15_nodes_net.json --inspection-rate 0.001 --mess-rate 0.002 --algorithm centflow,0.350351460569465,0,0,0,0,0,0,2,22,0,2,0,0,0,0,0,22,0,14,0,0,0,0,0,14,0,74,0,0,0,0,0,190,0,0,74,190,0,0,0,0,0,0,0,0
project/sim_ext.py --sim-time 0.5 --seq-graph project/file/graph_15_nodes.json --traffic project/file/traffic_15_nodes_net.json --inspection-rate 0.001 --mess-rate 0.002 --algorithm centflow,0.3513785647975377,0,0,0,0,0,0,0,20,0,0,0,0,0,0,0,20,0,11,0,0,0,0,0,11,0,74,0,0,0,0,0,181,0,0,74,181,0,0,0,0,0,0,0,0
project/sim_ext.py --sim-time 0.5 --seq-graph project/file/graph_15_nodes.json --traffic project/file/traffic_15_nodes_net.json --inspection-rate 0.001 --mess-rate 0.002 --algorithm centflow,0.35248390237620897,0,0,0,0,0,0,0,20,0,0,0,0,0,0,0,20,0,8,0,0,0,0,0,8,0,74,0,0,0,0,0,180,0,0,74,180,0,0,0,0,0,0,0,0
project/sim_ext.py --sim-time 0.5 --seq-graph project/file/graph_15_nodes.json --traffic project/file/traffic_15_nodes_net.json --inspection-rate 0.001 --mess-rate 0.002 --algorithm centflow,0.3535039420390377,0,0,0,0,0,0,0,15,0,0,0,0,0,0,0,15,0,7,0,0,0,0,0,7,0,74,0,0,0,0,0,179,0,0,74,179,0,0,0,0,0,0,0,0
project/sim_ext.py --sim-time 0.5 --seq-graph project/file/graph_15_nodes.json --traffic project/file/traffic_15_nodes_net.json --inspection-rate 0.001 --mess-rate 0.002 --algorithm centflow,0.35457743364918903,0,0,0,0,0,0,0,11,0,0,0,0,0,0,0,11,0,7,0,0,0,0,0,7,0,74,0,0,0,0,0,177,0,0,74,177,0,0,0,0,0,0,0,0
project/sim_ext.py --sim-time 0.5 --seq-graph project/file/graph_15_nodes.json --traffic project/file/traffic_15_nodes_net.json --inspection-rate 0.001 --mess-rate 0.002 --algorithm centflow,0.35559324698166367,0,0,0,0,0,0,0,11,0,0,0,0,0,0,0,11,0,2,0,0,0,0,0,2,0,74,0,0,0,0,0,174,0,0,74,174,0,0,0,0,0,0,0,0
project/sim_ext.py --sim-time 0.5 --seq-graph project/file/graph_15_nodes.json --traffic project/file/traffic_15_nodes_net.json --inspection-rate 0.001 --mess-rate 0.002 --algorithm centflow,0.356615399997,0,0,0,0,0,0,0,8,0,0,0,0,0,0,0,8,0,0,0,0,0,0,0,0,0,74,0,0,0,0,0,172,0,0,74,172,0,0,0,0,0,0,0,0
project/sim_ext.py --sim-time 0.5 --seq-graph project/file/graph_15_nodes.json --traffic project/file/traffic_15_nodes_net.json --inspection-rate 0.001 --mess-rate 0.002 --algorithm centflow,0.3576316462259838,0,0,0,0,0,0,0,5,0,0,0,0,0,0,0,5,0,0,0,0,0,0,0,0,0,74,0,0,0,0,0,169,0,0,74,169,0,0,0,0,0,0,0,0
project/sim_ext.py --sim-time 0.5 --seq-graph project/file/graph_15_nodes.json --traffic project/file/traffic_15_nodes_net.json --inspection-rate 0.001 --mess-rate 0.002 --algorithm centflow,0.35866946389852505,0,0,0,0,0,0,0,0,0,0,0,0,0,0,0,0,0,0,0,0,0,0,0,0,0,74,0,0,0,0,0,169,0,0,74,169,0,0,0,0,0,0,0,0
project/sim_ext.py --sim-time 0.5 --seq-graph project/file/graph_15_nodes.json --traffic project/file/traffic_15_nodes_net.json --inspection-rate 0.001 --mess-rate 0.002 --algorithm centflow,0.359688000001,0,0,0,0,0,0,0,0,0,0,0,0,0,0,0,0,0,0,0,0,0,0,0,0,0,74,0,0,0,0,0,167,0,0,74,167,0,0,0,0,0,0,0,0
project/sim_ext.py --sim-time 0.5 --seq-graph project/file/graph_15_nodes.json --traffic project/file/traffic_15_nodes_net.json --inspection-rate 0.001 --mess-rate 0.002 --algorithm centflow,0.360746000001,0,0,0,0,0,0,0,0,0,0,0,0,0,0,0,0,0,0,0,0,0,0,0,0,0,74,0,0,0,0,0,166,0,0,74,166,0,0,0,0,0,0,0,0
project/sim_ext.py --sim-time 0.5 --seq-graph project/file/graph_15_nodes.json --traffic project/file/traffic_15_nodes_net.json --inspection-rate 0.001 --mess-rate 0.002 --algorithm centflow,0.36177480197395534,0,0,0,0,0,0,0,0,0,0,0,0,0,0,0,0,0,0,0,0,0,0,0,0,0,65,0,0,0,0,0,159,0,0,64,159,0,0,0,0,0,0,0,0
project/sim_ext.py --sim-time 0.5 --seq-graph project/file/graph_15_nodes.json --traffic project/file/traffic_15_nodes_net.json --inspection-rate 0.001 --mess-rate 0.002 --algorithm centflow,0.3628066035600397,0,0,0,0,0,0,0,0,0,0,0,0,0,0,0,0,0,0,0,0,0,0,0,0,0,60,0,0,0,0,0,158,0,0,60,158,0,0,0,0,0,0,0,0
project/sim_ext.py --sim-time 0.5 --seq-graph project/file/graph_15_nodes.json --traffic project/file/traffic_15_nodes_net.json --inspection-rate 0.001 --mess-rate 0.002 --algorithm centflow,0.3638478897532916,0,0,0,0,0,0,0,0,0,0,0,0,0,0,0,0,0,0,0,0,0,0,0,0,0,60,0,0,0,0,0,157,0,0,60,157,0,0,0,0,0,0,0,0
project/sim_ext.py --sim-time 0.5 --seq-graph project/file/graph_15_nodes.json --traffic project/file/traffic_15_nodes_net.json --inspection-rate 0.001 --mess-rate 0.002 --algorithm centflow,0.36489200000099997,0,0,0,0,0,0,0,0,0,0,0,0,0,0,0,0,0,0,0,0,0,0,0,0,0,60,0,0,0,0,0,157,0,0,60,157,0,0,0,0,0,0,0,0
project/sim_ext.py --sim-time 0.5 --seq-graph project/file/graph_15_nodes.json --traffic project/file/traffic_15_nodes_net.json --inspection-rate 0.001 --mess-rate 0.002 --algorithm centflow,0.365931999997,0,0,0,0,0,0,0,0,0,0,0,0,0,0,0,0,0,0,0,0,68,0,0,0,0,60,0,0,0,0,0,157,0,0,60,157,0,0,0,69,0,0,0,0
project/sim_ext.py --sim-time 0.5 --seq-graph project/file/graph_15_nodes.json --traffic project/file/traffic_15_nodes_net.json --inspection-rate 0.001 --mess-rate 0.002 --algorithm centflow,0.366950000001,0,0,0,0,0,0,0,0,0,0,0,0,0,0,0,0,0,0,0,0,45,0,0,0,0,60,0,0,0,0,0,150,0,0,60,150,0,0,0,45,0,0,0,0
project/sim_ext.py --sim-time 0.5 --seq-graph project/file/graph_15_nodes.json --traffic project/file/traffic_15_nodes_net.json --inspection-rate 0.001 --mess-rate 0.002 --algorithm centflow,0.367994599997,57,55,54,54,54,57,55,64,54,55,54,55,54,54,55,64,53,54,55,54,28,54,53,53,54,130,54,55,54,54,54,228,54,54,130,228,53,55,55,29,54,55,53,54
project/sim_ext.py --sim-time 0.5 --seq-graph project/file/graph_15_nodes.json --traffic project/file/traffic_15_nodes_net.json --inspection-rate 0.001 --mess-rate 0.002 --algorithm centflow,0.369006199997,56,30,45,35,37,56,49,64,30,49,35,27,25,31,45,64,35,41,48,45,0,32,35,41,46,128,39,27,27,48,46,228,26,45,128,228,39,25,30,0,26,37,32,27
project/sim_ext.py --sim-time 0.5 --seq-graph project/file/graph_15_nodes.json --traffic project/file/traffic_15_nodes_net.json --inspection-rate 0.001 --mess-rate 0.002 --algorithm centflow,0.370102399997,49,3,39,1,30,49,46,56,3,46,30,22,5,26,39,56,30,30,45,37,0,26,2,29,40,127,12,15,23,45,40,228,12,37,127,228,12,5,26,0,12,30,27,15
project/sim_ext.py --sim-time 0.5 --seq-graph project/file/graph_15_nodes.json --traffic project/file/traffic_15_nodes_net.json --inspection-rate 0.001 --mess-rate 0.002 --algorithm centflow,0.371130599997,49,0,37,0,12,49,42,49,0,42,22,11,0,14,37,49,22,23,42,34,0,9,0,23,40,122,9,6,11,42,40,221,6,34,122,221,10,0,14,0,6,12,9,6
project/sim_ext.py --sim-time 0.5 --seq-graph project/file/graph_15_nodes.json --traffic project/file/traffic_15_nodes_net.json --inspection-rate 0.001 --mess-rate 0.002 --algorithm centflow,0.372150399997,38,0,27,0,6,38,40,44,0,40,10,7,0,7,27,43,10,17,33,21,0,0,0,17,32,118,0,0,7,33,32,218,0,21,118,218,0,0,7,0,0,6,0,0
project/sim_ext.py --sim-time 0.5 --seq-graph project/file/graph_15_nodes.json --traffic project/file/traffic_15_nodes_net.json --inspection-rate 0.001 --mess-rate 0.002 --algorithm centflow,0.373199999997,38,0,18,0,0,38,36,36,0,37,6,0,0,6,18,36,6,17,30,17,0,0,0,17,28,114,0,0,0,30,28,217,0,17,114,217,0,0,6,0,0,0,0,0
project/sim_ext.py --sim-time 0.5 --seq-graph project/file/graph_15_nodes.json --traffic project/file/traffic_15_nodes_net.json --inspection-rate 0.001 --mess-rate 0.002 --algorithm centflow,0.374253799997,38,0,14,0,0,38,35,31,0,35,3,0,0,2,14,32,3,17,27,3,0,0,0,17,26,111,0,0,0,27,26,217,0,3,111,217,0,0,2,0,0,0,0,0
project/sim_ext.py --sim-time 0.5 --seq-graph project/file/graph_15_nodes.json --traffic project/file/traffic_15_nodes_net.json --inspection-rate 0.001 --mess-rate 0.002 --algorithm centflow,0.375290000001,38,0,10,0,0,38,33,26,0,33,0,0,0,0,10,26,0,7,23,0,0,0,0,7,24,111,0,0,0,23,24,215,0,0,111,215,0,0,0,0,0,0,0,0
project/sim_ext.py --sim-time 0.5 --seq-graph project/file/graph_15_nodes.json --traffic project/file/traffic_15_nodes_net.json --inspection-rate 0.001 --mess-rate 0.002 --algorithm centflow,0.3763453794921024,38,0,7,0,0,38,30,24,0,30,0,0,0,0,7,24,0,5,21,0,0,0,0,5,24,111,0,0,0,21,24,215,0,0,111,215,0,0,0,0,0,0,0,0
project/sim_ext.py --sim-time 0.5 --seq-graph project/file/graph_15_nodes.json --traffic project/file/traffic_15_nodes_net.json --inspection-rate 0.001 --mess-rate 0.002 --algorithm centflow,0.377408999997,26,0,0,0,0,26,30,24,0,30,0,0,0,0,0,24,0,0,18,0,0,0,0,0,21,111,0,0,0,18,21,215,0,0,111,215,0,0,0,0,0,0,0,0
project/sim_ext.py --sim-time 0.5 --seq-graph project/file/graph_15_nodes.json --traffic project/file/traffic_15_nodes_net.json --inspection-rate 0.001 --mess-rate 0.002 --algorithm centflow,0.378426000001,24,0,0,0,0,24,30,21,0,30,0,0,0,0,0,21,0,0,16,0,0,0,0,0,17,111,0,0,0,16,17,207,0,0,111,207,0,0,0,0,0,0,0,0
project/sim_ext.py --sim-time 0.5 --seq-graph project/file/graph_15_nodes.json --traffic project/file/traffic_15_nodes_net.json --inspection-rate 0.001 --mess-rate 0.002 --algorithm centflow,0.3794783833049802,21,0,0,0,0,20,30,16,0,30,0,0,0,0,0,16,0,0,13,0,0,0,0,0,15,100,0,0,0,13,15,206,0,0,100,206,0,0,0,0,0,0,0,0
project/sim_ext.py --sim-time 0.5 --seq-graph project/file/graph_15_nodes.json --traffic project/file/traffic_15_nodes_net.json --inspection-rate 0.001 --mess-rate 0.002 --algorithm centflow,0.380500249523175,19,0,0,0,0,19,19,13,0,19,0,0,0,0,0,13,0,0,8,0,0,0,0,0,15,96,0,0,0,8,15,205,0,0,96,205,0,0,0,0,0,0,0,0
project/sim_ext.py --sim-time 0.5 --seq-graph project/file/graph_15_nodes.json --traffic project/file/traffic_15_nodes_net.json --inspection-rate 0.001 --mess-rate 0.002 --algorithm centflow,0.3815181909795512,15,0,0,0,0,15,15,13,0,15,0,0,0,0,0,13,0,0,8,0,0,0,0,0,8,93,0,0,0,8,8,205,0,0,93,205,0,0,0,0,0,0,0,0
project/sim_ext.py --sim-time 0.5 --seq-graph project/file/graph_15_nodes.json --traffic project/file/traffic_15_nodes_net.json --inspection-rate 0.001 --mess-rate 0.002 --algorithm centflow,0.382543999997,15,0,0,0,0,15,10,13,0,10,0,0,0,0,0,13,0,0,0,0,0,0,0,0,7,90,0,0,0,0,7,205,0,0,90,205,0,0,0,0,0,0,0,0
project/sim_ext.py --sim-time 0.5 --seq-graph project/file/graph_15_nodes.json --traffic project/file/traffic_15_nodes_net.json --inspection-rate 0.001 --mess-rate 0.002 --algorithm centflow,0.38355668804842324,15,0,0,0,0,15,7,9,0,7,0,0,0,0,0,9,0,0,0,0,0,0,0,0,3,86,0,0,0,0,3,205,0,0,86,205,0,0,0,0,0,0,0,0
project/sim_ext.py --sim-time 0.5 --seq-graph project/file/graph_15_nodes.json --traffic project/file/traffic_15_nodes_net.json --inspection-rate 0.001 --mess-rate 0.002 --algorithm centflow,0.3845797468734886,15,0,0,0,0,15,5,9,0,5,0,0,0,0,0,9,0,0,0,0,0,0,0,0,0,83,0,0,0,0,0,202,0,0,83,202,0,0,0,0,0,0,0,0
project/sim_ext.py --sim-time 0.5 --seq-graph project/file/graph_15_nodes.json --traffic project/file/traffic_15_nodes_net.json --inspection-rate 0.001 --mess-rate 0.002 --algorithm centflow,0.385601000001,3,0,0,0,0,3,1,5,0,1,0,0,0,0,0,5,0,0,0,0,0,0,0,0,0,79,0,0,0,0,0,201,0,0,79,201,0,0,0,0,0,0,0,0
project/sim_ext.py --sim-time 0.5 --seq-graph project/file/graph_15_nodes.json --traffic project/file/traffic_15_nodes_net.json --inspection-rate 0.001 --mess-rate 0.002 --algorithm centflow,0.38666482882758835,1,0,0,0,0,1,0,4,0,0,0,0,0,0,0,4,0,0,0,0,0,0,0,0,0,78,0,0,0,0,0,199,0,0,78,199,0,0,0,0,0,0,0,0
project/sim_ext.py --sim-time 0.5 --seq-graph project/file/graph_15_nodes.json --traffic project/file/traffic_15_nodes_net.json --inspection-rate 0.001 --mess-rate 0.002 --algorithm centflow,0.38769976296838404,0,0,0,0,0,0,0,2,0,0,0,0,0,0,0,2,0,0,0,0,0,0,0,0,0,76,0,0,0,0,0,199,0,0,76,199,0,0,0,0,0,0,0,0
project/sim_ext.py --sim-time 0.5 --seq-graph project/file/graph_15_nodes.json --traffic project/file/traffic_15_nodes_net.json --inspection-rate 0.001 --mess-rate 0.002 --algorithm centflow,0.38876363982072715,0,0,0,0,0,0,0,2,0,0,0,0,0,0,0,2,0,0,0,0,0,0,0,0,0,74,0,0,0,0,0,199,0,0,74,199,0,0,0,0,0,0,0,0
project/sim_ext.py --sim-time 0.5 --seq-graph project/file/graph_15_nodes.json --traffic project/file/traffic_15_nodes_net.json --inspection-rate 0.001 --mess-rate 0.002 --algorithm centflow,0.3898335962537883,0,0,0,0,0,0,0,2,0,0,0,0,0,0,0,2,0,0,0,0,0,0,0,0,0,72,0,0,0,0,0,199,0,0,71,199,0,0,0,0,0,0,0,0
project/sim_ext.py --sim-time 0.5 --seq-graph project/file/graph_15_nodes.json --traffic project/file/traffic_15_nodes_net.json --inspection-rate 0.001 --mess-rate 0.002 --algorithm centflow,0.39084300716200426,0,0,0,0,0,0,0,0,0,0,0,0,0,0,0,0,0,0,0,0,0,0,0,0,0,70,0,0,0,0,0,199,0,0,70,199,0,0,0,0,0,0,0,0
project/sim_ext.py --sim-time 0.5 --seq-graph project/file/graph_15_nodes.json --traffic project/file/traffic_15_nodes_net.json --inspection-rate 0.001 --mess-rate 0.002 --algorithm centflow,0.3918616114933922,0,0,0,0,0,0,0,0,0,0,0,0,0,0,0,0,0,0,0,0,0,0,0,0,0,69,0,0,0,0,0,195,0,0,69,195,0,0,0,0,0,0,0,0
project/sim_ext.py --sim-time 0.5 --seq-graph project/file/graph_15_nodes.json --traffic project/file/traffic_15_nodes_net.json --inspection-rate 0.001 --mess-rate 0.002 --algorithm centflow,0.3928959118434039,0,0,0,0,0,0,0,0,0,0,0,0,0,0,0,0,0,0,0,0,0,0,0,0,0,69,0,0,0,0,0,195,0,0,69,195,0,0,0,0,0,0,0,0
project/sim_ext.py --sim-time 0.5 --seq-graph project/file/graph_15_nodes.json --traffic project/file/traffic_15_nodes_net.json --inspection-rate 0.001 --mess-rate 0.002 --algorithm centflow,0.39395535336033416,0,0,0,0,0,0,0,0,0,0,0,0,0,0,0,0,0,0,0,0,0,0,0,0,0,67,0,0,0,0,0,192,0,0,67,192,0,0,0,0,0,0,0,0
project/sim_ext.py --sim-time 0.5 --seq-graph project/file/graph_15_nodes.json --traffic project/file/traffic_15_nodes_net.json --inspection-rate 0.001 --mess-rate 0.002 --algorithm centflow,0.394984999978,0,0,0,0,0,0,0,0,0,0,0,0,0,0,0,0,0,0,0,0,0,0,0,0,0,65,0,0,0,0,0,190,0,0,65,190,0,0,0,0,0,0,0,0
project/sim_ext.py --sim-time 0.5 --seq-graph project/file/graph_15_nodes.json --traffic project/file/traffic_15_nodes_net.json --inspection-rate 0.001 --mess-rate 0.002 --algorithm centflow,0.3960304313982048,0,0,0,0,0,0,0,0,0,0,0,0,0,0,0,0,0,0,0,0,0,0,0,0,0,65,0,0,0,0,0,190,0,0,65,190,0,0,0,0,0,0,0,0
project/sim_ext.py --sim-time 0.5 --seq-graph project/file/graph_15_nodes.json --traffic project/file/traffic_15_nodes_net.json --inspection-rate 0.001 --mess-rate 0.002 --algorithm centflow,0.39705700000099997,0,0,0,0,0,0,0,0,0,0,0,0,0,0,0,0,0,0,0,0,56,0,0,0,0,61,0,0,0,0,0,187,0,0,61,187,0,0,0,56,0,0,0,0
project/sim_ext.py --sim-time 0.5 --seq-graph project/file/graph_15_nodes.json --traffic project/file/traffic_15_nodes_net.json --inspection-rate 0.001 --mess-rate 0.002 --algorithm centflow,0.3980986741656086,0,0,0,0,0,0,0,0,0,0,0,0,0,0,0,0,0,0,0,0,47,0,0,0,0,59,0,0,0,0,0,184,0,0,59,184,0,0,0,46,0,0,0,0
project/sim_ext.py --sim-time 0.5 --seq-graph project/file/graph_15_nodes.json --traffic project/file/traffic_15_nodes_net.json --inspection-rate 0.001 --mess-rate 0.002 --algorithm centflow,0.39911359999699997,59,28,49,28,32,59,54,63,29,54,38,39,36,42,49,63,38,48,52,41,17,35,29,49,47,139,35,34,39,52,47,261,32,41,139,261,35,36,42,17,32,33,35,33
project/sim_ext.py --sim-time 0.5 --seq-graph project/file/graph_15_nodes.json --traffic project/file/traffic_15_nodes_net.json --inspection-rate 0.001 --mess-rate 0.002 --algorithm centflow,0.400141799997,48,8,42,1,13,48,48,58,7,48,27,31,24,30,42,58,27,41,48,36,5,23,2,41,46,130,14,14,31,48,46,261,25,36,130,261,13,24,30,5,25,13,23,14
project/sim_ext.py --sim-time 0.5 --seq-graph project/file/graph_15_nodes.json --traffic project/file/traffic_15_nodes_net.json --inspection-rate 0.001 --mess-rate 0.002 --algorithm centflow,0.401155199997,41,0,35,0,2,42,39,56,0,39,18,15,10,24,35,56,18,36,45,29,0,14,0,36,39,128,5,1,15,45,39,261,9,28,128,261,6,10,24,0,9,2,14,1
project/sim_ext.py --sim-time 0.5 --seq-graph project/file/graph_15_nodes.json --traffic project/file/traffic_15_nodes_net.json --inspection-rate 0.001 --mess-rate 0.002 --algorithm centflow,0.402176999997,39,0,35,0,2,39,36,53,0,36,16,13,1,14,35,53,16,33,43,26,0,7,0,33,38,123,0,0,13,43,38,261,7,27,123,261,0,1,14,0,7,2,7,0
project/sim_ext.py --sim-time 0.5 --seq-graph project/file/graph_15_nodes.json --traffic project/file/traffic_15_nodes_net.json --inspection-rate 0.001 --mess-rate 0.002 --algorithm centflow,0.40321379999699997,39,0,25,0,0,39,33,46,0,33,0,5,0,9,24,46,0,27,37,10,0,0,0,27,34,119,0,0,5,37,34,252,0,11,119,252,0,0,9,0,0,0,0,0
project/sim_ext.py --sim-time 0.5 --seq-graph project/file/graph_15_nodes.json --traffic project/file/traffic_15_nodes_net.json --inspection-rate 0.001 --mess-rate 0.002 --algorithm centflow,0.404252799997,32,0,24,0,0,32,31,46,0,31,0,0,0,0,24,46,0,27,36,3,0,0,0,27,30,118,0,0,0,36,30,250,0,3,118,249,0,0,0,0,0,0,0,0
project/sim_ext.py --sim-time 0.5 --seq-graph project/file/graph_15_nodes.json --traffic project/file/traffic_15_nodes_net.json --inspection-rate 0.001 --mess-rate 0.002 --algorithm centflow,0.405258000001,30,0,18,0,0,30,30,37,0,30,0,0,0,0,18,37,0,20,29,0,0,0,0,20,29,113,0,0,0,29,29,248,0,0,113,248,0,0,0,0,0,0,0,0
project/sim_ext.py --sim-time 0.5 --seq-graph project/file/graph_15_nodes.json --traffic project/file/traffic_15_nodes_net.json --inspection-rate 0.001 --mess-rate 0.002 --algorithm centflow,0.406301000001,30,0,17,0,0,30,30,37,0,30,0,0,0,0,17,37,0,20,29,0,0,0,0,20,25,113,0,0,0,29,25,247,0,0,113,247,0,0,0,0,0,0,0,0
project/sim_ext.py --sim-time 0.5 --seq-graph project/file/graph_15_nodes.json --traffic project/file/traffic_15_nodes_net.json --inspection-rate 0.001 --mess-rate 0.002 --algorithm centflow,0.407353000001,30,0,6,0,0,30,30,27,0,30,0,0,0,0,7,27,0,13,26,0,0,0,0,13,21,113,0,0,0,26,21,247,0,0,113,247,0,0,0,0,0,0,0,0
project/sim_ext.py --sim-time 0.5 --seq-graph project/file/graph_15_nodes.json --traffic project/file/traffic_15_nodes_net.json --inspection-rate 0.001 --mess-rate 0.002 --algorithm centflow,0.40839824491084653,30,0,2,0,0,30,23,23,0,23,0,0,0,0,2,23,0,12,26,0,0,0,0,12,18,109,0,0,0,26,18,246,0,0,109,246,0,0,0,0,0,0,0,0
project/sim_ext.py --sim-time 0.5 --seq-graph project/file/graph_15_nodes.json --traffic project/file/traffic_15_nodes_net.json --inspection-rate 0.001 --mess-rate 0.002 --algorithm centflow,0.40940993564418293,20,0,0,0,0,20,23,20,0,23,0,0,0,0,0,20,0,6,26,0,0,0,0,6,18,109,0,0,0,26,18,246,0,0,109,246,0,0,0,0,0,0,0,0
project/sim_ext.py --sim-time 0.5 --seq-graph project/file/graph_15_nodes.json --traffic project/file/traffic_15_nodes_net.json --inspection-rate 0.001 --mess-rate 0.002 --algorithm centflow,0.41042599390719003,19,0,0,0,0,19,20,13,0,20,0,0,0,0,0,13,0,6,26,0,0,0,0,6,16,109,0,0,0,26,16,242,0,0,109,242,0,0,0,0,0,0,0,0
project/sim_ext.py --sim-time 0.5 --seq-graph project/file/graph_15_nodes.json --traffic project/file/traffic_15_nodes_net.json --inspection-rate 0.001 --mess-rate 0.002 --algorithm centflow,0.41144333719104026,16,0,0,0,0,16,15,8,0,15,0,0,0,0,0,8,0,0,26,0,0,0,0,0,16,102,0,0,0,26,16,241,0,0,102,241,0,0,0,0,0,0,0,0
project/sim_ext.py --sim-time 0.5 --seq-graph project/file/graph_15_nodes.json --traffic project/file/traffic_15_nodes_net.json --inspection-rate 0.001 --mess-rate 0.002 --algorithm centflow,0.412496000001,12,0,0,0,0,11,12,5,0,12,0,0,0,0,0,5,0,0,26,0,0,0,0,0,13,101,0,0,0,26,13,239,0,0,101,239,0,0,0,0,0,0,0,0
project/sim_ext.py --sim-time 0.5 --seq-graph project/file/graph_15_nodes.json --traffic project/file/traffic_15_nodes_net.json --inspection-rate 0.001 --mess-rate 0.002 --algorithm centflow,0.413499539103135,9,0,0,0,0,9,9,2,0,9,0,0,0,0,0,2,0,0,26,0,0,0,0,0,11,99,0,0,0,26,11,238,0,0,99,238,0,0,0,0,0,0,0,0
project/sim_ext.py --sim-time 0.5 --seq-graph project/file/graph_15_nodes.json --traffic project/file/traffic_15_nodes_net.json --inspection-rate 0.001 --mess-rate 0.002 --algorithm centflow,0.41451903616461533,6,0,0,0,0,6,9,2,0,9,0,0,0,0,0,2,0,0,15,0,0,0,0,0,8,99,0,0,0,15,8,237,0,0,99,237,0,0,0,0,0,0,0,0
project/sim_ext.py --sim-time 0.5 --seq-graph project/file/graph_15_nodes.json --traffic project/file/traffic_15_nodes_net.json --inspection-rate 0.001 --mess-rate 0.002 --algorithm centflow,0.4155639246972275,3,0,0,0,0,3,9,0,0,9,0,0,0,0,0,0,0,0,11,0,0,0,0,0,3,99,0,0,0,11,3,236,0,0,99,236,0,0,0,0,0,0,0,0
project/sim_ext.py --sim-time 0.5 --seq-graph project/file/graph_15_nodes.json --traffic project/file/traffic_15_nodes_net.json --inspection-rate 0.001 --mess-rate 0.002 --algorithm centflow,0.4165880302122185,0,0,0,0,0,0,9,0,0,9,0,0,0,0,0,0,0,0,11,0,0,0,0,0,0,99,0,0,0,11,0,236,0,0,99,236,0,0,0,0,0,0,0,0
project/sim_ext.py --sim-time 0.5 --seq-graph project/file/graph_15_nodes.json --traffic project/file/traffic_15_nodes_net.json --inspection-rate 0.001 --mess-rate 0.002 --algorithm centflow,0.417664999978,0,0,0,0,0,0,9,0,0,9,0,0,0,0,0,0,0,0,6,0,0,0,0,0,0,95,0,0,0,6,0,234,0,0,96,234,0,0,0,0,0,0,0,0
project/sim_ext.py --sim-time 0.5 --seq-graph project/file/graph_15_nodes.json --traffic project/file/traffic_15_nodes_net.json --inspection-rate 0.001 --mess-rate 0.002 --algorithm centflow,0.4186871773130046,0,0,0,0,0,0,9,0,0,9,0,0,0,0,0,0,0,0,4,0,0,0,0,0,0,94,0,0,0,4,0,232,0,0,94,232,0,0,0,0,0,0,0,0
project/sim_ext.py --sim-time 0.5 --seq-graph project/file/graph_15_nodes.json --traffic project/file/traffic_15_nodes_net.json --inspection-rate 0.001 --mess-rate 0.002 --algorithm centflow,0.419693799997,0,0,0,0,0,0,9,0,0,9,0,0,0,0,0,0,0,0,0,0,0,0,0,0,0,94,0,0,0,0,0,231,0,0,94,231,0,0,0,0,0,0,0,0
project/sim_ext.py --sim-time 0.5 --seq-graph project/file/graph_15_nodes.json --traffic project/file/traffic_15_nodes_net.json --inspection-rate 0.001 --mess-rate 0.002 --algorithm centflow,0.42074893282322917,0,0,0,0,0,0,9,0,0,9,0,0,0,0,0,0,0,0,0,0,0,0,0,0,0,90,0,0,0,0,0,228,0,0,90,228,0,0,0,0,0,0,0,0
project/sim_ext.py --sim-time 0.5 --seq-graph project/file/graph_15_nodes.json --traffic project/file/traffic_15_nodes_net.json --inspection-rate 0.001 --mess-rate 0.002 --algorithm centflow,0.42177749116107044,0,0,0,0,0,0,0,0,0,0,0,0,0,0,0,0,0,0,0,0,0,0,0,0,0,90,0,0,0,0,0,228,0,0,90,228,0,0,0,0,0,0,0,0
project/sim_ext.py --sim-time 0.5 --seq-graph project/file/graph_15_nodes.json --traffic project/file/traffic_15_nodes_net.json --inspection-rate 0.001 --mess-rate 0.002 --algorithm centflow,0.4228118315668468,0,0,0,0,0,0,0,0,0,0,0,0,0,0,0,0,0,0,0,0,0,0,0,0,0,90,0,0,0,0,0,225,0,0,90,225,0,0,0,0,0,0,0,0
project/sim_ext.py --sim-time 0.5 --seq-graph project/file/graph_15_nodes.json --traffic project/file/traffic_15_nodes_net.json --inspection-rate 0.001 --mess-rate 0.002 --algorithm centflow,0.423840999997,0,0,0,0,0,0,0,0,0,0,0,0,0,0,0,0,0,0,0,0,0,0,0,0,0,80,0,0,0,0,0,225,0,0,80,225,0,0,0,0,0,0,0,0
project/sim_ext.py --sim-time 0.5 --seq-graph project/file/graph_15_nodes.json --traffic project/file/traffic_15_nodes_net.json --inspection-rate 0.001 --mess-rate 0.002 --algorithm centflow,0.424875000001,0,0,0,0,0,0,0,0,0,0,0,0,0,0,0,0,0,0,0,0,0,0,0,0,0,75,0,0,0,0,0,225,0,0,75,225,0,0,0,0,0,0,0,0
project/sim_ext.py --sim-time 0.5 --seq-graph project/file/graph_15_nodes.json --traffic project/file/traffic_15_nodes_net.json --inspection-rate 0.001 --mess-rate 0.002 --algorithm centflow,0.425887602900534,0,0,0,0,0,0,0,0,0,0,0,0,0,0,0,0,0,0,0,0,0,0,0,0,0,73,0,0,0,0,0,225,0,0,73,225,0,0,0,0,0,0,0,0
project/sim_ext.py --sim-time 0.5 --seq-graph project/file/graph_15_nodes.json --traffic project/file/traffic_15_nodes_net.json --inspection-rate 0.001 --mess-rate 0.002 --algorithm centflow,0.426931000001,0,0,0,0,0,0,0,0,0,0,0,0,0,0,0,0,0,0,0,0,0,0,0,0,0,73,0,0,0,0,0,224,0,0,73,224,0,0,0,0,0,0,0,0
project/sim_ext.py --sim-time 0.5 --seq-graph project/file/graph_15_nodes.json --traffic project/file/traffic_15_nodes_net.json --inspection-rate 0.001 --mess-rate 0.002 --algorithm centflow,0.4279906045451481,0,0,0,0,0,0,0,0,0,0,0,0,0,0,0,0,0,0,0,0,0,0,0,0,0,70,0,0,0,0,0,223,0,0,70,223,0,0,0,0,0,0,0,0
project/sim_ext.py --sim-time 0.5 --seq-graph project/file/graph_15_nodes.json --traffic project/file/traffic_15_nodes_net.json --inspection-rate 0.001 --mess-rate 0.002 --algorithm centflow,0.42901556428930354,0,0,0,0,0,0,0,0,0,0,0,0,0,0,0,0,0,0,0,0,0,0,80,0,0,66,0,0,0,0,79,220,0,80,66,220,0,0,0,0,0,0,80,0
project/sim_ext.py --sim-time 0.5 --seq-graph project/file/graph_15_nodes.json --traffic project/file/traffic_15_nodes_net.json --inspection-rate 0.001 --mess-rate 0.002 --algorithm centflow,0.43003447497598335,0,0,0,56,0,0,0,0,0,0,0,0,0,0,0,0,0,0,0,54,0,54,56,0,60,64,0,0,0,0,60,220,0,54,64,220,0,0,0,0,0,0,54,0
project/sim_ext.py --sim-time 0.5 --seq-graph project/file/graph_15_nodes.json --traffic project/file/traffic_15_nodes_net.json --inspection-rate 0.001 --mess-rate 0.002 --algorithm centflow,0.431072999997,0,0,0,55,0,0,0,0,0,0,0,0,0,0,0,0,0,0,0,51,0,42,55,0,55,64,0,0,0,0,55,220,0,51,64,220,0,0,0,0,0,0,42,0
project/sim_ext.py --sim-time 0.5 --seq-graph project/file/graph_15_nodes.json --traffic project/file/traffic_15_nodes_net.json --inspection-rate 0.001 --mess-rate 0.002 --algorithm centflow,0.4321301153494733,0,0,0,46,0,0,0,0,0,0,0,0,0,0,0,0,0,0,0,51,0,32,46,0,53,64,0,0,0,0,53,218,0,50,64,218,0,0,0,0,0,0,32,0
project/sim_ext.py --sim-time 0.5 --seq-graph project/file/graph_15_nodes.json --traffic project/file/traffic_15_nodes_net.json --inspection-rate 0.001 --mess-rate 0.002 --algorithm centflow,0.4331610537931924,0,0,0,46,0,0,0,0,0,0,0,0,0,0,0,0,0,0,0,37,0,24,46,0,53,60,0,0,0,0,53,218,0,37,60,218,0,0,0,0,0,0,24,0
project/sim_ext.py --sim-time 0.5 --seq-graph project/file/graph_15_nodes.json --traffic project/file/traffic_15_nodes_net.json --inspection-rate 0.001 --mess-rate 0.002 --algorithm centflow,0.43419897151845166,0,0,0,40,0,0,0,0,0,0,0,0,0,0,0,0,0,0,0,32,0,15,40,0,49,58,0,0,0,0,49,216,0,32,58,216,0,0,0,0,0,0,15,0
project/sim_ext.py --sim-time 0.5 --seq-graph project/file/graph_15_nodes.json --traffic project/file/traffic_15_nodes_net.json --inspection-rate 0.001 --mess-rate 0.002 --algorithm centflow,0.435254399997,0,0,0,32,0,0,0,0,0,0,0,0,0,0,0,0,0,0,0,32,0,9,32,0,46,55,0,0,0,0,46,213,0,32,55,213,0,0,0,0,0,0,8,0
project/sim_ext.py --sim-time 0.5 --seq-graph project/file/graph_15_nodes.json --traffic project/file/traffic_15_nodes_net.json --inspection-rate 0.001 --mess-rate 0.002 --algorithm centflow,0.4362607845161388,0,0,0,32,0,0,0,0,0,0,0,0,0,0,0,0,0,0,0,18,0,0,32,0,46,50,0,0,0,0,46,213,0,18,50,213,0,0,0,0,0,0,0,0
project/sim_ext.py --sim-time 0.5 --seq-graph project/file/graph_15_nodes.json --traffic project/file/traffic_15_nodes_net.json --inspection-rate 0.001 --mess-rate 0.002 --algorithm centflow,0.437285000001,0,0,0,25,0,0,0,0,0,0,0,0,0,0,0,0,0,0,0,17,0,0,25,0,46,47,0,0,0,0,46,213,0,17,47,213,0,0,0,0,0,0,0,0
project/sim_ext.py --sim-time 0.5 --seq-graph project/file/graph_15_nodes.json --traffic project/file/traffic_15_nodes_net.json --inspection-rate 0.001 --mess-rate 0.002 --algorithm centflow,0.438354999967,0,0,0,21,0,0,0,0,0,0,0,0,0,0,0,0,0,0,0,10,0,0,21,0,34,45,0,0,0,0,34,213,0,9,45,213,0,0,0,0,0,0,0,0
project/sim_ext.py --sim-time 0.5 --seq-graph project/file/graph_15_nodes.json --traffic project/file/traffic_15_nodes_net.json --inspection-rate 0.001 --mess-rate 0.002 --algorithm centflow,0.439367399997,72,72,73,14,72,73,73,72,73,74,73,72,72,73,74,73,74,72,72,4,0,0,14,73,29,125,72,72,73,73,29,291,72,4,125,291,73,73,74,0,73,73,0,73
project/sim_ext.py --sim-time 0.5 --seq-graph project/file/graph_15_nodes.json --traffic project/file/traffic_15_nodes_net.json --inspection-rate 0.001 --mess-rate 0.002 --algorithm centflow,0.440391399997,59,31,54,0,42,59,49,56,31,49,47,37,37,39,54,56,46,46,53,0,66,0,0,46,22,115,38,41,36,53,22,288,36,0,115,288,38,37,40,67,36,42,0,41
project/sim_ext.py --sim-time 0.5 --seq-graph project/file/graph_15_nodes.json --traffic project/file/traffic_15_nodes_net.json --inspection-rate 0.001 --mess-rate 0.002 --algorithm centflow,0.441402599997,51,11,48,0,27,51,43,52,11,43,35,21,22,27,48,52,36,37,48,0,51,0,0,37,15,113,28,31,21,48,15,286,21,0,113,286,28,22,27,50,22,27,0,30
project/sim_ext.py --sim-time 0.5 --seq-graph project/file/graph_15_nodes.json --traffic project/file/traffic_15_nodes_net.json --inspection-rate 0.001 --mess-rate 0.002 --algorithm centflow,0.4424196093618242,51,0,39,0,17,51,42,48,0,42,26,16,9,11,39,48,26,27,44,0,37,0,0,27,9,113,12,19,16,44,9,284,14,0,113,284,12,9,10,36,14,17,0,19
project/sim_ext.py --sim-time 0.5 --seq-graph project/file/graph_15_nodes.json --traffic project/file/traffic_15_nodes_net.json --inspection-rate 0.001 --mess-rate 0.002 --algorithm centflow,0.443450599997,45,0,35,0,9,45,35,48,0,36,25,8,5,5,35,48,25,19,40,0,26,0,0,19,5,109,1,11,8,40,5,281,6,0,109,281,1,5,5,26,5,8,0,11
project/sim_ext.py --sim-time 0.5 --seq-graph project/file/graph_15_nodes.json --traffic project/file/traffic_15_nodes_net.json --inspection-rate 0.001 --mess-rate 0.002 --algorithm centflow,0.44449674354891994,45,0,30,0,0,45,29,42,0,29,14,0,0,0,31,42,15,14,36,0,17,0,0,13,0,104,0,0,0,36,0,281,0,0,104,281,0,0,0,17,0,0,0,0
project/sim_ext.py --sim-time 0.5 --seq-graph project/file/graph_15_nodes.json --traffic project/file/traffic_15_nodes_net.json --inspection-rate 0.001 --mess-rate 0.002 --algorithm centflow,0.44550900000099997,40,0,30,0,0,40,29,37,0,29,7,0,0,0,30,37,7,12,29,0,4,0,0,12,0,99,0,0,0,29,0,281,0,0,99,281,0,0,0,4,0,0,0,0
project/sim_ext.py --sim-time 0.5 --seq-graph project/file/graph_15_nodes.json --traffic project/file/traffic_15_nodes_net.json --inspection-rate 0.001 --mess-rate 0.002 --algorithm centflow,0.446562000001,36,0,24,0,0,36,18,35,0,19,5,0,0,0,24,35,5,7,25,0,0,0,0,7,0,96,0,0,0,25,0,273,0,0,96,273,0,0,0,0,0,0,0,0
project/sim_ext.py --sim-time 0.5 --seq-graph project/file/graph_15_nodes.json --traffic project/file/traffic_15_nodes_net.json --inspection-rate 0.001 --mess-rate 0.002 --algorithm centflow,0.447619199997,34,0,20,0,0,34,18,28,0,18,0,0,0,0,20,28,0,7,24,0,0,0,0,7,0,96,0,0,0,24,0,272,0,0,96,272,0,0,0,0,0,0,0,0
project/sim_ext.py --sim-time 0.5 --seq-graph project/file/graph_15_nodes.json --traffic project/file/traffic_15_nodes_net.json --inspection-rate 0.001 --mess-rate 0.002 --algorithm centflow,0.4486399537871287,31,0,15,0,0,31,13,26,0,13,0,0,0,0,15,26,0,2,16,0,0,0,0,2,0,92,0,0,0,16,0,269,0,0,91,269,0,0,0,0,0,0,0,0
project/sim_ext.py --sim-time 0.5 --seq-graph project/file/graph_15_nodes.json --traffic project/file/traffic_15_nodes_net.json --inspection-rate 0.001 --mess-rate 0.002 --algorithm centflow,0.44965208608399354,20,0,12,0,0,20,11,25,0,11,0,0,0,0,12,25,0,0,15,0,0,0,0,0,0,91,0,0,0,15,0,267,0,0,91,267,0,0,0,0,0,0,0,0
project/sim_ext.py --sim-time 0.5 --seq-graph project/file/graph_15_nodes.json --traffic project/file/traffic_15_nodes_net.json --inspection-rate 0.001 --mess-rate 0.002 --algorithm centflow,0.45074535903478385,18,0,9,0,0,18,5,23,0,5,0,0,0,0,9,23,0,0,15,0,0,0,0,0,0,87,0,0,0,15,0,267,0,0,87,267,0,0,0,0,0,0,0,0
project/sim_ext.py --sim-time 0.5 --seq-graph project/file/graph_15_nodes.json --traffic project/file/traffic_15_nodes_net.json --inspection-rate 0.001 --mess-rate 0.002 --algorithm centflow,0.4517763729495439,18,0,5,0,0,18,1,22,0,1,0,0,0,0,5,22,0,0,15,0,0,0,0,0,0,87,0,0,0,15,0,267,0,0,87,267,0,0,0,0,0,0,0,0
project/sim_ext.py --sim-time 0.5 --seq-graph project/file/graph_15_nodes.json --traffic project/file/traffic_15_nodes_net.json --inspection-rate 0.001 --mess-rate 0.002 --algorithm centflow,0.452848000001,9,0,4,0,0,9,0,18,0,0,0,0,0,0,4,18,0,0,8,0,0,0,0,0,0,80,0,0,0,8,0,267,0,0,80,267,0,0,0,0,0,0,0,0
project/sim_ext.py --sim-time 0.5 --seq-graph project/file/graph_15_nodes.json --traffic project/file/traffic_15_nodes_net.json --inspection-rate 0.001 --mess-rate 0.002 --algorithm centflow,0.4538599560779558,9,0,0,0,0,9,0,16,0,0,0,0,0,0,0,16,0,0,7,0,0,0,0,0,0,80,0,0,0,7,0,267,0,0,80,267,0,0,0,0,0,0,0,0
project/sim_ext.py --sim-time 0.5 --seq-graph project/file/graph_15_nodes.json --traffic project/file/traffic_15_nodes_net.json --inspection-rate 0.001 --mess-rate 0.002 --algorithm centflow,0.45488879804309856,9,0,0,0,0,9,0,13,0,0,0,0,0,0,0,13,0,0,5,0,0,0,0,0,0,78,0,0,0,5,0,267,0,0,78,267,0,0,0,0,0,0,0,0
project/sim_ext.py --sim-time 0.5 --seq-graph project/file/graph_15_nodes.json --traffic project/file/traffic_15_nodes_net.json --inspection-rate 0.001 --mess-rate 0.002 --algorithm centflow,0.455898599997,9,0,0,0,0,9,0,12,0,0,0,0,0,0,0,12,0,0,1,0,0,0,0,0,0,76,0,0,0,1,0,260,0,0,76,260,0,0,0,0,0,0,0,0
project/sim_ext.py --sim-time 0.5 --seq-graph project/file/graph_15_nodes.json --traffic project/file/traffic_15_nodes_net.json --inspection-rate 0.001 --mess-rate 0.002 --algorithm centflow,0.45695622126901025,9,0,0,0,0,9,0,11,0,0,0,0,0,0,0,11,0,0,1,0,0,0,0,0,0,74,0,0,0,1,0,255,0,0,74,255,0,0,0,0,0,0,0,0
project/sim_ext.py --sim-time 0.5 --seq-graph project/file/graph_15_nodes.json --traffic project/file/traffic_15_nodes_net.json --inspection-rate 0.001 --mess-rate 0.002 --algorithm centflow,0.45800499997,0,0,0,0,0,0,0,9,0,0,0,0,0,0,0,9,0,0,0,0,0,0,0,0,0,74,0,0,0,0,0,254,0,0,74,254,0,0,0,0,0,0,0,0
project/sim_ext.py --sim-time 0.5 --seq-graph project/file/graph_15_nodes.json --traffic project/file/traffic_15_nodes_net.json --inspection-rate 0.001 --mess-rate 0.002 --algorithm centflow,0.45902499996699997,0,0,0,0,0,0,0,6,0,0,0,0,0,0,0,6,0,0,0,0,0,0,0,0,0,74,0,0,0,0,0,253,0,0,74,253,0,0,0,0,0,0,0,0
project/sim_ext.py --sim-time 0.5 --seq-graph project/file/graph_15_nodes.json --traffic project/file/traffic_15_nodes_net.json --inspection-rate 0.001 --mess-rate 0.002 --algorithm centflow,0.46004810639441257,0,0,0,0,0,0,0,6,0,0,0,0,0,0,0,6,0,0,0,0,0,0,0,0,0,72,0,0,0,0,0,253,0,0,72,253,0,0,0,0,0,0,0,0
project/sim_ext.py --sim-time 0.5 --seq-graph project/file/graph_15_nodes.json --traffic project/file/traffic_15_nodes_net.json --inspection-rate 0.001 --mess-rate 0.002 --algorithm centflow,0.46106839736186384,0,0,0,0,0,0,0,6,0,0,0,0,0,0,0,6,0,0,0,0,0,0,0,0,0,67,0,0,0,0,0,253,0,0,67,253,0,0,0,0,0,0,0,0
project/sim_ext.py --sim-time 0.5 --seq-graph project/file/graph_15_nodes.json --traffic project/file/traffic_15_nodes_net.json --inspection-rate 0.001 --mess-rate 0.002 --algorithm centflow,0.46210700000099997,0,0,0,0,0,0,0,6,0,0,0,0,0,0,0,6,0,0,0,0,0,0,0,0,0,67,0,0,0,0,0,249,0,0,67,249,0,0,0,0,0,0,0,0
project/sim_ext.py --sim-time 0.5 --seq-graph project/file/graph_15_nodes.json --traffic project/file/traffic_15_nodes_net.json --inspection-rate 0.001 --mess-rate 0.002 --algorithm centflow,0.463145000001,0,0,0,0,0,0,0,6,0,0,0,0,0,0,0,6,0,0,0,0,0,0,0,0,0,67,0,0,0,0,0,248,0,0,67,248,0,0,0,0,0,0,0,0
project/sim_ext.py --sim-time 0.5 --seq-graph project/file/graph_15_nodes.json --traffic project/file/traffic_15_nodes_net.json --inspection-rate 0.001 --mess-rate 0.002 --algorithm centflow,0.464206000001,0,0,0,0,0,0,0,0,0,0,0,0,0,0,0,0,0,0,0,0,0,0,0,0,0,64,0,0,0,0,0,246,0,0,64,246,0,0,0,0,0,0,0,0
project/sim_ext.py --sim-time 0.5 --seq-graph project/file/graph_15_nodes.json --traffic project/file/traffic_15_nodes_net.json --inspection-rate 0.001 --mess-rate 0.002 --algorithm centflow,0.46525552634221395,0,0,0,0,0,0,0,0,0,0,0,0,0,0,0,0,0,0,0,0,0,0,0,0,0,64,0,0,0,0,0,245,0,0,64,245,0,0,0,0,0,0,0,0
project/sim_ext.py --sim-time 0.5 --seq-graph project/file/graph_15_nodes.json --traffic project/file/traffic_15_nodes_net.json --inspection-rate 0.001 --mess-rate 0.002 --algorithm centflow,0.46628163928231603,0,0,0,0,0,0,0,0,0,0,0,0,0,0,0,0,0,0,0,0,0,0,0,0,0,63,0,0,0,0,0,245,0,0,63,245,0,0,0,0,0,0,0,0
project/sim_ext.py --sim-time 0.5 --seq-graph project/file/graph_15_nodes.json --traffic project/file/traffic_15_nodes_net.json --inspection-rate 0.001 --mess-rate 0.002 --algorithm centflow,0.467314000001,0,0,0,0,0,0,0,0,0,0,0,0,0,0,0,0,0,0,0,0,0,0,0,0,0,56,0,0,0,0,0,244,0,0,56,244,0,0,0,0,0,0,0,0
project/sim_ext.py --sim-time 0.5 --seq-graph project/file/graph_15_nodes.json --traffic project/file/traffic_15_nodes_net.json --inspection-rate 0.001 --mess-rate 0.002 --algorithm centflow,0.468357000001,0,0,0,0,0,0,0,0,0,0,0,0,0,0,0,0,0,0,0,0,0,0,0,0,0,55,0,0,0,0,0,243,0,0,55,243,0,0,0,0,0,0,0,0
project/sim_ext.py --sim-time 0.5 --seq-graph project/file/graph_15_nodes.json --traffic project/file/traffic_15_nodes_net.json --inspection-rate 0.001 --mess-rate 0.002 --algorithm centflow,0.46939036300102793,0,0,0,0,0,0,0,0,0,0,0,0,0,0,0,0,0,0,0,0,0,0,0,0,0,53,0,0,0,0,0,243,0,0,53,243,0,0,0,0,0,0,0,0
project/sim_ext.py --sim-time 0.5 --seq-graph project/file/graph_15_nodes.json --traffic project/file/traffic_15_nodes_net.json --inspection-rate 0.001 --mess-rate 0.002 --algorithm centflow,0.470422399997,61,53,52,52,51,62,53,67,52,53,53,52,53,52,53,67,52,52,54,53,0,52,51,51,57,127,52,52,51,54,57,322,53,54,127,322,53,54,52,0,54,52,53,51
project/sim_ext.py --sim-time 0.5 --seq-graph project/file/graph_15_nodes.json --traffic project/file/traffic_15_nodes_net.json --inspection-rate 0.001 --mess-rate 0.002 --algorithm centflow,0.471424999997,55,5,48,11,30,55,49,66,5,49,39,28,39,26,48,65,39,40,49,45,0,29,10,40,52,125,27,30,28,49,52,322,24,45,125,322,27,39,26,0,24,30,30,29
project/sim_ext.py --sim-time 0.5 --seq-graph project/file/graph_15_nodes.json --traffic project/file/traffic_15_nodes_net.json --inspection-rate 0.001 --mess-rate 0.002 --algorithm centflow,0.47245119999699997,51,0,40,0,25,51,45,65,0,45,29,20,28,13,40,65,29,37,42,38,0,20,0,37,46,122,22,19,20,42,46,322,13,38,122,322,22,28,13,0,13,24,20,19
project/sim_ext.py --sim-time 0.5 --seq-graph project/file/graph_15_nodes.json --traffic project/file/traffic_15_nodes_net.json --inspection-rate 0.001 --mess-rate 0.002 --algorithm centflow,0.47352639999699997,50,0,35,0,17,50,41,65,0,41,15,12,22,0,35,65,15,23,37,33,0,4,0,23,40,121,10,9,12,37,40,322,0,33,121,322,10,22,0,0,0,17,4,9
project/sim_ext.py --sim-time 0.5 --seq-graph project/file/graph_15_nodes.json --traffic project/file/traffic_15_nodes_net.json --inspection-rate 0.001 --mess-rate 0.002 --algorithm centflow,0.47460083406253456,48,0,22,0,8,48,36,55,0,36,8,5,12,0,23,55,8,18,35,13,0,0,0,18,33,121,1,0,4,35,33,322,0,13,121,322,1,12,0,0,0,8,0,0
project/sim_ext.py --sim-time 0.5 --seq-graph project/file/graph_15_nodes.json --traffic project/file/traffic_15_nodes_net.json --inspection-rate 0.001 --mess-rate 0.002 --algorithm centflow,0.475642599997,44,0,13,0,0,44,31,50,0,31,0,1,1,0,13,50,0,16,32,0,0,0,0,16,32,119,0,0,1,32,32,313,0,0,119,314,0,1,0,0,0,0,0,0
project/sim_ext.py --sim-time 0.5 --seq-graph project/file/graph_15_nodes.json --traffic project/file/traffic_15_nodes_net.json --inspection-rate 0.001 --mess-rate 0.002 --algorithm centflow,0.476687000001,41,0,5,0,0,41,28,50,0,28,0,0,0,0,5,50,0,16,25,0,0,0,0,16,31,119,0,0,0,25,31,313,0,0,119,313,0,0,0,0,0,0,0,0
project/sim_ext.py --sim-time 0.5 --seq-graph project/file/graph_15_nodes.json --traffic project/file/traffic_15_nodes_net.json --inspection-rate 0.001 --mess-rate 0.002 --algorithm centflow,0.477731199997,41,0,4,0,0,41,26,50,0,26,0,0,0,0,4,50,0,5,23,0,0,0,0,5,28,119,0,0,0,23,28,312,0,0,119,313,0,0,0,0,0,0,0,0
project/sim_ext.py --sim-time 0.5 --seq-graph project/file/graph_15_nodes.json --traffic project/file/traffic_15_nodes_net.json --inspection-rate 0.001 --mess-rate 0.002 --algorithm centflow,0.478760000001,36,0,3,0,0,36,17,50,0,17,0,0,0,0,3,50,0,3,23,0,0,0,0,3,27,119,0,0,0,23,27,312,0,0,119,312,0,0,0,0,0,0,0,0
project/sim_ext.py --sim-time 0.5 --seq-graph project/file/graph_15_nodes.json --traffic project/file/traffic_15_nodes_net.json --inspection-rate 0.001 --mess-rate 0.002 --algorithm centflow,0.479783799997,34,0,0,0,0,34,12,47,0,12,0,0,0,0,0,48,0,0,15,0,52,0,0,0,23,119,0,0,0,15,23,312,0,0,119,312,0,0,0,52,0,0,0,0
project/sim_ext.py --sim-time 0.5 --seq-graph project/file/graph_15_nodes.json --traffic project/file/traffic_15_nodes_net.json --inspection-rate 0.001 --mess-rate 0.002 --algorithm centflow,0.480810000001,34,0,0,0,0,34,8,37,0,8,0,0,0,0,0,37,0,0,12,0,44,0,0,0,21,110,0,0,0,12,21,309,0,0,110,309,0,0,0,45,0,0,0,0
project/sim_ext.py --sim-time 0.5 --seq-graph project/file/graph_15_nodes.json --traffic project/file/traffic_15_nodes_net.json --inspection-rate 0.001 --mess-rate 0.002 --algorithm centflow,0.48181476179638705,26,0,0,0,0,26,8,34,0,8,0,0,0,0,0,34,0,0,7,0,33,0,0,0,18,110,0,0,0,7,18,308,0,0,110,308,0,0,0,33,0,0,0,0
project/sim_ext.py --sim-time 0.5 --seq-graph project/file/graph_15_nodes.json --traffic project/file/traffic_15_nodes_net.json --inspection-rate 0.001 --mess-rate 0.002 --algorithm centflow,0.482851199997,24,0,0,0,0,24,4,29,0,4,0,0,0,0,0,29,0,0,1,0,23,0,0,0,16,106,0,0,0,1,16,308,0,0,106,308,0,0,0,23,0,0,0,0
project/sim_ext.py --sim-time 0.5 --seq-graph project/file/graph_15_nodes.json --traffic project/file/traffic_15_nodes_net.json --inspection-rate 0.001 --mess-rate 0.002 --algorithm centflow,0.483881599997,20,0,0,0,0,20,4,27,0,4,0,0,0,0,0,27,0,0,0,0,10,0,0,0,12,105,0,0,0,0,12,305,0,0,106,305,0,0,0,10,0,0,0,0
project/sim_ext.py --sim-time 0.5 --seq-graph project/file/graph_15_nodes.json --traffic project/file/traffic_15_nodes_net.json --inspection-rate 0.001 --mess-rate 0.002 --algorithm centflow,0.484909799997,17,0,0,0,0,17,0,27,0,0,0,0,0,0,0,27,0,0,0,0,3,0,0,0,11,100,0,0,0,0,11,305,0,0,100,305,0,0,0,3,0,0,0,0
project/sim_ext.py --sim-time 0.5 --seq-graph project/file/graph_15_nodes.json --traffic project/file/traffic_15_nodes_net.json --inspection-rate 0.001 --mess-rate 0.002 --algorithm centflow,0.485961599997,9,0,0,0,0,9,0,20,0,0,0,0,0,0,0,20,0,0,0,0,0,0,0,0,9,97,0,0,0,0,9,301,0,0,97,301,0,0,0,0,0,0,0,0
project/sim_ext.py --sim-time 0.5 --seq-graph project/file/graph_15_nodes.json --traffic project/file/traffic_15_nodes_net.json --inspection-rate 0.001 --mess-rate 0.002 --algorithm centflow,0.486979999963,6,0,0,0,0,6,0,15,0,0,0,0,0,0,0,15,0,0,0,0,0,0,0,0,9,94,0,0,0,0,9,301,0,0,94,301,0,0,0,0,0,0,0,0
project/sim_ext.py --sim-time 0.5 --seq-graph project/file/graph_15_nodes.json --traffic project/file/traffic_15_nodes_net.json --inspection-rate 0.001 --mess-rate 0.002 --algorithm centflow,0.488035000001,3,0,0,0,0,3,0,15,0,0,0,0,0,0,0,15,0,0,0,0,0,0,0,0,9,94,0,0,0,0,9,299,0,0,94,299,0,0,0,0,0,0,0,0
project/sim_ext.py --sim-time 0.5 --seq-graph project/file/graph_15_nodes.json --traffic project/file/traffic_15_nodes_net.json --inspection-rate 0.001 --mess-rate 0.002 --algorithm centflow,0.48908926790883234,2,0,0,0,0,2,0,15,0,0,0,0,0,0,0,15,0,0,0,0,0,0,0,0,4,87,0,0,0,0,4,299,0,0,87,299,0,0,0,0,0,0,0,0
project/sim_ext.py --sim-time 0.5 --seq-graph project/file/graph_15_nodes.json --traffic project/file/traffic_15_nodes_net.json --inspection-rate 0.001 --mess-rate 0.002 --algorithm centflow,0.49014245716573895,0,0,0,0,0,0,0,5,0,0,0,0,0,0,0,5,0,0,0,0,0,0,0,0,1,87,0,0,0,0,1,299,0,0,87,299,0,0,0,0,0,0,0,0
project/sim_ext.py --sim-time 0.5 --seq-graph project/file/graph_15_nodes.json --traffic project/file/traffic_15_nodes_net.json --inspection-rate 0.001 --mess-rate 0.002 --algorithm centflow,0.4911727237953357,0,0,0,0,0,0,0,2,0,0,0,0,0,0,0,2,0,0,0,0,0,0,0,0,0,83,0,0,0,0,0,299,0,0,83,299,0,0,0,0,0,0,0,0
project/sim_ext.py --sim-time 0.5 --seq-graph project/file/graph_15_nodes.json --traffic project/file/traffic_15_nodes_net.json --inspection-rate 0.001 --mess-rate 0.002 --algorithm centflow,0.49218070028364885,0,0,0,0,0,0,0,0,0,0,0,0,0,0,0,0,0,0,0,0,0,0,0,0,0,81,0,0,0,0,0,299,0,0,81,299,0,0,0,0,0,0,0,0
project/sim_ext.py --sim-time 0.5 --seq-graph project/file/graph_15_nodes.json --traffic project/file/traffic_15_nodes_net.json --inspection-rate 0.001 --mess-rate 0.002 --algorithm centflow,0.49319499997,0,0,0,0,0,0,0,0,0,0,0,0,0,0,0,0,0,0,0,0,0,0,0,0,0,81,0,0,0,0,0,299,0,0,81,299,0,0,0,0,0,0,0,0
project/sim_ext.py --sim-time 0.5 --seq-graph project/file/graph_15_nodes.json --traffic project/file/traffic_15_nodes_net.json --inspection-rate 0.001 --mess-rate 0.002 --algorithm centflow,0.49421788032389763,0,0,0,0,0,0,0,0,0,0,0,0,0,0,0,0,0,0,0,0,0,0,0,0,0,81,0,0,0,0,0,299,0,0,81,299,0,0,0,0,0,0,0,0
project/sim_ext.py --sim-time 0.5 --seq-graph project/file/graph_15_nodes.json --traffic project/file/traffic_15_nodes_net.json --inspection-rate 0.001 --mess-rate 0.002 --algorithm centflow,0.4952461642820364,0,0,0,0,0,0,0,0,0,0,0,0,0,0,0,0,0,0,0,0,0,0,0,0,0,81,0,0,0,0,0,299,0,0,81,299,0,0,0,0,0,0,0,0
project/sim_ext.py --sim-time 0.5 --seq-graph project/file/graph_15_nodes.json --traffic project/file/traffic_15_nodes_net.json --inspection-rate 0.001 --mess-rate 0.002 --algorithm centflow,0.496271000001,0,0,0,0,0,0,0,0,0,0,0,0,0,0,0,0,0,0,0,0,0,0,0,0,0,81,0,0,0,0,0,299,0,0,81,299,0,0,0,0,0,0,0,0
project/sim_ext.py --sim-time 0.5 --seq-graph project/file/graph_15_nodes.json --traffic project/file/traffic_15_nodes_net.json --inspection-rate 0.001 --mess-rate 0.002 --algorithm centflow,0.4973302498049315,0,0,0,0,0,0,0,0,0,0,0,0,0,0,0,0,0,0,0,0,0,0,0,0,0,81,0,0,0,0,0,299,0,0,81,299,0,0,0,0,0,0,0,0
project/sim_ext.py --sim-time 0.5 --seq-graph project/file/graph_15_nodes.json --traffic project/file/traffic_15_nodes_net.json --inspection-rate 0.001 --mess-rate 0.002 --algorithm centflow,0.498388000001,0,0,0,0,0,0,0,0,0,0,0,0,0,0,0,0,0,0,0,0,0,0,0,0,0,81,0,0,0,0,0,299,0,0,81,299,0,0,0,0,0,0,0,0
project/sim_ext.py --sim-time 0.5 --seq-graph project/file/graph_15_nodes.json --traffic project/file/traffic_15_nodes_net.json --inspection-rate 0.001 --mess-rate 0.002 --algorithm centflow,0.49940579999699997,0,0,0,0,0,0,0,0,0,0,0,0,0,0,0,0,0,0,0,0,0,0,0,0,0,81,0,0,0,0,0,291,0,0,81,291,0,0,0,0,0,0,0,0
