Sim. Command,Time,tr_node0_to_node1,tr_node0_to_node2,tr_node0_to_node3,tr_node0_to_node4,tr_node0_to_node12,tr_node1_to_node0,tr_node1_to_node2,tr_node1_to_node3,tr_node2_to_node0,tr_node2_to_node1,tr_node2_to_node3,tr_node2_to_node5,tr_node2_to_node8,tr_node2_to_node9,tr_node3_to_node0,tr_node3_to_node1,tr_node3_to_node2,tr_node3_to_node4,tr_node3_to_node5,tr_node3_to_node6,tr_node3_to_node10,tr_node3_to_node13,tr_node4_to_node0,tr_node4_to_node3,tr_node4_to_node5,tr_node4_to_node6,tr_node4_to_node7,tr_node4_to_node14,tr_node5_to_node2,tr_node5_to_node3,tr_node5_to_node4,tr_node5_to_node6,tr_node5_to_node11,tr_node6_to_node3,tr_node6_to_node4,tr_node6_to_node5,tr_node7_to_node4,tr_node8_to_node2,tr_node9_to_node2,tr_node10_to_node3,tr_node11_to_node5,tr_node12_to_node0,tr_node13_to_node3,tr_node14_to_node4
project/sim_ext.py --sim-time 1.5 --seq-graph project/file/graph_15_nodes.json --traffic project/file/traffic_15_nodes_net.json --inspection-rate 0.001 --mess-rate 0.002 --algorithm centflow,0.0010197003493041007,1,9,2,1,0,3,2,0,3,0,3,2,0,1,4,0,0,1,2,0,0,0,4,1,0,1,2,1,2,2,2,0,0,2,1,0,4,8,10,10,5,8,10,9
project/sim_ext.py --sim-time 1.5 --seq-graph project/file/graph_15_nodes.json --traffic project/file/traffic_15_nodes_net.json --inspection-rate 0.001 --mess-rate 0.002 --algorithm centflow,0.00209,1,9,6,3,1,5,7,3,4,0,6,5,2,1,4,0,3,1,3,0,0,0,7,2,2,2,2,1,7,3,3,0,1,6,3,1,10,10,10,10,10,10,10,10
project/sim_ext.py --sim-time 1.5 --seq-graph project/file/graph_15_nodes.json --traffic project/file/traffic_15_nodes_net.json --inspection-rate 0.001 --mess-rate 0.002 --algorithm centflow,0.003389,2,10,8,4,2,8,10,6,8,0,8,8,2,2,5,1,5,4,6,0,0,2,10,5,3,3,3,1,10,6,3,0,1,10,8,3,10,10,10,10,10,10,10,10
project/sim_ext.py --sim-time 1.5 --seq-graph project/file/graph_15_nodes.json --traffic project/file/traffic_15_nodes_net.json --inspection-rate 0.001 --mess-rate 0.002 --algorithm centflow,0.004753,2,10,10,7,2,10,10,8,10,1,10,9,4,2,5,1,7,5,8,0,1,2,10,7,3,3,4,1,10,6,4,0,2,10,10,7,10,10,10,10,10,10,10,10
project/sim_ext.py --sim-time 1.5 --seq-graph project/file/graph_15_nodes.json --traffic project/file/traffic_15_nodes_net.json --inspection-rate 0.001 --mess-rate 0.002 --algorithm centflow,0.005939,2,10,10,8,3,10,10,9,10,2,10,10,4,3,6,1,10,6,9,1,2,3,10,7,5,4,4,1,10,7,6,2,2,10,10,8,10,10,10,10,10,10,10,10
project/sim_ext.py --sim-time 1.5 --seq-graph project/file/graph_15_nodes.json --traffic project/file/traffic_15_nodes_net.json --inspection-rate 0.001 --mess-rate 0.002 --algorithm centflow,0.007071,2,10,10,8,3,10,10,10,10,2,10,10,4,3,10,3,10,8,9,3,2,4,10,8,5,7,7,2,10,8,8,2,3,10,10,8,10,10,10,10,10,10,10,10
project/sim_ext.py --sim-time 1.5 --seq-graph project/file/graph_15_nodes.json --traffic project/file/traffic_15_nodes_net.json --inspection-rate 0.001 --mess-rate 0.002 --algorithm centflow,0.008116119424060275,2,10,10,10,3,10,10,10,10,2,10,10,4,3,10,5,10,8,10,3,2,4,10,10,5,7,8,2,10,9,9,3,3,10,10,9,10,10,10,10,10,10,10,10
project/sim_ext.py --sim-time 1.5 --seq-graph project/file/graph_15_nodes.json --traffic project/file/traffic_15_nodes_net.json --inspection-rate 0.001 --mess-rate 0.002 --algorithm centflow,0.009141479191801033,3,10,10,10,3,10,10,10,10,2,10,10,5,3,10,5,10,9,10,4,3,4,10,10,7,8,9,2,10,10,10,5,4,10,10,10,10,10,10,10,10,10,10,10
project/sim_ext.py --sim-time 1.5 --seq-graph project/file/graph_15_nodes.json --traffic project/file/traffic_15_nodes_net.json --inspection-rate 0.001 --mess-rate 0.002 --algorithm centflow,0.010159,3,10,10,10,4,10,10,10,10,2,10,10,7,5,10,6,10,10,10,4,5,7,10,10,10,8,10,2,10,10,10,5,4,10,10,10,10,10,10,10,10,10,10,10
project/sim_ext.py --sim-time 1.5 --seq-graph project/file/graph_15_nodes.json --traffic project/file/traffic_15_nodes_net.json --inspection-rate 0.001 --mess-rate 0.002 --algorithm centflow,0.011312,4,10,10,10,4,10,10,10,10,2,10,10,8,5,10,7,10,10,10,4,5,7,10,10,10,10,10,2,10,10,10,6,5,10,10,10,10,10,10,10,10,10,10,10
project/sim_ext.py --sim-time 1.5 --seq-graph project/file/graph_15_nodes.json --traffic project/file/traffic_15_nodes_net.json --inspection-rate 0.001 --mess-rate 0.002 --algorithm centflow,0.012322999999999999,6,10,10,10,6,10,10,10,10,2,10,10,9,5,10,7,10,10,10,4,5,7,10,10,10,10,10,2,10,10,10,8,6,10,10,10,10,10,10,10,10,10,10,10
project/sim_ext.py --sim-time 1.5 --seq-graph project/file/graph_15_nodes.json --traffic project/file/traffic_15_nodes_net.json --inspection-rate 0.001 --mess-rate 0.002 --algorithm centflow,0.013457579483615503,7,10,10,10,7,10,10,10,10,3,10,10,10,5,10,7,10,10,10,5,5,8,10,10,10,10,10,3,10,10,10,8,7,10,10,10,10,10,10,10,10,10,10,10
project/sim_ext.py --sim-time 1.5 --seq-graph project/file/graph_15_nodes.json --traffic project/file/traffic_15_nodes_net.json --inspection-rate 0.001 --mess-rate 0.002 --algorithm centflow,0.014473,8,10,10,10,8,10,10,10,10,3,10,10,10,6,10,7,10,10,10,5,6,10,10,10,10,10,10,3,10,10,10,8,7,10,10,10,10,10,10,10,10,10,10,10
project/sim_ext.py --sim-time 1.5 --seq-graph project/file/graph_15_nodes.json --traffic project/file/traffic_15_nodes_net.json --inspection-rate 0.001 --mess-rate 0.002 --algorithm centflow,0.01555,10,10,10,10,8,10,10,10,10,3,10,10,10,6,10,9,10,10,10,5,7,10,10,10,10,10,10,3,10,10,10,8,7,10,10,10,10,10,10,10,10,10,10,10
project/sim_ext.py --sim-time 1.5 --seq-graph project/file/graph_15_nodes.json --traffic project/file/traffic_15_nodes_net.json --inspection-rate 0.001 --mess-rate 0.002 --algorithm centflow,0.016668,10,10,10,10,8,10,10,10,10,3,10,10,10,7,10,10,10,10,10,6,7,10,10,10,10,10,10,3,10,10,10,10,9,10,10,10,10,10,10,10,10,10,10,10
project/sim_ext.py --sim-time 1.5 --seq-graph project/file/graph_15_nodes.json --traffic project/file/traffic_15_nodes_net.json --inspection-rate 0.001 --mess-rate 0.002 --algorithm centflow,0.01771648871776274,10,10,10,10,8,10,10,10,10,3,10,10,10,7,10,10,10,10,10,7,8,10,10,10,10,10,10,3,10,10,10,10,10,10,10,10,10,10,10,10,10,10,10,10
project/sim_ext.py --sim-time 1.5 --seq-graph project/file/graph_15_nodes.json --traffic project/file/traffic_15_nodes_net.json --inspection-rate 0.001 --mess-rate 0.002 --algorithm centflow,0.018852,10,10,10,10,9,10,10,10,10,5,10,10,10,7,10,10,10,10,10,7,9,10,10,10,10,10,10,4,10,10,10,10,10,10,10,10,10,10,10,10,10,10,10,10
project/sim_ext.py --sim-time 1.5 --seq-graph project/file/graph_15_nodes.json --traffic project/file/traffic_15_nodes_net.json --inspection-rate 0.001 --mess-rate 0.002 --algorithm centflow,0.019852866671776923,10,10,10,10,9,10,10,10,10,6,10,10,10,7,10,10,10,10,10,8,9,10,10,10,10,10,10,4,10,10,10,10,10,10,10,10,10,10,10,10,10,10,10,10
project/sim_ext.py --sim-time 1.5 --seq-graph project/file/graph_15_nodes.json --traffic project/file/traffic_15_nodes_net.json --inspection-rate 0.001 --mess-rate 0.002 --algorithm centflow,0.020904133302864336,10,10,10,10,9,10,10,10,10,6,10,10,10,7,10,10,10,10,10,9,9,10,10,10,10,10,10,4,10,10,10,10,10,10,10,10,10,10,10,10,10,10,10,10
project/sim_ext.py --sim-time 1.5 --seq-graph project/file/graph_15_nodes.json --traffic project/file/traffic_15_nodes_net.json --inspection-rate 0.001 --mess-rate 0.002 --algorithm centflow,0.02193663073440955,10,10,10,10,10,10,10,10,10,6,10,10,10,7,10,10,10,10,10,10,9,10,10,10,10,10,10,4,10,10,10,10,10,10,10,10,10,10,10,10,10,10,10,10
project/sim_ext.py --sim-time 1.5 --seq-graph project/file/graph_15_nodes.json --traffic project/file/traffic_15_nodes_net.json --inspection-rate 0.001 --mess-rate 0.002 --algorithm centflow,0.022948,10,10,10,10,10,10,10,10,10,6,10,10,10,7,10,10,10,10,10,10,10,10,10,10,10,10,10,5,10,10,10,10,10,10,10,10,10,10,10,10,10,10,10,10
project/sim_ext.py --sim-time 1.5 --seq-graph project/file/graph_15_nodes.json --traffic project/file/traffic_15_nodes_net.json --inspection-rate 0.001 --mess-rate 0.002 --algorithm centflow,0.02395449079709648,10,10,10,10,10,10,10,10,10,6,10,10,10,7,10,10,10,10,10,10,10,10,10,10,10,10,10,5,10,10,10,10,10,10,10,10,10,10,10,10,10,10,10,10
project/sim_ext.py --sim-time 1.5 --seq-graph project/file/graph_15_nodes.json --traffic project/file/traffic_15_nodes_net.json --inspection-rate 0.001 --mess-rate 0.002 --algorithm centflow,0.025024,10,10,10,10,10,10,10,10,10,8,10,10,10,7,10,10,10,10,10,10,10,10,10,10,10,10,10,5,10,10,10,10,10,10,10,10,10,10,10,10,10,10,10,10
project/sim_ext.py --sim-time 1.5 --seq-graph project/file/graph_15_nodes.json --traffic project/file/traffic_15_nodes_net.json --inspection-rate 0.001 --mess-rate 0.002 --algorithm centflow,0.026201,10,10,10,10,10,10,10,10,10,9,10,10,10,8,10,10,10,10,10,10,10,10,10,10,10,10,10,6,10,10,10,10,10,10,10,10,10,10,10,10,10,10,10,10
project/sim_ext.py --sim-time 1.5 --seq-graph project/file/graph_15_nodes.json --traffic project/file/traffic_15_nodes_net.json --inspection-rate 0.001 --mess-rate 0.002 --algorithm centflow,0.02720792841257606,10,10,10,10,10,10,10,10,10,9,10,10,10,9,10,10,10,10,10,10,10,10,10,10,10,10,10,6,10,10,10,10,10,10,10,10,10,10,10,10,10,10,10,10
project/sim_ext.py --sim-time 1.5 --seq-graph project/file/graph_15_nodes.json --traffic project/file/traffic_15_nodes_net.json --inspection-rate 0.001 --mess-rate 0.002 --algorithm centflow,0.028287,10,10,10,10,10,10,10,10,10,10,10,10,10,10,10,10,10,10,10,10,10,10,10,10,10,10,10,6,10,10,10,10,10,10,10,10,10,10,10,10,10,10,10,10
project/sim_ext.py --sim-time 1.5 --seq-graph project/file/graph_15_nodes.json --traffic project/file/traffic_15_nodes_net.json --inspection-rate 0.001 --mess-rate 0.002 --algorithm centflow,0.029727361816259398,10,10,10,10,10,10,10,10,10,10,10,10,10,10,10,10,10,10,10,10,10,10,10,10,10,10,10,6,10,10,10,10,10,10,10,10,10,10,10,10,10,10,10,10
project/sim_ext.py --sim-time 1.5 --seq-graph project/file/graph_15_nodes.json --traffic project/file/traffic_15_nodes_net.json --inspection-rate 0.001 --mess-rate 0.002 --algorithm centflow,0.030761999999999998,10,10,10,10,10,10,10,10,10,10,10,10,10,10,10,10,10,10,10,10,10,10,10,10,10,10,10,6,10,10,10,10,10,10,10,10,10,10,10,10,10,10,10,10
project/sim_ext.py --sim-time 1.5 --seq-graph project/file/graph_15_nodes.json --traffic project/file/traffic_15_nodes_net.json --inspection-rate 0.001 --mess-rate 0.002 --algorithm centflow,0.032185,10,10,10,10,10,10,10,10,10,10,10,10,10,10,10,10,10,10,10,10,10,10,10,10,10,10,10,6,10,10,10,10,10,10,10,10,10,10,10,10,10,10,10,10
project/sim_ext.py --sim-time 1.5 --seq-graph project/file/graph_15_nodes.json --traffic project/file/traffic_15_nodes_net.json --inspection-rate 0.001 --mess-rate 0.002 --algorithm centflow,0.033315,10,10,10,10,10,10,10,10,10,10,10,10,10,10,10,10,10,10,10,10,10,10,10,10,10,10,10,7,10,10,10,10,10,10,10,10,10,10,10,10,10,10,10,10
project/sim_ext.py --sim-time 1.5 --seq-graph project/file/graph_15_nodes.json --traffic project/file/traffic_15_nodes_net.json --inspection-rate 0.001 --mess-rate 0.002 --algorithm centflow,0.0343514660989407,10,10,10,10,10,10,10,10,10,10,10,10,10,10,10,10,10,10,10,10,10,10,10,10,10,10,10,9,10,10,10,10,10,10,10,10,10,10,10,10,10,10,10,10
project/sim_ext.py --sim-time 1.5 --seq-graph project/file/graph_15_nodes.json --traffic project/file/traffic_15_nodes_net.json --inspection-rate 0.001 --mess-rate 0.002 --algorithm centflow,0.035374,10,10,10,10,10,10,10,10,10,10,10,10,10,10,10,10,10,10,10,10,10,10,10,10,10,10,10,9,10,10,10,10,10,10,10,10,10,10,10,10,10,10,10,10
project/sim_ext.py --sim-time 1.5 --seq-graph project/file/graph_15_nodes.json --traffic project/file/traffic_15_nodes_net.json --inspection-rate 0.001 --mess-rate 0.002 --algorithm centflow,0.036431,10,10,10,10,10,10,10,10,10,10,10,10,10,10,10,10,10,10,10,10,10,10,10,10,10,10,10,9,10,10,10,10,10,10,10,10,10,10,10,10,10,10,10,10
project/sim_ext.py --sim-time 1.5 --seq-graph project/file/graph_15_nodes.json --traffic project/file/traffic_15_nodes_net.json --inspection-rate 0.001 --mess-rate 0.002 --algorithm centflow,0.037507436005744625,10,10,10,10,10,10,10,10,10,10,10,10,10,10,10,10,10,10,10,10,10,10,10,10,10,10,10,10,10,10,10,10,10,10,10,10,10,10,10,10,10,10,10,10
project/sim_ext.py --sim-time 1.5 --seq-graph project/file/graph_15_nodes.json --traffic project/file/traffic_15_nodes_net.json --inspection-rate 0.001 --mess-rate 0.002 --algorithm centflow,0.038514785108196926,10,10,10,10,10,10,10,10,10,10,10,10,10,10,10,10,10,10,10,10,10,10,10,10,10,10,10,10,10,10,10,10,10,10,10,10,10,10,10,10,10,10,10,10
project/sim_ext.py --sim-time 1.5 --seq-graph project/file/graph_15_nodes.json --traffic project/file/traffic_15_nodes_net.json --inspection-rate 0.001 --mess-rate 0.002 --algorithm centflow,0.03957224371842182,10,10,10,10,10,10,10,10,10,10,10,10,10,10,10,10,10,10,10,10,10,10,10,10,10,10,10,10,10,10,10,10,10,10,10,10,10,10,10,10,10,10,10,10
project/sim_ext.py --sim-time 1.5 --seq-graph project/file/graph_15_nodes.json --traffic project/file/traffic_15_nodes_net.json --inspection-rate 0.001 --mess-rate 0.002 --algorithm centflow,0.040591,10,10,10,10,10,10,10,10,10,10,10,10,10,10,10,10,10,10,10,10,10,10,10,10,10,10,10,10,10,10,10,10,10,10,10,10,10,10,10,10,10,10,10,10
project/sim_ext.py --sim-time 1.5 --seq-graph project/file/graph_15_nodes.json --traffic project/file/traffic_15_nodes_net.json --inspection-rate 0.001 --mess-rate 0.002 --algorithm centflow,0.041617,10,10,10,10,10,10,10,10,10,10,10,10,10,10,10,10,10,10,10,10,10,10,10,10,10,10,10,10,10,10,10,10,10,10,10,10,10,10,10,10,10,10,10,10
project/sim_ext.py --sim-time 1.5 --seq-graph project/file/graph_15_nodes.json --traffic project/file/traffic_15_nodes_net.json --inspection-rate 0.001 --mess-rate 0.002 --algorithm centflow,0.04265274616835371,10,10,10,10,10,10,10,10,10,10,10,10,10,10,10,10,10,10,10,10,10,10,10,10,10,10,10,10,10,10,10,10,10,10,10,10,10,10,10,10,10,10,10,10
project/sim_ext.py --sim-time 1.5 --seq-graph project/file/graph_15_nodes.json --traffic project/file/traffic_15_nodes_net.json --inspection-rate 0.001 --mess-rate 0.002 --algorithm centflow,0.043698,10,10,10,10,10,10,10,10,10,10,10,10,10,10,10,10,10,10,10,10,10,10,10,10,10,10,10,10,10,10,10,10,10,10,10,10,10,10,10,10,10,10,10,10
project/sim_ext.py --sim-time 1.5 --seq-graph project/file/graph_15_nodes.json --traffic project/file/traffic_15_nodes_net.json --inspection-rate 0.001 --mess-rate 0.002 --algorithm centflow,0.044707527623768284,10,10,10,10,10,10,10,10,10,10,10,10,10,10,10,10,10,10,10,10,10,10,10,10,10,10,10,10,10,10,10,10,10,10,10,10,10,10,10,10,10,10,10,10
project/sim_ext.py --sim-time 1.5 --seq-graph project/file/graph_15_nodes.json --traffic project/file/traffic_15_nodes_net.json --inspection-rate 0.001 --mess-rate 0.002 --algorithm centflow,0.045806,10,10,10,10,10,10,10,10,10,10,10,10,10,10,10,10,10,10,10,10,10,10,10,10,10,10,10,10,10,10,10,10,10,10,10,10,10,10,10,10,10,10,10,10
project/sim_ext.py --sim-time 1.5 --seq-graph project/file/graph_15_nodes.json --traffic project/file/traffic_15_nodes_net.json --inspection-rate 0.001 --mess-rate 0.002 --algorithm centflow,0.04695,10,10,10,10,10,10,10,10,10,10,10,10,10,10,10,10,10,10,10,10,10,10,10,10,10,10,10,10,10,10,10,10,10,10,10,10,10,10,10,10,10,10,10,10
project/sim_ext.py --sim-time 1.5 --seq-graph project/file/graph_15_nodes.json --traffic project/file/traffic_15_nodes_net.json --inspection-rate 0.001 --mess-rate 0.002 --algorithm centflow,0.047982,10,10,10,10,10,10,10,10,10,10,10,10,10,10,10,10,10,10,10,10,10,10,10,10,10,10,10,10,10,10,10,10,10,10,10,10,10,10,10,10,10,10,10,10
project/sim_ext.py --sim-time 1.5 --seq-graph project/file/graph_15_nodes.json --traffic project/file/traffic_15_nodes_net.json --inspection-rate 0.001 --mess-rate 0.002 --algorithm centflow,0.049144,10,10,10,10,10,10,10,10,10,10,10,10,10,10,10,10,10,10,10,10,10,10,10,10,10,10,10,10,10,10,10,10,10,10,10,10,10,10,10,10,10,10,10,10
project/sim_ext.py --sim-time 1.5 --seq-graph project/file/graph_15_nodes.json --traffic project/file/traffic_15_nodes_net.json --inspection-rate 0.001 --mess-rate 0.002 --algorithm centflow,0.050260000001,10,10,10,10,10,10,10,10,10,10,10,10,10,10,10,10,10,10,10,10,10,10,10,10,10,10,10,10,10,10,10,10,10,10,10,10,10,10,10,10,10,10,10,10
project/sim_ext.py --sim-time 1.5 --seq-graph project/file/graph_15_nodes.json --traffic project/file/traffic_15_nodes_net.json --inspection-rate 0.001 --mess-rate 0.002 --algorithm centflow,0.051503000001,10,10,10,10,10,10,10,10,10,10,10,10,10,10,10,10,10,10,10,10,10,10,10,10,10,10,10,10,10,10,10,10,10,10,10,10,10,10,10,10,10,10,10,10
project/sim_ext.py --sim-time 1.5 --seq-graph project/file/graph_15_nodes.json --traffic project/file/traffic_15_nodes_net.json --inspection-rate 0.001 --mess-rate 0.002 --algorithm centflow,0.052647000001,10,10,10,10,10,10,10,10,10,10,10,10,10,10,10,10,10,10,10,10,10,10,10,10,10,10,10,10,10,10,10,10,10,10,10,10,10,10,10,10,10,10,10,10
project/sim_ext.py --sim-time 1.5 --seq-graph project/file/graph_15_nodes.json --traffic project/file/traffic_15_nodes_net.json --inspection-rate 0.001 --mess-rate 0.002 --algorithm centflow,0.053911000001,10,10,10,10,10,10,10,10,10,10,10,10,10,10,10,10,10,10,10,10,10,10,10,10,10,10,10,10,10,10,10,10,10,10,10,10,10,10,10,10,10,10,10,10
project/sim_ext.py --sim-time 1.5 --seq-graph project/file/graph_15_nodes.json --traffic project/file/traffic_15_nodes_net.json --inspection-rate 0.001 --mess-rate 0.002 --algorithm centflow,0.054943000001,10,10,10,10,10,10,10,10,10,10,10,10,10,10,10,10,10,10,10,10,10,10,10,10,10,10,10,10,10,10,10,10,10,10,10,10,10,10,10,10,10,10,10,10
project/sim_ext.py --sim-time 1.5 --seq-graph project/file/graph_15_nodes.json --traffic project/file/traffic_15_nodes_net.json --inspection-rate 0.001 --mess-rate 0.002 --algorithm centflow,0.055971568846096574,10,10,10,10,10,10,10,10,10,10,10,10,10,10,10,10,10,10,10,10,10,10,10,10,10,10,10,10,10,10,10,10,10,10,10,10,10,10,10,10,10,10,10,10
project/sim_ext.py --sim-time 1.5 --seq-graph project/file/graph_15_nodes.json --traffic project/file/traffic_15_nodes_net.json --inspection-rate 0.001 --mess-rate 0.002 --algorithm centflow,0.057105000001,10,10,10,10,10,10,10,10,10,10,10,10,10,10,10,10,10,10,10,10,10,10,10,10,10,10,10,10,10,10,10,10,10,10,10,10,10,10,10,10,10,10,10,10
project/sim_ext.py --sim-time 1.5 --seq-graph project/file/graph_15_nodes.json --traffic project/file/traffic_15_nodes_net.json --inspection-rate 0.001 --mess-rate 0.002 --algorithm centflow,0.058880000001,10,10,10,10,10,10,10,10,10,10,10,10,10,10,10,10,10,10,10,10,10,10,10,10,10,10,10,10,10,10,10,10,10,10,10,10,10,10,10,10,10,10,10,10
project/sim_ext.py --sim-time 1.5 --seq-graph project/file/graph_15_nodes.json --traffic project/file/traffic_15_nodes_net.json --inspection-rate 0.001 --mess-rate 0.002 --algorithm centflow,0.06013334585961845,10,10,10,10,10,10,10,10,10,10,10,10,10,10,10,10,10,10,10,10,10,10,10,10,10,10,10,10,10,10,10,10,10,10,10,10,10,10,10,10,10,10,10,10
project/sim_ext.py --sim-time 1.5 --seq-graph project/file/graph_15_nodes.json --traffic project/file/traffic_15_nodes_net.json --inspection-rate 0.001 --mess-rate 0.002 --algorithm centflow,0.061162000001,10,10,10,10,10,10,10,10,10,10,10,10,10,10,10,10,10,10,10,10,10,10,10,10,10,10,10,10,10,10,10,10,10,10,10,10,10,10,10,10,10,10,10,10
project/sim_ext.py --sim-time 1.5 --seq-graph project/file/graph_15_nodes.json --traffic project/file/traffic_15_nodes_net.json --inspection-rate 0.001 --mess-rate 0.002 --algorithm centflow,0.062241000000999996,10,10,10,10,10,10,10,10,10,10,10,10,10,10,10,10,10,10,10,10,10,10,10,10,10,10,10,10,10,10,10,10,10,10,10,10,10,10,10,10,10,10,10,10
project/sim_ext.py --sim-time 1.5 --seq-graph project/file/graph_15_nodes.json --traffic project/file/traffic_15_nodes_net.json --inspection-rate 0.001 --mess-rate 0.002 --algorithm centflow,0.063462000001,10,10,10,10,10,10,10,10,10,10,10,10,10,10,10,10,10,10,10,10,10,10,10,10,10,10,10,10,10,10,10,10,10,10,10,10,10,10,10,10,10,10,10,10
project/sim_ext.py --sim-time 1.5 --seq-graph project/file/graph_15_nodes.json --traffic project/file/traffic_15_nodes_net.json --inspection-rate 0.001 --mess-rate 0.002 --algorithm centflow,0.06448558915254195,10,10,10,10,10,10,10,10,10,10,10,10,10,10,10,10,10,10,10,10,10,10,10,10,10,10,10,10,10,10,10,10,10,10,10,10,10,10,10,10,10,10,10,10
project/sim_ext.py --sim-time 1.5 --seq-graph project/file/graph_15_nodes.json --traffic project/file/traffic_15_nodes_net.json --inspection-rate 0.001 --mess-rate 0.002 --algorithm centflow,0.065492000001,10,10,10,10,10,10,10,10,10,10,10,10,10,10,10,10,10,10,10,10,10,10,10,10,10,10,10,10,10,10,10,10,10,10,10,10,10,10,10,10,10,10,10,10
project/sim_ext.py --sim-time 1.5 --seq-graph project/file/graph_15_nodes.json --traffic project/file/traffic_15_nodes_net.json --inspection-rate 0.001 --mess-rate 0.002 --algorithm centflow,0.066503000001,10,10,10,10,10,10,10,10,10,10,10,10,10,10,10,10,10,10,10,10,10,10,10,10,10,10,10,10,10,10,10,10,10,10,10,10,10,10,10,10,10,10,10,10
project/sim_ext.py --sim-time 1.5 --seq-graph project/file/graph_15_nodes.json --traffic project/file/traffic_15_nodes_net.json --inspection-rate 0.001 --mess-rate 0.002 --algorithm centflow,0.067838000001,10,10,10,10,10,10,10,10,10,10,10,10,10,10,10,10,10,10,10,10,10,10,10,10,10,10,10,10,10,10,10,10,10,10,10,10,10,10,10,10,10,10,10,10
project/sim_ext.py --sim-time 1.5 --seq-graph project/file/graph_15_nodes.json --traffic project/file/traffic_15_nodes_net.json --inspection-rate 0.001 --mess-rate 0.002 --algorithm centflow,0.069035000001,10,10,10,10,10,10,10,10,10,10,10,10,10,10,10,10,10,10,10,10,10,10,10,10,10,10,10,10,10,10,10,10,10,10,10,10,10,10,10,10,10,10,10,10
project/sim_ext.py --sim-time 1.5 --seq-graph project/file/graph_15_nodes.json --traffic project/file/traffic_15_nodes_net.json --inspection-rate 0.001 --mess-rate 0.002 --algorithm centflow,0.070316000001,10,10,10,10,10,10,10,10,10,10,10,10,10,10,10,10,10,10,10,10,10,10,10,10,10,10,10,10,10,10,10,10,10,10,10,10,10,10,10,10,10,10,10,10
project/sim_ext.py --sim-time 1.5 --seq-graph project/file/graph_15_nodes.json --traffic project/file/traffic_15_nodes_net.json --inspection-rate 0.001 --mess-rate 0.002 --algorithm centflow,0.071364000001,10,10,10,10,10,10,10,10,10,10,10,10,10,10,10,10,10,10,10,10,10,10,10,10,10,10,10,10,10,10,10,10,10,10,10,10,10,10,10,10,10,10,10,10
project/sim_ext.py --sim-time 1.5 --seq-graph project/file/graph_15_nodes.json --traffic project/file/traffic_15_nodes_net.json --inspection-rate 0.001 --mess-rate 0.002 --algorithm centflow,0.07265800000099999,10,10,10,10,10,10,10,10,10,10,10,10,10,10,10,10,10,10,10,10,10,10,10,10,10,10,10,10,10,10,10,10,10,10,10,10,10,10,10,10,10,10,10,10
project/sim_ext.py --sim-time 1.5 --seq-graph project/file/graph_15_nodes.json --traffic project/file/traffic_15_nodes_net.json --inspection-rate 0.001 --mess-rate 0.002 --algorithm centflow,0.07380954440365181,10,10,10,10,10,10,10,10,10,10,10,10,10,10,10,10,10,10,10,10,10,10,10,10,10,10,10,10,10,10,10,10,10,10,10,10,10,10,10,10,10,10,10,10
project/sim_ext.py --sim-time 1.5 --seq-graph project/file/graph_15_nodes.json --traffic project/file/traffic_15_nodes_net.json --inspection-rate 0.001 --mess-rate 0.002 --algorithm centflow,0.074949000001,10,10,10,10,10,10,10,10,10,10,10,10,10,10,10,10,10,10,10,10,10,10,10,10,10,10,10,10,10,10,10,10,10,10,10,10,10,10,10,10,10,10,10,10
project/sim_ext.py --sim-time 1.5 --seq-graph project/file/graph_15_nodes.json --traffic project/file/traffic_15_nodes_net.json --inspection-rate 0.001 --mess-rate 0.002 --algorithm centflow,0.076174000001,10,10,10,10,10,10,10,10,10,10,10,10,10,10,10,10,10,10,10,10,10,10,10,10,10,10,10,10,10,10,10,10,10,10,10,10,10,10,10,10,10,10,10,10
project/sim_ext.py --sim-time 1.5 --seq-graph project/file/graph_15_nodes.json --traffic project/file/traffic_15_nodes_net.json --inspection-rate 0.001 --mess-rate 0.002 --algorithm centflow,0.077228000001,10,10,10,10,10,10,10,10,10,10,10,10,10,10,10,10,10,10,10,10,10,10,10,10,10,10,10,10,10,10,10,10,10,10,10,10,10,10,10,10,10,10,10,10
project/sim_ext.py --sim-time 1.5 --seq-graph project/file/graph_15_nodes.json --traffic project/file/traffic_15_nodes_net.json --inspection-rate 0.001 --mess-rate 0.002 --algorithm centflow,0.078268000001,10,10,10,10,10,10,10,10,10,10,10,10,10,10,10,10,10,10,10,10,10,10,10,10,10,10,10,10,10,10,10,10,10,10,10,10,10,10,10,10,10,10,10,10
project/sim_ext.py --sim-time 1.5 --seq-graph project/file/graph_15_nodes.json --traffic project/file/traffic_15_nodes_net.json --inspection-rate 0.001 --mess-rate 0.002 --algorithm centflow,0.07943000000099999,10,10,10,10,10,10,10,10,10,10,10,10,10,10,10,10,10,10,10,10,10,10,10,10,10,10,10,10,10,10,10,10,10,10,10,10,10,10,10,10,10,10,10,10
project/sim_ext.py --sim-time 1.5 --seq-graph project/file/graph_15_nodes.json --traffic project/file/traffic_15_nodes_net.json --inspection-rate 0.001 --mess-rate 0.002 --algorithm centflow,0.080759000001,10,10,10,10,10,10,10,10,10,10,10,10,10,10,10,10,10,10,10,10,10,10,10,10,10,10,10,10,10,10,10,10,10,10,10,10,10,10,10,10,10,10,10,10
project/sim_ext.py --sim-time 1.5 --seq-graph project/file/graph_15_nodes.json --traffic project/file/traffic_15_nodes_net.json --inspection-rate 0.001 --mess-rate 0.002 --algorithm centflow,0.081840000001,10,10,10,10,10,10,10,10,10,10,10,10,10,10,10,10,10,10,10,10,10,10,10,10,10,10,10,10,10,10,10,10,10,10,10,10,10,10,10,10,10,10,10,10
project/sim_ext.py --sim-time 1.5 --seq-graph project/file/graph_15_nodes.json --traffic project/file/traffic_15_nodes_net.json --inspection-rate 0.001 --mess-rate 0.002 --algorithm centflow,0.0829680900711174,10,10,10,10,10,10,10,10,10,10,10,10,10,10,10,10,10,10,10,10,10,10,10,10,10,10,10,10,10,10,10,10,10,10,10,10,10,10,10,10,10,10,10,10
project/sim_ext.py --sim-time 1.5 --seq-graph project/file/graph_15_nodes.json --traffic project/file/traffic_15_nodes_net.json --inspection-rate 0.001 --mess-rate 0.002 --algorithm centflow,0.08410698122628467,10,10,10,10,10,10,10,10,10,10,10,10,10,10,10,10,10,10,10,10,10,10,10,10,10,10,10,10,10,10,10,10,10,10,10,10,10,10,10,10,10,10,10,10
project/sim_ext.py --sim-time 1.5 --seq-graph project/file/graph_15_nodes.json --traffic project/file/traffic_15_nodes_net.json --inspection-rate 0.001 --mess-rate 0.002 --algorithm centflow,0.085116000001,10,10,10,10,10,10,10,10,10,10,10,10,10,10,10,10,10,10,10,10,10,10,10,10,10,10,10,10,10,10,10,10,10,10,10,10,10,10,10,10,10,10,10,10
project/sim_ext.py --sim-time 1.5 --seq-graph project/file/graph_15_nodes.json --traffic project/file/traffic_15_nodes_net.json --inspection-rate 0.001 --mess-rate 0.002 --algorithm centflow,0.086170000001,10,10,10,10,10,10,10,10,10,10,10,10,10,10,10,10,10,10,10,10,10,10,10,10,10,10,10,10,10,10,10,10,10,10,10,10,10,10,10,10,10,10,10,10
project/sim_ext.py --sim-time 1.5 --seq-graph project/file/graph_15_nodes.json --traffic project/file/traffic_15_nodes_net.json --inspection-rate 0.001 --mess-rate 0.002 --algorithm centflow,0.087639000001,10,10,10,10,10,10,10,10,10,10,10,10,10,10,10,10,10,10,10,10,10,10,10,10,10,10,10,10,10,10,10,10,10,10,10,10,10,10,10,10,10,10,10,10
project/sim_ext.py --sim-time 1.5 --seq-graph project/file/graph_15_nodes.json --traffic project/file/traffic_15_nodes_net.json --inspection-rate 0.001 --mess-rate 0.002 --algorithm centflow,0.08895843469112436,10,10,10,10,10,10,10,10,10,10,10,10,10,10,10,10,10,10,10,10,10,10,10,10,10,10,10,10,10,10,10,10,10,10,10,10,10,10,10,10,10,10,10,10
project/sim_ext.py --sim-time 1.5 --seq-graph project/file/graph_15_nodes.json --traffic project/file/traffic_15_nodes_net.json --inspection-rate 0.001 --mess-rate 0.002 --algorithm centflow,0.08996300000099999,10,10,10,10,10,10,10,10,10,10,10,10,10,10,10,10,10,10,10,10,10,10,10,10,10,10,10,10,10,10,10,10,10,10,10,10,10,10,10,10,10,10,10,10
project/sim_ext.py --sim-time 1.5 --seq-graph project/file/graph_15_nodes.json --traffic project/file/traffic_15_nodes_net.json --inspection-rate 0.001 --mess-rate 0.002 --algorithm centflow,0.091021000001,10,10,10,10,10,10,10,10,10,10,10,10,10,10,10,10,10,10,10,10,10,10,10,10,10,10,10,10,10,10,10,10,10,10,10,10,10,10,10,10,10,10,10,10
project/sim_ext.py --sim-time 1.5 --seq-graph project/file/graph_15_nodes.json --traffic project/file/traffic_15_nodes_net.json --inspection-rate 0.001 --mess-rate 0.002 --algorithm centflow,0.09203924421185701,0,0,0,0,0,0,2,1,0,0,0,0,2,0,0,0,0,0,0,0,10,0,0,1,0,1,0,1,0,1,0,2,0,1,0,0,0,0,0,10,2,0,1,1
project/sim_ext.py --sim-time 1.5 --seq-graph project/file/graph_15_nodes.json --traffic project/file/traffic_15_nodes_net.json --inspection-rate 0.001 --mess-rate 0.002 --algorithm centflow,0.093052799997,1,0,0,0,1,0,0,3,1,0,0,0,0,2,0,0,2,3,0,0,10,2,0,0,0,0,0,0,0,0,0,3,1,0,0,0,1,0,0,10,1,0,0,0
project/sim_ext.py --sim-time 1.5 --seq-graph project/file/graph_15_nodes.json --traffic project/file/traffic_15_nodes_net.json --inspection-rate 0.001 --mess-rate 0.002 --algorithm centflow,0.094061799997,0,0,0,1,0,0,0,3,6,0,1,0,0,0,0,0,0,2,0,0,10,4,2,0,0,0,0,0,3,1,0,0,0,6,0,0,1,0,0,10,0,0,0,0
project/sim_ext.py --sim-time 1.5 --seq-graph project/file/graph_15_nodes.json --traffic project/file/traffic_15_nodes_net.json --inspection-rate 0.001 --mess-rate 0.002 --algorithm centflow,0.095072999997,0,3,0,4,1,0,0,5,10,0,0,1,0,2,0,0,5,0,0,1,10,2,10,0,0,3,0,0,0,0,1,0,0,0,0,0,2,0,5,10,1,0,2,1
project/sim_ext.py --sim-time 1.5 --seq-graph project/file/graph_15_nodes.json --traffic project/file/traffic_15_nodes_net.json --inspection-rate 0.001 --mess-rate 0.002 --algorithm centflow,0.096092799997,0,8,0,5,2,0,2,0,10,0,0,2,0,7,0,0,0,3,0,0,10,7,10,0,0,3,1,2,0,0,0,1,2,2,0,0,7,3,10,10,5,7,7,6
project/sim_ext.py --sim-time 1.5 --seq-graph project/file/graph_15_nodes.json --traffic project/file/traffic_15_nodes_net.json --inspection-rate 0.001 --mess-rate 0.002 --algorithm centflow,0.097113000001,0,10,0,10,4,0,2,1,10,0,2,2,0,8,1,0,0,0,1,3,10,9,10,2,0,3,1,4,1,0,0,0,4,5,0,1,10,5,10,10,10,10,10,10
project/sim_ext.py --sim-time 1.5 --seq-graph project/file/graph_15_nodes.json --traffic project/file/traffic_15_nodes_net.json --inspection-rate 0.001 --mess-rate 0.002 --algorithm centflow,0.09821437153413447,0,10,0,10,6,0,4,0,10,0,1,3,1,8,0,0,1,1,2,8,10,10,10,0,1,0,5,8,5,0,0,0,6,10,0,5,10,10,10,10,10,10,10,10
project/sim_ext.py --sim-time 1.5 --seq-graph project/file/graph_15_nodes.json --traffic project/file/traffic_15_nodes_net.json --inspection-rate 0.001 --mess-rate 0.002 --algorithm centflow,0.099222000001,0,10,2,10,6,0,5,0,10,0,1,5,1,8,0,2,4,0,0,8,10,10,10,1,0,2,9,10,7,0,0,0,9,10,0,0,10,10,10,10,10,10,10,10
project/sim_ext.py --sim-time 1.5 --seq-graph project/file/graph_15_nodes.json --traffic project/file/traffic_15_nodes_net.json --inspection-rate 0.001 --mess-rate 0.002 --algorithm centflow,0.100296000001,0,10,2,10,8,1,6,0,10,0,4,6,1,8,0,0,7,0,0,9,10,10,10,0,1,0,10,10,10,2,0,0,10,10,0,0,10,10,10,10,10,10,10,10
project/sim_ext.py --sim-time 1.5 --seq-graph project/file/graph_15_nodes.json --traffic project/file/traffic_15_nodes_net.json --inspection-rate 0.001 --mess-rate 0.002 --algorithm centflow,0.101314999996,0,10,7,10,10,0,10,2,10,0,5,6,1,8,2,0,7,0,0,9,10,10,10,0,0,0,10,10,10,0,2,0,10,10,3,1,10,10,10,10,10,10,10,10
project/sim_ext.py --sim-time 1.5 --seq-graph project/file/graph_15_nodes.json --traffic project/file/traffic_15_nodes_net.json --inspection-rate 0.001 --mess-rate 0.002 --algorithm centflow,0.10234000000099999,0,10,9,10,10,0,0,0,10,0,7,10,5,9,2,0,8,3,0,9,10,10,10,2,0,0,10,10,10,0,3,0,10,10,0,0,10,10,10,10,10,10,10,10
project/sim_ext.py --sim-time 1.5 --seq-graph project/file/graph_15_nodes.json --traffic project/file/traffic_15_nodes_net.json --inspection-rate 0.001 --mess-rate 0.002 --algorithm centflow,0.103456000001,0,10,10,10,10,0,0,2,10,0,9,10,9,9,3,0,9,4,0,10,10,10,10,2,0,0,10,10,10,0,0,0,10,10,0,0,10,10,10,10,10,10,10,10
project/sim_ext.py --sim-time 1.5 --seq-graph project/file/graph_15_nodes.json --traffic project/file/traffic_15_nodes_net.json --inspection-rate 0.001 --mess-rate 0.002 --algorithm centflow,0.104517000001,0,10,10,10,10,0,0,4,10,0,10,10,10,9,5,0,10,4,1,10,10,10,10,3,0,0,10,10,10,0,0,0,10,10,0,0,10,10,10,10,10,10,10,10
project/sim_ext.py --sim-time 1.5 --seq-graph project/file/graph_15_nodes.json --traffic project/file/traffic_15_nodes_net.json --inspection-rate 0.001 --mess-rate 0.002 --algorithm centflow,0.105638000001,0,10,10,10,10,0,0,0,10,0,10,10,10,9,7,0,10,5,0,10,10,10,10,5,0,1,10,10,10,2,2,0,10,10,0,0,10,10,10,10,10,10,10,10
project/sim_ext.py --sim-time 1.5 --seq-graph project/file/graph_15_nodes.json --traffic project/file/traffic_15_nodes_net.json --inspection-rate 0.001 --mess-rate 0.002 --algorithm centflow,0.106705000001,1,10,10,10,10,0,0,1,10,0,10,10,10,10,8,0,10,6,1,10,10,10,10,6,0,0,10,10,10,0,2,0,10,10,0,0,10,10,10,10,10,10,10,10
project/sim_ext.py --sim-time 1.5 --seq-graph project/file/graph_15_nodes.json --traffic project/file/traffic_15_nodes_net.json --inspection-rate 0.001 --mess-rate 0.002 --algorithm centflow,0.107791999997,0,10,10,10,10,0,0,0,10,0,10,10,10,10,10,0,10,7,0,10,10,10,10,8,0,0,10,10,10,0,7,0,10,10,0,1,10,10,10,10,10,10,10,10
project/sim_ext.py --sim-time 1.5 --seq-graph project/file/graph_15_nodes.json --traffic project/file/traffic_15_nodes_net.json --inspection-rate 0.001 --mess-rate 0.002 --algorithm centflow,0.108839000001,0,10,10,10,10,1,0,0,10,0,10,10,10,10,10,0,10,8,0,10,10,10,10,8,0,0,10,10,10,2,7,0,10,10,0,0,10,10,10,10,10,10,10,10
project/sim_ext.py --sim-time 1.5 --seq-graph project/file/graph_15_nodes.json --traffic project/file/traffic_15_nodes_net.json --inspection-rate 0.001 --mess-rate 0.002 --algorithm centflow,0.109885000001,0,10,10,10,10,3,4,0,10,1,10,10,10,10,10,0,10,9,0,10,10,10,10,10,0,1,10,10,10,0,8,1,10,10,0,0,10,10,10,10,10,10,10,10
project/sim_ext.py --sim-time 1.5 --seq-graph project/file/graph_15_nodes.json --traffic project/file/traffic_15_nodes_net.json --inspection-rate 0.001 --mess-rate 0.002 --algorithm centflow,0.11091269759800224,0,10,10,10,10,5,4,0,10,4,10,10,10,10,10,0,10,10,0,10,10,10,10,10,0,0,10,10,10,2,8,1,10,10,0,1,10,10,10,10,10,10,10,10
project/sim_ext.py --sim-time 1.5 --seq-graph project/file/graph_15_nodes.json --traffic project/file/traffic_15_nodes_net.json --inspection-rate 0.001 --mess-rate 0.002 --algorithm centflow,0.111921000001,0,10,10,10,10,5,7,4,10,4,10,10,10,10,10,0,10,10,0,10,10,10,10,10,1,0,10,10,10,3,9,0,10,10,0,0,10,10,10,10,10,10,10,10
project/sim_ext.py --sim-time 1.5 --seq-graph project/file/graph_15_nodes.json --traffic project/file/traffic_15_nodes_net.json --inspection-rate 0.001 --mess-rate 0.002 --algorithm centflow,0.112961000001,0,10,10,10,10,8,10,5,10,6,10,10,10,10,10,0,10,10,0,10,10,10,10,10,1,1,10,10,10,8,10,0,10,10,0,0,10,10,10,10,10,10,10,10
project/sim_ext.py --sim-time 1.5 --seq-graph project/file/graph_15_nodes.json --traffic project/file/traffic_15_nodes_net.json --inspection-rate 0.001 --mess-rate 0.002 --algorithm centflow,0.11424833587057362,0,10,10,10,10,10,10,7,10,6,10,10,10,10,10,1,10,10,2,10,10,10,10,10,2,1,10,10,10,10,10,0,10,10,3,0,10,10,10,10,10,10,10,10
project/sim_ext.py --sim-time 1.5 --seq-graph project/file/graph_15_nodes.json --traffic project/file/traffic_15_nodes_net.json --inspection-rate 0.001 --mess-rate 0.002 --algorithm centflow,0.115254000001,0,10,10,10,10,10,10,8,10,7,10,10,10,10,10,2,10,10,2,10,10,10,10,10,4,1,10,10,10,10,10,0,10,10,4,1,10,10,10,10,10,10,10,10
project/sim_ext.py --sim-time 1.5 --seq-graph project/file/graph_15_nodes.json --traffic project/file/traffic_15_nodes_net.json --inspection-rate 0.001 --mess-rate 0.002 --algorithm centflow,0.116344000001,1,10,10,10,10,10,10,9,10,9,10,10,10,10,10,2,10,10,3,10,10,10,10,10,4,2,10,10,10,10,10,0,10,10,6,0,10,10,10,10,10,10,10,10
project/sim_ext.py --sim-time 1.5 --seq-graph project/file/graph_15_nodes.json --traffic project/file/traffic_15_nodes_net.json --inspection-rate 0.001 --mess-rate 0.002 --algorithm centflow,0.11766000000099999,1,10,10,10,10,10,10,10,10,9,10,10,10,10,10,2,10,10,3,10,10,10,10,10,5,2,10,10,10,10,10,0,10,10,6,0,10,10,10,10,10,10,10,10
project/sim_ext.py --sim-time 1.5 --seq-graph project/file/graph_15_nodes.json --traffic project/file/traffic_15_nodes_net.json --inspection-rate 0.001 --mess-rate 0.002 --algorithm centflow,0.118669000001,2,10,10,10,10,10,10,10,10,10,10,10,10,10,10,3,10,10,4,10,10,10,10,10,6,3,10,10,10,10,10,0,10,10,6,0,10,10,10,10,10,10,10,10
project/sim_ext.py --sim-time 1.5 --seq-graph project/file/graph_15_nodes.json --traffic project/file/traffic_15_nodes_net.json --inspection-rate 0.001 --mess-rate 0.002 --algorithm centflow,0.119774000001,3,10,10,10,10,10,10,10,10,10,10,10,10,10,10,3,10,10,7,10,10,10,10,10,6,3,10,10,10,10,10,0,10,10,8,0,10,10,10,10,10,10,10,10
project/sim_ext.py --sim-time 1.5 --seq-graph project/file/graph_15_nodes.json --traffic project/file/traffic_15_nodes_net.json --inspection-rate 0.001 --mess-rate 0.002 --algorithm centflow,0.12087800000099999,4,10,10,10,10,10,10,10,10,10,10,10,10,10,10,3,10,10,8,10,10,10,10,10,8,3,10,10,10,10,10,1,10,10,9,0,10,10,10,10,10,10,10,10
project/sim_ext.py --sim-time 1.5 --seq-graph project/file/graph_15_nodes.json --traffic project/file/traffic_15_nodes_net.json --inspection-rate 0.001 --mess-rate 0.002 --algorithm centflow,0.121935999997,2,9,6,10,9,6,6,6,10,7,6,9,9,8,8,1,9,6,5,10,10,7,10,9,7,0,10,9,8,8,6,2,8,7,5,0,7,6,8,10,9,7,6,6
project/sim_ext.py --sim-time 1.5 --seq-graph project/file/graph_15_nodes.json --traffic project/file/traffic_15_nodes_net.json --inspection-rate 0.001 --mess-rate 0.002 --algorithm centflow,0.122940799997,2,0,1,0,0,0,0,0,5,1,3,0,0,0,0,1,0,1,0,0,10,0,1,0,0,0,0,0,0,0,0,0,0,3,0,0,0,0,0,10,0,2,0,1
project/sim_ext.py --sim-time 1.5 --seq-graph project/file/graph_15_nodes.json --traffic project/file/traffic_15_nodes_net.json --inspection-rate 0.001 --mess-rate 0.002 --algorithm centflow,0.12398974927559303,0,1,0,0,0,0,0,1,8,0,0,0,0,0,0,0,0,0,0,0,10,6,1,2,2,0,0,0,0,0,0,0,0,0,0,1,1,0,4,10,1,0,0,0
project/sim_ext.py --sim-time 1.5 --seq-graph project/file/graph_15_nodes.json --traffic project/file/traffic_15_nodes_net.json --inspection-rate 0.001 --mess-rate 0.002 --algorithm centflow,0.125088999997,1,5,0,4,0,0,0,0,10,1,1,1,1,1,3,0,0,0,0,0,10,2,10,1,0,0,0,1,0,1,1,0,0,1,1,0,2,1,0,10,0,0,1,0
project/sim_ext.py --sim-time 1.5 --seq-graph project/file/graph_15_nodes.json --traffic project/file/traffic_15_nodes_net.json --inspection-rate 0.001 --mess-rate 0.002 --algorithm centflow,0.126134399997,0,8,1,6,0,2,0,1,10,1,0,0,3,0,0,0,0,0,0,0,10,0,10,5,0,0,0,1,0,7,0,2,0,0,1,0,2,10,1,10,0,5,5,2
project/sim_ext.py --sim-time 1.5 --seq-graph project/file/graph_15_nodes.json --traffic project/file/traffic_15_nodes_net.json --inspection-rate 0.001 --mess-rate 0.002 --algorithm centflow,0.127150000001,0,10,10,8,0,0,6,1,10,0,2,1,7,1,0,0,0,2,0,0,10,8,10,0,0,0,2,2,4,0,2,0,2,5,3,0,9,10,5,10,3,0,9,8
project/sim_ext.py --sim-time 1.5 --seq-graph project/file/graph_15_nodes.json --traffic project/file/traffic_15_nodes_net.json --inspection-rate 0.001 --mess-rate 0.002 --algorithm centflow,0.128412000001,0,10,0,9,0,4,0,1,10,0,0,6,7,5,1,0,0,0,0,0,10,10,10,0,0,1,4,3,9,0,0,0,2,1,0,1,10,10,10,10,10,10,10,10
project/sim_ext.py --sim-time 1.5 --seq-graph project/file/graph_15_nodes.json --traffic project/file/traffic_15_nodes_net.json --inspection-rate 0.001 --mess-rate 0.002 --algorithm centflow,0.129451000001,0,10,2,10,0,6,0,5,10,0,0,7,9,7,0,0,1,1,0,0,10,10,10,0,0,0,5,3,10,0,0,0,4,7,0,1,10,10,10,10,10,10,10,10
project/sim_ext.py --sim-time 1.5 --seq-graph project/file/graph_15_nodes.json --traffic project/file/traffic_15_nodes_net.json --inspection-rate 0.001 --mess-rate 0.002 --algorithm centflow,0.13067155380574755,0,10,0,10,0,9,0,6,10,0,1,8,10,8,0,0,0,0,0,0,10,10,10,0,0,0,7,4,10,0,0,0,9,10,1,0,10,10,10,10,10,10,10,10
project/sim_ext.py --sim-time 1.5 --seq-graph project/file/graph_15_nodes.json --traffic project/file/traffic_15_nodes_net.json --inspection-rate 0.001 --mess-rate 0.002 --algorithm centflow,0.131849599997,0,10,2,10,3,0,1,0,10,0,3,10,10,8,0,0,2,0,0,3,10,10,10,0,0,0,9,8,10,0,0,0,10,10,3,0,10,10,10,10,10,10,10,10
project/sim_ext.py --sim-time 1.5 --seq-graph project/file/graph_15_nodes.json --traffic project/file/traffic_15_nodes_net.json --inspection-rate 0.001 --mess-rate 0.002 --algorithm centflow,0.132855000001,1,10,0,10,3,0,0,0,10,0,4,10,10,8,0,0,5,3,0,4,10,10,10,0,0,0,9,8,10,1,1,0,10,10,5,0,10,10,10,10,10,10,10,10
project/sim_ext.py --sim-time 1.5 --seq-graph project/file/graph_15_nodes.json --traffic project/file/traffic_15_nodes_net.json --inspection-rate 0.001 --mess-rate 0.002 --algorithm centflow,0.13392629038794912,0,10,3,10,4,5,3,0,10,0,4,10,10,8,0,0,6,0,0,5,10,10,10,0,0,0,10,10,10,2,1,0,10,10,8,0,10,10,10,10,10,10,10,10
project/sim_ext.py --sim-time 1.5 --seq-graph project/file/graph_15_nodes.json --traffic project/file/traffic_15_nodes_net.json --inspection-rate 0.001 --mess-rate 0.002 --algorithm centflow,0.13498507234567036,0,10,5,10,5,0,6,0,10,0,8,10,10,8,0,0,7,0,0,8,10,10,10,0,0,0,10,10,10,0,0,0,10,10,0,0,10,10,10,10,10,10,10,10
project/sim_ext.py --sim-time 1.5 --seq-graph project/file/graph_15_nodes.json --traffic project/file/traffic_15_nodes_net.json --inspection-rate 0.001 --mess-rate 0.002 --algorithm centflow,0.135986000001,0,10,7,10,6,0,7,1,10,0,10,10,10,8,2,0,10,0,0,8,10,10,10,0,0,1,10,10,10,0,0,2,10,10,0,0,10,10,10,10,10,10,10,10
project/sim_ext.py --sim-time 1.5 --seq-graph project/file/graph_15_nodes.json --traffic project/file/traffic_15_nodes_net.json --inspection-rate 0.001 --mess-rate 0.002 --algorithm centflow,0.136998000001,0,10,10,10,6,0,8,3,10,0,10,10,10,8,6,0,10,3,0,9,10,10,10,0,1,2,10,10,10,0,0,0,10,10,0,0,10,10,10,10,10,10,10,10
project/sim_ext.py --sim-time 1.5 --seq-graph project/file/graph_15_nodes.json --traffic project/file/traffic_15_nodes_net.json --inspection-rate 0.001 --mess-rate 0.002 --algorithm centflow,0.13816762737758648,0,10,10,10,8,6,0,0,10,0,10,10,10,10,6,0,10,9,0,10,10,10,10,1,1,3,10,10,10,0,1,2,10,10,0,0,10,10,10,10,10,10,10,10
project/sim_ext.py --sim-time 1.5 --seq-graph project/file/graph_15_nodes.json --traffic project/file/traffic_15_nodes_net.json --inspection-rate 0.001 --mess-rate 0.002 --algorithm centflow,0.13922658876583974,0,10,10,10,9,4,1,0,10,1,10,10,10,10,6,1,10,10,1,10,10,10,10,3,1,0,10,10,10,1,2,0,10,10,1,1,10,10,10,10,10,10,10,10
project/sim_ext.py --sim-time 1.5 --seq-graph project/file/graph_15_nodes.json --traffic project/file/traffic_15_nodes_net.json --inspection-rate 0.001 --mess-rate 0.002 --algorithm centflow,0.140313000001,0,10,10,10,10,1,6,0,10,1,10,10,10,10,6,0,10,10,2,10,10,10,10,3,1,0,10,10,10,2,2,1,10,10,4,0,10,10,10,10,10,10,10,10
project/sim_ext.py --sim-time 1.5 --seq-graph project/file/graph_15_nodes.json --traffic project/file/traffic_15_nodes_net.json --inspection-rate 0.001 --mess-rate 0.002 --algorithm centflow,0.14139358324151882,0,10,10,10,10,3,7,4,10,2,10,10,10,10,6,0,10,10,5,10,10,10,10,6,3,0,10,10,10,6,4,0,10,10,4,2,10,10,10,10,10,10,10,10
project/sim_ext.py --sim-time 1.5 --seq-graph project/file/graph_15_nodes.json --traffic project/file/traffic_15_nodes_net.json --inspection-rate 0.001 --mess-rate 0.002 --algorithm centflow,0.142543000001,1,10,10,10,10,5,10,5,10,2,10,10,10,10,7,0,10,10,6,10,10,10,10,8,3,0,10,10,10,7,5,0,10,10,0,0,10,10,10,10,10,10,10,10
project/sim_ext.py --sim-time 1.5 --seq-graph project/file/graph_15_nodes.json --traffic project/file/traffic_15_nodes_net.json --inspection-rate 0.001 --mess-rate 0.002 --algorithm centflow,0.143604199997,2,10,10,10,10,8,10,7,10,2,10,10,10,10,8,0,10,10,6,10,10,10,10,10,3,0,10,10,10,10,6,0,10,10,0,0,10,10,10,10,10,10,10,10
project/sim_ext.py --sim-time 1.5 --seq-graph project/file/graph_15_nodes.json --traffic project/file/traffic_15_nodes_net.json --inspection-rate 0.001 --mess-rate 0.002 --algorithm centflow,0.144644000001,3,10,10,10,10,10,10,9,10,2,10,10,10,10,10,0,10,10,7,10,10,10,10,10,4,0,10,10,10,10,8,0,10,10,0,0,10,10,10,10,10,10,10,10
project/sim_ext.py --sim-time 1.5 --seq-graph project/file/graph_15_nodes.json --traffic project/file/traffic_15_nodes_net.json --inspection-rate 0.001 --mess-rate 0.002 --algorithm centflow,0.145671399997,6,10,10,10,10,10,10,10,10,2,10,10,10,10,10,0,10,10,7,10,10,10,10,10,4,1,10,10,10,10,10,0,10,10,0,0,10,10,10,10,10,10,10,10
project/sim_ext.py --sim-time 1.5 --seq-graph project/file/graph_15_nodes.json --traffic project/file/traffic_15_nodes_net.json --inspection-rate 0.001 --mess-rate 0.002 --algorithm centflow,0.146713000001,6,10,10,10,10,10,10,10,10,3,10,10,10,10,10,0,10,10,8,10,10,10,10,10,5,0,10,10,10,10,10,0,10,10,0,0,10,10,10,10,10,10,10,10
project/sim_ext.py --sim-time 1.5 --seq-graph project/file/graph_15_nodes.json --traffic project/file/traffic_15_nodes_net.json --inspection-rate 0.001 --mess-rate 0.002 --algorithm centflow,0.147770000001,7,10,10,10,10,10,10,0,10,4,10,10,10,10,10,0,10,10,10,10,10,10,10,10,5,1,10,10,10,10,10,0,10,10,0,0,10,10,10,10,10,10,10,10
project/sim_ext.py --sim-time 1.5 --seq-graph project/file/graph_15_nodes.json --traffic project/file/traffic_15_nodes_net.json --inspection-rate 0.001 --mess-rate 0.002 --algorithm centflow,0.149053000001,9,10,10,10,10,10,10,1,10,6,10,10,10,10,10,0,10,10,10,10,10,10,10,10,7,0,10,10,10,10,10,0,10,10,0,3,10,10,10,10,10,10,10,10
project/sim_ext.py --sim-time 1.5 --seq-graph project/file/graph_15_nodes.json --traffic project/file/traffic_15_nodes_net.json --inspection-rate 0.001 --mess-rate 0.002 --algorithm centflow,0.15033913066368057,9,10,10,10,10,10,10,2,10,6,10,10,10,10,10,0,10,10,10,10,10,10,10,10,9,0,10,10,10,10,10,0,10,10,0,0,10,10,10,10,10,10,10,10
project/sim_ext.py --sim-time 1.5 --seq-graph project/file/graph_15_nodes.json --traffic project/file/traffic_15_nodes_net.json --inspection-rate 0.001 --mess-rate 0.002 --algorithm centflow,0.151377000001,9,10,10,10,10,10,10,0,10,7,10,10,10,10,10,0,10,10,10,10,10,10,10,10,10,0,10,10,10,10,10,0,10,10,0,0,10,10,10,10,10,10,10,10
project/sim_ext.py --sim-time 1.5 --seq-graph project/file/graph_15_nodes.json --traffic project/file/traffic_15_nodes_net.json --inspection-rate 0.001 --mess-rate 0.002 --algorithm centflow,0.152406000001,9,10,10,10,10,10,10,1,10,7,10,10,10,10,10,1,10,10,10,10,10,10,10,10,10,1,10,10,10,10,10,1,10,10,4,0,10,10,10,10,10,10,10,10
project/sim_ext.py --sim-time 1.5 --seq-graph project/file/graph_15_nodes.json --traffic project/file/traffic_15_nodes_net.json --inspection-rate 0.001 --mess-rate 0.002 --algorithm centflow,0.153417000001,9,10,10,10,10,10,10,2,10,7,10,10,10,10,10,1,10,10,10,10,10,10,10,10,10,1,10,10,10,10,10,0,10,10,7,1,10,10,10,10,10,10,10,10
project/sim_ext.py --sim-time 1.5 --seq-graph project/file/graph_15_nodes.json --traffic project/file/traffic_15_nodes_net.json --inspection-rate 0.001 --mess-rate 0.002 --algorithm centflow,0.154497000001,10,10,10,10,10,10,10,2,10,8,10,10,10,10,10,2,10,10,10,10,10,10,10,10,10,1,10,10,10,10,10,0,10,10,9,1,10,10,10,10,10,10,10,10
project/sim_ext.py --sim-time 1.5 --seq-graph project/file/graph_15_nodes.json --traffic project/file/traffic_15_nodes_net.json --inspection-rate 0.001 --mess-rate 0.002 --algorithm centflow,0.155771000001,10,10,10,10,10,10,10,4,10,10,10,10,10,10,10,3,10,10,10,10,10,10,10,10,10,3,10,10,10,10,10,0,10,10,9,4,10,10,10,10,10,10,10,10
project/sim_ext.py --sim-time 1.5 --seq-graph project/file/graph_15_nodes.json --traffic project/file/traffic_15_nodes_net.json --inspection-rate 0.001 --mess-rate 0.002 --algorithm centflow,0.156847000001,10,10,10,10,10,10,10,7,10,10,10,10,10,10,10,4,10,10,10,10,10,10,10,10,10,3,10,10,10,10,10,0,10,10,10,4,10,10,10,10,10,10,10,10
project/sim_ext.py --sim-time 1.5 --seq-graph project/file/graph_15_nodes.json --traffic project/file/traffic_15_nodes_net.json --inspection-rate 0.001 --mess-rate 0.002 --algorithm centflow,0.158287000001,10,10,10,10,10,10,10,10,10,10,10,10,10,10,10,7,10,10,10,10,10,10,10,10,10,3,10,10,10,10,10,0,10,10,10,5,10,10,10,10,10,10,10,10
project/sim_ext.py --sim-time 1.5 --seq-graph project/file/graph_15_nodes.json --traffic project/file/traffic_15_nodes_net.json --inspection-rate 0.001 --mess-rate 0.002 --algorithm centflow,0.159296999997,10,10,10,10,10,10,10,10,10,10,10,10,10,10,10,7,10,10,10,10,10,10,10,10,10,3,10,10,10,10,10,1,10,10,10,0,10,10,10,10,10,10,10,10
project/sim_ext.py --sim-time 1.5 --seq-graph project/file/graph_15_nodes.json --traffic project/file/traffic_15_nodes_net.json --inspection-rate 0.001 --mess-rate 0.002 --algorithm centflow,0.16036300000099998,10,10,10,10,10,10,10,10,10,10,10,10,10,10,10,7,10,10,10,10,10,10,10,10,10,3,10,10,10,10,10,1,10,10,10,0,10,10,10,10,10,10,10,10
project/sim_ext.py --sim-time 1.5 --seq-graph project/file/graph_15_nodes.json --traffic project/file/traffic_15_nodes_net.json --inspection-rate 0.001 --mess-rate 0.002 --algorithm centflow,0.161370000001,10,10,10,10,10,10,10,10,10,10,10,10,10,10,10,7,10,10,10,10,10,10,10,10,10,3,10,10,10,10,10,1,10,10,10,0,10,10,10,10,10,10,10,10
project/sim_ext.py --sim-time 1.5 --seq-graph project/file/graph_15_nodes.json --traffic project/file/traffic_15_nodes_net.json --inspection-rate 0.001 --mess-rate 0.002 --algorithm centflow,0.1624682007951596,10,10,10,10,10,10,10,10,10,10,10,10,10,10,10,8,10,10,10,10,10,10,10,10,10,4,10,10,10,10,10,0,10,10,10,0,10,10,10,10,10,10,10,10
project/sim_ext.py --sim-time 1.5 --seq-graph project/file/graph_15_nodes.json --traffic project/file/traffic_15_nodes_net.json --inspection-rate 0.001 --mess-rate 0.002 --algorithm centflow,0.163668199997,0,1,1,0,0,0,2,2,1,0,0,0,0,0,0,0,1,0,0,1,10,0,0,0,1,0,0,0,1,1,0,0,0,0,0,2,1,1,0,10,1,1,1,0
project/sim_ext.py --sim-time 1.5 --seq-graph project/file/graph_15_nodes.json --traffic project/file/traffic_15_nodes_net.json --inspection-rate 0.001 --mess-rate 0.002 --algorithm centflow,0.164743399997,1,0,0,0,1,0,0,2,1,1,0,0,0,0,1,0,1,0,0,1,10,0,4,0,0,0,0,0,1,0,1,2,0,0,0,0,0,0,2,10,0,0,0,2
project/sim_ext.py --sim-time 1.5 --seq-graph project/file/graph_15_nodes.json --traffic project/file/traffic_15_nodes_net.json --inspection-rate 0.001 --mess-rate 0.002 --algorithm centflow,0.165748199997,0,2,0,0,0,1,0,0,5,0,0,1,0,0,0,0,0,0,0,0,10,0,10,0,0,0,0,0,0,2,0,0,0,0,1,1,1,0,0,10,3,2,2,0
project/sim_ext.py --sim-time 1.5 --seq-graph project/file/graph_15_nodes.json --traffic project/file/traffic_15_nodes_net.json --inspection-rate 0.001 --mess-rate 0.002 --algorithm centflow,0.16674879999699999,0,7,1,2,0,4,0,1,10,0,0,0,0,0,0,0,0,0,0,0,10,0,10,0,0,0,0,3,0,0,0,0,0,1,0,3,1,2,0,10,0,3,0,4
project/sim_ext.py --sim-time 1.5 --seq-graph project/file/graph_15_nodes.json --traffic project/file/traffic_15_nodes_net.json --inspection-rate 0.001 --mess-rate 0.002 --algorithm centflow,0.16777825443757333,0,8,0,3,1,8,0,0,10,0,0,1,0,0,0,0,0,0,0,0,10,6,10,0,0,0,0,7,0,1,0,0,4,0,0,0,5,1,4,10,10,10,7,10
project/sim_ext.py --sim-time 1.5 --seq-graph project/file/graph_15_nodes.json --traffic project/file/traffic_15_nodes_net.json --inspection-rate 0.001 --mess-rate 0.002 --algorithm centflow,0.168871399997,0,10,1,4,1,9,0,3,10,0,3,0,5,0,0,0,0,0,0,0,10,10,10,1,1,0,3,8,2,0,0,0,6,2,0,1,10,10,10,10,10,10,10,10
project/sim_ext.py --sim-time 1.5 --seq-graph project/file/graph_15_nodes.json --traffic project/file/traffic_15_nodes_net.json --inspection-rate 0.001 --mess-rate 0.002 --algorithm centflow,0.169916000001,0,10,0,6,4,10,0,0,10,0,0,3,5,1,1,0,0,2,1,4,10,10,10,0,0,0,9,9,4,0,1,0,10,1,0,2,10,10,10,10,10,10,10,10
project/sim_ext.py --sim-time 1.5 --seq-graph project/file/graph_15_nodes.json --traffic project/file/traffic_15_nodes_net.json --inspection-rate 0.001 --mess-rate 0.002 --algorithm centflow,0.170949000001,0,10,3,8,5,10,1,0,10,0,1,3,5,2,1,0,0,0,0,7,10,10,10,0,0,0,10,10,7,0,2,0,10,8,0,2,10,10,10,10,10,10,10,10
project/sim_ext.py --sim-time 1.5 --seq-graph project/file/graph_15_nodes.json --traffic project/file/traffic_15_nodes_net.json --inspection-rate 0.001 --mess-rate 0.002 --algorithm centflow,0.17202243667934508,0,10,4,10,6,10,5,5,10,0,1,3,6,2,2,0,1,0,0,8,10,10,10,0,0,0,10,10,8,0,0,0,10,9,0,0,10,10,10,10,10,10,10,10
project/sim_ext.py --sim-time 1.5 --seq-graph project/file/graph_15_nodes.json --traffic project/file/traffic_15_nodes_net.json --inspection-rate 0.001 --mess-rate 0.002 --algorithm centflow,0.173040000001,0,10,5,10,6,10,0,0,10,0,4,8,7,3,3,0,4,0,1,10,10,10,10,2,0,1,10,10,10,0,0,0,10,10,0,0,10,10,10,10,10,10,10,10
project/sim_ext.py --sim-time 1.5 --seq-graph project/file/graph_15_nodes.json --traffic project/file/traffic_15_nodes_net.json --inspection-rate 0.001 --mess-rate 0.002 --algorithm centflow,0.174125000001,0,10,8,10,7,0,0,0,10,0,4,10,7,4,5,0,7,2,0,10,10,10,10,0,0,0,10,10,10,1,1,1,10,10,0,0,10,10,10,10,10,10,10,10
project/sim_ext.py --sim-time 1.5 --seq-graph project/file/graph_15_nodes.json --traffic project/file/traffic_15_nodes_net.json --inspection-rate 0.001 --mess-rate 0.002 --algorithm centflow,0.17526800000099998,0,10,10,10,8,0,8,0,10,0,10,10,7,4,5,0,10,0,0,10,10,10,10,0,0,0,10,10,10,3,3,0,10,10,1,0,10,10,10,10,10,10,10,10
project/sim_ext.py --sim-time 1.5 --seq-graph project/file/graph_15_nodes.json --traffic project/file/traffic_15_nodes_net.json --inspection-rate 0.001 --mess-rate 0.002 --algorithm centflow,0.176334000001,0,10,10,10,9,0,10,2,10,0,10,10,8,5,6,0,10,1,0,10,10,10,10,0,0,1,10,10,10,0,0,0,10,10,0,0,10,10,10,10,10,10,10,10
project/sim_ext.py --sim-time 1.5 --seq-graph project/file/graph_15_nodes.json --traffic project/file/traffic_15_nodes_net.json --inspection-rate 0.001 --mess-rate 0.002 --algorithm centflow,0.177370599997,0,10,10,10,10,0,10,0,10,0,10,10,8,5,7,1,10,6,0,10,10,10,10,3,0,1,10,10,10,1,2,1,10,10,0,0,10,10,10,10,10,10,10,10
project/sim_ext.py --sim-time 1.5 --seq-graph project/file/graph_15_nodes.json --traffic project/file/traffic_15_nodes_net.json --inspection-rate 0.001 --mess-rate 0.002 --algorithm centflow,0.178509000001,0,10,10,10,10,2,0,0,10,0,10,10,10,7,8,0,10,7,1,10,10,10,10,4,2,0,10,10,10,0,0,0,10,10,0,0,10,10,10,10,10,10,10,10
project/sim_ext.py --sim-time 1.5 --seq-graph project/file/graph_15_nodes.json --traffic project/file/traffic_15_nodes_net.json --inspection-rate 0.001 --mess-rate 0.002 --algorithm centflow,0.17955541031017455,0,10,10,10,10,6,0,2,10,0,10,10,10,8,8,0,10,10,0,10,10,10,10,4,3,1,10,10,10,0,0,0,10,10,0,0,10,10,10,10,10,10,10,10
project/sim_ext.py --sim-time 1.5 --seq-graph project/file/graph_15_nodes.json --traffic project/file/traffic_15_nodes_net.json --inspection-rate 0.001 --mess-rate 0.002 --algorithm centflow,0.180581000001,0,10,10,10,10,8,0,0,10,0,10,10,10,8,8,1,10,10,0,10,10,10,10,6,0,1,10,10,10,2,2,0,10,10,0,0,10,10,10,10,10,10,10,10
project/sim_ext.py --sim-time 1.5 --seq-graph project/file/graph_15_nodes.json --traffic project/file/traffic_15_nodes_net.json --inspection-rate 0.001 --mess-rate 0.002 --algorithm centflow,0.181681000001,0,10,10,10,10,10,2,3,10,0,10,10,10,8,10,0,10,10,0,10,10,10,10,6,0,0,10,10,10,3,2,0,10,10,0,0,10,10,10,10,10,10,10,10
project/sim_ext.py --sim-time 1.5 --seq-graph project/file/graph_15_nodes.json --traffic project/file/traffic_15_nodes_net.json --inspection-rate 0.001 --mess-rate 0.002 --algorithm centflow,0.182745000001,0,10,10,10,10,10,5,7,10,0,10,10,10,8,10,0,10,10,1,10,10,10,10,8,0,0,10,10,10,3,0,0,10,10,0,0,10,10,10,10,10,10,10,10
project/sim_ext.py --sim-time 1.5 --seq-graph project/file/graph_15_nodes.json --traffic project/file/traffic_15_nodes_net.json --inspection-rate 0.001 --mess-rate 0.002 --algorithm centflow,0.183856000001,0,10,10,10,10,0,9,8,10,0,10,10,10,8,10,0,10,10,5,10,10,10,10,10,2,0,10,10,10,3,0,0,10,10,0,0,10,10,10,10,10,10,10,10
project/sim_ext.py --sim-time 1.5 --seq-graph project/file/graph_15_nodes.json --traffic project/file/traffic_15_nodes_net.json --inspection-rate 0.001 --mess-rate 0.002 --algorithm centflow,0.1849523571032179,0,10,10,10,10,0,10,10,10,0,10,10,10,8,10,0,10,10,5,10,10,10,10,10,1,0,10,10,10,3,2,0,10,10,0,0,10,10,10,10,10,10,10,10
project/sim_ext.py --sim-time 1.5 --seq-graph project/file/graph_15_nodes.json --traffic project/file/traffic_15_nodes_net.json --inspection-rate 0.001 --mess-rate 0.002 --algorithm centflow,0.18598633734345463,0,10,10,10,10,0,10,10,10,1,10,10,10,8,10,0,10,10,7,10,10,10,10,10,1,0,10,10,10,4,2,0,10,10,0,0,10,10,10,10,10,10,10,10
project/sim_ext.py --sim-time 1.5 --seq-graph project/file/graph_15_nodes.json --traffic project/file/traffic_15_nodes_net.json --inspection-rate 0.001 --mess-rate 0.002 --algorithm centflow,0.186990000001,0,10,10,10,10,0,10,10,10,2,10,10,10,9,10,0,10,10,8,10,10,10,10,10,1,0,10,10,10,5,2,0,10,10,0,0,10,10,10,10,10,10,10,10
project/sim_ext.py --sim-time 1.5 --seq-graph project/file/graph_15_nodes.json --traffic project/file/traffic_15_nodes_net.json --inspection-rate 0.001 --mess-rate 0.002 --algorithm centflow,0.188162000001,0,10,10,10,10,2,10,10,10,3,10,10,10,10,10,0,10,10,9,10,10,10,10,10,2,0,10,10,10,7,4,1,10,10,0,0,10,10,10,10,10,10,10,10
project/sim_ext.py --sim-time 1.5 --seq-graph project/file/graph_15_nodes.json --traffic project/file/traffic_15_nodes_net.json --inspection-rate 0.001 --mess-rate 0.002 --algorithm centflow,0.189223399997,0,10,10,10,10,5,10,10,10,5,10,10,10,10,10,0,10,10,10,10,10,10,10,10,2,0,10,10,10,10,4,0,10,10,0,0,10,10,10,10,10,10,10,10
project/sim_ext.py --sim-time 1.5 --seq-graph project/file/graph_15_nodes.json --traffic project/file/traffic_15_nodes_net.json --inspection-rate 0.001 --mess-rate 0.002 --algorithm centflow,0.19025126481384633,0,10,10,10,10,10,10,10,10,5,10,10,10,10,10,1,10,10,10,10,10,10,10,10,3,0,10,10,10,10,4,0,10,10,1,1,10,10,10,10,10,10,10,10
project/sim_ext.py --sim-time 1.5 --seq-graph project/file/graph_15_nodes.json --traffic project/file/traffic_15_nodes_net.json --inspection-rate 0.001 --mess-rate 0.002 --algorithm centflow,0.19125447663735715,1,10,10,10,10,10,10,10,10,7,10,10,10,10,10,1,10,10,10,10,10,10,10,10,3,0,10,10,10,10,5,0,10,10,2,2,10,10,10,10,10,10,10,10
project/sim_ext.py --sim-time 1.5 --seq-graph project/file/graph_15_nodes.json --traffic project/file/traffic_15_nodes_net.json --inspection-rate 0.001 --mess-rate 0.002 --algorithm centflow,0.192293000001,3,10,10,10,10,10,10,10,10,8,10,10,10,10,10,1,10,10,10,10,10,10,10,10,4,0,10,10,10,10,5,0,10,10,0,2,10,10,10,10,10,10,10,10
project/sim_ext.py --sim-time 1.5 --seq-graph project/file/graph_15_nodes.json --traffic project/file/traffic_15_nodes_net.json --inspection-rate 0.001 --mess-rate 0.002 --algorithm centflow,0.193341000001,3,10,10,10,10,10,10,10,10,8,10,10,10,10,10,2,10,10,10,10,10,10,10,10,4,0,10,10,10,10,6,0,10,10,0,4,10,10,10,10,10,10,10,10
project/sim_ext.py --sim-time 1.5 --seq-graph project/file/graph_15_nodes.json --traffic project/file/traffic_15_nodes_net.json --inspection-rate 0.001 --mess-rate 0.002 --algorithm centflow,0.194409599997,1,0,1,1,0,0,0,1,0,0,3,0,0,2,0,0,0,0,0,0,10,0,0,0,0,6,0,0,0,2,0,0,0,0,0,0,0,0,0,10,1,0,1,0
project/sim_ext.py --sim-time 1.5 --seq-graph project/file/graph_15_nodes.json --traffic project/file/traffic_15_nodes_net.json --inspection-rate 0.001 --mess-rate 0.002 --algorithm centflow,0.195420799997,2,0,0,1,0,0,1,1,2,0,0,3,0,1,2,0,0,0,0,0,10,1,0,0,3,6,1,0,1,0,0,0,0,0,0,1,0,0,1,10,1,0,0,0
project/sim_ext.py --sim-time 1.5 --seq-graph project/file/graph_15_nodes.json --traffic project/file/traffic_15_nodes_net.json --inspection-rate 0.001 --mess-rate 0.002 --algorithm centflow,0.196448999997,0,0,1,1,0,0,3,0,7,0,2,0,0,0,0,1,0,0,1,0,10,0,1,1,3,0,1,0,0,0,0,0,1,7,3,2,0,3,0,10,0,4,0,1
project/sim_ext.py --sim-time 1.5 --seq-graph project/file/graph_15_nodes.json --traffic project/file/traffic_15_nodes_net.json --inspection-rate 0.001 --mess-rate 0.002 --algorithm centflow,0.197452000001,0,6,0,3,0,2,0,0,10,3,0,0,1,0,0,0,2,0,1,0,10,3,6,0,0,2,2,0,1,0,0,0,4,0,0,2,0,6,1,10,2,2,1,1
project/sim_ext.py --sim-time 1.5 --seq-graph project/file/graph_15_nodes.json --traffic project/file/traffic_15_nodes_net.json --inspection-rate 0.001 --mess-rate 0.002 --algorithm centflow,0.198509799997,0,10,0,6,4,0,2,1,10,0,0,3,5,0,0,0,0,0,0,2,10,7,9,1,0,0,4,0,0,2,0,0,5,0,2,2,4,10,3,10,8,8,6,9
project/sim_ext.py --sim-time 1.5 --seq-graph project/file/graph_15_nodes.json --traffic project/file/traffic_15_nodes_net.json --inspection-rate 0.001 --mess-rate 0.002 --algorithm centflow,0.199552999997,0,10,0,9,10,0,4,0,10,0,0,0,5,2,0,0,5,0,0,0,10,10,10,0,0,0,6,4,0,1,0,0,10,0,0,4,10,10,10,10,10,10,10,10
project/sim_ext.py --sim-time 1.5 --seq-graph project/file/graph_15_nodes.json --traffic project/file/traffic_15_nodes_net.json --inspection-rate 0.001 --mess-rate 0.002 --algorithm centflow,0.200685799997,0,10,0,10,10,0,9,0,10,0,1,1,7,5,0,3,1,1,0,0,10,10,10,0,0,0,9,5,3,0,0,0,10,0,0,0,10,10,10,10,10,10,10,10
project/sim_ext.py --sim-time 1.5 --seq-graph project/file/graph_15_nodes.json --traffic project/file/traffic_15_nodes_net.json --inspection-rate 0.001 --mess-rate 0.002 --algorithm centflow,0.20171567750476246,0,10,0,10,10,0,0,0,10,0,4,3,10,8,0,0,3,0,0,0,10,10,10,1,0,0,10,5,7,0,0,0,10,0,0,0,10,10,10,10,10,10,10,10
project/sim_ext.py --sim-time 1.5 --seq-graph project/file/graph_15_nodes.json --traffic project/file/traffic_15_nodes_net.json --inspection-rate 0.001 --mess-rate 0.002 --algorithm centflow,0.202747000001,0,10,0,10,10,0,3,2,10,0,6,4,10,8,0,0,4,0,0,0,10,10,10,2,2,0,10,5,10,0,0,0,10,5,0,0,10,10,10,10,10,10,10,10
project/sim_ext.py --sim-time 1.5 --seq-graph project/file/graph_15_nodes.json --traffic project/file/traffic_15_nodes_net.json --inspection-rate 0.001 --mess-rate 0.002 --algorithm centflow,0.203818000001,0,10,0,10,10,0,7,0,10,0,7,5,10,8,0,0,9,0,1,1,10,10,10,4,0,1,10,7,10,0,2,0,10,10,0,0,10,10,10,10,10,10,10,10
project/sim_ext.py --sim-time 1.5 --seq-graph project/file/graph_15_nodes.json --traffic project/file/traffic_15_nodes_net.json --inspection-rate 0.001 --mess-rate 0.002 --algorithm centflow,0.204861000001,0,10,3,10,10,1,9,0,10,0,7,6,10,8,0,0,10,0,0,3,10,10,10,0,0,0,10,9,10,0,0,0,10,10,1,0,10,10,10,10,10,10,10,10
project/sim_ext.py --sim-time 1.5 --seq-graph project/file/graph_15_nodes.json --traffic project/file/traffic_15_nodes_net.json --inspection-rate 0.001 --mess-rate 0.002 --algorithm centflow,0.205885000001,0,10,6,10,10,0,5,0,10,0,10,6,10,10,2,1,10,1,0,3,10,10,10,0,2,0,10,9,10,0,0,0,10,10,4,0,10,10,10,10,10,10,10,10
project/sim_ext.py --sim-time 1.5 --seq-graph project/file/graph_15_nodes.json --traffic project/file/traffic_15_nodes_net.json --inspection-rate 0.001 --mess-rate 0.002 --algorithm centflow,0.206930000001,1,10,9,10,10,1,0,0,10,0,10,8,10,10,2,0,10,0,0,4,10,10,10,0,0,0,10,9,10,0,1,0,10,10,6,0,10,10,10,10,10,10,10,10
project/sim_ext.py --sim-time 1.5 --seq-graph project/file/graph_15_nodes.json --traffic project/file/traffic_15_nodes_net.json --inspection-rate 0.001 --mess-rate 0.002 --algorithm centflow,0.208051000001,2,10,10,10,10,2,0,0,10,0,10,10,10,10,3,0,10,1,0,4,10,10,10,0,0,0,10,10,10,2,0,1,10,10,7,0,10,10,10,10,10,10,10,10
project/sim_ext.py --sim-time 1.5 --seq-graph project/file/graph_15_nodes.json --traffic project/file/traffic_15_nodes_net.json --inspection-rate 0.001 --mess-rate 0.002 --algorithm centflow,0.209094000001,3,10,10,10,10,5,0,3,10,1,10,10,10,10,6,0,10,3,0,4,10,10,10,1,0,0,10,10,10,3,0,0,10,10,0,1,10,10,10,10,10,10,10,10
project/sim_ext.py --sim-time 1.5 --seq-graph project/file/graph_15_nodes.json --traffic project/file/traffic_15_nodes_net.json --inspection-rate 0.001 --mess-rate 0.002 --algorithm centflow,0.21009920252259748,4,10,10,10,10,8,0,5,10,1,10,10,10,10,7,0,10,6,1,4,10,10,10,1,1,0,10,10,10,0,0,0,10,10,0,0,10,10,10,10,10,10,10,10
project/sim_ext.py --sim-time 1.5 --seq-graph project/file/graph_15_nodes.json --traffic project/file/traffic_15_nodes_net.json --inspection-rate 0.001 --mess-rate 0.002 --algorithm centflow,0.21111656764309691,5,10,10,10,10,10,0,0,10,2,10,10,10,10,7,0,10,8,0,6,10,10,10,2,0,0,10,10,10,1,1,0,10,10,0,0,10,10,10,10,10,10,10,10
project/sim_ext.py --sim-time 1.5 --seq-graph project/file/graph_15_nodes.json --traffic project/file/traffic_15_nodes_net.json --inspection-rate 0.001 --mess-rate 0.002 --algorithm centflow,0.212159000001,6,10,10,10,10,10,3,3,10,3,10,10,10,10,8,0,10,10,0,8,10,10,10,4,0,0,10,10,10,4,0,0,10,10,4,0,10,10,10,10,10,10,10,10
project/sim_ext.py --sim-time 1.5 --seq-graph project/file/graph_15_nodes.json --traffic project/file/traffic_15_nodes_net.json --inspection-rate 0.001 --mess-rate 0.002 --algorithm centflow,0.21332496914980384,8,10,10,10,10,10,4,8,10,3,10,10,10,10,8,0,10,10,0,8,10,10,10,5,1,0,10,10,10,5,2,0,10,10,5,0,10,10,10,10,10,10,10,10
project/sim_ext.py --sim-time 1.5 --seq-graph project/file/graph_15_nodes.json --traffic project/file/traffic_15_nodes_net.json --inspection-rate 0.001 --mess-rate 0.002 --algorithm centflow,0.214389000001,8,10,10,10,10,10,6,10,10,3,10,10,10,10,9,0,10,10,1,9,10,10,10,6,2,0,10,10,10,8,5,1,10,10,6,0,10,10,10,10,10,10,10,10
project/sim_ext.py --sim-time 1.5 --seq-graph project/file/graph_15_nodes.json --traffic project/file/traffic_15_nodes_net.json --inspection-rate 0.001 --mess-rate 0.002 --algorithm centflow,0.21542600000099998,8,10,10,10,10,10,9,0,10,4,10,10,10,10,10,0,10,10,1,10,10,10,10,7,5,0,10,10,10,9,7,0,10,10,0,0,10,10,10,10,10,10,10,10
project/sim_ext.py --sim-time 1.5 --seq-graph project/file/graph_15_nodes.json --traffic project/file/traffic_15_nodes_net.json --inspection-rate 0.001 --mess-rate 0.002 --algorithm centflow,0.21649158503040927,9,10,10,10,10,10,10,1,10,4,10,10,10,10,10,0,10,10,4,10,10,10,10,8,6,0,10,10,10,10,8,0,10,10,0,0,10,10,10,10,10,10,10,10
project/sim_ext.py --sim-time 1.5 --seq-graph project/file/graph_15_nodes.json --traffic project/file/traffic_15_nodes_net.json --inspection-rate 0.001 --mess-rate 0.002 --algorithm centflow,0.21753700000099999,9,10,10,10,10,10,10,6,10,5,10,10,10,10,10,0,10,10,4,10,10,10,10,8,7,0,10,10,10,10,8,0,10,10,0,0,10,10,10,10,10,10,10,10
project/sim_ext.py --sim-time 1.5 --seq-graph project/file/graph_15_nodes.json --traffic project/file/traffic_15_nodes_net.json --inspection-rate 0.001 --mess-rate 0.002 --algorithm centflow,0.21874776761163056,10,10,10,10,10,10,10,7,10,7,10,10,10,10,10,0,10,10,6,10,10,10,10,10,10,0,10,10,10,10,8,0,10,10,0,1,10,10,10,10,10,10,10,10
project/sim_ext.py --sim-time 1.5 --seq-graph project/file/graph_15_nodes.json --traffic project/file/traffic_15_nodes_net.json --inspection-rate 0.001 --mess-rate 0.002 --algorithm centflow,0.219786000001,10,10,10,10,10,10,10,10,10,7,10,10,10,10,10,0,10,10,7,10,10,10,10,10,10,0,10,10,10,10,10,0,10,10,0,0,10,10,10,10,10,10,10,10
project/sim_ext.py --sim-time 1.5 --seq-graph project/file/graph_15_nodes.json --traffic project/file/traffic_15_nodes_net.json --inspection-rate 0.001 --mess-rate 0.002 --algorithm centflow,0.22081000000099998,10,10,10,10,10,10,10,10,10,7,10,10,10,10,10,0,10,10,9,10,10,10,10,10,10,0,10,10,10,10,10,1,10,10,0,0,10,10,10,10,10,10,10,10
project/sim_ext.py --sim-time 1.5 --seq-graph project/file/graph_15_nodes.json --traffic project/file/traffic_15_nodes_net.json --inspection-rate 0.001 --mess-rate 0.002 --algorithm centflow,0.221815000001,10,10,10,10,10,10,10,10,10,7,10,10,10,10,10,1,10,10,10,10,10,10,10,10,10,1,10,10,10,10,10,0,10,10,0,0,10,10,10,10,10,10,10,10
project/sim_ext.py --sim-time 1.5 --seq-graph project/file/graph_15_nodes.json --traffic project/file/traffic_15_nodes_net.json --inspection-rate 0.001 --mess-rate 0.002 --algorithm centflow,0.22289020823792718,10,10,10,10,10,10,10,10,10,7,10,10,10,10,10,1,10,10,10,10,10,10,10,10,10,0,10,10,10,10,10,0,10,10,0,2,10,10,10,10,10,10,10,10
project/sim_ext.py --sim-time 1.5 --seq-graph project/file/graph_15_nodes.json --traffic project/file/traffic_15_nodes_net.json --inspection-rate 0.001 --mess-rate 0.002 --algorithm centflow,0.223949000001,10,10,10,10,10,10,10,10,10,8,10,10,10,10,10,3,10,10,10,10,10,10,10,10,10,0,10,10,10,10,10,0,10,10,2,2,10,10,10,10,10,10,10,10
project/sim_ext.py --sim-time 1.5 --seq-graph project/file/graph_15_nodes.json --traffic project/file/traffic_15_nodes_net.json --inspection-rate 0.001 --mess-rate 0.002 --algorithm centflow,0.224954599997,0,4,1,8,0,0,1,1,1,0,0,0,1,1,0,0,0,0,1,0,10,0,0,4,0,0,1,0,0,0,2,1,7,1,0,0,0,0,0,10,0,0,0,0
project/sim_ext.py --sim-time 1.5 --seq-graph project/file/graph_15_nodes.json --traffic project/file/traffic_15_nodes_net.json --inspection-rate 0.001 --mess-rate 0.002 --algorithm centflow,0.22597300000099999,0,0,0,4,1,0,3,0,0,0,2,0,0,0,0,0,0,2,0,0,10,0,0,0,0,0,0,0,1,0,7,0,0,0,0,0,3,0,0,10,0,0,0,3
project/sim_ext.py --sim-time 1.5 --seq-graph project/file/graph_15_nodes.json --traffic project/file/traffic_15_nodes_net.json --inspection-rate 0.001 --mess-rate 0.002 --algorithm centflow,0.227008999997,0,3,0,3,0,1,0,2,8,0,1,0,0,0,0,0,0,0,0,3,10,3,10,0,0,0,0,0,2,0,0,0,0,0,0,0,0,1,0,10,3,1,0,0
project/sim_ext.py --sim-time 1.5 --seq-graph project/file/graph_15_nodes.json --traffic project/file/traffic_15_nodes_net.json --inspection-rate 0.001 --mess-rate 0.002 --algorithm centflow,0.228039399997,0,9,0,5,1,0,2,0,10,0,0,0,1,0,0,2,0,0,0,3,10,0,10,0,0,0,1,0,0,0,2,0,4,0,0,1,3,6,0,10,6,0,2,9
project/sim_ext.py --sim-time 1.5 --seq-graph project/file/graph_15_nodes.json --traffic project/file/traffic_15_nodes_net.json --inspection-rate 0.001 --mess-rate 0.002 --algorithm centflow,0.22924479999699998,0,10,1,10,3,0,0,0,10,0,0,2,5,2,0,0,0,3,0,0,10,1,10,0,0,0,4,3,0,0,0,0,8,0,2,1,10,10,3,10,10,1,4,8
project/sim_ext.py --sim-time 1.5 --seq-graph project/file/graph_15_nodes.json --traffic project/file/traffic_15_nodes_net.json --inspection-rate 0.001 --mess-rate 0.002 --algorithm centflow,0.230334000001,0,10,2,10,5,0,0,0,10,0,0,1,6,6,0,0,0,8,0,0,10,3,10,0,0,0,7,5,0,0,0,0,10,6,0,2,10,10,9,10,10,10,10,9
project/sim_ext.py --sim-time 1.5 --seq-graph project/file/graph_15_nodes.json --traffic project/file/traffic_15_nodes_net.json --inspection-rate 0.001 --mess-rate 0.002 --algorithm centflow,0.231412199997,0,10,0,10,7,1,2,3,10,0,1,4,9,8,0,0,0,0,0,0,10,8,10,0,1,0,10,10,1,0,0,0,10,8,0,3,10,10,10,10,10,10,10,10
project/sim_ext.py --sim-time 1.5 --seq-graph project/file/graph_15_nodes.json --traffic project/file/traffic_15_nodes_net.json --inspection-rate 0.001 --mess-rate 0.002 --algorithm centflow,0.232476000001,0,10,3,10,8,0,4,2,10,0,2,6,9,9,0,0,2,0,0,2,10,10,10,0,0,0,10,10,3,0,0,0,10,10,0,0,10,10,10,10,10,10,10,10
project/sim_ext.py --sim-time 1.5 --seq-graph project/file/graph_15_nodes.json --traffic project/file/traffic_15_nodes_net.json --inspection-rate 0.001 --mess-rate 0.002 --algorithm centflow,0.233564799997,0,10,0,10,8,5,3,0,10,0,3,10,9,10,0,0,3,1,0,7,10,10,10,0,0,0,10,10,3,0,2,0,10,10,1,1,10,10,10,10,10,10,10,10
project/sim_ext.py --sim-time 1.5 --seq-graph project/file/graph_15_nodes.json --traffic project/file/traffic_15_nodes_net.json --inspection-rate 0.001 --mess-rate 0.002 --algorithm centflow,0.23456486872182272,1,10,0,10,9,0,1,0,10,0,9,10,9,10,0,0,5,0,0,8,10,10,10,0,0,0,10,10,6,4,0,0,10,10,2,2,10,10,10,10,10,10,10,10
project/sim_ext.py --sim-time 1.5 --seq-graph project/file/graph_15_nodes.json --traffic project/file/traffic_15_nodes_net.json --inspection-rate 0.001 --mess-rate 0.002 --algorithm centflow,0.23570019999699998,0,10,0,10,9,3,0,0,10,1,10,10,10,10,1,0,7,0,0,10,10,10,10,1,0,0,10,10,10,5,0,0,10,10,2,2,10,10,10,10,10,10,10,10
project/sim_ext.py --sim-time 1.5 --seq-graph project/file/graph_15_nodes.json --traffic project/file/traffic_15_nodes_net.json --inspection-rate 0.001 --mess-rate 0.002 --algorithm centflow,0.236707199997,0,10,3,10,9,7,0,0,10,0,10,10,10,10,3,1,7,1,0,10,10,10,10,0,0,0,10,10,10,1,2,0,10,10,0,0,10,10,10,10,10,10,10,10
project/sim_ext.py --sim-time 1.5 --seq-graph project/file/graph_15_nodes.json --traffic project/file/traffic_15_nodes_net.json --inspection-rate 0.001 --mess-rate 0.002 --algorithm centflow,0.23771800335408252,0,10,9,10,10,0,0,0,10,0,10,10,10,10,4,1,9,0,0,10,10,10,10,3,0,1,10,10,10,0,0,0,10,10,0,0,10,10,10,10,10,10,10,10
project/sim_ext.py --sim-time 1.5 --seq-graph project/file/graph_15_nodes.json --traffic project/file/traffic_15_nodes_net.json --inspection-rate 0.001 --mess-rate 0.002 --algorithm centflow,0.238805000001,1,10,9,10,10,0,0,4,10,0,10,10,10,10,7,0,10,0,0,10,10,10,10,4,0,2,10,10,10,2,0,0,10,10,0,0,10,10,10,10,10,10,10,10
project/sim_ext.py --sim-time 1.5 --seq-graph project/file/graph_15_nodes.json --traffic project/file/traffic_15_nodes_net.json --inspection-rate 0.001 --mess-rate 0.002 --algorithm centflow,0.2398612876752831,0,10,10,10,10,5,0,0,10,1,10,10,10,10,8,0,10,0,1,10,10,10,10,6,0,2,10,10,10,0,0,0,10,10,0,0,10,10,10,10,10,10,10,10
project/sim_ext.py --sim-time 1.5 --seq-graph project/file/graph_15_nodes.json --traffic project/file/traffic_15_nodes_net.json --inspection-rate 0.001 --mess-rate 0.002 --algorithm centflow,0.24092900000099998,0,10,10,10,10,9,0,0,10,2,10,10,10,10,10,0,10,0,0,10,10,10,10,7,1,0,10,10,10,0,0,0,10,10,0,0,10,10,10,10,10,10,10,10
project/sim_ext.py --sim-time 1.5 --seq-graph project/file/graph_15_nodes.json --traffic project/file/traffic_15_nodes_net.json --inspection-rate 0.001 --mess-rate 0.002 --algorithm centflow,0.242003000001,0,10,10,10,10,10,1,0,10,0,10,10,10,10,10,0,10,1,1,10,10,10,10,10,0,0,10,10,10,2,0,0,10,10,1,0,10,10,10,10,10,10,10,10
project/sim_ext.py --sim-time 1.5 --seq-graph project/file/graph_15_nodes.json --traffic project/file/traffic_15_nodes_net.json --inspection-rate 0.001 --mess-rate 0.002 --algorithm centflow,0.24310248241967897,0,10,10,10,10,10,5,0,10,0,10,10,10,10,10,0,10,3,1,10,10,10,10,10,0,0,10,10,10,2,0,0,10,10,0,0,10,10,10,10,10,10,10,10
project/sim_ext.py --sim-time 1.5 --seq-graph project/file/graph_15_nodes.json --traffic project/file/traffic_15_nodes_net.json --inspection-rate 0.001 --mess-rate 0.002 --algorithm centflow,0.244499999989,0,10,10,10,10,10,10,0,10,4,10,10,10,10,10,0,10,5,6,10,0,10,10,10,0,0,10,10,10,4,0,1,10,10,0,0,10,10,10,0,10,10,10,10
project/sim_ext.py --sim-time 1.5 --seq-graph project/file/graph_15_nodes.json --traffic project/file/traffic_15_nodes_net.json --inspection-rate 0.001 --mess-rate 0.002 --algorithm centflow,0.24552962185978044,0,10,10,10,10,10,10,0,10,4,10,10,10,10,10,0,10,7,6,10,0,10,10,10,4,0,10,10,10,7,1,0,10,10,1,0,10,10,10,0,10,10,10,10
project/sim_ext.py --sim-time 1.5 --seq-graph project/file/graph_15_nodes.json --traffic project/file/traffic_15_nodes_net.json --inspection-rate 0.001 --mess-rate 0.002 --algorithm centflow,0.246592999997,0,10,10,10,10,10,10,3,10,4,10,10,10,10,10,1,10,10,9,10,0,10,10,10,4,0,10,10,10,10,1,1,10,10,7,0,10,10,10,0,10,10,10,10
project/sim_ext.py --sim-time 1.5 --seq-graph project/file/graph_15_nodes.json --traffic project/file/traffic_15_nodes_net.json --inspection-rate 0.001 --mess-rate 0.002 --algorithm centflow,0.24764900000099999,1,10,10,10,10,10,10,3,10,4,10,10,10,10,10,2,10,10,10,10,0,10,10,10,5,0,10,10,10,10,4,1,10,10,0,0,10,10,10,0,10,10,10,10
project/sim_ext.py --sim-time 1.5 --seq-graph project/file/graph_15_nodes.json --traffic project/file/traffic_15_nodes_net.json --inspection-rate 0.001 --mess-rate 0.002 --algorithm centflow,0.248698000001,1,10,10,10,10,10,10,4,10,5,10,10,10,10,10,3,10,10,10,10,0,10,10,10,7,1,10,10,10,10,5,0,10,10,0,0,10,10,10,0,10,10,10,10
project/sim_ext.py --sim-time 1.5 --seq-graph project/file/graph_15_nodes.json --traffic project/file/traffic_15_nodes_net.json --inspection-rate 0.001 --mess-rate 0.002 --algorithm centflow,0.24973777777775344,2,10,10,10,10,10,10,5,10,6,10,10,10,10,10,3,10,10,10,10,0,10,10,10,9,0,10,10,10,10,6,0,10,10,0,0,10,10,10,0,10,10,10,10
project/sim_ext.py --sim-time 1.5 --seq-graph project/file/graph_15_nodes.json --traffic project/file/traffic_15_nodes_net.json --inspection-rate 0.001 --mess-rate 0.002 --algorithm centflow,0.250823000001,5,10,10,10,10,10,10,7,10,6,10,10,10,10,10,7,10,10,10,10,0,10,10,10,9,0,10,10,10,10,6,0,10,10,3,2,10,10,10,0,10,10,10,10
project/sim_ext.py --sim-time 1.5 --seq-graph project/file/graph_15_nodes.json --traffic project/file/traffic_15_nodes_net.json --inspection-rate 0.001 --mess-rate 0.002 --algorithm centflow,0.251994000001,6,10,10,10,10,10,10,10,10,6,10,10,10,10,10,7,10,10,10,10,0,10,10,10,10,0,10,10,10,10,7,0,10,10,0,3,10,10,10,5,10,10,10,10
project/sim_ext.py --sim-time 1.5 --seq-graph project/file/graph_15_nodes.json --traffic project/file/traffic_15_nodes_net.json --inspection-rate 0.001 --mess-rate 0.002 --algorithm centflow,0.25315600000099997,7,10,10,10,10,10,10,10,10,8,10,10,10,10,10,9,10,10,10,10,2,10,10,10,10,0,10,10,10,10,9,0,10,10,0,4,10,10,10,6,10,10,10,10
project/sim_ext.py --sim-time 1.5 --seq-graph project/file/graph_15_nodes.json --traffic project/file/traffic_15_nodes_net.json --inspection-rate 0.001 --mess-rate 0.002 --algorithm centflow,0.2542457405707983,8,10,10,10,10,10,10,10,10,9,10,10,10,10,10,10,10,10,10,10,2,10,10,10,10,0,10,10,10,10,9,0,10,10,0,0,10,10,10,10,10,10,10,10
project/sim_ext.py --sim-time 1.5 --seq-graph project/file/graph_15_nodes.json --traffic project/file/traffic_15_nodes_net.json --inspection-rate 0.001 --mess-rate 0.002 --algorithm centflow,0.255310000001,8,10,10,10,10,10,10,10,10,9,10,10,10,10,10,10,10,10,10,10,2,10,10,10,10,0,10,10,10,10,10,0,10,10,0,0,10,10,10,10,10,10,10,10
project/sim_ext.py --sim-time 1.5 --seq-graph project/file/graph_15_nodes.json --traffic project/file/traffic_15_nodes_net.json --inspection-rate 0.001 --mess-rate 0.002 --algorithm centflow,0.256559000001,9,10,10,10,10,10,10,10,10,10,10,10,10,10,10,10,10,10,10,10,3,10,10,10,10,0,10,10,10,10,10,0,10,10,0,0,10,10,10,10,10,10,10,10
project/sim_ext.py --sim-time 1.5 --seq-graph project/file/graph_15_nodes.json --traffic project/file/traffic_15_nodes_net.json --inspection-rate 0.001 --mess-rate 0.002 --algorithm centflow,0.257793000001,10,10,10,10,10,10,10,10,10,10,10,10,10,10,10,10,10,10,10,10,3,10,10,10,10,1,10,10,10,10,10,1,10,10,0,0,10,10,10,10,10,10,10,10
project/sim_ext.py --sim-time 1.5 --seq-graph project/file/graph_15_nodes.json --traffic project/file/traffic_15_nodes_net.json --inspection-rate 0.001 --mess-rate 0.002 --algorithm centflow,0.258844000001,10,10,10,10,10,10,10,10,10,10,10,10,10,10,10,10,10,10,10,10,4,10,10,10,10,0,10,10,10,10,10,0,10,10,2,0,10,10,10,10,10,10,10,10
project/sim_ext.py --sim-time 1.5 --seq-graph project/file/graph_15_nodes.json --traffic project/file/traffic_15_nodes_net.json --inspection-rate 0.001 --mess-rate 0.002 --algorithm centflow,0.259877000001,10,10,10,10,10,10,10,10,10,10,10,10,10,10,10,10,10,10,10,10,4,10,10,10,10,0,10,10,10,10,10,0,10,10,4,0,10,10,10,10,10,10,10,10
project/sim_ext.py --sim-time 1.5 --seq-graph project/file/graph_15_nodes.json --traffic project/file/traffic_15_nodes_net.json --inspection-rate 0.001 --mess-rate 0.002 --algorithm centflow,0.260932000001,10,10,10,10,10,10,10,10,10,10,10,10,10,10,10,10,10,10,10,10,5,10,10,10,10,0,10,10,10,10,10,0,10,10,0,1,10,10,10,10,10,10,10,10
project/sim_ext.py --sim-time 1.5 --seq-graph project/file/graph_15_nodes.json --traffic project/file/traffic_15_nodes_net.json --inspection-rate 0.001 --mess-rate 0.002 --algorithm centflow,0.261965000001,10,10,10,10,10,10,10,10,10,10,10,10,10,10,10,10,10,10,10,10,5,10,10,10,10,2,10,10,10,10,10,0,10,10,2,3,10,10,10,10,10,10,10,10
project/sim_ext.py --sim-time 1.5 --seq-graph project/file/graph_15_nodes.json --traffic project/file/traffic_15_nodes_net.json --inspection-rate 0.001 --mess-rate 0.002 --algorithm centflow,0.263093000001,10,10,10,10,10,10,10,10,10,10,10,10,10,10,10,10,10,10,10,10,5,10,10,10,10,3,10,10,10,10,10,0,10,10,6,5,10,10,10,10,10,10,10,10
project/sim_ext.py --sim-time 1.5 --seq-graph project/file/graph_15_nodes.json --traffic project/file/traffic_15_nodes_net.json --inspection-rate 0.001 --mess-rate 0.002 --algorithm centflow,0.264127000001,10,10,10,10,10,10,10,10,10,10,10,10,10,10,10,10,10,10,10,10,5,10,10,10,10,4,10,10,10,10,10,0,10,10,7,5,10,10,10,10,10,10,10,10
project/sim_ext.py --sim-time 1.5 --seq-graph project/file/graph_15_nodes.json --traffic project/file/traffic_15_nodes_net.json --inspection-rate 0.001 --mess-rate 0.002 --algorithm centflow,0.265134000001,10,10,10,10,10,10,10,10,10,10,10,10,10,10,10,10,10,10,10,10,5,10,10,10,10,4,10,10,10,10,10,0,10,10,8,8,10,10,10,10,10,10,10,10
project/sim_ext.py --sim-time 1.5 --seq-graph project/file/graph_15_nodes.json --traffic project/file/traffic_15_nodes_net.json --inspection-rate 0.001 --mess-rate 0.002 --algorithm centflow,0.266166399997,0,1,0,1,1,0,0,0,0,1,0,0,0,1,1,0,1,0,0,0,10,0,0,0,0,0,0,0,1,2,1,1,0,0,0,0,0,0,0,10,0,0,1,0
project/sim_ext.py --sim-time 1.5 --seq-graph project/file/graph_15_nodes.json --traffic project/file/traffic_15_nodes_net.json --inspection-rate 0.001 --mess-rate 0.002 --algorithm centflow,0.2671824796602601,0,0,4,0,3,0,0,1,1,0,0,0,0,0,0,0,0,1,0,0,10,0,5,0,0,0,1,0,0,0,0,2,0,0,0,0,0,0,0,10,0,0,0,0
project/sim_ext.py --sim-time 1.5 --seq-graph project/file/graph_15_nodes.json --traffic project/file/traffic_15_nodes_net.json --inspection-rate 0.001 --mess-rate 0.002 --algorithm centflow,0.268247000001,0,2,0,5,2,0,0,0,10,1,6,0,2,0,0,0,0,0,1,0,10,0,10,3,0,0,0,0,0,0,4,5,0,2,1,0,6,0,0,10,0,0,3,2
project/sim_ext.py --sim-time 1.5 --seq-graph project/file/graph_15_nodes.json --traffic project/file/traffic_15_nodes_net.json --inspection-rate 0.001 --mess-rate 0.002 --algorithm centflow,0.269283199997,0,4,1,8,0,0,1,0,10,0,0,1,1,4,0,0,0,1,0,0,10,0,10,0,0,0,0,0,1,0,5,0,1,0,0,0,10,5,3,10,5,5,1,4
project/sim_ext.py --sim-time 1.5 --seq-graph project/file/graph_15_nodes.json --traffic project/file/traffic_15_nodes_net.json --inspection-rate 0.001 --mess-rate 0.002 --algorithm centflow,0.270291000001,0,5,0,10,0,0,3,0,10,0,0,1,3,5,0,4,0,0,0,0,10,2,10,0,0,0,0,3,3,2,1,0,5,0,2,1,2,8,7,10,10,8,0,8
project/sim_ext.py --sim-time 1.5 --seq-graph project/file/graph_15_nodes.json --traffic project/file/traffic_15_nodes_net.json --inspection-rate 0.001 --mess-rate 0.002 --algorithm centflow,0.271316000001,0,8,0,10,0,0,5,0,10,0,0,1,7,7,0,0,0,4,0,0,10,3,10,0,1,0,3,6,3,7,0,0,7,3,2,0,10,10,10,10,10,10,6,10
project/sim_ext.py --sim-time 1.5 --seq-graph project/file/graph_15_nodes.json --traffic project/file/traffic_15_nodes_net.json --inspection-rate 0.001 --mess-rate 0.002 --algorithm centflow,0.2725704408297034,0,10,1,10,2,0,7,0,10,0,0,3,8,8,0,0,0,0,0,1,10,6,10,2,0,0,5,10,9,0,1,0,8,2,3,0,10,10,10,10,10,10,10,10
project/sim_ext.py --sim-time 1.5 --seq-graph project/file/graph_15_nodes.json --traffic project/file/traffic_15_nodes_net.json --inspection-rate 0.001 --mess-rate 0.002 --algorithm centflow,0.273643000001,0,10,0,10,4,0,10,0,10,0,0,4,8,9,0,0,0,1,1,3,10,10,10,0,0,0,6,10,10,0,1,0,10,4,3,1,10,10,10,10,10,10,10,10
project/sim_ext.py --sim-time 1.5 --seq-graph project/file/graph_15_nodes.json --traffic project/file/traffic_15_nodes_net.json --inspection-rate 0.001 --mess-rate 0.002 --algorithm centflow,0.274744999993,1,10,1,10,6,0,10,0,10,0,1,5,9,9,0,0,0,0,0,3,10,10,10,0,0,0,10,10,10,1,0,0,10,8,6,2,10,10,10,10,10,10,10,10
project/sim_ext.py --sim-time 1.5 --seq-graph project/file/graph_15_nodes.json --traffic project/file/traffic_15_nodes_net.json --inspection-rate 0.001 --mess-rate 0.002 --algorithm centflow,0.275796000001,0,10,0,10,6,0,0,0,10,0,3,10,10,10,0,0,0,0,1,4,10,10,10,1,1,0,10,10,10,0,0,0,10,10,0,0,10,10,10,10,10,10,10,10
project/sim_ext.py --sim-time 1.5 --seq-graph project/file/graph_15_nodes.json --traffic project/file/traffic_15_nodes_net.json --inspection-rate 0.001 --mess-rate 0.002 --algorithm centflow,0.276914999989,0,10,0,10,7,3,0,0,10,0,7,10,10,10,0,0,2,0,0,6,10,10,10,0,0,0,10,10,10,0,0,0,10,10,0,1,10,10,10,10,10,10,10,10
project/sim_ext.py --sim-time 1.5 --seq-graph project/file/graph_15_nodes.json --traffic project/file/traffic_15_nodes_net.json --inspection-rate 0.001 --mess-rate 0.002 --algorithm centflow,0.2779290756718443,0,10,1,10,7,6,0,0,10,1,10,10,10,10,2,0,3,0,0,6,10,10,10,0,0,0,10,10,10,1,1,0,10,10,0,2,10,10,10,10,10,10,10,10
project/sim_ext.py --sim-time 1.5 --seq-graph project/file/graph_15_nodes.json --traffic project/file/traffic_15_nodes_net.json --inspection-rate 0.001 --mess-rate 0.002 --algorithm centflow,0.279000000001,0,10,5,10,7,10,0,0,10,0,10,10,10,10,2,0,4,1,0,8,10,10,10,2,1,0,10,10,10,0,0,0,10,10,0,2,10,10,10,10,10,10,10,10
project/sim_ext.py --sim-time 1.5 --seq-graph project/file/graph_15_nodes.json --traffic project/file/traffic_15_nodes_net.json --inspection-rate 0.001 --mess-rate 0.002 --algorithm centflow,0.28000499998899997,0,10,6,10,8,0,2,0,10,0,10,10,10,10,4,1,5,1,2,10,10,10,10,3,1,0,10,10,10,0,0,0,10,10,2,4,10,10,10,10,10,10,10,10
project/sim_ext.py --sim-time 1.5 --seq-graph project/file/graph_15_nodes.json --traffic project/file/traffic_15_nodes_net.json --inspection-rate 0.001 --mess-rate 0.002 --algorithm centflow,0.281197000001,0,10,9,10,10,0,0,2,10,0,10,10,10,10,6,0,7,1,0,10,10,10,10,5,0,0,10,10,10,0,1,0,10,10,0,7,10,10,10,10,10,10,10,10
project/sim_ext.py --sim-time 1.5 --seq-graph project/file/graph_15_nodes.json --traffic project/file/traffic_15_nodes_net.json --inspection-rate 0.001 --mess-rate 0.002 --algorithm centflow,0.282308000001,0,10,10,10,10,0,0,0,10,0,10,10,10,10,8,0,7,3,0,10,10,10,10,7,2,0,10,10,10,3,0,0,10,10,0,9,10,10,10,10,10,10,10,10
project/sim_ext.py --sim-time 1.5 --seq-graph project/file/graph_15_nodes.json --traffic project/file/traffic_15_nodes_net.json --inspection-rate 0.001 --mess-rate 0.002 --algorithm centflow,0.283365000001,0,10,10,10,10,1,2,1,10,0,10,10,10,10,9,0,8,4,0,10,10,10,10,10,0,0,10,10,10,0,0,0,10,10,4,0,10,10,10,10,10,10,10,10
project/sim_ext.py --sim-time 1.5 --seq-graph project/file/graph_15_nodes.json --traffic project/file/traffic_15_nodes_net.json --inspection-rate 0.001 --mess-rate 0.002 --algorithm centflow,0.284617000001,1,10,10,10,10,4,5,0,10,0,10,10,10,10,10,1,10,10,0,10,10,10,10,10,0,0,10,10,10,0,4,0,10,10,4,0,10,10,10,10,10,10,10,10
project/sim_ext.py --sim-time 1.5 --seq-graph project/file/graph_15_nodes.json --traffic project/file/traffic_15_nodes_net.json --inspection-rate 0.001 --mess-rate 0.002 --algorithm centflow,0.2856627266842728,1,10,10,10,10,5,8,0,10,1,10,10,10,10,10,0,10,10,0,10,10,10,10,10,2,0,10,10,10,0,7,0,10,10,4,0,10,10,10,10,10,10,10,10
project/sim_ext.py --sim-time 1.5 --seq-graph project/file/graph_15_nodes.json --traffic project/file/traffic_15_nodes_net.json --inspection-rate 0.001 --mess-rate 0.002 --algorithm centflow,0.286693000001,1,10,10,10,10,7,10,3,10,1,10,10,10,10,10,1,10,10,0,10,0,10,10,10,3,0,10,10,10,0,8,0,10,10,10,1,10,10,10,0,10,10,10,10
project/sim_ext.py --sim-time 1.5 --seq-graph project/file/graph_15_nodes.json --traffic project/file/traffic_15_nodes_net.json --inspection-rate 0.001 --mess-rate 0.002 --algorithm centflow,0.2876996624661037,1,10,10,10,10,10,10,4,10,1,10,10,10,10,10,2,10,10,1,10,0,10,10,10,4,0,10,10,10,2,9,0,10,10,10,2,10,10,10,2,10,10,10,10
project/sim_ext.py --sim-time 1.5 --seq-graph project/file/graph_15_nodes.json --traffic project/file/traffic_15_nodes_net.json --inspection-rate 0.001 --mess-rate 0.002 --algorithm centflow,0.288724000001,3,10,10,10,10,10,10,5,10,1,10,10,10,10,10,2,10,10,1,10,0,10,10,10,5,0,10,10,10,5,10,1,10,10,10,0,10,10,10,6,10,10,10,10
project/sim_ext.py --sim-time 1.5 --seq-graph project/file/graph_15_nodes.json --traffic project/file/traffic_15_nodes_net.json --inspection-rate 0.001 --mess-rate 0.002 --algorithm centflow,0.289728399997,5,10,10,10,10,10,10,7,10,1,10,10,10,10,10,3,10,10,7,10,0,10,10,10,5,0,10,10,10,8,10,0,10,10,10,1,10,10,10,0,10,10,10,10
project/sim_ext.py --sim-time 1.5 --seq-graph project/file/graph_15_nodes.json --traffic project/file/traffic_15_nodes_net.json --inspection-rate 0.001 --mess-rate 0.002 --algorithm centflow,0.29078643508622026,5,10,10,10,10,10,10,9,10,2,10,10,10,10,10,3,10,10,8,10,0,10,10,10,7,0,10,10,10,10,10,0,10,10,10,0,10,10,10,8,10,10,10,10
project/sim_ext.py --sim-time 1.5 --seq-graph project/file/graph_15_nodes.json --traffic project/file/traffic_15_nodes_net.json --inspection-rate 0.001 --mess-rate 0.002 --algorithm centflow,0.291796000001,5,10,10,10,10,10,10,10,10,3,10,10,10,10,10,4,10,10,9,10,0,10,10,10,8,0,10,10,10,10,10,1,10,10,10,0,10,10,10,10,10,10,10,10
project/sim_ext.py --sim-time 1.5 --seq-graph project/file/graph_15_nodes.json --traffic project/file/traffic_15_nodes_net.json --inspection-rate 0.001 --mess-rate 0.002 --algorithm centflow,0.292814999989,6,10,10,10,10,10,10,10,10,4,10,10,10,10,10,4,10,10,10,10,0,10,10,10,10,0,10,10,10,10,10,0,10,10,10,0,10,10,10,10,10,10,10,10
project/sim_ext.py --sim-time 1.5 --seq-graph project/file/graph_15_nodes.json --traffic project/file/traffic_15_nodes_net.json --inspection-rate 0.001 --mess-rate 0.002 --algorithm centflow,0.293859000001,8,10,10,10,10,10,10,10,10,4,10,10,10,10,10,5,10,10,10,10,0,10,10,10,10,0,10,10,10,10,10,0,10,10,10,1,10,10,10,10,10,10,10,10
project/sim_ext.py --sim-time 1.5 --seq-graph project/file/graph_15_nodes.json --traffic project/file/traffic_15_nodes_net.json --inspection-rate 0.001 --mess-rate 0.002 --algorithm centflow,0.29501357354021085,8,10,10,10,10,10,10,10,10,7,10,10,10,10,10,7,10,10,10,10,0,10,10,10,10,0,10,10,10,10,10,1,10,10,0,0,10,10,10,0,10,10,10,10
project/sim_ext.py --sim-time 1.5 --seq-graph project/file/graph_15_nodes.json --traffic project/file/traffic_15_nodes_net.json --inspection-rate 0.001 --mess-rate 0.002 --algorithm centflow,0.296015999997,6,10,6,10,9,6,6,6,10,4,10,8,8,9,7,5,8,7,6,8,1,10,9,10,6,0,8,9,8,8,6,3,9,7,0,0,7,8,7,1,6,7,8,8
project/sim_ext.py --sim-time 1.5 --seq-graph project/file/graph_15_nodes.json --traffic project/file/traffic_15_nodes_net.json --inspection-rate 0.001 --mess-rate 0.002 --algorithm centflow,0.29711600000099997,0,1,1,0,0,3,2,0,0,0,0,0,0,0,0,0,1,2,1,3,10,0,3,0,0,0,0,0,4,0,0,0,0,0,1,0,0,5,3,5,3,1,0,0
project/sim_ext.py --sim-time 1.5 --seq-graph project/file/graph_15_nodes.json --traffic project/file/traffic_15_nodes_net.json --inspection-rate 0.001 --mess-rate 0.002 --algorithm centflow,0.298198399997,1,4,0,0,0,0,2,0,3,0,0,0,0,0,0,0,0,0,0,0,10,1,0,2,0,0,0,0,1,2,0,0,0,0,0,1,0,0,1,10,0,1,0,0
project/sim_ext.py --sim-time 1.5 --seq-graph project/file/graph_15_nodes.json --traffic project/file/traffic_15_nodes_net.json --inspection-rate 0.001 --mess-rate 0.002 --algorithm centflow,0.299220199997,0,9,0,2,0,1,0,0,10,1,2,0,0,0,0,1,0,0,0,0,10,0,4,3,0,3,0,0,0,2,2,0,2,2,0,0,0,10,0,10,6,0,4,3
project/sim_ext.py --sim-time 1.5 --seq-graph project/file/graph_15_nodes.json --traffic project/file/traffic_15_nodes_net.json --inspection-rate 0.001 --mess-rate 0.002 --algorithm centflow,0.3002443686544795,0,10,0,4,1,6,0,1,10,0,0,0,2,0,0,2,1,0,1,0,10,9,10,1,0,4,0,0,2,0,0,1,5,0,0,0,2,10,5,10,10,2,5,3
project/sim_ext.py --sim-time 1.5 --seq-graph project/file/graph_15_nodes.json --traffic project/file/traffic_15_nodes_net.json --inspection-rate 0.001 --mess-rate 0.002 --algorithm centflow,0.301252000001,1,10,0,9,3,0,2,0,10,0,1,2,5,0,1,0,0,0,0,0,10,10,10,0,0,0,3,0,5,0,2,0,10,0,0,0,8,10,5,10,10,10,10,5
project/sim_ext.py --sim-time 1.5 --seq-graph project/file/graph_15_nodes.json --traffic project/file/traffic_15_nodes_net.json --inspection-rate 0.001 --mess-rate 0.002 --algorithm centflow,0.302518399997,0,10,0,10,5,4,2,0,10,0,0,4,5,2,0,0,0,0,0,0,10,10,10,1,0,0,3,7,7,1,0,0,10,0,2,0,10,10,10,10,10,10,10,10
project/sim_ext.py --sim-time 1.5 --seq-graph project/file/graph_15_nodes.json --traffic project/file/traffic_15_nodes_net.json --inspection-rate 0.001 --mess-rate 0.002 --algorithm centflow,0.30352500000099997,0,10,0,10,5,0,0,0,10,0,2,10,5,6,2,0,2,0,0,0,10,10,10,2,0,0,6,10,9,2,0,0,10,2,0,1,10,10,10,10,10,10,10,10
project/sim_ext.py --sim-time 1.5 --seq-graph project/file/graph_15_nodes.json --traffic project/file/traffic_15_nodes_net.json --inspection-rate 0.001 --mess-rate 0.002 --algorithm centflow,0.304555000001,0,10,1,10,8,0,0,0,10,0,3,10,6,7,0,0,4,0,1,1,10,10,10,0,0,0,7,10,10,0,0,0,10,7,0,1,10,10,10,10,10,10,10,10
project/sim_ext.py --sim-time 1.5 --seq-graph project/file/graph_15_nodes.json --traffic project/file/traffic_15_nodes_net.json --inspection-rate 0.001 --mess-rate 0.002 --algorithm centflow,0.30574423516601096,0,10,0,10,9,0,7,0,10,0,8,10,6,7,0,1,6,0,2,3,10,10,10,0,0,0,10,10,10,0,0,0,10,10,0,0,10,10,10,10,10,10,10,10
project/sim_ext.py --sim-time 1.5 --seq-graph project/file/graph_15_nodes.json --traffic project/file/traffic_15_nodes_net.json --inspection-rate 0.001 --mess-rate 0.002 --algorithm centflow,0.3068783234326518,2,10,0,10,10,0,0,0,10,0,10,10,6,8,0,0,7,0,0,6,10,10,10,0,4,0,10,10,10,1,0,0,10,10,2,0,10,10,10,10,10,10,10,10
project/sim_ext.py --sim-time 1.5 --seq-graph project/file/graph_15_nodes.json --traffic project/file/traffic_15_nodes_net.json --inspection-rate 0.001 --mess-rate 0.002 --algorithm centflow,0.307992474071181,0,10,0,10,10,2,0,0,10,0,10,10,10,8,0,0,9,0,0,10,10,10,10,0,0,0,10,10,10,2,1,0,10,10,4,0,10,10,10,10,10,10,10,10
project/sim_ext.py --sim-time 1.5 --seq-graph project/file/graph_15_nodes.json --traffic project/file/traffic_15_nodes_net.json --inspection-rate 0.001 --mess-rate 0.002 --algorithm centflow,0.3089937852636986,0,10,0,10,10,3,0,0,10,0,10,10,10,8,1,0,10,2,0,10,10,10,10,1,0,0,10,10,10,0,0,0,10,10,4,0,10,10,10,10,10,10,10,10
project/sim_ext.py --sim-time 1.5 --seq-graph project/file/graph_15_nodes.json --traffic project/file/traffic_15_nodes_net.json --inspection-rate 0.001 --mess-rate 0.002 --algorithm centflow,0.310051000001,0,10,4,10,10,5,0,0,10,1,10,10,10,9,1,0,10,2,1,10,10,10,10,3,0,0,10,10,10,0,1,0,10,10,0,0,10,10,10,10,10,10,10,10
project/sim_ext.py --sim-time 1.5 --seq-graph project/file/graph_15_nodes.json --traffic project/file/traffic_15_nodes_net.json --inspection-rate 0.001 --mess-rate 0.002 --algorithm centflow,0.311079399997,0,10,4,10,10,0,2,0,10,1,10,10,10,9,2,0,10,5,0,10,10,10,10,4,0,0,10,10,10,1,2,1,10,10,2,0,10,10,10,10,10,10,10,10
project/sim_ext.py --sim-time 1.5 --seq-graph project/file/graph_15_nodes.json --traffic project/file/traffic_15_nodes_net.json --inspection-rate 0.001 --mess-rate 0.002 --algorithm centflow,0.312148000001,0,10,7,10,10,0,4,0,10,2,10,10,10,9,4,0,10,6,1,10,10,10,10,5,0,1,10,10,10,0,3,0,10,10,0,0,10,10,10,10,10,10,10,10
project/sim_ext.py --sim-time 1.5 --seq-graph project/file/graph_15_nodes.json --traffic project/file/traffic_15_nodes_net.json --inspection-rate 0.001 --mess-rate 0.002 --algorithm centflow,0.31321400000099997,0,10,10,10,10,0,8,0,10,2,10,10,10,10,4,0,10,7,0,10,10,10,10,7,0,0,10,10,10,1,7,0,10,10,2,1,10,10,10,10,10,10,10,10
project/sim_ext.py --sim-time 1.5 --seq-graph project/file/graph_15_nodes.json --traffic project/file/traffic_15_nodes_net.json --inspection-rate 0.001 --mess-rate 0.002 --algorithm centflow,0.314355000001,0,10,10,10,10,0,10,4,10,2,10,10,10,10,4,0,10,10,0,10,10,10,10,8,2,0,10,10,10,0,9,0,10,10,5,0,10,10,10,10,10,10,10,10
project/sim_ext.py --sim-time 1.5 --seq-graph project/file/graph_15_nodes.json --traffic project/file/traffic_15_nodes_net.json --inspection-rate 0.001 --mess-rate 0.002 --algorithm centflow,0.315444999982,0,10,10,10,10,0,10,6,10,2,10,10,10,10,4,0,10,10,0,10,10,10,10,10,2,0,10,10,10,0,10,0,10,10,6,0,10,10,10,10,10,10,10,10
project/sim_ext.py --sim-time 1.5 --seq-graph project/file/graph_15_nodes.json --traffic project/file/traffic_15_nodes_net.json --inspection-rate 0.001 --mess-rate 0.002 --algorithm centflow,0.316487000001,0,10,10,10,10,1,10,8,10,2,10,10,10,10,5,1,10,10,0,10,10,10,10,10,3,0,10,10,10,0,10,0,10,10,9,0,10,10,10,10,10,10,10,10
project/sim_ext.py --sim-time 1.5 --seq-graph project/file/graph_15_nodes.json --traffic project/file/traffic_15_nodes_net.json --inspection-rate 0.001 --mess-rate 0.002 --algorithm centflow,0.3175193830795031,0,10,10,10,10,3,10,10,10,2,10,10,10,10,5,1,10,10,0,10,10,10,10,10,4,0,10,10,10,0,10,0,10,10,10,0,10,10,10,10,10,10,10,10
project/sim_ext.py --sim-time 1.5 --seq-graph project/file/graph_15_nodes.json --traffic project/file/traffic_15_nodes_net.json --inspection-rate 0.001 --mess-rate 0.002 --algorithm centflow,0.318602000001,0,10,10,10,10,4,10,10,10,2,10,10,10,10,6,1,10,10,3,10,10,10,10,10,5,0,10,10,10,0,10,0,10,10,10,1,10,10,10,10,10,10,10,10
project/sim_ext.py --sim-time 1.5 --seq-graph project/file/graph_15_nodes.json --traffic project/file/traffic_15_nodes_net.json --inspection-rate 0.001 --mess-rate 0.002 --algorithm centflow,0.319763000001,2,10,10,10,10,5,10,10,10,3,10,10,10,10,7,1,10,10,3,10,10,10,10,10,6,0,10,10,10,3,10,0,10,10,0,1,10,10,10,10,10,10,10,10
project/sim_ext.py --sim-time 1.5 --seq-graph project/file/graph_15_nodes.json --traffic project/file/traffic_15_nodes_net.json --inspection-rate 0.001 --mess-rate 0.002 --algorithm centflow,0.320780000001,3,10,10,10,10,9,10,10,10,3,10,10,10,10,8,1,10,10,4,10,10,10,10,10,8,0,10,10,10,4,10,0,10,10,0,0,10,10,10,10,10,10,10,10
project/sim_ext.py --sim-time 1.5 --seq-graph project/file/graph_15_nodes.json --traffic project/file/traffic_15_nodes_net.json --inspection-rate 0.001 --mess-rate 0.002 --algorithm centflow,0.32180287661057905,3,10,10,10,10,10,10,10,10,3,10,10,10,10,10,1,10,10,5,10,10,10,10,10,10,1,10,10,10,6,10,0,10,10,0,0,10,10,10,10,10,10,10,10
project/sim_ext.py --sim-time 1.5 --seq-graph project/file/graph_15_nodes.json --traffic project/file/traffic_15_nodes_net.json --inspection-rate 0.001 --mess-rate 0.002 --algorithm centflow,0.322829000001,3,10,10,10,10,10,10,10,10,4,10,10,10,10,10,2,10,10,6,10,10,10,10,10,10,0,10,10,10,6,10,0,10,10,0,0,10,10,10,10,10,10,10,10
project/sim_ext.py --sim-time 1.5 --seq-graph project/file/graph_15_nodes.json --traffic project/file/traffic_15_nodes_net.json --inspection-rate 0.001 --mess-rate 0.002 --algorithm centflow,0.323887000001,3,10,10,10,10,10,10,10,10,5,10,10,10,10,10,2,10,10,6,10,10,10,10,10,10,0,10,10,10,6,10,0,10,10,3,0,10,10,10,10,10,10,10,10
project/sim_ext.py --sim-time 1.5 --seq-graph project/file/graph_15_nodes.json --traffic project/file/traffic_15_nodes_net.json --inspection-rate 0.001 --mess-rate 0.002 --algorithm centflow,0.3249080078684079,5,10,10,10,10,10,10,10,10,5,10,10,10,10,10,3,10,10,8,10,10,10,10,10,10,0,10,10,10,8,10,0,10,10,4,0,10,10,10,10,10,10,10,10
project/sim_ext.py --sim-time 1.5 --seq-graph project/file/graph_15_nodes.json --traffic project/file/traffic_15_nodes_net.json --inspection-rate 0.001 --mess-rate 0.002 --algorithm centflow,0.325929000001,5,10,10,10,10,10,10,10,10,5,10,10,10,10,10,3,10,10,8,10,10,10,10,10,10,0,10,10,10,9,10,0,10,10,4,0,10,10,10,10,10,10,10,10
project/sim_ext.py --sim-time 1.5 --seq-graph project/file/graph_15_nodes.json --traffic project/file/traffic_15_nodes_net.json --inspection-rate 0.001 --mess-rate 0.002 --algorithm centflow,0.326944999997,5,4,3,10,6,10,0,0,9,0,6,4,7,10,4,1,7,1,2,5,10,9,10,3,10,1,5,10,1,0,10,0,10,2,0,0,3,1,0,10,10,3,2,10
project/sim_ext.py --sim-time 1.5 --seq-graph project/file/graph_15_nodes.json --traffic project/file/traffic_15_nodes_net.json --inspection-rate 0.001 --mess-rate 0.002 --algorithm centflow,0.327975399997,5,0,0,10,0,10,1,0,0,0,4,1,0,0,0,0,0,0,2,0,3,0,10,0,10,0,1,10,0,0,10,1,10,0,0,0,0,1,0,0,10,1,1,10
project/sim_ext.py --sim-time 1.5 --seq-graph project/file/graph_15_nodes.json --traffic project/file/traffic_15_nodes_net.json --inspection-rate 0.001 --mess-rate 0.002 --algorithm centflow,0.32897627207885666,5,0,0,10,0,10,4,2,5,0,1,0,0,0,1,0,0,0,5,0,0,0,10,0,10,0,2,10,0,0,10,0,10,0,2,1,0,2,0,0,10,4,0,10
project/sim_ext.py --sim-time 1.5 --seq-graph project/file/graph_15_nodes.json --traffic project/file/traffic_15_nodes_net.json --inspection-rate 0.001 --mess-rate 0.002 --algorithm centflow,0.330002000001,7,0,0,10,0,10,0,0,1,1,0,0,0,0,0,2,0,3,9,0,0,0,10,0,10,0,0,10,0,0,10,0,10,1,0,5,0,3,2,1,10,1,0,10
project/sim_ext.py --sim-time 1.5 --seq-graph project/file/graph_15_nodes.json --traffic project/file/traffic_15_nodes_net.json --inspection-rate 0.001 --mess-rate 0.002 --algorithm centflow,0.33106924762769746,9,3,2,10,0,10,0,0,10,0,1,0,0,0,0,0,0,0,0,0,0,4,10,0,10,0,1,10,3,0,10,0,10,5,0,5,0,0,3,0,10,4,6,10
project/sim_ext.py --sim-time 1.5 --seq-graph project/file/graph_15_nodes.json --traffic project/file/traffic_15_nodes_net.json --inspection-rate 0.001 --mess-rate 0.002 --algorithm centflow,0.3321038202386166,10,10,0,10,0,10,0,0,10,1,2,4,4,3,0,0,0,0,0,0,0,7,10,1,10,0,0,10,0,0,10,0,10,0,1,8,9,4,6,0,10,0,10,10
project/sim_ext.py --sim-time 1.5 --seq-graph project/file/graph_15_nodes.json --traffic project/file/traffic_15_nodes_net.json --inspection-rate 0.001 --mess-rate 0.002 --algorithm centflow,0.333152999997,10,10,0,10,3,10,1,1,10,0,4,0,7,4,2,0,4,0,0,0,0,10,10,1,10,0,0,10,3,1,10,0,10,0,3,9,7,10,10,3,10,1,10,10
project/sim_ext.py --sim-time 1.5 --seq-graph project/file/graph_15_nodes.json --traffic project/file/traffic_15_nodes_net.json --inspection-rate 0.001 --mess-rate 0.002 --algorithm centflow,0.3341758975255454,10,10,1,10,4,10,1,5,10,0,5,0,9,5,0,0,5,0,0,0,5,10,10,0,10,0,0,10,8,3,10,0,10,6,4,0,7,10,10,10,10,6,10,10
project/sim_ext.py --sim-time 1.5 --seq-graph project/file/graph_15_nodes.json --traffic project/file/traffic_15_nodes_net.json --inspection-rate 0.001 --mess-rate 0.002 --algorithm centflow,0.33521900000099997,10,10,0,10,5,10,0,6,10,2,7,0,10,8,0,0,5,0,0,0,7,10,10,0,10,0,2,10,0,0,10,0,10,7,6,0,10,10,10,10,10,10,10,10
project/sim_ext.py --sim-time 1.5 --seq-graph project/file/graph_15_nodes.json --traffic project/file/traffic_15_nodes_net.json --inspection-rate 0.001 --mess-rate 0.002 --algorithm centflow,0.3362871451864848,10,10,0,10,5,10,2,8,10,0,10,0,10,8,1,0,5,0,0,0,7,10,10,0,10,0,5,10,1,0,10,0,10,10,0,0,10,10,10,10,10,10,10,10
project/sim_ext.py --sim-time 1.5 --seq-graph project/file/graph_15_nodes.json --traffic project/file/traffic_15_nodes_net.json --inspection-rate 0.001 --mess-rate 0.002 --algorithm centflow,0.337338599997,0,10,0,0,10,1,0,0,10,0,10,5,10,8,1,0,6,0,0,2,9,10,0,6,0,0,10,0,10,3,0,2,0,8,0,0,10,10,10,10,0,10,10,0
project/sim_ext.py --sim-time 1.5 --seq-graph project/file/graph_15_nodes.json --traffic project/file/traffic_15_nodes_net.json --inspection-rate 0.001 --mess-rate 0.002 --algorithm centflow,0.338404000001,0,10,0,0,10,1,0,0,10,0,10,9,10,9,3,2,7,1,0,2,10,10,0,1,0,0,10,5,10,4,0,0,1,10,1,0,10,10,10,10,0,10,10,0
project/sim_ext.py --sim-time 1.5 --seq-graph project/file/graph_15_nodes.json --traffic project/file/traffic_15_nodes_net.json --inspection-rate 0.001 --mess-rate 0.002 --algorithm centflow,0.339452799997,0,10,2,0,10,4,0,1,10,0,10,10,10,10,4,0,7,4,0,2,10,10,0,4,0,0,10,0,10,0,1,1,0,10,2,0,10,10,10,10,0,10,10,0
project/sim_ext.py --sim-time 1.5 --seq-graph project/file/graph_15_nodes.json --traffic project/file/traffic_15_nodes_net.json --inspection-rate 0.001 --mess-rate 0.002 --algorithm centflow,0.34063000000099997,1,10,5,0,10,0,0,0,10,0,10,10,10,10,5,1,7,6,0,3,10,10,0,10,1,0,10,0,10,0,0,0,0,10,0,0,10,10,10,10,5,10,10,0
project/sim_ext.py --sim-time 1.5 --seq-graph project/file/graph_15_nodes.json --traffic project/file/traffic_15_nodes_net.json --inspection-rate 0.001 --mess-rate 0.002 --algorithm centflow,0.341752000001,0,10,6,1,10,0,3,3,10,0,10,10,10,10,5,0,10,7,0,3,10,10,0,10,3,1,10,0,10,0,0,0,0,10,0,0,10,10,10,10,10,10,10,4
project/sim_ext.py --sim-time 1.5 --seq-graph project/file/graph_15_nodes.json --traffic project/file/traffic_15_nodes_net.json --inspection-rate 0.001 --mess-rate 0.002 --algorithm centflow,0.342891000001,0,10,6,3,10,0,6,5,10,0,10,10,10,10,6,0,10,8,0,3,10,10,0,10,1,1,10,1,10,5,0,0,0,10,0,0,10,10,10,10,2,10,10,10
project/sim_ext.py --sim-time 1.5 --seq-graph project/file/graph_15_nodes.json --traffic project/file/traffic_15_nodes_net.json --inspection-rate 0.001 --mess-rate 0.002 --algorithm centflow,0.3439227668332431,0,10,6,9,10,0,7,7,10,0,10,10,10,10,7,0,10,9,2,3,10,10,3,10,0,0,10,4,10,8,0,0,0,10,4,0,10,10,10,10,9,10,10,10
project/sim_ext.py --sim-time 1.5 --seq-graph project/file/graph_15_nodes.json --traffic project/file/traffic_15_nodes_net.json --inspection-rate 0.001 --mess-rate 0.002 --algorithm centflow,0.344958000001,0,10,10,10,10,0,7,10,10,0,10,10,10,10,7,0,10,10,3,4,10,10,9,10,0,0,10,4,10,8,0,0,0,10,4,0,10,10,10,10,10,10,10,10
project/sim_ext.py --sim-time 1.5 --seq-graph project/file/graph_15_nodes.json --traffic project/file/traffic_15_nodes_net.json --inspection-rate 0.001 --mess-rate 0.002 --algorithm centflow,0.346022000001,2,10,10,10,10,0,0,10,10,0,10,10,10,10,9,0,10,10,4,4,10,10,9,10,0,0,10,4,10,10,0,0,0,10,6,0,10,10,10,10,2,10,10,10
project/sim_ext.py --sim-time 1.5 --seq-graph project/file/graph_15_nodes.json --traffic project/file/traffic_15_nodes_net.json --inspection-rate 0.001 --mess-rate 0.002 --algorithm centflow,0.347136999997,0,10,10,10,10,1,0,0,10,0,10,10,10,10,10,0,10,10,4,8,10,10,10,10,0,0,10,9,10,10,1,0,0,10,0,0,10,10,10,10,10,10,10,10
project/sim_ext.py --sim-time 1.5 --seq-graph project/file/graph_15_nodes.json --traffic project/file/traffic_15_nodes_net.json --inspection-rate 0.001 --mess-rate 0.002 --algorithm centflow,0.348161000001,0,10,10,10,10,0,0,0,10,0,10,10,10,10,10,0,10,10,5,9,10,10,10,10,0,0,10,9,10,10,0,0,0,10,0,0,10,10,10,10,10,10,10,10
project/sim_ext.py --sim-time 1.5 --seq-graph project/file/graph_15_nodes.json --traffic project/file/traffic_15_nodes_net.json --inspection-rate 0.001 --mess-rate 0.002 --algorithm centflow,0.349166000001,0,10,10,10,10,0,1,2,10,1,10,10,10,10,10,0,10,10,5,10,10,10,10,10,1,0,10,10,10,10,0,1,3,10,0,0,10,10,10,10,10,10,10,10
project/sim_ext.py --sim-time 1.5 --seq-graph project/file/graph_15_nodes.json --traffic project/file/traffic_15_nodes_net.json --inspection-rate 0.001 --mess-rate 0.002 --algorithm centflow,0.350249000001,0,10,10,10,10,0,3,3,10,1,10,10,10,10,10,0,10,10,7,10,10,10,10,10,0,0,10,10,10,10,1,1,6,10,1,0,10,10,10,10,10,10,10,10
project/sim_ext.py --sim-time 1.5 --seq-graph project/file/graph_15_nodes.json --traffic project/file/traffic_15_nodes_net.json --inspection-rate 0.001 --mess-rate 0.002 --algorithm centflow,0.351324000001,0,10,10,10,10,0,4,0,10,1,10,10,10,10,10,0,10,10,9,10,10,10,10,10,0,0,10,10,10,10,0,0,8,10,0,0,10,10,10,10,10,10,10,10
project/sim_ext.py --sim-time 1.5 --seq-graph project/file/graph_15_nodes.json --traffic project/file/traffic_15_nodes_net.json --inspection-rate 0.001 --mess-rate 0.002 --algorithm centflow,0.35234218984011956,0,10,10,10,10,1,7,0,10,1,10,10,10,10,10,0,10,10,10,10,10,10,10,10,0,2,10,10,10,10,0,0,10,10,0,0,10,10,10,10,10,10,10,10
project/sim_ext.py --sim-time 1.5 --seq-graph project/file/graph_15_nodes.json --traffic project/file/traffic_15_nodes_net.json --inspection-rate 0.001 --mess-rate 0.002 --algorithm centflow,0.353412000001,0,10,10,10,10,0,10,2,10,1,10,10,10,10,10,1,10,10,10,10,10,10,10,10,0,0,10,10,10,10,0,0,10,10,2,1,10,10,10,10,10,10,10,10
project/sim_ext.py --sim-time 1.5 --seq-graph project/file/graph_15_nodes.json --traffic project/file/traffic_15_nodes_net.json --inspection-rate 0.001 --mess-rate 0.002 --algorithm centflow,0.35443442786828644,0,10,10,10,10,0,10,4,10,2,10,10,10,10,10,2,10,10,10,10,10,10,10,10,0,0,10,10,10,10,0,0,10,10,5,3,10,10,10,10,10,10,10,10
project/sim_ext.py --sim-time 1.5 --seq-graph project/file/graph_15_nodes.json --traffic project/file/traffic_15_nodes_net.json --inspection-rate 0.001 --mess-rate 0.002 --algorithm centflow,0.355469000001,0,10,10,10,10,3,10,5,10,3,10,10,10,10,10,2,10,10,10,10,10,10,10,10,0,1,10,10,10,10,0,0,10,10,0,3,10,10,10,10,10,10,10,10
project/sim_ext.py --sim-time 1.5 --seq-graph project/file/graph_15_nodes.json --traffic project/file/traffic_15_nodes_net.json --inspection-rate 0.001 --mess-rate 0.002 --algorithm centflow,0.35650400000099997,0,10,10,10,10,7,10,5,10,3,10,10,10,10,10,2,10,10,10,10,10,10,10,10,2,0,10,10,10,10,0,0,10,10,0,3,10,10,10,10,10,10,10,10
project/sim_ext.py --sim-time 1.5 --seq-graph project/file/graph_15_nodes.json --traffic project/file/traffic_15_nodes_net.json --inspection-rate 0.001 --mess-rate 0.002 --algorithm centflow,0.357625000001,0,10,10,10,10,10,10,8,10,4,10,10,10,10,10,2,10,10,10,10,10,10,10,10,4,0,10,10,10,10,0,0,10,10,3,3,10,10,10,10,10,10,10,10
project/sim_ext.py --sim-time 1.5 --seq-graph project/file/graph_15_nodes.json --traffic project/file/traffic_15_nodes_net.json --inspection-rate 0.001 --mess-rate 0.002 --algorithm centflow,0.358665000001,0,10,10,10,10,9,10,9,10,4,10,10,10,10,10,3,10,10,10,10,10,10,10,10,4,0,10,10,10,10,4,0,10,10,0,4,10,10,10,10,10,10,10,10
project/sim_ext.py --sim-time 1.5 --seq-graph project/file/graph_15_nodes.json --traffic project/file/traffic_15_nodes_net.json --inspection-rate 0.001 --mess-rate 0.002 --algorithm centflow,0.359691000001,1,10,10,10,10,10,10,10,10,5,10,10,10,10,10,4,10,10,10,10,10,10,10,10,4,0,10,10,10,10,4,0,10,10,0,7,10,10,10,10,10,10,10,10
project/sim_ext.py --sim-time 1.5 --seq-graph project/file/graph_15_nodes.json --traffic project/file/traffic_15_nodes_net.json --inspection-rate 0.001 --mess-rate 0.002 --algorithm centflow,0.360735000001,2,10,10,10,10,10,10,10,10,5,10,10,10,10,10,4,10,10,10,10,10,10,10,10,4,0,10,10,10,10,5,0,10,10,0,8,10,10,10,10,10,10,10,10
project/sim_ext.py --sim-time 1.5 --seq-graph project/file/graph_15_nodes.json --traffic project/file/traffic_15_nodes_net.json --inspection-rate 0.001 --mess-rate 0.002 --algorithm centflow,0.361878000001,2,10,10,10,10,10,10,10,10,5,10,10,10,10,10,4,10,10,10,10,10,10,10,10,5,0,10,10,10,10,6,0,10,10,0,10,10,10,10,10,10,10,10,10
project/sim_ext.py --sim-time 1.5 --seq-graph project/file/graph_15_nodes.json --traffic project/file/traffic_15_nodes_net.json --inspection-rate 0.001 --mess-rate 0.002 --algorithm centflow,0.363024999985,2,10,10,10,10,10,10,10,10,5,10,10,10,10,10,4,10,10,10,10,10,10,10,10,7,0,10,10,10,10,8,0,10,10,0,0,10,10,10,10,10,10,10,10
project/sim_ext.py --sim-time 1.5 --seq-graph project/file/graph_15_nodes.json --traffic project/file/traffic_15_nodes_net.json --inspection-rate 0.001 --mess-rate 0.002 --algorithm centflow,0.36404641838817775,2,10,10,10,10,10,10,10,10,5,10,10,10,10,10,4,10,10,10,10,10,10,10,10,7,0,10,10,10,10,10,2,10,10,0,0,10,10,10,10,10,10,10,10
project/sim_ext.py --sim-time 1.5 --seq-graph project/file/graph_15_nodes.json --traffic project/file/traffic_15_nodes_net.json --inspection-rate 0.001 --mess-rate 0.002 --algorithm centflow,0.365065000001,2,10,10,10,10,10,10,10,10,5,10,10,10,10,10,4,10,10,10,10,10,10,10,10,8,0,10,10,10,10,10,2,10,10,0,0,10,10,10,10,10,10,10,10
project/sim_ext.py --sim-time 1.5 --seq-graph project/file/graph_15_nodes.json --traffic project/file/traffic_15_nodes_net.json --inspection-rate 0.001 --mess-rate 0.002 --algorithm centflow,0.366186000001,2,10,10,10,10,10,10,10,10,5,10,10,10,10,10,5,10,10,10,10,10,10,10,10,9,0,10,10,10,10,10,0,10,10,0,2,10,10,10,10,10,10,10,10
project/sim_ext.py --sim-time 1.5 --seq-graph project/file/graph_15_nodes.json --traffic project/file/traffic_15_nodes_net.json --inspection-rate 0.001 --mess-rate 0.002 --algorithm centflow,0.36725186869208454,2,10,10,10,10,10,10,10,10,6,10,10,10,10,10,5,10,10,10,10,10,10,10,10,10,0,10,10,10,10,10,0,10,10,2,0,10,10,10,10,10,10,10,10
project/sim_ext.py --sim-time 1.5 --seq-graph project/file/graph_15_nodes.json --traffic project/file/traffic_15_nodes_net.json --inspection-rate 0.001 --mess-rate 0.002 --algorithm centflow,0.368419199997,0,2,0,0,0,0,0,0,0,1,0,0,0,5,2,1,4,0,0,0,2,1,0,0,0,0,1,0,0,5,0,0,0,0,0,0,1,0,0,1,1,0,0,0
project/sim_ext.py --sim-time 1.5 --seq-graph project/file/graph_15_nodes.json --traffic project/file/traffic_15_nodes_net.json --inspection-rate 0.001 --mess-rate 0.002 --algorithm centflow,0.369423999997,0,0,4,1,0,3,0,0,0,2,0,1,0,0,0,1,1,0,1,0,0,0,0,1,1,3,0,0,0,0,0,0,0,0,0,1,2,3,1,0,0,1,3,0
project/sim_ext.py --sim-time 1.5 --seq-graph project/file/graph_15_nodes.json --traffic project/file/traffic_15_nodes_net.json --inspection-rate 0.001 --mess-rate 0.002 --algorithm centflow,0.370428199997,0,4,0,5,0,0,0,0,3,0,0,0,0,0,0,0,0,0,1,0,0,0,4,0,1,0,0,0,0,0,0,0,0,2,0,0,1,0,0,0,0,0,0,2
project/sim_ext.py --sim-time 1.5 --seq-graph project/file/graph_15_nodes.json --traffic project/file/traffic_15_nodes_net.json --inspection-rate 0.001 --mess-rate 0.002 --algorithm centflow,0.371527399997,0,9,0,9,1,0,0,0,9,0,1,0,2,0,5,0,0,0,0,0,1,0,8,0,0,0,0,5,1,0,0,0,1,0,0,0,4,1,0,0,0,3,1,6
project/sim_ext.py --sim-time 1.5 --seq-graph project/file/graph_15_nodes.json --traffic project/file/traffic_15_nodes_net.json --inspection-rate 0.001 --mess-rate 0.002 --algorithm centflow,0.37262399999699997,0,10,0,10,9,2,0,0,10,0,0,0,4,4,0,1,0,0,1,0,0,2,10,0,0,0,1,7,0,0,0,0,3,0,0,0,3,10,5,0,3,10,9,10
project/sim_ext.py --sim-time 1.5 --seq-graph project/file/graph_15_nodes.json --traffic project/file/traffic_15_nodes_net.json --inspection-rate 0.001 --mess-rate 0.002 --algorithm centflow,0.373707000001,0,10,0,10,9,4,0,0,10,0,2,2,6,6,0,1,2,0,0,0,0,4,10,0,0,0,1,7,0,3,1,0,4,2,0,3,10,10,10,10,10,10,10,10
project/sim_ext.py --sim-time 1.5 --seq-graph project/file/graph_15_nodes.json --traffic project/file/traffic_15_nodes_net.json --inspection-rate 0.001 --mess-rate 0.002 --algorithm centflow,0.374964000001,0,10,0,10,10,7,0,1,10,0,4,7,7,8,1,0,4,1,0,1,0,10,10,0,1,0,3,8,4,0,0,0,8,4,2,0,10,10,10,10,10,10,10,10
project/sim_ext.py --sim-time 1.5 --seq-graph project/file/graph_15_nodes.json --traffic project/file/traffic_15_nodes_net.json --inspection-rate 0.001 --mess-rate 0.002 --algorithm centflow,0.375975000001,0,10,0,10,10,7,0,0,10,0,5,9,8,10,0,1,5,0,0,1,2,10,10,1,0,0,4,9,6,2,0,2,10,5,0,0,10,10,10,10,10,10,10,10
project/sim_ext.py --sim-time 1.5 --seq-graph project/file/graph_15_nodes.json --traffic project/file/traffic_15_nodes_net.json --inspection-rate 0.001 --mess-rate 0.002 --algorithm centflow,0.377040000001,0,10,0,10,10,9,0,1,10,0,6,10,9,10,0,0,6,0,0,1,8,10,10,3,0,0,4,9,10,6,0,0,10,8,0,0,10,10,10,10,10,10,10,10
project/sim_ext.py --sim-time 1.5 --seq-graph project/file/graph_15_nodes.json --traffic project/file/traffic_15_nodes_net.json --inspection-rate 0.001 --mess-rate 0.002 --algorithm centflow,0.378056000001,0,10,2,10,10,0,0,0,10,1,9,10,10,10,1,0,6,2,0,3,10,10,10,0,2,0,8,10,10,0,0,0,10,10,0,2,10,10,10,10,10,10,10,10
project/sim_ext.py --sim-time 1.5 --seq-graph project/file/graph_15_nodes.json --traffic project/file/traffic_15_nodes_net.json --inspection-rate 0.001 --mess-rate 0.002 --algorithm centflow,0.379204999978,0,10,4,10,10,0,0,0,10,0,10,10,10,10,2,0,7,4,0,4,10,10,10,0,0,1,9,10,10,0,1,0,10,10,0,3,10,10,10,10,10,10,10,10
project/sim_ext.py --sim-time 1.5 --seq-graph project/file/graph_15_nodes.json --traffic project/file/traffic_15_nodes_net.json --inspection-rate 0.001 --mess-rate 0.002 --algorithm centflow,0.380214999982,0,10,4,10,10,0,4,3,10,0,10,10,10,10,3,0,9,2,0,4,10,10,10,3,0,0,10,10,10,0,4,0,10,10,0,0,10,10,10,10,10,10,10,10
project/sim_ext.py --sim-time 1.5 --seq-graph project/file/graph_15_nodes.json --traffic project/file/traffic_15_nodes_net.json --inspection-rate 0.001 --mess-rate 0.002 --algorithm centflow,0.38142576203642276,0,10,6,10,10,5,9,10,10,0,10,10,10,10,4,0,10,3,0,4,10,10,10,4,2,0,10,10,10,0,0,1,10,10,4,0,10,10,10,10,10,10,10,10
project/sim_ext.py --sim-time 1.5 --seq-graph project/file/graph_15_nodes.json --traffic project/file/traffic_15_nodes_net.json --inspection-rate 0.001 --mess-rate 0.002 --algorithm centflow,0.38243735313731836,0,10,7,10,10,2,5,10,10,0,10,10,10,10,6,0,10,4,0,6,10,10,10,5,0,1,10,10,10,0,0,0,10,10,0,2,10,10,10,10,10,10,10,10
project/sim_ext.py --sim-time 1.5 --seq-graph project/file/graph_15_nodes.json --traffic project/file/traffic_15_nodes_net.json --inspection-rate 0.001 --mess-rate 0.002 --algorithm centflow,0.38348185414198493,0,10,10,10,10,7,7,0,10,0,10,10,10,10,7,0,10,4,0,7,10,10,10,6,0,0,10,10,10,0,2,0,10,10,1,4,10,10,10,10,10,10,10,10
project/sim_ext.py --sim-time 1.5 --seq-graph project/file/graph_15_nodes.json --traffic project/file/traffic_15_nodes_net.json --inspection-rate 0.001 --mess-rate 0.002 --algorithm centflow,0.38452123606560906,0,10,10,10,10,10,9,0,10,1,10,10,10,10,9,0,10,5,0,7,10,10,10,6,1,0,10,10,10,0,3,0,10,10,2,5,10,10,10,10,10,10,10,10
project/sim_ext.py --sim-time 1.5 --seq-graph project/file/graph_15_nodes.json --traffic project/file/traffic_15_nodes_net.json --inspection-rate 0.001 --mess-rate 0.002 --algorithm centflow,0.3855347744804,0,10,10,10,10,10,10,0,10,1,10,10,10,10,10,1,10,5,1,8,10,10,10,9,1,0,10,10,10,1,3,0,10,10,4,7,10,10,10,10,10,10,10,10
project/sim_ext.py --sim-time 1.5 --seq-graph project/file/graph_15_nodes.json --traffic project/file/traffic_15_nodes_net.json --inspection-rate 0.001 --mess-rate 0.002 --algorithm centflow,0.386548199997,0,10,10,10,10,9,10,0,10,3,10,10,10,10,10,0,10,8,2,8,10,10,10,9,1,0,10,10,10,2,3,0,10,10,5,8,10,10,10,10,10,10,10,10
project/sim_ext.py --sim-time 1.5 --seq-graph project/file/graph_15_nodes.json --traffic project/file/traffic_15_nodes_net.json --inspection-rate 0.001 --mess-rate 0.002 --algorithm centflow,0.387568000001,0,10,10,10,10,0,10,1,10,3,10,10,10,10,10,1,10,10,2,10,10,10,10,10,1,0,10,10,10,4,3,0,10,10,0,0,10,10,10,10,10,10,10,10
project/sim_ext.py --sim-time 1.5 --seq-graph project/file/graph_15_nodes.json --traffic project/file/traffic_15_nodes_net.json --inspection-rate 0.001 --mess-rate 0.002 --algorithm centflow,0.388604999974,1,10,10,10,10,0,10,3,10,3,10,10,10,10,10,1,10,10,4,10,10,10,10,10,2,0,10,10,10,6,5,0,10,10,0,0,10,10,10,10,10,10,10,10
project/sim_ext.py --sim-time 1.5 --seq-graph project/file/graph_15_nodes.json --traffic project/file/traffic_15_nodes_net.json --inspection-rate 0.001 --mess-rate 0.002 --algorithm centflow,0.389659000001,0,10,10,10,10,0,10,5,10,4,10,10,10,10,10,1,10,10,5,10,10,10,10,10,2,0,10,10,10,7,10,0,10,10,2,0,10,10,10,10,10,10,10,10
project/sim_ext.py --sim-time 1.5 --seq-graph project/file/graph_15_nodes.json --traffic project/file/traffic_15_nodes_net.json --inspection-rate 0.001 --mess-rate 0.002 --algorithm centflow,0.390677892431979,0,10,10,10,10,6,10,8,10,5,10,10,10,10,10,1,10,10,8,10,10,10,10,10,3,0,10,10,10,7,10,0,10,10,0,0,10,10,10,10,10,10,10,10
project/sim_ext.py --sim-time 1.5 --seq-graph project/file/graph_15_nodes.json --traffic project/file/traffic_15_nodes_net.json --inspection-rate 0.001 --mess-rate 0.002 --algorithm centflow,0.39167866357679576,0,10,10,10,10,4,10,10,10,5,10,10,10,10,10,2,10,10,9,10,10,10,10,10,6,0,10,10,10,7,10,0,10,10,0,1,10,10,10,10,10,10,10,10
project/sim_ext.py --sim-time 1.5 --seq-graph project/file/graph_15_nodes.json --traffic project/file/traffic_15_nodes_net.json --inspection-rate 0.001 --mess-rate 0.002 --algorithm centflow,0.392688000001,1,10,10,10,10,4,10,10,10,6,10,10,10,10,10,2,10,10,9,10,10,10,10,10,7,0,10,10,10,8,10,0,10,10,0,1,10,10,10,10,10,10,10,10
project/sim_ext.py --sim-time 1.5 --seq-graph project/file/graph_15_nodes.json --traffic project/file/traffic_15_nodes_net.json --inspection-rate 0.001 --mess-rate 0.002 --algorithm centflow,0.3937216792739796,1,10,10,10,10,6,10,10,10,8,10,10,10,10,10,4,10,10,9,10,10,10,10,10,9,0,10,10,10,10,10,0,10,10,1,0,10,10,10,10,10,10,10,10
project/sim_ext.py --sim-time 1.5 --seq-graph project/file/graph_15_nodes.json --traffic project/file/traffic_15_nodes_net.json --inspection-rate 0.001 --mess-rate 0.002 --algorithm centflow,0.3948886768027908,1,10,10,10,10,10,10,10,10,8,10,10,10,10,10,4,10,10,10,10,10,10,10,10,10,0,10,10,10,10,10,0,10,10,0,0,10,10,10,10,10,10,10,10
project/sim_ext.py --sim-time 1.5 --seq-graph project/file/graph_15_nodes.json --traffic project/file/traffic_15_nodes_net.json --inspection-rate 0.001 --mess-rate 0.002 --algorithm centflow,0.395973946681134,1,10,10,10,10,10,10,10,10,10,10,10,10,10,10,4,10,10,10,10,10,10,10,10,10,0,10,10,10,10,10,0,10,10,1,0,10,10,10,10,10,10,10,10
project/sim_ext.py --sim-time 1.5 --seq-graph project/file/graph_15_nodes.json --traffic project/file/traffic_15_nodes_net.json --inspection-rate 0.001 --mess-rate 0.002 --algorithm centflow,0.397016000001,1,10,10,10,10,10,10,10,10,10,10,10,10,10,10,4,10,10,10,10,10,10,10,10,10,0,10,10,10,10,10,0,10,10,1,0,10,10,10,10,10,10,10,10
project/sim_ext.py --sim-time 1.5 --seq-graph project/file/graph_15_nodes.json --traffic project/file/traffic_15_nodes_net.json --inspection-rate 0.001 --mess-rate 0.002 --algorithm centflow,0.3980338014683599,5,10,10,10,10,10,10,10,10,10,10,10,10,10,10,5,10,10,10,10,10,10,10,10,10,0,10,10,10,10,10,0,10,10,0,1,10,10,10,10,10,10,10,10
project/sim_ext.py --sim-time 1.5 --seq-graph project/file/graph_15_nodes.json --traffic project/file/traffic_15_nodes_net.json --inspection-rate 0.001 --mess-rate 0.002 --algorithm centflow,0.39907299999699997,2,7,0,3,0,0,1,0,0,0,2,0,1,0,1,0,0,1,0,0,9,0,0,0,0,0,0,0,0,0,1,0,0,0,0,0,1,0,2,9,0,0,1,1
project/sim_ext.py --sim-time 1.5 --seq-graph project/file/graph_15_nodes.json --traffic project/file/traffic_15_nodes_net.json --inspection-rate 0.001 --mess-rate 0.002 --algorithm centflow,0.400073599997,1,6,1,0,0,0,2,0,1,0,0,0,0,0,0,1,0,0,0,0,0,1,0,0,2,0,1,0,1,2,0,0,0,0,0,0,0,0,4,2,1,0,9,0
project/sim_ext.py --sim-time 1.5 --seq-graph project/file/graph_15_nodes.json --traffic project/file/traffic_15_nodes_net.json --inspection-rate 0.001 --mess-rate 0.002 --algorithm centflow,0.401118000001,2,0,0,0,0,0,0,1,5,0,0,0,0,3,5,0,0,0,0,0,2,0,1,1,0,0,1,0,0,0,0,0,0,2,0,0,0,0,0,0,3,1,0,0
project/sim_ext.py --sim-time 1.5 --seq-graph project/file/graph_15_nodes.json --traffic project/file/traffic_15_nodes_net.json --inspection-rate 0.001 --mess-rate 0.002 --algorithm centflow,0.4023182335044486,0,5,2,6,0,0,0,4,10,0,0,0,1,1,0,0,2,0,0,0,0,2,4,0,2,0,0,0,0,0,0,0,0,3,0,0,4,4,0,0,8,0,2,5
project/sim_ext.py --sim-time 1.5 --seq-graph project/file/graph_15_nodes.json --traffic project/file/traffic_15_nodes_net.json --inspection-rate 0.001 --mess-rate 0.002 --algorithm centflow,0.403476000001,1,8,0,10,0,0,0,0,10,0,7,1,3,5,0,1,4,0,0,0,0,10,9,1,0,0,0,3,4,0,1,0,2,0,2,0,9,10,5,0,9,4,6,10
project/sim_ext.py --sim-time 1.5 --seq-graph project/file/graph_15_nodes.json --traffic project/file/traffic_15_nodes_net.json --inspection-rate 0.001 --mess-rate 0.002 --algorithm centflow,0.404591000001,0,8,1,10,1,1,0,0,10,0,9,2,4,6,0,0,9,3,2,0,0,10,10,0,0,0,2,4,7,0,0,0,6,0,5,0,10,10,10,6,10,10,10,10
project/sim_ext.py --sim-time 1.5 --seq-graph project/file/graph_15_nodes.json --traffic project/file/traffic_15_nodes_net.json --inspection-rate 0.001 --mess-rate 0.002 --algorithm centflow,0.405633000001,0,9,0,10,4,4,0,2,10,0,10,5,4,8,0,0,10,0,1,0,1,10,10,0,1,0,6,6,10,0,0,0,10,0,0,0,10,10,10,10,10,10,10,10
project/sim_ext.py --sim-time 1.5 --seq-graph project/file/graph_15_nodes.json --traffic project/file/traffic_15_nodes_net.json --inspection-rate 0.001 --mess-rate 0.002 --algorithm centflow,0.40674530145365134,0,10,0,10,5,0,0,4,10,0,10,7,6,10,0,0,10,0,0,1,4,10,10,0,1,0,8,6,10,1,0,0,10,4,0,1,10,10,10,10,10,10,10,10
project/sim_ext.py --sim-time 1.5 --seq-graph project/file/graph_15_nodes.json --traffic project/file/traffic_15_nodes_net.json --inspection-rate 0.001 --mess-rate 0.002 --algorithm centflow,0.408089000001,0,10,1,10,8,0,3,0,10,0,10,9,7,10,0,0,10,2,0,4,7,10,10,0,0,0,10,8,10,0,0,0,10,9,3,1,10,10,10,10,10,10,10,10
project/sim_ext.py --sim-time 1.5 --seq-graph project/file/graph_15_nodes.json --traffic project/file/traffic_15_nodes_net.json --inspection-rate 0.001 --mess-rate 0.002 --algorithm centflow,0.409123000001,1,10,4,10,9,0,9,0,10,0,10,9,7,10,0,1,10,2,0,5,10,10,10,0,5,0,10,8,10,1,0,1,10,10,4,0,10,10,10,10,10,10,10,10
project/sim_ext.py --sim-time 1.5 --seq-graph project/file/graph_15_nodes.json --traffic project/file/traffic_15_nodes_net.json --inspection-rate 0.001 --mess-rate 0.002 --algorithm centflow,0.410355000001,0,10,8,10,10,5,10,0,10,0,10,10,8,10,0,3,10,1,0,6,10,10,10,1,0,0,10,10,10,0,0,0,10,10,0,0,10,10,10,10,10,10,10,10
project/sim_ext.py --sim-time 1.5 --seq-graph project/file/graph_15_nodes.json --traffic project/file/traffic_15_nodes_net.json --inspection-rate 0.001 --mess-rate 0.002 --algorithm centflow,0.4113800942712419,0,10,9,10,10,8,10,1,10,0,10,10,10,10,2,0,10,2,0,7,10,10,10,4,1,0,10,10,10,1,0,0,10,10,0,0,10,10,10,10,10,10,10,10
project/sim_ext.py --sim-time 1.5 --seq-graph project/file/graph_15_nodes.json --traffic project/file/traffic_15_nodes_net.json --inspection-rate 0.001 --mess-rate 0.002 --algorithm centflow,0.41238060263700865,1,10,10,10,10,0,10,0,10,0,10,10,10,10,4,0,10,2,0,10,10,10,10,6,3,0,10,10,10,0,2,1,10,10,0,0,10,10,10,10,10,10,10,10
project/sim_ext.py --sim-time 1.5 --seq-graph project/file/graph_15_nodes.json --traffic project/file/traffic_15_nodes_net.json --inspection-rate 0.001 --mess-rate 0.002 --algorithm centflow,0.413391000001,0,10,10,10,10,1,10,0,10,0,10,10,10,10,5,0,10,2,0,10,10,10,10,8,4,0,10,10,10,0,2,0,10,10,0,0,10,10,10,10,10,10,10,10
project/sim_ext.py --sim-time 1.5 --seq-graph project/file/graph_15_nodes.json --traffic project/file/traffic_15_nodes_net.json --inspection-rate 0.001 --mess-rate 0.002 --algorithm centflow,0.414612000001,0,10,10,10,10,0,0,1,10,0,10,10,10,10,8,0,10,2,0,10,10,10,10,9,5,0,10,10,10,0,3,0,10,10,0,0,10,10,10,10,10,10,10,10
project/sim_ext.py --sim-time 1.5 --seq-graph project/file/graph_15_nodes.json --traffic project/file/traffic_15_nodes_net.json --inspection-rate 0.001 --mess-rate 0.002 --algorithm centflow,0.4156950029696356,0,10,10,10,10,1,2,0,10,0,10,10,10,10,9,0,10,2,0,10,10,10,10,10,6,1,10,10,10,2,5,0,10,10,0,0,10,10,10,10,10,10,10,10
project/sim_ext.py --sim-time 1.5 --seq-graph project/file/graph_15_nodes.json --traffic project/file/traffic_15_nodes_net.json --inspection-rate 0.001 --mess-rate 0.002 --algorithm centflow,0.41672842110682856,0,10,10,10,10,4,4,2,10,0,10,10,10,10,10,0,10,3,1,10,10,10,10,10,7,0,10,10,10,7,9,0,10,10,1,0,10,10,10,10,10,10,10,10
project/sim_ext.py --sim-time 1.5 --seq-graph project/file/graph_15_nodes.json --traffic project/file/traffic_15_nodes_net.json --inspection-rate 0.001 --mess-rate 0.002 --algorithm centflow,0.4178189024903613,1,10,10,10,10,5,5,4,10,0,10,10,10,10,10,0,10,5,2,10,10,10,10,10,8,0,10,10,10,9,9,0,10,10,0,0,10,10,10,10,10,10,10,10
project/sim_ext.py --sim-time 1.5 --seq-graph project/file/graph_15_nodes.json --traffic project/file/traffic_15_nodes_net.json --inspection-rate 0.001 --mess-rate 0.002 --algorithm centflow,0.418848000001,2,10,10,10,10,7,7,5,10,0,10,10,10,10,10,0,10,5,2,10,10,10,10,10,10,0,10,10,10,10,9,0,10,10,0,0,10,10,10,10,10,10,10,10
project/sim_ext.py --sim-time 1.5 --seq-graph project/file/graph_15_nodes.json --traffic project/file/traffic_15_nodes_net.json --inspection-rate 0.001 --mess-rate 0.002 --algorithm centflow,0.41993116403422953,2,10,10,10,10,9,10,6,10,0,10,10,10,10,10,0,10,9,2,10,10,10,10,10,10,1,10,10,10,10,10,0,10,10,0,0,10,10,10,10,10,10,10,10
project/sim_ext.py --sim-time 1.5 --seq-graph project/file/graph_15_nodes.json --traffic project/file/traffic_15_nodes_net.json --inspection-rate 0.001 --mess-rate 0.002 --algorithm centflow,0.420958000001,3,10,10,10,10,9,10,7,10,0,10,10,10,10,10,0,10,10,3,10,10,10,10,10,10,0,10,10,10,10,10,0,10,10,1,1,10,10,10,10,10,10,10,10
project/sim_ext.py --sim-time 1.5 --seq-graph project/file/graph_15_nodes.json --traffic project/file/traffic_15_nodes_net.json --inspection-rate 0.001 --mess-rate 0.002 --algorithm centflow,0.421986000001,3,10,10,10,10,10,10,3,10,1,10,10,10,10,10,0,10,10,3,10,10,10,10,10,10,0,10,10,10,10,10,0,10,10,2,2,10,10,10,10,10,10,10,10
project/sim_ext.py --sim-time 1.5 --seq-graph project/file/graph_15_nodes.json --traffic project/file/traffic_15_nodes_net.json --inspection-rate 0.001 --mess-rate 0.002 --algorithm centflow,0.4230189093058822,3,10,10,10,10,10,10,4,10,1,10,10,10,10,10,0,10,10,5,10,10,10,10,10,10,0,10,10,10,10,10,0,10,10,6,2,10,10,10,10,10,10,10,10
project/sim_ext.py --sim-time 1.5 --seq-graph project/file/graph_15_nodes.json --traffic project/file/traffic_15_nodes_net.json --inspection-rate 0.001 --mess-rate 0.002 --algorithm centflow,0.424028000001,3,10,10,10,10,10,10,6,10,1,10,10,10,10,10,0,10,10,6,10,10,10,10,10,10,0,10,10,10,10,10,0,10,10,9,3,10,10,10,10,10,10,10,10
project/sim_ext.py --sim-time 1.5 --seq-graph project/file/graph_15_nodes.json --traffic project/file/traffic_15_nodes_net.json --inspection-rate 0.001 --mess-rate 0.002 --algorithm centflow,0.425073999997,3,10,10,10,10,10,10,8,10,1,10,10,10,10,10,0,10,10,9,10,10,10,10,10,10,0,10,10,10,10,10,0,10,10,0,0,10,10,10,10,10,10,10,10
project/sim_ext.py --sim-time 1.5 --seq-graph project/file/graph_15_nodes.json --traffic project/file/traffic_15_nodes_net.json --inspection-rate 0.001 --mess-rate 0.002 --algorithm centflow,0.426136399997,3,10,10,10,10,10,10,8,10,1,10,10,10,10,10,0,10,10,10,10,10,10,10,10,10,0,10,10,10,10,10,0,10,10,0,0,10,10,10,10,10,10,10,10
project/sim_ext.py --sim-time 1.5 --seq-graph project/file/graph_15_nodes.json --traffic project/file/traffic_15_nodes_net.json --inspection-rate 0.001 --mess-rate 0.002 --algorithm centflow,0.427183000001,4,10,10,10,10,10,10,9,10,1,10,10,10,10,10,1,10,10,10,10,10,10,10,10,10,0,10,10,10,10,10,0,10,10,0,0,10,10,10,10,10,10,10,10
project/sim_ext.py --sim-time 1.5 --seq-graph project/file/graph_15_nodes.json --traffic project/file/traffic_15_nodes_net.json --inspection-rate 0.001 --mess-rate 0.002 --algorithm centflow,0.428295000001,5,10,10,10,10,10,10,10,10,2,10,10,10,10,10,1,10,10,10,10,10,10,10,10,10,0,10,10,10,10,10,1,10,10,0,0,10,10,10,10,10,10,10,10
project/sim_ext.py --sim-time 1.5 --seq-graph project/file/graph_15_nodes.json --traffic project/file/traffic_15_nodes_net.json --inspection-rate 0.001 --mess-rate 0.002 --algorithm centflow,0.429447000001,8,10,10,10,10,10,10,10,10,2,10,10,10,10,10,3,10,10,10,0,10,10,10,10,10,0,10,10,10,10,10,1,10,0,3,0,10,10,10,10,10,10,10,10
project/sim_ext.py --sim-time 1.5 --seq-graph project/file/graph_15_nodes.json --traffic project/file/traffic_15_nodes_net.json --inspection-rate 0.001 --mess-rate 0.002 --algorithm centflow,0.430488000001,8,10,10,10,10,10,10,10,10,3,10,10,10,10,10,5,10,10,10,0,10,10,10,10,10,0,10,10,10,10,10,1,10,0,0,0,10,10,10,10,10,10,10,10
project/sim_ext.py --sim-time 1.5 --seq-graph project/file/graph_15_nodes.json --traffic project/file/traffic_15_nodes_net.json --inspection-rate 0.001 --mess-rate 0.002 --algorithm centflow,0.431564999974,8,10,10,10,10,10,10,10,10,4,10,10,10,10,10,5,10,10,10,0,10,10,10,10,10,0,10,10,10,10,10,0,10,0,0,0,10,10,10,10,10,10,10,10
project/sim_ext.py --sim-time 1.5 --seq-graph project/file/graph_15_nodes.json --traffic project/file/traffic_15_nodes_net.json --inspection-rate 0.001 --mess-rate 0.002 --algorithm centflow,0.43271600000099997,8,10,10,10,10,10,10,10,10,5,10,10,10,10,10,5,10,10,10,0,10,10,10,10,10,0,10,10,10,10,10,0,10,0,0,0,10,10,10,10,10,10,10,10
project/sim_ext.py --sim-time 1.5 --seq-graph project/file/graph_15_nodes.json --traffic project/file/traffic_15_nodes_net.json --inspection-rate 0.001 --mess-rate 0.002 --algorithm centflow,0.433817000001,9,10,10,10,10,10,10,10,10,5,10,10,10,10,10,5,10,10,10,0,10,10,10,10,10,1,10,10,10,10,10,1,10,3,0,0,10,10,10,10,10,10,10,10
project/sim_ext.py --sim-time 1.5 --seq-graph project/file/graph_15_nodes.json --traffic project/file/traffic_15_nodes_net.json --inspection-rate 0.001 --mess-rate 0.002 --algorithm centflow,0.434979000001,9,10,10,10,10,10,10,10,10,6,10,10,10,10,10,7,10,10,10,0,10,10,10,10,10,0,10,10,10,10,10,1,10,6,1,0,10,10,10,10,10,10,10,10
project/sim_ext.py --sim-time 1.5 --seq-graph project/file/graph_15_nodes.json --traffic project/file/traffic_15_nodes_net.json --inspection-rate 0.001 --mess-rate 0.002 --algorithm centflow,0.435981799997,10,10,10,10,10,10,10,10,10,7,10,10,10,10,10,7,10,10,10,0,10,10,10,10,10,0,10,10,10,10,10,0,10,10,3,0,10,10,10,10,10,10,10,10
project/sim_ext.py --sim-time 1.5 --seq-graph project/file/graph_15_nodes.json --traffic project/file/traffic_15_nodes_net.json --inspection-rate 0.001 --mess-rate 0.002 --algorithm centflow,0.436989000001,10,10,10,10,10,10,10,10,10,8,10,10,10,10,10,8,10,10,10,0,10,10,10,10,10,0,10,10,10,10,10,0,10,10,5,0,10,10,10,10,10,10,10,10
project/sim_ext.py --sim-time 1.5 --seq-graph project/file/graph_15_nodes.json --traffic project/file/traffic_15_nodes_net.json --inspection-rate 0.001 --mess-rate 0.002 --algorithm centflow,0.438004000001,10,10,10,10,10,10,10,10,10,9,10,10,10,10,10,10,10,10,10,0,10,10,10,10,10,0,10,10,10,10,10,1,10,2,6,0,10,10,10,10,10,10,10,10
project/sim_ext.py --sim-time 1.5 --seq-graph project/file/graph_15_nodes.json --traffic project/file/traffic_15_nodes_net.json --inspection-rate 0.001 --mess-rate 0.002 --algorithm centflow,0.439031000001,10,10,10,10,10,10,10,10,10,9,10,10,10,10,10,10,10,10,10,0,10,10,10,10,10,0,10,10,10,10,10,0,10,0,6,0,10,10,10,10,10,10,10,10
project/sim_ext.py --sim-time 1.5 --seq-graph project/file/graph_15_nodes.json --traffic project/file/traffic_15_nodes_net.json --inspection-rate 0.001 --mess-rate 0.002 --algorithm centflow,0.440086000001,0,3,0,0,0,0,0,0,0,0,3,0,1,1,0,0,0,0,1,0,10,1,0,0,0,1,0,0,1,0,0,0,0,0,0,0,0,0,0,10,0,0,1,0
project/sim_ext.py --sim-time 1.5 --seq-graph project/file/graph_15_nodes.json --traffic project/file/traffic_15_nodes_net.json --inspection-rate 0.001 --mess-rate 0.002 --algorithm centflow,0.441159399997,0,0,0,3,0,1,1,0,0,0,1,3,0,1,1,0,0,3,0,2,0,0,1,0,0,0,0,0,0,0,0,0,0,3,0,2,0,0,0,0,1,0,0,4
project/sim_ext.py --sim-time 1.5 --seq-graph project/file/graph_15_nodes.json --traffic project/file/traffic_15_nodes_net.json --inspection-rate 0.001 --mess-rate 0.002 --algorithm centflow,0.442230399997,0,4,0,2,0,0,1,2,10,0,0,0,1,0,0,0,0,0,2,8,0,1,6,0,1,0,0,0,0,0,0,0,3,7,0,0,0,2,0,0,0,0,0,1
project/sim_ext.py --sim-time 1.5 --seq-graph project/file/graph_15_nodes.json --traffic project/file/traffic_15_nodes_net.json --inspection-rate 0.001 --mess-rate 0.002 --algorithm centflow,0.443298000001,0,10,0,4,0,2,0,1,10,0,0,2,3,0,0,0,6,2,0,9,1,1,10,0,0,0,0,1,0,0,0,0,0,10,2,0,3,9,4,0,0,0,5,9
project/sim_ext.py --sim-time 1.5 --seq-graph project/file/graph_15_nodes.json --traffic project/file/traffic_15_nodes_net.json --inspection-rate 0.001 --mess-rate 0.002 --algorithm centflow,0.444306320799695,0,10,0,6,0,4,0,0,10,0,0,3,7,7,2,0,0,3,0,10,0,5,10,0,0,0,1,5,5,0,0,0,2,10,3,0,10,10,10,0,6,0,10,10
project/sim_ext.py --sim-time 1.5 --seq-graph project/file/graph_15_nodes.json --traffic project/file/traffic_15_nodes_net.json --inspection-rate 0.001 --mess-rate 0.002 --algorithm centflow,0.44537600000099997,0,10,1,7,2,6,0,2,10,0,0,7,7,9,0,0,3,7,0,10,0,6,10,0,0,0,6,6,10,1,0,0,4,10,6,0,10,10,10,10,10,9,10,10
project/sim_ext.py --sim-time 1.5 --seq-graph project/file/graph_15_nodes.json --traffic project/file/traffic_15_nodes_net.json --inspection-rate 0.001 --mess-rate 0.002 --algorithm centflow,0.44642499997,0,10,6,9,4,7,0,3,10,0,3,10,10,10,0,0,1,0,0,10,0,8,10,2,0,0,9,10,10,5,0,0,5,10,9,0,10,10,10,10,10,10,10,10
project/sim_ext.py --sim-time 1.5 --seq-graph project/file/graph_15_nodes.json --traffic project/file/traffic_15_nodes_net.json --inspection-rate 0.001 --mess-rate 0.002 --algorithm centflow,0.44751300000099997,0,10,0,10,7,0,0,3,10,0,5,10,10,10,1,0,5,1,0,10,4,10,10,0,0,0,10,10,10,0,0,0,7,10,0,0,10,10,10,10,10,10,10,10
project/sim_ext.py --sim-time 1.5 --seq-graph project/file/graph_15_nodes.json --traffic project/file/traffic_15_nodes_net.json --inspection-rate 0.001 --mess-rate 0.002 --algorithm centflow,0.44851939999699997,0,10,0,10,10,3,0,0,10,0,8,10,10,10,0,0,7,0,0,10,6,10,10,0,0,1,10,10,10,0,0,0,7,10,0,1,10,10,10,10,10,10,10,10
project/sim_ext.py --sim-time 1.5 --seq-graph project/file/graph_15_nodes.json --traffic project/file/traffic_15_nodes_net.json --inspection-rate 0.001 --mess-rate 0.002 --algorithm centflow,0.44964729505075557,0,10,0,10,10,0,1,0,10,0,10,10,10,10,0,1,9,0,0,10,7,10,10,0,0,0,10,10,10,0,0,0,10,10,0,4,10,10,10,10,10,10,10,10
project/sim_ext.py --sim-time 1.5 --seq-graph project/file/graph_15_nodes.json --traffic project/file/traffic_15_nodes_net.json --inspection-rate 0.001 --mess-rate 0.002 --algorithm centflow,0.4507005353984306,0,10,0,10,10,0,0,1,10,0,10,10,10,10,0,0,10,0,0,10,10,10,10,1,0,0,10,10,10,0,4,0,10,10,2,4,10,10,10,10,10,10,10,10
project/sim_ext.py --sim-time 1.5 --seq-graph project/file/graph_15_nodes.json --traffic project/file/traffic_15_nodes_net.json --inspection-rate 0.001 --mess-rate 0.002 --algorithm centflow,0.45171499996299996,1,10,0,10,10,0,2,0,10,0,10,10,10,10,1,0,10,0,0,10,10,10,10,0,2,0,10,10,10,0,2,0,10,10,5,5,10,10,10,10,10,10,10,10
project/sim_ext.py --sim-time 1.5 --seq-graph project/file/graph_15_nodes.json --traffic project/file/traffic_15_nodes_net.json --inspection-rate 0.001 --mess-rate 0.002 --algorithm centflow,0.452758399997,0,10,2,10,10,1,8,0,10,0,10,10,10,10,1,0,10,1,0,10,10,10,10,0,4,2,10,10,10,0,4,0,10,10,0,5,10,10,10,10,10,10,10,10
project/sim_ext.py --sim-time 1.5 --seq-graph project/file/graph_15_nodes.json --traffic project/file/traffic_15_nodes_net.json --inspection-rate 0.001 --mess-rate 0.002 --algorithm centflow,0.453761000001,0,10,4,10,10,7,10,0,10,0,10,10,10,10,3,0,10,5,0,10,10,10,10,1,5,0,10,10,10,0,7,0,10,10,0,9,10,10,10,10,10,10,10,10
project/sim_ext.py --sim-time 1.5 --seq-graph project/file/graph_15_nodes.json --traffic project/file/traffic_15_nodes_net.json --inspection-rate 0.001 --mess-rate 0.002 --algorithm centflow,0.454898000001,0,10,5,10,10,8,10,0,10,0,10,10,10,10,3,0,10,6,0,10,10,10,10,4,6,0,10,10,10,0,10,0,10,10,0,10,10,10,10,10,10,10,10,10
project/sim_ext.py --sim-time 1.5 --seq-graph project/file/graph_15_nodes.json --traffic project/file/traffic_15_nodes_net.json --inspection-rate 0.001 --mess-rate 0.002 --algorithm centflow,0.45592000000099997,0,10,10,10,10,10,10,0,10,0,10,10,10,10,5,0,10,7,0,10,10,10,10,6,8,0,10,10,10,1,10,0,10,10,1,0,10,10,10,10,10,10,10,10
project/sim_ext.py --sim-time 1.5 --seq-graph project/file/graph_15_nodes.json --traffic project/file/traffic_15_nodes_net.json --inspection-rate 0.001 --mess-rate 0.002 --algorithm centflow,0.456954599997,0,10,10,10,10,3,0,2,10,0,10,10,10,10,8,0,10,7,0,10,10,10,10,6,9,0,10,10,10,0,10,0,10,10,0,0,10,10,10,10,10,10,10,10
project/sim_ext.py --sim-time 1.5 --seq-graph project/file/graph_15_nodes.json --traffic project/file/traffic_15_nodes_net.json --inspection-rate 0.001 --mess-rate 0.002 --algorithm centflow,0.457989000001,0,10,10,10,10,0,3,0,10,0,10,10,10,10,10,0,10,8,1,10,10,10,10,7,10,0,10,10,10,3,10,0,10,10,1,0,10,10,10,10,10,10,10,10
project/sim_ext.py --sim-time 1.5 --seq-graph project/file/graph_15_nodes.json --traffic project/file/traffic_15_nodes_net.json --inspection-rate 0.001 --mess-rate 0.002 --algorithm centflow,0.459005000001,0,10,10,10,10,2,6,0,10,3,10,10,10,10,10,0,10,10,1,10,10,10,10,9,10,0,10,10,10,5,10,0,10,10,0,0,10,10,10,10,10,10,10,10
project/sim_ext.py --sim-time 1.5 --seq-graph project/file/graph_15_nodes.json --traffic project/file/traffic_15_nodes_net.json --inspection-rate 0.001 --mess-rate 0.002 --algorithm centflow,0.4600555006207569,0,10,10,10,10,3,10,2,10,3,10,10,10,10,10,0,10,10,2,10,10,10,10,10,10,1,10,10,10,10,10,0,10,10,0,0,10,10,10,10,10,10,10,10
project/sim_ext.py --sim-time 1.5 --seq-graph project/file/graph_15_nodes.json --traffic project/file/traffic_15_nodes_net.json --inspection-rate 0.001 --mess-rate 0.002 --algorithm centflow,0.461121000001,0,10,10,10,10,7,10,0,10,3,10,10,10,10,10,0,10,10,2,10,10,10,10,10,10,0,10,10,10,10,10,0,10,10,1,0,10,10,10,10,10,10,10,10
project/sim_ext.py --sim-time 1.5 --seq-graph project/file/graph_15_nodes.json --traffic project/file/traffic_15_nodes_net.json --inspection-rate 0.001 --mess-rate 0.002 --algorithm centflow,0.462277199997,0,10,10,10,10,7,10,3,10,3,10,10,10,10,10,2,10,10,3,10,10,10,10,10,10,1,10,10,10,10,10,0,10,10,0,0,10,10,10,10,10,10,10,10
project/sim_ext.py --sim-time 1.5 --seq-graph project/file/graph_15_nodes.json --traffic project/file/traffic_15_nodes_net.json --inspection-rate 0.001 --mess-rate 0.002 --algorithm centflow,0.46343779999699997,0,10,10,10,10,9,10,5,10,4,10,10,10,10,10,3,10,10,5,10,10,10,10,10,10,0,10,10,10,10,10,0,10,10,2,0,10,10,10,10,10,10,10,10
project/sim_ext.py --sim-time 1.5 --seq-graph project/file/graph_15_nodes.json --traffic project/file/traffic_15_nodes_net.json --inspection-rate 0.001 --mess-rate 0.002 --algorithm centflow,0.464459599997,0,10,10,10,10,10,10,7,10,6,10,10,10,10,10,3,10,10,5,10,10,10,10,10,10,0,10,10,10,10,10,0,10,10,0,0,10,10,10,10,10,10,10,10
project/sim_ext.py --sim-time 1.5 --seq-graph project/file/graph_15_nodes.json --traffic project/file/traffic_15_nodes_net.json --inspection-rate 0.001 --mess-rate 0.002 --algorithm centflow,0.465475000001,0,10,10,10,10,10,10,9,10,6,10,10,10,10,10,3,10,10,5,10,10,10,10,10,10,0,10,10,10,10,10,0,10,10,0,2,10,10,10,10,10,10,10,10
project/sim_ext.py --sim-time 1.5 --seq-graph project/file/graph_15_nodes.json --traffic project/file/traffic_15_nodes_net.json --inspection-rate 0.001 --mess-rate 0.002 --algorithm centflow,0.466611000001,0,10,10,10,10,10,10,9,10,7,10,10,10,10,10,4,10,10,7,10,10,10,10,10,10,1,10,10,10,10,10,0,10,10,0,2,10,10,10,10,10,10,10,10
project/sim_ext.py --sim-time 1.5 --seq-graph project/file/graph_15_nodes.json --traffic project/file/traffic_15_nodes_net.json --inspection-rate 0.001 --mess-rate 0.002 --algorithm centflow,0.4676703843162967,2,10,10,10,10,10,10,10,10,7,10,10,10,10,10,4,10,10,7,10,10,10,10,10,10,0,10,10,10,10,10,1,10,10,0,0,10,10,10,10,10,10,10,10
project/sim_ext.py --sim-time 1.5 --seq-graph project/file/graph_15_nodes.json --traffic project/file/traffic_15_nodes_net.json --inspection-rate 0.001 --mess-rate 0.002 --algorithm centflow,0.468692199997,2,10,10,10,10,10,10,10,10,7,10,10,10,10,10,5,10,10,8,10,10,10,10,10,10,0,10,10,10,10,10,0,10,10,2,0,10,10,10,10,10,10,10,10
project/sim_ext.py --sim-time 1.5 --seq-graph project/file/graph_15_nodes.json --traffic project/file/traffic_15_nodes_net.json --inspection-rate 0.001 --mess-rate 0.002 --algorithm centflow,0.469876199997,2,10,10,10,10,10,10,10,10,7,10,10,10,10,10,7,10,10,9,10,10,10,10,10,10,0,10,10,10,10,10,0,10,10,4,0,10,10,10,10,10,10,10,10
project/sim_ext.py --sim-time 1.5 --seq-graph project/file/graph_15_nodes.json --traffic project/file/traffic_15_nodes_net.json --inspection-rate 0.001 --mess-rate 0.002 --algorithm centflow,0.47090879999699997,0,1,0,0,0,0,1,0,0,0,0,0,0,0,1,1,2,0,3,0,10,0,1,2,0,0,0,0,0,0,0,0,0,1,0,0,0,0,1,10,0,0,3,0
project/sim_ext.py --sim-time 1.5 --seq-graph project/file/graph_15_nodes.json --traffic project/file/traffic_15_nodes_net.json --inspection-rate 0.001 --mess-rate 0.002 --algorithm centflow,0.472026599997,0,0,0,0,2,0,0,0,1,0,0,0,0,0,0,0,0,0,0,0,10,2,0,1,0,0,2,2,0,0,2,0,0,0,2,0,0,0,1,10,0,0,0,0
project/sim_ext.py --sim-time 1.5 --seq-graph project/file/graph_15_nodes.json --traffic project/file/traffic_15_nodes_net.json --inspection-rate 0.001 --mess-rate 0.002 --algorithm centflow,0.47305919999699997,0,3,0,2,0,1,1,3,2,0,0,0,0,0,1,0,0,0,0,0,10,1,10,0,0,0,0,2,5,0,5,0,1,2,3,2,0,0,0,10,0,0,1,0
project/sim_ext.py --sim-time 1.5 --seq-graph project/file/graph_15_nodes.json --traffic project/file/traffic_15_nodes_net.json --inspection-rate 0.001 --mess-rate 0.002 --algorithm centflow,0.474244999963,0,7,0,5,0,5,0,0,10,0,1,2,1,4,0,0,0,0,0,0,10,5,10,0,2,0,0,3,0,4,0,0,1,0,0,0,2,5,2,10,2,0,7,0
project/sim_ext.py --sim-time 1.5 --seq-graph project/file/graph_15_nodes.json --traffic project/file/traffic_15_nodes_net.json --inspection-rate 0.001 --mess-rate 0.002 --algorithm centflow,0.475287000001,0,10,1,10,4,9,0,3,10,0,0,0,5,5,0,0,3,0,1,1,10,10,10,0,0,0,1,1,0,0,0,0,6,0,0,1,10,10,10,10,10,7,10,9
project/sim_ext.py --sim-time 1.5 --seq-graph project/file/graph_15_nodes.json --traffic project/file/traffic_15_nodes_net.json --inspection-rate 0.001 --mess-rate 0.002 --algorithm centflow,0.476552000001,0,10,1,10,10,0,0,2,10,0,0,3,8,6,0,0,0,1,0,0,10,10,10,0,0,0,1,1,10,0,0,0,8,0,0,2,10,10,10,10,10,10,10,10
project/sim_ext.py --sim-time 1.5 --seq-graph project/file/graph_15_nodes.json --traffic project/file/traffic_15_nodes_net.json --inspection-rate 0.001 --mess-rate 0.002 --algorithm centflow,0.47758599999699997,0,10,0,10,10,0,0,0,10,0,0,4,10,6,1,0,0,0,1,0,10,10,10,1,0,0,7,3,10,0,0,0,9,0,0,0,10,10,10,10,10,10,10,10
project/sim_ext.py --sim-time 1.5 --seq-graph project/file/graph_15_nodes.json --traffic project/file/traffic_15_nodes_net.json --inspection-rate 0.001 --mess-rate 0.002 --algorithm centflow,0.478749000001,1,10,0,10,10,0,0,2,10,0,1,6,10,6,1,0,0,0,3,0,10,10,10,0,0,1,10,5,10,0,0,0,10,4,0,0,10,10,10,10,10,10,10,10
project/sim_ext.py --sim-time 1.5 --seq-graph project/file/graph_15_nodes.json --traffic project/file/traffic_15_nodes_net.json --inspection-rate 0.001 --mess-rate 0.002 --algorithm centflow,0.47985849204299236,0,10,2,10,10,0,0,4,10,1,3,9,10,7,2,0,0,0,0,3,10,10,10,0,1,3,10,6,10,0,0,0,10,7,0,0,10,10,10,10,10,10,10,10
project/sim_ext.py --sim-time 1.5 --seq-graph project/file/graph_15_nodes.json --traffic project/file/traffic_15_nodes_net.json --inspection-rate 0.001 --mess-rate 0.002 --algorithm centflow,0.480986000001,0,10,3,10,10,3,3,0,10,0,6,9,10,7,3,0,0,2,0,8,10,10,10,0,0,0,10,7,10,0,2,0,10,10,0,0,10,10,10,10,10,10,10,10
project/sim_ext.py --sim-time 1.5 --seq-graph project/file/graph_15_nodes.json --traffic project/file/traffic_15_nodes_net.json --inspection-rate 0.001 --mess-rate 0.002 --algorithm centflow,0.48217200000099997,0,10,5,10,10,6,0,6,10,0,7,10,10,10,4,0,1,0,0,9,10,10,10,0,0,0,10,10,10,0,0,0,10,10,0,1,10,10,10,10,10,10,10,10
project/sim_ext.py --sim-time 1.5 --seq-graph project/file/graph_15_nodes.json --traffic project/file/traffic_15_nodes_net.json --inspection-rate 0.001 --mess-rate 0.002 --algorithm centflow,0.483258000001,0,10,8,10,10,4,3,0,10,0,9,10,10,10,5,0,1,1,2,10,0,10,10,0,0,0,10,10,10,0,0,0,10,10,0,2,10,10,10,0,10,10,10,10
project/sim_ext.py --sim-time 1.5 --seq-graph project/file/graph_15_nodes.json --traffic project/file/traffic_15_nodes_net.json --inspection-rate 0.001 --mess-rate 0.002 --algorithm centflow,0.48428634650152363,0,10,10,10,10,0,6,1,10,0,9,10,10,10,9,0,5,1,3,10,0,10,10,1,0,0,10,10,10,0,3,0,10,10,0,3,10,10,10,0,10,10,10,10
project/sim_ext.py --sim-time 1.5 --seq-graph project/file/graph_15_nodes.json --traffic project/file/traffic_15_nodes_net.json --inspection-rate 0.001 --mess-rate 0.002 --algorithm centflow,0.485300000001,0,10,10,10,10,1,8,4,10,0,10,10,10,10,10,0,6,3,0,10,0,10,10,2,0,0,10,10,10,1,2,0,10,10,0,0,10,10,10,3,10,10,10,10
project/sim_ext.py --sim-time 1.5 --seq-graph project/file/graph_15_nodes.json --traffic project/file/traffic_15_nodes_net.json --inspection-rate 0.001 --mess-rate 0.002 --algorithm centflow,0.486324999967,0,10,10,10,10,0,10,7,10,0,10,10,10,10,10,0,7,3,0,10,0,10,10,4,1,1,10,10,10,3,2,0,10,10,0,0,10,10,10,10,10,10,10,10
project/sim_ext.py --sim-time 1.5 --seq-graph project/file/graph_15_nodes.json --traffic project/file/traffic_15_nodes_net.json --inspection-rate 0.001 --mess-rate 0.002 --algorithm centflow,0.487348000001,0,10,10,10,10,1,10,2,10,0,10,10,10,10,10,0,10,7,1,10,0,10,10,6,2,0,10,10,10,2,5,0,10,10,0,0,10,10,10,0,10,10,10,10
project/sim_ext.py --sim-time 1.5 --seq-graph project/file/graph_15_nodes.json --traffic project/file/traffic_15_nodes_net.json --inspection-rate 0.001 --mess-rate 0.002 --algorithm centflow,0.488595000001,1,10,10,10,10,2,3,7,10,0,10,10,10,10,10,0,10,10,4,10,0,10,10,8,3,0,10,10,10,2,7,0,10,10,0,0,10,10,10,1,10,10,10,10
project/sim_ext.py --sim-time 1.5 --seq-graph project/file/graph_15_nodes.json --traffic project/file/traffic_15_nodes_net.json --inspection-rate 0.001 --mess-rate 0.002 --algorithm centflow,0.489794999959,1,10,10,10,10,5,9,8,10,1,10,10,10,10,10,1,10,10,7,10,0,10,10,10,6,0,10,10,10,4,7,1,10,10,1,0,10,10,10,10,10,10,10,10
project/sim_ext.py --sim-time 1.5 --seq-graph project/file/graph_15_nodes.json --traffic project/file/traffic_15_nodes_net.json --inspection-rate 0.001 --mess-rate 0.002 --algorithm centflow,0.4910794225307284,2,10,10,10,10,10,10,10,10,1,10,10,10,10,10,2,10,10,7,10,0,10,10,10,6,0,10,10,10,7,8,1,10,10,3,0,10,10,10,10,10,10,10,10
project/sim_ext.py --sim-time 1.5 --seq-graph project/file/graph_15_nodes.json --traffic project/file/traffic_15_nodes_net.json --inspection-rate 0.001 --mess-rate 0.002 --algorithm centflow,0.49211706221793394,2,10,10,10,10,10,10,10,10,2,10,10,10,10,10,3,10,10,8,10,0,10,10,10,6,0,10,10,10,10,10,0,10,10,6,1,10,10,10,10,10,10,10,10
project/sim_ext.py --sim-time 1.5 --seq-graph project/file/graph_15_nodes.json --traffic project/file/traffic_15_nodes_net.json --inspection-rate 0.001 --mess-rate 0.002 --algorithm centflow,0.4931555902002362,3,10,10,10,10,10,10,10,10,2,10,10,10,10,10,3,10,10,10,10,0,10,10,10,7,0,10,10,10,10,10,0,10,10,8,2,10,10,10,10,10,10,10,10
project/sim_ext.py --sim-time 1.5 --seq-graph project/file/graph_15_nodes.json --traffic project/file/traffic_15_nodes_net.json --inspection-rate 0.001 --mess-rate 0.002 --algorithm centflow,0.494360000001,4,10,10,10,10,10,10,10,10,2,10,10,10,10,10,5,10,10,10,10,0,10,10,10,7,0,10,10,10,10,10,0,10,10,9,0,10,10,10,10,10,10,10,10
project/sim_ext.py --sim-time 1.5 --seq-graph project/file/graph_15_nodes.json --traffic project/file/traffic_15_nodes_net.json --inspection-rate 0.001 --mess-rate 0.002 --algorithm centflow,0.495425000001,4,10,10,10,10,10,10,10,10,2,10,10,10,10,10,6,10,10,10,10,0,10,10,10,8,0,10,10,10,10,10,0,10,10,10,0,10,10,10,10,10,10,10,10
project/sim_ext.py --sim-time 1.5 --seq-graph project/file/graph_15_nodes.json --traffic project/file/traffic_15_nodes_net.json --inspection-rate 0.001 --mess-rate 0.002 --algorithm centflow,0.496524999967,4,10,10,10,10,10,10,10,10,3,10,10,10,10,10,7,10,10,10,10,1,10,10,10,8,0,10,10,10,10,10,0,10,10,10,1,10,10,10,10,10,10,10,10
project/sim_ext.py --sim-time 1.5 --seq-graph project/file/graph_15_nodes.json --traffic project/file/traffic_15_nodes_net.json --inspection-rate 0.001 --mess-rate 0.002 --algorithm centflow,0.497713000001,4,10,10,10,10,10,10,10,10,3,10,10,10,10,10,8,10,10,10,10,1,10,10,10,9,0,10,10,10,10,10,0,10,10,10,2,10,10,10,10,10,10,10,10
project/sim_ext.py --sim-time 1.5 --seq-graph project/file/graph_15_nodes.json --traffic project/file/traffic_15_nodes_net.json --inspection-rate 0.001 --mess-rate 0.002 --algorithm centflow,0.498731000001,5,10,10,10,10,10,10,10,10,4,10,10,10,10,10,8,10,10,10,10,2,10,10,10,10,0,10,10,10,10,10,0,10,10,10,3,10,10,10,10,10,10,10,10
project/sim_ext.py --sim-time 1.5 --seq-graph project/file/graph_15_nodes.json --traffic project/file/traffic_15_nodes_net.json --inspection-rate 0.001 --mess-rate 0.002 --algorithm centflow,0.499734000001,5,10,10,10,10,10,10,10,10,4,10,10,10,10,10,9,10,10,10,10,2,10,10,10,10,0,10,10,10,10,10,0,10,10,10,4,10,10,10,10,10,10,10,10
project/sim_ext.py --sim-time 1.5 --seq-graph project/file/graph_15_nodes.json --traffic project/file/traffic_15_nodes_net.json --inspection-rate 0.001 --mess-rate 0.002 --algorithm centflow,0.50081499997,6,9,6,8,8,7,6,7,10,4,8,9,7,8,7,8,9,7,6,8,6,9,9,6,8,0,9,8,9,8,6,0,10,7,10,0,8,7,9,10,6,6,7,6
project/sim_ext.py --sim-time 1.5 --seq-graph project/file/graph_15_nodes.json --traffic project/file/traffic_15_nodes_net.json --inspection-rate 0.001 --mess-rate 0.002 --algorithm centflow,0.501816000001,0,0,0,0,0,1,0,0,2,2,0,0,0,0,0,0,1,0,0,0,10,0,0,0,0,0,2,3,2,1,0,0,0,1,0,0,0,0,1,10,1,1,1,0
project/sim_ext.py --sim-time 1.5 --seq-graph project/file/graph_15_nodes.json --traffic project/file/traffic_15_nodes_net.json --inspection-rate 0.001 --mess-rate 0.002 --algorithm centflow,0.502861799997,2,0,0,0,0,0,0,0,1,0,1,0,0,0,0,5,0,0,3,3,10,0,1,2,0,0,0,0,3,0,0,0,0,0,1,2,0,1,6,10,0,1,0,1
project/sim_ext.py --sim-time 1.5 --seq-graph project/file/graph_15_nodes.json --traffic project/file/traffic_15_nodes_net.json --inspection-rate 0.001 --mess-rate 0.002 --algorithm centflow,0.5039330000009999,0,5,5,1,0,1,0,0,6,0,0,1,0,0,0,2,0,0,0,0,10,0,4,8,0,0,0,1,0,1,3,0,2,3,0,4,6,3,2,10,3,2,6,0
project/sim_ext.py --sim-time 1.5 --seq-graph project/file/graph_15_nodes.json --traffic project/file/traffic_15_nodes_net.json --inspection-rate 0.001 --mess-rate 0.002 --algorithm centflow,0.504980199997,0,7,0,8,1,0,0,2,10,0,0,0,0,1,0,0,5,0,1,0,10,4,10,0,0,0,3,2,0,0,0,0,8,0,2,2,8,8,0,10,9,3,6,1
project/sim_ext.py --sim-time 1.5 --seq-graph project/file/graph_15_nodes.json --traffic project/file/traffic_15_nodes_net.json --inspection-rate 0.001 --mess-rate 0.002 --algorithm centflow,0.505988000001,0,8,0,8,3,1,0,0,10,0,2,0,2,2,0,0,1,0,0,1,10,7,10,1,0,0,6,5,1,0,0,0,10,0,0,0,10,10,8,10,10,10,10,8
project/sim_ext.py --sim-time 1.5 --seq-graph project/file/graph_15_nodes.json --traffic project/file/traffic_15_nodes_net.json --inspection-rate 0.001 --mess-rate 0.002 --algorithm centflow,0.507017000001,0,10,0,10,3,0,0,0,10,0,3,2,3,3,0,0,3,0,0,0,10,10,10,5,0,0,6,5,5,0,0,1,10,2,0,0,10,10,10,10,10,10,10,10
project/sim_ext.py --sim-time 1.5 --seq-graph project/file/graph_15_nodes.json --traffic project/file/traffic_15_nodes_net.json --inspection-rate 0.001 --mess-rate 0.002 --algorithm centflow,0.508073000001,0,10,0,10,4,0,0,0,10,0,7,4,3,4,1,0,6,1,1,0,10,10,10,0,1,0,8,8,10,0,0,1,10,5,0,0,10,10,10,10,10,10,10,10
project/sim_ext.py --sim-time 1.5 --seq-graph project/file/graph_15_nodes.json --traffic project/file/traffic_15_nodes_net.json --inspection-rate 0.001 --mess-rate 0.002 --algorithm centflow,0.5091329052416014,0,10,0,10,5,0,5,1,10,0,9,8,4,4,1,0,10,0,0,0,10,10,10,0,0,0,10,10,10,1,0,1,10,7,0,0,10,10,10,10,10,10,10,10
project/sim_ext.py --sim-time 1.5 --seq-graph project/file/graph_15_nodes.json --traffic project/file/traffic_15_nodes_net.json --inspection-rate 0.001 --mess-rate 0.002 --algorithm centflow,0.5101712141273347,0,10,0,10,8,0,7,3,10,0,10,8,5,5,0,0,10,0,0,1,10,10,10,1,0,0,10,10,10,2,2,0,10,10,0,2,10,10,10,10,10,10,10,10
project/sim_ext.py --sim-time 1.5 --seq-graph project/file/graph_15_nodes.json --traffic project/file/traffic_15_nodes_net.json --inspection-rate 0.001 --mess-rate 0.002 --algorithm centflow,0.511333199997,0,10,0,10,8,2,0,0,10,0,10,10,8,8,0,1,10,1,0,4,10,10,10,0,0,1,10,10,10,2,4,0,10,10,0,0,10,10,10,10,10,10,10,10
project/sim_ext.py --sim-time 1.5 --seq-graph project/file/graph_15_nodes.json --traffic project/file/traffic_15_nodes_net.json --inspection-rate 0.001 --mess-rate 0.002 --algorithm centflow,0.512540000001,1,10,0,10,10,0,3,2,10,0,10,10,8,8,0,0,10,3,0,6,10,10,10,2,0,0,10,10,10,0,0,1,10,10,0,0,10,10,10,10,10,10,10,10
project/sim_ext.py --sim-time 1.5 --seq-graph project/file/graph_15_nodes.json --traffic project/file/traffic_15_nodes_net.json --inspection-rate 0.001 --mess-rate 0.002 --algorithm centflow,0.513684999967,0,10,4,10,10,1,3,5,10,0,10,10,9,8,1,0,10,3,0,7,10,10,10,2,0,0,10,10,10,0,0,0,10,10,0,0,10,10,10,10,10,10,10,10
project/sim_ext.py --sim-time 1.5 --seq-graph project/file/graph_15_nodes.json --traffic project/file/traffic_15_nodes_net.json --inspection-rate 0.001 --mess-rate 0.002 --algorithm centflow,0.514814999959,0,10,5,10,10,5,0,8,10,0,10,10,9,9,1,0,10,6,3,7,10,10,10,6,0,0,10,10,10,0,0,1,10,10,2,0,10,10,10,10,10,10,10,10
project/sim_ext.py --sim-time 1.5 --seq-graph project/file/graph_15_nodes.json --traffic project/file/traffic_15_nodes_net.json --inspection-rate 0.001 --mess-rate 0.002 --algorithm centflow,0.5158971214009966,0,10,7,10,10,7,0,10,10,0,10,10,9,9,1,0,10,9,2,7,10,10,10,7,0,0,10,10,10,0,0,0,10,10,0,0,10,10,10,10,10,10,10,10
project/sim_ext.py --sim-time 1.5 --seq-graph project/file/graph_15_nodes.json --traffic project/file/traffic_15_nodes_net.json --inspection-rate 0.001 --mess-rate 0.002 --algorithm centflow,0.516920000001,0,10,8,10,10,0,1,2,10,0,10,10,10,10,2,0,10,10,0,10,10,10,10,8,0,0,10,10,10,0,0,0,10,10,0,0,10,10,10,10,10,10,10,10
project/sim_ext.py --sim-time 1.5 --seq-graph project/file/graph_15_nodes.json --traffic project/file/traffic_15_nodes_net.json --inspection-rate 0.001 --mess-rate 0.002 --algorithm centflow,0.518204000001,0,10,9,10,10,0,5,4,10,0,10,10,10,10,5,0,10,10,0,10,10,10,10,10,0,0,10,10,10,0,1,0,10,10,0,0,10,10,10,10,10,10,10,10
project/sim_ext.py --sim-time 1.5 --seq-graph project/file/graph_15_nodes.json --traffic project/file/traffic_15_nodes_net.json --inspection-rate 0.001 --mess-rate 0.002 --algorithm centflow,0.519288000001,0,10,10,10,10,2,10,4,10,1,10,10,10,10,7,0,10,10,0,10,10,10,10,10,0,0,10,10,10,1,4,0,10,10,0,0,10,10,10,10,10,10,10,10
project/sim_ext.py --sim-time 1.5 --seq-graph project/file/graph_15_nodes.json --traffic project/file/traffic_15_nodes_net.json --inspection-rate 0.001 --mess-rate 0.002 --algorithm centflow,0.520374999967,1,10,10,10,10,5,10,4,10,1,10,10,10,10,8,0,10,10,2,10,10,10,10,10,0,0,10,10,10,4,5,0,10,10,1,0,10,10,10,10,10,10,10,10
project/sim_ext.py --sim-time 1.5 --seq-graph project/file/graph_15_nodes.json --traffic project/file/traffic_15_nodes_net.json --inspection-rate 0.001 --mess-rate 0.002 --algorithm centflow,0.521600399997,3,10,10,10,10,7,10,0,10,3,10,10,10,10,10,3,10,10,3,10,0,10,10,10,0,0,10,10,10,4,7,0,10,10,2,0,10,10,10,1,10,10,10,10
project/sim_ext.py --sim-time 1.5 --seq-graph project/file/graph_15_nodes.json --traffic project/file/traffic_15_nodes_net.json --inspection-rate 0.001 --mess-rate 0.002 --algorithm centflow,0.522605289241609,3,10,10,10,10,10,10,2,10,5,10,10,10,10,10,3,10,10,5,10,0,10,10,10,0,0,10,10,10,5,9,0,10,10,5,0,10,10,10,0,10,10,10,10
project/sim_ext.py --sim-time 1.5 --seq-graph project/file/graph_15_nodes.json --traffic project/file/traffic_15_nodes_net.json --inspection-rate 0.001 --mess-rate 0.002 --algorithm centflow,0.523629199997,3,10,10,10,10,10,10,4,10,6,10,10,10,10,10,5,10,10,8,10,0,10,10,10,0,0,10,10,10,5,10,1,10,10,3,0,10,10,10,1,10,10,10,10
project/sim_ext.py --sim-time 1.5 --seq-graph project/file/graph_15_nodes.json --traffic project/file/traffic_15_nodes_net.json --inspection-rate 0.001 --mess-rate 0.002 --algorithm centflow,0.524704000001,3,10,10,10,10,10,10,5,10,7,10,10,10,10,10,5,10,10,10,10,0,10,10,10,0,0,10,10,10,7,10,0,10,10,0,0,10,10,10,0,10,10,10,10
project/sim_ext.py --sim-time 1.5 --seq-graph project/file/graph_15_nodes.json --traffic project/file/traffic_15_nodes_net.json --inspection-rate 0.001 --mess-rate 0.002 --algorithm centflow,0.525741799997,4,10,10,10,10,10,10,7,10,8,10,10,10,10,10,8,10,10,10,10,0,10,10,10,0,1,10,10,10,8,10,0,10,10,0,1,10,10,10,0,10,10,10,10
project/sim_ext.py --sim-time 1.5 --seq-graph project/file/graph_15_nodes.json --traffic project/file/traffic_15_nodes_net.json --inspection-rate 0.001 --mess-rate 0.002 --algorithm centflow,0.526795599997,4,10,10,10,10,10,10,10,10,8,10,10,10,10,10,10,10,10,10,10,0,10,10,10,2,0,10,10,10,9,10,0,10,10,2,1,10,10,10,0,10,10,10,10
project/sim_ext.py --sim-time 1.5 --seq-graph project/file/graph_15_nodes.json --traffic project/file/traffic_15_nodes_net.json --inspection-rate 0.001 --mess-rate 0.002 --algorithm centflow,0.527875000001,4,10,10,10,10,10,10,10,10,8,10,10,10,10,10,10,10,10,10,10,0,10,10,10,2,0,10,10,10,10,10,0,10,10,0,3,10,10,10,0,10,10,10,10
project/sim_ext.py --sim-time 1.5 --seq-graph project/file/graph_15_nodes.json --traffic project/file/traffic_15_nodes_net.json --inspection-rate 0.001 --mess-rate 0.002 --algorithm centflow,0.528889000001,5,10,10,10,10,10,10,10,10,10,10,10,10,10,10,10,10,10,10,10,0,10,10,10,2,0,10,10,10,10,10,1,10,10,1,0,10,10,10,0,10,10,10,10
project/sim_ext.py --sim-time 1.5 --seq-graph project/file/graph_15_nodes.json --traffic project/file/traffic_15_nodes_net.json --inspection-rate 0.001 --mess-rate 0.002 --algorithm centflow,0.529916000001,6,10,10,10,10,10,10,10,10,10,10,10,10,10,10,10,10,10,10,10,0,10,10,10,2,0,10,10,10,10,10,0,10,10,0,0,10,10,10,10,10,10,10,10
project/sim_ext.py --sim-time 1.5 --seq-graph project/file/graph_15_nodes.json --traffic project/file/traffic_15_nodes_net.json --inspection-rate 0.001 --mess-rate 0.002 --algorithm centflow,0.530961999997,8,10,10,10,10,10,10,10,10,10,10,10,10,10,10,10,10,10,10,10,1,10,10,10,3,0,10,10,10,10,10,0,10,10,0,0,10,10,10,10,10,10,10,10
project/sim_ext.py --sim-time 1.5 --seq-graph project/file/graph_15_nodes.json --traffic project/file/traffic_15_nodes_net.json --inspection-rate 0.001 --mess-rate 0.002 --algorithm centflow,0.532164999967,10,10,10,10,10,10,10,10,10,10,10,10,10,10,10,10,10,10,10,10,1,10,10,10,4,1,10,10,10,10,10,0,10,10,0,0,10,10,10,10,10,10,10,10
project/sim_ext.py --sim-time 1.5 --seq-graph project/file/graph_15_nodes.json --traffic project/file/traffic_15_nodes_net.json --inspection-rate 0.001 --mess-rate 0.002 --algorithm centflow,0.533213000001,10,10,10,10,10,10,10,10,10,10,10,10,10,10,10,10,10,10,10,10,2,10,10,10,7,0,10,10,10,10,10,0,10,10,0,0,10,10,10,10,10,10,10,10
project/sim_ext.py --sim-time 1.5 --seq-graph project/file/graph_15_nodes.json --traffic project/file/traffic_15_nodes_net.json --inspection-rate 0.001 --mess-rate 0.002 --algorithm centflow,0.534244000001,10,10,10,10,10,10,10,10,10,10,10,10,10,10,10,10,10,10,10,10,3,10,10,10,7,0,10,10,10,10,10,1,10,10,2,0,10,10,10,10,10,10,10,10
project/sim_ext.py --sim-time 1.5 --seq-graph project/file/graph_15_nodes.json --traffic project/file/traffic_15_nodes_net.json --inspection-rate 0.001 --mess-rate 0.002 --algorithm centflow,0.5352453665220692,10,10,10,10,10,10,10,10,10,10,10,10,10,10,10,10,10,10,10,10,3,10,10,10,9,0,10,10,10,10,10,1,10,10,2,0,10,10,10,10,10,10,10,10
project/sim_ext.py --sim-time 1.5 --seq-graph project/file/graph_15_nodes.json --traffic project/file/traffic_15_nodes_net.json --inspection-rate 0.001 --mess-rate 0.002 --algorithm centflow,0.5362574952536495,10,10,10,10,10,10,10,10,10,10,10,10,10,10,10,10,10,10,10,10,3,10,10,10,10,0,10,10,10,10,10,0,10,10,3,0,10,10,10,10,10,10,10,10
project/sim_ext.py --sim-time 1.5 --seq-graph project/file/graph_15_nodes.json --traffic project/file/traffic_15_nodes_net.json --inspection-rate 0.001 --mess-rate 0.002 --algorithm centflow,0.537389000001,10,10,10,10,10,10,10,10,10,10,10,10,10,10,10,10,10,10,10,10,3,10,10,10,10,0,10,10,10,10,10,0,10,10,3,0,10,10,10,10,10,10,10,10
project/sim_ext.py --sim-time 1.5 --seq-graph project/file/graph_15_nodes.json --traffic project/file/traffic_15_nodes_net.json --inspection-rate 0.001 --mess-rate 0.002 --algorithm centflow,0.5384347149174427,10,10,10,10,10,10,10,10,10,10,10,10,10,10,10,10,10,10,10,10,3,10,10,10,10,0,10,10,10,10,10,0,10,10,5,2,10,10,10,10,10,10,10,10
project/sim_ext.py --sim-time 1.5 --seq-graph project/file/graph_15_nodes.json --traffic project/file/traffic_15_nodes_net.json --inspection-rate 0.001 --mess-rate 0.002 --algorithm centflow,0.539500000001,10,10,10,10,10,10,10,10,10,10,10,10,10,10,10,10,10,10,10,10,4,10,10,10,10,0,10,10,10,10,10,0,10,10,6,4,10,10,10,10,10,10,10,10
project/sim_ext.py --sim-time 1.5 --seq-graph project/file/graph_15_nodes.json --traffic project/file/traffic_15_nodes_net.json --inspection-rate 0.001 --mess-rate 0.002 --algorithm centflow,0.5405227864918274,10,10,10,10,10,10,10,10,10,10,10,10,10,10,10,10,10,10,10,10,5,10,10,10,10,0,10,10,10,10,10,0,10,10,7,4,10,10,10,10,10,10,10,10
project/sim_ext.py --sim-time 1.5 --seq-graph project/file/graph_15_nodes.json --traffic project/file/traffic_15_nodes_net.json --inspection-rate 0.001 --mess-rate 0.002 --algorithm centflow,0.541570000001,10,10,10,10,10,10,10,10,10,10,10,10,10,10,10,10,10,10,10,10,5,10,10,10,10,0,10,10,10,10,10,0,10,10,8,5,10,10,10,10,10,10,10,10
project/sim_ext.py --sim-time 1.5 --seq-graph project/file/graph_15_nodes.json --traffic project/file/traffic_15_nodes_net.json --inspection-rate 0.001 --mess-rate 0.002 --algorithm centflow,0.542575999997,0,1,1,0,0,0,0,0,1,0,3,0,0,0,0,0,0,0,0,0,10,0,0,0,0,1,0,1,0,1,0,0,0,1,0,0,3,0,1,10,0,1,1,0
project/sim_ext.py --sim-time 1.5 --seq-graph project/file/graph_15_nodes.json --traffic project/file/traffic_15_nodes_net.json --inspection-rate 0.001 --mess-rate 0.002 --algorithm centflow,0.543582000001,3,4,0,0,0,0,1,0,0,0,0,1,0,0,0,0,0,0,0,0,10,0,0,0,0,0,1,0,0,2,1,0,0,0,0,0,0,4,3,10,3,2,0,2
project/sim_ext.py --sim-time 1.5 --seq-graph project/file/graph_15_nodes.json --traffic project/file/traffic_15_nodes_net.json --inspection-rate 0.001 --mess-rate 0.002 --algorithm centflow,0.5447007999969999,1,6,0,4,0,0,3,4,10,0,0,0,0,0,0,1,2,0,0,0,10,0,7,0,0,0,0,0,0,1,0,0,0,3,3,1,2,5,4,10,1,9,0,2
project/sim_ext.py --sim-time 1.5 --seq-graph project/file/graph_15_nodes.json --traffic project/file/traffic_15_nodes_net.json --inspection-rate 0.001 --mess-rate 0.002 --algorithm centflow,0.545703399997,0,10,1,6,0,2,0,0,10,0,0,1,0,3,0,0,1,0,0,2,10,0,10,2,0,0,1,1,0,3,2,0,3,0,0,0,2,0,8,10,2,0,1,7
project/sim_ext.py --sim-time 1.5 --seq-graph project/file/graph_15_nodes.json --traffic project/file/traffic_15_nodes_net.json --inspection-rate 0.001 --mess-rate 0.002 --algorithm centflow,0.546759399997,0,10,5,10,0,5,4,0,10,0,0,0,3,5,0,0,0,0,0,0,10,0,10,2,0,0,5,6,0,3,0,1,5,4,0,0,9,5,10,10,9,3,10,10
project/sim_ext.py --sim-time 1.5 --seq-graph project/file/graph_15_nodes.json --traffic project/file/traffic_15_nodes_net.json --inspection-rate 0.001 --mess-rate 0.002 --algorithm centflow,0.547829000001,0,10,0,10,1,9,7,0,10,0,3,0,6,7,0,0,0,0,1,0,10,6,10,1,1,0,8,7,1,0,0,0,9,0,0,1,10,10,10,10,10,8,10,10
project/sim_ext.py --sim-time 1.5 --seq-graph project/file/graph_15_nodes.json --traffic project/file/traffic_15_nodes_net.json --inspection-rate 0.001 --mess-rate 0.002 --algorithm centflow,0.5488390000009999,0,10,0,10,2,10,0,1,10,0,5,2,10,10,1,0,4,1,2,0,10,10,10,0,0,0,10,10,5,0,1,1,10,0,0,0,10,10,10,10,10,10,10,10
project/sim_ext.py --sim-time 1.5 --seq-graph project/file/graph_15_nodes.json --traffic project/file/traffic_15_nodes_net.json --inspection-rate 0.001 --mess-rate 0.002 --algorithm centflow,0.5499148793135689,0,10,2,10,4,10,0,4,10,1,8,2,10,10,0,0,8,0,0,0,10,10,10,1,0,0,10,10,8,1,3,0,10,0,1,0,10,10,10,10,10,10,10,10
project/sim_ext.py --sim-time 1.5 --seq-graph project/file/graph_15_nodes.json --traffic project/file/traffic_15_nodes_net.json --inspection-rate 0.001 --mess-rate 0.002 --algorithm centflow,0.551055999997,0,10,0,10,6,10,0,7,10,0,10,3,10,10,1,0,9,1,1,0,10,10,10,0,1,0,10,10,10,0,0,0,10,7,0,0,10,10,10,10,10,10,10,10
project/sim_ext.py --sim-time 1.5 --seq-graph project/file/graph_15_nodes.json --traffic project/file/traffic_15_nodes_net.json --inspection-rate 0.001 --mess-rate 0.002 --algorithm centflow,0.5520780000009999,0,10,0,10,10,10,0,0,10,0,10,4,10,10,0,1,10,3,0,3,0,10,10,0,2,0,10,10,10,0,0,2,10,10,0,0,10,10,10,1,10,10,10,10
project/sim_ext.py --sim-time 1.5 --seq-graph project/file/graph_15_nodes.json --traffic project/file/traffic_15_nodes_net.json --inspection-rate 0.001 --mess-rate 0.002 --algorithm centflow,0.5531199999549999,0,10,0,10,10,10,4,0,10,0,10,4,10,10,1,2,10,3,0,4,0,10,10,0,0,0,10,10,10,0,0,0,10,10,0,0,10,10,10,0,10,10,10,10
project/sim_ext.py --sim-time 1.5 --seq-graph project/file/graph_15_nodes.json --traffic project/file/traffic_15_nodes_net.json --inspection-rate 0.001 --mess-rate 0.002 --algorithm centflow,0.554151000001,0,10,1,10,10,10,0,1,10,0,10,9,10,10,3,0,10,0,0,6,0,10,10,1,0,0,10,10,10,0,3,0,10,10,0,1,10,10,10,0,10,10,10,10
project/sim_ext.py --sim-time 1.5 --seq-graph project/file/graph_15_nodes.json --traffic project/file/traffic_15_nodes_net.json --inspection-rate 0.001 --mess-rate 0.002 --algorithm centflow,0.5553319680658413,0,10,1,10,10,10,0,0,10,0,10,10,10,10,8,0,10,4,0,7,0,10,10,1,0,0,10,10,10,0,8,1,10,10,0,0,10,10,10,0,10,10,10,10
project/sim_ext.py --sim-time 1.5 --seq-graph project/file/graph_15_nodes.json --traffic project/file/traffic_15_nodes_net.json --inspection-rate 0.001 --mess-rate 0.002 --algorithm centflow,0.556394999959,0,10,2,10,10,0,0,0,10,0,10,10,10,10,10,0,10,4,0,10,0,10,10,2,0,0,10,10,10,0,10,0,10,10,0,2,10,10,10,0,10,10,10,10
project/sim_ext.py --sim-time 1.5 --seq-graph project/file/graph_15_nodes.json --traffic project/file/traffic_15_nodes_net.json --inspection-rate 0.001 --mess-rate 0.002 --algorithm centflow,0.557463000001,0,10,6,10,10,2,2,5,10,0,10,10,10,10,10,0,10,7,0,10,0,10,10,4,0,0,10,10,10,0,3,0,10,10,0,2,10,10,10,0,10,10,10,10
project/sim_ext.py --sim-time 1.5 --seq-graph project/file/graph_15_nodes.json --traffic project/file/traffic_15_nodes_net.json --inspection-rate 0.001 --mess-rate 0.002 --algorithm centflow,0.558691000001,0,10,7,10,10,0,6,0,10,1,10,10,10,10,10,0,10,10,0,10,0,10,10,7,0,0,10,10,10,1,4,0,10,10,2,2,10,10,10,3,10,10,10,10
project/sim_ext.py --sim-time 1.5 --seq-graph project/file/graph_15_nodes.json --traffic project/file/traffic_15_nodes_net.json --inspection-rate 0.001 --mess-rate 0.002 --algorithm centflow,0.559717199997,0,10,7,10,10,0,9,2,10,1,10,10,10,10,10,0,10,10,1,10,0,10,10,8,3,0,10,10,10,1,5,0,10,10,3,2,10,10,10,9,10,10,10,10
project/sim_ext.py --sim-time 1.5 --seq-graph project/file/graph_15_nodes.json --traffic project/file/traffic_15_nodes_net.json --inspection-rate 0.001 --mess-rate 0.002 --algorithm centflow,0.560798799997,0,10,10,10,10,6,10,1,10,2,10,10,10,10,10,1,10,10,3,10,3,10,10,9,6,0,10,10,10,1,6,0,10,10,0,0,10,10,10,10,10,10,10,10
project/sim_ext.py --sim-time 1.5 --seq-graph project/file/graph_15_nodes.json --traffic project/file/traffic_15_nodes_net.json --inspection-rate 0.001 --mess-rate 0.002 --algorithm centflow,0.562344000001,0,10,10,10,10,10,10,4,10,2,10,10,10,10,10,2,10,10,4,10,4,10,10,10,6,0,10,10,10,1,10,1,10,10,3,0,10,10,10,10,10,10,10,10
project/sim_ext.py --sim-time 1.5 --seq-graph project/file/graph_15_nodes.json --traffic project/file/traffic_15_nodes_net.json --inspection-rate 0.001 --mess-rate 0.002 --algorithm centflow,0.563512000001,0,10,10,10,10,1,10,6,10,3,10,10,10,10,10,2,10,10,4,10,4,10,10,10,8,0,10,10,10,3,10,0,10,10,0,1,10,10,10,10,10,10,10,10
project/sim_ext.py --sim-time 1.5 --seq-graph project/file/graph_15_nodes.json --traffic project/file/traffic_15_nodes_net.json --inspection-rate 0.001 --mess-rate 0.002 --algorithm centflow,0.564559000001,1,10,10,10,10,3,10,9,10,3,10,10,10,10,10,2,10,10,5,10,4,10,10,10,10,1,10,10,10,5,10,0,10,10,0,2,10,10,10,10,10,10,10,10
project/sim_ext.py --sim-time 1.5 --seq-graph project/file/graph_15_nodes.json --traffic project/file/traffic_15_nodes_net.json --inspection-rate 0.001 --mess-rate 0.002 --algorithm centflow,0.565607000001,1,10,10,10,10,4,10,10,10,3,10,10,10,10,10,3,10,10,6,10,4,10,10,10,10,0,10,10,10,7,10,0,10,10,2,2,10,10,10,10,10,10,10,10
project/sim_ext.py --sim-time 1.5 --seq-graph project/file/graph_15_nodes.json --traffic project/file/traffic_15_nodes_net.json --inspection-rate 0.001 --mess-rate 0.002 --algorithm centflow,0.566660000001,2,10,10,10,10,8,10,10,10,3,10,10,10,10,10,3,10,10,7,10,4,10,10,10,10,0,10,10,10,10,10,0,10,10,4,0,10,10,10,10,10,10,10,10
project/sim_ext.py --sim-time 1.5 --seq-graph project/file/graph_15_nodes.json --traffic project/file/traffic_15_nodes_net.json --inspection-rate 0.001 --mess-rate 0.002 --algorithm centflow,0.5676624717957023,2,10,10,10,10,10,10,10,10,3,10,10,10,10,10,5,10,10,8,10,6,10,10,10,10,0,10,10,10,10,10,0,10,10,0,1,10,10,10,10,10,10,10,10
project/sim_ext.py --sim-time 1.5 --seq-graph project/file/graph_15_nodes.json --traffic project/file/traffic_15_nodes_net.json --inspection-rate 0.001 --mess-rate 0.002 --algorithm centflow,0.568854000001,2,10,10,10,10,10,10,10,10,3,10,10,10,10,10,5,10,10,8,10,7,10,10,10,10,0,10,10,10,10,10,0,10,10,0,1,10,10,10,10,10,10,10,10
project/sim_ext.py --sim-time 1.5 --seq-graph project/file/graph_15_nodes.json --traffic project/file/traffic_15_nodes_net.json --inspection-rate 0.001 --mess-rate 0.002 --algorithm centflow,0.570068000001,2,10,10,10,10,10,10,10,10,4,10,10,10,10,10,5,10,10,10,10,8,10,10,10,10,0,10,10,10,10,10,0,10,10,2,3,10,10,10,10,10,10,10,10
project/sim_ext.py --sim-time 1.5 --seq-graph project/file/graph_15_nodes.json --traffic project/file/traffic_15_nodes_net.json --inspection-rate 0.001 --mess-rate 0.002 --algorithm centflow,0.571138000001,2,10,10,10,10,10,10,10,10,5,10,10,10,10,10,6,10,10,10,10,9,10,10,10,10,0,10,10,10,10,10,0,10,10,2,5,10,10,10,10,10,10,10,10
project/sim_ext.py --sim-time 1.5 --seq-graph project/file/graph_15_nodes.json --traffic project/file/traffic_15_nodes_net.json --inspection-rate 0.001 --mess-rate 0.002 --algorithm centflow,0.572208000001,2,10,10,10,10,10,10,10,10,5,10,10,10,10,10,9,10,10,10,10,9,10,10,10,10,1,10,10,10,10,10,0,10,10,0,0,10,10,10,10,10,10,10,10
project/sim_ext.py --sim-time 1.5 --seq-graph project/file/graph_15_nodes.json --traffic project/file/traffic_15_nodes_net.json --inspection-rate 0.001 --mess-rate 0.002 --algorithm centflow,0.573306599997,3,2,0,0,0,0,0,0,0,2,0,0,0,0,0,0,0,0,0,0,10,0,0,0,0,0,1,0,0,0,0,2,0,1,0,0,2,0,0,10,0,0,0,2
project/sim_ext.py --sim-time 1.5 --seq-graph project/file/graph_15_nodes.json --traffic project/file/traffic_15_nodes_net.json --inspection-rate 0.001 --mess-rate 0.002 --algorithm centflow,0.574307199997,0,2,0,0,1,1,0,1,3,0,0,1,0,2,0,0,3,0,0,1,10,2,0,0,0,0,3,1,0,0,0,3,0,0,1,0,0,0,0,10,1,0,0,0
project/sim_ext.py --sim-time 1.5 --seq-graph project/file/graph_15_nodes.json --traffic project/file/traffic_15_nodes_net.json --inspection-rate 0.001 --mess-rate 0.002 --algorithm centflow,0.5753203986997315,0,6,0,0,0,0,2,5,5,0,0,0,0,0,1,0,6,1,0,0,10,1,1,0,0,3,0,0,4,0,0,3,0,4,0,0,3,2,6,10,4,1,0,1
project/sim_ext.py --sim-time 1.5 --seq-graph project/file/graph_15_nodes.json --traffic project/file/traffic_15_nodes_net.json --inspection-rate 0.001 --mess-rate 0.002 --algorithm centflow,0.576348799997,0,9,1,3,0,0,0,0,10,0,1,0,0,0,0,0,0,0,1,0,10,0,10,3,3,0,0,2,0,0,0,0,0,3,1,0,0,4,0,10,3,3,5,5
project/sim_ext.py --sim-time 1.5 --seq-graph project/file/graph_15_nodes.json --traffic project/file/traffic_15_nodes_net.json --inspection-rate 0.001 --mess-rate 0.002 --algorithm centflow,0.577391999997,0,10,0,5,0,3,0,0,10,0,3,0,3,1,1,0,1,0,0,0,10,2,10,0,0,0,3,5,1,0,0,0,3,2,6,0,4,8,4,10,6,9,9,10
project/sim_ext.py --sim-time 1.5 --seq-graph project/file/graph_15_nodes.json --traffic project/file/traffic_15_nodes_net.json --inspection-rate 0.001 --mess-rate 0.002 --algorithm centflow,0.578565000001,0,10,0,6,4,2,0,0,10,0,6,2,5,2,0,0,4,0,0,0,10,7,10,0,0,0,10,6,0,0,0,1,8,0,7,0,9,10,10,10,10,10,10,10
project/sim_ext.py --sim-time 1.5 --seq-graph project/file/graph_15_nodes.json --traffic project/file/traffic_15_nodes_net.json --inspection-rate 0.001 --mess-rate 0.002 --algorithm centflow,0.579603000001,0,10,0,6,8,0,0,1,10,0,9,1,6,3,0,0,6,0,2,2,10,8,10,0,0,0,10,6,4,0,2,0,10,5,7,0,10,10,10,10,10,10,10,10
project/sim_ext.py --sim-time 1.5 --seq-graph project/file/graph_15_nodes.json --traffic project/file/traffic_15_nodes_net.json --inspection-rate 0.001 --mess-rate 0.002 --algorithm centflow,0.580741199997,0,10,3,8,8,0,0,0,10,0,10,3,8,6,0,0,8,0,0,3,10,8,10,1,0,0,10,9,10,0,0,0,10,7,7,1,10,10,10,10,10,10,10,10
project/sim_ext.py --sim-time 1.5 --seq-graph project/file/graph_15_nodes.json --traffic project/file/traffic_15_nodes_net.json --inspection-rate 0.001 --mess-rate 0.002 --algorithm centflow,0.5817827020506521,0,10,7,10,9,0,0,0,10,0,10,5,9,6,0,0,10,0,2,4,10,9,10,0,2,0,10,10,10,0,0,0,10,10,8,2,10,10,10,10,10,10,10,10
project/sim_ext.py --sim-time 1.5 --seq-graph project/file/graph_15_nodes.json --traffic project/file/traffic_15_nodes_net.json --inspection-rate 0.001 --mess-rate 0.002 --algorithm centflow,0.582787000001,0,10,0,10,10,0,0,1,10,0,10,6,9,8,0,0,10,0,0,10,10,10,10,0,0,0,10,10,10,0,1,0,10,10,8,4,10,10,10,10,10,10,10,10
project/sim_ext.py --sim-time 1.5 --seq-graph project/file/graph_15_nodes.json --traffic project/file/traffic_15_nodes_net.json --inspection-rate 0.001 --mess-rate 0.002 --algorithm centflow,0.583845000001,0,10,3,10,10,0,0,4,10,0,10,9,10,8,1,0,10,0,0,10,10,10,10,0,0,0,10,10,10,0,0,0,10,10,8,0,10,10,10,10,10,10,10,10
project/sim_ext.py --sim-time 1.5 --seq-graph project/file/graph_15_nodes.json --traffic project/file/traffic_15_nodes_net.json --inspection-rate 0.001 --mess-rate 0.002 --algorithm centflow,0.584894000001,0,10,5,10,10,0,0,0,10,0,10,10,10,8,1,0,10,0,0,10,10,10,10,1,0,0,10,10,10,2,0,0,10,10,0,0,10,10,10,10,10,10,10,10
project/sim_ext.py --sim-time 1.5 --seq-graph project/file/graph_15_nodes.json --traffic project/file/traffic_15_nodes_net.json --inspection-rate 0.001 --mess-rate 0.002 --algorithm centflow,0.5859127051535382,0,10,6,10,10,2,0,0,10,0,10,10,10,9,4,0,10,0,0,10,10,10,10,2,0,1,10,10,10,0,1,1,10,10,0,0,10,10,10,10,10,10,10,10
project/sim_ext.py --sim-time 1.5 --seq-graph project/file/graph_15_nodes.json --traffic project/file/traffic_15_nodes_net.json --inspection-rate 0.001 --mess-rate 0.002 --algorithm centflow,0.586943000001,0,10,9,10,10,4,2,0,10,0,10,10,10,10,4,2,10,2,2,10,10,10,10,3,0,0,10,10,10,1,0,0,10,10,2,0,10,10,10,10,10,10,10,10
project/sim_ext.py --sim-time 1.5 --seq-graph project/file/graph_15_nodes.json --traffic project/file/traffic_15_nodes_net.json --inspection-rate 0.001 --mess-rate 0.002 --algorithm centflow,0.588144999955,0,10,10,10,10,0,5,2,10,0,10,10,10,10,8,0,10,2,3,10,10,10,10,5,3,0,10,10,10,1,3,0,10,10,0,3,10,10,10,10,10,10,10,10
project/sim_ext.py --sim-time 1.5 --seq-graph project/file/graph_15_nodes.json --traffic project/file/traffic_15_nodes_net.json --inspection-rate 0.001 --mess-rate 0.002 --algorithm centflow,0.589283000001,2,10,10,10,10,0,0,4,10,0,10,10,10,10,10,0,10,4,3,10,10,10,10,6,5,0,10,10,10,2,4,0,10,10,0,4,10,10,10,10,10,10,10,10
project/sim_ext.py --sim-time 1.5 --seq-graph project/file/graph_15_nodes.json --traffic project/file/traffic_15_nodes_net.json --inspection-rate 0.001 --mess-rate 0.002 --algorithm centflow,0.590289654889645,0,10,10,10,10,0,0,7,10,0,10,10,10,10,10,0,10,6,3,10,10,10,10,8,5,0,10,10,10,2,6,0,10,10,2,4,10,10,10,10,10,10,10,10
project/sim_ext.py --sim-time 1.5 --seq-graph project/file/graph_15_nodes.json --traffic project/file/traffic_15_nodes_net.json --inspection-rate 0.001 --mess-rate 0.002 --algorithm centflow,0.5912983419368155,0,10,10,10,10,0,0,8,10,0,10,10,10,10,10,0,10,9,3,10,10,10,10,9,5,0,10,10,10,3,8,0,10,10,4,5,10,10,10,10,10,10,10,10
project/sim_ext.py --sim-time 1.5 --seq-graph project/file/graph_15_nodes.json --traffic project/file/traffic_15_nodes_net.json --inspection-rate 0.001 --mess-rate 0.002 --algorithm centflow,0.592312000001,0,10,10,10,10,0,3,10,10,0,10,10,10,10,10,0,10,10,3,10,10,10,10,9,7,0,10,10,10,4,10,0,10,10,7,5,10,10,10,10,10,10,10,10
project/sim_ext.py --sim-time 1.5 --seq-graph project/file/graph_15_nodes.json --traffic project/file/traffic_15_nodes_net.json --inspection-rate 0.001 --mess-rate 0.002 --algorithm centflow,0.593477000001,0,10,10,10,10,6,0,0,10,0,10,10,10,10,10,0,10,10,5,10,10,10,10,9,10,0,10,10,10,4,10,0,10,10,0,8,10,10,10,10,10,10,10,10
project/sim_ext.py --sim-time 1.5 --seq-graph project/file/graph_15_nodes.json --traffic project/file/traffic_15_nodes_net.json --inspection-rate 0.001 --mess-rate 0.002 --algorithm centflow,0.5945210000009999,0,10,10,10,10,7,0,0,10,1,10,10,10,10,10,0,10,10,5,10,10,10,10,10,10,0,10,10,10,6,10,0,10,10,0,0,10,10,10,10,10,10,10,10
project/sim_ext.py --sim-time 1.5 --seq-graph project/file/graph_15_nodes.json --traffic project/file/traffic_15_nodes_net.json --inspection-rate 0.001 --mess-rate 0.002 --algorithm centflow,0.595539000001,0,10,10,10,10,8,0,2,10,1,10,10,10,10,10,1,10,10,6,10,10,10,10,10,10,1,10,10,10,10,10,0,10,10,0,0,10,10,10,10,10,10,10,10
project/sim_ext.py --sim-time 1.5 --seq-graph project/file/graph_15_nodes.json --traffic project/file/traffic_15_nodes_net.json --inspection-rate 0.001 --mess-rate 0.002 --algorithm centflow,0.596588035175131,0,10,10,10,10,7,2,5,10,1,10,10,10,10,10,2,10,10,8,10,0,10,10,10,10,0,10,10,10,10,10,0,10,10,0,0,10,10,10,0,10,10,10,10
project/sim_ext.py --sim-time 1.5 --seq-graph project/file/graph_15_nodes.json --traffic project/file/traffic_15_nodes_net.json --inspection-rate 0.001 --mess-rate 0.002 --algorithm centflow,0.597634000001,0,10,10,10,10,10,6,8,10,2,10,10,10,10,10,2,10,10,9,10,0,10,10,10,10,0,10,10,10,10,10,0,10,10,1,1,10,10,10,1,10,10,10,10
project/sim_ext.py --sim-time 1.5 --seq-graph project/file/graph_15_nodes.json --traffic project/file/traffic_15_nodes_net.json --inspection-rate 0.001 --mess-rate 0.002 --algorithm centflow,0.598688000001,0,10,10,10,10,10,8,10,10,2,10,10,10,10,10,2,10,10,10,10,0,10,10,10,10,0,10,10,10,10,10,0,10,10,2,2,10,10,10,0,10,10,10,10
project/sim_ext.py --sim-time 1.5 --seq-graph project/file/graph_15_nodes.json --traffic project/file/traffic_15_nodes_net.json --inspection-rate 0.001 --mess-rate 0.002 --algorithm centflow,0.599711000001,2,10,10,10,10,10,10,10,10,2,10,10,10,10,10,3,10,10,10,10,0,10,10,10,10,0,10,10,10,10,10,1,10,10,3,0,10,10,10,0,10,10,10,10
project/sim_ext.py --sim-time 1.5 --seq-graph project/file/graph_15_nodes.json --traffic project/file/traffic_15_nodes_net.json --inspection-rate 0.001 --mess-rate 0.002 --algorithm centflow,0.600803000001,2,10,10,10,10,10,10,10,10,2,10,10,10,10,10,4,10,10,10,10,0,10,10,10,10,0,10,10,10,10,10,0,10,10,7,2,10,10,10,0,10,10,10,10
project/sim_ext.py --sim-time 1.5 --seq-graph project/file/graph_15_nodes.json --traffic project/file/traffic_15_nodes_net.json --inspection-rate 0.001 --mess-rate 0.002 --algorithm centflow,0.6019650476136812,3,10,10,10,10,10,10,10,10,2,10,10,10,10,10,6,10,10,10,10,0,10,10,10,10,0,10,10,10,10,10,0,10,10,0,4,10,10,10,0,10,10,10,10
project/sim_ext.py --sim-time 1.5 --seq-graph project/file/graph_15_nodes.json --traffic project/file/traffic_15_nodes_net.json --inspection-rate 0.001 --mess-rate 0.002 --algorithm centflow,0.6029657761490093,4,10,10,10,10,10,10,10,10,2,10,10,10,10,10,8,10,10,10,10,0,10,10,10,10,1,10,10,10,10,10,0,10,10,0,2,10,10,10,4,10,10,10,10
project/sim_ext.py --sim-time 1.5 --seq-graph project/file/graph_15_nodes.json --traffic project/file/traffic_15_nodes_net.json --inspection-rate 0.001 --mess-rate 0.002 --algorithm centflow,0.603977599997,9,1,0,0,2,10,0,0,4,0,0,0,0,0,0,0,0,0,0,1,10,0,0,2,2,0,0,0,2,0,0,0,0,0,1,0,0,0,1,5,2,0,0,0
project/sim_ext.py --sim-time 1.5 --seq-graph project/file/graph_15_nodes.json --traffic project/file/traffic_15_nodes_net.json --inspection-rate 0.001 --mess-rate 0.002 --algorithm centflow,0.604999399997,10,0,3,0,0,10,2,0,2,0,1,0,0,0,0,1,0,0,0,0,10,0,0,0,2,0,0,0,2,1,0,0,0,1,0,0,1,1,0,10,0,0,0,4
project/sim_ext.py --sim-time 1.5 --seq-graph project/file/graph_15_nodes.json --traffic project/file/traffic_15_nodes_net.json --inspection-rate 0.001 --mess-rate 0.002 --algorithm centflow,0.606147199997,10,6,0,1,0,10,0,1,10,0,0,0,1,1,0,0,0,1,0,0,10,0,1,0,0,0,0,0,1,0,1,0,0,0,0,2,5,0,3,10,2,4,1,0
project/sim_ext.py --sim-time 1.5 --seq-graph project/file/graph_15_nodes.json --traffic project/file/traffic_15_nodes_net.json --inspection-rate 0.001 --mess-rate 0.002 --algorithm centflow,0.6072000000009999,10,10,0,3,2,10,3,0,10,0,0,1,1,3,0,1,1,0,0,0,10,1,10,0,0,3,2,0,7,0,0,0,0,0,0,5,0,8,10,10,2,3,2,2
project/sim_ext.py --sim-time 1.5 --seq-graph project/file/graph_15_nodes.json --traffic project/file/traffic_15_nodes_net.json --inspection-rate 0.001 --mess-rate 0.002 --algorithm centflow,0.608210000001,10,10,0,3,2,10,0,3,10,0,1,3,2,6,0,0,0,0,0,0,10,3,10,1,0,0,3,0,10,0,0,0,7,8,1,0,6,9,10,10,8,10,10,4
project/sim_ext.py --sim-time 1.5 --seq-graph project/file/graph_15_nodes.json --traffic project/file/traffic_15_nodes_net.json --inspection-rate 0.001 --mess-rate 0.002 --algorithm centflow,0.609338000001,10,10,3,5,2,10,0,7,10,0,6,4,2,6,0,0,0,0,0,0,10,4,10,4,3,0,3,0,10,0,0,2,8,10,2,0,10,10,10,10,10,10,10,4
project/sim_ext.py --sim-time 1.5 --seq-graph project/file/graph_15_nodes.json --traffic project/file/traffic_15_nodes_net.json --inspection-rate 0.001 --mess-rate 0.002 --algorithm centflow,0.610391000001,10,10,1,6,4,10,0,0,10,0,5,7,4,7,0,0,3,0,0,0,10,10,10,0,0,0,10,1,10,0,0,2,10,0,3,0,10,10,10,10,10,10,10,9
project/sim_ext.py --sim-time 1.5 --seq-graph project/file/graph_15_nodes.json --traffic project/file/traffic_15_nodes_net.json --inspection-rate 0.001 --mess-rate 0.002 --algorithm centflow,0.611478093787125,10,10,0,8,5,10,0,0,10,0,6,9,4,7,0,0,5,0,0,0,10,10,10,0,0,0,10,2,10,0,0,2,10,0,0,0,10,10,10,10,10,10,10,10
project/sim_ext.py --sim-time 1.5 --seq-graph project/file/graph_15_nodes.json --traffic project/file/traffic_15_nodes_net.json --inspection-rate 0.001 --mess-rate 0.002 --algorithm centflow,0.612515000001,10,10,0,9,6,10,0,0,10,1,8,10,5,8,0,1,6,0,0,2,10,10,10,3,0,0,10,3,10,1,3,0,10,4,2,0,10,10,10,10,10,10,10,10
project/sim_ext.py --sim-time 1.5 --seq-graph project/file/graph_15_nodes.json --traffic project/file/traffic_15_nodes_net.json --inspection-rate 0.001 --mess-rate 0.002 --algorithm centflow,0.6135510000009999,4,10,0,10,6,4,0,0,10,0,9,10,7,10,3,2,8,1,0,2,10,10,10,0,0,0,10,7,10,0,0,0,10,10,0,0,10,10,10,10,10,10,10,10
project/sim_ext.py --sim-time 1.5 --seq-graph project/file/graph_15_nodes.json --traffic project/file/traffic_15_nodes_net.json --inspection-rate 0.001 --mess-rate 0.002 --algorithm centflow,0.614585000001,0,10,1,10,10,4,0,4,10,0,9,10,9,10,2,0,10,1,0,4,10,10,10,0,1,0,10,10,10,0,0,0,10,10,1,0,10,10,10,10,10,10,10,10
project/sim_ext.py --sim-time 1.5 --seq-graph project/file/graph_15_nodes.json --traffic project/file/traffic_15_nodes_net.json --inspection-rate 0.001 --mess-rate 0.002 --algorithm centflow,0.615885799997,0,10,3,10,10,0,0,0,10,0,10,10,9,10,2,0,10,0,0,5,10,10,10,0,0,0,10,10,10,0,0,0,10,10,0,0,10,10,10,10,10,10,10,10
project/sim_ext.py --sim-time 1.5 --seq-graph project/file/graph_15_nodes.json --traffic project/file/traffic_15_nodes_net.json --inspection-rate 0.001 --mess-rate 0.002 --algorithm centflow,0.617295000001,0,10,7,10,10,0,0,0,10,0,10,10,9,10,4,0,10,3,1,6,10,10,10,0,0,0,10,10,10,0,0,0,10,10,1,0,10,10,10,10,10,10,10,10
project/sim_ext.py --sim-time 1.5 --seq-graph project/file/graph_15_nodes.json --traffic project/file/traffic_15_nodes_net.json --inspection-rate 0.001 --mess-rate 0.002 --algorithm centflow,0.618353000001,0,10,7,10,10,0,0,0,10,0,10,10,9,10,6,0,10,5,0,8,10,10,10,2,0,0,10,10,10,0,1,1,10,10,2,0,10,10,10,10,10,10,10,10
project/sim_ext.py --sim-time 1.5 --seq-graph project/file/graph_15_nodes.json --traffic project/file/traffic_15_nodes_net.json --inspection-rate 0.001 --mess-rate 0.002 --algorithm centflow,0.6193731606461284,0,10,10,10,10,0,5,0,10,0,10,10,9,10,7,0,10,7,0,9,10,10,10,5,0,0,10,10,10,2,3,0,10,10,5,0,10,10,10,10,10,10,10,10
project/sim_ext.py --sim-time 1.5 --seq-graph project/file/graph_15_nodes.json --traffic project/file/traffic_15_nodes_net.json --inspection-rate 0.001 --mess-rate 0.002 --algorithm centflow,0.620705000001,0,10,10,10,10,0,2,0,10,1,10,10,10,10,9,0,10,10,0,10,10,10,10,8,1,0,10,10,10,0,6,0,10,10,0,0,10,10,10,10,10,10,10,10
project/sim_ext.py --sim-time 1.5 --seq-graph project/file/graph_15_nodes.json --traffic project/file/traffic_15_nodes_net.json --inspection-rate 0.001 --mess-rate 0.002 --algorithm centflow,0.621768000001,1,10,10,10,10,0,6,0,10,2,10,10,10,10,10,0,10,10,1,10,10,10,10,10,1,0,10,10,10,0,7,1,10,10,0,0,10,10,10,10,10,10,10,10
project/sim_ext.py --sim-time 1.5 --seq-graph project/file/graph_15_nodes.json --traffic project/file/traffic_15_nodes_net.json --inspection-rate 0.001 --mess-rate 0.002 --algorithm centflow,0.6229600000009999,0,10,10,10,10,5,9,0,10,2,10,10,10,10,10,0,10,10,1,10,10,10,10,10,2,0,10,10,10,0,9,0,10,10,0,1,10,10,10,10,10,10,10,10
project/sim_ext.py --sim-time 1.5 --seq-graph project/file/graph_15_nodes.json --traffic project/file/traffic_15_nodes_net.json --inspection-rate 0.001 --mess-rate 0.002 --algorithm centflow,0.624048000001,0,10,10,10,10,0,10,0,10,2,10,10,10,10,10,1,10,10,3,10,10,10,10,10,3,0,10,10,10,1,10,0,10,10,0,1,10,10,10,10,10,10,10,10
project/sim_ext.py --sim-time 1.5 --seq-graph project/file/graph_15_nodes.json --traffic project/file/traffic_15_nodes_net.json --inspection-rate 0.001 --mess-rate 0.002 --algorithm centflow,0.6250987727359921,0,10,10,10,10,0,10,0,10,2,10,10,10,10,10,0,10,10,3,10,10,10,10,10,7,1,10,10,10,2,10,0,10,10,0,3,10,10,10,10,10,10,10,10
project/sim_ext.py --sim-time 1.5 --seq-graph project/file/graph_15_nodes.json --traffic project/file/traffic_15_nodes_net.json --inspection-rate 0.001 --mess-rate 0.002 --algorithm centflow,0.626171000001,0,10,10,10,10,0,10,1,10,3,10,10,10,10,10,0,10,10,5,10,10,10,10,10,9,0,10,10,10,3,10,0,10,10,0,0,10,10,10,10,10,10,10,10
project/sim_ext.py --sim-time 1.5 --seq-graph project/file/graph_15_nodes.json --traffic project/file/traffic_15_nodes_net.json --inspection-rate 0.001 --mess-rate 0.002 --algorithm centflow,0.6272307810036731,0,10,10,10,10,0,10,5,10,3,10,10,10,10,10,0,10,10,6,10,10,10,10,10,10,0,10,10,10,4,10,0,10,10,0,0,10,10,10,10,10,10,10,10
project/sim_ext.py --sim-time 1.5 --seq-graph project/file/graph_15_nodes.json --traffic project/file/traffic_15_nodes_net.json --inspection-rate 0.001 --mess-rate 0.002 --algorithm centflow,0.6282649313788714,0,10,10,10,10,0,10,5,10,4,10,10,10,10,10,1,10,10,7,10,10,10,10,10,10,0,10,10,10,4,10,2,10,10,1,0,10,10,10,10,10,10,10,10
project/sim_ext.py --sim-time 1.5 --seq-graph project/file/graph_15_nodes.json --traffic project/file/traffic_15_nodes_net.json --inspection-rate 0.001 --mess-rate 0.002 --algorithm centflow,0.629274000001,1,10,10,10,10,0,10,5,10,5,10,10,10,10,10,1,10,10,7,10,10,10,10,10,10,0,10,10,10,6,10,0,10,10,0,0,10,10,10,10,10,10,10,10
project/sim_ext.py --sim-time 1.5 --seq-graph project/file/graph_15_nodes.json --traffic project/file/traffic_15_nodes_net.json --inspection-rate 0.001 --mess-rate 0.002 --algorithm centflow,0.630351000001,0,10,10,10,10,3,10,8,10,5,10,10,10,10,10,3,10,10,8,10,10,10,10,10,10,0,10,10,10,8,10,0,10,10,0,1,10,10,10,10,10,10,10,10
project/sim_ext.py --sim-time 1.5 --seq-graph project/file/graph_15_nodes.json --traffic project/file/traffic_15_nodes_net.json --inspection-rate 0.001 --mess-rate 0.002 --algorithm centflow,0.631386000001,0,10,10,10,10,5,10,10,10,6,10,10,10,10,10,5,10,10,8,10,10,10,10,10,10,0,10,10,10,8,10,1,10,10,0,0,10,10,10,10,10,10,10,10
project/sim_ext.py --sim-time 1.5 --seq-graph project/file/graph_15_nodes.json --traffic project/file/traffic_15_nodes_net.json --inspection-rate 0.001 --mess-rate 0.002 --algorithm centflow,0.632418000001,0,10,10,10,10,5,10,10,10,7,10,10,10,10,10,5,10,10,9,10,10,10,10,10,10,0,10,10,10,8,10,1,10,10,1,0,10,10,10,10,10,10,10,10
project/sim_ext.py --sim-time 1.5 --seq-graph project/file/graph_15_nodes.json --traffic project/file/traffic_15_nodes_net.json --inspection-rate 0.001 --mess-rate 0.002 --algorithm centflow,0.633474599997,0,10,10,10,10,7,10,10,10,8,10,10,10,10,10,7,10,10,10,10,6,10,10,10,10,0,10,10,10,9,10,1,10,10,7,0,10,10,10,7,10,10,10,10
project/sim_ext.py --sim-time 1.5 --seq-graph project/file/graph_15_nodes.json --traffic project/file/traffic_15_nodes_net.json --inspection-rate 0.001 --mess-rate 0.002 --algorithm centflow,0.634494999955,0,10,10,10,10,10,10,10,10,8,10,10,10,10,10,8,10,10,10,10,0,10,10,10,10,1,10,10,10,10,10,2,10,10,0,0,10,10,10,0,10,10,10,10
project/sim_ext.py --sim-time 1.5 --seq-graph project/file/graph_15_nodes.json --traffic project/file/traffic_15_nodes_net.json --inspection-rate 0.001 --mess-rate 0.002 --algorithm centflow,0.6355850000009999,0,10,10,10,10,3,10,10,10,10,10,10,10,10,10,9,10,10,10,10,0,10,10,10,10,0,10,10,10,10,10,0,10,10,0,3,10,10,10,3,10,10,10,10
project/sim_ext.py --sim-time 1.5 --seq-graph project/file/graph_15_nodes.json --traffic project/file/traffic_15_nodes_net.json --inspection-rate 0.001 --mess-rate 0.002 --algorithm centflow,0.636595599997,0,10,10,10,10,6,10,10,10,10,10,10,10,10,10,10,10,10,10,10,0,10,10,10,10,0,10,10,10,10,10,0,10,10,2,0,10,10,10,3,10,10,10,10
project/sim_ext.py --sim-time 1.5 --seq-graph project/file/graph_15_nodes.json --traffic project/file/traffic_15_nodes_net.json --inspection-rate 0.001 --mess-rate 0.002 --algorithm centflow,0.637743000001,0,10,10,10,10,10,10,10,10,10,10,10,10,10,10,10,10,10,10,10,0,10,10,10,10,0,10,10,10,10,10,1,10,10,5,0,10,10,10,0,10,10,10,10
project/sim_ext.py --sim-time 1.5 --seq-graph project/file/graph_15_nodes.json --traffic project/file/traffic_15_nodes_net.json --inspection-rate 0.001 --mess-rate 0.002 --algorithm centflow,0.638850000001,0,10,10,10,10,10,10,10,10,10,10,10,10,10,10,10,10,10,10,10,0,10,10,10,10,0,10,10,10,10,10,0,10,10,0,0,10,10,10,8,10,10,10,10
project/sim_ext.py --sim-time 1.5 --seq-graph project/file/graph_15_nodes.json --traffic project/file/traffic_15_nodes_net.json --inspection-rate 0.001 --mess-rate 0.002 --algorithm centflow,0.6398541901393773,1,10,10,10,10,10,10,10,10,10,10,10,10,10,10,10,10,10,10,10,0,10,10,10,10,1,10,10,10,10,10,0,10,10,0,1,10,10,10,10,10,10,10,10
project/sim_ext.py --sim-time 1.5 --seq-graph project/file/graph_15_nodes.json --traffic project/file/traffic_15_nodes_net.json --inspection-rate 0.001 --mess-rate 0.002 --algorithm centflow,0.6409439976750603,2,10,10,10,10,10,10,10,10,10,10,10,10,10,10,10,10,10,10,10,0,10,10,10,10,4,10,10,10,10,10,0,10,10,0,0,10,10,10,9,10,10,10,10
project/sim_ext.py --sim-time 1.5 --seq-graph project/file/graph_15_nodes.json --traffic project/file/traffic_15_nodes_net.json --inspection-rate 0.001 --mess-rate 0.002 --algorithm centflow,0.6419475834159085,2,10,10,10,10,10,10,10,10,10,10,10,10,10,10,10,10,10,10,10,0,10,10,10,10,0,10,10,10,10,10,0,10,10,0,0,10,10,10,0,10,10,10,10
project/sim_ext.py --sim-time 1.5 --seq-graph project/file/graph_15_nodes.json --traffic project/file/traffic_15_nodes_net.json --inspection-rate 0.001 --mess-rate 0.002 --algorithm centflow,0.6429495535027057,2,10,10,10,10,10,10,10,10,10,10,10,10,10,10,10,10,10,10,10,0,10,10,10,10,0,10,10,10,10,10,0,10,10,2,0,10,10,10,2,10,10,10,10
project/sim_ext.py --sim-time 1.5 --seq-graph project/file/graph_15_nodes.json --traffic project/file/traffic_15_nodes_net.json --inspection-rate 0.001 --mess-rate 0.002 --algorithm centflow,0.6440020000009999,2,10,10,10,10,10,10,10,10,10,10,10,10,10,10,10,10,10,10,10,0,10,10,10,10,0,10,10,10,10,10,0,10,10,6,0,10,10,10,10,10,10,10,10
project/sim_ext.py --sim-time 1.5 --seq-graph project/file/graph_15_nodes.json --traffic project/file/traffic_15_nodes_net.json --inspection-rate 0.001 --mess-rate 0.002 --algorithm centflow,0.645078399997,4,2,3,0,0,0,3,1,0,0,1,0,0,0,0,0,0,0,2,0,10,0,0,2,0,1,1,0,0,0,0,1,0,3,0,0,1,1,1,10,3,0,2,0
project/sim_ext.py --sim-time 1.5 --seq-graph project/file/graph_15_nodes.json --traffic project/file/traffic_15_nodes_net.json --inspection-rate 0.001 --mess-rate 0.002 --algorithm centflow,0.646213000001,2,0,0,1,0,0,0,0,0,0,0,4,2,1,0,0,1,0,1,0,10,0,2,0,0,5,0,0,0,0,1,0,1,0,0,0,0,0,0,10,0,0,3,0
project/sim_ext.py --sim-time 1.5 --seq-graph project/file/graph_15_nodes.json --traffic project/file/traffic_15_nodes_net.json --inspection-rate 0.001 --mess-rate 0.002 --algorithm centflow,0.647355000001,0,3,4,4,0,4,0,0,6,0,5,0,0,0,0,0,0,0,0,0,10,0,9,5,0,0,0,0,0,5,5,1,0,4,2,0,10,0,0,10,0,2,4,0
project/sim_ext.py --sim-time 1.5 --seq-graph project/file/graph_15_nodes.json --traffic project/file/traffic_15_nodes_net.json --inspection-rate 0.001 --mess-rate 0.002 --algorithm centflow,0.648451000001,0,9,0,7,0,4,0,3,8,0,1,0,2,1,2,0,0,0,0,0,10,10,10,0,0,0,4,0,5,0,3,0,0,0,0,0,9,10,3,10,3,0,7,9
project/sim_ext.py --sim-time 1.5 --seq-graph project/file/graph_15_nodes.json --traffic project/file/traffic_15_nodes_net.json --inspection-rate 0.001 --mess-rate 0.002 --algorithm centflow,0.6494729594111217,1,10,0,10,0,0,0,0,10,0,4,1,5,1,1,1,0,1,0,0,10,10,10,0,0,1,6,0,0,0,0,0,2,0,0,0,10,10,10,10,9,3,10,10
project/sim_ext.py --sim-time 1.5 --seq-graph project/file/graph_15_nodes.json --traffic project/file/traffic_15_nodes_net.json --inspection-rate 0.001 --mess-rate 0.002 --algorithm centflow,0.650504000001,0,10,0,10,4,0,0,0,10,0,1,3,6,1,1,1,0,2,0,0,10,10,10,0,0,0,8,2,1,0,2,0,2,0,0,0,10,10,10,10,10,10,10,10
project/sim_ext.py --sim-time 1.5 --seq-graph project/file/graph_15_nodes.json --traffic project/file/traffic_15_nodes_net.json --inspection-rate 0.001 --mess-rate 0.002 --algorithm centflow,0.651676000001,0,10,1,10,8,0,3,2,10,0,3,5,6,1,0,0,0,0,0,0,10,10,10,2,0,0,10,6,4,2,0,0,2,1,0,1,10,10,10,10,10,10,10,10
project/sim_ext.py --sim-time 1.5 --seq-graph project/file/graph_15_nodes.json --traffic project/file/traffic_15_nodes_net.json --inspection-rate 0.001 --mess-rate 0.002 --algorithm centflow,0.652722000001,0,10,2,10,8,2,4,4,10,0,4,6,7,1,0,0,1,1,0,1,10,10,10,1,0,0,10,9,5,0,2,0,3,2,0,2,10,10,10,10,10,10,10,10
project/sim_ext.py --sim-time 1.5 --seq-graph project/file/graph_15_nodes.json --traffic project/file/traffic_15_nodes_net.json --inspection-rate 0.001 --mess-rate 0.002 --algorithm centflow,0.653933799997,0,10,4,10,9,0,0,0,10,0,6,9,10,2,4,0,2,3,0,2,10,10,10,1,2,0,10,10,7,0,0,0,5,5,0,3,10,10,10,10,10,10,10,10
project/sim_ext.py --sim-time 1.5 --seq-graph project/file/graph_15_nodes.json --traffic project/file/traffic_15_nodes_net.json --inspection-rate 0.001 --mess-rate 0.002 --algorithm centflow,0.654970000001,0,10,6,10,10,0,0,0,10,0,9,10,10,3,6,0,2,4,0,4,10,10,10,2,0,0,10,10,10,0,0,0,5,7,0,5,10,10,10,10,10,10,10,10
project/sim_ext.py --sim-time 1.5 --seq-graph project/file/graph_15_nodes.json --traffic project/file/traffic_15_nodes_net.json --inspection-rate 0.001 --mess-rate 0.002 --algorithm centflow,0.656012000001,0,10,8,10,10,4,0,2,10,0,10,10,10,3,8,0,5,7,0,4,10,10,10,4,0,0,10,10,10,0,0,0,7,9,0,6,10,10,10,10,10,10,10,10
project/sim_ext.py --sim-time 1.5 --seq-graph project/file/graph_15_nodes.json --traffic project/file/traffic_15_nodes_net.json --inspection-rate 0.001 --mess-rate 0.002 --algorithm centflow,0.6571093682530369,0,10,10,10,10,0,0,4,10,1,10,10,10,4,10,0,6,9,0,4,10,10,10,7,0,0,10,10,10,0,0,0,9,10,1,6,10,10,10,10,10,10,10,10
project/sim_ext.py --sim-time 1.5 --seq-graph project/file/graph_15_nodes.json --traffic project/file/traffic_15_nodes_net.json --inspection-rate 0.001 --mess-rate 0.002 --algorithm centflow,0.658127000001,0,10,10,10,10,1,1,6,10,0,10,10,10,4,10,0,6,9,0,4,10,10,10,9,0,0,10,10,10,1,0,0,10,10,3,9,10,10,10,10,10,10,10,10
project/sim_ext.py --sim-time 1.5 --seq-graph project/file/graph_15_nodes.json --traffic project/file/traffic_15_nodes_net.json --inspection-rate 0.001 --mess-rate 0.002 --algorithm centflow,0.6593033999969999,0,10,10,10,10,3,0,10,10,1,10,10,10,6,10,0,10,10,0,4,10,10,10,10,0,0,10,10,10,0,0,0,10,10,2,8,10,10,10,10,10,10,10,10
project/sim_ext.py --sim-time 1.5 --seq-graph project/file/graph_15_nodes.json --traffic project/file/traffic_15_nodes_net.json --inspection-rate 0.001 --mess-rate 0.002 --algorithm centflow,0.660355000001,0,10,10,10,10,2,0,10,10,1,10,10,10,7,10,0,10,10,0,5,10,10,10,10,0,0,10,10,10,0,1,0,10,10,4,0,10,10,10,10,10,10,10,10
project/sim_ext.py --sim-time 1.5 --seq-graph project/file/graph_15_nodes.json --traffic project/file/traffic_15_nodes_net.json --inspection-rate 0.001 --mess-rate 0.002 --algorithm centflow,0.661578000001,0,10,10,10,10,3,0,0,10,0,10,10,10,7,10,0,10,10,0,10,10,10,10,10,1,0,10,10,10,0,2,0,10,10,7,0,10,10,10,10,10,10,10,10
project/sim_ext.py --sim-time 1.5 --seq-graph project/file/graph_15_nodes.json --traffic project/file/traffic_15_nodes_net.json --inspection-rate 0.001 --mess-rate 0.002 --algorithm centflow,0.662587000001,0,10,10,10,10,7,4,0,10,1,10,10,10,8,10,0,10,10,0,10,10,10,10,10,2,0,10,10,10,0,2,0,10,10,9,0,10,10,10,10,10,10,10,10
project/sim_ext.py --sim-time 1.5 --seq-graph project/file/graph_15_nodes.json --traffic project/file/traffic_15_nodes_net.json --inspection-rate 0.001 --mess-rate 0.002 --algorithm centflow,0.6637908491095359,2,10,10,10,10,7,8,1,10,1,10,10,10,8,10,0,10,10,1,10,10,10,10,10,4,0,10,10,10,0,4,0,10,10,10,0,10,10,10,10,10,10,10,10
project/sim_ext.py --sim-time 1.5 --seq-graph project/file/graph_15_nodes.json --traffic project/file/traffic_15_nodes_net.json --inspection-rate 0.001 --mess-rate 0.002 --algorithm centflow,0.6648048391357776,4,10,10,10,10,9,10,2,10,2,10,10,10,8,10,0,10,10,2,10,10,10,10,10,4,0,10,10,10,2,8,0,10,10,10,0,10,10,10,10,10,10,10,10
project/sim_ext.py --sim-time 1.5 --seq-graph project/file/graph_15_nodes.json --traffic project/file/traffic_15_nodes_net.json --inspection-rate 0.001 --mess-rate 0.002 --algorithm centflow,0.665840000001,4,10,10,10,10,10,10,0,10,2,10,10,10,8,10,0,10,10,5,10,10,10,10,10,4,0,10,10,10,4,9,0,10,10,10,0,10,10,10,10,10,10,10,10
project/sim_ext.py --sim-time 1.5 --seq-graph project/file/graph_15_nodes.json --traffic project/file/traffic_15_nodes_net.json --inspection-rate 0.001 --mess-rate 0.002 --algorithm centflow,0.6668937999969999,4,10,10,10,10,10,10,0,10,4,10,10,10,8,10,0,10,10,7,10,10,10,10,10,7,0,10,10,10,6,9,0,10,10,2,0,10,10,10,10,10,10,10,10
project/sim_ext.py --sim-time 1.5 --seq-graph project/file/graph_15_nodes.json --traffic project/file/traffic_15_nodes_net.json --inspection-rate 0.001 --mess-rate 0.002 --algorithm centflow,0.6679774928556717,4,10,10,10,10,10,10,0,10,5,10,10,10,8,10,1,10,10,8,10,10,10,10,10,7,0,10,10,10,6,10,1,10,10,0,0,10,10,10,10,10,10,10,10
project/sim_ext.py --sim-time 1.5 --seq-graph project/file/graph_15_nodes.json --traffic project/file/traffic_15_nodes_net.json --inspection-rate 0.001 --mess-rate 0.002 --algorithm centflow,0.6690214260617009,4,10,10,10,10,10,10,3,10,5,10,10,10,8,10,0,10,10,8,10,10,10,10,10,7,0,10,10,10,8,10,0,10,10,0,0,10,10,10,10,10,10,10,10
project/sim_ext.py --sim-time 1.5 --seq-graph project/file/graph_15_nodes.json --traffic project/file/traffic_15_nodes_net.json --inspection-rate 0.001 --mess-rate 0.002 --algorithm centflow,0.6700644465789214,4,10,10,10,10,10,10,7,10,5,10,10,10,10,10,0,10,10,9,10,10,10,10,10,10,0,10,10,10,9,10,0,10,10,2,4,10,10,10,10,10,10,10,10
project/sim_ext.py --sim-time 1.5 --seq-graph project/file/graph_15_nodes.json --traffic project/file/traffic_15_nodes_net.json --inspection-rate 0.001 --mess-rate 0.002 --algorithm centflow,0.6710862589948573,5,10,10,10,10,10,10,5,10,5,10,10,10,10,10,0,10,10,10,10,10,10,10,10,10,0,10,10,10,10,10,0,10,10,5,0,10,10,10,10,10,10,10,10
project/sim_ext.py --sim-time 1.5 --seq-graph project/file/graph_15_nodes.json --traffic project/file/traffic_15_nodes_net.json --inspection-rate 0.001 --mess-rate 0.002 --algorithm centflow,0.672131000001,5,10,10,10,10,10,10,6,10,5,10,10,10,10,10,0,10,10,10,10,10,10,10,10,10,1,10,10,10,10,10,0,10,10,0,0,10,10,10,10,10,10,10,10
project/sim_ext.py --sim-time 1.5 --seq-graph project/file/graph_15_nodes.json --traffic project/file/traffic_15_nodes_net.json --inspection-rate 0.001 --mess-rate 0.002 --algorithm centflow,0.673174062607771,7,10,10,10,10,10,10,9,10,5,10,10,10,10,10,1,10,10,10,10,10,10,10,10,10,0,10,10,10,10,10,0,10,10,0,0,10,10,10,10,10,10,10,10
project/sim_ext.py --sim-time 1.5 --seq-graph project/file/graph_15_nodes.json --traffic project/file/traffic_15_nodes_net.json --inspection-rate 0.001 --mess-rate 0.002 --algorithm centflow,0.6741936716965423,7,10,10,10,10,10,10,10,10,5,10,10,10,10,10,3,10,10,10,10,0,10,10,10,10,0,10,10,10,10,10,0,10,10,1,0,10,10,10,0,10,10,10,10
project/sim_ext.py --sim-time 1.5 --seq-graph project/file/graph_15_nodes.json --traffic project/file/traffic_15_nodes_net.json --inspection-rate 0.001 --mess-rate 0.002 --algorithm centflow,0.675267199997,0,6,1,9,6,0,0,1,10,1,0,4,5,5,0,1,0,0,0,4,2,4,5,0,0,0,5,4,1,0,0,1,5,0,0,0,0,0,0,0,0,1,0,1
project/sim_ext.py --sim-time 1.5 --seq-graph project/file/graph_15_nodes.json --traffic project/file/traffic_15_nodes_net.json --inspection-rate 0.001 --mess-rate 0.002 --algorithm centflow,0.676269799997,3,0,0,1,1,0,4,0,4,0,1,0,0,0,1,0,0,0,0,0,0,0,0,0,0,0,0,0,4,0,2,0,0,1,0,0,1,2,0,0,2,0,1,2
project/sim_ext.py --sim-time 1.5 --seq-graph project/file/graph_15_nodes.json --traffic project/file/traffic_15_nodes_net.json --inspection-rate 0.001 --mess-rate 0.002 --algorithm centflow,0.6772750000009999,0,0,0,4,0,1,0,2,1,0,0,1,2,4,0,0,0,0,0,4,1,0,5,1,0,1,0,0,0,0,0,1,0,0,0,0,0,0,0,0,3,1,1,0
project/sim_ext.py --sim-time 1.5 --seq-graph project/file/graph_15_nodes.json --traffic project/file/traffic_15_nodes_net.json --inspection-rate 0.001 --mess-rate 0.002 --algorithm centflow,0.678281599997,0,5,1,6,0,1,0,0,8,0,0,1,0,0,0,0,1,0,0,0,3,0,7,1,1,0,0,2,0,6,0,1,0,2,0,0,2,0,1,5,0,6,3,2
project/sim_ext.py --sim-time 1.5 --seq-graph project/file/graph_15_nodes.json --traffic project/file/traffic_15_nodes_net.json --inspection-rate 0.001 --mess-rate 0.002 --algorithm centflow,0.679414999948,0,10,0,10,1,0,2,0,10,0,0,0,3,0,0,1,0,0,0,0,8,0,10,0,0,1,1,4,0,7,0,0,3,1,0,2,2,7,4,9,10,4,4,10
project/sim_ext.py --sim-time 1.5 --seq-graph project/file/graph_15_nodes.json --traffic project/file/traffic_15_nodes_net.json --inspection-rate 0.001 --mess-rate 0.002 --algorithm centflow,0.680417000001,1,10,0,10,3,0,4,0,10,0,0,0,3,0,0,5,0,0,0,1,10,5,10,1,0,0,2,5,0,0,3,0,7,0,2,0,8,10,6,10,10,10,10,10
project/sim_ext.py --sim-time 1.5 --seq-graph project/file/graph_15_nodes.json --traffic project/file/traffic_15_nodes_net.json --inspection-rate 0.001 --mess-rate 0.002 --algorithm centflow,0.681492199997,0,10,0,10,3,0,7,1,10,0,0,0,4,0,0,0,3,0,0,0,10,9,10,0,0,0,8,8,1,0,0,2,10,5,2,0,10,10,10,10,10,10,10,10
project/sim_ext.py --sim-time 1.5 --seq-graph project/file/graph_15_nodes.json --traffic project/file/traffic_15_nodes_net.json --inspection-rate 0.001 --mess-rate 0.002 --algorithm centflow,0.682513000001,0,10,0,10,5,0,8,0,10,0,0,0,5,1,0,0,5,1,0,3,10,10,10,0,0,1,10,10,5,0,0,2,10,8,0,0,10,10,10,10,10,10,10,10
project/sim_ext.py --sim-time 1.5 --seq-graph project/file/graph_15_nodes.json --traffic project/file/traffic_15_nodes_net.json --inspection-rate 0.001 --mess-rate 0.002 --algorithm centflow,0.683602000001,0,10,0,10,6,0,0,3,10,0,3,6,6,4,0,0,7,0,0,3,10,10,10,0,0,0,10,10,5,0,0,2,10,10,0,0,10,10,10,10,10,10,10,10
project/sim_ext.py --sim-time 1.5 --seq-graph project/file/graph_15_nodes.json --traffic project/file/traffic_15_nodes_net.json --inspection-rate 0.001 --mess-rate 0.002 --algorithm centflow,0.6847178365522346,0,10,0,10,8,0,0,0,10,0,7,10,7,5,0,0,8,0,0,8,10,10,10,0,0,0,10,10,10,3,0,0,10,10,0,0,10,10,10,10,10,10,10,10
project/sim_ext.py --sim-time 1.5 --seq-graph project/file/graph_15_nodes.json --traffic project/file/traffic_15_nodes_net.json --inspection-rate 0.001 --mess-rate 0.002 --algorithm centflow,0.685824000001,0,10,0,10,8,7,0,0,10,0,8,10,10,9,0,0,9,0,0,8,10,10,10,1,0,0,10,10,10,5,3,0,10,10,0,0,10,10,10,10,10,10,10,10
project/sim_ext.py --sim-time 1.5 --seq-graph project/file/graph_15_nodes.json --traffic project/file/traffic_15_nodes_net.json --inspection-rate 0.001 --mess-rate 0.002 --algorithm centflow,0.686910799997,0,10,3,10,8,10,0,2,10,0,10,10,10,10,0,0,10,1,1,9,10,10,10,4,0,0,10,10,10,0,0,0,10,10,0,1,10,10,10,10,10,10,10,10
project/sim_ext.py --sim-time 1.5 --seq-graph project/file/graph_15_nodes.json --traffic project/file/traffic_15_nodes_net.json --inspection-rate 0.001 --mess-rate 0.002 --algorithm centflow,0.687921999997,0,10,2,10,9,10,0,4,10,1,10,10,10,10,0,0,10,1,0,10,10,10,10,5,2,0,10,10,10,2,0,0,10,10,0,0,10,10,10,10,10,10,10,10
project/sim_ext.py --sim-time 1.5 --seq-graph project/file/graph_15_nodes.json --traffic project/file/traffic_15_nodes_net.json --inspection-rate 0.001 --mess-rate 0.002 --algorithm centflow,0.688967000001,0,10,6,10,10,10,0,6,10,2,10,10,10,10,2,0,10,2,0,10,10,10,10,7,5,0,10,10,10,5,0,0,10,10,0,0,10,10,10,10,10,10,10,10
project/sim_ext.py --sim-time 1.5 --seq-graph project/file/graph_15_nodes.json --traffic project/file/traffic_15_nodes_net.json --inspection-rate 0.001 --mess-rate 0.002 --algorithm centflow,0.690135000001,0,10,7,10,10,0,4,8,10,0,10,10,10,10,3,0,10,2,0,10,10,10,10,10,0,0,10,10,10,6,1,0,10,10,0,0,10,10,10,10,10,10,10,10
project/sim_ext.py --sim-time 1.5 --seq-graph project/file/graph_15_nodes.json --traffic project/file/traffic_15_nodes_net.json --inspection-rate 0.001 --mess-rate 0.002 --algorithm centflow,0.6911974938534482,0,10,9,10,10,0,0,10,10,0,10,10,10,10,4,0,10,2,0,10,10,10,10,10,1,0,10,10,10,7,0,0,10,10,1,0,10,10,10,10,10,10,10,10
project/sim_ext.py --sim-time 1.5 --seq-graph project/file/graph_15_nodes.json --traffic project/file/traffic_15_nodes_net.json --inspection-rate 0.001 --mess-rate 0.002 --algorithm centflow,0.6923204121159474,1,10,10,10,10,0,0,1,10,0,10,10,10,10,4,1,10,4,0,10,10,10,10,10,2,0,10,10,10,8,0,0,10,10,2,0,10,10,10,10,10,10,10,10
project/sim_ext.py --sim-time 1.5 --seq-graph project/file/graph_15_nodes.json --traffic project/file/traffic_15_nodes_net.json --inspection-rate 0.001 --mess-rate 0.002 --algorithm centflow,0.693332000001,0,10,10,10,10,2,1,7,10,0,10,10,10,10,6,0,10,7,2,10,10,10,10,10,0,0,10,10,10,0,0,0,10,10,0,0,10,10,10,10,10,10,10,10
project/sim_ext.py --sim-time 1.5 --seq-graph project/file/graph_15_nodes.json --traffic project/file/traffic_15_nodes_net.json --inspection-rate 0.001 --mess-rate 0.002 --algorithm centflow,0.6944458327984429,0,10,10,10,10,5,2,3,10,0,10,10,10,10,7,0,10,9,0,10,10,10,10,10,0,1,10,10,10,0,3,0,10,10,0,1,10,10,10,10,10,10,10,10
project/sim_ext.py --sim-time 1.5 --seq-graph project/file/graph_15_nodes.json --traffic project/file/traffic_15_nodes_net.json --inspection-rate 0.001 --mess-rate 0.002 --algorithm centflow,0.695540000001,0,10,10,10,10,7,3,3,10,0,10,10,10,10,8,0,10,10,1,10,10,10,10,10,0,2,10,10,10,1,0,0,10,10,0,1,10,10,10,10,10,10,10,10
project/sim_ext.py --sim-time 1.5 --seq-graph project/file/graph_15_nodes.json --traffic project/file/traffic_15_nodes_net.json --inspection-rate 0.001 --mess-rate 0.002 --algorithm centflow,0.696584000001,0,10,10,10,10,10,9,5,10,0,10,10,10,10,8,0,10,10,1,10,10,10,10,10,0,0,10,10,10,2,0,0,10,10,0,2,10,10,10,10,10,10,10,10
project/sim_ext.py --sim-time 1.5 --seq-graph project/file/graph_15_nodes.json --traffic project/file/traffic_15_nodes_net.json --inspection-rate 0.001 --mess-rate 0.002 --algorithm centflow,0.697620199997,0,10,10,10,10,6,10,6,10,1,10,10,10,10,9,0,10,10,1,10,10,10,10,10,1,0,10,10,10,6,0,0,10,10,0,3,10,10,10,10,10,10,10,10
project/sim_ext.py --sim-time 1.5 --seq-graph project/file/graph_15_nodes.json --traffic project/file/traffic_15_nodes_net.json --inspection-rate 0.001 --mess-rate 0.002 --algorithm centflow,0.6986232824118389,0,10,10,10,10,3,10,8,10,1,10,10,10,10,10,1,10,10,1,10,10,10,10,10,1,0,10,10,10,8,0,1,10,10,2,0,10,10,10,10,10,10,10,10
project/sim_ext.py --sim-time 1.5 --seq-graph project/file/graph_15_nodes.json --traffic project/file/traffic_15_nodes_net.json --inspection-rate 0.001 --mess-rate 0.002 --algorithm centflow,0.699666000001,1,10,10,10,10,8,10,10,10,1,10,10,10,10,10,1,10,10,2,10,10,10,10,10,2,0,10,10,10,10,0,0,10,10,3,0,10,10,10,10,10,10,10,10
project/sim_ext.py --sim-time 1.5 --seq-graph project/file/graph_15_nodes.json --traffic project/file/traffic_15_nodes_net.json --inspection-rate 0.001 --mess-rate 0.002 --algorithm centflow,0.700687000001,2,10,10,10,10,10,10,10,10,1,10,10,10,10,10,1,10,10,4,10,10,10,10,10,4,0,10,10,10,10,3,0,10,10,0,1,10,10,10,10,10,10,10,10
project/sim_ext.py --sim-time 1.5 --seq-graph project/file/graph_15_nodes.json --traffic project/file/traffic_15_nodes_net.json --inspection-rate 0.001 --mess-rate 0.002 --algorithm centflow,0.701944000001,2,10,10,10,10,10,10,10,10,1,10,10,10,10,10,1,10,10,5,10,10,10,10,10,8,0,10,10,10,10,4,0,10,10,0,0,10,10,10,10,10,10,10,10
project/sim_ext.py --sim-time 1.5 --seq-graph project/file/graph_15_nodes.json --traffic project/file/traffic_15_nodes_net.json --inspection-rate 0.001 --mess-rate 0.002 --algorithm centflow,0.703053000001,3,10,10,10,10,10,10,10,10,1,10,10,10,10,10,1,10,10,8,10,10,10,10,10,9,0,10,10,10,10,5,0,10,10,0,0,10,10,10,10,10,10,10,10
project/sim_ext.py --sim-time 1.5 --seq-graph project/file/graph_15_nodes.json --traffic project/file/traffic_15_nodes_net.json --inspection-rate 0.001 --mess-rate 0.002 --algorithm centflow,0.704066000001,3,10,10,10,10,10,10,10,10,1,10,10,10,10,10,1,10,10,8,10,10,10,10,10,9,0,10,10,10,10,6,1,10,10,0,0,10,10,10,10,10,10,10,10
project/sim_ext.py --sim-time 1.5 --seq-graph project/file/graph_15_nodes.json --traffic project/file/traffic_15_nodes_net.json --inspection-rate 0.001 --mess-rate 0.002 --algorithm centflow,0.705293799997,3,10,10,10,10,10,10,10,10,3,10,10,10,10,10,1,10,10,8,10,10,10,10,10,9,0,10,10,10,10,7,1,10,10,1,0,10,10,10,10,10,10,10,10
project/sim_ext.py --sim-time 1.5 --seq-graph project/file/graph_15_nodes.json --traffic project/file/traffic_15_nodes_net.json --inspection-rate 0.001 --mess-rate 0.002 --algorithm centflow,0.706356199997,4,10,10,10,0,10,10,0,10,8,0,0,0,0,10,1,0,2,0,0,10,10,10,0,10,0,10,1,0,2,10,0,0,0,0,1,10,0,1,10,1,7,10,1
project/sim_ext.py --sim-time 1.5 --seq-graph project/file/graph_15_nodes.json --traffic project/file/traffic_15_nodes_net.json --inspection-rate 0.001 --mess-rate 0.002 --algorithm centflow,0.707401599997,5,10,10,10,0,10,10,0,10,10,0,0,0,0,10,0,0,0,0,0,10,10,10,1,10,0,10,0,2,4,10,0,0,3,0,0,10,3,0,10,2,0,10,0
project/sim_ext.py --sim-time 1.5 --seq-graph project/file/graph_15_nodes.json --traffic project/file/traffic_15_nodes_net.json --inspection-rate 0.001 --mess-rate 0.002 --algorithm centflow,0.708419199997,6,10,10,10,0,10,10,0,10,10,0,0,0,0,10,0,1,0,0,0,10,10,10,3,10,0,10,0,4,2,10,0,0,2,0,0,10,1,6,10,1,5,10,5
project/sim_ext.py --sim-time 1.5 --seq-graph project/file/graph_15_nodes.json --traffic project/file/traffic_15_nodes_net.json --inspection-rate 0.001 --mess-rate 0.002 --algorithm centflow,0.7094440000009999,6,10,10,10,0,10,10,0,10,10,0,0,0,0,10,0,0,0,0,2,10,10,10,4,10,0,10,0,5,0,10,0,0,0,0,0,10,0,0,10,0,0,10,10
project/sim_ext.py --sim-time 1.5 --seq-graph project/file/graph_15_nodes.json --traffic project/file/traffic_15_nodes_net.json --inspection-rate 0.001 --mess-rate 0.002 --algorithm centflow,0.7105742483644187,7,10,10,10,0,10,10,0,10,10,1,0,0,0,10,0,0,0,2,0,10,10,10,0,10,0,10,0,0,0,10,0,0,4,1,2,10,3,0,10,0,2,10,0
project/sim_ext.py --sim-time 1.5 --seq-graph project/file/graph_15_nodes.json --traffic project/file/traffic_15_nodes_net.json --inspection-rate 0.001 --mess-rate 0.002 --algorithm centflow,0.711578599997,8,10,10,10,0,10,10,0,10,10,0,0,2,0,10,4,0,2,0,0,10,10,10,0,10,0,10,0,1,0,10,0,3,0,2,2,10,8,1,10,4,3,10,10
project/sim_ext.py --sim-time 1.5 --seq-graph project/file/graph_15_nodes.json --traffic project/file/traffic_15_nodes_net.json --inspection-rate 0.001 --mess-rate 0.002 --algorithm centflow,0.712608999997,10,10,10,10,0,10,10,0,10,10,0,2,5,1,10,0,0,0,0,1,10,10,10,0,10,0,10,0,3,1,10,0,4,3,0,2,10,10,10,10,9,0,10,2
project/sim_ext.py --sim-time 1.5 --seq-graph project/file/graph_15_nodes.json --traffic project/file/traffic_15_nodes_net.json --inspection-rate 0.001 --mess-rate 0.002 --algorithm centflow,0.7136201211168992,10,10,10,10,2,10,10,0,10,10,1,2,6,2,10,0,0,1,0,3,10,10,10,0,10,0,10,0,9,2,10,0,5,10,0,0,10,10,10,10,10,6,10,0
project/sim_ext.py --sim-time 1.5 --seq-graph project/file/graph_15_nodes.json --traffic project/file/traffic_15_nodes_net.json --inspection-rate 0.001 --mess-rate 0.002 --algorithm centflow,0.714632000001,10,10,10,10,2,10,10,0,10,10,7,2,6,2,10,1,2,0,0,3,10,10,10,1,10,2,10,0,9,3,10,1,6,10,0,0,10,10,10,10,10,10,10,5
project/sim_ext.py --sim-time 1.5 --seq-graph project/file/graph_15_nodes.json --traffic project/file/traffic_15_nodes_net.json --inspection-rate 0.001 --mess-rate 0.002 --algorithm centflow,0.715693000001,10,10,10,10,3,10,10,0,10,10,10,5,7,3,10,0,2,1,0,3,10,10,10,0,10,0,10,2,10,0,10,0,10,10,1,0,10,10,10,10,10,10,10,10
project/sim_ext.py --sim-time 1.5 --seq-graph project/file/graph_15_nodes.json --traffic project/file/traffic_15_nodes_net.json --inspection-rate 0.001 --mess-rate 0.002 --algorithm centflow,0.716729000001,0,0,0,0,10,1,2,0,0,0,10,10,10,10,0,1,9,0,3,10,10,0,0,1,0,0,0,10,10,0,0,0,10,10,3,0,0,10,10,10,10,10,7,10
project/sim_ext.py --sim-time 1.5 --seq-graph project/file/graph_15_nodes.json --traffic project/file/traffic_15_nodes_net.json --inspection-rate 0.001 --mess-rate 0.002 --algorithm centflow,0.717821000001,0,2,0,0,10,6,6,3,0,0,10,10,10,10,1,0,10,0,0,10,10,1,0,0,0,0,0,10,10,0,0,0,10,10,0,0,0,10,10,10,10,10,0,10
project/sim_ext.py --sim-time 1.5 --seq-graph project/file/graph_15_nodes.json --traffic project/file/traffic_15_nodes_net.json --inspection-rate 0.001 --mess-rate 0.002 --algorithm centflow,0.718902000001,1,0,1,0,10,0,7,0,0,0,10,10,10,10,0,0,10,1,0,10,10,1,1,2,0,0,0,10,10,0,3,0,10,10,0,2,0,10,10,10,10,10,0,10
project/sim_ext.py --sim-time 1.5 --seq-graph project/file/graph_15_nodes.json --traffic project/file/traffic_15_nodes_net.json --inspection-rate 0.001 --mess-rate 0.002 --algorithm centflow,0.719945000001,0,0,0,0,10,2,0,0,0,0,10,10,10,10,0,2,10,10,0,10,0,0,1,2,0,0,0,10,10,0,1,0,10,10,1,4,1,10,10,0,10,10,4,10
project/sim_ext.py --sim-time 1.5 --seq-graph project/file/graph_15_nodes.json --traffic project/file/traffic_15_nodes_net.json --inspection-rate 0.001 --mess-rate 0.002 --algorithm centflow,0.721160000001,0,0,0,10,10,0,0,0,0,1,10,10,10,10,0,0,10,10,0,10,0,2,6,8,0,0,1,10,10,0,0,0,10,10,0,5,4,10,10,1,10,10,9,10
project/sim_ext.py --sim-time 1.5 --seq-graph project/file/graph_15_nodes.json --traffic project/file/traffic_15_nodes_net.json --inspection-rate 0.001 --mess-rate 0.002 --algorithm centflow,0.722357631267154,0,0,0,10,10,0,3,0,0,0,10,10,10,10,3,0,10,10,3,10,0,4,10,10,2,2,2,10,10,1,0,0,10,10,0,6,10,10,10,0,10,10,10,10
project/sim_ext.py --sim-time 1.5 --seq-graph project/file/graph_15_nodes.json --traffic project/file/traffic_15_nodes_net.json --inspection-rate 0.001 --mess-rate 0.002 --algorithm centflow,0.723543000001,0,0,0,10,10,0,0,0,0,0,10,10,10,10,2,1,10,10,7,10,0,8,10,10,0,0,5,10,10,3,0,0,10,10,0,0,10,10,10,0,10,10,10,10
project/sim_ext.py --sim-time 1.5 --seq-graph project/file/graph_15_nodes.json --traffic project/file/traffic_15_nodes_net.json --inspection-rate 0.001 --mess-rate 0.002 --algorithm centflow,0.7245616776744337,0,3,0,10,10,0,2,3,3,0,10,10,10,10,0,1,10,10,8,10,0,10,10,10,0,0,5,10,10,6,0,0,10,10,2,0,10,10,10,0,10,10,10,10
project/sim_ext.py --sim-time 1.5 --seq-graph project/file/graph_15_nodes.json --traffic project/file/traffic_15_nodes_net.json --inspection-rate 0.001 --mess-rate 0.002 --algorithm centflow,0.725767000001,1,5,0,10,10,0,6,8,4,0,10,10,10,10,2,2,10,10,10,10,0,10,10,10,2,0,7,10,10,7,0,0,10,10,0,0,10,10,10,0,10,10,10,10
project/sim_ext.py --sim-time 1.5 --seq-graph project/file/graph_15_nodes.json --traffic project/file/traffic_15_nodes_net.json --inspection-rate 0.001 --mess-rate 0.002 --algorithm centflow,0.726886799997,0,8,0,10,10,2,7,10,8,0,10,10,10,10,0,2,10,10,10,10,0,10,10,10,0,0,8,10,10,7,1,0,10,10,0,0,10,10,10,3,10,10,10,10
project/sim_ext.py --sim-time 1.5 --seq-graph project/file/graph_15_nodes.json --traffic project/file/traffic_15_nodes_net.json --inspection-rate 0.001 --mess-rate 0.002 --algorithm centflow,0.7278950000009999,0,10,0,10,10,7,10,10,10,0,10,10,10,10,1,2,10,10,10,10,1,10,10,10,0,0,10,10,10,10,0,0,10,10,0,0,10,10,10,7,10,10,10,10
project/sim_ext.py --sim-time 1.5 --seq-graph project/file/graph_15_nodes.json --traffic project/file/traffic_15_nodes_net.json --inspection-rate 0.001 --mess-rate 0.002 --algorithm centflow,0.728935000001,0,10,0,10,10,1,0,10,10,1,10,10,10,10,3,2,10,10,10,10,1,10,10,10,0,0,10,10,10,10,0,0,10,10,0,0,10,10,10,10,10,10,10,10
project/sim_ext.py --sim-time 1.5 --seq-graph project/file/graph_15_nodes.json --traffic project/file/traffic_15_nodes_net.json --inspection-rate 0.001 --mess-rate 0.002 --algorithm centflow,0.730054000001,0,10,0,10,10,0,0,10,10,0,10,10,10,10,4,3,10,10,10,10,1,10,10,10,0,0,10,10,10,10,0,0,10,10,0,0,10,10,10,10,10,10,10,10
project/sim_ext.py --sim-time 1.5 --seq-graph project/file/graph_15_nodes.json --traffic project/file/traffic_15_nodes_net.json --inspection-rate 0.001 --mess-rate 0.002 --algorithm centflow,0.731069000001,0,10,1,10,10,0,0,10,10,0,10,10,10,10,7,3,10,10,10,10,2,10,10,10,0,0,10,10,10,10,0,0,10,10,0,1,10,10,10,10,10,10,10,10
project/sim_ext.py --sim-time 1.5 --seq-graph project/file/graph_15_nodes.json --traffic project/file/traffic_15_nodes_net.json --inspection-rate 0.001 --mess-rate 0.002 --algorithm centflow,0.732096000001,0,10,2,10,10,2,0,10,10,0,10,10,10,10,8,4,10,10,10,10,3,10,10,10,0,0,10,10,10,10,0,0,10,10,0,5,10,10,10,10,10,10,10,10
project/sim_ext.py --sim-time 1.5 --seq-graph project/file/graph_15_nodes.json --traffic project/file/traffic_15_nodes_net.json --inspection-rate 0.001 --mess-rate 0.002 --algorithm centflow,0.733125000001,1,10,5,10,10,0,0,10,10,0,10,10,10,10,9,4,10,10,10,10,3,10,10,10,0,0,10,10,10,10,0,0,10,10,0,6,10,10,10,10,10,10,10,10
project/sim_ext.py --sim-time 1.5 --seq-graph project/file/graph_15_nodes.json --traffic project/file/traffic_15_nodes_net.json --inspection-rate 0.001 --mess-rate 0.002 --algorithm centflow,0.734174999944,1,10,8,10,10,5,0,10,10,1,10,10,10,10,10,5,10,10,10,10,3,10,10,10,0,0,10,10,10,10,5,0,10,10,0,7,10,10,10,10,10,10,10,10
project/sim_ext.py --sim-time 1.5 --seq-graph project/file/graph_15_nodes.json --traffic project/file/traffic_15_nodes_net.json --inspection-rate 0.001 --mess-rate 0.002 --algorithm centflow,0.7351936305580511,1,10,10,10,10,7,0,10,10,0,10,10,10,10,10,5,10,10,10,10,3,10,10,10,0,0,10,10,10,10,0,0,10,10,0,0,10,10,10,10,10,10,10,10
project/sim_ext.py --sim-time 1.5 --seq-graph project/file/graph_15_nodes.json --traffic project/file/traffic_15_nodes_net.json --inspection-rate 0.001 --mess-rate 0.002 --algorithm centflow,0.736291000001,1,10,10,10,10,10,3,10,10,0,10,10,10,10,10,5,10,10,10,10,3,10,10,10,0,0,10,10,10,10,0,0,10,10,0,0,10,10,10,10,10,10,10,10
project/sim_ext.py --sim-time 1.5 --seq-graph project/file/graph_15_nodes.json --traffic project/file/traffic_15_nodes_net.json --inspection-rate 0.001 --mess-rate 0.002 --algorithm centflow,0.737346000001,1,10,10,10,10,10,8,10,10,0,10,10,10,10,10,5,10,10,10,10,3,10,10,10,1,0,10,10,10,10,1,0,10,10,0,0,10,10,10,10,10,10,10,10
project/sim_ext.py --sim-time 1.5 --seq-graph project/file/graph_15_nodes.json --traffic project/file/traffic_15_nodes_net.json --inspection-rate 0.001 --mess-rate 0.002 --algorithm centflow,0.7383787439272798,1,10,10,10,10,10,6,10,10,0,10,10,10,10,10,7,10,10,10,10,3,10,10,10,2,0,10,10,10,10,1,0,10,10,0,0,10,10,10,10,10,10,10,10
project/sim_ext.py --sim-time 1.5 --seq-graph project/file/graph_15_nodes.json --traffic project/file/traffic_15_nodes_net.json --inspection-rate 0.001 --mess-rate 0.002 --algorithm centflow,0.7393949999439999,2,10,10,10,10,10,8,10,10,0,10,10,10,10,10,9,10,10,10,10,4,10,10,10,2,0,10,10,10,10,2,0,10,10,0,0,10,10,10,10,10,10,10,10
project/sim_ext.py --sim-time 1.5 --seq-graph project/file/graph_15_nodes.json --traffic project/file/traffic_15_nodes_net.json --inspection-rate 0.001 --mess-rate 0.002 --algorithm centflow,0.740429000001,2,10,10,10,10,10,10,10,10,0,10,10,10,10,10,9,10,10,10,10,4,10,10,10,3,0,10,10,10,10,2,0,10,10,0,0,10,10,10,10,10,10,10,10
project/sim_ext.py --sim-time 1.5 --seq-graph project/file/graph_15_nodes.json --traffic project/file/traffic_15_nodes_net.json --inspection-rate 0.001 --mess-rate 0.002 --algorithm centflow,0.741477000001,3,10,10,10,10,10,10,10,10,3,10,10,10,10,10,9,10,10,10,10,4,10,10,10,4,3,10,10,10,10,7,0,10,10,0,0,10,10,10,10,10,10,10,10
project/sim_ext.py --sim-time 1.5 --seq-graph project/file/graph_15_nodes.json --traffic project/file/traffic_15_nodes_net.json --inspection-rate 0.001 --mess-rate 0.002 --algorithm centflow,0.742484199997,5,10,10,10,10,10,10,10,10,3,10,10,10,10,10,9,10,10,10,10,5,10,10,10,5,0,10,10,10,10,8,1,10,10,2,0,10,10,10,10,10,10,10,10
project/sim_ext.py --sim-time 1.5 --seq-graph project/file/graph_15_nodes.json --traffic project/file/traffic_15_nodes_net.json --inspection-rate 0.001 --mess-rate 0.002 --algorithm centflow,0.7435021055152771,5,10,10,10,10,10,10,10,10,3,10,10,10,10,10,9,10,10,10,10,6,10,10,10,7,0,10,10,10,10,9,0,10,10,0,0,10,10,10,10,10,10,10,10
project/sim_ext.py --sim-time 1.5 --seq-graph project/file/graph_15_nodes.json --traffic project/file/traffic_15_nodes_net.json --inspection-rate 0.001 --mess-rate 0.002 --algorithm centflow,0.744773000001,5,10,10,10,10,10,10,10,10,4,10,10,10,10,10,9,10,10,10,10,6,10,10,10,9,0,10,10,10,10,10,0,10,10,0,1,10,10,10,10,10,10,10,10
project/sim_ext.py --sim-time 1.5 --seq-graph project/file/graph_15_nodes.json --traffic project/file/traffic_15_nodes_net.json --inspection-rate 0.001 --mess-rate 0.002 --algorithm centflow,0.745865000001,5,10,10,10,10,10,10,10,10,5,10,10,10,10,10,9,10,10,10,10,7,10,10,10,10,0,10,10,10,10,10,0,10,10,0,0,10,10,10,10,10,10,10,10
project/sim_ext.py --sim-time 1.5 --seq-graph project/file/graph_15_nodes.json --traffic project/file/traffic_15_nodes_net.json --inspection-rate 0.001 --mess-rate 0.002 --algorithm centflow,0.746934399997,0,8,3,9,6,0,0,0,7,1,6,5,1,9,0,0,1,0,0,0,10,7,6,0,0,2,4,2,1,0,1,2,6,0,0,0,0,0,0,10,0,0,0,1
project/sim_ext.py --sim-time 1.5 --seq-graph project/file/graph_15_nodes.json --traffic project/file/traffic_15_nodes_net.json --inspection-rate 0.001 --mess-rate 0.002 --algorithm centflow,0.747951999997,0,0,0,0,0,1,0,1,2,0,2,0,0,3,0,0,0,9,2,2,0,0,0,0,0,4,0,0,0,0,0,0,0,0,0,0,0,0,0,1,0,3,0,2
project/sim_ext.py --sim-time 1.5 --seq-graph project/file/graph_15_nodes.json --traffic project/file/traffic_15_nodes_net.json --inspection-rate 0.001 --mess-rate 0.002 --algorithm centflow,0.748963199997,0,4,0,0,0,2,1,0,3,0,0,0,2,0,2,0,2,1,1,0,2,0,0,0,0,0,0,0,0,0,0,0,0,0,1,0,0,0,4,0,0,2,0,0
project/sim_ext.py --sim-time 1.5 --seq-graph project/file/graph_15_nodes.json --traffic project/file/traffic_15_nodes_net.json --inspection-rate 0.001 --mess-rate 0.002 --algorithm centflow,0.749984399997,0,10,0,4,1,4,0,0,10,0,0,0,0,1,0,1,1,0,0,0,0,0,7,0,0,0,0,0,0,1,2,0,0,0,1,0,0,0,0,0,0,0,1,3
project/sim_ext.py --sim-time 1.5 --seq-graph project/file/graph_15_nodes.json --traffic project/file/traffic_15_nodes_net.json --inspection-rate 0.001 --mess-rate 0.002 --algorithm centflow,0.751002000001,0,10,0,10,3,0,0,0,10,0,2,1,3,4,1,0,1,0,0,0,0,3,10,1,0,0,3,1,0,0,0,0,1,2,0,0,0,4,10,0,2,5,2,0
project/sim_ext.py --sim-time 1.5 --seq-graph project/file/graph_15_nodes.json --traffic project/file/traffic_15_nodes_net.json --inspection-rate 0.001 --mess-rate 0.002 --algorithm centflow,0.7521221839767782,0,10,1,10,7,0,0,0,10,0,3,2,4,7,0,0,4,0,2,1,0,8,10,0,0,0,0,4,5,0,0,0,3,0,0,2,5,10,10,0,8,10,10,10
project/sim_ext.py --sim-time 1.5 --seq-graph project/file/graph_15_nodes.json --traffic project/file/traffic_15_nodes_net.json --inspection-rate 0.001 --mess-rate 0.002 --algorithm centflow,0.753157121271577,0,10,1,10,7,1,2,1,10,0,5,5,4,8,0,0,7,0,0,1,0,10,10,0,0,0,0,7,9,0,0,0,7,1,0,3,10,10,10,2,10,10,10,10
project/sim_ext.py --sim-time 1.5 --seq-graph project/file/graph_15_nodes.json --traffic project/file/traffic_15_nodes_net.json --inspection-rate 0.001 --mess-rate 0.002 --algorithm centflow,0.754197000001,0,10,2,10,9,3,2,0,10,0,6,7,4,8,0,0,7,6,1,3,2,10,10,0,0,0,2,7,10,0,1,0,10,4,0,0,10,10,10,10,10,10,10,10
project/sim_ext.py --sim-time 1.5 --seq-graph project/file/graph_15_nodes.json --traffic project/file/traffic_15_nodes_net.json --inspection-rate 0.001 --mess-rate 0.002 --algorithm centflow,0.755248000001,0,10,0,10,10,6,5,0,10,0,7,9,4,9,0,0,8,6,0,5,4,10,10,0,0,0,5,7,10,0,4,0,10,7,0,0,10,10,10,10,10,10,10,10
project/sim_ext.py --sim-time 1.5 --seq-graph project/file/graph_15_nodes.json --traffic project/file/traffic_15_nodes_net.json --inspection-rate 0.001 --mess-rate 0.002 --algorithm centflow,0.756325000001,0,10,3,10,10,10,0,0,10,0,8,10,5,10,0,1,9,0,0,5,8,10,10,0,0,0,6,10,10,0,6,1,10,10,0,0,10,10,10,10,10,10,10,10
project/sim_ext.py --sim-time 1.5 --seq-graph project/file/graph_15_nodes.json --traffic project/file/traffic_15_nodes_net.json --inspection-rate 0.001 --mess-rate 0.002 --algorithm centflow,0.7573685398424377,0,10,6,10,10,0,0,3,10,0,9,10,6,10,0,0,10,4,0,6,8,10,10,0,0,0,10,10,10,0,0,0,10,10,0,0,10,10,10,10,10,10,10,10
project/sim_ext.py --sim-time 1.5 --seq-graph project/file/graph_15_nodes.json --traffic project/file/traffic_15_nodes_net.json --inspection-rate 0.001 --mess-rate 0.002 --algorithm centflow,0.7583719293927417,0,10,10,10,10,0,0,6,10,0,10,10,7,10,3,0,10,9,0,6,9,10,10,2,1,0,10,10,10,0,0,0,10,10,0,1,10,10,10,10,10,10,10,10
project/sim_ext.py --sim-time 1.5 --seq-graph project/file/graph_15_nodes.json --traffic project/file/traffic_15_nodes_net.json --inspection-rate 0.001 --mess-rate 0.002 --algorithm centflow,0.759387000001,0,10,10,10,10,0,0,0,10,0,10,10,7,10,5,0,10,10,0,8,10,10,10,2,2,0,10,10,10,0,0,0,10,10,0,2,10,10,10,10,10,10,10,10
project/sim_ext.py --sim-time 1.5 --seq-graph project/file/graph_15_nodes.json --traffic project/file/traffic_15_nodes_net.json --inspection-rate 0.001 --mess-rate 0.002 --algorithm centflow,0.7605660000009999,0,10,10,10,10,0,1,0,10,0,10,10,9,10,5,0,10,10,0,9,10,10,10,4,0,0,10,10,10,0,0,0,10,10,0,0,10,10,10,10,10,10,10,10
project/sim_ext.py --sim-time 1.5 --seq-graph project/file/graph_15_nodes.json --traffic project/file/traffic_15_nodes_net.json --inspection-rate 0.001 --mess-rate 0.002 --algorithm centflow,0.7616283260165615,0,10,10,10,10,0,0,0,10,0,10,10,10,10,5,0,10,10,0,10,10,10,10,6,0,0,10,10,10,0,0,0,10,10,0,0,10,10,10,10,10,10,10,10
project/sim_ext.py --sim-time 1.5 --seq-graph project/file/graph_15_nodes.json --traffic project/file/traffic_15_nodes_net.json --inspection-rate 0.001 --mess-rate 0.002 --algorithm centflow,0.762640000001,0,10,10,10,10,2,0,0,10,0,10,10,10,10,6,0,10,10,0,10,10,10,10,7,1,0,10,10,10,0,0,0,10,10,0,0,10,10,10,10,10,10,10,10
project/sim_ext.py --sim-time 1.5 --seq-graph project/file/graph_15_nodes.json --traffic project/file/traffic_15_nodes_net.json --inspection-rate 0.001 --mess-rate 0.002 --algorithm centflow,0.763837000001,0,10,10,10,10,0,2,0,10,0,10,10,10,10,6,0,10,10,0,10,10,10,10,8,1,0,10,10,10,0,0,0,10,10,0,0,10,10,10,10,10,10,10,10
project/sim_ext.py --sim-time 1.5 --seq-graph project/file/graph_15_nodes.json --traffic project/file/traffic_15_nodes_net.json --inspection-rate 0.001 --mess-rate 0.002 --algorithm centflow,0.7648550000009999,0,10,10,10,10,1,2,0,10,0,10,10,10,10,7,0,10,10,0,10,10,10,10,9,0,1,10,10,10,0,0,0,10,10,0,0,10,10,10,10,10,10,10,10
project/sim_ext.py --sim-time 1.5 --seq-graph project/file/graph_15_nodes.json --traffic project/file/traffic_15_nodes_net.json --inspection-rate 0.001 --mess-rate 0.002 --algorithm centflow,0.766023399997,1,10,10,10,10,4,5,0,10,0,10,10,10,10,9,0,10,10,2,10,10,10,10,10,0,0,10,10,10,1,0,0,10,10,0,0,10,10,10,10,10,10,10,10
project/sim_ext.py --sim-time 1.5 --seq-graph project/file/graph_15_nodes.json --traffic project/file/traffic_15_nodes_net.json --inspection-rate 0.001 --mess-rate 0.002 --algorithm centflow,0.76706499994,3,10,10,10,10,5,9,3,10,1,10,10,10,10,10,0,10,10,3,10,10,10,10,10,2,0,10,10,10,1,0,0,10,10,0,0,10,10,10,10,10,10,10,10
project/sim_ext.py --sim-time 1.5 --seq-graph project/file/graph_15_nodes.json --traffic project/file/traffic_15_nodes_net.json --inspection-rate 0.001 --mess-rate 0.002 --algorithm centflow,0.768150000001,4,10,10,10,10,5,10,7,10,1,10,10,10,10,10,1,10,10,4,10,10,10,10,10,0,1,10,10,10,4,1,0,10,10,0,0,10,10,10,10,10,10,10,10
project/sim_ext.py --sim-time 1.5 --seq-graph project/file/graph_15_nodes.json --traffic project/file/traffic_15_nodes_net.json --inspection-rate 0.001 --mess-rate 0.002 --algorithm centflow,0.769157000001,5,10,10,10,10,8,10,10,10,3,10,10,10,10,10,2,10,10,6,10,10,10,10,10,0,0,10,10,10,6,3,0,10,10,0,1,10,10,10,10,10,10,10,10
project/sim_ext.py --sim-time 1.5 --seq-graph project/file/graph_15_nodes.json --traffic project/file/traffic_15_nodes_net.json --inspection-rate 0.001 --mess-rate 0.002 --algorithm centflow,0.7701910000009999,5,10,10,10,10,10,10,10,10,7,10,10,10,10,10,2,10,10,8,10,10,10,10,10,1,0,10,10,10,6,4,0,10,10,0,0,10,10,10,10,10,10,10,10
project/sim_ext.py --sim-time 1.5 --seq-graph project/file/graph_15_nodes.json --traffic project/file/traffic_15_nodes_net.json --inspection-rate 0.001 --mess-rate 0.002 --algorithm centflow,0.771232999997,5,10,10,10,10,10,10,10,10,8,10,10,10,10,10,2,10,10,10,10,10,10,10,10,1,2,10,10,10,8,6,0,10,10,0,0,10,10,10,10,10,10,10,10
project/sim_ext.py --sim-time 1.5 --seq-graph project/file/graph_15_nodes.json --traffic project/file/traffic_15_nodes_net.json --inspection-rate 0.001 --mess-rate 0.002 --algorithm centflow,0.772363000001,5,10,10,10,10,10,10,10,10,8,10,10,10,10,10,2,10,10,10,10,10,10,10,10,2,0,10,10,10,8,6,0,10,10,0,0,10,10,10,10,10,10,10,10
project/sim_ext.py --sim-time 1.5 --seq-graph project/file/graph_15_nodes.json --traffic project/file/traffic_15_nodes_net.json --inspection-rate 0.001 --mess-rate 0.002 --algorithm centflow,0.7733820154729572,5,10,10,10,10,10,10,10,10,8,10,10,10,10,10,4,10,10,10,10,10,10,10,10,5,0,10,10,10,10,9,1,10,10,0,0,10,10,10,10,10,10,10,10
project/sim_ext.py --sim-time 1.5 --seq-graph project/file/graph_15_nodes.json --traffic project/file/traffic_15_nodes_net.json --inspection-rate 0.001 --mess-rate 0.002 --algorithm centflow,0.774422000001,5,10,10,10,10,10,10,10,10,8,10,10,10,10,10,4,10,10,10,10,10,10,10,10,7,0,10,10,10,10,10,0,10,10,0,3,10,10,10,10,10,10,10,10
project/sim_ext.py --sim-time 1.5 --seq-graph project/file/graph_15_nodes.json --traffic project/file/traffic_15_nodes_net.json --inspection-rate 0.001 --mess-rate 0.002 --algorithm centflow,0.7754840000009999,5,10,10,10,10,10,10,10,10,8,10,10,10,10,10,4,10,10,10,10,10,10,10,10,8,2,10,10,10,10,10,1,10,10,0,0,10,10,10,10,10,10,10,10
project/sim_ext.py --sim-time 1.5 --seq-graph project/file/graph_15_nodes.json --traffic project/file/traffic_15_nodes_net.json --inspection-rate 0.001 --mess-rate 0.002 --algorithm centflow,0.776487000001,6,10,10,10,10,10,10,10,10,8,10,10,10,10,10,4,10,10,10,10,10,10,10,10,10,2,10,10,10,10,10,1,10,10,0,0,10,10,10,10,10,10,10,10
project/sim_ext.py --sim-time 1.5 --seq-graph project/file/graph_15_nodes.json --traffic project/file/traffic_15_nodes_net.json --inspection-rate 0.001 --mess-rate 0.002 --algorithm centflow,0.7775199999969999,7,9,2,7,9,10,0,0,9,2,3,7,7,10,6,0,6,0,2,7,10,9,8,6,1,4,9,8,6,3,1,0,9,0,0,0,2,4,4,10,0,2,4,5
project/sim_ext.py --sim-time 1.5 --seq-graph project/file/graph_15_nodes.json --traffic project/file/traffic_15_nodes_net.json --inspection-rate 0.001 --mess-rate 0.002 --algorithm centflow,0.778522599997,10,1,3,2,0,10,1,0,0,0,0,0,1,0,0,1,1,1,0,0,10,0,0,0,0,0,0,0,0,4,2,2,1,4,3,0,3,0,0,10,0,0,0,0
project/sim_ext.py --sim-time 1.5 --seq-graph project/file/graph_15_nodes.json --traffic project/file/traffic_15_nodes_net.json --inspection-rate 0.001 --mess-rate 0.002 --algorithm centflow,0.7795465999969999,10,1,0,0,0,10,0,2,0,0,3,5,2,2,0,0,0,3,0,0,10,0,0,0,0,0,0,0,0,0,0,0,0,1,4,0,3,0,0,10,0,0,7,1
project/sim_ext.py --sim-time 1.5 --seq-graph project/file/graph_15_nodes.json --traffic project/file/traffic_15_nodes_net.json --inspection-rate 0.001 --mess-rate 0.002 --algorithm centflow,0.7805650000009999,10,8,0,0,0,10,0,0,4,0,0,0,0,0,0,0,0,0,0,0,10,1,3,1,0,0,0,0,1,1,0,0,0,2,0,1,0,0,2,10,1,0,1,0
project/sim_ext.py --sim-time 1.5 --seq-graph project/file/graph_15_nodes.json --traffic project/file/traffic_15_nodes_net.json --inspection-rate 0.001 --mess-rate 0.002 --algorithm centflow,0.7815770000009999,10,9,0,1,0,10,0,0,8,0,0,0,2,0,0,1,0,0,1,0,10,8,7,1,0,0,0,0,0,0,3,0,5,0,2,0,4,0,1,10,1,4,10,8
project/sim_ext.py --sim-time 1.5 --seq-graph project/file/graph_15_nodes.json --traffic project/file/traffic_15_nodes_net.json --inspection-rate 0.001 --mess-rate 0.002 --algorithm centflow,0.7826500000009999,10,10,0,1,1,10,1,3,10,0,0,0,0,1,2,0,0,3,0,0,10,9,10,0,0,0,6,3,0,3,0,0,6,4,0,0,10,0,6,10,7,10,10,10
project/sim_ext.py --sim-time 1.5 --seq-graph project/file/graph_15_nodes.json --traffic project/file/traffic_15_nodes_net.json --inspection-rate 0.001 --mess-rate 0.002 --algorithm centflow,0.783717000001,10,10,0,4,3,10,0,6,10,0,3,2,1,5,0,0,4,5,0,0,10,10,10,0,0,0,7,3,1,0,0,0,10,0,0,0,10,10,10,10,10,10,10,10
project/sim_ext.py --sim-time 1.5 --seq-graph project/file/graph_15_nodes.json --traffic project/file/traffic_15_nodes_net.json --inspection-rate 0.001 --mess-rate 0.002 --algorithm centflow,0.784842000001,10,10,0,4,5,10,0,0,10,0,5,6,4,8,0,0,7,0,1,0,10,10,10,2,0,0,10,6,4,0,0,0,10,0,2,0,10,10,10,10,10,10,10,10
project/sim_ext.py --sim-time 1.5 --seq-graph project/file/graph_15_nodes.json --traffic project/file/traffic_15_nodes_net.json --inspection-rate 0.001 --mess-rate 0.002 --algorithm centflow,0.785944999936,10,10,0,6,7,10,0,0,10,0,6,10,4,8,2,1,8,0,4,0,10,10,10,3,1,0,10,6,9,0,0,0,10,2,5,0,10,10,10,10,10,10,10,10
project/sim_ext.py --sim-time 1.5 --seq-graph project/file/graph_15_nodes.json --traffic project/file/traffic_15_nodes_net.json --inspection-rate 0.001 --mess-rate 0.002 --algorithm centflow,0.786996199997,10,10,2,8,8,10,0,1,10,0,10,10,7,10,0,0,10,0,0,0,8,10,10,4,0,0,10,9,10,0,0,1,10,3,0,0,10,10,10,6,10,10,10,10
project/sim_ext.py --sim-time 1.5 --seq-graph project/file/graph_15_nodes.json --traffic project/file/traffic_15_nodes_net.json --inspection-rate 0.001 --mess-rate 0.002 --algorithm centflow,0.788026000001,0,10,0,10,10,0,0,0,10,0,10,10,8,10,3,0,10,0,0,2,0,10,10,1,0,0,10,10,10,0,1,0,10,4,1,0,10,10,10,8,10,10,10,10
project/sim_ext.py --sim-time 1.5 --seq-graph project/file/graph_15_nodes.json --traffic project/file/traffic_15_nodes_net.json --inspection-rate 0.001 --mess-rate 0.002 --algorithm centflow,0.789049000001,0,10,0,10,10,5,0,0,10,1,10,10,9,10,2,0,10,4,0,5,0,10,10,0,0,0,10,10,10,1,0,0,10,7,0,0,10,10,10,0,10,10,10,10
project/sim_ext.py --sim-time 1.5 --seq-graph project/file/graph_15_nodes.json --traffic project/file/traffic_15_nodes_net.json --inspection-rate 0.001 --mess-rate 0.002 --algorithm centflow,0.790087000001,0,10,2,10,10,5,1,2,10,0,10,10,9,10,4,0,10,6,0,6,0,10,10,3,0,0,10,10,10,0,0,0,10,10,0,1,10,10,10,2,10,10,10,10
project/sim_ext.py --sim-time 1.5 --seq-graph project/file/graph_15_nodes.json --traffic project/file/traffic_15_nodes_net.json --inspection-rate 0.001 --mess-rate 0.002 --algorithm centflow,0.7911449999319999,0,10,4,10,10,0,4,0,10,1,10,10,9,10,6,0,10,6,1,8,0,10,10,5,0,0,10,10,10,0,0,0,10,10,0,2,10,10,10,7,10,10,10,10
project/sim_ext.py --sim-time 1.5 --seq-graph project/file/graph_15_nodes.json --traffic project/file/traffic_15_nodes_net.json --inspection-rate 0.001 --mess-rate 0.002 --algorithm centflow,0.7922926167863834,0,10,4,10,10,0,10,3,10,1,10,10,10,10,7,0,10,7,0,8,0,10,10,7,0,0,10,10,10,0,0,0,10,10,0,0,10,10,10,9,10,10,10,10
project/sim_ext.py --sim-time 1.5 --seq-graph project/file/graph_15_nodes.json --traffic project/file/traffic_15_nodes_net.json --inspection-rate 0.001 --mess-rate 0.002 --algorithm centflow,0.793306599997,0,10,6,10,10,0,10,6,10,1,10,10,10,10,9,0,10,9,0,10,0,10,10,9,0,0,10,10,10,0,3,0,10,10,0,0,10,10,10,10,10,10,10,10
project/sim_ext.py --sim-time 1.5 --seq-graph project/file/graph_15_nodes.json --traffic project/file/traffic_15_nodes_net.json --inspection-rate 0.001 --mess-rate 0.002 --algorithm centflow,0.7943093251460044,0,10,9,10,10,0,10,10,10,1,10,10,10,10,10,0,10,10,2,10,0,10,10,9,1,0,10,10,10,0,4,1,10,10,1,0,10,10,10,0,10,10,10,10
project/sim_ext.py --sim-time 1.5 --seq-graph project/file/graph_15_nodes.json --traffic project/file/traffic_15_nodes_net.json --inspection-rate 0.001 --mess-rate 0.002 --algorithm centflow,0.795333199997,0,10,9,10,10,0,10,0,10,2,10,10,10,10,10,0,10,10,3,10,3,10,10,10,1,0,10,10,10,1,4,0,10,10,0,0,10,10,10,0,10,10,10,10
project/sim_ext.py --sim-time 1.5 --seq-graph project/file/graph_15_nodes.json --traffic project/file/traffic_15_nodes_net.json --inspection-rate 0.001 --mess-rate 0.002 --algorithm centflow,0.7964133364494228,0,10,9,10,10,0,10,2,10,2,10,10,10,10,10,0,10,10,5,10,0,10,10,10,3,0,10,10,10,2,7,0,10,10,0,1,10,10,10,5,10,10,10,10
project/sim_ext.py --sim-time 1.5 --seq-graph project/file/graph_15_nodes.json --traffic project/file/traffic_15_nodes_net.json --inspection-rate 0.001 --mess-rate 0.002 --algorithm centflow,0.7974490000009999,0,10,10,10,10,0,10,0,10,3,10,10,10,10,10,1,10,10,6,10,0,10,10,10,3,0,10,10,10,6,10,0,10,10,0,2,10,10,10,5,10,10,10,10
project/sim_ext.py --sim-time 1.5 --seq-graph project/file/graph_15_nodes.json --traffic project/file/traffic_15_nodes_net.json --inspection-rate 0.001 --mess-rate 0.002 --algorithm centflow,0.798480000001,0,10,10,10,10,5,10,2,10,3,10,10,10,10,10,0,10,10,6,10,1,10,10,10,8,0,10,10,10,7,10,0,10,10,0,0,10,10,10,10,10,10,10,10
project/sim_ext.py --sim-time 1.5 --seq-graph project/file/graph_15_nodes.json --traffic project/file/traffic_15_nodes_net.json --inspection-rate 0.001 --mess-rate 0.002 --algorithm centflow,0.799486000001,0,10,10,10,10,7,10,4,10,4,10,10,10,10,10,0,10,10,8,10,2,10,10,10,10,0,10,10,10,10,10,0,10,10,0,0,10,10,10,10,10,10,10,10
project/sim_ext.py --sim-time 1.5 --seq-graph project/file/graph_15_nodes.json --traffic project/file/traffic_15_nodes_net.json --inspection-rate 0.001 --mess-rate 0.002 --algorithm centflow,0.8005832294181521,1,10,10,10,10,0,10,7,10,5,10,10,10,10,10,0,10,10,9,10,2,10,10,10,10,0,10,10,10,10,10,0,10,10,0,0,10,10,10,10,10,10,10,10
project/sim_ext.py --sim-time 1.5 --seq-graph project/file/graph_15_nodes.json --traffic project/file/traffic_15_nodes_net.json --inspection-rate 0.001 --mess-rate 0.002 --algorithm centflow,0.801719355763601,0,10,10,10,10,0,10,10,10,5,10,10,10,10,10,2,10,10,10,10,2,10,10,10,10,0,10,10,10,10,10,0,10,10,0,0,10,10,10,10,10,10,10,10
project/sim_ext.py --sim-time 1.5 --seq-graph project/file/graph_15_nodes.json --traffic project/file/traffic_15_nodes_net.json --inspection-rate 0.001 --mess-rate 0.002 --algorithm centflow,0.8027230000009999,0,10,10,10,10,0,10,10,10,5,10,10,10,10,10,3,10,10,10,10,2,10,10,10,10,0,10,10,10,10,10,0,10,10,0,0,10,10,10,10,10,10,10,10
project/sim_ext.py --sim-time 1.5 --seq-graph project/file/graph_15_nodes.json --traffic project/file/traffic_15_nodes_net.json --inspection-rate 0.001 --mess-rate 0.002 --algorithm centflow,0.803884000001,0,10,10,10,10,0,10,10,10,5,10,10,10,10,10,3,10,10,10,10,3,10,10,10,10,0,10,10,10,10,10,0,10,10,2,0,10,10,10,10,10,10,10,10
project/sim_ext.py --sim-time 1.5 --seq-graph project/file/graph_15_nodes.json --traffic project/file/traffic_15_nodes_net.json --inspection-rate 0.001 --mess-rate 0.002 --algorithm centflow,0.805054000001,3,10,10,10,10,1,10,10,10,5,10,10,10,10,10,3,10,10,10,10,4,10,10,10,10,0,10,10,10,10,10,0,10,10,0,1,10,10,10,10,10,10,10,10
project/sim_ext.py --sim-time 1.5 --seq-graph project/file/graph_15_nodes.json --traffic project/file/traffic_15_nodes_net.json --inspection-rate 0.001 --mess-rate 0.002 --algorithm centflow,0.806119999936,3,10,10,10,10,7,10,10,10,8,10,10,10,10,10,3,10,10,10,10,4,10,10,10,10,0,10,10,10,10,10,0,10,10,0,4,10,10,10,10,10,10,10,10
project/sim_ext.py --sim-time 1.5 --seq-graph project/file/graph_15_nodes.json --traffic project/file/traffic_15_nodes_net.json --inspection-rate 0.001 --mess-rate 0.002 --algorithm centflow,0.8071676866009432,3,10,10,10,10,10,10,10,10,8,10,10,10,10,10,3,10,10,10,10,5,10,10,10,10,1,10,10,10,10,10,0,10,10,0,5,10,10,10,10,10,10,10,10
project/sim_ext.py --sim-time 1.5 --seq-graph project/file/graph_15_nodes.json --traffic project/file/traffic_15_nodes_net.json --inspection-rate 0.001 --mess-rate 0.002 --algorithm centflow,0.808252000001,3,10,10,10,10,10,10,10,10,10,10,10,10,10,10,4,10,10,10,0,5,10,10,10,10,0,10,10,10,10,10,0,10,0,0,6,10,10,10,10,10,10,10,10
project/sim_ext.py --sim-time 1.5 --seq-graph project/file/graph_15_nodes.json --traffic project/file/traffic_15_nodes_net.json --inspection-rate 0.001 --mess-rate 0.002 --algorithm centflow,0.8093400450223749,3,10,10,10,10,10,10,10,10,10,10,10,10,10,10,5,10,10,10,0,5,10,10,10,10,0,10,10,10,10,10,0,10,1,0,0,10,10,10,10,10,10,10,10
project/sim_ext.py --sim-time 1.5 --seq-graph project/file/graph_15_nodes.json --traffic project/file/traffic_15_nodes_net.json --inspection-rate 0.001 --mess-rate 0.002 --algorithm centflow,0.810409000001,3,10,10,10,10,10,10,10,10,10,10,10,10,10,10,5,10,10,10,0,7,10,10,10,10,1,10,10,10,10,10,1,10,0,0,0,10,10,10,10,10,10,10,10
project/sim_ext.py --sim-time 1.5 --seq-graph project/file/graph_15_nodes.json --traffic project/file/traffic_15_nodes_net.json --inspection-rate 0.001 --mess-rate 0.002 --algorithm centflow,0.811476000001,4,10,10,10,10,10,10,10,10,10,10,10,10,10,10,6,10,10,10,0,7,10,10,10,10,0,10,10,10,10,10,0,10,0,0,0,10,10,10,10,10,10,10,10
project/sim_ext.py --sim-time 1.5 --seq-graph project/file/graph_15_nodes.json --traffic project/file/traffic_15_nodes_net.json --inspection-rate 0.001 --mess-rate 0.002 --algorithm centflow,0.8126602066343661,5,10,10,10,10,10,10,10,10,10,10,10,10,10,10,7,10,10,10,0,10,10,10,10,10,0,10,10,10,10,10,0,10,4,2,0,10,10,10,10,10,10,10,10
project/sim_ext.py --sim-time 1.5 --seq-graph project/file/graph_15_nodes.json --traffic project/file/traffic_15_nodes_net.json --inspection-rate 0.001 --mess-rate 0.002 --algorithm centflow,0.813734999929,6,10,10,10,10,10,10,10,10,10,10,10,10,10,10,7,10,10,10,0,10,10,10,10,10,0,10,10,10,10,10,0,10,0,8,0,10,10,10,10,10,10,10,10
project/sim_ext.py --sim-time 1.5 --seq-graph project/file/graph_15_nodes.json --traffic project/file/traffic_15_nodes_net.json --inspection-rate 0.001 --mess-rate 0.002 --algorithm centflow,0.814776000001,8,10,10,10,10,10,10,10,10,10,10,10,10,10,10,7,10,10,10,0,10,10,10,10,10,0,10,10,10,10,10,1,10,2,0,0,10,10,10,10,10,10,10,10
project/sim_ext.py --sim-time 1.5 --seq-graph project/file/graph_15_nodes.json --traffic project/file/traffic_15_nodes_net.json --inspection-rate 0.001 --mess-rate 0.002 --algorithm centflow,0.815864999929,9,10,10,10,10,10,10,10,10,10,10,10,10,10,10,8,10,10,10,0,10,10,10,10,10,0,10,10,10,10,10,0,10,0,0,0,10,10,10,10,10,10,10,10
project/sim_ext.py --sim-time 1.5 --seq-graph project/file/graph_15_nodes.json --traffic project/file/traffic_15_nodes_net.json --inspection-rate 0.001 --mess-rate 0.002 --algorithm centflow,0.817084000001,9,10,10,10,10,10,10,10,10,10,10,10,10,10,10,10,10,10,10,0,10,10,10,10,10,0,10,10,10,10,10,0,10,0,0,1,10,10,10,10,10,10,10,10
project/sim_ext.py --sim-time 1.5 --seq-graph project/file/graph_15_nodes.json --traffic project/file/traffic_15_nodes_net.json --inspection-rate 0.001 --mess-rate 0.002 --algorithm centflow,0.818099999926,9,10,10,10,10,10,10,10,10,10,10,10,10,10,10,10,10,10,10,0,10,10,10,10,10,0,10,10,10,10,10,0,10,0,3,1,10,10,10,10,10,10,10,10
project/sim_ext.py --sim-time 1.5 --seq-graph project/file/graph_15_nodes.json --traffic project/file/traffic_15_nodes_net.json --inspection-rate 0.001 --mess-rate 0.002 --algorithm centflow,0.819107199997,0,0,4,0,0,0,0,0,1,0,0,0,0,1,0,0,1,0,0,8,10,0,1,0,1,0,0,1,0,0,0,0,0,0,0,1,0,0,1,10,1,0,2,0
project/sim_ext.py --sim-time 1.5 --seq-graph project/file/graph_15_nodes.json --traffic project/file/traffic_15_nodes_net.json --inspection-rate 0.001 --mess-rate 0.002 --algorithm centflow,0.820109799997,0,2,1,0,0,0,1,0,1,0,0,0,0,0,0,0,2,0,0,10,10,1,0,0,0,1,0,1,0,0,0,2,0,7,0,0,1,1,0,10,0,0,0,0
project/sim_ext.py --sim-time 1.5 --seq-graph project/file/graph_15_nodes.json --traffic project/file/traffic_15_nodes_net.json --inspection-rate 0.001 --mess-rate 0.002 --algorithm centflow,0.821129599997,0,8,3,1,0,1,0,1,9,0,1,0,0,2,0,0,0,0,2,10,10,0,3,0,0,0,0,1,0,0,2,0,0,10,1,0,0,0,0,10,0,2,6,0
project/sim_ext.py --sim-time 1.5 --seq-graph project/file/graph_15_nodes.json --traffic project/file/traffic_15_nodes_net.json --inspection-rate 0.001 --mess-rate 0.002 --algorithm centflow,0.822172799997,0,10,0,3,2,8,0,5,10,0,0,1,1,2,1,0,0,1,0,10,10,2,10,1,1,0,0,0,0,0,0,2,1,10,0,0,0,0,1,10,2,10,7,1
project/sim_ext.py --sim-time 1.5 --seq-graph project/file/graph_15_nodes.json --traffic project/file/traffic_15_nodes_net.json --inspection-rate 0.001 --mess-rate 0.002 --algorithm centflow,0.823234000001,0,10,1,4,2,10,1,7,10,0,0,1,0,5,0,0,0,0,0,10,10,2,10,0,0,0,2,4,2,2,1,0,7,10,0,1,10,0,5,10,10,10,10,3
project/sim_ext.py --sim-time 1.5 --seq-graph project/file/graph_15_nodes.json --traffic project/file/traffic_15_nodes_net.json --inspection-rate 0.001 --mess-rate 0.002 --algorithm centflow,0.8242510000009999,0,10,4,6,2,10,0,8,10,0,0,4,0,7,0,0,1,0,0,10,10,3,10,1,1,0,5,4,5,5,0,0,8,10,1,2,10,5,10,10,10,10,10,8
project/sim_ext.py --sim-time 1.5 --seq-graph project/file/graph_15_nodes.json --traffic project/file/traffic_15_nodes_net.json --inspection-rate 0.001 --mess-rate 0.002 --algorithm centflow,0.825365000001,0,10,8,9,2,10,0,10,10,0,2,5,2,10,0,0,0,0,2,10,10,6,10,0,0,0,7,5,9,0,2,0,10,10,2,0,10,10,10,10,10,10,10,10
project/sim_ext.py --sim-time 1.5 --seq-graph project/file/graph_15_nodes.json --traffic project/file/traffic_15_nodes_net.json --inspection-rate 0.001 --mess-rate 0.002 --algorithm centflow,0.826558000001,0,10,3,9,4,10,2,0,10,0,0,5,3,10,0,0,0,1,0,10,10,10,10,0,0,0,8,7,10,0,0,0,10,10,5,0,10,10,10,10,10,10,10,10
project/sim_ext.py --sim-time 1.5 --seq-graph project/file/graph_15_nodes.json --traffic project/file/traffic_15_nodes_net.json --inspection-rate 0.001 --mess-rate 0.002 --algorithm centflow,0.8275790000009999,0,10,5,10,4,10,0,1,10,0,1,8,3,10,0,0,0,2,0,10,10,10,10,0,0,0,8,7,10,0,2,0,10,10,5,0,10,10,10,10,10,10,10,10
project/sim_ext.py --sim-time 1.5 --seq-graph project/file/graph_15_nodes.json --traffic project/file/traffic_15_nodes_net.json --inspection-rate 0.001 --mess-rate 0.002 --algorithm centflow,0.828589799997,0,10,6,10,4,10,0,0,10,0,1,8,6,10,0,0,1,4,0,10,10,10,10,0,0,0,9,9,10,0,0,0,10,10,9,0,10,10,10,10,10,10,10,10
project/sim_ext.py --sim-time 1.5 --seq-graph project/file/graph_15_nodes.json --traffic project/file/traffic_15_nodes_net.json --inspection-rate 0.001 --mess-rate 0.002 --algorithm centflow,0.829758000001,0,10,0,10,8,0,2,0,10,0,4,10,9,10,0,0,10,0,1,10,1,10,10,2,0,0,10,10,10,0,0,0,10,10,9,0,10,10,10,0,10,10,10,10
project/sim_ext.py --sim-time 1.5 --seq-graph project/file/graph_15_nodes.json --traffic project/file/traffic_15_nodes_net.json --inspection-rate 0.001 --mess-rate 0.002 --algorithm centflow,0.8308030000009999,1,10,0,10,10,0,0,0,10,0,6,10,10,10,2,1,10,0,4,10,0,10,10,0,0,0,10,10,10,0,0,0,10,10,10,0,10,10,10,1,10,10,10,10
project/sim_ext.py --sim-time 1.5 --seq-graph project/file/graph_15_nodes.json --traffic project/file/traffic_15_nodes_net.json --inspection-rate 0.001 --mess-rate 0.002 --algorithm centflow,0.831813000001,0,10,1,10,10,1,0,1,10,0,6,10,10,10,4,0,10,1,0,10,1,10,10,0,0,0,10,10,10,0,0,2,10,10,10,0,10,10,10,0,10,10,10,10
project/sim_ext.py --sim-time 1.5 --seq-graph project/file/graph_15_nodes.json --traffic project/file/traffic_15_nodes_net.json --inspection-rate 0.001 --mess-rate 0.002 --algorithm centflow,0.832970000001,0,10,1,10,10,5,0,2,10,0,9,10,10,10,6,0,10,0,0,10,0,10,10,0,0,0,10,10,10,1,2,0,10,10,10,0,10,10,10,6,10,10,10,10
project/sim_ext.py --sim-time 1.5 --seq-graph project/file/graph_15_nodes.json --traffic project/file/traffic_15_nodes_net.json --inspection-rate 0.001 --mess-rate 0.002 --algorithm centflow,0.834034000001,0,10,4,10,10,8,2,0,10,0,10,10,10,10,8,0,10,2,0,10,0,10,10,0,0,0,10,10,10,1,0,0,10,10,10,0,10,10,10,0,10,10,10,10
project/sim_ext.py --sim-time 1.5 --seq-graph project/file/graph_15_nodes.json --traffic project/file/traffic_15_nodes_net.json --inspection-rate 0.001 --mess-rate 0.002 --algorithm centflow,0.835058000001,0,10,4,10,10,0,1,0,10,0,10,10,10,10,10,0,10,4,0,10,2,10,10,2,2,0,10,10,10,0,0,0,10,10,10,1,10,10,10,4,10,10,10,10
project/sim_ext.py --sim-time 1.5 --seq-graph project/file/graph_15_nodes.json --traffic project/file/traffic_15_nodes_net.json --inspection-rate 0.001 --mess-rate 0.002 --algorithm centflow,0.836066000001,0,10,5,10,10,0,4,6,10,1,10,10,10,10,10,0,10,5,0,10,3,10,10,5,0,0,10,10,10,1,1,0,10,10,0,2,10,10,10,10,10,10,10,10
project/sim_ext.py --sim-time 1.5 --seq-graph project/file/graph_15_nodes.json --traffic project/file/traffic_15_nodes_net.json --inspection-rate 0.001 --mess-rate 0.002 --algorithm centflow,0.837080000001,0,10,6,10,10,0,7,10,10,1,10,10,10,10,10,0,10,6,1,10,5,10,10,6,0,0,10,10,10,1,1,1,10,10,0,0,10,10,10,10,10,10,10,10
project/sim_ext.py --sim-time 1.5 --seq-graph project/file/graph_15_nodes.json --traffic project/file/traffic_15_nodes_net.json --inspection-rate 0.001 --mess-rate 0.002 --algorithm centflow,0.8380891593568248,0,10,8,10,10,0,10,10,10,2,10,10,10,10,10,0,10,8,3,10,6,10,10,8,1,0,10,10,10,2,1,0,10,10,2,0,10,10,10,10,10,10,10,10
project/sim_ext.py --sim-time 1.5 --seq-graph project/file/graph_15_nodes.json --traffic project/file/traffic_15_nodes_net.json --inspection-rate 0.001 --mess-rate 0.002 --algorithm centflow,0.839091000001,0,10,8,10,10,3,10,10,10,2,10,10,10,10,10,0,10,10,4,10,6,10,10,10,3,0,10,10,10,4,4,0,10,10,5,3,10,10,10,10,10,10,10,10
project/sim_ext.py --sim-time 1.5 --seq-graph project/file/graph_15_nodes.json --traffic project/file/traffic_15_nodes_net.json --inspection-rate 0.001 --mess-rate 0.002 --algorithm centflow,0.840253000001,1,10,10,10,10,0,10,0,10,2,10,10,10,10,10,0,10,10,6,10,10,10,10,10,3,0,10,10,10,5,6,1,10,10,0,0,10,10,10,10,10,10,10,10
project/sim_ext.py --sim-time 1.5 --seq-graph project/file/graph_15_nodes.json --traffic project/file/traffic_15_nodes_net.json --inspection-rate 0.001 --mess-rate 0.002 --algorithm centflow,0.8413820000009999,0,10,10,10,10,4,10,3,10,2,10,10,10,10,10,0,10,10,7,10,10,10,10,10,5,0,10,10,10,7,9,0,10,10,0,0,10,10,10,10,10,10,10,10
project/sim_ext.py --sim-time 1.5 --seq-graph project/file/graph_15_nodes.json --traffic project/file/traffic_15_nodes_net.json --inspection-rate 0.001 --mess-rate 0.002 --algorithm centflow,0.8424115505131989,0,10,10,10,10,8,10,7,10,3,10,10,10,10,10,0,10,10,9,10,10,10,10,10,5,0,10,10,10,8,9,0,10,10,0,0,10,10,10,10,10,10,10,10
project/sim_ext.py --sim-time 1.5 --seq-graph project/file/graph_15_nodes.json --traffic project/file/traffic_15_nodes_net.json --inspection-rate 0.001 --mess-rate 0.002 --algorithm centflow,0.843417000001,0,10,10,10,10,6,10,8,10,4,10,10,10,10,10,0,10,10,10,10,10,10,10,10,5,0,10,10,10,9,9,0,10,10,0,1,10,10,10,10,10,10,10,10
project/sim_ext.py --sim-time 1.5 --seq-graph project/file/graph_15_nodes.json --traffic project/file/traffic_15_nodes_net.json --inspection-rate 0.001 --mess-rate 0.002 --algorithm centflow,0.8445085103507959,0,10,10,10,10,9,10,8,10,4,10,10,10,10,10,0,10,10,10,10,10,10,10,10,7,0,10,10,10,10,10,0,10,10,0,1,10,10,10,10,10,10,10,10
project/sim_ext.py --sim-time 1.5 --seq-graph project/file/graph_15_nodes.json --traffic project/file/traffic_15_nodes_net.json --inspection-rate 0.001 --mess-rate 0.002 --algorithm centflow,0.845519999997,0,10,10,10,10,10,10,10,10,6,10,10,10,10,10,1,10,10,10,10,10,10,10,10,8,0,10,10,10,10,10,0,10,10,0,2,10,10,10,10,10,10,10,10
project/sim_ext.py --sim-time 1.5 --seq-graph project/file/graph_15_nodes.json --traffic project/file/traffic_15_nodes_net.json --inspection-rate 0.001 --mess-rate 0.002 --algorithm centflow,0.8465221274802661,0,10,10,10,10,10,10,10,10,6,10,10,10,10,10,3,10,10,10,10,10,10,10,10,9,0,10,10,10,10,10,1,10,10,0,0,10,10,10,10,10,10,10,10
project/sim_ext.py --sim-time 1.5 --seq-graph project/file/graph_15_nodes.json --traffic project/file/traffic_15_nodes_net.json --inspection-rate 0.001 --mess-rate 0.002 --algorithm centflow,0.8475710000009999,0,10,10,10,10,10,10,10,10,7,10,10,10,10,10,5,10,10,10,10,10,10,10,10,10,0,10,10,10,10,10,1,10,10,0,0,10,10,10,10,10,10,10,10
project/sim_ext.py --sim-time 1.5 --seq-graph project/file/graph_15_nodes.json --traffic project/file/traffic_15_nodes_net.json --inspection-rate 0.001 --mess-rate 0.002 --algorithm centflow,0.848645000001,0,10,10,10,10,10,10,10,10,7,10,10,10,10,10,6,10,10,10,10,10,10,10,10,10,0,10,10,10,10,10,0,10,10,1,0,10,10,10,10,10,10,10,10
project/sim_ext.py --sim-time 1.5 --seq-graph project/file/graph_15_nodes.json --traffic project/file/traffic_15_nodes_net.json --inspection-rate 0.001 --mess-rate 0.002 --algorithm centflow,0.849652199997,0,7,0,4,0,0,0,0,0,0,0,0,2,0,1,1,0,0,1,0,10,1,1,0,0,1,0,1,0,0,0,0,1,0,0,0,0,0,3,10,0,0,0,1
project/sim_ext.py --sim-time 1.5 --seq-graph project/file/graph_15_nodes.json --traffic project/file/traffic_15_nodes_net.json --inspection-rate 0.001 --mess-rate 0.002 --algorithm centflow,0.850659199997,0,0,0,0,0,0,0,0,1,0,0,0,0,3,1,1,0,0,0,0,10,0,0,1,0,0,0,0,0,2,0,0,1,3,3,2,2,0,0,10,0,0,0,1
project/sim_ext.py --sim-time 1.5 --seq-graph project/file/graph_15_nodes.json --traffic project/file/traffic_15_nodes_net.json --inspection-rate 0.001 --mess-rate 0.002 --algorithm centflow,0.8517520000009999,0,3,0,2,0,0,0,4,5,0,0,2,0,0,1,0,0,0,0,0,10,0,1,0,1,0,0,0,0,1,0,2,1,0,0,0,0,0,1,10,0,5,2,0
project/sim_ext.py --sim-time 1.5 --seq-graph project/file/graph_15_nodes.json --traffic project/file/traffic_15_nodes_net.json --inspection-rate 0.001 --mess-rate 0.002 --algorithm centflow,0.852852199997,2,8,0,6,0,0,0,6,10,0,0,0,0,0,1,0,0,1,0,0,10,0,6,2,0,2,0,3,0,0,0,4,3,0,0,0,7,0,1,10,10,3,1,0
project/sim_ext.py --sim-time 1.5 --seq-graph project/file/graph_15_nodes.json --traffic project/file/traffic_15_nodes_net.json --inspection-rate 0.001 --mess-rate 0.002 --algorithm centflow,0.853931599997,0,10,1,8,3,1,0,0,10,0,0,3,3,0,0,0,0,0,0,0,10,1,10,1,2,0,0,3,2,0,0,4,7,2,1,0,6,8,0,10,10,10,2,10
project/sim_ext.py --sim-time 1.5 --seq-graph project/file/graph_15_nodes.json --traffic project/file/traffic_15_nodes_net.json --inspection-rate 0.001 --mess-rate 0.002 --algorithm centflow,0.855130599997,0,10,1,8,5,3,0,0,10,0,0,8,3,1,0,0,0,0,0,0,10,7,10,0,0,0,0,5,6,0,2,0,9,0,0,0,10,10,6,10,10,10,10,10
project/sim_ext.py --sim-time 1.5 --seq-graph project/file/graph_15_nodes.json --traffic project/file/traffic_15_nodes_net.json --inspection-rate 0.001 --mess-rate 0.002 --algorithm centflow,0.856132000001,0,10,0,10,5,0,0,0,10,0,0,10,6,2,1,0,2,1,0,0,10,10,10,0,0,0,3,9,8,1,0,0,10,0,0,0,10,10,10,10,10,10,10,10
project/sim_ext.py --sim-time 1.5 --seq-graph project/file/graph_15_nodes.json --traffic project/file/traffic_15_nodes_net.json --inspection-rate 0.001 --mess-rate 0.002 --algorithm centflow,0.857201000001,0,10,0,10,8,0,2,0,10,0,0,10,6,2,0,0,2,0,0,1,10,10,10,0,0,0,7,10,10,2,0,0,10,6,0,0,10,10,10,10,10,10,10,10
project/sim_ext.py --sim-time 1.5 --seq-graph project/file/graph_15_nodes.json --traffic project/file/traffic_15_nodes_net.json --inspection-rate 0.001 --mess-rate 0.002 --algorithm centflow,0.858379000001,0,10,4,10,8,0,7,0,10,0,5,10,6,2,0,0,8,4,0,3,10,10,10,0,0,0,8,10,10,2,3,0,10,8,1,0,10,10,10,10,10,10,10,10
project/sim_ext.py --sim-time 1.5 --seq-graph project/file/graph_15_nodes.json --traffic project/file/traffic_15_nodes_net.json --inspection-rate 0.001 --mess-rate 0.002 --algorithm centflow,0.859578599997,0,10,4,10,10,0,9,0,10,0,10,10,7,2,1,1,9,0,0,4,10,10,10,2,0,0,10,10,10,1,0,1,10,10,1,0,10,10,10,10,10,10,10,10
project/sim_ext.py --sim-time 1.5 --seq-graph project/file/graph_15_nodes.json --traffic project/file/traffic_15_nodes_net.json --inspection-rate 0.001 --mess-rate 0.002 --algorithm centflow,0.8606010000009999,0,10,7,10,10,0,0,3,10,1,10,10,10,4,1,0,9,1,0,5,10,10,10,4,0,0,10,10,10,0,0,1,10,10,5,0,10,10,10,10,10,10,10,10
project/sim_ext.py --sim-time 1.5 --seq-graph project/file/graph_15_nodes.json --traffic project/file/traffic_15_nodes_net.json --inspection-rate 0.001 --mess-rate 0.002 --algorithm centflow,0.8618472088283408,0,10,9,10,10,1,0,0,10,0,10,10,10,6,4,0,10,4,0,7,10,10,10,4,0,0,10,10,10,0,1,1,10,10,5,0,10,10,10,10,10,10,10,10
project/sim_ext.py --sim-time 1.5 --seq-graph project/file/graph_15_nodes.json --traffic project/file/traffic_15_nodes_net.json --inspection-rate 0.001 --mess-rate 0.002 --algorithm centflow,0.862921000001,0,10,10,10,10,4,1,0,10,0,10,10,10,7,7,0,10,6,1,8,10,10,10,5,0,0,10,10,10,0,0,0,10,10,6,0,10,10,10,10,10,10,10,10
project/sim_ext.py --sim-time 1.5 --seq-graph project/file/graph_15_nodes.json --traffic project/file/traffic_15_nodes_net.json --inspection-rate 0.001 --mess-rate 0.002 --algorithm centflow,0.8639415393680921,0,10,10,10,10,5,2,0,10,0,10,10,10,7,8,0,10,6,0,10,10,10,10,8,1,0,10,10,10,0,0,0,10,10,7,0,10,10,10,10,10,10,10,10
project/sim_ext.py --sim-time 1.5 --seq-graph project/file/graph_15_nodes.json --traffic project/file/traffic_15_nodes_net.json --inspection-rate 0.001 --mess-rate 0.002 --algorithm centflow,0.864969000001,0,10,10,10,10,10,3,3,10,0,10,10,10,7,9,0,10,6,0,10,10,10,10,9,0,0,10,10,10,0,0,0,10,10,0,1,10,10,10,10,10,10,10,10
project/sim_ext.py --sim-time 1.5 --seq-graph project/file/graph_15_nodes.json --traffic project/file/traffic_15_nodes_net.json --inspection-rate 0.001 --mess-rate 0.002 --algorithm centflow,0.866118000001,0,10,10,10,10,10,6,0,10,0,10,10,10,7,9,0,10,7,1,10,10,10,10,10,0,0,10,10,10,0,1,0,10,10,0,3,10,10,10,10,10,10,10,10
project/sim_ext.py --sim-time 1.5 --seq-graph project/file/graph_15_nodes.json --traffic project/file/traffic_15_nodes_net.json --inspection-rate 0.001 --mess-rate 0.002 --algorithm centflow,0.8671920000009999,0,10,10,10,10,0,0,1,10,0,10,10,10,9,10,1,10,10,1,10,10,10,10,10,0,0,10,10,10,1,2,0,10,10,1,4,10,10,10,10,10,10,10,10
project/sim_ext.py --sim-time 1.5 --seq-graph project/file/graph_15_nodes.json --traffic project/file/traffic_15_nodes_net.json --inspection-rate 0.001 --mess-rate 0.002 --algorithm centflow,0.868420000001,0,10,10,10,10,0,4,3,10,2,10,10,10,9,10,3,10,10,6,10,10,10,10,10,0,0,10,10,10,2,5,0,10,10,1,7,10,10,10,10,10,10,10,10
project/sim_ext.py --sim-time 1.5 --seq-graph project/file/graph_15_nodes.json --traffic project/file/traffic_15_nodes_net.json --inspection-rate 0.001 --mess-rate 0.002 --algorithm centflow,0.869504999929,0,10,10,10,10,0,5,4,10,3,10,10,10,10,10,3,10,10,6,10,10,10,10,10,0,0,10,10,10,4,7,0,10,10,1,10,10,10,10,10,10,10,10,10
project/sim_ext.py --sim-time 1.5 --seq-graph project/file/graph_15_nodes.json --traffic project/file/traffic_15_nodes_net.json --inspection-rate 0.001 --mess-rate 0.002 --algorithm centflow,0.8705092193204119,0,10,10,10,10,0,8,6,10,4,10,10,10,10,10,4,10,10,6,10,10,10,10,10,0,0,10,10,10,4,7,0,10,10,1,10,10,10,10,10,10,10,10,10
project/sim_ext.py --sim-time 1.5 --seq-graph project/file/graph_15_nodes.json --traffic project/file/traffic_15_nodes_net.json --inspection-rate 0.001 --mess-rate 0.002 --algorithm centflow,0.8715510000009999,0,10,10,10,10,1,9,8,10,5,10,10,10,10,10,5,10,10,6,10,10,10,10,10,1,0,10,10,10,8,7,0,10,10,0,0,10,10,10,10,10,10,10,10
project/sim_ext.py --sim-time 1.5 --seq-graph project/file/graph_15_nodes.json --traffic project/file/traffic_15_nodes_net.json --inspection-rate 0.001 --mess-rate 0.002 --algorithm centflow,0.872561000001,0,10,10,10,10,3,10,10,10,5,10,10,10,10,10,6,10,10,10,10,0,10,10,10,3,0,10,10,10,9,7,0,10,10,0,0,10,10,10,0,10,10,10,10
project/sim_ext.py --sim-time 1.5 --seq-graph project/file/graph_15_nodes.json --traffic project/file/traffic_15_nodes_net.json --inspection-rate 0.001 --mess-rate 0.002 --algorithm centflow,0.873644999932,2,10,10,10,10,8,10,10,10,5,10,10,10,10,10,6,10,10,10,10,0,10,10,10,4,0,10,10,10,10,8,0,10,10,0,1,10,10,10,0,10,10,10,10
project/sim_ext.py --sim-time 1.5 --seq-graph project/file/graph_15_nodes.json --traffic project/file/traffic_15_nodes_net.json --inspection-rate 0.001 --mess-rate 0.002 --algorithm centflow,0.874717000001,2,10,10,10,10,10,10,10,10,6,10,10,10,10,10,6,10,10,10,10,0,10,10,10,4,0,10,10,10,10,10,0,10,10,0,1,10,10,10,6,10,10,10,10
project/sim_ext.py --sim-time 1.5 --seq-graph project/file/graph_15_nodes.json --traffic project/file/traffic_15_nodes_net.json --inspection-rate 0.001 --mess-rate 0.002 --algorithm centflow,0.875745000001,2,10,10,10,10,10,10,10,10,7,10,10,10,10,10,6,10,10,10,10,0,10,10,10,5,2,10,10,10,10,10,0,10,10,0,1,10,10,10,10,10,10,10,10
project/sim_ext.py --sim-time 1.5 --seq-graph project/file/graph_15_nodes.json --traffic project/file/traffic_15_nodes_net.json --inspection-rate 0.001 --mess-rate 0.002 --algorithm centflow,0.876787000001,2,10,10,10,10,10,10,10,10,8,10,10,10,10,10,8,10,10,10,10,0,10,10,10,5,0,10,10,10,10,10,0,10,10,2,2,10,10,10,0,10,10,10,10
project/sim_ext.py --sim-time 1.5 --seq-graph project/file/graph_15_nodes.json --traffic project/file/traffic_15_nodes_net.json --inspection-rate 0.001 --mess-rate 0.002 --algorithm centflow,0.877834000001,4,10,10,10,10,10,10,10,10,8,10,10,10,10,10,8,10,10,10,10,0,10,10,10,5,0,10,10,10,10,10,0,10,10,0,0,10,10,10,0,10,10,10,10
project/sim_ext.py --sim-time 1.5 --seq-graph project/file/graph_15_nodes.json --traffic project/file/traffic_15_nodes_net.json --inspection-rate 0.001 --mess-rate 0.002 --algorithm centflow,0.878868000001,5,10,10,10,10,10,10,10,10,9,10,10,10,10,10,8,10,10,10,10,0,10,10,10,5,0,10,10,10,10,10,0,10,10,0,0,10,10,10,1,10,10,10,10
project/sim_ext.py --sim-time 1.5 --seq-graph project/file/graph_15_nodes.json --traffic project/file/traffic_15_nodes_net.json --inspection-rate 0.001 --mess-rate 0.002 --algorithm centflow,0.879904999997,5,10,4,10,4,10,10,0,10,10,6,1,3,7,1,0,1,2,1,9,2,10,10,2,0,0,10,4,3,2,0,0,9,1,0,1,10,3,2,0,3,0,10,1
project/sim_ext.py --sim-time 1.5 --seq-graph project/file/graph_15_nodes.json --traffic project/file/traffic_15_nodes_net.json --inspection-rate 0.001 --mess-rate 0.002 --algorithm centflow,0.880942000001,6,10,3,10,0,10,10,0,10,10,0,1,0,1,0,0,0,0,1,3,10,10,10,0,0,0,10,1,0,0,3,0,0,0,0,1,10,0,0,5,0,0,10,0
project/sim_ext.py --sim-time 1.5 --seq-graph project/file/graph_15_nodes.json --traffic project/file/traffic_15_nodes_net.json --inspection-rate 0.001 --mess-rate 0.002 --algorithm centflow,0.882014999929,6,10,0,10,0,10,10,0,10,10,3,0,0,0,0,0,0,0,0,0,10,10,10,0,1,0,10,0,3,0,0,0,0,0,0,0,10,0,6,10,0,5,10,3
project/sim_ext.py --sim-time 1.5 --seq-graph project/file/graph_15_nodes.json --traffic project/file/traffic_15_nodes_net.json --inspection-rate 0.001 --mess-rate 0.002 --algorithm centflow,0.8830942044019506,8,10,0,10,0,10,10,0,10,10,8,6,0,0,0,0,0,4,0,0,10,10,10,0,0,0,10,0,0,3,0,2,0,1,1,0,10,0,0,10,1,0,10,7
project/sim_ext.py --sim-time 1.5 --seq-graph project/file/graph_15_nodes.json --traffic project/file/traffic_15_nodes_net.json --inspection-rate 0.001 --mess-rate 0.002 --algorithm centflow,0.8842663492109808,8,10,1,10,0,10,10,4,10,10,1,0,6,1,0,0,0,0,0,3,10,10,10,1,0,0,10,0,0,0,0,0,0,0,1,2,10,0,0,10,0,0,10,1
project/sim_ext.py --sim-time 1.5 --seq-graph project/file/graph_15_nodes.json --traffic project/file/traffic_15_nodes_net.json --inspection-rate 0.001 --mess-rate 0.002 --algorithm centflow,0.885416000001,9,10,0,10,0,10,10,10,10,10,0,0,0,1,1,0,0,0,0,0,10,10,10,8,0,0,10,0,5,2,0,0,2,1,0,1,10,2,8,10,9,6,10,4
project/sim_ext.py --sim-time 1.5 --seq-graph project/file/graph_15_nodes.json --traffic project/file/traffic_15_nodes_net.json --inspection-rate 0.001 --mess-rate 0.002 --algorithm centflow,0.886424999932,10,10,0,10,0,10,10,0,10,10,0,0,0,4,0,1,0,0,0,0,10,10,10,0,0,0,10,1,1,0,3,0,4,0,2,0,10,6,10,10,10,0,10,3
project/sim_ext.py --sim-time 1.5 --seq-graph project/file/graph_15_nodes.json --traffic project/file/traffic_15_nodes_net.json --inspection-rate 0.001 --mess-rate 0.002 --algorithm centflow,0.8874380000009999,10,10,0,10,1,10,10,1,10,10,0,2,1,4,0,0,0,0,1,0,10,10,10,0,0,0,10,2,5,0,0,0,7,0,5,0,10,10,10,10,10,5,10,9
project/sim_ext.py --sim-time 1.5 --seq-graph project/file/graph_15_nodes.json --traffic project/file/traffic_15_nodes_net.json --inspection-rate 0.001 --mess-rate 0.002 --algorithm centflow,0.888594999925,10,10,0,10,2,10,10,2,10,10,0,4,4,4,1,0,1,0,0,3,10,10,10,2,0,0,10,4,10,0,0,0,9,4,6,1,10,10,10,10,10,10,10,10
project/sim_ext.py --sim-time 1.5 --seq-graph project/file/graph_15_nodes.json --traffic project/file/traffic_15_nodes_net.json --inspection-rate 0.001 --mess-rate 0.002 --algorithm centflow,0.889708000001,10,10,0,10,3,10,10,2,10,10,0,7,6,6,1,0,0,3,0,8,10,10,10,0,0,0,10,10,10,0,1,0,10,10,0,0,10,10,10,10,10,10,10,10
project/sim_ext.py --sim-time 1.5 --seq-graph project/file/graph_15_nodes.json --traffic project/file/traffic_15_nodes_net.json --inspection-rate 0.001 --mess-rate 0.002 --algorithm centflow,0.890746599997,0,0,0,0,10,0,4,2,0,0,4,10,10,10,3,0,2,0,0,10,10,0,1,0,0,0,0,10,10,0,2,1,10,10,1,0,0,10,10,10,10,10,3,10
project/sim_ext.py --sim-time 1.5 --seq-graph project/file/graph_15_nodes.json --traffic project/file/traffic_15_nodes_net.json --inspection-rate 0.001 --mess-rate 0.002 --algorithm centflow,0.891795000001,0,2,0,0,10,0,0,0,0,0,6,10,10,10,0,1,4,1,0,10,10,0,3,0,0,1,0,10,10,1,0,1,10,10,0,0,2,10,10,10,10,10,2,10
project/sim_ext.py --sim-time 1.5 --seq-graph project/file/graph_15_nodes.json --traffic project/file/traffic_15_nodes_net.json --inspection-rate 0.001 --mess-rate 0.002 --algorithm centflow,0.892924000001,0,1,3,1,10,1,0,1,0,0,7,10,10,10,1,0,5,2,1,10,10,0,0,5,0,0,0,10,10,1,0,0,10,10,3,0,0,10,10,10,10,10,10,10
project/sim_ext.py --sim-time 1.5 --seq-graph project/file/graph_15_nodes.json --traffic project/file/traffic_15_nodes_net.json --inspection-rate 0.001 --mess-rate 0.002 --algorithm centflow,0.89404999676588,0,0,6,0,10,0,0,0,0,0,10,10,10,10,2,0,6,4,3,10,10,0,8,7,0,0,0,10,10,3,0,1,10,10,4,0,1,10,10,10,10,10,10,10
project/sim_ext.py --sim-time 1.5 --seq-graph project/file/graph_15_nodes.json --traffic project/file/traffic_15_nodes_net.json --inspection-rate 0.001 --mess-rate 0.002 --algorithm centflow,0.895085799997,0,1,7,0,10,0,0,0,0,0,10,10,10,10,5,1,8,8,5,10,10,0,2,8,2,2,0,10,10,3,0,0,10,10,0,0,4,10,10,10,10,10,0,10
project/sim_ext.py --sim-time 1.5 --seq-graph project/file/graph_15_nodes.json --traffic project/file/traffic_15_nodes_net.json --inspection-rate 0.001 --mess-rate 0.002 --algorithm centflow,0.8961009947652671,0,1,9,3,10,2,0,1,0,2,10,10,10,10,9,0,10,10,6,10,10,0,7,10,0,0,2,10,10,5,0,0,10,10,0,3,10,10,10,10,10,10,0,10
project/sim_ext.py --sim-time 1.5 --seq-graph project/file/graph_15_nodes.json --traffic project/file/traffic_15_nodes_net.json --inspection-rate 0.001 --mess-rate 0.002 --algorithm centflow,0.8971301131658594,0,0,10,8,10,0,2,1,3,0,10,10,10,10,10,0,10,10,9,10,10,0,10,10,0,0,6,10,10,7,1,0,10,10,0,0,10,10,10,10,10,10,0,10
project/sim_ext.py --sim-time 1.5 --seq-graph project/file/graph_15_nodes.json --traffic project/file/traffic_15_nodes_net.json --inspection-rate 0.001 --mess-rate 0.002 --algorithm centflow,0.8981649359724398,0,2,10,10,10,0,0,2,6,0,10,10,10,10,10,0,10,10,10,10,10,0,10,10,1,0,6,10,10,9,4,1,10,10,2,0,10,10,10,10,10,10,0,10
project/sim_ext.py --sim-time 1.5 --seq-graph project/file/graph_15_nodes.json --traffic project/file/traffic_15_nodes_net.json --inspection-rate 0.001 --mess-rate 0.002 --algorithm centflow,0.8991671077620943,1,4,10,10,10,0,0,0,8,0,10,10,10,10,10,0,10,10,10,10,10,1,10,10,2,0,9,10,10,10,6,0,10,10,3,1,10,10,10,10,10,10,0,10
project/sim_ext.py --sim-time 1.5 --seq-graph project/file/graph_15_nodes.json --traffic project/file/traffic_15_nodes_net.json --inspection-rate 0.001 --mess-rate 0.002 --algorithm centflow,0.9001799999319999,2,8,10,10,10,0,2,0,10,0,10,10,10,10,10,0,10,10,10,10,10,0,10,10,2,0,9,10,10,10,7,0,10,10,8,0,10,10,10,10,10,10,4,10
project/sim_ext.py --sim-time 1.5 --seq-graph project/file/graph_15_nodes.json --traffic project/file/traffic_15_nodes_net.json --inspection-rate 0.001 --mess-rate 0.002 --algorithm centflow,0.901250000001,0,9,10,10,10,1,4,0,10,0,10,10,10,10,10,0,10,10,10,10,10,0,10,10,2,0,10,10,10,10,9,0,10,10,0,0,10,10,10,10,10,10,10,10
project/sim_ext.py --sim-time 1.5 --seq-graph project/file/graph_15_nodes.json --traffic project/file/traffic_15_nodes_net.json --inspection-rate 0.001 --mess-rate 0.002 --algorithm centflow,0.902285000001,0,10,10,10,10,0,0,0,10,0,10,10,10,10,10,0,10,10,10,10,10,0,10,10,5,0,10,10,10,10,10,0,10,10,0,0,10,10,10,10,10,10,10,10
project/sim_ext.py --sim-time 1.5 --seq-graph project/file/graph_15_nodes.json --traffic project/file/traffic_15_nodes_net.json --inspection-rate 0.001 --mess-rate 0.002 --algorithm centflow,0.903302596306476,0,10,10,10,10,0,0,0,10,0,10,10,10,10,10,1,10,10,10,10,10,1,10,10,6,0,10,10,10,10,10,1,10,10,0,0,10,10,10,10,10,10,10,10
project/sim_ext.py --sim-time 1.5 --seq-graph project/file/graph_15_nodes.json --traffic project/file/traffic_15_nodes_net.json --inspection-rate 0.001 --mess-rate 0.002 --algorithm centflow,0.904364999932,0,10,10,10,10,0,0,3,10,1,10,10,10,10,10,0,10,10,10,10,10,2,10,10,8,0,10,10,10,10,10,0,10,10,2,0,10,10,10,10,10,10,10,10
project/sim_ext.py --sim-time 1.5 --seq-graph project/file/graph_15_nodes.json --traffic project/file/traffic_15_nodes_net.json --inspection-rate 0.001 --mess-rate 0.002 --algorithm centflow,0.9053800000009999,0,10,10,10,10,0,2,4,10,0,10,10,10,10,10,1,10,10,10,10,10,2,10,10,9,0,10,10,10,10,10,0,10,10,3,1,10,10,10,10,10,10,10,10
project/sim_ext.py --sim-time 1.5 --seq-graph project/file/graph_15_nodes.json --traffic project/file/traffic_15_nodes_net.json --inspection-rate 0.001 --mess-rate 0.002 --algorithm centflow,0.906404999932,0,10,10,10,10,1,0,6,10,0,10,10,10,10,10,1,10,10,10,10,10,2,10,10,10,0,10,10,10,10,10,0,10,10,6,3,10,10,10,10,10,10,10,10
project/sim_ext.py --sim-time 1.5 --seq-graph project/file/graph_15_nodes.json --traffic project/file/traffic_15_nodes_net.json --inspection-rate 0.001 --mess-rate 0.002 --algorithm centflow,0.907445000001,0,10,10,10,10,4,0,9,10,0,10,10,10,10,10,2,10,10,10,10,10,2,10,10,10,0,10,10,10,10,10,0,10,10,6,0,10,10,10,10,10,10,10,10
project/sim_ext.py --sim-time 1.5 --seq-graph project/file/graph_15_nodes.json --traffic project/file/traffic_15_nodes_net.json --inspection-rate 0.001 --mess-rate 0.002 --algorithm centflow,0.9084605555528689,0,10,10,10,10,4,3,9,10,2,10,10,10,10,10,2,10,10,10,10,10,3,10,10,10,0,10,10,10,10,10,2,10,10,0,0,10,10,10,10,10,10,10,10
project/sim_ext.py --sim-time 1.5 --seq-graph project/file/graph_15_nodes.json --traffic project/file/traffic_15_nodes_net.json --inspection-rate 0.001 --mess-rate 0.002 --algorithm centflow,0.9095772057614459,0,10,10,10,10,4,7,10,10,2,10,10,10,10,10,2,10,10,10,10,10,4,10,10,10,0,10,10,10,10,10,2,10,10,0,0,10,10,10,10,10,10,10,10
project/sim_ext.py --sim-time 1.5 --seq-graph project/file/graph_15_nodes.json --traffic project/file/traffic_15_nodes_net.json --inspection-rate 0.001 --mess-rate 0.002 --algorithm centflow,0.910618000001,0,10,10,10,10,0,10,10,10,3,10,10,10,10,10,3,10,10,10,10,10,4,10,10,10,0,10,10,10,10,10,0,10,10,0,0,10,10,10,10,10,10,10,10
project/sim_ext.py --sim-time 1.5 --seq-graph project/file/graph_15_nodes.json --traffic project/file/traffic_15_nodes_net.json --inspection-rate 0.001 --mess-rate 0.002 --algorithm centflow,0.9117470987999637,1,10,10,10,10,3,10,10,10,3,10,10,10,10,10,5,10,10,10,10,0,6,10,10,10,1,10,10,10,10,10,0,10,10,0,0,10,10,10,2,10,10,10,10
project/sim_ext.py --sim-time 1.5 --seq-graph project/file/graph_15_nodes.json --traffic project/file/traffic_15_nodes_net.json --inspection-rate 0.001 --mess-rate 0.002 --algorithm centflow,0.912787000001,3,10,10,10,10,5,10,10,10,4,10,10,10,10,10,6,10,10,10,10,0,7,10,10,10,0,10,10,10,10,10,0,10,10,1,0,10,10,10,8,10,10,10,10
project/sim_ext.py --sim-time 1.5 --seq-graph project/file/graph_15_nodes.json --traffic project/file/traffic_15_nodes_net.json --inspection-rate 0.001 --mess-rate 0.002 --algorithm centflow,0.9138148936898131,4,10,10,10,10,6,10,10,10,4,10,10,10,10,10,6,10,10,10,10,0,7,10,10,10,0,10,10,10,10,10,1,10,10,0,0,10,10,10,10,10,10,10,10
project/sim_ext.py --sim-time 1.5 --seq-graph project/file/graph_15_nodes.json --traffic project/file/traffic_15_nodes_net.json --inspection-rate 0.001 --mess-rate 0.002 --algorithm centflow,0.91484188640431,4,10,10,10,10,10,10,10,10,4,10,10,10,10,10,7,10,10,10,10,0,7,10,10,10,0,10,10,10,10,10,1,10,10,2,0,10,10,10,0,10,10,10,10
project/sim_ext.py --sim-time 1.5 --seq-graph project/file/graph_15_nodes.json --traffic project/file/traffic_15_nodes_net.json --inspection-rate 0.001 --mess-rate 0.002 --algorithm centflow,0.9158573272732895,4,10,10,10,10,10,10,10,10,4,10,10,10,10,10,7,10,10,10,10,0,9,10,10,10,0,10,10,10,10,10,0,10,10,6,1,10,10,10,1,10,10,10,10
project/sim_ext.py --sim-time 1.5 --seq-graph project/file/graph_15_nodes.json --traffic project/file/traffic_15_nodes_net.json --inspection-rate 0.001 --mess-rate 0.002 --algorithm centflow,0.916910000001,4,10,10,10,10,10,10,10,10,4,10,10,10,10,10,10,10,10,10,10,0,9,10,10,10,0,10,10,10,10,10,0,10,10,7,0,10,10,10,8,10,10,10,10
project/sim_ext.py --sim-time 1.5 --seq-graph project/file/graph_15_nodes.json --traffic project/file/traffic_15_nodes_net.json --inspection-rate 0.001 --mess-rate 0.002 --algorithm centflow,0.917958000001,4,10,10,10,10,10,10,10,10,4,10,10,10,10,10,10,10,10,10,10,0,9,10,10,10,0,10,10,10,10,10,0,10,10,9,0,10,10,10,10,10,10,10,10
project/sim_ext.py --sim-time 1.5 --seq-graph project/file/graph_15_nodes.json --traffic project/file/traffic_15_nodes_net.json --inspection-rate 0.001 --mess-rate 0.002 --algorithm centflow,0.9189893494304039,4,10,10,10,10,10,10,10,10,4,10,10,10,10,10,10,10,10,10,10,0,9,10,10,10,0,10,10,10,10,10,0,10,10,0,0,10,10,10,10,10,10,10,10
project/sim_ext.py --sim-time 1.5 --seq-graph project/file/graph_15_nodes.json --traffic project/file/traffic_15_nodes_net.json --inspection-rate 0.001 --mess-rate 0.002 --algorithm centflow,0.9200378432304116,6,10,10,10,10,10,10,10,10,4,10,10,10,10,10,10,10,10,10,10,0,10,10,10,10,0,10,10,10,10,10,0,10,10,0,0,10,10,10,5,10,10,10,10
project/sim_ext.py --sim-time 1.5 --seq-graph project/file/graph_15_nodes.json --traffic project/file/traffic_15_nodes_net.json --inspection-rate 0.001 --mess-rate 0.002 --algorithm centflow,0.921059199997,0,8,0,7,5,0,0,1,10,2,3,5,7,3,0,0,0,0,1,1,6,6,6,0,0,0,6,5,0,0,0,3,8,0,2,0,2,0,0,2,0,0,0,0
project/sim_ext.py --sim-time 1.5 --seq-graph project/file/graph_15_nodes.json --traffic project/file/traffic_15_nodes_net.json --inspection-rate 0.001 --mess-rate 0.002 --algorithm centflow,0.922068199997,0,0,0,0,0,2,1,0,1,0,0,6,0,0,0,0,0,0,0,4,10,1,0,3,0,2,0,0,0,5,0,0,0,0,0,0,0,1,2,10,0,1,0,3
project/sim_ext.py --sim-time 1.5 --seq-graph project/file/graph_15_nodes.json --traffic project/file/traffic_15_nodes_net.json --inspection-rate 0.001 --mess-rate 0.002 --algorithm centflow,0.923081599997,1,6,0,0,0,0,0,1,3,2,1,0,0,0,1,0,0,0,0,0,10,0,2,0,0,0,0,0,1,0,1,0,0,0,0,2,1,0,2,10,0,0,0,2
project/sim_ext.py --sim-time 1.5 --seq-graph project/file/graph_15_nodes.json --traffic project/file/traffic_15_nodes_net.json --inspection-rate 0.001 --mess-rate 0.002 --algorithm centflow,0.9241055999969999,0,10,0,2,0,0,0,0,10,0,0,0,0,0,0,1,0,0,0,0,10,3,3,1,0,0,0,0,3,0,0,0,4,2,0,0,3,7,1,10,0,0,3,0
project/sim_ext.py --sim-time 1.5 --seq-graph project/file/graph_15_nodes.json --traffic project/file/traffic_15_nodes_net.json --inspection-rate 0.001 --mess-rate 0.002 --algorithm centflow,0.925247000001,0,10,0,4,4,5,0,2,10,0,0,1,1,4,3,0,1,0,0,0,10,10,9,0,0,0,1,0,1,0,0,0,4,0,0,0,8,7,3,10,7,9,9,1
project/sim_ext.py --sim-time 1.5 --seq-graph project/file/graph_15_nodes.json --traffic project/file/traffic_15_nodes_net.json --inspection-rate 0.001 --mess-rate 0.002 --algorithm centflow,0.926272999997,0,10,0,10,5,0,0,0,10,0,1,2,3,5,2,1,2,1,1,0,10,10,10,0,0,0,4,1,3,0,0,0,9,2,0,0,10,10,10,10,10,10,10,6
project/sim_ext.py --sim-time 1.5 --seq-graph project/file/graph_15_nodes.json --traffic project/file/traffic_15_nodes_net.json --inspection-rate 0.001 --mess-rate 0.002 --algorithm centflow,0.927315000001,0,10,0,10,8,1,2,2,10,0,3,4,4,5,0,0,6,0,1,1,10,10,10,0,0,0,6,4,7,0,2,0,10,8,0,0,10,10,10,10,10,10,10,10
project/sim_ext.py --sim-time 1.5 --seq-graph project/file/graph_15_nodes.json --traffic project/file/traffic_15_nodes_net.json --inspection-rate 0.001 --mess-rate 0.002 --algorithm centflow,0.9283583322226577,0,10,2,10,9,4,4,7,10,0,5,6,4,5,0,0,9,0,1,1,10,10,10,0,0,0,9,9,10,0,2,0,10,10,1,0,10,10,10,10,10,10,10,10
project/sim_ext.py --sim-time 1.5 --seq-graph project/file/graph_15_nodes.json --traffic project/file/traffic_15_nodes_net.json --inspection-rate 0.001 --mess-rate 0.002 --algorithm centflow,0.929372000001,0,10,4,10,9,6,7,9,10,0,7,7,4,5,0,0,10,2,0,1,10,10,10,0,0,1,10,10,10,0,3,0,10,10,0,0,10,10,10,10,10,10,10,10
project/sim_ext.py --sim-time 1.5 --seq-graph project/file/graph_15_nodes.json --traffic project/file/traffic_15_nodes_net.json --inspection-rate 0.001 --mess-rate 0.002 --algorithm centflow,0.9303904123022977,0,10,0,10,10,9,9,10,10,0,8,8,6,6,0,0,10,0,0,6,10,10,10,0,0,0,10,10,10,0,3,0,10,10,0,0,10,10,10,10,10,10,10,10
project/sim_ext.py --sim-time 1.5 --seq-graph project/file/graph_15_nodes.json --traffic project/file/traffic_15_nodes_net.json --inspection-rate 0.001 --mess-rate 0.002 --algorithm centflow,0.9314020000009999,0,10,0,10,10,10,0,10,10,0,9,10,6,9,0,0,10,0,0,7,10,10,10,1,0,0,10,10,10,0,7,0,10,10,0,0,10,10,10,10,10,10,10,10
project/sim_ext.py --sim-time 1.5 --seq-graph project/file/graph_15_nodes.json --traffic project/file/traffic_15_nodes_net.json --inspection-rate 0.001 --mess-rate 0.002 --algorithm centflow,0.932487399997,0,10,1,10,10,10,6,10,10,0,10,10,6,10,0,0,10,0,0,7,10,10,10,1,0,1,10,10,10,0,10,0,10,10,0,0,10,10,10,10,10,10,10,10
project/sim_ext.py --sim-time 1.5 --seq-graph project/file/graph_15_nodes.json --traffic project/file/traffic_15_nodes_net.json --inspection-rate 0.001 --mess-rate 0.002 --algorithm centflow,0.933490000001,0,10,7,10,10,10,10,10,10,0,10,10,6,10,0,0,10,0,0,7,10,10,10,2,1,0,10,10,10,0,0,0,10,10,0,1,10,10,10,10,10,10,10,10
project/sim_ext.py --sim-time 1.5 --seq-graph project/file/graph_15_nodes.json --traffic project/file/traffic_15_nodes_net.json --inspection-rate 0.001 --mess-rate 0.002 --algorithm centflow,0.934611000001,0,10,9,10,10,10,10,10,10,0,10,10,6,10,0,0,10,2,0,8,10,10,10,4,0,1,10,10,10,3,0,0,10,10,0,1,10,10,10,10,10,10,10,10
project/sim_ext.py --sim-time 1.5 --seq-graph project/file/graph_15_nodes.json --traffic project/file/traffic_15_nodes_net.json --inspection-rate 0.001 --mess-rate 0.002 --algorithm centflow,0.9359337361349017,0,10,2,10,10,0,2,10,10,0,10,10,10,10,0,0,10,4,0,8,10,10,10,6,0,0,10,10,10,7,4,0,10,10,1,1,10,10,10,10,10,10,10,10
project/sim_ext.py --sim-time 1.5 --seq-graph project/file/graph_15_nodes.json --traffic project/file/traffic_15_nodes_net.json --inspection-rate 0.001 --mess-rate 0.002 --algorithm centflow,0.937006812122209,0,10,3,10,10,0,0,10,10,0,10,10,10,10,0,0,10,10,0,8,10,10,10,8,0,0,10,10,10,5,0,0,10,10,1,4,10,10,10,10,10,10,10,10
project/sim_ext.py --sim-time 1.5 --seq-graph project/file/graph_15_nodes.json --traffic project/file/traffic_15_nodes_net.json --inspection-rate 0.001 --mess-rate 0.002 --algorithm centflow,0.938042000001,0,10,5,10,10,0,0,10,10,0,10,10,10,10,2,0,10,10,1,8,10,10,10,10,3,0,10,10,10,0,0,0,10,10,0,0,10,10,10,10,10,10,10,10
project/sim_ext.py --sim-time 1.5 --seq-graph project/file/graph_15_nodes.json --traffic project/file/traffic_15_nodes_net.json --inspection-rate 0.001 --mess-rate 0.002 --algorithm centflow,0.939067000001,0,10,8,10,10,0,2,10,10,0,10,10,10,10,4,0,10,10,2,9,10,10,10,10,2,1,10,10,10,0,2,1,10,10,0,0,10,10,10,10,10,10,10,10
project/sim_ext.py --sim-time 1.5 --seq-graph project/file/graph_15_nodes.json --traffic project/file/traffic_15_nodes_net.json --inspection-rate 0.001 --mess-rate 0.002 --algorithm centflow,0.940199000001,0,10,8,10,10,0,3,0,10,0,10,10,10,10,6,0,10,10,3,10,10,10,10,10,6,0,10,10,10,2,3,0,10,10,0,0,10,10,10,10,10,10,10,10
project/sim_ext.py --sim-time 1.5 --seq-graph project/file/graph_15_nodes.json --traffic project/file/traffic_15_nodes_net.json --inspection-rate 0.001 --mess-rate 0.002 --algorithm centflow,0.941319399997,0,10,10,10,10,0,6,0,10,2,10,10,10,10,9,0,10,10,5,10,0,10,10,10,6,0,10,10,10,3,7,0,10,10,1,0,10,10,10,0,10,10,10,10
project/sim_ext.py --sim-time 1.5 --seq-graph project/file/graph_15_nodes.json --traffic project/file/traffic_15_nodes_net.json --inspection-rate 0.001 --mess-rate 0.002 --algorithm centflow,0.9423210000009999,0,10,10,10,10,0,9,6,10,3,10,10,10,10,10,0,10,10,5,10,0,10,10,10,6,0,10,10,10,4,7,0,10,10,4,0,10,10,10,0,10,10,10,10
project/sim_ext.py --sim-time 1.5 --seq-graph project/file/graph_15_nodes.json --traffic project/file/traffic_15_nodes_net.json --inspection-rate 0.001 --mess-rate 0.002 --algorithm centflow,0.9434003143083113,0,10,10,10,10,1,10,7,10,4,10,10,10,10,10,0,10,10,6,10,0,10,10,10,7,0,10,10,10,7,8,0,10,10,0,0,10,10,10,10,10,10,10,10
project/sim_ext.py --sim-time 1.5 --seq-graph project/file/graph_15_nodes.json --traffic project/file/traffic_15_nodes_net.json --inspection-rate 0.001 --mess-rate 0.002 --algorithm centflow,0.9444117590115146,0,10,10,10,10,6,10,8,10,5,10,10,10,10,10,0,10,10,10,10,0,10,10,10,7,0,10,10,10,7,10,0,10,10,0,0,10,10,10,1,10,10,10,10
project/sim_ext.py --sim-time 1.5 --seq-graph project/file/graph_15_nodes.json --traffic project/file/traffic_15_nodes_net.json --inspection-rate 0.001 --mess-rate 0.002 --algorithm centflow,0.945683000001,0,10,10,10,10,7,10,0,10,5,10,10,10,10,10,1,10,10,10,10,0,10,10,10,9,1,10,10,10,10,10,1,10,10,0,0,10,10,10,0,10,10,10,10
project/sim_ext.py --sim-time 1.5 --seq-graph project/file/graph_15_nodes.json --traffic project/file/traffic_15_nodes_net.json --inspection-rate 0.001 --mess-rate 0.002 --algorithm centflow,0.9467760000009999,1,10,10,10,10,10,10,0,10,6,10,10,10,10,10,0,10,10,10,10,0,10,10,10,9,0,10,10,10,10,10,0,10,10,0,0,10,10,10,6,10,10,10,10
project/sim_ext.py --sim-time 1.5 --seq-graph project/file/graph_15_nodes.json --traffic project/file/traffic_15_nodes_net.json --inspection-rate 0.001 --mess-rate 0.002 --algorithm centflow,0.947854000001,1,10,10,10,10,10,10,0,10,6,10,10,10,10,10,2,10,10,10,10,0,10,10,10,10,0,10,10,10,10,10,0,10,10,3,1,10,10,10,0,10,10,10,10
project/sim_ext.py --sim-time 1.5 --seq-graph project/file/graph_15_nodes.json --traffic project/file/traffic_15_nodes_net.json --inspection-rate 0.001 --mess-rate 0.002 --algorithm centflow,0.9488840000009999,1,10,10,10,10,10,10,2,10,7,10,10,10,10,10,3,10,10,10,10,0,10,10,10,10,0,10,10,10,10,10,0,10,10,0,1,10,10,10,4,10,10,10,10
project/sim_ext.py --sim-time 1.5 --seq-graph project/file/graph_15_nodes.json --traffic project/file/traffic_15_nodes_net.json --inspection-rate 0.001 --mess-rate 0.002 --algorithm centflow,0.949924000001,2,10,10,10,10,10,10,2,10,7,10,10,10,10,10,4,10,10,10,10,0,10,10,10,10,1,10,10,10,10,10,0,10,10,0,2,10,10,10,10,10,10,10,10
project/sim_ext.py --sim-time 1.5 --seq-graph project/file/graph_15_nodes.json --traffic project/file/traffic_15_nodes_net.json --inspection-rate 0.001 --mess-rate 0.002 --algorithm centflow,0.951053000001,3,10,10,10,10,10,10,6,10,10,10,10,10,10,10,5,10,10,10,10,0,10,10,10,10,0,10,10,10,10,10,0,10,10,0,0,10,10,10,10,10,10,10,10
project/sim_ext.py --sim-time 1.5 --seq-graph project/file/graph_15_nodes.json --traffic project/file/traffic_15_nodes_net.json --inspection-rate 0.001 --mess-rate 0.002 --algorithm centflow,0.952084199997,2,2,0,0,0,0,1,0,0,0,1,0,0,1,0,0,0,0,0,0,10,0,0,0,0,0,0,0,0,6,0,1,0,1,2,0,1,0,0,10,0,1,1,0
project/sim_ext.py --sim-time 1.5 --seq-graph project/file/graph_15_nodes.json --traffic project/file/traffic_15_nodes_net.json --inspection-rate 0.001 --mess-rate 0.002 --algorithm centflow,0.953108199997,4,0,1,1,0,0,1,0,0,0,0,0,0,5,0,0,0,0,0,0,10,0,1,0,0,0,0,0,0,0,0,0,0,0,0,1,0,0,0,10,0,0,2,0
project/sim_ext.py --sim-time 1.5 --seq-graph project/file/graph_15_nodes.json --traffic project/file/traffic_15_nodes_net.json --inspection-rate 0.001 --mess-rate 0.002 --algorithm centflow,0.954157799997,0,4,0,5,0,1,0,2,7,2,0,0,1,1,1,0,0,0,1,0,10,0,4,0,0,0,0,1,0,0,1,0,1,0,3,1,0,1,0,10,0,1,0,0
project/sim_ext.py --sim-time 1.5 --seq-graph project/file/graph_15_nodes.json --traffic project/file/traffic_15_nodes_net.json --inspection-rate 0.001 --mess-rate 0.002 --algorithm centflow,0.9552160000009999,0,10,0,5,1,3,1,8,10,0,0,2,6,4,0,0,0,0,5,2,10,2,6,1,0,0,0,0,0,0,2,0,0,0,0,1,0,7,5,10,7,4,4,6
project/sim_ext.py --sim-time 1.5 --seq-graph project/file/graph_15_nodes.json --traffic project/file/traffic_15_nodes_net.json --inspection-rate 0.001 --mess-rate 0.002 --algorithm centflow,0.956376399997,0,10,1,8,3,4,6,0,10,0,0,0,8,8,0,0,0,0,0,0,10,8,10,1,0,0,2,1,0,2,5,0,4,4,0,4,5,10,10,10,10,9,10,9
project/sim_ext.py --sim-time 1.5 --seq-graph project/file/graph_15_nodes.json --traffic project/file/traffic_15_nodes_net.json --inspection-rate 0.001 --mess-rate 0.002 --algorithm centflow,0.957757000001,0,10,1,10,3,10,9,1,10,0,1,0,9,10,0,0,0,0,0,0,10,10,10,5,0,0,3,2,0,0,8,0,6,3,0,6,10,10,10,10,10,10,10,10
project/sim_ext.py --sim-time 1.5 --seq-graph project/file/graph_15_nodes.json --traffic project/file/traffic_15_nodes_net.json --inspection-rate 0.001 --mess-rate 0.002 --algorithm centflow,0.958918000001,0,10,6,10,4,0,10,0,10,0,3,1,10,10,0,0,1,1,0,2,10,10,10,0,0,0,3,6,2,0,3,0,9,5,0,1,10,10,10,10,10,10,10,10
project/sim_ext.py --sim-time 1.5 --seq-graph project/file/graph_15_nodes.json --traffic project/file/traffic_15_nodes_net.json --inspection-rate 0.001 --mess-rate 0.002 --algorithm centflow,0.9599521026312245,0,10,6,10,8,0,10,0,10,0,6,1,10,10,0,1,3,0,0,4,10,10,10,0,0,0,5,10,8,0,0,0,10,10,2,1,10,10,10,10,10,10,10,10
project/sim_ext.py --sim-time 1.5 --seq-graph project/file/graph_15_nodes.json --traffic project/file/traffic_15_nodes_net.json --inspection-rate 0.001 --mess-rate 0.002 --algorithm centflow,0.9609730000009999,0,10,8,10,9,0,2,0,10,0,9,7,10,10,0,0,4,0,2,4,10,10,10,0,1,0,10,10,10,0,0,0,10,10,0,1,10,10,10,10,10,10,10,10
project/sim_ext.py --sim-time 1.5 --seq-graph project/file/graph_15_nodes.json --traffic project/file/traffic_15_nodes_net.json --inspection-rate 0.001 --mess-rate 0.002 --algorithm centflow,0.9621367605591351,0,10,0,10,10,0,6,0,10,0,10,8,10,10,0,0,7,2,1,8,10,10,10,0,1,0,10,10,10,0,0,0,10,10,0,2,10,10,10,10,10,10,10,10
project/sim_ext.py --sim-time 1.5 --seq-graph project/file/graph_15_nodes.json --traffic project/file/traffic_15_nodes_net.json --inspection-rate 0.001 --mess-rate 0.002 --algorithm centflow,0.9632552945201813,0,10,3,10,10,5,9,0,10,0,10,8,10,10,0,0,8,0,0,9,10,10,10,1,0,0,10,10,10,0,1,0,10,10,1,0,10,10,10,10,10,10,10,10
project/sim_ext.py --sim-time 1.5 --seq-graph project/file/graph_15_nodes.json --traffic project/file/traffic_15_nodes_net.json --inspection-rate 0.001 --mess-rate 0.002 --algorithm centflow,0.9642860402371618,0,10,5,10,10,10,0,0,10,0,10,10,10,10,0,0,10,1,0,10,10,10,10,2,0,0,10,10,10,0,1,0,10,10,0,0,10,10,10,10,10,10,10,10
project/sim_ext.py --sim-time 1.5 --seq-graph project/file/graph_15_nodes.json --traffic project/file/traffic_15_nodes_net.json --inspection-rate 0.001 --mess-rate 0.002 --algorithm centflow,0.965411000001,0,10,8,10,10,10,0,0,10,0,10,10,10,10,0,0,10,3,1,10,10,10,10,5,1,0,10,10,10,0,0,0,10,10,0,0,10,10,10,10,10,10,10,10
project/sim_ext.py --sim-time 1.5 --seq-graph project/file/graph_15_nodes.json --traffic project/file/traffic_15_nodes_net.json --inspection-rate 0.001 --mess-rate 0.002 --algorithm centflow,0.966415999997,0,10,5,10,10,10,0,0,10,0,10,10,10,10,0,0,10,3,0,10,10,10,10,6,0,0,10,10,10,0,1,0,10,10,0,0,10,10,10,10,10,10,10,10
project/sim_ext.py --sim-time 1.5 --seq-graph project/file/graph_15_nodes.json --traffic project/file/traffic_15_nodes_net.json --inspection-rate 0.001 --mess-rate 0.002 --algorithm centflow,0.967430000001,1,10,4,10,10,0,0,0,10,0,10,10,10,10,1,0,10,3,0,10,10,10,10,7,0,0,10,10,10,0,0,0,10,10,1,0,10,10,10,10,10,10,10,10
project/sim_ext.py --sim-time 1.5 --seq-graph project/file/graph_15_nodes.json --traffic project/file/traffic_15_nodes_net.json --inspection-rate 0.001 --mess-rate 0.002 --algorithm centflow,0.9684656162220334,0,10,6,10,10,0,0,0,10,0,10,10,10,10,2,0,10,4,0,10,10,10,10,8,0,0,10,10,10,0,1,0,10,10,0,0,10,10,10,10,10,10,10,10
project/sim_ext.py --sim-time 1.5 --seq-graph project/file/graph_15_nodes.json --traffic project/file/traffic_15_nodes_net.json --inspection-rate 0.001 --mess-rate 0.002 --algorithm centflow,0.9694776210151674,0,10,7,10,10,0,1,0,10,0,10,10,10,10,3,2,10,5,1,10,10,10,10,10,0,0,10,10,10,0,0,1,10,10,0,0,10,10,10,10,10,10,10,10
project/sim_ext.py --sim-time 1.5 --seq-graph project/file/graph_15_nodes.json --traffic project/file/traffic_15_nodes_net.json --inspection-rate 0.001 --mess-rate 0.002 --algorithm centflow,0.970484999917,1,10,8,10,10,2,7,0,10,0,10,10,10,10,4,0,10,5,2,10,10,10,10,10,1,0,10,10,10,0,1,1,10,10,0,0,10,10,10,10,10,10,10,10
project/sim_ext.py --sim-time 1.5 --seq-graph project/file/graph_15_nodes.json --traffic project/file/traffic_15_nodes_net.json --inspection-rate 0.001 --mess-rate 0.002 --algorithm centflow,0.9715455418513796,1,10,9,10,10,4,9,0,10,0,10,10,10,10,4,0,10,5,0,10,10,10,10,10,2,0,10,10,10,1,3,0,10,10,0,1,10,10,10,10,10,10,10,10
project/sim_ext.py --sim-time 1.5 --seq-graph project/file/graph_15_nodes.json --traffic project/file/traffic_15_nodes_net.json --inspection-rate 0.001 --mess-rate 0.002 --algorithm centflow,0.972565000001,1,10,9,10,10,7,10,1,10,0,10,10,10,10,7,0,10,7,1,10,10,10,10,10,2,0,10,10,10,1,3,0,10,10,0,3,10,10,10,10,10,10,10,10
project/sim_ext.py --sim-time 1.5 --seq-graph project/file/graph_15_nodes.json --traffic project/file/traffic_15_nodes_net.json --inspection-rate 0.001 --mess-rate 0.002 --algorithm centflow,0.9736210000009999,1,10,10,10,10,8,10,3,10,1,10,10,10,10,9,1,10,10,2,10,10,10,10,10,2,1,10,10,10,2,5,0,10,10,0,3,10,10,10,10,10,10,10,10
project/sim_ext.py --sim-time 1.5 --seq-graph project/file/graph_15_nodes.json --traffic project/file/traffic_15_nodes_net.json --inspection-rate 0.001 --mess-rate 0.002 --algorithm centflow,0.974761000001,1,10,10,10,10,10,10,5,10,1,10,10,10,10,9,1,10,10,2,10,10,10,10,10,2,0,10,10,10,2,6,1,10,10,0,0,10,10,10,10,10,10,10,10
project/sim_ext.py --sim-time 1.5 --seq-graph project/file/graph_15_nodes.json --traffic project/file/traffic_15_nodes_net.json --inspection-rate 0.001 --mess-rate 0.002 --algorithm centflow,0.975924000001,1,10,10,10,10,10,10,9,10,3,10,10,10,10,10,2,10,10,2,10,10,10,10,10,2,1,10,10,10,2,8,2,10,10,0,0,10,10,10,10,10,10,10,10
project/sim_ext.py --sim-time 1.5 --seq-graph project/file/graph_15_nodes.json --traffic project/file/traffic_15_nodes_net.json --inspection-rate 0.001 --mess-rate 0.002 --algorithm centflow,0.977110000001,2,10,10,10,10,10,10,9,10,7,10,10,10,10,10,2,10,10,3,10,10,10,10,10,3,0,10,10,10,4,8,0,10,10,1,2,10,10,10,10,10,10,10,10
project/sim_ext.py --sim-time 1.5 --seq-graph project/file/graph_15_nodes.json --traffic project/file/traffic_15_nodes_net.json --inspection-rate 0.001 --mess-rate 0.002 --algorithm centflow,0.9781317252227517,3,10,10,10,10,10,10,10,10,8,10,10,10,10,10,2,10,10,4,10,10,10,10,10,5,0,10,10,10,5,10,0,10,10,4,3,10,10,10,10,10,10,10,10
project/sim_ext.py --sim-time 1.5 --seq-graph project/file/graph_15_nodes.json --traffic project/file/traffic_15_nodes_net.json --inspection-rate 0.001 --mess-rate 0.002 --algorithm centflow,0.979152000001,3,10,10,10,10,10,10,10,10,8,10,10,10,10,10,3,10,10,7,10,10,10,10,10,7,0,10,10,10,6,10,0,10,10,4,5,10,10,10,10,10,10,10,10
project/sim_ext.py --sim-time 1.5 --seq-graph project/file/graph_15_nodes.json --traffic project/file/traffic_15_nodes_net.json --inspection-rate 0.001 --mess-rate 0.002 --algorithm centflow,0.9801609929020245,3,10,10,10,10,10,10,10,10,8,10,10,10,10,10,3,10,10,8,10,10,10,10,10,9,0,10,10,10,9,10,0,10,10,4,0,10,10,10,10,10,10,10,10
project/sim_ext.py --sim-time 1.5 --seq-graph project/file/graph_15_nodes.json --traffic project/file/traffic_15_nodes_net.json --inspection-rate 0.001 --mess-rate 0.002 --algorithm centflow,0.9812150000009999,4,10,10,10,10,10,10,10,10,8,10,10,10,10,10,6,10,10,10,10,0,10,10,10,9,0,10,10,10,10,10,1,10,10,0,0,10,10,10,0,10,10,10,10
project/sim_ext.py --sim-time 1.5 --seq-graph project/file/graph_15_nodes.json --traffic project/file/traffic_15_nodes_net.json --inspection-rate 0.001 --mess-rate 0.002 --algorithm centflow,0.982435199997,7,10,0,10,0,10,10,10,10,10,10,1,0,2,0,8,10,1,0,0,1,10,10,0,0,0,7,2,0,0,0,2,7,0,0,0,0,0,0,0,0,0,10,0
project/sim_ext.py --sim-time 1.5 --seq-graph project/file/graph_15_nodes.json --traffic project/file/traffic_15_nodes_net.json --inspection-rate 0.001 --mess-rate 0.002 --algorithm centflow,0.983444999917,7,10,0,10,0,10,10,10,10,10,10,1,0,0,0,10,10,0,0,0,0,10,10,1,0,0,3,0,0,1,2,0,0,3,0,0,0,0,4,0,0,0,10,2
project/sim_ext.py --sim-time 1.5 --seq-graph project/file/graph_15_nodes.json --traffic project/file/traffic_15_nodes_net.json --inspection-rate 0.001 --mess-rate 0.002 --algorithm centflow,0.984499599997,9,10,1,10,1,10,10,10,10,10,10,0,0,0,0,10,10,0,0,0,1,10,10,3,0,1,0,0,0,0,4,0,0,2,0,0,0,0,0,0,0,0,10,7
project/sim_ext.py --sim-time 1.5 --seq-graph project/file/graph_15_nodes.json --traffic project/file/traffic_15_nodes_net.json --inspection-rate 0.001 --mess-rate 0.002 --algorithm centflow,0.9855510000009999,10,10,0,10,0,10,10,10,10,10,10,0,0,0,1,10,10,2,1,0,3,10,10,0,0,0,0,1,0,0,0,0,1,1,0,2,1,0,1,2,0,5,10,1
project/sim_ext.py --sim-time 1.5 --seq-graph project/file/graph_15_nodes.json --traffic project/file/traffic_15_nodes_net.json --inspection-rate 0.001 --mess-rate 0.002 --algorithm centflow,0.986625000001,10,10,2,10,0,10,10,10,10,10,10,0,0,0,0,10,10,0,0,0,4,10,10,0,0,2,0,0,2,0,0,0,2,5,0,0,2,0,0,6,9,1,10,0
project/sim_ext.py --sim-time 1.5 --seq-graph project/file/graph_15_nodes.json --traffic project/file/traffic_15_nodes_net.json --inspection-rate 0.001 --mess-rate 0.002 --algorithm centflow,0.987629799997,10,10,10,10,0,10,10,10,10,10,10,0,0,2,0,10,10,0,2,0,4,10,10,4,0,0,0,0,0,0,0,0,7,10,1,0,0,2,0,10,10,0,10,1
project/sim_ext.py --sim-time 1.5 --seq-graph project/file/graph_15_nodes.json --traffic project/file/traffic_15_nodes_net.json --inspection-rate 0.001 --mess-rate 0.002 --algorithm centflow,0.988638000001,10,10,0,10,0,10,10,10,10,10,10,4,0,0,0,10,10,0,0,0,10,10,10,7,1,0,1,4,0,0,0,0,10,0,0,0,6,0,2,10,10,7,10,3
project/sim_ext.py --sim-time 1.5 --seq-graph project/file/graph_15_nodes.json --traffic project/file/traffic_15_nodes_net.json --inspection-rate 0.001 --mess-rate 0.002 --algorithm centflow,0.989639000001,10,10,0,10,0,10,10,10,10,10,10,0,1,1,0,10,10,0,0,0,10,10,10,0,1,1,3,6,2,0,0,1,10,0,0,0,10,5,4,10,10,10,10,10
project/sim_ext.py --sim-time 1.5 --seq-graph project/file/graph_15_nodes.json --traffic project/file/traffic_15_nodes_net.json --inspection-rate 0.001 --mess-rate 0.002 --algorithm centflow,0.9906498229155231,10,10,4,10,0,10,10,10,10,10,10,0,1,2,0,10,10,0,1,0,10,10,10,0,0,0,5,7,2,0,1,0,10,0,1,2,10,10,10,10,10,10,10,10
project/sim_ext.py --sim-time 1.5 --seq-graph project/file/graph_15_nodes.json --traffic project/file/traffic_15_nodes_net.json --inspection-rate 0.001 --mess-rate 0.002 --algorithm centflow,0.9916989299412997,10,10,0,10,0,10,10,10,10,10,10,0,2,2,0,10,10,0,0,0,10,10,10,1,0,0,10,7,5,2,0,0,10,2,3,0,10,10,10,10,10,8,10,10
project/sim_ext.py --sim-time 1.5 --seq-graph project/file/graph_15_nodes.json --traffic project/file/traffic_15_nodes_net.json --inspection-rate 0.001 --mess-rate 0.002 --algorithm centflow,0.9927135999969999,0,0,0,0,5,0,0,0,0,0,0,10,8,9,2,0,1,0,1,7,10,1,0,0,0,2,10,10,7,0,0,1,10,5,0,0,10,10,10,10,10,10,0,10
project/sim_ext.py --sim-time 1.5 --seq-graph project/file/graph_15_nodes.json --traffic project/file/traffic_15_nodes_net.json --inspection-rate 0.001 --mess-rate 0.002 --algorithm centflow,0.993737599997,0,0,0,0,7,2,0,0,0,0,0,10,10,10,0,0,0,2,0,9,10,0,0,0,0,0,10,10,10,0,0,0,10,10,2,0,10,10,10,10,10,10,0,10
project/sim_ext.py --sim-time 1.5 --seq-graph project/file/graph_15_nodes.json --traffic project/file/traffic_15_nodes_net.json --inspection-rate 0.001 --mess-rate 0.002 --algorithm centflow,0.9947470500927101,1,0,4,0,9,0,0,0,0,0,0,10,10,10,2,0,1,4,0,10,10,1,0,0,0,0,10,10,10,0,0,0,10,10,3,0,10,10,10,10,10,10,3,10
project/sim_ext.py --sim-time 1.5 --seq-graph project/file/graph_15_nodes.json --traffic project/file/traffic_15_nodes_net.json --inspection-rate 0.001 --mess-rate 0.002 --algorithm centflow,0.995794999921,0,0,6,0,10,1,0,0,1,1,0,10,10,10,4,0,0,8,8,10,10,0,0,0,0,0,10,10,10,0,0,0,10,10,7,0,10,10,10,10,10,10,0,10
project/sim_ext.py --sim-time 1.5 --seq-graph project/file/graph_15_nodes.json --traffic project/file/traffic_15_nodes_net.json --inspection-rate 0.001 --mess-rate 0.002 --algorithm centflow,0.996897000001,0,0,10,0,10,8,0,0,2,0,0,10,10,10,4,0,2,4,3,10,10,0,0,0,1,0,10,10,10,3,1,0,10,10,0,0,10,10,10,10,10,10,0,10
project/sim_ext.py --sim-time 1.5 --seq-graph project/file/graph_15_nodes.json --traffic project/file/traffic_15_nodes_net.json --inspection-rate 0.001 --mess-rate 0.002 --algorithm centflow,0.9979877079841478,0,0,10,8,10,1,0,0,0,0,0,10,10,10,6,0,3,8,3,10,10,0,0,1,4,0,10,10,10,6,1,2,10,10,1,0,10,10,10,10,10,10,1,10
project/sim_ext.py --sim-time 1.5 --seq-graph project/file/graph_15_nodes.json --traffic project/file/traffic_15_nodes_net.json --inspection-rate 0.001 --mess-rate 0.002 --algorithm centflow,0.9990111999969999,0,0,10,2,10,0,0,0,0,0,2,10,10,10,8,0,0,10,10,10,10,1,0,1,7,0,10,10,10,7,2,2,10,10,0,0,10,10,10,10,10,10,2,10
project/sim_ext.py --sim-time 1.5 --seq-graph project/file/graph_15_nodes.json --traffic project/file/traffic_15_nodes_net.json --inspection-rate 0.001 --mess-rate 0.002 --algorithm centflow,1.000033000001,0,0,10,8,10,0,0,0,1,1,0,10,10,10,10,0,0,10,10,10,10,4,1,3,8,0,10,10,10,10,3,0,10,10,0,0,10,10,10,10,10,10,10,10
project/sim_ext.py --sim-time 1.5 --seq-graph project/file/graph_15_nodes.json --traffic project/file/traffic_15_nodes_net.json --inspection-rate 0.001 --mess-rate 0.002 --algorithm centflow,1.001054999917,0,0,10,10,10,0,1,1,1,0,3,10,10,10,10,0,0,10,10,10,10,4,3,5,9,0,10,10,10,10,5,0,10,10,0,0,10,10,10,10,10,10,10,10
project/sim_ext.py --sim-time 1.5 --seq-graph project/file/graph_15_nodes.json --traffic project/file/traffic_15_nodes_net.json --inspection-rate 0.001 --mess-rate 0.002 --algorithm centflow,1.002127999997,0,0,10,10,10,0,0,1,1,0,0,10,10,10,10,0,0,10,10,10,10,6,5,5,10,0,10,10,10,10,5,0,10,10,0,1,10,10,10,10,10,10,10,10
project/sim_ext.py --sim-time 1.5 --seq-graph project/file/graph_15_nodes.json --traffic project/file/traffic_15_nodes_net.json --inspection-rate 0.001 --mess-rate 0.002 --algorithm centflow,1.003327000001,0,1,10,10,10,0,0,2,0,0,1,10,10,10,10,0,0,10,10,10,10,8,7,6,10,1,10,10,10,10,6,0,10,10,0,0,10,10,10,10,10,10,10,10
project/sim_ext.py --sim-time 1.5 --seq-graph project/file/graph_15_nodes.json --traffic project/file/traffic_15_nodes_net.json --inspection-rate 0.001 --mess-rate 0.002 --algorithm centflow,1.004392000001,0,5,10,10,10,0,0,7,2,0,0,10,10,10,10,0,2,10,10,10,10,8,10,7,10,0,10,10,10,10,8,0,10,10,0,0,10,10,10,10,10,10,10,10
project/sim_ext.py --sim-time 1.5 --seq-graph project/file/graph_15_nodes.json --traffic project/file/traffic_15_nodes_net.json --inspection-rate 0.001 --mess-rate 0.002 --algorithm centflow,1.005534044610668,0,10,10,10,10,0,6,9,6,0,4,10,10,10,10,0,0,10,10,10,10,8,10,10,10,0,10,10,10,10,8,2,10,10,3,0,10,10,10,10,10,10,10,10
project/sim_ext.py --sim-time 1.5 --seq-graph project/file/graph_15_nodes.json --traffic project/file/traffic_15_nodes_net.json --inspection-rate 0.001 --mess-rate 0.002 --algorithm centflow,1.006538000001,0,10,10,10,10,0,0,10,9,1,9,10,10,10,10,0,0,10,10,10,10,8,10,10,10,0,10,10,10,10,8,0,10,10,0,0,10,10,10,10,10,10,10,10
project/sim_ext.py --sim-time 1.5 --seq-graph project/file/graph_15_nodes.json --traffic project/file/traffic_15_nodes_net.json --inspection-rate 0.001 --mess-rate 0.002 --algorithm centflow,1.007623000001,0,10,10,10,10,0,2,0,10,0,10,10,10,10,10,0,2,10,10,10,10,10,10,10,10,0,10,10,10,10,10,0,10,10,1,0,10,10,10,10,10,10,10,10
project/sim_ext.py --sim-time 1.5 --seq-graph project/file/graph_15_nodes.json --traffic project/file/traffic_15_nodes_net.json --inspection-rate 0.001 --mess-rate 0.002 --algorithm centflow,1.0086583507258626,0,10,10,10,10,2,7,0,10,0,10,10,10,10,10,0,2,10,10,10,10,10,10,10,10,0,10,10,10,10,10,0,10,10,0,1,10,10,10,10,10,10,10,10
project/sim_ext.py --sim-time 1.5 --seq-graph project/file/graph_15_nodes.json --traffic project/file/traffic_15_nodes_net.json --inspection-rate 0.001 --mess-rate 0.002 --algorithm centflow,1.009694999914,0,10,10,10,10,5,10,0,10,0,10,10,10,10,10,0,2,10,10,10,10,10,10,10,10,0,10,10,10,10,10,0,10,10,0,0,10,10,10,10,10,10,10,10
project/sim_ext.py --sim-time 1.5 --seq-graph project/file/graph_15_nodes.json --traffic project/file/traffic_15_nodes_net.json --inspection-rate 0.001 --mess-rate 0.002 --algorithm centflow,1.010927000001,0,10,10,10,10,8,10,0,10,0,10,10,10,10,10,0,4,10,10,10,10,10,10,10,10,0,10,10,10,10,10,0,10,10,0,0,10,10,10,10,10,10,10,10
project/sim_ext.py --sim-time 1.5 --seq-graph project/file/graph_15_nodes.json --traffic project/file/traffic_15_nodes_net.json --inspection-rate 0.001 --mess-rate 0.002 --algorithm centflow,1.012221000001,1,10,10,10,10,10,10,2,10,0,10,10,10,10,10,0,6,10,10,10,10,10,10,10,10,0,10,10,10,10,10,0,10,10,0,0,10,10,10,10,10,10,10,10
project/sim_ext.py --sim-time 1.5 --seq-graph project/file/graph_15_nodes.json --traffic project/file/traffic_15_nodes_net.json --inspection-rate 0.001 --mess-rate 0.002 --algorithm centflow,1.013464000001,1,10,10,10,10,10,10,0,10,0,10,10,10,10,10,0,8,10,10,10,10,10,10,10,10,0,10,10,10,10,10,0,10,10,0,0,10,10,10,10,10,10,10,10
project/sim_ext.py --sim-time 1.5 --seq-graph project/file/graph_15_nodes.json --traffic project/file/traffic_15_nodes_net.json --inspection-rate 0.001 --mess-rate 0.002 --algorithm centflow,1.014587000001,1,10,10,10,10,10,10,1,10,0,10,10,10,10,10,1,8,10,10,10,10,10,10,10,10,0,10,10,10,10,10,0,10,10,0,0,10,10,10,10,10,10,10,10
project/sim_ext.py --sim-time 1.5 --seq-graph project/file/graph_15_nodes.json --traffic project/file/traffic_15_nodes_net.json --inspection-rate 0.001 --mess-rate 0.002 --algorithm centflow,1.015608399997,1,10,10,10,10,10,0,1,10,0,10,10,10,10,10,1,9,10,10,10,10,10,10,10,10,0,10,10,10,10,10,0,10,10,0,0,10,10,10,10,10,10,10,10
project/sim_ext.py --sim-time 1.5 --seq-graph project/file/graph_15_nodes.json --traffic project/file/traffic_15_nodes_net.json --inspection-rate 0.001 --mess-rate 0.002 --algorithm centflow,1.016870000001,3,10,10,10,10,10,4,3,10,0,10,10,10,10,10,2,10,10,10,10,10,10,10,10,10,0,10,10,10,10,10,1,10,10,0,0,10,10,10,10,10,10,10,10
project/sim_ext.py --sim-time 1.5 --seq-graph project/file/graph_15_nodes.json --traffic project/file/traffic_15_nodes_net.json --inspection-rate 0.001 --mess-rate 0.002 --algorithm centflow,1.017906000001,3,10,10,10,10,10,8,4,10,0,10,10,10,10,10,3,10,10,10,10,10,10,10,10,10,0,10,10,10,10,10,0,10,10,0,0,10,10,10,10,10,10,10,10
project/sim_ext.py --sim-time 1.5 --seq-graph project/file/graph_15_nodes.json --traffic project/file/traffic_15_nodes_net.json --inspection-rate 0.001 --mess-rate 0.002 --algorithm centflow,1.0189699374842915,4,10,10,10,10,10,9,7,10,1,10,10,10,10,10,3,10,10,10,10,10,10,10,10,10,0,10,10,10,10,10,0,10,10,0,0,10,10,10,10,10,10,10,10
project/sim_ext.py --sim-time 1.5 --seq-graph project/file/graph_15_nodes.json --traffic project/file/traffic_15_nodes_net.json --inspection-rate 0.001 --mess-rate 0.002 --algorithm centflow,1.0200392890862993,4,10,10,10,10,10,10,8,10,3,10,10,10,10,10,4,10,10,10,10,10,10,10,10,10,0,10,10,10,10,10,0,10,10,0,1,10,10,10,10,10,10,10,10
project/sim_ext.py --sim-time 1.5 --seq-graph project/file/graph_15_nodes.json --traffic project/file/traffic_15_nodes_net.json --inspection-rate 0.001 --mess-rate 0.002 --algorithm centflow,1.021064000001,4,10,10,10,10,10,10,10,10,3,10,10,10,10,10,6,10,10,10,10,0,10,10,10,10,0,10,10,10,10,10,0,10,10,1,2,10,10,10,0,10,10,10,10
project/sim_ext.py --sim-time 1.5 --seq-graph project/file/graph_15_nodes.json --traffic project/file/traffic_15_nodes_net.json --inspection-rate 0.001 --mess-rate 0.002 --algorithm centflow,1.0221080000009999,4,10,10,10,10,10,10,10,10,4,10,10,10,10,10,8,10,10,10,10,0,10,10,10,10,0,10,10,10,10,10,0,10,10,0,2,10,10,10,0,10,10,10,10
project/sim_ext.py --sim-time 1.5 --seq-graph project/file/graph_15_nodes.json --traffic project/file/traffic_15_nodes_net.json --inspection-rate 0.001 --mess-rate 0.002 --algorithm centflow,1.023119999997,1,9,4,9,10,4,6,4,9,0,6,8,7,8,9,6,7,5,7,9,1,9,9,9,4,0,9,8,8,6,4,0,9,4,0,0,4,6,6,0,6,5,6,6
project/sim_ext.py --sim-time 1.5 --seq-graph project/file/graph_15_nodes.json --traffic project/file/traffic_15_nodes_net.json --inspection-rate 0.001 --mess-rate 0.002 --algorithm centflow,1.024122599997,0,0,0,1,0,2,4,2,0,0,0,0,2,0,1,0,1,0,5,0,0,1,0,0,0,1,1,4,1,0,0,0,1,0,0,0,0,0,0,0,0,3,0,0
project/sim_ext.py --sim-time 1.5 --seq-graph project/file/graph_15_nodes.json --traffic project/file/traffic_15_nodes_net.json --inspection-rate 0.001 --mess-rate 0.002 --algorithm centflow,1.025146000001,1,2,0,0,0,0,0,0,0,0,0,0,0,2,1,0,0,0,0,0,1,0,0,0,0,0,3,2,0,0,0,0,0,8,0,0,0,1,0,5,0,3,1,0
project/sim_ext.py --sim-time 1.5 --seq-graph project/file/graph_15_nodes.json --traffic project/file/traffic_15_nodes_net.json --inspection-rate 0.001 --mess-rate 0.002 --algorithm centflow,1.026281000001,0,2,0,9,0,0,2,3,10,0,0,0,0,0,0,0,0,0,2,0,5,0,2,1,2,0,0,0,0,0,0,0,0,2,0,1,0,1,1,10,0,1,7,6
project/sim_ext.py --sim-time 1.5 --seq-graph project/file/graph_15_nodes.json --traffic project/file/traffic_15_nodes_net.json --inspection-rate 0.001 --mess-rate 0.002 --algorithm centflow,1.027354599997,1,5,0,10,1,0,0,0,10,0,2,0,6,3,2,0,0,0,0,0,10,3,9,0,1,0,1,0,0,0,0,1,1,1,0,0,3,10,0,10,0,4,9,5
project/sim_ext.py --sim-time 1.5 --seq-graph project/file/graph_15_nodes.json --traffic project/file/traffic_15_nodes_net.json --inspection-rate 0.001 --mess-rate 0.002 --algorithm centflow,1.028425000001,0,9,0,10,3,3,0,0,10,0,0,1,10,0,1,0,1,0,0,0,10,8,10,0,0,4,0,0,2,2,0,0,3,0,0,1,2,10,7,10,4,8,10,3
project/sim_ext.py --sim-time 1.5 --seq-graph project/file/graph_15_nodes.json --traffic project/file/traffic_15_nodes_net.json --inspection-rate 0.001 --mess-rate 0.002 --algorithm centflow,1.029434999917,0,10,0,10,3,7,0,0,10,0,1,2,10,1,2,0,2,0,1,0,10,10,10,0,0,4,2,0,3,0,0,0,3,1,0,1,10,10,10,10,10,10,10,9
project/sim_ext.py --sim-time 1.5 --seq-graph project/file/graph_15_nodes.json --traffic project/file/traffic_15_nodes_net.json --inspection-rate 0.001 --mess-rate 0.002 --algorithm centflow,1.030488000001,0,10,0,10,5,0,0,2,10,0,2,6,10,4,2,0,3,0,0,0,10,10,10,1,0,0,5,4,6,0,2,1,6,5,3,0,10,10,10,10,10,10,10,10
project/sim_ext.py --sim-time 1.5 --seq-graph project/file/graph_15_nodes.json --traffic project/file/traffic_15_nodes_net.json --inspection-rate 0.001 --mess-rate 0.002 --algorithm centflow,1.031572000001,0,10,0,10,8,0,2,0,10,0,2,6,10,4,3,0,3,0,1,1,10,10,10,0,0,0,7,6,9,0,0,1,9,1,4,0,10,10,10,10,10,10,10,10
project/sim_ext.py --sim-time 1.5 --seq-graph project/file/graph_15_nodes.json --traffic project/file/traffic_15_nodes_net.json --inspection-rate 0.001 --mess-rate 0.002 --algorithm centflow,1.032644999914,0,10,0,10,10,0,0,0,10,0,3,7,10,7,0,0,4,1,0,2,10,10,10,2,0,0,8,7,10,2,0,1,10,8,8,0,10,10,10,10,10,10,10,10
project/sim_ext.py --sim-time 1.5 --seq-graph project/file/graph_15_nodes.json --traffic project/file/traffic_15_nodes_net.json --inspection-rate 0.001 --mess-rate 0.002 --algorithm centflow,1.033719000001,0,10,2,10,10,3,7,0,10,0,5,9,10,7,0,0,7,2,0,2,10,10,10,3,0,0,10,8,10,4,0,0,10,10,0,0,10,10,10,10,10,10,10,10
project/sim_ext.py --sim-time 1.5 --seq-graph project/file/graph_15_nodes.json --traffic project/file/traffic_15_nodes_net.json --inspection-rate 0.001 --mess-rate 0.002 --algorithm centflow,1.034807340304032,0,10,0,10,10,6,10,0,10,0,7,9,10,8,1,0,8,3,1,4,10,10,10,5,0,0,10,9,10,0,0,0,10,10,0,0,10,10,10,10,10,10,10,10
project/sim_ext.py --sim-time 1.5 --seq-graph project/file/graph_15_nodes.json --traffic project/file/traffic_15_nodes_net.json --inspection-rate 0.001 --mess-rate 0.002 --algorithm centflow,1.035828199997,0,10,2,10,10,4,10,1,10,0,9,10,10,9,0,0,9,5,0,6,10,10,10,6,0,1,10,10,10,3,0,0,10,10,0,0,10,10,10,10,10,10,10,10
project/sim_ext.py --sim-time 1.5 --seq-graph project/file/graph_15_nodes.json --traffic project/file/traffic_15_nodes_net.json --inspection-rate 0.001 --mess-rate 0.002 --algorithm centflow,1.036890000001,0,10,1,10,10,0,0,0,10,1,10,10,10,10,0,0,9,10,0,6,10,10,10,8,0,1,10,10,10,5,1,1,10,10,0,0,10,10,10,10,10,10,10,10
project/sim_ext.py --sim-time 1.5 --seq-graph project/file/graph_15_nodes.json --traffic project/file/traffic_15_nodes_net.json --inspection-rate 0.001 --mess-rate 0.002 --algorithm centflow,1.037891000001,0,10,3,10,10,0,2,0,10,0,10,10,10,10,0,1,10,10,0,7,10,10,10,8,3,0,10,10,10,3,0,3,10,10,0,0,10,10,10,10,10,10,10,10
project/sim_ext.py --sim-time 1.5 --seq-graph project/file/graph_15_nodes.json --traffic project/file/traffic_15_nodes_net.json --inspection-rate 0.001 --mess-rate 0.002 --algorithm centflow,1.038896000001,0,10,4,10,10,0,3,0,10,0,10,10,10,10,0,0,10,10,0,10,10,10,10,9,0,0,10,10,10,5,0,0,10,10,1,0,10,10,10,10,10,10,10,10
project/sim_ext.py --sim-time 1.5 --seq-graph project/file/graph_15_nodes.json --traffic project/file/traffic_15_nodes_net.json --inspection-rate 0.001 --mess-rate 0.002 --algorithm centflow,1.0400840000009999,0,10,7,10,10,0,9,4,10,0,10,10,10,10,1,0,10,10,1,10,10,10,10,10,0,0,10,10,10,7,0,0,10,10,0,0,10,10,10,10,10,10,10,10
project/sim_ext.py --sim-time 1.5 --seq-graph project/file/graph_15_nodes.json --traffic project/file/traffic_15_nodes_net.json --inspection-rate 0.001 --mess-rate 0.002 --algorithm centflow,1.041124000001,0,10,9,10,10,0,9,6,10,0,10,10,10,10,2,0,10,10,1,10,10,10,10,10,0,0,10,10,10,10,0,0,10,10,0,0,10,10,10,10,10,10,10,10
project/sim_ext.py --sim-time 1.5 --seq-graph project/file/graph_15_nodes.json --traffic project/file/traffic_15_nodes_net.json --inspection-rate 0.001 --mess-rate 0.002 --algorithm centflow,1.0422003249470226,1,10,10,10,10,1,10,9,10,0,10,10,10,10,3,0,10,10,3,10,10,10,10,10,0,0,10,10,10,10,3,0,10,10,1,0,10,10,10,10,10,10,10,10
project/sim_ext.py --sim-time 1.5 --seq-graph project/file/graph_15_nodes.json --traffic project/file/traffic_15_nodes_net.json --inspection-rate 0.001 --mess-rate 0.002 --algorithm centflow,1.0432690000009999,1,10,10,10,10,3,10,10,10,0,10,10,10,10,3,0,10,10,6,10,10,10,10,10,0,0,10,10,10,10,3,0,10,10,2,0,10,10,10,10,10,10,10,10
project/sim_ext.py --sim-time 1.5 --seq-graph project/file/graph_15_nodes.json --traffic project/file/traffic_15_nodes_net.json --inspection-rate 0.001 --mess-rate 0.002 --algorithm centflow,1.044372000001,1,10,10,10,10,4,10,10,10,0,10,10,10,10,4,0,10,10,6,10,10,10,10,10,0,0,10,10,10,10,4,1,10,10,0,0,10,10,10,10,10,10,10,10
project/sim_ext.py --sim-time 1.5 --seq-graph project/file/graph_15_nodes.json --traffic project/file/traffic_15_nodes_net.json --inspection-rate 0.001 --mess-rate 0.002 --algorithm centflow,1.045448000001,1,10,10,10,10,8,10,0,10,1,10,10,10,10,5,0,10,10,7,10,10,10,10,10,0,0,10,10,10,10,8,2,10,10,0,0,10,10,10,10,10,10,10,10
project/sim_ext.py --sim-time 1.5 --seq-graph project/file/graph_15_nodes.json --traffic project/file/traffic_15_nodes_net.json --inspection-rate 0.001 --mess-rate 0.002 --algorithm centflow,1.0465320000009999,1,10,10,10,10,10,10,2,10,1,10,10,10,10,5,2,10,10,9,10,10,10,10,10,0,0,10,10,10,10,9,0,10,10,3,0,10,10,10,10,10,10,10,10
project/sim_ext.py --sim-time 1.5 --seq-graph project/file/graph_15_nodes.json --traffic project/file/traffic_15_nodes_net.json --inspection-rate 0.001 --mess-rate 0.002 --algorithm centflow,1.047586000001,2,10,10,10,10,10,10,3,10,1,10,10,10,10,6,2,10,10,10,10,10,10,10,10,1,0,10,10,10,10,10,1,10,10,3,0,10,10,10,10,10,10,10,10
project/sim_ext.py --sim-time 1.5 --seq-graph project/file/graph_15_nodes.json --traffic project/file/traffic_15_nodes_net.json --inspection-rate 0.001 --mess-rate 0.002 --algorithm centflow,1.0485975091719335,2,10,10,10,10,10,10,6,10,2,10,10,10,10,7,2,10,10,10,10,10,10,10,10,2,0,10,10,10,10,10,0,10,10,0,1,10,10,10,10,10,10,10,10
project/sim_ext.py --sim-time 1.5 --seq-graph project/file/graph_15_nodes.json --traffic project/file/traffic_15_nodes_net.json --inspection-rate 0.001 --mess-rate 0.002 --algorithm centflow,1.049755000001,2,10,10,10,10,10,10,6,10,2,10,10,10,10,8,4,10,10,10,10,10,10,10,10,5,2,10,10,10,10,10,0,10,10,0,0,10,10,10,10,10,10,10,10
project/sim_ext.py --sim-time 1.5 --seq-graph project/file/graph_15_nodes.json --traffic project/file/traffic_15_nodes_net.json --inspection-rate 0.001 --mess-rate 0.002 --algorithm centflow,1.050785938508503,2,10,10,10,10,10,10,10,10,2,10,10,10,10,10,5,10,10,10,10,10,10,10,10,6,0,10,10,10,10,10,0,10,10,0,0,10,10,10,10,10,10,10,10
project/sim_ext.py --sim-time 1.5 --seq-graph project/file/graph_15_nodes.json --traffic project/file/traffic_15_nodes_net.json --inspection-rate 0.001 --mess-rate 0.002 --algorithm centflow,1.051787385384382,3,10,10,10,10,10,10,10,10,2,10,10,10,10,10,5,10,10,10,10,10,10,10,10,6,2,10,10,10,10,10,1,10,10,0,0,10,10,10,10,10,10,10,10
project/sim_ext.py --sim-time 1.5 --seq-graph project/file/graph_15_nodes.json --traffic project/file/traffic_15_nodes_net.json --inspection-rate 0.001 --mess-rate 0.002 --algorithm centflow,1.0527940000009999,3,10,10,10,10,10,10,10,10,2,10,10,10,10,10,5,10,10,10,10,10,10,10,10,8,2,10,10,10,10,10,0,10,10,0,0,10,10,10,10,10,10,10,10
project/sim_ext.py --sim-time 1.5 --seq-graph project/file/graph_15_nodes.json --traffic project/file/traffic_15_nodes_net.json --inspection-rate 0.001 --mess-rate 0.002 --algorithm centflow,1.0538447380912626,0,7,8,10,5,3,2,4,8,0,8,10,9,8,6,1,7,4,4,8,10,10,7,9,5,0,9,9,7,4,5,0,10,5,0,0,3,4,6,10,6,7,4,4
project/sim_ext.py --sim-time 1.5 --seq-graph project/file/graph_15_nodes.json --traffic project/file/traffic_15_nodes_net.json --inspection-rate 0.001 --mess-rate 0.002 --algorithm centflow,1.054876799997,2,0,0,0,0,0,0,0,0,1,2,4,1,0,0,0,0,0,1,0,10,1,0,3,0,0,0,0,0,0,1,0,0,0,1,0,0,0,0,10,0,1,0,0
project/sim_ext.py --sim-time 1.5 --seq-graph project/file/graph_15_nodes.json --traffic project/file/traffic_15_nodes_net.json --inspection-rate 0.001 --mess-rate 0.002 --algorithm centflow,1.055880000001,0,0,0,0,0,1,1,2,6,0,0,0,1,0,0,0,0,0,1,0,10,2,3,0,0,0,0,0,0,0,0,0,0,2,0,0,0,0,0,10,0,1,0,0
project/sim_ext.py --sim-time 1.5 --seq-graph project/file/graph_15_nodes.json --traffic project/file/traffic_15_nodes_net.json --inspection-rate 0.001 --mess-rate 0.002 --algorithm centflow,1.056924799997,0,5,1,6,1,4,0,0,10,1,0,0,0,0,0,0,3,1,3,0,10,0,7,2,0,0,0,0,0,0,0,0,0,2,2,0,2,2,2,10,4,0,0,8
project/sim_ext.py --sim-time 1.5 --seq-graph project/file/graph_15_nodes.json --traffic project/file/traffic_15_nodes_net.json --inspection-rate 0.001 --mess-rate 0.002 --algorithm centflow,1.057927399997,0,6,0,10,0,0,0,0,10,1,0,0,0,0,0,1,0,0,0,0,10,2,10,0,1,0,5,0,1,0,0,0,4,0,0,0,8,2,4,10,0,0,0,0
project/sim_ext.py --sim-time 1.5 --seq-graph project/file/graph_15_nodes.json --traffic project/file/traffic_15_nodes_net.json --inspection-rate 0.001 --mess-rate 0.002 --algorithm centflow,1.0589290000009999,0,7,2,10,1,0,1,0,10,0,0,0,6,4,0,0,0,0,0,1,10,3,10,1,0,0,10,3,1,0,0,0,2,0,1,0,10,7,10,10,4,5,10,5
project/sim_ext.py --sim-time 1.5 --seq-graph project/file/graph_15_nodes.json --traffic project/file/traffic_15_nodes_net.json --inspection-rate 0.001 --mess-rate 0.002 --algorithm centflow,1.059953000001,0,7,0,10,1,0,0,3,10,1,0,0,7,6,0,0,3,0,1,4,10,4,10,0,0,0,10,3,2,0,0,0,6,3,2,0,10,10,10,10,10,10,10,10
project/sim_ext.py --sim-time 1.5 --seq-graph project/file/graph_15_nodes.json --traffic project/file/traffic_15_nodes_net.json --inspection-rate 0.001 --mess-rate 0.002 --algorithm centflow,1.061392103836172,0,7,0,10,4,0,0,0,10,0,2,0,10,10,2,0,3,0,0,6,10,9,10,0,0,0,10,3,9,0,0,0,10,10,3,0,10,10,10,10,10,10,10,10
project/sim_ext.py --sim-time 1.5 --seq-graph project/file/graph_15_nodes.json --traffic project/file/traffic_15_nodes_net.json --inspection-rate 0.001 --mess-rate 0.002 --algorithm centflow,1.0624555086813865,0,10,0,10,9,0,0,2,10,1,4,1,10,10,1,0,9,3,0,10,0,10,10,0,1,0,10,5,10,0,0,0,10,10,0,1,10,10,10,0,10,10,10,10
project/sim_ext.py --sim-time 1.5 --seq-graph project/file/graph_15_nodes.json --traffic project/file/traffic_15_nodes_net.json --inspection-rate 0.001 --mess-rate 0.002 --algorithm centflow,1.063459000001,0,10,0,10,9,0,0,0,10,0,6,3,10,10,3,0,10,0,0,10,0,10,10,1,5,0,10,8,10,2,0,0,10,10,0,0,10,10,10,7,10,10,10,10
project/sim_ext.py --sim-time 1.5 --seq-graph project/file/graph_15_nodes.json --traffic project/file/traffic_15_nodes_net.json --inspection-rate 0.001 --mess-rate 0.002 --algorithm centflow,1.064518000001,0,10,1,10,9,0,4,0,10,0,8,4,10,10,2,0,10,3,4,10,0,10,10,0,0,0,10,10,10,0,2,2,10,10,0,0,10,10,10,0,10,10,10,10
project/sim_ext.py --sim-time 1.5 --seq-graph project/file/graph_15_nodes.json --traffic project/file/traffic_15_nodes_net.json --inspection-rate 0.001 --mess-rate 0.002 --algorithm centflow,1.065667199997,1,10,3,10,10,0,0,0,10,0,10,4,10,10,4,0,10,5,6,10,0,10,10,1,0,1,10,10,10,0,0,3,10,10,0,0,10,10,10,0,10,10,10,10
project/sim_ext.py --sim-time 1.5 --seq-graph project/file/graph_15_nodes.json --traffic project/file/traffic_15_nodes_net.json --inspection-rate 0.001 --mess-rate 0.002 --algorithm centflow,1.066709000001,1,10,5,10,10,0,1,0,10,0,10,7,10,10,6,0,10,9,1,10,0,10,10,3,2,1,10,10,10,0,2,0,10,10,0,0,10,10,10,2,10,10,10,10
project/sim_ext.py --sim-time 1.5 --seq-graph project/file/graph_15_nodes.json --traffic project/file/traffic_15_nodes_net.json --inspection-rate 0.001 --mess-rate 0.002 --algorithm centflow,1.067759999997,0,10,7,10,10,5,4,0,10,0,10,8,10,10,10,1,10,10,0,10,0,10,10,4,4,1,10,10,10,0,3,0,10,10,0,1,10,10,10,3,10,10,10,10
project/sim_ext.py --sim-time 1.5 --seq-graph project/file/graph_15_nodes.json --traffic project/file/traffic_15_nodes_net.json --inspection-rate 0.001 --mess-rate 0.002 --algorithm centflow,1.0688210000009999,0,10,9,10,10,9,6,1,10,1,10,9,10,10,10,0,10,10,0,10,1,10,10,4,5,0,10,10,10,4,7,0,10,10,0,1,10,10,10,6,10,10,10,10
project/sim_ext.py --sim-time 1.5 --seq-graph project/file/graph_15_nodes.json --traffic project/file/traffic_15_nodes_net.json --inspection-rate 0.001 --mess-rate 0.002 --algorithm centflow,1.069889000001,0,10,10,10,10,0,8,4,10,1,10,10,10,10,10,0,10,10,0,10,3,10,10,6,5,0,10,10,10,0,8,0,10,10,2,3,10,10,10,10,10,10,10,10
project/sim_ext.py --sim-time 1.5 --seq-graph project/file/graph_15_nodes.json --traffic project/file/traffic_15_nodes_net.json --inspection-rate 0.001 --mess-rate 0.002 --algorithm centflow,1.071004999906,0,10,10,10,10,1,8,9,10,1,10,10,10,10,10,0,10,10,1,10,3,10,10,7,6,0,10,10,10,0,10,1,10,10,0,0,10,10,10,10,10,10,10,10
project/sim_ext.py --sim-time 1.5 --seq-graph project/file/graph_15_nodes.json --traffic project/file/traffic_15_nodes_net.json --inspection-rate 0.001 --mess-rate 0.002 --algorithm centflow,1.072012000001,0,10,10,10,10,2,9,10,10,1,10,10,10,10,10,0,10,10,1,10,3,10,10,8,6,1,10,10,10,2,10,0,10,10,0,0,10,10,10,10,10,10,10,10
project/sim_ext.py --sim-time 1.5 --seq-graph project/file/graph_15_nodes.json --traffic project/file/traffic_15_nodes_net.json --inspection-rate 0.001 --mess-rate 0.002 --algorithm centflow,1.073022000001,0,10,10,10,10,0,10,10,10,1,10,10,10,10,10,0,10,10,2,10,3,10,10,9,7,0,10,10,10,3,10,0,10,10,0,1,10,10,10,10,10,10,10,10
project/sim_ext.py --sim-time 1.5 --seq-graph project/file/graph_15_nodes.json --traffic project/file/traffic_15_nodes_net.json --inspection-rate 0.001 --mess-rate 0.002 --algorithm centflow,1.0740318979842316,1,10,10,10,10,0,10,10,10,1,10,10,10,10,10,0,10,10,3,10,3,10,10,10,8,0,10,10,10,8,10,0,10,10,1,3,10,10,10,10,10,10,10,10
project/sim_ext.py --sim-time 1.5 --seq-graph project/file/graph_15_nodes.json --traffic project/file/traffic_15_nodes_net.json --inspection-rate 0.001 --mess-rate 0.002 --algorithm centflow,1.0750531137948307,2,10,10,10,10,2,10,10,10,1,10,10,10,10,10,0,10,10,4,10,3,10,10,10,8,0,10,10,10,10,10,0,10,10,2,0,10,10,10,10,10,10,10,10
project/sim_ext.py --sim-time 1.5 --seq-graph project/file/graph_15_nodes.json --traffic project/file/traffic_15_nodes_net.json --inspection-rate 0.001 --mess-rate 0.002 --algorithm centflow,1.0761439114598037,2,10,10,10,10,8,10,10,10,2,10,10,10,10,10,0,10,10,6,10,3,10,10,10,9,0,10,10,10,10,10,0,10,10,2,0,10,10,10,10,10,10,10,10
project/sim_ext.py --sim-time 1.5 --seq-graph project/file/graph_15_nodes.json --traffic project/file/traffic_15_nodes_net.json --inspection-rate 0.001 --mess-rate 0.002 --algorithm centflow,1.077206922161229,3,10,10,10,10,10,10,0,10,2,10,10,10,10,10,0,10,10,6,10,6,10,10,10,9,1,10,10,10,10,10,0,10,10,0,0,10,10,10,10,10,10,10,10
project/sim_ext.py --sim-time 1.5 --seq-graph project/file/graph_15_nodes.json --traffic project/file/traffic_15_nodes_net.json --inspection-rate 0.001 --mess-rate 0.002 --algorithm centflow,1.0782356935392767,5,10,10,10,10,10,10,0,10,2,10,10,10,10,10,0,10,10,6,10,6,10,10,10,9,0,10,10,10,10,10,0,10,10,2,0,10,10,10,10,10,10,10,10
project/sim_ext.py --sim-time 1.5 --seq-graph project/file/graph_15_nodes.json --traffic project/file/traffic_15_nodes_net.json --inspection-rate 0.001 --mess-rate 0.002 --algorithm centflow,1.079237199997,6,10,10,10,10,10,10,1,10,3,10,10,10,10,10,0,10,10,6,10,7,10,10,10,10,0,10,10,10,10,10,0,10,10,4,2,10,10,10,10,10,10,10,10
project/sim_ext.py --sim-time 1.5 --seq-graph project/file/graph_15_nodes.json --traffic project/file/traffic_15_nodes_net.json --inspection-rate 0.001 --mess-rate 0.002 --algorithm centflow,1.080267000001,7,10,10,10,10,10,10,2,10,4,10,10,10,10,10,0,10,10,6,10,7,10,10,10,10,0,10,10,10,10,10,0,10,10,0,4,10,10,10,10,10,10,10,10
project/sim_ext.py --sim-time 1.5 --seq-graph project/file/graph_15_nodes.json --traffic project/file/traffic_15_nodes_net.json --inspection-rate 0.001 --mess-rate 0.002 --algorithm centflow,1.081315000001,8,10,10,10,10,10,10,3,10,4,10,10,10,10,10,0,10,10,8,10,7,10,10,10,10,0,10,10,10,10,10,0,10,10,0,4,10,10,10,10,10,10,10,10
project/sim_ext.py --sim-time 1.5 --seq-graph project/file/graph_15_nodes.json --traffic project/file/traffic_15_nodes_net.json --inspection-rate 0.001 --mess-rate 0.002 --algorithm centflow,1.082471000001,8,10,10,10,10,10,10,5,10,5,10,10,10,10,10,0,10,10,9,10,9,10,10,10,10,0,10,10,10,10,10,0,10,10,2,4,10,10,10,10,10,10,10,10
project/sim_ext.py --sim-time 1.5 --seq-graph project/file/graph_15_nodes.json --traffic project/file/traffic_15_nodes_net.json --inspection-rate 0.001 --mess-rate 0.002 --algorithm centflow,1.083481000001,9,10,10,10,10,10,10,8,10,5,10,10,10,10,10,0,10,10,10,10,9,10,10,10,10,0,10,10,10,10,10,0,10,10,3,4,10,10,10,10,10,10,10,10
project/sim_ext.py --sim-time 1.5 --seq-graph project/file/graph_15_nodes.json --traffic project/file/traffic_15_nodes_net.json --inspection-rate 0.001 --mess-rate 0.002 --algorithm centflow,1.084495000001,9,10,10,10,10,10,10,9,10,5,10,10,10,10,10,1,10,10,10,7,10,10,10,10,7,0,10,10,10,10,8,0,7,7,0,4,10,10,10,10,6,10,10,10
project/sim_ext.py --sim-time 1.5 --seq-graph project/file/graph_15_nodes.json --traffic project/file/traffic_15_nodes_net.json --inspection-rate 0.001 --mess-rate 0.002 --algorithm centflow,1.0855281031154553,10,10,10,10,10,10,10,10,10,5,10,10,10,10,10,5,10,10,10,0,10,10,10,10,0,0,10,10,10,10,1,1,0,0,0,0,10,10,10,10,6,10,10,10
project/sim_ext.py --sim-time 1.5 --seq-graph project/file/graph_15_nodes.json --traffic project/file/traffic_15_nodes_net.json --inspection-rate 0.001 --mess-rate 0.002 --algorithm centflow,1.086580199997,10,10,10,10,10,10,10,10,10,6,10,10,10,10,10,6,10,10,10,0,10,10,10,10,1,0,10,10,10,10,0,0,0,0,0,1,10,10,10,10,4,10,10,10
project/sim_ext.py --sim-time 1.5 --seq-graph project/file/graph_15_nodes.json --traffic project/file/traffic_15_nodes_net.json --inspection-rate 0.001 --mess-rate 0.002 --algorithm centflow,1.087619000001,10,10,10,10,10,10,10,10,10,6,10,10,10,10,10,8,10,10,10,0,10,10,10,10,0,0,10,10,10,10,0,0,0,0,0,0,10,10,10,10,0,10,10,10
project/sim_ext.py --sim-time 1.5 --seq-graph project/file/graph_15_nodes.json --traffic project/file/traffic_15_nodes_net.json --inspection-rate 0.001 --mess-rate 0.002 --algorithm centflow,1.0886332514485078,10,10,10,10,10,10,10,10,10,8,10,10,10,10,10,8,10,10,10,0,10,10,10,10,0,0,10,10,10,10,1,0,0,3,0,0,10,10,10,10,0,10,10,10
project/sim_ext.py --sim-time 1.5 --seq-graph project/file/graph_15_nodes.json --traffic project/file/traffic_15_nodes_net.json --inspection-rate 0.001 --mess-rate 0.002 --algorithm centflow,1.0896340279113623,10,10,10,10,10,10,10,10,10,8,10,10,10,10,10,8,10,10,10,0,10,10,10,10,0,0,10,10,10,10,0,2,0,5,2,0,10,10,10,10,0,10,10,10
project/sim_ext.py --sim-time 1.5 --seq-graph project/file/graph_15_nodes.json --traffic project/file/traffic_15_nodes_net.json --inspection-rate 0.001 --mess-rate 0.002 --algorithm centflow,1.090755000001,10,10,10,10,10,10,10,10,10,8,10,10,10,10,10,9,10,10,10,0,10,10,10,10,0,0,10,10,10,10,0,0,1,8,6,1,10,10,10,10,2,10,10,10
project/sim_ext.py --sim-time 1.5 --seq-graph project/file/graph_15_nodes.json --traffic project/file/traffic_15_nodes_net.json --inspection-rate 0.001 --mess-rate 0.002 --algorithm centflow,1.0918323999969999,10,10,10,10,10,10,10,10,10,9,10,10,10,10,10,9,10,10,10,0,10,10,10,10,1,0,10,10,10,10,0,0,1,10,9,3,10,10,10,10,10,10,10,10
project/sim_ext.py --sim-time 1.5 --seq-graph project/file/graph_15_nodes.json --traffic project/file/traffic_15_nodes_net.json --inspection-rate 0.001 --mess-rate 0.002 --algorithm centflow,1.09295499991,10,10,10,10,10,10,10,10,10,10,10,10,10,10,10,10,10,10,10,0,10,10,10,10,1,0,10,10,10,10,0,0,5,10,10,0,10,10,10,10,10,10,10,10
project/sim_ext.py --sim-time 1.5 --seq-graph project/file/graph_15_nodes.json --traffic project/file/traffic_15_nodes_net.json --inspection-rate 0.001 --mess-rate 0.002 --algorithm centflow,1.094026059100988,10,10,10,10,10,10,10,10,10,10,10,10,10,10,10,10,10,10,10,0,10,10,10,10,2,0,10,10,10,10,0,0,5,0,0,0,10,10,10,10,10,10,10,10
project/sim_ext.py --sim-time 1.5 --seq-graph project/file/graph_15_nodes.json --traffic project/file/traffic_15_nodes_net.json --inspection-rate 0.001 --mess-rate 0.002 --algorithm centflow,1.0950409999969999,0,8,1,7,5,0,0,0,7,3,3,6,6,6,0,0,0,0,0,0,10,8,6,3,7,2,7,0,0,0,0,0,10,0,0,0,0,2,0,10,10,0,0,0
project/sim_ext.py --sim-time 1.5 --seq-graph project/file/graph_15_nodes.json --traffic project/file/traffic_15_nodes_net.json --inspection-rate 0.001 --mess-rate 0.002 --algorithm centflow,1.096041599997,0,1,0,0,0,2,0,1,0,0,0,5,0,1,1,0,1,0,1,0,8,0,0,0,0,0,0,3,0,0,1,0,10,0,1,0,2,0,0,5,10,2,2,0
project/sim_ext.py --sim-time 1.5 --seq-graph project/file/graph_15_nodes.json --traffic project/file/traffic_15_nodes_net.json --inspection-rate 0.001 --mess-rate 0.002 --algorithm centflow,1.0970678418174216,0,2,0,0,0,4,0,1,5,1,0,0,0,0,0,0,0,0,0,6,0,0,3,0,4,0,0,0,4,0,1,0,10,6,0,0,0,0,0,0,10,6,0,1
project/sim_ext.py --sim-time 1.5 --seq-graph project/file/graph_15_nodes.json --traffic project/file/traffic_15_nodes_net.json --inspection-rate 0.001 --mess-rate 0.002 --algorithm centflow,1.098116000001,0,7,0,4,1,3,0,0,10,0,0,4,2,4,0,0,0,1,0,7,0,0,6,0,6,0,0,0,0,0,3,0,10,10,0,1,0,0,0,0,10,0,0,0
project/sim_ext.py --sim-time 1.5 --seq-graph project/file/graph_15_nodes.json --traffic project/file/traffic_15_nodes_net.json --inspection-rate 0.001 --mess-rate 0.002 --algorithm centflow,1.099203199997,0,10,0,9,0,3,1,1,10,0,0,0,0,5,1,0,0,0,0,9,2,0,10,0,8,0,3,0,0,0,4,0,10,10,0,2,0,6,8,1,10,2,4,4
project/sim_ext.py --sim-time 1.5 --seq-graph project/file/graph_15_nodes.json --traffic project/file/traffic_15_nodes_net.json --inspection-rate 0.001 --mess-rate 0.002 --algorithm centflow,1.100216000001,0,10,0,10,1,6,3,0,10,0,2,0,0,6,0,0,2,2,0,10,2,2,10,0,8,0,0,0,2,2,6,1,10,10,1,0,8,10,10,2,10,9,9,9
project/sim_ext.py --sim-time 1.5 --seq-graph project/file/graph_15_nodes.json --traffic project/file/traffic_15_nodes_net.json --inspection-rate 0.001 --mess-rate 0.002 --algorithm centflow,1.101244000001,0,10,2,10,2,8,2,0,10,0,4,1,0,6,0,0,4,4,0,10,2,5,10,0,9,0,0,1,0,2,9,1,10,10,1,0,10,10,10,8,10,10,10,10
project/sim_ext.py --sim-time 1.5 --seq-graph project/file/graph_15_nodes.json --traffic project/file/traffic_15_nodes_net.json --inspection-rate 0.001 --mess-rate 0.002 --algorithm centflow,1.102259723620403,0,10,3,10,2,10,6,0,10,0,5,1,0,9,0,0,6,0,0,10,2,7,10,0,10,0,2,4,1,2,9,1,10,10,2,0,9,10,10,10,10,10,10,10
project/sim_ext.py --sim-time 1.5 --seq-graph project/file/graph_15_nodes.json --traffic project/file/traffic_15_nodes_net.json --inspection-rate 0.001 --mess-rate 0.002 --algorithm centflow,1.103332000001,0,10,3,10,2,10,10,0,10,0,6,2,2,10,0,0,9,0,0,10,3,9,10,0,10,0,2,4,3,5,10,1,10,10,4,0,10,10,10,10,10,10,10,10
project/sim_ext.py --sim-time 1.5 --seq-graph project/file/graph_15_nodes.json --traffic project/file/traffic_15_nodes_net.json --inspection-rate 0.001 --mess-rate 0.002 --algorithm centflow,1.1046144250310248,0,10,0,10,4,10,0,0,10,0,8,9,4,10,0,0,10,1,0,10,8,10,10,3,10,0,3,6,7,0,10,0,10,10,7,1,10,10,10,10,10,10,10,10
project/sim_ext.py --sim-time 1.5 --seq-graph project/file/graph_15_nodes.json --traffic project/file/traffic_15_nodes_net.json --inspection-rate 0.001 --mess-rate 0.002 --algorithm centflow,1.1056780224793608,0,10,0,10,7,0,2,0,10,0,10,10,7,10,0,1,10,2,0,10,9,10,10,3,10,0,7,10,9,0,10,0,10,10,0,0,10,10,10,10,10,10,10,10
project/sim_ext.py --sim-time 1.5 --seq-graph project/file/graph_15_nodes.json --traffic project/file/traffic_15_nodes_net.json --inspection-rate 0.001 --mess-rate 0.002 --algorithm centflow,1.1067101956290022,0,10,0,10,9,1,5,0,10,0,10,10,7,10,0,0,10,3,1,10,10,10,10,6,10,0,7,10,10,0,10,1,10,10,0,0,10,10,10,10,10,10,10,10
project/sim_ext.py --sim-time 1.5 --seq-graph project/file/graph_15_nodes.json --traffic project/file/traffic_15_nodes_net.json --inspection-rate 0.001 --mess-rate 0.002 --algorithm centflow,1.107768000001,1,10,0,10,9,0,8,0,10,2,10,10,9,10,0,0,10,3,0,10,10,10,10,9,10,0,9,10,10,0,10,0,10,10,1,1,10,10,10,10,10,10,10,10
project/sim_ext.py --sim-time 1.5 --seq-graph project/file/graph_15_nodes.json --traffic project/file/traffic_15_nodes_net.json --inspection-rate 0.001 --mess-rate 0.002 --algorithm centflow,1.108814999902,0,10,2,10,10,3,9,1,10,3,10,10,9,10,1,0,10,5,0,10,10,10,10,10,10,0,10,10,10,0,10,0,10,10,2,4,10,10,10,10,10,10,10,10
project/sim_ext.py --sim-time 1.5 --seq-graph project/file/graph_15_nodes.json --traffic project/file/traffic_15_nodes_net.json --inspection-rate 0.001 --mess-rate 0.002 --algorithm centflow,1.1098168506850634,0,10,4,10,10,0,10,0,10,3,10,10,9,10,1,0,10,8,0,10,10,10,10,10,10,1,10,10,10,0,10,0,10,10,0,5,10,10,10,10,10,10,10,10
project/sim_ext.py --sim-time 1.5 --seq-graph project/file/graph_15_nodes.json --traffic project/file/traffic_15_nodes_net.json --inspection-rate 0.001 --mess-rate 0.002 --algorithm centflow,1.110817000001,0,10,6,10,10,0,10,0,10,3,10,10,10,10,2,0,10,9,0,10,10,10,10,10,10,2,10,10,10,1,10,0,10,10,0,0,10,10,10,10,10,10,10,10
project/sim_ext.py --sim-time 1.5 --seq-graph project/file/graph_15_nodes.json --traffic project/file/traffic_15_nodes_net.json --inspection-rate 0.001 --mess-rate 0.002 --algorithm centflow,1.111821000001,0,10,9,10,10,0,10,0,10,3,10,10,10,10,3,0,10,10,1,10,10,10,10,10,10,0,10,10,10,0,10,0,10,10,0,1,10,10,10,10,10,10,10,10
project/sim_ext.py --sim-time 1.5 --seq-graph project/file/graph_15_nodes.json --traffic project/file/traffic_15_nodes_net.json --inspection-rate 0.001 --mess-rate 0.002 --algorithm centflow,1.112872448835395,0,10,10,10,10,1,10,0,10,3,10,10,10,10,4,0,10,10,0,10,10,10,10,10,10,0,10,10,10,1,10,0,10,10,0,1,10,10,10,10,10,10,10,10
project/sim_ext.py --sim-time 1.5 --seq-graph project/file/graph_15_nodes.json --traffic project/file/traffic_15_nodes_net.json --inspection-rate 0.001 --mess-rate 0.002 --algorithm centflow,1.113933799997,0,10,10,10,10,4,10,0,10,3,10,10,10,10,4,2,10,10,0,10,10,10,10,10,10,0,10,10,10,0,10,0,10,10,0,1,10,10,10,10,10,10,10,10
project/sim_ext.py --sim-time 1.5 --seq-graph project/file/graph_15_nodes.json --traffic project/file/traffic_15_nodes_net.json --inspection-rate 0.001 --mess-rate 0.002 --algorithm centflow,1.1149588213691481,1,10,10,10,10,5,10,2,10,3,10,10,10,10,5,2,10,10,0,10,10,10,10,10,10,0,10,10,10,0,10,0,10,10,0,0,10,10,10,10,10,10,10,10
project/sim_ext.py --sim-time 1.5 --seq-graph project/file/graph_15_nodes.json --traffic project/file/traffic_15_nodes_net.json --inspection-rate 0.001 --mess-rate 0.002 --algorithm centflow,1.116029000001,2,10,10,10,10,8,10,4,10,4,10,10,10,10,8,4,10,10,0,10,10,10,10,10,10,0,10,10,10,2,10,0,10,10,0,0,10,10,10,10,10,10,10,10
project/sim_ext.py --sim-time 1.5 --seq-graph project/file/graph_15_nodes.json --traffic project/file/traffic_15_nodes_net.json --inspection-rate 0.001 --mess-rate 0.002 --algorithm centflow,1.117071000001,2,10,10,10,10,9,10,9,10,4,10,10,10,10,9,4,10,10,1,10,10,10,10,10,10,1,10,10,10,0,10,0,10,10,0,0,10,10,10,10,10,10,10,10
project/sim_ext.py --sim-time 1.5 --seq-graph project/file/graph_15_nodes.json --traffic project/file/traffic_15_nodes_net.json --inspection-rate 0.001 --mess-rate 0.002 --algorithm centflow,1.11812499991,2,10,10,10,10,9,10,10,10,5,10,10,10,10,9,4,10,10,1,10,10,10,10,10,10,0,10,10,10,0,10,0,10,10,0,1,10,10,10,10,10,10,10,10
project/sim_ext.py --sim-time 1.5 --seq-graph project/file/graph_15_nodes.json --traffic project/file/traffic_15_nodes_net.json --inspection-rate 0.001 --mess-rate 0.002 --algorithm centflow,1.119207399997,2,10,10,10,10,10,10,10,10,5,10,10,10,10,10,4,10,10,1,10,10,10,10,10,10,0,10,10,10,0,10,0,10,10,0,0,10,10,10,10,10,10,10,10
project/sim_ext.py --sim-time 1.5 --seq-graph project/file/graph_15_nodes.json --traffic project/file/traffic_15_nodes_net.json --inspection-rate 0.001 --mess-rate 0.002 --algorithm centflow,1.1203249999059999,2,10,10,10,10,10,10,10,10,6,10,10,10,10,10,5,10,10,1,10,10,10,10,10,10,0,10,10,10,0,10,0,10,10,0,0,10,10,10,10,10,10,10,10
project/sim_ext.py --sim-time 1.5 --seq-graph project/file/graph_15_nodes.json --traffic project/file/traffic_15_nodes_net.json --inspection-rate 0.001 --mess-rate 0.002 --algorithm centflow,1.1213925305309689,3,10,10,10,10,10,10,10,10,6,10,10,10,10,10,8,10,10,2,10,10,10,10,10,10,0,10,10,10,0,10,0,10,10,1,0,10,10,10,10,10,10,10,10
project/sim_ext.py --sim-time 1.5 --seq-graph project/file/graph_15_nodes.json --traffic project/file/traffic_15_nodes_net.json --inspection-rate 0.001 --mess-rate 0.002 --algorithm centflow,1.122414000001,5,10,10,10,10,10,10,10,10,6,10,10,10,10,10,8,10,10,4,10,10,10,10,10,10,0,10,10,10,1,10,0,10,10,2,0,10,10,10,10,10,10,10,10
project/sim_ext.py --sim-time 1.5 --seq-graph project/file/graph_15_nodes.json --traffic project/file/traffic_15_nodes_net.json --inspection-rate 0.001 --mess-rate 0.002 --algorithm centflow,1.123506000001,5,10,10,10,10,10,10,10,10,6,10,10,10,10,10,9,10,10,4,10,10,10,10,10,10,0,10,10,10,3,10,2,10,10,3,0,10,10,10,10,10,10,10,10
project/sim_ext.py --sim-time 1.5 --seq-graph project/file/graph_15_nodes.json --traffic project/file/traffic_15_nodes_net.json --inspection-rate 0.001 --mess-rate 0.002 --algorithm centflow,1.1245704412578417,7,10,10,10,10,10,10,10,10,7,10,10,10,10,10,9,10,10,4,10,10,10,10,10,10,0,10,10,10,5,10,0,10,10,4,0,10,10,10,10,10,10,10,10
project/sim_ext.py --sim-time 1.5 --seq-graph project/file/graph_15_nodes.json --traffic project/file/traffic_15_nodes_net.json --inspection-rate 0.001 --mess-rate 0.002 --algorithm centflow,1.1255839999969999,3,8,4,9,9,3,2,2,10,4,4,8,7,8,5,2,9,3,0,7,10,9,9,5,6,0,7,8,5,0,5,0,8,4,0,0,3,5,3,10,6,5,2,4
project/sim_ext.py --sim-time 1.5 --seq-graph project/file/graph_15_nodes.json --traffic project/file/traffic_15_nodes_net.json --inspection-rate 0.001 --mess-rate 0.002 --algorithm centflow,1.1265993999969999,0,2,0,0,0,0,3,0,0,0,0,7,0,1,0,1,0,0,0,0,10,2,0,0,1,3,0,0,0,0,0,0,0,0,0,0,0,0,0,10,2,2,0,0
project/sim_ext.py --sim-time 1.5 --seq-graph project/file/graph_15_nodes.json --traffic project/file/traffic_15_nodes_net.json --inspection-rate 0.001 --mess-rate 0.002 --algorithm centflow,1.127631999997,0,0,0,0,0,3,0,2,2,1,1,9,2,0,0,0,0,0,0,0,10,0,4,0,0,0,0,0,0,0,1,0,1,0,0,1,1,0,3,10,0,0,0,0
project/sim_ext.py --sim-time 1.5 --seq-graph project/file/graph_15_nodes.json --traffic project/file/traffic_15_nodes_net.json --inspection-rate 0.001 --mess-rate 0.002 --algorithm centflow,1.128700000001,0,2,0,0,0,5,3,0,10,0,0,3,0,0,1,0,0,0,2,0,10,0,10,0,1,0,1,0,0,0,0,0,0,0,0,2,0,0,0,10,3,2,0,0
project/sim_ext.py --sim-time 1.5 --seq-graph project/file/graph_15_nodes.json --traffic project/file/traffic_15_nodes_net.json --inspection-rate 0.001 --mess-rate 0.002 --algorithm centflow,1.129705599997,0,10,0,4,2,2,5,1,10,0,0,0,0,1,0,0,4,0,0,0,10,1,10,0,0,0,2,0,4,1,0,0,3,1,2,0,6,5,1,10,2,3,3,0
project/sim_ext.py --sim-time 1.5 --seq-graph project/file/graph_15_nodes.json --traffic project/file/traffic_15_nodes_net.json --inspection-rate 0.001 --mess-rate 0.002 --algorithm centflow,1.130720000001,0,10,0,10,4,0,0,0,10,0,1,0,0,9,0,1,5,0,0,0,10,7,10,3,2,0,4,0,1,0,0,0,5,0,4,0,10,10,8,10,7,6,6,0
project/sim_ext.py --sim-time 1.5 --seq-graph project/file/graph_15_nodes.json --traffic project/file/traffic_15_nodes_net.json --inspection-rate 0.001 --mess-rate 0.002 --algorithm centflow,1.131874000001,0,10,0,10,7,0,3,0,10,0,1,0,1,10,0,0,5,0,0,1,10,10,10,5,0,0,5,0,1,1,0,1,9,0,7,0,10,10,10,10,10,10,10,5
project/sim_ext.py --sim-time 1.5 --seq-graph project/file/graph_15_nodes.json --traffic project/file/traffic_15_nodes_net.json --inspection-rate 0.001 --mess-rate 0.002 --algorithm centflow,1.132881999997,0,10,0,10,10,0,6,0,10,0,2,1,1,10,1,0,8,2,0,0,10,10,10,0,0,0,5,0,5,1,0,1,10,0,9,0,10,10,10,10,10,10,10,10
project/sim_ext.py --sim-time 1.5 --seq-graph project/file/graph_15_nodes.json --traffic project/file/traffic_15_nodes_net.json --inspection-rate 0.001 --mess-rate 0.002 --algorithm centflow,1.133886799997,0,10,0,10,10,0,8,3,10,0,6,1,3,10,0,0,10,0,0,0,10,10,10,0,0,0,8,0,9,0,0,0,10,3,9,1,10,10,10,10,10,10,10,10
project/sim_ext.py --sim-time 1.5 --seq-graph project/file/graph_15_nodes.json --traffic project/file/traffic_15_nodes_net.json --inspection-rate 0.001 --mess-rate 0.002 --algorithm centflow,1.1349592408686924,0,10,0,10,10,0,0,3,10,0,6,3,5,10,1,0,10,0,0,2,10,10,10,4,0,0,9,0,10,0,1,0,10,6,10,1,10,10,10,10,10,10,10,10
project/sim_ext.py --sim-time 1.5 --seq-graph project/file/graph_15_nodes.json --traffic project/file/traffic_15_nodes_net.json --inspection-rate 0.001 --mess-rate 0.002 --algorithm centflow,1.136009599997,0,10,0,10,10,0,1,4,10,0,8,8,10,10,0,0,10,0,3,5,10,10,10,6,1,0,9,1,10,0,0,0,10,10,10,0,10,10,10,10,10,10,10,10
project/sim_ext.py --sim-time 1.5 --seq-graph project/file/graph_15_nodes.json --traffic project/file/traffic_15_nodes_net.json --inspection-rate 0.001 --mess-rate 0.002 --algorithm centflow,1.137091199997,0,10,1,10,10,0,0,0,10,0,9,10,10,10,6,1,10,0,2,10,2,10,10,0,0,0,10,2,10,0,0,0,10,10,0,0,10,10,10,3,10,10,10,10
project/sim_ext.py --sim-time 1.5 --seq-graph project/file/graph_15_nodes.json --traffic project/file/traffic_15_nodes_net.json --inspection-rate 0.001 --mess-rate 0.002 --algorithm centflow,1.138245503511753,0,10,3,10,10,0,0,0,10,0,10,10,10,10,7,0,10,2,0,10,0,10,10,0,0,0,10,7,10,1,0,0,10,10,0,0,10,10,10,0,10,10,10,10
project/sim_ext.py --sim-time 1.5 --seq-graph project/file/graph_15_nodes.json --traffic project/file/traffic_15_nodes_net.json --inspection-rate 0.001 --mess-rate 0.002 --algorithm centflow,1.139262000001,1,10,5,10,10,0,0,0,10,0,10,10,10,10,9,2,10,6,0,10,0,10,10,3,5,0,10,7,10,3,0,0,10,10,0,0,10,10,10,0,10,10,10,10
project/sim_ext.py --sim-time 1.5 --seq-graph project/file/graph_15_nodes.json --traffic project/file/traffic_15_nodes_net.json --inspection-rate 0.001 --mess-rate 0.002 --algorithm centflow,1.140367053393308,0,10,5,10,10,2,0,2,10,0,10,10,10,10,9,0,10,8,0,10,0,10,10,5,0,0,10,10,10,0,0,0,10,10,0,0,10,10,10,1,10,10,10,10
project/sim_ext.py --sim-time 1.5 --seq-graph project/file/graph_15_nodes.json --traffic project/file/traffic_15_nodes_net.json --inspection-rate 0.001 --mess-rate 0.002 --algorithm centflow,1.141368399997,0,10,7,10,10,3,0,0,10,0,10,10,10,10,10,0,10,10,0,10,0,10,10,5,0,0,10,10,10,0,2,0,10,10,3,0,10,10,10,2,10,10,10,10
project/sim_ext.py --sim-time 1.5 --seq-graph project/file/graph_15_nodes.json --traffic project/file/traffic_15_nodes_net.json --inspection-rate 0.001 --mess-rate 0.002 --algorithm centflow,1.1425122534068783,0,10,10,10,10,5,1,0,10,0,10,10,10,10,10,0,10,10,2,10,0,10,10,5,4,0,10,10,10,0,4,1,10,10,0,0,10,10,10,0,10,10,10,10
project/sim_ext.py --sim-time 1.5 --seq-graph project/file/graph_15_nodes.json --traffic project/file/traffic_15_nodes_net.json --inspection-rate 0.001 --mess-rate 0.002 --algorithm centflow,1.1435188306998885,0,10,10,10,10,9,2,3,10,0,10,10,10,10,10,0,10,10,2,10,2,10,10,6,4,0,10,10,10,0,7,0,10,10,1,0,10,10,10,10,10,10,10,10
project/sim_ext.py --sim-time 1.5 --seq-graph project/file/graph_15_nodes.json --traffic project/file/traffic_15_nodes_net.json --inspection-rate 0.001 --mess-rate 0.002 --algorithm centflow,1.144552022122358,0,10,10,10,10,4,5,4,10,0,10,10,10,10,10,0,10,10,2,10,2,10,10,7,5,0,10,10,10,0,9,0,10,10,2,1,10,10,10,10,10,10,10,10
project/sim_ext.py --sim-time 1.5 --seq-graph project/file/graph_15_nodes.json --traffic project/file/traffic_15_nodes_net.json --inspection-rate 0.001 --mess-rate 0.002 --algorithm centflow,1.145561000001,2,10,10,10,10,9,9,6,10,0,10,10,10,10,10,0,10,10,1,10,3,10,10,8,6,0,10,10,10,0,9,0,10,10,0,0,10,10,10,10,10,10,10,10
project/sim_ext.py --sim-time 1.5 --seq-graph project/file/graph_15_nodes.json --traffic project/file/traffic_15_nodes_net.json --inspection-rate 0.001 --mess-rate 0.002 --algorithm centflow,1.146638000001,2,10,10,10,10,10,10,6,10,0,10,10,10,10,10,0,10,10,2,10,4,10,10,10,6,0,10,10,10,1,9,0,10,10,0,0,10,10,10,10,10,10,10,10
project/sim_ext.py --sim-time 1.5 --seq-graph project/file/graph_15_nodes.json --traffic project/file/traffic_15_nodes_net.json --inspection-rate 0.001 --mess-rate 0.002 --algorithm centflow,1.1476391813104156,2,10,10,10,10,10,10,10,10,1,10,10,10,10,10,1,10,10,3,10,4,10,10,10,6,0,10,10,10,4,10,0,10,10,0,0,10,10,10,10,10,10,10,10
project/sim_ext.py --sim-time 1.5 --seq-graph project/file/graph_15_nodes.json --traffic project/file/traffic_15_nodes_net.json --inspection-rate 0.001 --mess-rate 0.002 --algorithm centflow,1.148670799997,2,10,10,10,10,10,10,10,10,2,10,10,10,10,10,1,10,10,4,10,5,10,10,10,6,1,10,10,10,7,10,0,10,10,0,0,10,10,10,10,10,10,10,10
project/sim_ext.py --sim-time 1.5 --seq-graph project/file/graph_15_nodes.json --traffic project/file/traffic_15_nodes_net.json --inspection-rate 0.001 --mess-rate 0.002 --algorithm centflow,1.149671000001,2,10,10,10,10,10,10,10,10,3,10,10,10,10,10,1,10,10,5,10,5,10,10,10,6,2,10,10,10,10,10,0,10,10,0,0,10,10,10,10,10,10,10,10
project/sim_ext.py --sim-time 1.5 --seq-graph project/file/graph_15_nodes.json --traffic project/file/traffic_15_nodes_net.json --inspection-rate 0.001 --mess-rate 0.002 --algorithm centflow,1.1507311156587299,2,10,10,10,10,10,10,10,10,3,10,10,10,10,10,3,10,10,6,10,7,10,10,10,7,2,10,10,10,10,10,0,10,10,0,0,10,10,10,10,10,10,10,10
project/sim_ext.py --sim-time 1.5 --seq-graph project/file/graph_15_nodes.json --traffic project/file/traffic_15_nodes_net.json --inspection-rate 0.001 --mess-rate 0.002 --algorithm centflow,1.151790949620611,2,10,10,10,10,10,10,10,10,3,10,10,10,10,10,3,10,10,6,10,7,10,10,10,8,2,10,10,10,10,10,0,10,10,0,0,10,10,10,10,10,10,10,10
project/sim_ext.py --sim-time 1.5 --seq-graph project/file/graph_15_nodes.json --traffic project/file/traffic_15_nodes_net.json --inspection-rate 0.001 --mess-rate 0.002 --algorithm centflow,1.1528300000009999,2,10,10,10,10,10,10,10,10,3,10,10,10,10,10,4,10,10,6,10,7,10,10,10,10,0,10,10,10,10,10,0,10,10,0,1,10,10,10,10,10,10,10,10
project/sim_ext.py --sim-time 1.5 --seq-graph project/file/graph_15_nodes.json --traffic project/file/traffic_15_nodes_net.json --inspection-rate 0.001 --mess-rate 0.002 --algorithm centflow,1.153876000001,2,10,10,10,10,10,10,10,10,3,10,10,10,10,10,5,10,10,7,10,7,10,10,10,10,0,10,10,10,10,10,0,10,10,4,2,10,10,10,10,10,10,10,10
project/sim_ext.py --sim-time 1.5 --seq-graph project/file/graph_15_nodes.json --traffic project/file/traffic_15_nodes_net.json --inspection-rate 0.001 --mess-rate 0.002 --algorithm centflow,1.154924999902,2,10,10,10,10,10,10,10,10,4,10,10,10,10,10,5,10,10,8,10,7,10,10,10,10,0,10,10,10,10,10,0,10,10,6,0,10,10,10,10,10,10,10,10
project/sim_ext.py --sim-time 1.5 --seq-graph project/file/graph_15_nodes.json --traffic project/file/traffic_15_nodes_net.json --inspection-rate 0.001 --mess-rate 0.002 --algorithm centflow,1.156143999997,2,10,8,9,10,10,7,7,10,4,8,9,9,8,8,3,9,7,5,9,10,10,10,8,7,0,9,10,8,8,8,2,9,8,7,0,8,8,8,10,7,8,10,8
project/sim_ext.py --sim-time 1.5 --seq-graph project/file/graph_15_nodes.json --traffic project/file/traffic_15_nodes_net.json --inspection-rate 0.001 --mess-rate 0.002 --algorithm centflow,1.1571687228312935,9,10,0,0,0,10,1,1,10,0,0,0,0,1,0,0,0,0,1,0,10,10,0,0,1,1,0,0,1,0,0,2,0,0,0,0,0,2,0,10,1,5,10,3
project/sim_ext.py --sim-time 1.5 --seq-graph project/file/graph_15_nodes.json --traffic project/file/traffic_15_nodes_net.json --inspection-rate 0.001 --mess-rate 0.002 --algorithm centflow,1.158179199997,10,10,2,0,0,10,0,5,10,0,0,0,1,0,0,0,0,0,0,0,10,10,3,2,0,3,0,0,0,0,4,2,0,2,0,0,4,0,0,10,0,0,10,1
project/sim_ext.py --sim-time 1.5 --seq-graph project/file/graph_15_nodes.json --traffic project/file/traffic_15_nodes_net.json --inspection-rate 0.001 --mess-rate 0.002 --algorithm centflow,1.159211000001,10,10,0,0,0,10,0,0,10,0,2,0,0,0,1,0,0,0,0,3,10,10,0,3,0,0,0,0,0,0,0,0,0,0,0,0,0,0,1,10,0,0,10,4
project/sim_ext.py --sim-time 1.5 --seq-graph project/file/graph_15_nodes.json --traffic project/file/traffic_15_nodes_net.json --inspection-rate 0.001 --mess-rate 0.002 --algorithm centflow,1.160274000001,10,10,0,0,0,10,2,0,10,0,5,0,0,0,1,0,0,2,0,0,10,10,4,0,0,0,0,3,0,0,0,0,0,3,0,1,5,4,0,10,2,4,10,2
project/sim_ext.py --sim-time 1.5 --seq-graph project/file/graph_15_nodes.json --traffic project/file/traffic_15_nodes_net.json --inspection-rate 0.001 --mess-rate 0.002 --algorithm centflow,1.1613763304480005,10,10,0,1,0,10,3,0,10,0,0,0,0,0,3,0,0,0,0,1,10,10,9,3,0,0,0,7,0,0,0,2,4,0,0,0,0,2,4,10,10,10,10,9
project/sim_ext.py --sim-time 1.5 --seq-graph project/file/graph_15_nodes.json --traffic project/file/traffic_15_nodes_net.json --inspection-rate 0.001 --mess-rate 0.002 --algorithm centflow,1.1624333051725895,10,10,1,2,2,10,8,1,10,0,1,3,1,0,0,0,1,0,1,0,10,10,10,2,0,0,0,9,2,0,1,2,7,0,0,0,0,10,1,10,10,9,10,10
project/sim_ext.py --sim-time 1.5 --seq-graph project/file/graph_15_nodes.json --traffic project/file/traffic_15_nodes_net.json --inspection-rate 0.001 --mess-rate 0.002 --algorithm centflow,1.163436000001,10,10,0,2,2,10,0,0,10,0,2,7,2,1,2,0,2,0,0,0,10,10,10,0,1,0,2,10,7,1,0,0,9,3,2,1,3,10,9,10,10,10,10,10
project/sim_ext.py --sim-time 1.5 --seq-graph project/file/graph_15_nodes.json --traffic project/file/traffic_15_nodes_net.json --inspection-rate 0.001 --mess-rate 0.002 --algorithm centflow,1.164442000001,10,10,1,5,5,10,0,0,10,1,5,9,3,2,0,0,5,0,0,1,10,10,10,1,0,0,5,10,7,0,0,0,10,1,4,0,8,10,10,10,10,10,10,10
project/sim_ext.py --sim-time 1.5 --seq-graph project/file/graph_15_nodes.json --traffic project/file/traffic_15_nodes_net.json --inspection-rate 0.001 --mess-rate 0.002 --algorithm centflow,1.165520000001,10,10,4,6,6,10,0,0,10,2,9,10,3,3,2,0,8,0,0,1,10,10,10,0,2,0,7,10,10,0,0,0,10,6,8,0,10,10,10,10,10,10,10,10
project/sim_ext.py --sim-time 1.5 --seq-graph project/file/graph_15_nodes.json --traffic project/file/traffic_15_nodes_net.json --inspection-rate 0.001 --mess-rate 0.002 --algorithm centflow,1.166543999997,2,3,6,10,10,3,0,1,3,0,10,10,5,7,5,0,10,2,3,4,10,2,10,0,0,0,7,10,10,0,2,0,10,10,10,0,10,10,10,10,10,10,3,10
project/sim_ext.py --sim-time 1.5 --seq-graph project/file/graph_15_nodes.json --traffic project/file/traffic_15_nodes_net.json --inspection-rate 0.001 --mess-rate 0.002 --algorithm centflow,1.167546599997,1,0,10,10,10,0,0,0,0,0,10,10,6,7,8,1,10,0,6,4,10,0,10,1,0,0,10,10,10,0,0,0,10,10,0,0,10,10,10,10,10,10,4,10
project/sim_ext.py --sim-time 1.5 --seq-graph project/file/graph_15_nodes.json --traffic project/file/traffic_15_nodes_net.json --inspection-rate 0.001 --mess-rate 0.002 --algorithm centflow,1.1686015461585222,0,0,10,10,10,1,0,0,0,0,10,10,9,8,10,0,10,1,0,4,10,0,10,1,0,1,10,10,10,0,0,1,10,10,0,0,10,10,10,10,10,10,0,10
project/sim_ext.py --sim-time 1.5 --seq-graph project/file/graph_15_nodes.json --traffic project/file/traffic_15_nodes_net.json --inspection-rate 0.001 --mess-rate 0.002 --algorithm centflow,1.1696017914413848,0,0,10,10,10,3,0,0,0,0,10,10,10,9,10,0,10,3,0,4,10,1,10,2,0,1,10,10,10,2,2,0,10,10,0,0,10,10,10,10,10,10,0,10
project/sim_ext.py --sim-time 1.5 --seq-graph project/file/graph_15_nodes.json --traffic project/file/traffic_15_nodes_net.json --inspection-rate 0.001 --mess-rate 0.002 --algorithm centflow,1.170634000001,0,0,10,10,10,6,0,2,0,0,10,10,10,10,10,0,10,4,0,5,10,0,10,3,0,0,10,10,10,0,0,0,10,10,2,0,10,10,10,10,10,10,5,10
project/sim_ext.py --sim-time 1.5 --seq-graph project/file/graph_15_nodes.json --traffic project/file/traffic_15_nodes_net.json --inspection-rate 0.001 --mess-rate 0.002 --algorithm centflow,1.1716670000009999,0,1,10,10,10,0,1,0,0,0,10,10,10,10,10,1,10,4,5,6,10,0,10,6,0,0,10,10,10,0,0,0,10,10,3,1,10,10,10,10,10,10,0,10
project/sim_ext.py --sim-time 1.5 --seq-graph project/file/graph_15_nodes.json --traffic project/file/traffic_15_nodes_net.json --inspection-rate 0.001 --mess-rate 0.002 --algorithm centflow,1.1726943999969999,0,2,10,10,10,0,4,0,0,0,10,10,10,10,10,1,10,10,2,8,10,0,10,9,0,0,10,10,10,0,0,0,10,10,3,1,10,10,10,10,10,10,0,10
project/sim_ext.py --sim-time 1.5 --seq-graph project/file/graph_15_nodes.json --traffic project/file/traffic_15_nodes_net.json --inspection-rate 0.001 --mess-rate 0.002 --algorithm centflow,1.173728000001,0,0,10,10,10,2,5,0,0,1,10,10,10,10,10,2,10,10,9,10,0,0,10,9,0,0,10,10,10,3,0,0,10,10,0,2,10,10,10,0,10,10,0,10
project/sim_ext.py --sim-time 1.5 --seq-graph project/file/graph_15_nodes.json --traffic project/file/traffic_15_nodes_net.json --inspection-rate 0.001 --mess-rate 0.002 --algorithm centflow,1.1747409433976836,1,0,10,10,10,0,6,0,1,2,10,10,10,10,10,3,10,10,9,10,0,0,10,9,0,2,10,10,10,4,2,0,10,10,0,3,10,10,10,0,10,10,5,10
project/sim_ext.py --sim-time 1.5 --seq-graph project/file/graph_15_nodes.json --traffic project/file/traffic_15_nodes_net.json --inspection-rate 0.001 --mess-rate 0.002 --algorithm centflow,1.175770000001,0,2,10,10,10,3,8,1,0,3,10,10,10,10,10,1,10,10,10,10,0,1,10,10,3,2,10,10,10,4,3,0,10,10,0,4,10,10,10,0,10,10,10,10
project/sim_ext.py --sim-time 1.5 --seq-graph project/file/graph_15_nodes.json --traffic project/file/traffic_15_nodes_net.json --inspection-rate 0.001 --mess-rate 0.002 --algorithm centflow,1.176808000001,0,0,10,10,10,8,8,1,2,3,10,10,10,10,10,2,10,10,10,10,1,1,10,10,4,0,10,10,10,7,3,0,10,10,0,5,10,10,10,0,10,10,10,10
project/sim_ext.py --sim-time 1.5 --seq-graph project/file/graph_15_nodes.json --traffic project/file/traffic_15_nodes_net.json --inspection-rate 0.001 --mess-rate 0.002 --algorithm centflow,1.177938000001,0,0,10,10,10,10,10,4,0,3,10,10,10,10,10,3,10,10,10,10,0,2,10,10,5,0,10,10,10,8,7,0,10,10,2,5,10,10,10,0,10,10,10,10
project/sim_ext.py --sim-time 1.5 --seq-graph project/file/graph_15_nodes.json --traffic project/file/traffic_15_nodes_net.json --inspection-rate 0.001 --mess-rate 0.002 --algorithm centflow,1.179011108759321,0,0,10,10,10,10,10,6,0,4,10,10,10,10,10,3,10,10,10,10,0,4,10,10,7,0,10,10,10,9,10,0,10,10,3,0,10,10,10,3,10,10,10,10
project/sim_ext.py --sim-time 1.5 --seq-graph project/file/graph_15_nodes.json --traffic project/file/traffic_15_nodes_net.json --inspection-rate 0.001 --mess-rate 0.002 --algorithm centflow,1.180015000001,0,1,10,10,10,0,10,10,5,5,10,10,10,10,10,6,10,10,10,10,0,4,10,10,9,0,10,10,10,10,10,0,10,10,0,0,10,10,10,0,10,10,10,10
project/sim_ext.py --sim-time 1.5 --seq-graph project/file/graph_15_nodes.json --traffic project/file/traffic_15_nodes_net.json --inspection-rate 0.001 --mess-rate 0.002 --algorithm centflow,1.181016000001,0,3,10,10,10,0,10,10,8,6,10,10,10,10,10,6,10,10,10,10,0,5,10,10,10,0,10,10,10,10,10,0,10,10,0,0,10,10,10,6,10,10,10,10
project/sim_ext.py --sim-time 1.5 --seq-graph project/file/graph_15_nodes.json --traffic project/file/traffic_15_nodes_net.json --inspection-rate 0.001 --mess-rate 0.002 --algorithm centflow,1.182068000001,0,6,10,10,10,0,10,10,10,6,10,10,10,10,10,7,10,10,10,10,1,6,10,10,10,0,10,10,10,10,10,0,10,10,0,0,10,10,10,0,10,10,10,10
project/sim_ext.py --sim-time 1.5 --seq-graph project/file/graph_15_nodes.json --traffic project/file/traffic_15_nodes_net.json --inspection-rate 0.001 --mess-rate 0.002 --algorithm centflow,1.183171000001,0,10,10,10,10,1,10,10,10,6,10,10,10,10,10,8,10,10,10,10,1,7,10,10,10,0,10,10,10,10,10,0,10,10,0,0,10,10,10,9,10,10,10,10
project/sim_ext.py --sim-time 1.5 --seq-graph project/file/graph_15_nodes.json --traffic project/file/traffic_15_nodes_net.json --inspection-rate 0.001 --mess-rate 0.002 --algorithm centflow,1.184228000001,0,10,10,10,10,5,10,10,10,8,10,10,10,10,10,8,10,10,10,10,2,7,10,10,10,0,10,10,10,10,10,0,10,10,0,1,10,10,10,10,10,10,10,10
project/sim_ext.py --sim-time 1.5 --seq-graph project/file/graph_15_nodes.json --traffic project/file/traffic_15_nodes_net.json --inspection-rate 0.001 --mess-rate 0.002 --algorithm centflow,1.1853904181517967,0,10,10,10,10,7,10,10,10,8,10,10,10,10,10,9,10,10,10,10,2,7,10,10,10,0,10,10,10,10,10,0,10,10,0,2,10,10,10,10,10,10,10,10
project/sim_ext.py --sim-time 1.5 --seq-graph project/file/graph_15_nodes.json --traffic project/file/traffic_15_nodes_net.json --inspection-rate 0.001 --mess-rate 0.002 --algorithm centflow,1.1864096409402485,0,10,10,10,10,9,10,10,10,8,10,10,10,10,10,9,10,10,10,10,3,7,10,10,10,1,10,10,10,10,10,0,10,10,0,4,10,10,10,10,10,10,10,10
project/sim_ext.py --sim-time 1.5 --seq-graph project/file/graph_15_nodes.json --traffic project/file/traffic_15_nodes_net.json --inspection-rate 0.001 --mess-rate 0.002 --algorithm centflow,1.187429000001,0,10,10,10,10,10,10,10,10,10,10,10,10,10,10,9,10,10,10,10,3,7,10,10,10,2,10,10,10,10,10,0,10,10,0,4,10,10,10,10,10,10,10,10
project/sim_ext.py --sim-time 1.5 --seq-graph project/file/graph_15_nodes.json --traffic project/file/traffic_15_nodes_net.json --inspection-rate 0.001 --mess-rate 0.002 --algorithm centflow,1.188430000001,0,10,10,10,10,10,10,10,10,10,10,10,10,10,10,9,10,10,10,10,3,7,10,10,10,0,10,10,10,10,10,0,10,10,0,0,10,10,10,10,10,10,10,10
project/sim_ext.py --sim-time 1.5 --seq-graph project/file/graph_15_nodes.json --traffic project/file/traffic_15_nodes_net.json --inspection-rate 0.001 --mess-rate 0.002 --algorithm centflow,1.189469000001,0,10,10,10,10,10,10,10,10,10,10,10,10,10,10,10,10,10,10,10,4,9,10,10,10,0,10,10,10,10,10,0,10,10,0,0,10,10,10,10,10,10,10,10
project/sim_ext.py --sim-time 1.5 --seq-graph project/file/graph_15_nodes.json --traffic project/file/traffic_15_nodes_net.json --inspection-rate 0.001 --mess-rate 0.002 --algorithm centflow,1.190500000001,0,10,10,10,10,10,10,10,10,10,10,10,10,10,10,10,10,10,10,10,4,9,10,10,10,0,10,10,10,10,10,0,10,10,0,1,10,10,10,10,10,10,10,10
project/sim_ext.py --sim-time 1.5 --seq-graph project/file/graph_15_nodes.json --traffic project/file/traffic_15_nodes_net.json --inspection-rate 0.001 --mess-rate 0.002 --algorithm centflow,1.1916169999969999,0,10,10,10,10,10,10,10,10,10,10,10,10,10,10,10,10,10,10,10,4,9,10,10,10,0,10,10,10,10,10,0,10,10,0,2,10,10,10,10,10,10,10,10
project/sim_ext.py --sim-time 1.5 --seq-graph project/file/graph_15_nodes.json --traffic project/file/traffic_15_nodes_net.json --inspection-rate 0.001 --mess-rate 0.002 --algorithm centflow,1.192625000001,0,10,10,10,10,10,10,10,10,10,10,10,10,10,10,10,10,10,10,10,4,9,10,10,10,0,10,10,10,10,10,0,10,10,0,0,10,10,10,10,10,10,10,10
project/sim_ext.py --sim-time 1.5 --seq-graph project/file/graph_15_nodes.json --traffic project/file/traffic_15_nodes_net.json --inspection-rate 0.001 --mess-rate 0.002 --algorithm centflow,1.1936264593826127,1,10,10,10,10,0,10,10,10,10,10,10,10,10,10,10,10,10,10,10,4,9,10,10,10,0,10,10,10,10,10,0,10,10,0,0,10,10,10,10,10,10,10,10
project/sim_ext.py --sim-time 1.5 --seq-graph project/file/graph_15_nodes.json --traffic project/file/traffic_15_nodes_net.json --inspection-rate 0.001 --mess-rate 0.002 --algorithm centflow,1.1947189970837269,2,10,10,10,10,1,10,10,10,10,10,10,10,10,10,10,10,10,10,10,4,9,10,10,10,0,10,10,10,10,10,0,10,10,0,0,10,10,10,10,10,10,10,10
project/sim_ext.py --sim-time 1.5 --seq-graph project/file/graph_15_nodes.json --traffic project/file/traffic_15_nodes_net.json --inspection-rate 0.001 --mess-rate 0.002 --algorithm centflow,1.195727000001,2,10,10,10,10,4,10,10,10,10,10,10,10,10,10,10,10,10,10,10,4,9,10,10,10,0,10,10,10,10,10,0,10,10,5,0,10,10,10,10,10,10,10,10
project/sim_ext.py --sim-time 1.5 --seq-graph project/file/graph_15_nodes.json --traffic project/file/traffic_15_nodes_net.json --inspection-rate 0.001 --mess-rate 0.002 --algorithm centflow,1.1967400017947902,5,10,10,10,10,6,10,10,10,10,10,10,10,10,10,10,10,10,10,10,4,9,10,10,10,0,10,10,10,10,10,0,10,10,0,0,10,10,10,10,10,10,10,10
project/sim_ext.py --sim-time 1.5 --seq-graph project/file/graph_15_nodes.json --traffic project/file/traffic_15_nodes_net.json --inspection-rate 0.001 --mess-rate 0.002 --algorithm centflow,1.1977439999969999,0,7,0,5,0,3,0,0,2,0,0,0,0,3,0,0,0,0,1,0,10,1,0,0,0,2,1,0,0,0,1,2,3,0,0,0,1,0,0,10,0,0,1,0
project/sim_ext.py --sim-time 1.5 --seq-graph project/file/graph_15_nodes.json --traffic project/file/traffic_15_nodes_net.json --inspection-rate 0.001 --mess-rate 0.002 --algorithm centflow,1.198823399997,0,0,3,3,1,0,0,0,0,1,5,1,6,0,0,0,0,0,0,0,10,0,1,0,0,0,1,0,0,0,0,0,0,4,0,0,0,0,2,10,0,0,1,0
project/sim_ext.py --sim-time 1.5 --seq-graph project/file/graph_15_nodes.json --traffic project/file/traffic_15_nodes_net.json --inspection-rate 0.001 --mess-rate 0.002 --algorithm centflow,1.199881599997,0,4,2,5,0,1,0,0,10,1,3,0,0,2,0,0,0,1,0,2,10,0,6,0,1,0,0,0,0,0,0,0,0,0,0,1,3,0,0,10,0,8,6,5
project/sim_ext.py --sim-time 1.5 --seq-graph project/file/graph_15_nodes.json --traffic project/file/traffic_15_nodes_net.json --inspection-rate 0.001 --mess-rate 0.002 --algorithm centflow,1.200927000001,0,10,0,8,1,5,3,1,10,0,0,4,0,0,0,0,0,2,0,0,10,2,10,0,0,0,0,2,0,3,0,0,3,0,0,0,0,1,3,10,7,3,5,8
project/sim_ext.py --sim-time 1.5 --seq-graph project/file/graph_15_nodes.json --traffic project/file/traffic_15_nodes_net.json --inspection-rate 0.001 --mess-rate 0.002 --algorithm centflow,1.202092000001,0,10,0,9,3,5,0,2,10,0,0,3,4,7,3,0,0,0,0,0,10,9,10,0,2,0,0,2,1,4,0,0,9,1,2,0,4,5,10,10,10,9,10,10
project/sim_ext.py --sim-time 1.5 --seq-graph project/file/graph_15_nodes.json --traffic project/file/traffic_15_nodes_net.json --inspection-rate 0.001 --mess-rate 0.002 --algorithm centflow,1.203131000001,0,10,0,10,8,0,0,5,10,1,0,4,7,8,0,0,0,2,0,0,10,10,10,0,0,0,2,5,5,6,0,0,10,0,0,0,10,10,10,10,10,10,10,10
project/sim_ext.py --sim-time 1.5 --seq-graph project/file/graph_15_nodes.json --traffic project/file/traffic_15_nodes_net.json --inspection-rate 0.001 --mess-rate 0.002 --algorithm centflow,1.2041372673966235,0,10,1,10,10,0,0,0,10,0,0,5,8,9,0,2,0,0,0,1,10,10,10,0,0,0,4,6,8,6,1,0,10,0,0,0,10,10,10,10,10,10,10,10
project/sim_ext.py --sim-time 1.5 --seq-graph project/file/graph_15_nodes.json --traffic project/file/traffic_15_nodes_net.json --inspection-rate 0.001 --mess-rate 0.002 --algorithm centflow,1.205165799997,0,10,1,10,10,2,2,1,10,0,0,5,8,10,0,0,0,0,0,2,10,10,10,0,0,0,7,7,10,5,0,0,10,5,0,0,10,10,10,10,10,10,10,10
project/sim_ext.py --sim-time 1.5 --seq-graph project/file/graph_15_nodes.json --traffic project/file/traffic_15_nodes_net.json --inspection-rate 0.001 --mess-rate 0.002 --algorithm centflow,1.206189799997,0,10,0,10,10,6,0,0,10,0,0,8,10,10,0,0,0,0,0,3,10,10,10,1,1,1,10,9,10,0,0,0,10,8,0,0,10,10,10,10,10,10,10,10
project/sim_ext.py --sim-time 1.5 --seq-graph project/file/graph_15_nodes.json --traffic project/file/traffic_15_nodes_net.json --inspection-rate 0.001 --mess-rate 0.002 --algorithm centflow,1.207189999888,0,10,1,10,10,0,0,0,10,0,0,10,10,10,0,1,3,0,0,3,10,10,10,0,0,0,10,10,10,1,0,0,10,10,0,0,10,10,10,10,10,10,10,10
project/sim_ext.py --sim-time 1.5 --seq-graph project/file/graph_15_nodes.json --traffic project/file/traffic_15_nodes_net.json --inspection-rate 0.001 --mess-rate 0.002 --algorithm centflow,1.2082020000009999,0,10,2,10,10,1,0,3,10,0,2,10,10,10,3,0,5,1,0,3,10,10,10,2,0,0,10,10,10,0,0,0,10,10,0,2,10,10,10,10,10,10,10,10
project/sim_ext.py --sim-time 1.5 --seq-graph project/file/graph_15_nodes.json --traffic project/file/traffic_15_nodes_net.json --inspection-rate 0.001 --mess-rate 0.002 --algorithm centflow,1.2092674614652008,0,10,4,10,10,7,0,7,10,0,3,10,10,10,4,0,7,3,0,3,10,10,10,3,3,0,10,10,10,4,0,0,10,10,1,3,10,10,10,10,10,10,10,10
project/sim_ext.py --sim-time 1.5 --seq-graph project/file/graph_15_nodes.json --traffic project/file/traffic_15_nodes_net.json --inspection-rate 0.001 --mess-rate 0.002 --algorithm centflow,1.210314999895,1,10,8,10,10,0,0,7,10,0,3,10,10,10,6,0,9,7,0,3,10,10,10,5,4,0,10,10,10,7,3,0,10,10,0,0,10,10,10,10,10,10,10,10
project/sim_ext.py --sim-time 1.5 --seq-graph project/file/graph_15_nodes.json --traffic project/file/traffic_15_nodes_net.json --inspection-rate 0.001 --mess-rate 0.002 --algorithm centflow,1.2115055724533914,0,10,10,10,10,3,0,0,10,0,4,10,10,10,8,0,10,8,0,7,10,10,10,8,5,0,10,10,10,9,6,0,10,10,1,0,10,10,10,10,10,10,10,10
project/sim_ext.py --sim-time 1.5 --seq-graph project/file/graph_15_nodes.json --traffic project/file/traffic_15_nodes_net.json --inspection-rate 0.001 --mess-rate 0.002 --algorithm centflow,1.212624999895,0,10,10,10,10,5,0,1,10,0,9,10,10,10,10,0,10,8,0,9,10,10,10,9,6,0,10,10,10,0,7,1,10,10,2,0,10,10,10,10,10,10,10,10
project/sim_ext.py --sim-time 1.5 --seq-graph project/file/graph_15_nodes.json --traffic project/file/traffic_15_nodes_net.json --inspection-rate 0.001 --mess-rate 0.002 --algorithm centflow,1.213647000001,0,10,10,10,10,9,1,3,10,0,10,10,10,10,10,0,10,10,1,9,10,10,10,10,7,0,10,10,10,0,8,1,10,10,7,0,10,10,10,10,10,10,10,10
project/sim_ext.py --sim-time 1.5 --seq-graph project/file/graph_15_nodes.json --traffic project/file/traffic_15_nodes_net.json --inspection-rate 0.001 --mess-rate 0.002 --algorithm centflow,1.214691000001,0,10,10,10,10,2,1,8,10,0,10,10,10,10,10,0,10,10,0,10,10,10,10,10,7,0,10,10,10,1,9,0,10,10,10,0,10,10,10,10,10,10,10,10
project/sim_ext.py --sim-time 1.5 --seq-graph project/file/graph_15_nodes.json --traffic project/file/traffic_15_nodes_net.json --inspection-rate 0.001 --mess-rate 0.002 --algorithm centflow,1.2157180575826791,1,10,10,10,10,0,0,8,10,1,10,10,10,10,10,0,10,10,0,10,10,10,10,10,7,0,10,10,10,2,10,0,10,10,10,3,10,10,10,10,10,10,10,10
project/sim_ext.py --sim-time 1.5 --seq-graph project/file/graph_15_nodes.json --traffic project/file/traffic_15_nodes_net.json --inspection-rate 0.001 --mess-rate 0.002 --algorithm centflow,1.2167270604275657,2,10,10,10,10,2,2,0,10,3,10,10,10,10,10,0,10,10,0,10,10,10,10,10,7,0,10,10,10,1,10,0,10,10,0,5,10,10,10,10,10,10,10,10
project/sim_ext.py --sim-time 1.5 --seq-graph project/file/graph_15_nodes.json --traffic project/file/traffic_15_nodes_net.json --inspection-rate 0.001 --mess-rate 0.002 --algorithm centflow,1.217799399997,3,10,10,10,10,8,2,1,10,5,10,10,10,10,10,0,10,10,3,10,10,10,10,10,9,1,10,10,10,5,10,0,10,10,0,4,10,10,10,10,10,10,10,10
project/sim_ext.py --sim-time 1.5 --seq-graph project/file/graph_15_nodes.json --traffic project/file/traffic_15_nodes_net.json --inspection-rate 0.001 --mess-rate 0.002 --algorithm centflow,1.2188268692807875,5,10,10,10,10,8,6,4,10,5,10,10,10,10,10,0,10,10,8,10,0,10,10,10,10,0,10,10,10,7,10,0,10,10,0,0,10,10,10,0,10,10,10,10
project/sim_ext.py --sim-time 1.5 --seq-graph project/file/graph_15_nodes.json --traffic project/file/traffic_15_nodes_net.json --inspection-rate 0.001 --mess-rate 0.002 --algorithm centflow,1.2198350000009999,5,10,10,10,10,10,7,2,10,5,10,10,10,10,10,0,10,10,10,10,0,10,10,10,10,0,10,10,10,8,10,0,10,10,0,0,10,10,10,0,10,10,10,10
project/sim_ext.py --sim-time 1.5 --seq-graph project/file/graph_15_nodes.json --traffic project/file/traffic_15_nodes_net.json --inspection-rate 0.001 --mess-rate 0.002 --algorithm centflow,1.221183000001,5,10,10,10,10,10,10,4,10,5,10,10,10,10,10,1,10,10,10,10,1,10,10,10,10,0,10,10,10,10,10,0,10,10,1,0,10,10,10,0,10,10,10,10
project/sim_ext.py --sim-time 1.5 --seq-graph project/file/graph_15_nodes.json --traffic project/file/traffic_15_nodes_net.json --inspection-rate 0.001 --mess-rate 0.002 --algorithm centflow,1.2221855311623657,6,10,10,10,10,10,10,5,10,6,10,10,10,10,10,2,10,10,10,10,0,10,10,10,10,0,10,10,10,10,10,0,10,10,0,3,10,10,10,1,10,10,10,10
project/sim_ext.py --sim-time 1.5 --seq-graph project/file/graph_15_nodes.json --traffic project/file/traffic_15_nodes_net.json --inspection-rate 0.001 --mess-rate 0.002 --algorithm centflow,1.223221000001,7,10,10,10,10,10,10,10,10,6,10,10,10,10,10,3,10,10,10,10,0,10,10,10,10,0,10,10,10,10,10,0,10,10,0,0,10,10,10,0,10,10,10,10
project/sim_ext.py --sim-time 1.5 --seq-graph project/file/graph_15_nodes.json --traffic project/file/traffic_15_nodes_net.json --inspection-rate 0.001 --mess-rate 0.002 --algorithm centflow,1.224234999895,7,10,10,10,10,10,10,10,10,6,10,10,10,10,10,3,10,10,10,10,0,10,10,10,10,0,10,10,10,10,10,0,10,10,0,0,10,10,10,2,10,10,10,10
project/sim_ext.py --sim-time 1.5 --seq-graph project/file/graph_15_nodes.json --traffic project/file/traffic_15_nodes_net.json --inspection-rate 0.001 --mess-rate 0.002 --algorithm centflow,1.2252678699259807,7,10,10,10,10,10,10,10,10,6,10,10,10,10,10,4,10,10,10,10,0,10,10,10,10,0,10,10,10,10,10,0,10,10,0,1,10,10,10,10,10,10,10,10
project/sim_ext.py --sim-time 1.5 --seq-graph project/file/graph_15_nodes.json --traffic project/file/traffic_15_nodes_net.json --inspection-rate 0.001 --mess-rate 0.002 --algorithm centflow,1.2262750000009999,7,10,10,10,10,10,10,10,10,6,10,10,10,10,10,6,10,10,10,10,0,10,10,10,10,1,10,10,10,10,10,0,10,10,0,0,10,10,10,2,10,10,10,10
project/sim_ext.py --sim-time 1.5 --seq-graph project/file/graph_15_nodes.json --traffic project/file/traffic_15_nodes_net.json --inspection-rate 0.001 --mess-rate 0.002 --algorithm centflow,1.2276682262437613,8,10,10,10,10,10,10,10,10,9,10,10,10,10,10,6,10,10,10,10,2,10,10,10,10,0,10,10,10,10,10,0,10,10,0,0,10,10,10,8,10,10,10,10
project/sim_ext.py --sim-time 1.5 --seq-graph project/file/graph_15_nodes.json --traffic project/file/traffic_15_nodes_net.json --inspection-rate 0.001 --mess-rate 0.002 --algorithm centflow,1.228672999997,0,3,0,5,3,0,0,0,0,0,3,0,1,0,1,0,0,0,3,0,10,0,0,0,3,2,0,3,0,0,0,0,0,3,0,0,0,2,0,10,0,0,0,0
project/sim_ext.py --sim-time 1.5 --seq-graph project/file/graph_15_nodes.json --traffic project/file/traffic_15_nodes_net.json --inspection-rate 0.001 --mess-rate 0.002 --algorithm centflow,1.229699199997,0,0,0,2,0,0,0,0,2,0,0,5,0,0,0,1,0,1,1,0,10,0,5,0,0,0,0,1,1,0,1,1,1,1,1,0,0,0,0,10,0,1,0,0
project/sim_ext.py --sim-time 1.5 --seq-graph project/file/graph_15_nodes.json --traffic project/file/traffic_15_nodes_net.json --inspection-rate 0.001 --mess-rate 0.002 --algorithm centflow,1.230721232016547,0,7,3,6,0,0,0,2,8,2,0,0,0,0,0,0,1,2,0,0,10,0,10,0,0,0,1,2,0,3,0,0,0,0,0,0,0,0,1,10,0,2,6,0
project/sim_ext.py --sim-time 1.5 --seq-graph project/file/graph_15_nodes.json --traffic project/file/traffic_15_nodes_net.json --inspection-rate 0.001 --mess-rate 0.002 --algorithm centflow,1.231785599997,0,10,0,10,1,0,0,0,10,0,0,5,0,0,0,0,2,6,0,0,10,2,10,0,0,0,7,0,1,0,0,0,1,1,0,1,5,2,2,10,5,0,3,4
project/sim_ext.py --sim-time 1.5 --seq-graph project/file/graph_15_nodes.json --traffic project/file/traffic_15_nodes_net.json --inspection-rate 0.001 --mess-rate 0.002 --algorithm centflow,1.232830258378756,0,10,0,10,1,2,0,4,10,0,0,7,2,3,3,0,1,6,0,0,10,2,10,0,0,0,9,0,6,0,0,0,5,0,0,0,10,6,7,10,10,5,9,5
project/sim_ext.py --sim-time 1.5 --seq-graph project/file/graph_15_nodes.json --traffic project/file/traffic_15_nodes_net.json --inspection-rate 0.001 --mess-rate 0.002 --algorithm centflow,1.233935677817895,0,10,1,10,2,6,0,9,10,2,0,8,2,9,0,0,0,0,0,0,10,6,10,0,0,0,10,6,6,0,0,1,8,2,1,0,10,10,10,10,10,10,10,8
project/sim_ext.py --sim-time 1.5 --seq-graph project/file/graph_15_nodes.json --traffic project/file/traffic_15_nodes_net.json --inspection-rate 0.001 --mess-rate 0.002 --algorithm centflow,1.2349580000009999,0,10,0,10,2,0,0,10,10,0,3,10,5,10,0,0,4,0,0,1,10,8,10,0,0,0,10,10,8,0,3,1,8,10,3,0,10,10,10,10,10,10,10,10
project/sim_ext.py --sim-time 1.5 --seq-graph project/file/graph_15_nodes.json --traffic project/file/traffic_15_nodes_net.json --inspection-rate 0.001 --mess-rate 0.002 --algorithm centflow,1.236203000001,0,10,0,10,2,0,0,10,10,1,5,10,7,10,1,0,5,0,0,2,10,10,10,0,0,0,10,10,10,0,0,3,9,10,5,0,10,10,10,10,10,10,10,10
project/sim_ext.py --sim-time 1.5 --seq-graph project/file/graph_15_nodes.json --traffic project/file/traffic_15_nodes_net.json --inspection-rate 0.001 --mess-rate 0.002 --algorithm centflow,1.2372567432775974,0,10,5,10,2,0,2,10,10,0,8,10,7,10,0,0,6,0,0,3,10,10,10,0,0,0,10,10,10,1,0,0,10,10,6,0,10,10,10,10,10,10,10,10
project/sim_ext.py --sim-time 1.5 --seq-graph project/file/graph_15_nodes.json --traffic project/file/traffic_15_nodes_net.json --inspection-rate 0.001 --mess-rate 0.002 --algorithm centflow,1.238257000001,0,10,0,10,3,0,0,10,10,0,9,10,9,10,0,0,6,0,1,7,10,10,10,0,0,0,10,10,10,0,0,0,10,10,0,1,10,10,10,10,10,10,10,10
project/sim_ext.py --sim-time 1.5 --seq-graph project/file/graph_15_nodes.json --traffic project/file/traffic_15_nodes_net.json --inspection-rate 0.001 --mess-rate 0.002 --algorithm centflow,1.2392978824192762,2,10,0,10,4,0,1,10,10,0,10,10,10,10,0,0,8,0,0,8,10,10,10,0,0,0,10,10,10,0,1,1,10,10,0,0,10,10,10,10,10,10,10,10
project/sim_ext.py --sim-time 1.5 --seq-graph project/file/graph_15_nodes.json --traffic project/file/traffic_15_nodes_net.json --inspection-rate 0.001 --mess-rate 0.002 --algorithm centflow,1.240320999997,0,10,0,10,5,1,0,10,10,0,10,10,10,10,0,0,10,0,0,10,10,10,10,0,0,1,10,10,10,2,0,1,10,10,0,0,10,10,10,10,10,10,10,10
project/sim_ext.py --sim-time 1.5 --seq-graph project/file/graph_15_nodes.json --traffic project/file/traffic_15_nodes_net.json --inspection-rate 0.001 --mess-rate 0.002 --algorithm centflow,1.241403000001,0,10,5,10,7,0,0,10,10,0,10,10,10,10,1,0,10,0,0,10,10,10,10,3,0,0,10,10,10,0,0,0,10,10,2,0,10,10,10,10,10,10,10,10
project/sim_ext.py --sim-time 1.5 --seq-graph project/file/graph_15_nodes.json --traffic project/file/traffic_15_nodes_net.json --inspection-rate 0.001 --mess-rate 0.002 --algorithm centflow,1.242507000001,1,10,5,10,7,0,2,0,10,0,10,10,10,10,1,0,10,0,0,10,10,10,10,3,0,0,10,10,10,0,0,0,10,10,3,0,10,10,10,10,10,10,10,10
project/sim_ext.py --sim-time 1.5 --seq-graph project/file/graph_15_nodes.json --traffic project/file/traffic_15_nodes_net.json --inspection-rate 0.001 --mess-rate 0.002 --algorithm centflow,1.243510000001,0,10,5,10,7,2,4,0,10,0,10,10,10,10,1,0,10,0,0,10,10,10,10,0,0,0,10,10,10,0,2,0,10,10,0,0,10,10,10,10,10,10,10,10
project/sim_ext.py --sim-time 1.5 --seq-graph project/file/graph_15_nodes.json --traffic project/file/traffic_15_nodes_net.json --inspection-rate 0.001 --mess-rate 0.002 --algorithm centflow,1.244593273087408,0,10,8,10,9,4,8,0,10,0,10,10,10,10,1,0,10,1,0,10,10,10,10,3,0,1,10,10,10,0,4,0,10,10,0,1,10,10,10,10,10,10,10,10
project/sim_ext.py --sim-time 1.5 --seq-graph project/file/graph_15_nodes.json --traffic project/file/traffic_15_nodes_net.json --inspection-rate 0.001 --mess-rate 0.002 --algorithm centflow,1.245594599997,0,10,10,10,10,4,10,0,10,1,10,10,10,10,3,1,10,4,0,10,10,10,10,3,0,3,10,10,10,2,4,0,10,10,0,0,10,10,10,10,10,10,10,10
project/sim_ext.py --sim-time 1.5 --seq-graph project/file/graph_15_nodes.json --traffic project/file/traffic_15_nodes_net.json --inspection-rate 0.001 --mess-rate 0.002 --algorithm centflow,1.246597000001,0,10,10,10,10,6,10,1,10,2,10,10,10,10,4,0,10,5,1,10,10,10,10,4,1,0,10,10,10,0,0,0,10,10,1,0,10,10,10,10,10,10,10,10
project/sim_ext.py --sim-time 1.5 --seq-graph project/file/graph_15_nodes.json --traffic project/file/traffic_15_nodes_net.json --inspection-rate 0.001 --mess-rate 0.002 --algorithm centflow,1.2476169368838033,0,10,10,10,10,6,10,2,10,3,10,10,10,10,4,0,10,10,0,10,10,10,10,6,2,0,10,10,10,1,3,0,10,10,2,0,10,10,10,10,10,10,10,10
project/sim_ext.py --sim-time 1.5 --seq-graph project/file/graph_15_nodes.json --traffic project/file/traffic_15_nodes_net.json --inspection-rate 0.001 --mess-rate 0.002 --algorithm centflow,1.248813000001,0,10,10,10,10,7,10,5,10,3,10,10,10,10,5,0,10,10,0,10,10,10,10,8,4,0,10,10,10,4,5,0,10,10,0,0,10,10,10,10,10,10,10,10
project/sim_ext.py --sim-time 1.5 --seq-graph project/file/graph_15_nodes.json --traffic project/file/traffic_15_nodes_net.json --inspection-rate 0.001 --mess-rate 0.002 --algorithm centflow,1.249822486863905,0,10,10,10,10,9,10,0,10,5,10,10,10,10,5,0,10,10,0,10,10,10,10,8,6,0,10,10,10,6,6,0,10,10,0,0,10,10,10,10,10,10,10,10
project/sim_ext.py --sim-time 1.5 --seq-graph project/file/graph_15_nodes.json --traffic project/file/traffic_15_nodes_net.json --inspection-rate 0.001 --mess-rate 0.002 --algorithm centflow,1.250838000001,2,10,10,10,10,10,10,0,10,5,10,10,10,10,7,0,10,10,3,10,1,10,10,10,7,0,10,10,10,5,8,0,10,10,0,0,10,10,10,1,10,10,10,10
project/sim_ext.py --sim-time 1.5 --seq-graph project/file/graph_15_nodes.json --traffic project/file/traffic_15_nodes_net.json --inspection-rate 0.001 --mess-rate 0.002 --algorithm centflow,1.251870000001,3,10,10,10,10,10,10,2,10,6,10,10,10,10,8,0,10,10,4,10,0,10,10,10,7,0,10,10,10,7,10,0,10,10,4,0,10,10,10,0,10,10,10,10
project/sim_ext.py --sim-time 1.5 --seq-graph project/file/graph_15_nodes.json --traffic project/file/traffic_15_nodes_net.json --inspection-rate 0.001 --mess-rate 0.002 --algorithm centflow,1.252887000001,4,10,10,10,10,10,10,0,10,6,10,10,10,10,9,0,10,10,10,10,0,10,10,10,8,0,10,10,10,7,10,1,10,10,4,0,10,10,10,5,10,10,10,10
project/sim_ext.py --sim-time 1.5 --seq-graph project/file/graph_15_nodes.json --traffic project/file/traffic_15_nodes_net.json --inspection-rate 0.001 --mess-rate 0.002 --algorithm centflow,1.2539181139001674,4,10,10,10,10,10,10,0,10,6,10,10,10,10,10,0,10,10,10,10,0,10,10,10,10,0,10,10,10,7,10,1,10,10,6,0,10,10,10,0,10,10,10,10
project/sim_ext.py --sim-time 1.5 --seq-graph project/file/graph_15_nodes.json --traffic project/file/traffic_15_nodes_net.json --inspection-rate 0.001 --mess-rate 0.002 --algorithm centflow,1.2550465539296056,4,10,10,10,10,10,10,0,10,6,10,10,10,10,10,2,10,10,10,10,0,10,10,10,10,0,10,10,10,8,10,0,10,10,0,0,10,10,10,0,10,10,10,10
project/sim_ext.py --sim-time 1.5 --seq-graph project/file/graph_15_nodes.json --traffic project/file/traffic_15_nodes_net.json --inspection-rate 0.001 --mess-rate 0.002 --algorithm centflow,1.256068000001,4,10,10,10,10,10,10,1,10,7,10,10,10,10,10,2,10,10,10,10,0,10,10,10,10,0,10,10,10,9,10,0,10,10,0,0,10,10,10,0,10,10,10,10
project/sim_ext.py --sim-time 1.5 --seq-graph project/file/graph_15_nodes.json --traffic project/file/traffic_15_nodes_net.json --inspection-rate 0.001 --mess-rate 0.002 --algorithm centflow,1.257136000001,5,10,10,10,10,10,10,2,10,9,10,10,10,10,10,4,10,10,10,10,0,10,10,10,10,0,10,10,10,9,10,0,10,10,0,1,10,10,10,0,10,10,10,10
project/sim_ext.py --sim-time 1.5 --seq-graph project/file/graph_15_nodes.json --traffic project/file/traffic_15_nodes_net.json --inspection-rate 0.001 --mess-rate 0.002 --algorithm centflow,1.258316000001,7,10,10,10,10,10,10,2,10,9,10,10,10,10,10,5,10,10,10,10,0,10,10,10,10,1,10,10,10,10,10,0,10,10,0,0,10,10,10,6,10,10,10,10
project/sim_ext.py --sim-time 1.5 --seq-graph project/file/graph_15_nodes.json --traffic project/file/traffic_15_nodes_net.json --inspection-rate 0.001 --mess-rate 0.002 --algorithm centflow,1.259381000001,7,10,0,10,0,10,1,1,10,0,10,2,0,0,0,0,10,0,0,0,10,10,10,0,0,4,0,0,0,0,2,2,0,0,0,0,1,4,0,10,0,4,10,3
project/sim_ext.py --sim-time 1.5 --seq-graph project/file/graph_15_nodes.json --traffic project/file/traffic_15_nodes_net.json --inspection-rate 0.001 --mess-rate 0.002 --algorithm centflow,1.260470000001,9,10,4,10,0,10,0,7,10,2,10,0,0,0,0,0,10,0,3,0,10,10,10,0,0,5,0,0,0,0,1,0,0,2,0,0,0,2,1,10,0,0,10,0
project/sim_ext.py --sim-time 1.5 --seq-graph project/file/graph_15_nodes.json --traffic project/file/traffic_15_nodes_net.json --inspection-rate 0.001 --mess-rate 0.002 --algorithm centflow,1.261620199997,9,10,0,10,0,10,0,9,10,0,10,2,0,0,1,0,10,0,0,0,10,10,10,0,0,0,0,0,0,2,3,0,0,0,0,0,0,3,4,10,0,8,10,2
project/sim_ext.py --sim-time 1.5 --seq-graph project/file/graph_15_nodes.json --traffic project/file/traffic_15_nodes_net.json --inspection-rate 0.001 --mess-rate 0.002 --algorithm centflow,1.262646000001,10,10,4,10,0,10,0,0,10,0,10,1,0,0,0,0,10,0,0,0,10,10,10,1,0,0,0,0,0,5,0,0,1,0,1,0,0,0,0,10,0,0,10,0
project/sim_ext.py --sim-time 1.5 --seq-graph project/file/graph_15_nodes.json --traffic project/file/traffic_15_nodes_net.json --inspection-rate 0.001 --mess-rate 0.002 --algorithm centflow,1.2637441427817013,10,10,0,10,0,10,0,0,10,0,10,0,1,1,0,0,10,0,0,0,10,10,10,0,0,0,0,0,0,0,0,0,8,8,3,0,2,0,0,10,9,3,10,0
project/sim_ext.py --sim-time 1.5 --seq-graph project/file/graph_15_nodes.json --traffic project/file/traffic_15_nodes_net.json --inspection-rate 0.001 --mess-rate 0.002 --algorithm centflow,1.264777599997,10,10,2,10,0,10,0,0,10,0,10,5,2,0,0,0,10,1,0,0,10,10,10,8,0,0,6,3,1,0,2,0,9,10,0,0,2,3,0,10,10,4,10,4
project/sim_ext.py --sim-time 1.5 --seq-graph project/file/graph_15_nodes.json --traffic project/file/traffic_15_nodes_net.json --inspection-rate 0.001 --mess-rate 0.002 --algorithm centflow,1.2657945346332997,10,10,1,10,2,10,2,4,10,0,10,7,2,0,0,0,10,0,0,0,10,10,10,0,0,0,7,7,2,0,0,0,10,1,0,0,10,10,3,10,10,0,10,10
project/sim_ext.py --sim-time 1.5 --seq-graph project/file/graph_15_nodes.json --traffic project/file/traffic_15_nodes_net.json --inspection-rate 0.001 --mess-rate 0.002 --algorithm centflow,1.2668766869726271,10,10,1,10,5,10,0,5,10,1,10,9,5,0,0,0,10,0,0,0,10,10,10,0,0,0,10,9,10,0,0,0,10,2,0,0,10,10,8,10,10,3,10,10
project/sim_ext.py --sim-time 1.5 --seq-graph project/file/graph_15_nodes.json --traffic project/file/traffic_15_nodes_net.json --inspection-rate 0.001 --mess-rate 0.002 --algorithm centflow,1.267895000001,10,10,4,10,5,10,1,8,10,0,10,10,5,1,0,0,10,0,0,0,10,10,10,2,0,0,10,9,10,0,0,0,10,7,0,0,10,10,10,10,10,9,10,10
project/sim_ext.py --sim-time 1.5 --seq-graph project/file/graph_15_nodes.json --traffic project/file/traffic_15_nodes_net.json --inspection-rate 0.001 --mess-rate 0.002 --algorithm centflow,1.268992999997,4,6,2,10,10,2,5,10,1,0,3,10,10,6,4,0,4,6,0,0,10,9,1,0,1,0,10,10,10,0,0,0,10,0,0,1,10,10,10,10,10,10,4,10
project/sim_ext.py --sim-time 1.5 --seq-graph project/file/graph_15_nodes.json --traffic project/file/traffic_15_nodes_net.json --inspection-rate 0.001 --mess-rate 0.002 --algorithm centflow,1.269999000001,0,0,3,0,10,3,0,0,1,0,0,10,10,10,8,1,0,3,0,2,10,1,0,0,1,0,10,10,10,0,3,0,10,8,0,0,10,10,10,10,10,10,0,10
project/sim_ext.py --sim-time 1.5 --seq-graph project/file/graph_15_nodes.json --traffic project/file/traffic_15_nodes_net.json --inspection-rate 0.001 --mess-rate 0.002 --algorithm centflow,1.2710566738073261,0,1,6,0,10,0,0,2,0,0,2,10,10,10,10,0,0,6,0,5,10,1,0,2,2,1,10,10,10,0,5,0,10,10,0,0,10,10,10,10,10,10,0,10
project/sim_ext.py --sim-time 1.5 --seq-graph project/file/graph_15_nodes.json --traffic project/file/traffic_15_nodes_net.json --inspection-rate 0.001 --mess-rate 0.002 --algorithm centflow,1.272072000001,0,0,7,0,10,1,2,0,2,0,0,10,10,10,10,0,1,10,0,7,10,0,0,2,3,0,10,10,10,1,6,0,10,10,0,0,10,10,10,10,10,10,0,10
project/sim_ext.py --sim-time 1.5 --seq-graph project/file/graph_15_nodes.json --traffic project/file/traffic_15_nodes_net.json --inspection-rate 0.001 --mess-rate 0.002 --algorithm centflow,1.273154000001,0,0,9,0,10,0,4,0,0,0,0,10,10,10,10,0,1,10,0,10,10,0,1,6,4,0,10,10,10,0,9,0,10,10,1,1,10,10,10,10,10,10,0,10
project/sim_ext.py --sim-time 1.5 --seq-graph project/file/graph_15_nodes.json --traffic project/file/traffic_15_nodes_net.json --inspection-rate 0.001 --mess-rate 0.002 --algorithm centflow,1.274196199997,0,0,10,5,10,0,8,0,1,0,0,10,10,10,10,0,1,10,0,10,10,0,0,10,5,0,10,10,10,0,9,0,10,10,3,2,10,10,10,10,10,10,3,10
project/sim_ext.py --sim-time 1.5 --seq-graph project/file/graph_15_nodes.json --traffic project/file/traffic_15_nodes_net.json --inspection-rate 0.001 --mess-rate 0.002 --algorithm centflow,1.275229000001,0,0,10,10,10,0,9,0,0,0,1,10,10,10,10,0,0,10,0,10,10,4,0,10,6,0,10,10,10,0,10,0,10,10,4,0,10,10,10,10,10,10,10,10
project/sim_ext.py --sim-time 1.5 --seq-graph project/file/graph_15_nodes.json --traffic project/file/traffic_15_nodes_net.json --inspection-rate 0.001 --mess-rate 0.002 --algorithm centflow,1.2763877812779247,0,0,10,0,10,3,10,0,6,0,0,10,10,10,10,0,0,10,1,10,10,8,2,10,7,0,10,10,10,0,10,0,10,10,7,0,10,10,10,10,10,10,10,10
project/sim_ext.py --sim-time 1.5 --seq-graph project/file/graph_15_nodes.json --traffic project/file/traffic_15_nodes_net.json --inspection-rate 0.001 --mess-rate 0.002 --algorithm centflow,1.277402000001,1,2,10,4,10,0,10,0,7,0,0,10,10,10,10,0,0,10,1,10,10,8,4,10,10,0,10,10,10,1,10,2,10,10,9,0,10,10,10,10,10,10,10,10
project/sim_ext.py --sim-time 1.5 --seq-graph project/file/graph_15_nodes.json --traffic project/file/traffic_15_nodes_net.json --inspection-rate 0.001 --mess-rate 0.002 --algorithm centflow,1.278443599997,0,3,10,7,10,0,10,0,10,0,0,10,10,10,10,1,0,10,4,10,10,10,7,10,10,0,10,10,10,2,10,0,10,10,10,0,10,10,10,10,10,10,10,10
project/sim_ext.py --sim-time 1.5 --seq-graph project/file/graph_15_nodes.json --traffic project/file/traffic_15_nodes_net.json --inspection-rate 0.001 --mess-rate 0.002 --algorithm centflow,1.279564000001,0,10,10,8,10,2,10,4,10,0,0,10,10,10,10,0,2,10,4,10,10,10,10,10,10,0,10,10,10,3,10,0,10,10,10,1,10,10,10,10,10,10,10,10
project/sim_ext.py --sim-time 1.5 --seq-graph project/file/graph_15_nodes.json --traffic project/file/traffic_15_nodes_net.json --inspection-rate 0.001 --mess-rate 0.002 --algorithm centflow,1.280782000001,0,10,10,9,10,3,10,0,10,0,0,10,10,10,10,1,0,10,5,10,10,10,10,10,10,0,10,10,10,6,10,0,10,10,0,0,10,10,10,10,10,10,10,10
project/sim_ext.py --sim-time 1.5 --seq-graph project/file/graph_15_nodes.json --traffic project/file/traffic_15_nodes_net.json --inspection-rate 0.001 --mess-rate 0.002 --algorithm centflow,1.281800000001,0,10,10,10,10,0,10,0,10,3,0,10,10,10,10,0,0,10,5,10,10,10,10,10,10,0,10,10,10,7,10,0,10,10,3,0,10,10,10,10,10,10,10,10
project/sim_ext.py --sim-time 1.5 --seq-graph project/file/graph_15_nodes.json --traffic project/file/traffic_15_nodes_net.json --inspection-rate 0.001 --mess-rate 0.002 --algorithm centflow,1.283190000001,0,10,10,10,10,0,10,5,10,4,0,10,10,10,10,0,0,10,6,10,10,10,10,10,10,1,10,10,10,8,10,0,10,10,0,0,10,10,10,10,10,10,10,10
project/sim_ext.py --sim-time 1.5 --seq-graph project/file/graph_15_nodes.json --traffic project/file/traffic_15_nodes_net.json --inspection-rate 0.001 --mess-rate 0.002 --algorithm centflow,1.284206000001,0,10,10,10,10,0,10,6,10,4,2,10,10,10,10,0,1,10,7,10,10,10,10,10,10,0,10,10,10,10,10,0,10,10,0,0,10,10,10,10,10,10,10,10
project/sim_ext.py --sim-time 1.5 --seq-graph project/file/graph_15_nodes.json --traffic project/file/traffic_15_nodes_net.json --inspection-rate 0.001 --mess-rate 0.002 --algorithm centflow,1.2852183714946728,0,10,10,10,10,0,10,10,10,4,3,10,10,10,10,0,3,10,8,10,10,10,10,10,10,0,10,10,10,10,10,1,10,10,1,0,10,10,10,10,10,10,10,10
project/sim_ext.py --sim-time 1.5 --seq-graph project/file/graph_15_nodes.json --traffic project/file/traffic_15_nodes_net.json --inspection-rate 0.001 --mess-rate 0.002 --algorithm centflow,1.286245199997,1,10,10,10,10,0,10,10,10,4,3,10,10,10,10,0,4,10,8,10,10,10,10,10,10,0,10,10,10,10,10,0,10,10,0,1,10,10,10,10,10,10,10,10
project/sim_ext.py --sim-time 1.5 --seq-graph project/file/graph_15_nodes.json --traffic project/file/traffic_15_nodes_net.json --inspection-rate 0.001 --mess-rate 0.002 --algorithm centflow,1.287270000001,0,10,10,10,10,2,10,10,10,4,5,10,10,10,10,0,6,10,9,10,10,10,10,10,10,0,10,10,10,10,10,1,10,10,0,0,10,10,10,10,10,10,10,10
project/sim_ext.py --sim-time 1.5 --seq-graph project/file/graph_15_nodes.json --traffic project/file/traffic_15_nodes_net.json --inspection-rate 0.001 --mess-rate 0.002 --algorithm centflow,1.288370983736123,0,10,10,10,10,5,10,10,10,5,5,10,10,10,10,0,10,10,10,10,10,10,10,10,10,0,10,10,10,10,10,1,10,10,0,0,10,10,10,10,10,10,10,10
project/sim_ext.py --sim-time 1.5 --seq-graph project/file/graph_15_nodes.json --traffic project/file/traffic_15_nodes_net.json --inspection-rate 0.001 --mess-rate 0.002 --algorithm centflow,1.2893967310983625,0,10,10,10,10,10,10,10,10,6,7,10,10,10,10,0,10,10,10,10,10,10,10,10,10,0,10,10,10,10,10,2,10,10,0,0,10,10,10,10,10,10,10,10
project/sim_ext.py --sim-time 1.5 --seq-graph project/file/graph_15_nodes.json --traffic project/file/traffic_15_nodes_net.json --inspection-rate 0.001 --mess-rate 0.002 --algorithm centflow,1.2904515999969999,0,10,10,10,10,10,10,5,10,6,9,10,10,10,10,0,10,10,10,10,1,10,10,10,10,2,10,10,10,10,10,0,10,10,0,0,10,10,10,3,10,10,10,10
project/sim_ext.py --sim-time 1.5 --seq-graph project/file/graph_15_nodes.json --traffic project/file/traffic_15_nodes_net.json --inspection-rate 0.001 --mess-rate 0.002 --algorithm centflow,1.2915577248238614,0,10,10,10,10,2,10,7,10,7,10,10,10,10,10,2,10,10,10,10,1,10,10,10,10,0,10,10,10,10,10,0,10,10,0,0,10,10,10,0,10,10,10,10
project/sim_ext.py --sim-time 1.5 --seq-graph project/file/graph_15_nodes.json --traffic project/file/traffic_15_nodes_net.json --inspection-rate 0.001 --mess-rate 0.002 --algorithm centflow,1.292562000001,1,10,10,10,10,2,10,9,10,8,10,10,10,10,10,2,10,10,10,10,0,10,10,10,10,0,10,10,10,10,10,0,10,10,1,4,10,10,10,0,10,10,10,10
project/sim_ext.py --sim-time 1.5 --seq-graph project/file/graph_15_nodes.json --traffic project/file/traffic_15_nodes_net.json --inspection-rate 0.001 --mess-rate 0.002 --algorithm centflow,1.293639000001,1,10,10,10,10,3,10,10,10,8,10,10,10,10,10,3,10,10,10,10,1,10,10,10,10,0,10,10,10,10,10,0,10,10,4,5,10,10,10,0,10,10,10,10
project/sim_ext.py --sim-time 1.5 --seq-graph project/file/graph_15_nodes.json --traffic project/file/traffic_15_nodes_net.json --inspection-rate 0.001 --mess-rate 0.002 --algorithm centflow,1.2946791159933035,2,10,10,10,10,5,10,10,10,9,10,10,10,10,10,3,10,10,10,10,0,10,10,10,10,0,10,10,10,10,10,0,10,10,5,0,10,10,10,0,10,10,10,10
project/sim_ext.py --sim-time 1.5 --seq-graph project/file/graph_15_nodes.json --traffic project/file/traffic_15_nodes_net.json --inspection-rate 0.001 --mess-rate 0.002 --algorithm centflow,1.295707000001,3,10,10,10,10,6,10,10,10,10,10,10,10,10,10,4,10,10,10,10,0,10,10,10,10,0,10,10,10,10,10,0,10,10,0,0,10,10,10,8,10,10,10,10
project/sim_ext.py --sim-time 1.5 --seq-graph project/file/graph_15_nodes.json --traffic project/file/traffic_15_nodes_net.json --inspection-rate 0.001 --mess-rate 0.002 --algorithm centflow,1.2967573773286147,4,10,10,10,10,9,10,10,10,10,10,10,10,10,10,4,10,10,10,10,0,10,10,10,10,2,10,10,10,10,10,2,10,10,0,0,10,10,10,10,10,10,10,10
project/sim_ext.py --sim-time 1.5 --seq-graph project/file/graph_15_nodes.json --traffic project/file/traffic_15_nodes_net.json --inspection-rate 0.001 --mess-rate 0.002 --algorithm centflow,1.297843599997,4,10,10,10,10,10,10,10,10,10,10,10,10,10,10,5,10,10,10,10,0,10,10,10,10,0,10,10,10,10,10,0,10,10,0,0,10,10,10,2,10,10,10,10
project/sim_ext.py --sim-time 1.5 --seq-graph project/file/graph_15_nodes.json --traffic project/file/traffic_15_nodes_net.json --inspection-rate 0.001 --mess-rate 0.002 --algorithm centflow,1.298963000001,5,10,10,10,10,10,10,10,10,10,10,10,10,10,10,7,10,10,10,10,0,10,10,10,10,0,10,10,10,10,10,0,10,10,0,0,10,10,10,0,10,10,10,10
project/sim_ext.py --sim-time 1.5 --seq-graph project/file/graph_15_nodes.json --traffic project/file/traffic_15_nodes_net.json --inspection-rate 0.001 --mess-rate 0.002 --algorithm centflow,1.2999647999969999,0,7,0,9,6,1,0,0,7,3,0,0,1,5,0,0,0,0,0,0,10,9,7,0,0,0,8,5,0,0,0,0,7,1,0,0,0,0,0,6,0,1,0,1
project/sim_ext.py --sim-time 1.5 --seq-graph project/file/graph_15_nodes.json --traffic project/file/traffic_15_nodes_net.json --inspection-rate 0.001 --mess-rate 0.002 --algorithm centflow,1.300967399997,0,3,0,1,0,0,3,0,0,0,0,0,0,0,2,0,0,0,0,4,10,0,1,2,10,0,1,0,0,0,0,1,0,0,0,0,0,0,8,10,0,0,0,0
project/sim_ext.py --sim-time 1.5 --seq-graph project/file/graph_15_nodes.json --traffic project/file/traffic_15_nodes_net.json --inspection-rate 0.001 --mess-rate 0.002 --algorithm centflow,1.302023399997,0,1,0,6,0,1,0,2,0,0,0,0,3,0,1,0,1,0,0,0,10,0,5,1,0,3,0,0,3,0,0,0,1,0,0,0,1,0,0,10,0,0,0,0
project/sim_ext.py --sim-time 1.5 --seq-graph project/file/graph_15_nodes.json --traffic project/file/traffic_15_nodes_net.json --inspection-rate 0.001 --mess-rate 0.002 --algorithm centflow,1.303075199997,0,4,0,9,2,0,2,4,8,0,1,0,0,0,0,0,0,0,1,0,10,3,10,0,0,0,1,0,0,0,2,1,0,1,0,0,7,2,0,10,5,1,7,1
project/sim_ext.py --sim-time 1.5 --seq-graph project/file/graph_15_nodes.json --traffic project/file/traffic_15_nodes_net.json --inspection-rate 0.001 --mess-rate 0.002 --algorithm centflow,1.304081000001,0,5,0,10,2,0,4,10,10,0,0,0,0,1,2,0,0,0,0,1,10,9,10,1,0,0,3,0,3,0,6,0,2,0,1,0,10,3,5,10,5,5,10,3
project/sim_ext.py --sim-time 1.5 --seq-graph project/file/graph_15_nodes.json --traffic project/file/traffic_15_nodes_net.json --inspection-rate 0.001 --mess-rate 0.002 --algorithm centflow,1.305155199997,0,6,0,10,4,1,6,0,10,0,3,0,1,1,1,0,4,0,0,0,10,10,10,0,0,0,8,8,4,0,0,0,2,0,0,0,10,8,10,10,10,10,10,9
project/sim_ext.py --sim-time 1.5 --seq-graph project/file/graph_15_nodes.json --traffic project/file/traffic_15_nodes_net.json --inspection-rate 0.001 --mess-rate 0.002 --algorithm centflow,1.306157799997,0,6,0,10,5,0,0,0,10,0,8,5,2,1,2,0,6,0,0,0,10,10,10,0,0,0,10,10,2,0,0,0,6,3,0,0,10,10,10,10,10,10,10,10
project/sim_ext.py --sim-time 1.5 --seq-graph project/file/graph_15_nodes.json --traffic project/file/traffic_15_nodes_net.json --inspection-rate 0.001 --mess-rate 0.002 --algorithm centflow,1.307213799997,0,6,0,10,10,0,0,0,10,0,9,9,4,2,0,1,8,3,1,0,10,10,10,0,1,0,10,10,2,0,0,0,6,0,1,0,10,10,10,10,10,10,10,10
project/sim_ext.py --sim-time 1.5 --seq-graph project/file/graph_15_nodes.json --traffic project/file/traffic_15_nodes_net.json --inspection-rate 0.001 --mess-rate 0.002 --algorithm centflow,1.30823499988,0,6,1,10,10,1,0,0,10,0,10,10,6,4,0,0,9,0,1,0,10,10,10,0,0,0,10,10,4,0,1,1,8,5,0,0,10,10,10,10,10,10,10,10
project/sim_ext.py --sim-time 1.5 --seq-graph project/file/graph_15_nodes.json --traffic project/file/traffic_15_nodes_net.json --inspection-rate 0.001 --mess-rate 0.002 --algorithm centflow,1.3094665999969999,0,10,5,10,10,5,1,5,10,0,10,10,6,5,0,0,10,2,0,1,10,10,10,6,0,1,10,10,6,0,3,0,10,10,0,0,10,10,10,10,10,10,10,10
project/sim_ext.py --sim-time 1.5 --seq-graph project/file/graph_15_nodes.json --traffic project/file/traffic_15_nodes_net.json --inspection-rate 0.001 --mess-rate 0.002 --algorithm centflow,1.310472000001,0,10,6,10,10,0,0,5,10,0,10,10,6,6,0,0,10,2,0,2,10,10,10,6,0,0,10,10,9,0,0,0,10,10,0,3,10,10,10,10,10,10,10,10
project/sim_ext.py --sim-time 1.5 --seq-graph project/file/graph_15_nodes.json --traffic project/file/traffic_15_nodes_net.json --inspection-rate 0.001 --mess-rate 0.002 --algorithm centflow,1.311543000001,0,10,4,10,10,5,0,0,10,0,10,10,9,6,2,0,10,2,0,7,10,10,10,8,0,0,10,10,10,0,1,0,10,10,2,4,10,10,10,10,10,10,10,10
project/sim_ext.py --sim-time 1.5 --seq-graph project/file/graph_15_nodes.json --traffic project/file/traffic_15_nodes_net.json --inspection-rate 0.001 --mess-rate 0.002 --algorithm centflow,1.3125810349450169,0,10,7,10,10,6,0,0,10,0,10,10,10,7,3,0,10,5,0,7,10,10,10,8,0,0,10,10,10,0,2,1,10,10,2,0,10,10,10,10,10,10,10,10
project/sim_ext.py --sim-time 1.5 --seq-graph project/file/graph_15_nodes.json --traffic project/file/traffic_15_nodes_net.json --inspection-rate 0.001 --mess-rate 0.002 --algorithm centflow,1.313598000001,0,10,9,10,10,1,3,0,10,0,10,10,10,8,3,0,10,7,0,7,10,10,10,9,1,0,10,10,10,0,3,0,10,10,3,0,10,10,10,10,10,10,10,10
project/sim_ext.py --sim-time 1.5 --seq-graph project/file/graph_15_nodes.json --traffic project/file/traffic_15_nodes_net.json --inspection-rate 0.001 --mess-rate 0.002 --algorithm centflow,1.314676199997,0,10,9,10,10,1,0,0,10,1,10,10,10,9,7,0,10,8,0,9,10,10,10,10,2,0,10,10,10,0,6,0,10,10,0,0,10,10,10,10,10,10,10,10
project/sim_ext.py --sim-time 1.5 --seq-graph project/file/graph_15_nodes.json --traffic project/file/traffic_15_nodes_net.json --inspection-rate 0.001 --mess-rate 0.002 --algorithm centflow,1.3158547126101752,1,10,10,10,10,4,4,0,10,1,10,10,10,10,8,0,10,10,0,10,10,10,10,10,7,0,10,10,10,1,6,0,10,10,2,0,10,10,10,10,10,10,10,10
project/sim_ext.py --sim-time 1.5 --seq-graph project/file/graph_15_nodes.json --traffic project/file/traffic_15_nodes_net.json --inspection-rate 0.001 --mess-rate 0.002 --algorithm centflow,1.3168590000009999,2,10,10,10,10,4,7,0,10,1,10,10,10,10,10,0,10,10,0,10,10,10,10,10,7,0,10,10,10,0,10,0,10,10,0,0,10,10,10,10,10,10,10,10
project/sim_ext.py --sim-time 1.5 --seq-graph project/file/graph_15_nodes.json --traffic project/file/traffic_15_nodes_net.json --inspection-rate 0.001 --mess-rate 0.002 --algorithm centflow,1.317916799997,2,10,10,10,10,7,8,0,10,1,10,10,10,10,10,1,10,10,0,10,10,10,10,10,8,1,10,10,10,0,10,0,10,10,0,0,10,10,10,10,10,10,10,10
project/sim_ext.py --sim-time 1.5 --seq-graph project/file/graph_15_nodes.json --traffic project/file/traffic_15_nodes_net.json --inspection-rate 0.001 --mess-rate 0.002 --algorithm centflow,1.319046000001,3,10,10,10,10,7,8,3,10,1,10,10,10,10,10,0,10,10,2,10,10,10,10,10,9,1,10,10,10,1,10,0,10,10,0,0,10,10,10,10,10,10,10,10
project/sim_ext.py --sim-time 1.5 --seq-graph project/file/graph_15_nodes.json --traffic project/file/traffic_15_nodes_net.json --inspection-rate 0.001 --mess-rate 0.002 --algorithm centflow,1.3200706934100512,7,10,10,10,10,10,10,0,10,1,10,10,10,10,10,0,10,10,4,10,10,10,10,10,9,0,10,10,10,5,10,1,10,10,0,0,10,10,10,10,10,10,10,10
project/sim_ext.py --sim-time 1.5 --seq-graph project/file/graph_15_nodes.json --traffic project/file/traffic_15_nodes_net.json --inspection-rate 0.001 --mess-rate 0.002 --algorithm centflow,1.321086799997,9,10,10,10,10,10,10,0,10,2,10,10,10,10,10,0,10,10,5,10,10,10,10,10,10,0,10,10,10,8,10,0,10,10,5,0,10,10,10,10,10,10,10,10
project/sim_ext.py --sim-time 1.5 --seq-graph project/file/graph_15_nodes.json --traffic project/file/traffic_15_nodes_net.json --inspection-rate 0.001 --mess-rate 0.002 --algorithm centflow,1.3221316325555736,10,10,10,10,10,10,10,1,10,2,10,10,10,10,10,0,10,10,8,10,10,10,10,10,10,0,10,10,10,8,10,0,10,10,0,1,10,10,10,10,10,10,10,10
project/sim_ext.py --sim-time 1.5 --seq-graph project/file/graph_15_nodes.json --traffic project/file/traffic_15_nodes_net.json --inspection-rate 0.001 --mess-rate 0.002 --algorithm centflow,1.323142000001,10,10,10,10,10,10,10,2,10,2,10,10,10,10,10,0,10,10,10,10,10,10,10,10,10,1,10,10,10,9,10,0,10,10,0,1,10,10,10,10,10,10,10,10
project/sim_ext.py --sim-time 1.5 --seq-graph project/file/graph_15_nodes.json --traffic project/file/traffic_15_nodes_net.json --inspection-rate 0.001 --mess-rate 0.002 --algorithm centflow,1.324205000001,10,10,10,10,10,10,10,4,10,3,10,10,10,10,10,0,10,10,10,10,10,10,10,10,10,0,10,10,10,10,10,0,10,10,0,0,10,10,10,10,10,10,10,10
project/sim_ext.py --sim-time 1.5 --seq-graph project/file/graph_15_nodes.json --traffic project/file/traffic_15_nodes_net.json --inspection-rate 0.001 --mess-rate 0.002 --algorithm centflow,1.3252800000009999,10,10,10,10,10,10,10,9,10,3,10,10,10,10,10,1,10,10,10,10,10,10,10,10,10,0,10,10,10,10,10,0,10,10,2,0,10,10,10,10,10,10,10,10
project/sim_ext.py --sim-time 1.5 --seq-graph project/file/graph_15_nodes.json --traffic project/file/traffic_15_nodes_net.json --inspection-rate 0.001 --mess-rate 0.002 --algorithm centflow,1.3264449998799999,10,10,10,10,10,10,10,10,10,3,10,10,10,10,10,2,10,10,10,10,10,10,10,10,10,0,10,10,10,10,10,0,10,10,3,1,10,10,10,10,10,10,10,10
project/sim_ext.py --sim-time 1.5 --seq-graph project/file/graph_15_nodes.json --traffic project/file/traffic_15_nodes_net.json --inspection-rate 0.001 --mess-rate 0.002 --algorithm centflow,1.327484999887,10,10,10,10,10,10,10,10,10,3,10,10,10,10,10,2,10,10,10,10,0,10,10,10,10,0,10,10,10,10,10,0,10,10,4,2,10,10,10,0,10,10,10,10
project/sim_ext.py --sim-time 1.5 --seq-graph project/file/graph_15_nodes.json --traffic project/file/traffic_15_nodes_net.json --inspection-rate 0.001 --mess-rate 0.002 --algorithm centflow,1.328539000001,10,10,10,10,10,10,10,10,10,4,10,10,10,10,10,4,10,10,10,10,0,10,10,10,10,0,10,10,10,10,10,1,10,10,0,0,10,10,10,0,10,10,10,10
project/sim_ext.py --sim-time 1.5 --seq-graph project/file/graph_15_nodes.json --traffic project/file/traffic_15_nodes_net.json --inspection-rate 0.001 --mess-rate 0.002 --algorithm centflow,1.3295793332023296,10,10,10,10,10,10,10,10,10,4,10,10,10,10,10,5,10,10,10,10,0,10,10,10,10,0,10,10,10,10,10,2,10,10,0,0,10,10,10,0,10,10,10,10
project/sim_ext.py --sim-time 1.5 --seq-graph project/file/graph_15_nodes.json --traffic project/file/traffic_15_nodes_net.json --inspection-rate 0.001 --mess-rate 0.002 --algorithm centflow,1.330671999997,2,6,0,7,6,0,0,0,8,1,0,6,0,8,0,1,0,0,0,3,0,1,10,0,1,0,0,8,2,0,0,0,5,0,4,0,0,0,0,0,0,0,0,2
project/sim_ext.py --sim-time 1.5 --seq-graph project/file/graph_15_nodes.json --traffic project/file/traffic_15_nodes_net.json --inspection-rate 0.001 --mess-rate 0.002 --algorithm centflow,1.3317471999969999,2,5,0,0,0,0,1,0,0,0,0,0,0,0,5,0,0,0,0,0,0,0,0,1,3,0,0,0,1,7,0,0,1,0,0,0,0,3,1,1,0,0,0,0
project/sim_ext.py --sim-time 1.5 --seq-graph project/file/graph_15_nodes.json --traffic project/file/traffic_15_nodes_net.json --inspection-rate 0.001 --mess-rate 0.002 --algorithm centflow,1.332775000001,0,3,0,0,0,4,0,1,4,0,0,0,0,0,0,0,0,0,1,0,1,0,1,0,0,0,0,0,0,0,0,0,0,0,0,1,4,0,2,3,3,2,1,1
project/sim_ext.py --sim-time 1.5 --seq-graph project/file/graph_15_nodes.json --traffic project/file/traffic_15_nodes_net.json --inspection-rate 0.001 --mess-rate 0.002 --algorithm centflow,1.333876000001,0,10,0,8,0,0,0,0,10,2,0,0,0,1,0,1,2,0,0,0,8,1,8,0,1,0,2,0,0,0,0,1,4,0,0,0,0,0,5,8,0,2,0,2
project/sim_ext.py --sim-time 1.5 --seq-graph project/file/graph_15_nodes.json --traffic project/file/traffic_15_nodes_net.json --inspection-rate 0.001 --mess-rate 0.002 --algorithm centflow,1.335098599997,0,10,0,10,3,3,2,0,10,0,2,0,0,5,0,0,0,0,1,0,10,0,10,0,5,0,2,1,4,0,0,0,9,0,1,1,0,5,10,10,8,10,2,3
project/sim_ext.py --sim-time 1.5 --seq-graph project/file/graph_15_nodes.json --traffic project/file/traffic_15_nodes_net.json --inspection-rate 0.001 --mess-rate 0.002 --algorithm centflow,1.336131000001,0,10,0,10,3,6,0,0,10,0,1,5,2,6,0,0,0,0,0,0,10,5,10,0,0,0,2,2,7,2,1,0,10,3,1,1,6,8,10,10,10,10,10,9
project/sim_ext.py --sim-time 1.5 --seq-graph project/file/graph_15_nodes.json --traffic project/file/traffic_15_nodes_net.json --inspection-rate 0.001 --mess-rate 0.002 --algorithm centflow,1.337281000001,0,10,1,10,7,0,0,1,10,0,0,8,3,7,0,0,0,0,1,1,10,9,10,0,0,0,4,5,10,0,0,0,10,5,0,0,10,10,10,10,10,10,10,10
project/sim_ext.py --sim-time 1.5 --seq-graph project/file/graph_15_nodes.json --traffic project/file/traffic_15_nodes_net.json --inspection-rate 0.001 --mess-rate 0.002 --algorithm centflow,1.3384930536895938,0,10,0,10,9,0,0,3,10,0,1,10,5,9,1,0,0,0,3,2,10,9,10,1,0,1,6,8,10,0,0,0,10,10,0,0,10,10,10,10,10,10,10,10
project/sim_ext.py --sim-time 1.5 --seq-graph project/file/graph_15_nodes.json --traffic project/file/traffic_15_nodes_net.json --inspection-rate 0.001 --mess-rate 0.002 --algorithm centflow,1.339555199997,0,10,0,10,10,0,0,0,10,0,2,10,6,10,0,0,2,0,0,3,10,10,10,0,0,0,7,10,10,1,0,0,10,10,0,0,10,10,10,10,10,10,10,10
project/sim_ext.py --sim-time 1.5 --seq-graph project/file/graph_15_nodes.json --traffic project/file/traffic_15_nodes_net.json --inspection-rate 0.001 --mess-rate 0.002 --algorithm centflow,1.3405592105715036,0,10,1,10,10,0,0,0,10,0,7,10,8,10,0,0,2,1,0,6,10,10,10,0,0,0,8,10,10,4,1,0,10,10,0,0,10,10,10,10,10,10,10,10
project/sim_ext.py --sim-time 1.5 --seq-graph project/file/graph_15_nodes.json --traffic project/file/traffic_15_nodes_net.json --inspection-rate 0.001 --mess-rate 0.002 --algorithm centflow,1.3415912896932793,0,10,4,10,10,0,0,0,10,0,10,10,8,10,0,0,4,3,0,7,10,10,10,0,0,0,9,10,10,8,0,0,10,10,0,0,10,10,10,10,10,10,10,10
project/sim_ext.py --sim-time 1.5 --seq-graph project/file/graph_15_nodes.json --traffic project/file/traffic_15_nodes_net.json --inspection-rate 0.001 --mess-rate 0.002 --algorithm centflow,1.342612199997,0,10,7,10,10,2,0,0,10,0,10,10,10,10,0,0,7,0,1,7,10,10,10,1,1,0,10,10,10,0,0,0,10,10,0,0,10,10,10,10,10,10,10,10
project/sim_ext.py --sim-time 1.5 --seq-graph project/file/graph_15_nodes.json --traffic project/file/traffic_15_nodes_net.json --inspection-rate 0.001 --mess-rate 0.002 --algorithm centflow,1.343868799997,0,10,10,10,10,4,0,0,10,0,10,10,10,10,2,0,8,0,0,7,10,10,10,0,0,0,10,10,10,0,1,0,10,10,2,0,10,10,10,10,10,10,10,10
project/sim_ext.py --sim-time 1.5 --seq-graph project/file/graph_15_nodes.json --traffic project/file/traffic_15_nodes_net.json --inspection-rate 0.001 --mess-rate 0.002 --algorithm centflow,1.344898000001,0,10,10,10,10,7,0,0,10,0,10,10,10,10,3,1,9,0,0,8,10,10,10,1,0,0,10,10,10,1,3,0,10,10,0,0,10,10,10,10,10,10,10,10
project/sim_ext.py --sim-time 1.5 --seq-graph project/file/graph_15_nodes.json --traffic project/file/traffic_15_nodes_net.json --inspection-rate 0.001 --mess-rate 0.002 --algorithm centflow,1.346058000001,0,10,10,10,10,10,5,2,10,0,10,10,10,10,3,0,10,0,1,9,10,10,10,3,1,0,10,10,10,3,8,0,10,10,0,0,10,10,10,10,10,10,10,10
project/sim_ext.py --sim-time 1.5 --seq-graph project/file/graph_15_nodes.json --traffic project/file/traffic_15_nodes_net.json --inspection-rate 0.001 --mess-rate 0.002 --algorithm centflow,1.347298000001,0,10,10,10,10,10,8,0,10,0,10,10,10,10,6,0,10,1,4,10,10,10,10,2,3,0,10,10,10,4,10,0,10,10,4,0,10,10,10,10,10,10,10,10
project/sim_ext.py --sim-time 1.5 --seq-graph project/file/graph_15_nodes.json --traffic project/file/traffic_15_nodes_net.json --inspection-rate 0.001 --mess-rate 0.002 --algorithm centflow,1.348491599997,0,10,10,10,10,10,10,1,10,0,10,10,10,10,6,0,10,2,4,10,10,10,10,2,4,0,10,10,10,5,10,0,10,10,7,1,10,10,10,10,10,10,10,10
project/sim_ext.py --sim-time 1.5 --seq-graph project/file/graph_15_nodes.json --traffic project/file/traffic_15_nodes_net.json --inspection-rate 0.001 --mess-rate 0.002 --algorithm centflow,1.34952593164775,2,10,10,10,10,3,10,1,10,0,10,10,10,10,7,0,10,4,5,10,10,10,10,4,6,0,10,10,10,7,10,0,10,10,7,0,10,10,10,10,10,10,10,10
project/sim_ext.py --sim-time 1.5 --seq-graph project/file/graph_15_nodes.json --traffic project/file/traffic_15_nodes_net.json --inspection-rate 0.001 --mess-rate 0.002 --algorithm centflow,1.350534999874,2,10,10,10,10,8,7,1,10,0,10,10,10,10,7,0,10,5,6,10,10,10,10,4,7,0,10,10,10,10,10,0,10,10,8,0,10,10,10,10,10,10,10,10
project/sim_ext.py --sim-time 1.5 --seq-graph project/file/graph_15_nodes.json --traffic project/file/traffic_15_nodes_net.json --inspection-rate 0.001 --mess-rate 0.002 --algorithm centflow,1.3515388079104478,2,10,10,10,10,10,8,0,10,1,10,10,10,10,7,0,10,5,7,10,10,10,10,5,8,0,10,10,10,10,10,2,10,10,4,0,10,10,10,10,10,10,10,10
project/sim_ext.py --sim-time 1.5 --seq-graph project/file/graph_15_nodes.json --traffic project/file/traffic_15_nodes_net.json --inspection-rate 0.001 --mess-rate 0.002 --algorithm centflow,1.352624999887,3,10,10,10,10,10,10,2,10,2,10,10,10,10,8,0,10,8,9,10,10,10,10,7,8,0,10,10,10,10,10,0,10,10,0,0,10,10,10,10,10,10,10,10
project/sim_ext.py --sim-time 1.5 --seq-graph project/file/graph_15_nodes.json --traffic project/file/traffic_15_nodes_net.json --inspection-rate 0.001 --mess-rate 0.002 --algorithm centflow,1.3537587559896944,3,10,10,10,10,10,10,0,10,2,10,10,10,10,9,0,10,10,10,10,10,10,10,7,8,0,10,10,10,10,10,0,10,10,1,0,10,10,10,10,10,10,10,10
project/sim_ext.py --sim-time 1.5 --seq-graph project/file/graph_15_nodes.json --traffic project/file/traffic_15_nodes_net.json --inspection-rate 0.001 --mess-rate 0.002 --algorithm centflow,1.3548112444260219,3,10,10,10,10,10,10,1,10,2,10,10,10,10,10,0,10,10,10,10,10,10,10,8,10,0,10,10,10,10,10,0,10,10,4,0,10,10,10,10,10,10,10,10
project/sim_ext.py --sim-time 1.5 --seq-graph project/file/graph_15_nodes.json --traffic project/file/traffic_15_nodes_net.json --inspection-rate 0.001 --mess-rate 0.002 --algorithm centflow,1.355835000001,3,10,10,10,10,10,10,3,10,2,10,10,10,10,10,0,10,10,10,10,10,10,10,10,10,0,10,10,10,10,10,0,10,10,7,2,10,10,10,10,10,10,10,10
project/sim_ext.py --sim-time 1.5 --seq-graph project/file/graph_15_nodes.json --traffic project/file/traffic_15_nodes_net.json --inspection-rate 0.001 --mess-rate 0.002 --algorithm centflow,1.3568730000009999,3,10,10,10,10,10,10,7,10,2,10,10,10,10,10,0,10,10,10,10,10,10,10,10,10,0,10,10,10,10,10,0,10,10,8,0,10,10,10,10,10,10,10,10
project/sim_ext.py --sim-time 1.5 --seq-graph project/file/graph_15_nodes.json --traffic project/file/traffic_15_nodes_net.json --inspection-rate 0.001 --mess-rate 0.002 --algorithm centflow,1.358277199997,3,10,10,10,10,10,10,10,10,3,10,10,10,10,10,2,10,10,10,10,10,10,10,10,10,0,10,10,10,10,10,1,10,10,10,0,10,10,10,10,10,10,10,10
project/sim_ext.py --sim-time 1.5 --seq-graph project/file/graph_15_nodes.json --traffic project/file/traffic_15_nodes_net.json --inspection-rate 0.001 --mess-rate 0.002 --algorithm centflow,1.359301000001,4,10,10,10,10,10,10,10,10,3,10,10,10,10,10,2,10,10,10,10,10,10,10,10,10,0,10,10,10,10,10,0,10,10,0,0,10,10,10,10,10,10,10,10
project/sim_ext.py --sim-time 1.5 --seq-graph project/file/graph_15_nodes.json --traffic project/file/traffic_15_nodes_net.json --inspection-rate 0.001 --mess-rate 0.002 --algorithm centflow,1.360365000001,5,10,10,10,10,10,10,10,10,3,10,10,10,10,10,2,10,10,10,10,10,10,10,10,10,1,10,10,10,10,10,0,10,10,0,0,10,10,10,10,10,10,10,10
project/sim_ext.py --sim-time 1.5 --seq-graph project/file/graph_15_nodes.json --traffic project/file/traffic_15_nodes_net.json --inspection-rate 0.001 --mess-rate 0.002 --algorithm centflow,1.361743000001,6,10,10,10,10,10,0,10,10,0,10,10,10,10,10,4,10,10,10,0,10,10,10,10,0,0,10,0,10,10,0,0,0,0,0,2,10,10,10,10,0,10,10,0
project/sim_ext.py --sim-time 1.5 --seq-graph project/file/graph_15_nodes.json --traffic project/file/traffic_15_nodes_net.json --inspection-rate 0.001 --mess-rate 0.002 --algorithm centflow,1.362752999997,6,10,10,10,10,10,0,10,10,0,10,10,10,10,10,5,10,10,10,0,10,10,10,10,0,0,10,0,10,10,0,0,0,0,0,3,10,10,10,10,0,10,10,3
project/sim_ext.py --sim-time 1.5 --seq-graph project/file/graph_15_nodes.json --traffic project/file/traffic_15_nodes_net.json --inspection-rate 0.001 --mess-rate 0.002 --algorithm centflow,1.363768000001,6,10,10,10,10,10,1,10,10,0,10,10,10,10,10,5,10,10,10,0,10,10,10,10,1,0,10,0,10,10,0,0,0,2,0,3,10,10,10,10,0,10,10,9
project/sim_ext.py --sim-time 1.5 --seq-graph project/file/graph_15_nodes.json --traffic project/file/traffic_15_nodes_net.json --inspection-rate 0.001 --mess-rate 0.002 --algorithm centflow,1.36484499988,7,10,10,10,10,10,1,10,10,0,10,10,10,10,10,6,10,10,10,0,10,10,10,10,6,0,10,1,10,10,0,0,0,8,0,0,10,10,10,10,3,10,10,0
project/sim_ext.py --sim-time 1.5 --seq-graph project/file/graph_15_nodes.json --traffic project/file/traffic_15_nodes_net.json --inspection-rate 0.001 --mess-rate 0.002 --algorithm centflow,1.365920000001,8,10,10,10,10,10,0,10,10,0,10,10,10,10,10,8,10,10,10,0,10,10,10,10,0,0,10,0,10,10,5,0,0,1,0,0,10,10,10,10,0,10,10,1
project/sim_ext.py --sim-time 1.5 --seq-graph project/file/graph_15_nodes.json --traffic project/file/traffic_15_nodes_net.json --inspection-rate 0.001 --mess-rate 0.002 --algorithm centflow,1.366950000001,8,10,10,10,10,10,2,10,10,0,10,10,10,10,10,9,10,10,10,0,10,10,10,10,1,0,10,1,10,10,0,0,2,7,0,0,10,10,10,10,8,10,10,0
project/sim_ext.py --sim-time 1.5 --seq-graph project/file/graph_15_nodes.json --traffic project/file/traffic_15_nodes_net.json --inspection-rate 0.001 --mess-rate 0.002 --algorithm centflow,1.367964000001,9,10,10,10,10,10,1,10,10,0,10,10,10,10,10,10,10,10,10,0,10,10,10,10,0,0,10,1,10,10,0,0,6,10,0,1,10,10,10,10,10,10,10,7
project/sim_ext.py --sim-time 1.5 --seq-graph project/file/graph_15_nodes.json --traffic project/file/traffic_15_nodes_net.json --inspection-rate 0.001 --mess-rate 0.002 --algorithm centflow,1.369018599997,9,10,10,10,10,10,0,10,10,0,10,10,10,10,10,10,10,10,10,0,10,10,10,10,0,0,10,3,10,10,1,0,9,10,0,0,10,10,10,10,10,10,10,10
project/sim_ext.py --sim-time 1.5 --seq-graph project/file/graph_15_nodes.json --traffic project/file/traffic_15_nodes_net.json --inspection-rate 0.001 --mess-rate 0.002 --algorithm centflow,1.3700361999969999,10,10,10,10,10,10,1,10,10,0,10,10,10,10,10,10,10,10,10,0,10,10,10,10,1,0,10,6,10,10,0,0,10,10,0,0,10,10,10,10,10,10,10,10
project/sim_ext.py --sim-time 1.5 --seq-graph project/file/graph_15_nodes.json --traffic project/file/traffic_15_nodes_net.json --inspection-rate 0.001 --mess-rate 0.002 --algorithm centflow,1.371059999872,10,10,10,10,10,10,0,10,10,0,10,10,10,10,10,10,10,10,10,0,10,10,10,10,0,0,10,8,10,10,0,0,10,10,1,0,10,10,10,10,10,10,10,10
project/sim_ext.py --sim-time 1.5 --seq-graph project/file/graph_15_nodes.json --traffic project/file/traffic_15_nodes_net.json --inspection-rate 0.001 --mess-rate 0.002 --algorithm centflow,1.372105599997,0,0,1,2,0,0,0,1,1,4,0,0,0,0,0,0,0,0,0,0,0,0,0,0,4,0,0,10,0,0,0,0,10,0,0,0,0,0,0,0,10,1,6,10
project/sim_ext.py --sim-time 1.5 --seq-graph project/file/graph_15_nodes.json --traffic project/file/traffic_15_nodes_net.json --inspection-rate 0.001 --mess-rate 0.002 --algorithm centflow,1.373154999883,4,0,0,0,0,0,4,0,4,0,2,0,0,0,0,0,0,0,0,4,0,0,2,1,0,0,0,10,0,1,3,0,10,4,0,0,3,6,0,0,10,2,3,10
project/sim_ext.py --sim-time 1.5 --seq-graph project/file/graph_15_nodes.json --traffic project/file/traffic_15_nodes_net.json --inspection-rate 0.001 --mess-rate 0.002 --algorithm centflow,1.374195000001,0,5,0,0,0,0,0,0,4,0,2,4,0,0,0,0,0,0,0,9,2,0,0,2,1,0,3,10,0,0,2,0,10,10,0,2,0,0,2,4,10,0,1,10
project/sim_ext.py --sim-time 1.5 --seq-graph project/file/graph_15_nodes.json --traffic project/file/traffic_15_nodes_net.json --inspection-rate 0.001 --mess-rate 0.002 --algorithm centflow,1.375209599997,0,10,0,6,0,0,0,0,4,1,0,4,0,0,0,0,0,0,0,10,9,0,4,0,2,0,2,10,0,0,4,0,10,10,1,3,9,9,8,10,10,1,5,10
project/sim_ext.py --sim-time 1.5 --seq-graph project/file/graph_15_nodes.json --traffic project/file/traffic_15_nodes_net.json --inspection-rate 0.001 --mess-rate 0.002 --algorithm centflow,1.376217000001,0,10,0,10,0,0,0,0,10,1,0,0,1,0,0,0,0,0,3,10,10,1,8,0,3,0,4,10,1,0,6,0,10,10,2,0,10,4,0,10,10,3,9,10
project/sim_ext.py --sim-time 1.5 --seq-graph project/file/graph_15_nodes.json --traffic project/file/traffic_15_nodes_net.json --inspection-rate 0.001 --mess-rate 0.002 --algorithm centflow,1.377310000001,0,10,0,10,0,0,3,0,10,0,1,1,6,4,1,0,0,1,0,10,10,3,10,0,6,0,5,10,0,0,8,2,10,10,4,0,10,10,8,10,10,6,10,10
project/sim_ext.py --sim-time 1.5 --seq-graph project/file/graph_15_nodes.json --traffic project/file/traffic_15_nodes_net.json --inspection-rate 0.001 --mess-rate 0.002 --algorithm centflow,1.378414999876,0,10,0,10,4,0,4,0,10,0,4,1,7,5,0,0,2,0,0,10,10,6,10,0,9,0,8,10,0,3,9,3,10,10,0,0,10,10,10,10,10,10,10,10
project/sim_ext.py --sim-time 1.5 --seq-graph project/file/graph_15_nodes.json --traffic project/file/traffic_15_nodes_net.json --inspection-rate 0.001 --mess-rate 0.002 --algorithm centflow,1.379608000001,0,10,0,10,8,0,6,0,10,0,5,0,7,5,0,0,3,0,1,10,10,10,10,0,9,0,10,10,0,0,10,0,10,10,0,1,10,10,10,10,10,10,10,10
project/sim_ext.py --sim-time 1.5 --seq-graph project/file/graph_15_nodes.json --traffic project/file/traffic_15_nodes_net.json --inspection-rate 0.001 --mess-rate 0.002 --algorithm centflow,1.380755000001,0,10,0,10,10,0,3,3,10,1,10,1,8,7,0,0,4,0,0,10,10,10,10,2,10,0,10,10,0,0,10,0,10,10,0,0,10,10,10,10,10,10,10,10
project/sim_ext.py --sim-time 1.5 --seq-graph project/file/graph_15_nodes.json --traffic project/file/traffic_15_nodes_net.json --inspection-rate 0.001 --mess-rate 0.002 --algorithm centflow,1.381775999997,1,10,1,10,10,0,5,6,10,1,10,0,8,7,0,0,5,3,0,10,10,10,10,3,10,0,10,10,2,2,10,0,10,10,0,0,10,10,10,10,10,10,10,10
project/sim_ext.py --sim-time 1.5 --seq-graph project/file/graph_15_nodes.json --traffic project/file/traffic_15_nodes_net.json --inspection-rate 0.001 --mess-rate 0.002 --algorithm centflow,1.382868288721777,0,10,2,10,10,3,8,0,10,2,10,1,8,9,1,0,7,5,0,10,10,10,10,4,10,0,10,10,2,0,10,0,10,10,2,0,10,10,10,10,10,10,10,10
project/sim_ext.py --sim-time 1.5 --seq-graph project/file/graph_15_nodes.json --traffic project/file/traffic_15_nodes_net.json --inspection-rate 0.001 --mess-rate 0.002 --algorithm centflow,1.383883000001,0,10,3,10,10,7,10,0,10,2,10,1,8,9,5,0,9,5,0,10,10,10,10,5,10,0,10,10,6,0,10,0,10,10,0,0,10,10,10,10,10,10,10,10
project/sim_ext.py --sim-time 1.5 --seq-graph project/file/graph_15_nodes.json --traffic project/file/traffic_15_nodes_net.json --inspection-rate 0.001 --mess-rate 0.002 --algorithm centflow,1.385300199997,0,10,9,10,10,10,10,0,10,2,10,1,9,10,6,0,10,10,0,10,10,10,10,9,10,0,10,10,10,0,10,0,10,10,0,3,10,10,10,10,10,10,10,10
project/sim_ext.py --sim-time 1.5 --seq-graph project/file/graph_15_nodes.json --traffic project/file/traffic_15_nodes_net.json --inspection-rate 0.001 --mess-rate 0.002 --algorithm centflow,1.386303143837441,0,10,9,10,10,0,10,0,10,2,10,1,9,10,7,0,10,10,0,10,10,10,10,10,10,0,10,10,10,0,10,0,10,10,0,0,10,10,10,10,10,10,10,10
project/sim_ext.py --sim-time 1.5 --seq-graph project/file/graph_15_nodes.json --traffic project/file/traffic_15_nodes_net.json --inspection-rate 0.001 --mess-rate 0.002 --algorithm centflow,1.387348000001,1,10,10,10,10,1,10,0,10,3,10,3,9,10,8,0,10,10,1,10,10,10,10,10,10,0,10,10,10,0,10,0,10,10,0,0,10,10,10,10,10,10,10,10
project/sim_ext.py --sim-time 1.5 --seq-graph project/file/graph_15_nodes.json --traffic project/file/traffic_15_nodes_net.json --inspection-rate 0.001 --mess-rate 0.002 --algorithm centflow,1.388404999876,1,10,10,10,10,4,10,2,10,4,10,4,10,10,9,0,10,10,0,10,10,10,10,10,10,0,10,10,10,0,10,0,10,10,0,1,10,10,10,10,10,10,10,10
project/sim_ext.py --sim-time 1.5 --seq-graph project/file/graph_15_nodes.json --traffic project/file/traffic_15_nodes_net.json --inspection-rate 0.001 --mess-rate 0.002 --algorithm centflow,1.389422000001,1,10,10,10,10,7,10,8,10,5,10,5,10,10,9,0,10,10,1,10,10,10,10,10,10,0,10,10,10,0,10,0,10,10,0,2,10,10,10,10,10,10,10,10
project/sim_ext.py --sim-time 1.5 --seq-graph project/file/graph_15_nodes.json --traffic project/file/traffic_15_nodes_net.json --inspection-rate 0.001 --mess-rate 0.002 --algorithm centflow,1.390507000001,1,10,10,10,10,9,10,10,10,6,10,7,10,10,9,0,10,10,0,10,10,10,10,10,10,0,10,10,10,0,10,0,10,10,0,3,10,10,10,10,10,10,10,10
project/sim_ext.py --sim-time 1.5 --seq-graph project/file/graph_15_nodes.json --traffic project/file/traffic_15_nodes_net.json --inspection-rate 0.001 --mess-rate 0.002 --algorithm centflow,1.391619432443688,3,10,10,10,10,10,10,10,10,6,10,7,10,10,9,0,10,10,2,10,10,10,10,10,10,1,10,10,10,2,10,0,10,10,0,3,10,10,10,10,10,10,10,10
project/sim_ext.py --sim-time 1.5 --seq-graph project/file/graph_15_nodes.json --traffic project/file/traffic_15_nodes_net.json --inspection-rate 0.001 --mess-rate 0.002 --algorithm centflow,1.3926307054148468,3,10,10,10,10,10,10,10,10,8,10,8,10,10,10,0,10,10,2,10,10,10,10,10,10,0,10,10,10,3,10,0,10,10,0,3,10,10,10,10,10,10,10,10
project/sim_ext.py --sim-time 1.5 --seq-graph project/file/graph_15_nodes.json --traffic project/file/traffic_15_nodes_net.json --inspection-rate 0.001 --mess-rate 0.002 --algorithm centflow,1.393649000001,4,10,10,10,10,10,10,10,10,9,10,8,10,10,10,1,10,10,2,10,10,10,10,10,10,0,10,10,10,4,10,0,10,10,0,5,10,10,10,10,10,10,10,10
project/sim_ext.py --sim-time 1.5 --seq-graph project/file/graph_15_nodes.json --traffic project/file/traffic_15_nodes_net.json --inspection-rate 0.001 --mess-rate 0.002 --algorithm centflow,1.394888000001,5,10,10,10,10,10,10,10,10,9,10,8,10,10,10,2,10,10,3,10,10,10,10,10,10,0,10,10,10,7,10,0,10,10,0,0,10,10,10,10,10,10,10,10
project/sim_ext.py --sim-time 1.5 --seq-graph project/file/graph_15_nodes.json --traffic project/file/traffic_15_nodes_net.json --inspection-rate 0.001 --mess-rate 0.002 --algorithm centflow,1.396104999883,5,10,10,10,10,10,10,10,10,9,10,10,10,10,10,3,10,10,4,10,10,10,10,10,10,0,10,10,10,10,10,0,10,10,0,0,10,10,10,10,10,10,10,10
project/sim_ext.py --sim-time 1.5 --seq-graph project/file/graph_15_nodes.json --traffic project/file/traffic_15_nodes_net.json --inspection-rate 0.001 --mess-rate 0.002 --algorithm centflow,1.3971516806675688,5,10,10,10,10,10,10,10,10,10,10,10,10,10,10,3,10,10,4,10,10,10,10,10,10,0,10,10,10,10,10,0,10,10,0,0,10,10,10,10,10,10,10,10
project/sim_ext.py --sim-time 1.5 --seq-graph project/file/graph_15_nodes.json --traffic project/file/traffic_15_nodes_net.json --inspection-rate 0.001 --mess-rate 0.002 --algorithm centflow,1.3981572006847585,5,10,10,10,10,10,10,10,10,10,10,10,10,10,10,3,10,10,7,10,10,10,10,10,10,0,10,10,10,10,10,0,10,10,0,0,10,10,10,10,10,10,10,10
project/sim_ext.py --sim-time 1.5 --seq-graph project/file/graph_15_nodes.json --traffic project/file/traffic_15_nodes_net.json --inspection-rate 0.001 --mess-rate 0.002 --algorithm centflow,1.399197000001,5,10,10,10,10,10,10,10,10,10,10,10,10,10,10,3,10,10,7,10,10,10,10,10,10,0,10,10,10,10,10,0,10,10,2,0,10,10,10,10,10,10,10,10
project/sim_ext.py --sim-time 1.5 --seq-graph project/file/graph_15_nodes.json --traffic project/file/traffic_15_nodes_net.json --inspection-rate 0.001 --mess-rate 0.002 --algorithm centflow,1.400214000001,7,10,10,10,10,10,10,10,10,10,10,10,10,10,10,3,10,10,8,10,10,10,10,10,10,0,10,10,10,10,10,0,10,10,0,2,10,10,10,10,10,10,10,10
project/sim_ext.py --sim-time 1.5 --seq-graph project/file/graph_15_nodes.json --traffic project/file/traffic_15_nodes_net.json --inspection-rate 0.001 --mess-rate 0.002 --algorithm centflow,1.4013696287989201,7,10,10,10,10,10,10,10,10,10,10,10,10,10,10,3,10,10,9,10,10,10,10,10,10,0,10,10,10,10,10,0,10,10,1,3,10,10,10,10,10,10,10,10
project/sim_ext.py --sim-time 1.5 --seq-graph project/file/graph_15_nodes.json --traffic project/file/traffic_15_nodes_net.json --inspection-rate 0.001 --mess-rate 0.002 --algorithm centflow,1.402445799997,0,7,0,3,0,1,1,0,2,0,0,2,2,2,0,0,0,0,1,0,10,3,0,0,1,0,1,0,0,0,0,0,4,0,3,0,0,0,0,10,0,0,0,0
project/sim_ext.py --sim-time 1.5 --seq-graph project/file/graph_15_nodes.json --traffic project/file/traffic_15_nodes_net.json --inspection-rate 0.001 --mess-rate 0.002 --algorithm centflow,1.403476199997,2,3,0,0,1,0,1,2,0,0,0,1,0,0,0,0,0,0,0,1,10,1,0,0,0,0,1,0,0,1,0,1,0,0,1,0,0,2,0,10,1,0,0,0
project/sim_ext.py --sim-time 1.5 --seq-graph project/file/graph_15_nodes.json --traffic project/file/traffic_15_nodes_net.json --inspection-rate 0.001 --mess-rate 0.002 --algorithm centflow,1.404538599997,0,0,1,2,0,0,0,1,2,0,0,0,0,1,0,0,3,1,0,0,10,0,0,0,0,0,1,0,0,1,3,0,0,0,3,0,0,0,0,10,0,1,0,1
project/sim_ext.py --sim-time 1.5 --seq-graph project/file/graph_15_nodes.json --traffic project/file/traffic_15_nodes_net.json --inspection-rate 0.001 --mess-rate 0.002 --algorithm centflow,1.405613799997,0,9,0,0,0,1,0,0,6,0,0,6,0,0,0,0,4,0,3,0,10,0,1,1,4,0,0,0,0,0,0,0,0,0,6,0,2,1,0,10,10,0,1,1
project/sim_ext.py --sim-time 1.5 --seq-graph project/file/graph_15_nodes.json --traffic project/file/traffic_15_nodes_net.json --inspection-rate 0.001 --mess-rate 0.002 --algorithm centflow,1.4066260075981567,0,10,0,4,0,4,0,0,10,0,0,1,0,0,3,0,0,0,0,0,10,9,6,0,0,0,2,3,1,1,0,3,10,0,0,0,4,4,6,10,10,5,6,0
project/sim_ext.py --sim-time 1.5 --seq-graph project/file/graph_15_nodes.json --traffic project/file/traffic_15_nodes_net.json --inspection-rate 0.001 --mess-rate 0.002 --algorithm centflow,1.407703000001,0,10,5,10,0,0,0,0,10,0,2,3,1,1,0,0,1,0,0,0,10,10,10,0,0,0,8,5,3,4,0,3,10,4,0,0,10,9,10,10,10,10,10,6
project/sim_ext.py --sim-time 1.5 --seq-graph project/file/graph_15_nodes.json --traffic project/file/traffic_15_nodes_net.json --inspection-rate 0.001 --mess-rate 0.002 --algorithm centflow,1.408809000001,0,10,0,10,0,1,1,0,10,0,4,7,4,1,1,1,5,0,0,0,10,10,10,0,1,0,10,7,4,0,0,0,10,0,0,1,10,10,10,10,10,10,10,10
project/sim_ext.py --sim-time 1.5 --seq-graph project/file/graph_15_nodes.json --traffic project/file/traffic_15_nodes_net.json --inspection-rate 0.001 --mess-rate 0.002 --algorithm centflow,1.4098294143645933,0,10,0,10,1,4,4,1,10,0,6,8,4,1,0,0,7,3,0,0,10,10,10,0,0,0,10,8,9,2,1,0,10,0,1,0,10,10,10,10,10,10,10,10
project/sim_ext.py --sim-time 1.5 --seq-graph project/file/graph_15_nodes.json --traffic project/file/traffic_15_nodes_net.json --inspection-rate 0.001 --mess-rate 0.002 --algorithm centflow,1.410904999876,0,10,1,10,4,7,5,3,10,0,8,9,6,1,0,0,8,7,0,1,10,10,10,0,0,0,10,8,10,4,2,1,10,3,0,0,10,10,10,10,10,10,10,10
project/sim_ext.py --sim-time 1.5 --seq-graph project/file/graph_15_nodes.json --traffic project/file/traffic_15_nodes_net.json --inspection-rate 0.001 --mess-rate 0.002 --algorithm centflow,1.412084999872,0,10,4,10,7,0,10,4,10,0,10,10,6,2,0,0,10,1,0,3,10,10,10,0,0,1,10,10,10,0,3,4,10,10,0,0,10,10,10,10,10,10,10,10
project/sim_ext.py --sim-time 1.5 --seq-graph project/file/graph_15_nodes.json --traffic project/file/traffic_15_nodes_net.json --inspection-rate 0.001 --mess-rate 0.002 --algorithm centflow,1.413381199997,0,10,8,10,7,0,10,8,10,0,10,10,6,3,0,0,10,10,0,4,0,10,10,1,0,0,10,10,10,0,0,0,10,10,2,0,10,10,10,1,10,10,10,10
project/sim_ext.py --sim-time 1.5 --seq-graph project/file/graph_15_nodes.json --traffic project/file/traffic_15_nodes_net.json --inspection-rate 0.001 --mess-rate 0.002 --algorithm centflow,1.414496999997,0,10,5,10,9,0,0,0,10,0,10,10,9,7,2,0,10,10,0,8,0,10,10,2,0,0,10,10,10,0,0,0,10,10,0,1,10,10,10,2,10,10,10,10
project/sim_ext.py --sim-time 1.5 --seq-graph project/file/graph_15_nodes.json --traffic project/file/traffic_15_nodes_net.json --inspection-rate 0.001 --mess-rate 0.002 --algorithm centflow,1.415530000001,0,10,7,10,9,1,0,0,10,1,10,10,10,8,4,0,10,10,3,10,0,10,10,4,0,0,10,10,10,0,0,0,10,10,0,0,10,10,10,0,10,10,10,10
project/sim_ext.py --sim-time 1.5 --seq-graph project/file/graph_15_nodes.json --traffic project/file/traffic_15_nodes_net.json --inspection-rate 0.001 --mess-rate 0.002 --algorithm centflow,1.416616000001,0,10,9,10,9,6,2,0,10,0,10,10,10,9,6,0,10,10,0,10,0,10,10,5,0,1,10,10,10,0,1,0,10,10,0,0,10,10,10,0,10,10,10,10
project/sim_ext.py --sim-time 1.5 --seq-graph project/file/graph_15_nodes.json --traffic project/file/traffic_15_nodes_net.json --inspection-rate 0.001 --mess-rate 0.002 --algorithm centflow,1.4176762234168343,0,10,10,10,10,7,0,0,10,0,10,10,10,9,8,0,10,10,0,10,0,10,10,6,1,0,10,10,10,0,1,1,10,10,2,0,10,10,10,0,10,10,10,10
project/sim_ext.py --sim-time 1.5 --seq-graph project/file/graph_15_nodes.json --traffic project/file/traffic_15_nodes_net.json --inspection-rate 0.001 --mess-rate 0.002 --algorithm centflow,1.418722000001,0,10,10,10,10,10,1,0,10,0,10,10,10,9,9,1,10,10,2,10,0,10,10,9,1,0,10,10,10,0,3,0,10,10,3,0,10,10,10,0,10,10,10,10
project/sim_ext.py --sim-time 1.5 --seq-graph project/file/graph_15_nodes.json --traffic project/file/traffic_15_nodes_net.json --inspection-rate 0.001 --mess-rate 0.002 --algorithm centflow,1.419744000001,0,10,10,10,10,10,4,1,10,0,10,10,10,10,10,0,10,10,0,10,0,10,10,10,2,0,10,10,10,0,5,0,10,10,3,0,10,10,10,7,10,10,10,10
project/sim_ext.py --sim-time 1.5 --seq-graph project/file/graph_15_nodes.json --traffic project/file/traffic_15_nodes_net.json --inspection-rate 0.001 --mess-rate 0.002 --algorithm centflow,1.420917000001,0,10,10,10,10,10,2,6,10,0,10,10,10,10,10,0,10,10,0,10,0,10,10,10,2,0,10,10,10,2,8,1,10,10,0,0,10,10,10,9,10,10,10,10
project/sim_ext.py --sim-time 1.5 --seq-graph project/file/graph_15_nodes.json --traffic project/file/traffic_15_nodes_net.json --inspection-rate 0.001 --mess-rate 0.002 --algorithm centflow,1.4219813695805401,0,10,10,10,10,0,6,9,10,0,10,10,10,10,10,0,10,10,1,10,0,10,10,10,2,0,10,10,10,5,10,0,10,10,0,0,10,10,10,10,10,10,10,10
project/sim_ext.py --sim-time 1.5 --seq-graph project/file/graph_15_nodes.json --traffic project/file/traffic_15_nodes_net.json --inspection-rate 0.001 --mess-rate 0.002 --algorithm centflow,1.4230841943676227,0,10,10,10,10,0,7,10,10,0,10,10,10,10,10,0,10,10,2,10,2,10,10,10,5,0,10,10,10,8,10,0,10,10,0,0,10,10,10,10,10,10,10,10
project/sim_ext.py --sim-time 1.5 --seq-graph project/file/graph_15_nodes.json --traffic project/file/traffic_15_nodes_net.json --inspection-rate 0.001 --mess-rate 0.002 --algorithm centflow,1.4241150000009999,0,10,10,10,10,1,10,4,10,2,10,10,10,10,10,0,10,10,3,10,3,10,10,10,9,0,10,10,10,10,10,0,10,10,0,0,10,10,10,10,10,10,10,10
project/sim_ext.py --sim-time 1.5 --seq-graph project/file/graph_15_nodes.json --traffic project/file/traffic_15_nodes_net.json --inspection-rate 0.001 --mess-rate 0.002 --algorithm centflow,1.425314000001,0,10,10,10,10,7,10,8,10,3,10,10,10,10,10,0,10,10,5,10,3,10,10,10,9,1,10,10,10,10,10,0,10,10,0,0,10,10,10,10,10,10,10,10
project/sim_ext.py --sim-time 1.5 --seq-graph project/file/graph_15_nodes.json --traffic project/file/traffic_15_nodes_net.json --inspection-rate 0.001 --mess-rate 0.002 --algorithm centflow,1.426388000001,0,10,10,10,10,8,10,10,10,3,10,10,10,10,10,0,10,10,6,10,4,10,10,10,10,0,10,10,10,10,10,0,10,10,2,0,10,10,10,10,10,10,10,10
project/sim_ext.py --sim-time 1.5 --seq-graph project/file/graph_15_nodes.json --traffic project/file/traffic_15_nodes_net.json --inspection-rate 0.001 --mess-rate 0.002 --algorithm centflow,1.4274154807714297,2,10,10,10,10,10,10,10,10,3,10,10,10,10,10,0,10,10,7,10,5,10,10,10,10,0,10,10,10,10,10,0,10,10,4,0,10,10,10,10,10,10,10,10
project/sim_ext.py --sim-time 1.5 --seq-graph project/file/graph_15_nodes.json --traffic project/file/traffic_15_nodes_net.json --inspection-rate 0.001 --mess-rate 0.002 --algorithm centflow,1.428436157995478,2,10,10,10,10,10,10,10,10,4,10,10,10,10,10,0,10,10,7,10,6,10,10,10,10,0,10,10,10,10,10,0,10,10,5,0,10,10,10,10,10,10,10,10
project/sim_ext.py --sim-time 1.5 --seq-graph project/file/graph_15_nodes.json --traffic project/file/traffic_15_nodes_net.json --inspection-rate 0.001 --mess-rate 0.002 --algorithm centflow,1.429444999876,3,10,10,10,10,10,10,10,10,5,10,10,10,10,10,1,10,10,7,10,6,10,10,10,10,0,10,10,10,10,10,0,10,10,7,0,10,10,10,10,10,10,10,10
project/sim_ext.py --sim-time 1.5 --seq-graph project/file/graph_15_nodes.json --traffic project/file/traffic_15_nodes_net.json --inspection-rate 0.001 --mess-rate 0.002 --algorithm centflow,1.430590000001,5,10,10,10,10,10,10,10,10,5,10,10,10,10,10,2,10,10,8,10,6,10,10,10,10,1,10,10,10,10,10,1,10,10,0,0,10,10,10,10,10,10,10,10
project/sim_ext.py --sim-time 1.5 --seq-graph project/file/graph_15_nodes.json --traffic project/file/traffic_15_nodes_net.json --inspection-rate 0.001 --mess-rate 0.002 --algorithm centflow,1.4317514162357001,6,10,10,10,10,10,10,10,10,6,10,10,10,10,10,2,10,10,8,10,6,10,10,10,10,0,10,10,10,10,10,0,10,10,4,3,10,10,10,10,10,10,10,10
project/sim_ext.py --sim-time 1.5 --seq-graph project/file/graph_15_nodes.json --traffic project/file/traffic_15_nodes_net.json --inspection-rate 0.001 --mess-rate 0.002 --algorithm centflow,1.432800999997,1,10,5,10,8,2,2,0,10,5,9,6,10,4,4,0,5,2,2,10,10,10,9,6,3,2,9,9,4,4,4,0,10,2,0,0,4,4,3,10,4,3,10,3
project/sim_ext.py --sim-time 1.5 --seq-graph project/file/graph_15_nodes.json --traffic project/file/traffic_15_nodes_net.json --inspection-rate 0.001 --mess-rate 0.002 --algorithm centflow,1.433801599997,0,10,0,0,1,0,0,0,10,1,1,0,0,1,0,0,0,0,0,2,10,10,0,0,0,0,0,0,0,0,2,0,0,0,0,0,0,0,0,10,2,0,10,0
project/sim_ext.py --sim-time 1.5 --seq-graph project/file/graph_15_nodes.json --traffic project/file/traffic_15_nodes_net.json --inspection-rate 0.001 --mess-rate 0.002 --algorithm centflow,1.4348019999969999,0,10,2,0,0,4,0,1,10,0,1,0,0,0,0,0,0,0,0,0,10,10,1,0,0,0,0,3,1,2,0,0,6,0,0,1,0,1,0,10,0,5,10,0
project/sim_ext.py --sim-time 1.5 --seq-graph project/file/graph_15_nodes.json --traffic project/file/traffic_15_nodes_net.json --inspection-rate 0.001 --mess-rate 0.002 --algorithm centflow,1.43600499988,0,10,0,0,0,0,0,0,10,0,0,0,0,0,0,0,0,0,0,0,10,10,2,1,4,0,0,1,0,0,0,0,0,1,0,0,1,1,6,10,0,0,10,0
project/sim_ext.py --sim-time 1.5 --seq-graph project/file/graph_15_nodes.json --traffic project/file/traffic_15_nodes_net.json --inspection-rate 0.001 --mess-rate 0.002 --algorithm centflow,1.437136000001,0,10,4,1,0,0,0,0,10,5,0,0,0,0,0,0,0,0,0,0,10,10,3,0,1,0,1,0,0,0,0,0,6,0,3,0,0,1,0,10,5,0,10,0
project/sim_ext.py --sim-time 1.5 --seq-graph project/file/graph_15_nodes.json --traffic project/file/traffic_15_nodes_net.json --inspection-rate 0.001 --mess-rate 0.002 --algorithm centflow,1.438215399997,0,10,0,6,0,0,2,0,10,0,0,1,1,0,0,0,2,1,3,0,10,10,9,0,0,0,4,1,4,0,0,0,9,1,3,0,8,9,1,10,8,0,10,1
project/sim_ext.py --sim-time 1.5 --seq-graph project/file/graph_15_nodes.json --traffic project/file/traffic_15_nodes_net.json --inspection-rate 0.001 --mess-rate 0.002 --algorithm centflow,1.439242000001,0,10,1,10,0,0,0,0,10,1,2,5,3,3,0,0,2,3,0,0,10,10,10,0,0,0,5,0,5,1,2,0,10,5,0,0,10,10,3,10,10,2,10,5
project/sim_ext.py --sim-time 1.5 --seq-graph project/file/graph_15_nodes.json --traffic project/file/traffic_15_nodes_net.json --inspection-rate 0.001 --mess-rate 0.002 --algorithm centflow,1.44030228768797,0,10,0,10,1,3,0,2,10,0,6,8,4,3,2,0,3,0,0,1,10,10,10,0,0,0,10,3,9,0,0,1,10,4,1,0,10,10,10,10,10,8,10,9
project/sim_ext.py --sim-time 1.5 --seq-graph project/file/graph_15_nodes.json --traffic project/file/traffic_15_nodes_net.json --inspection-rate 0.001 --mess-rate 0.002 --algorithm centflow,1.441312999997,0,10,1,10,4,2,0,0,10,0,8,8,6,4,0,0,3,0,0,3,10,10,10,0,0,0,10,7,10,1,0,0,10,7,6,2,10,10,10,10,10,10,10,10
project/sim_ext.py --sim-time 1.5 --seq-graph project/file/graph_15_nodes.json --traffic project/file/traffic_15_nodes_net.json --inspection-rate 0.001 --mess-rate 0.002 --algorithm centflow,1.442581987901964,0,10,0,10,5,0,0,0,10,0,10,10,6,4,0,1,6,0,0,5,10,10,10,0,0,0,10,10,10,3,0,0,10,10,0,3,10,10,10,10,10,10,10,10
project/sim_ext.py --sim-time 1.5 --seq-graph project/file/graph_15_nodes.json --traffic project/file/traffic_15_nodes_net.json --inspection-rate 0.001 --mess-rate 0.002 --algorithm centflow,1.4435823907047678,0,0,1,10,10,0,1,0,1,0,10,10,10,5,0,3,10,0,2,8,0,0,10,0,0,0,10,10,10,0,0,0,10,10,0,3,10,10,10,0,10,10,0,10
project/sim_ext.py --sim-time 1.5 --seq-graph project/file/graph_15_nodes.json --traffic project/file/traffic_15_nodes_net.json --inspection-rate 0.001 --mess-rate 0.002 --algorithm centflow,1.444761999997,0,0,0,10,10,0,5,0,0,0,10,10,10,5,2,1,10,1,1,9,0,0,10,0,0,0,10,10,10,0,1,0,10,10,0,0,10,10,10,0,10,10,0,10
project/sim_ext.py --sim-time 1.5 --seq-graph project/file/graph_15_nodes.json --traffic project/file/traffic_15_nodes_net.json --inspection-rate 0.001 --mess-rate 0.002 --algorithm centflow,1.4459679999969999,0,0,6,10,10,0,9,0,0,0,10,10,10,6,6,0,10,3,0,10,1,1,10,0,0,0,10,10,10,0,5,0,10,10,5,0,10,10,10,0,10,10,0,10
project/sim_ext.py --sim-time 1.5 --seq-graph project/file/graph_15_nodes.json --traffic project/file/traffic_15_nodes_net.json --inspection-rate 0.001 --mess-rate 0.002 --algorithm centflow,1.446975000001,0,1,8,10,10,1,10,0,0,0,10,10,10,7,6,0,10,5,0,10,0,1,10,0,1,0,10,10,10,1,10,0,10,10,0,0,10,10,10,0,10,10,0,10
project/sim_ext.py --sim-time 1.5 --seq-graph project/file/graph_15_nodes.json --traffic project/file/traffic_15_nodes_net.json --inspection-rate 0.001 --mess-rate 0.002 --algorithm centflow,1.448221000001,1,0,8,10,10,0,10,4,0,0,10,10,10,10,7,0,10,9,2,10,0,0,10,2,3,0,10,10,10,2,10,0,10,10,0,4,10,10,10,0,10,10,5,10
project/sim_ext.py --sim-time 1.5 --seq-graph project/file/graph_15_nodes.json --traffic project/file/traffic_15_nodes_net.json --inspection-rate 0.001 --mess-rate 0.002 --algorithm centflow,1.4493955125827298,0,0,8,10,10,0,10,0,0,0,10,10,10,10,10,1,10,10,7,10,0,1,10,3,4,0,10,10,10,6,10,0,10,10,1,7,10,10,10,0,10,10,0,10
project/sim_ext.py --sim-time 1.5 --seq-graph project/file/graph_15_nodes.json --traffic project/file/traffic_15_nodes_net.json --inspection-rate 0.001 --mess-rate 0.002 --algorithm centflow,1.450443000001,0,0,9,10,10,5,6,1,0,0,10,10,10,10,10,0,10,10,10,10,0,4,10,4,4,0,10,10,10,7,10,0,10,10,2,0,10,10,10,3,10,10,1,10
project/sim_ext.py --sim-time 1.5 --seq-graph project/file/graph_15_nodes.json --traffic project/file/traffic_15_nodes_net.json --inspection-rate 0.001 --mess-rate 0.002 --algorithm centflow,1.451474000001,0,0,10,10,10,7,8,2,2,4,10,10,10,10,10,0,10,10,10,10,0,4,10,5,5,0,10,10,10,10,10,0,10,10,0,0,10,10,10,10,10,10,4,10
project/sim_ext.py --sim-time 1.5 --seq-graph project/file/graph_15_nodes.json --traffic project/file/traffic_15_nodes_net.json --inspection-rate 0.001 --mess-rate 0.002 --algorithm centflow,1.452762478451152,0,1,10,10,10,10,9,0,0,4,10,10,10,10,10,0,10,10,10,10,2,6,10,7,7,0,10,10,10,10,10,1,10,10,0,0,10,10,10,10,10,10,10,10
project/sim_ext.py --sim-time 1.5 --seq-graph project/file/graph_15_nodes.json --traffic project/file/traffic_15_nodes_net.json --inspection-rate 0.001 --mess-rate 0.002 --algorithm centflow,1.4537753521579118,0,0,10,10,10,10,9,0,0,4,10,10,10,10,10,0,10,10,10,10,2,7,10,9,8,0,10,10,10,10,10,0,10,10,0,0,10,10,10,10,10,10,10,10
project/sim_ext.py --sim-time 1.5 --seq-graph project/file/graph_15_nodes.json --traffic project/file/traffic_15_nodes_net.json --inspection-rate 0.001 --mess-rate 0.002 --algorithm centflow,1.4547882516538344,0,0,10,10,10,10,10,0,0,5,10,10,10,10,10,0,10,10,10,10,2,7,10,10,9,0,10,10,10,10,10,0,10,10,0,0,10,10,10,10,10,10,10,10
project/sim_ext.py --sim-time 1.5 --seq-graph project/file/graph_15_nodes.json --traffic project/file/traffic_15_nodes_net.json --inspection-rate 0.001 --mess-rate 0.002 --algorithm centflow,1.455793000001,0,2,10,10,10,10,10,0,4,7,10,10,10,10,10,0,10,10,10,10,3,8,10,10,9,1,10,10,10,10,10,0,10,10,0,0,10,10,10,10,10,10,10,10
project/sim_ext.py --sim-time 1.5 --seq-graph project/file/graph_15_nodes.json --traffic project/file/traffic_15_nodes_net.json --inspection-rate 0.001 --mess-rate 0.002 --algorithm centflow,1.456798574542236,0,5,10,10,10,10,10,0,5,8,10,10,10,10,10,0,10,10,10,10,4,8,10,10,10,0,10,10,10,10,10,0,10,10,0,0,10,10,10,10,10,10,10,10
project/sim_ext.py --sim-time 1.5 --seq-graph project/file/graph_15_nodes.json --traffic project/file/traffic_15_nodes_net.json --inspection-rate 0.001 --mess-rate 0.002 --algorithm centflow,1.457954000001,0,6,10,10,10,10,10,2,8,9,10,10,10,10,10,0,10,10,10,10,7,8,10,10,10,0,10,10,10,10,10,0,10,10,0,0,10,10,10,10,10,10,10,10
project/sim_ext.py --sim-time 1.5 --seq-graph project/file/graph_15_nodes.json --traffic project/file/traffic_15_nodes_net.json --inspection-rate 0.001 --mess-rate 0.002 --algorithm centflow,1.458988000001,1,8,10,10,10,10,10,4,10,9,10,10,10,10,10,0,10,10,10,10,7,8,10,10,10,0,10,10,10,10,10,1,10,10,0,0,10,10,10,10,10,10,10,10
project/sim_ext.py --sim-time 1.5 --seq-graph project/file/graph_15_nodes.json --traffic project/file/traffic_15_nodes_net.json --inspection-rate 0.001 --mess-rate 0.002 --algorithm centflow,1.460117000001,2,10,10,10,10,10,10,8,10,9,10,10,10,10,10,1,10,10,10,10,8,8,10,10,10,1,10,10,10,10,10,1,10,10,0,0,10,10,10,10,10,10,10,10
project/sim_ext.py --sim-time 1.5 --seq-graph project/file/graph_15_nodes.json --traffic project/file/traffic_15_nodes_net.json --inspection-rate 0.001 --mess-rate 0.002 --algorithm centflow,1.461145000001,2,10,10,10,10,10,10,9,10,10,10,10,10,10,10,1,10,10,10,10,10,8,10,10,10,0,10,10,10,10,10,0,10,10,1,0,10,10,10,10,10,10,10,10
project/sim_ext.py --sim-time 1.5 --seq-graph project/file/graph_15_nodes.json --traffic project/file/traffic_15_nodes_net.json --inspection-rate 0.001 --mess-rate 0.002 --algorithm centflow,1.462170000001,3,10,10,10,10,10,10,10,10,10,10,10,10,10,10,3,10,10,10,10,10,8,10,10,10,0,10,10,10,10,10,0,10,10,0,0,10,10,10,10,10,10,10,10
project/sim_ext.py --sim-time 1.5 --seq-graph project/file/graph_15_nodes.json --traffic project/file/traffic_15_nodes_net.json --inspection-rate 0.001 --mess-rate 0.002 --algorithm centflow,1.463296999997,3,10,10,10,10,10,10,10,10,10,10,10,10,10,10,4,10,10,10,10,10,8,10,10,10,1,10,8,10,10,10,0,10,10,0,0,10,10,10,10,10,10,10,8
project/sim_ext.py --sim-time 1.5 --seq-graph project/file/graph_15_nodes.json --traffic project/file/traffic_15_nodes_net.json --inspection-rate 0.001 --mess-rate 0.002 --algorithm centflow,1.464320000001,3,10,10,10,10,10,10,10,10,10,10,10,10,10,10,4,10,10,10,10,10,8,10,10,10,0,10,0,10,10,10,0,10,10,0,0,10,10,10,10,10,10,10,0
project/sim_ext.py --sim-time 1.5 --seq-graph project/file/graph_15_nodes.json --traffic project/file/traffic_15_nodes_net.json --inspection-rate 0.001 --mess-rate 0.002 --algorithm centflow,1.465361000001,4,10,10,10,10,10,10,10,10,10,10,10,10,10,10,5,10,10,10,10,10,8,10,10,10,1,10,0,10,10,10,0,10,10,0,1,10,10,10,10,10,10,10,0
project/sim_ext.py --sim-time 1.5 --seq-graph project/file/graph_15_nodes.json --traffic project/file/traffic_15_nodes_net.json --inspection-rate 0.001 --mess-rate 0.002 --algorithm centflow,1.466621000001,4,10,10,10,10,10,10,10,10,10,10,10,10,10,10,6,10,10,10,10,10,8,10,10,10,0,10,0,10,10,10,1,10,10,1,0,10,10,10,10,10,10,10,0
project/sim_ext.py --sim-time 1.5 --seq-graph project/file/graph_15_nodes.json --traffic project/file/traffic_15_nodes_net.json --inspection-rate 0.001 --mess-rate 0.002 --algorithm centflow,1.467726000001,5,10,10,10,10,10,10,10,10,10,10,10,10,10,10,6,10,10,10,10,10,9,10,10,10,1,10,0,10,10,10,0,10,10,0,0,10,10,10,10,10,10,10,2
project/sim_ext.py --sim-time 1.5 --seq-graph project/file/graph_15_nodes.json --traffic project/file/traffic_15_nodes_net.json --inspection-rate 0.001 --mess-rate 0.002 --algorithm centflow,1.469130000001,8,10,10,10,10,10,10,10,10,10,10,10,10,10,10,6,10,10,10,10,10,9,10,10,10,0,10,0,10,10,10,0,10,10,0,0,10,10,10,10,10,10,10,0
project/sim_ext.py --sim-time 1.5 --seq-graph project/file/graph_15_nodes.json --traffic project/file/traffic_15_nodes_net.json --inspection-rate 0.001 --mess-rate 0.002 --algorithm centflow,1.470240000001,9,10,10,10,10,10,10,10,10,10,10,10,10,10,10,6,10,10,10,10,10,9,10,10,10,0,10,0,10,10,10,0,10,10,3,0,10,10,10,10,10,10,10,0
project/sim_ext.py --sim-time 1.5 --seq-graph project/file/graph_15_nodes.json --traffic project/file/traffic_15_nodes_net.json --inspection-rate 0.001 --mess-rate 0.002 --algorithm centflow,1.471249999997,10,10,10,10,10,10,10,10,10,10,10,10,10,10,10,8,10,10,10,10,10,10,10,10,10,0,10,0,10,10,10,0,10,10,0,0,10,10,10,10,10,10,10,0
project/sim_ext.py --sim-time 1.5 --seq-graph project/file/graph_15_nodes.json --traffic project/file/traffic_15_nodes_net.json --inspection-rate 0.001 --mess-rate 0.002 --algorithm centflow,1.4724444056005381,10,10,10,10,10,10,10,10,10,10,10,10,10,10,10,8,10,10,10,10,10,10,10,10,10,1,10,0,10,10,10,0,10,10,0,1,10,10,10,10,10,10,10,5
project/sim_ext.py --sim-time 1.5 --seq-graph project/file/graph_15_nodes.json --traffic project/file/traffic_15_nodes_net.json --inspection-rate 0.001 --mess-rate 0.002 --algorithm centflow,1.473691000001,4,9,9,8,9,3,4,4,9,4,7,10,10,7,3,4,5,4,6,9,10,9,7,5,4,1,9,8,6,7,4,0,10,5,1,0,6,6,4,10,4,3,7,10
project/sim_ext.py --sim-time 1.5 --seq-graph project/file/graph_15_nodes.json --traffic project/file/traffic_15_nodes_net.json --inspection-rate 0.001 --mess-rate 0.002 --algorithm centflow,1.474746599997,0,0,1,0,0,0,0,0,1,2,0,0,2,0,0,1,0,0,0,0,10,0,1,0,0,0,0,10,0,0,0,1,0,0,0,0,0,0,0,10,0,0,0,10
project/sim_ext.py --sim-time 1.5 --seq-graph project/file/graph_15_nodes.json --traffic project/file/traffic_15_nodes_net.json --inspection-rate 0.001 --mess-rate 0.002 --algorithm centflow,1.475752000001,0,3,0,1,0,1,2,0,2,0,0,0,1,0,1,5,0,0,0,0,10,0,0,0,0,0,0,10,2,0,1,0,0,0,0,2,4,0,0,10,5,1,4,10
project/sim_ext.py --sim-time 1.5 --seq-graph project/file/graph_15_nodes.json --traffic project/file/traffic_15_nodes_net.json --inspection-rate 0.001 --mess-rate 0.002 --algorithm centflow,1.476775000001,1,10,0,4,0,0,0,0,10,1,3,0,0,0,0,0,0,5,0,0,10,0,9,0,1,0,0,10,0,0,0,0,0,7,0,0,1,3,1,10,1,3,1,10
project/sim_ext.py --sim-time 1.5 --seq-graph project/file/graph_15_nodes.json --traffic project/file/traffic_15_nodes_net.json --inspection-rate 0.001 --mess-rate 0.002 --algorithm centflow,1.477794000001,0,10,2,9,0,1,1,0,10,0,0,1,2,0,0,0,0,0,0,0,10,1,10,0,0,0,5,10,6,1,0,0,0,4,0,0,4,4,1,10,4,0,6,10
project/sim_ext.py --sim-time 1.5 --seq-graph project/file/graph_15_nodes.json --traffic project/file/traffic_15_nodes_net.json --inspection-rate 0.001 --mess-rate 0.002 --algorithm centflow,1.478855399997,0,10,0,9,0,6,8,0,10,0,4,5,2,1,1,0,0,2,0,0,10,7,10,0,2,0,7,10,10,0,0,0,1,3,0,0,10,10,10,10,10,1,10,10
project/sim_ext.py --sim-time 1.5 --seq-graph project/file/graph_15_nodes.json --traffic project/file/traffic_15_nodes_net.json --inspection-rate 0.001 --mess-rate 0.002 --algorithm centflow,1.4798620000009999,0,10,1,9,1,7,9,2,10,0,0,6,3,2,0,0,5,0,0,0,10,10,10,0,0,0,7,10,10,2,0,0,5,0,0,0,10,10,10,10,10,9,10,10
project/sim_ext.py --sim-time 1.5 --seq-graph project/file/graph_15_nodes.json --traffic project/file/traffic_15_nodes_net.json --inspection-rate 0.001 --mess-rate 0.002 --algorithm centflow,1.480889000001,1,10,3,10,3,0,10,0,10,0,1,8,10,4,0,0,2,0,0,0,10,10,10,3,0,0,9,10,10,0,0,0,7,5,0,0,10,10,10,10,10,10,10,10
project/sim_ext.py --sim-time 1.5 --seq-graph project/file/graph_15_nodes.json --traffic project/file/traffic_15_nodes_net.json --inspection-rate 0.001 --mess-rate 0.002 --algorithm centflow,1.481947000001,2,10,0,10,5,0,0,0,10,0,3,10,10,6,0,0,3,0,0,0,10,10,10,4,0,1,10,10,10,0,0,0,10,10,0,0,10,10,10,10,10,10,10,10
project/sim_ext.py --sim-time 1.5 --seq-graph project/file/graph_15_nodes.json --traffic project/file/traffic_15_nodes_net.json --inspection-rate 0.001 --mess-rate 0.002 --algorithm centflow,1.483087999997,0,10,0,10,7,3,0,0,10,0,4,10,10,8,0,1,8,1,0,0,4,10,10,0,0,0,10,10,10,1,0,0,10,10,0,0,10,10,10,6,10,10,10,10
project/sim_ext.py --sim-time 1.5 --seq-graph project/file/graph_15_nodes.json --traffic project/file/traffic_15_nodes_net.json --inspection-rate 0.001 --mess-rate 0.002 --algorithm centflow,1.484096999997,0,10,0,10,10,0,0,0,10,0,6,10,10,8,0,0,10,0,4,2,0,10,10,0,0,0,10,10,10,0,0,0,10,10,1,0,10,10,10,0,10,10,10,10
project/sim_ext.py --sim-time 1.5 --seq-graph project/file/graph_15_nodes.json --traffic project/file/traffic_15_nodes_net.json --inspection-rate 0.001 --mess-rate 0.002 --algorithm centflow,1.485121000001,0,10,2,10,10,0,0,0,10,0,7,10,10,10,0,0,10,0,0,4,0,10,10,2,1,0,10,10,10,0,0,0,10,10,2,0,10,10,10,1,10,10,10,10
project/sim_ext.py --sim-time 1.5 --seq-graph project/file/graph_15_nodes.json --traffic project/file/traffic_15_nodes_net.json --inspection-rate 0.001 --mess-rate 0.002 --algorithm centflow,1.4863151870850408,0,10,5,10,10,1,0,3,10,0,9,10,10,10,0,0,10,0,1,6,0,10,10,2,0,0,10,10,10,3,0,0,10,10,0,1,10,10,10,3,10,10,10,10
project/sim_ext.py --sim-time 1.5 --seq-graph project/file/graph_15_nodes.json --traffic project/file/traffic_15_nodes_net.json --inspection-rate 0.001 --mess-rate 0.002 --algorithm centflow,1.4873401301451716,0,10,7,10,10,3,0,0,10,0,9,10,10,10,4,1,10,2,1,9,0,10,10,0,0,0,10,10,10,4,0,0,10,10,0,1,10,10,10,0,10,10,10,10
project/sim_ext.py --sim-time 1.5 --seq-graph project/file/graph_15_nodes.json --traffic project/file/traffic_15_nodes_net.json --inspection-rate 0.001 --mess-rate 0.002 --algorithm centflow,1.488373000001,0,10,9,10,10,4,0,0,10,0,10,10,10,10,5,0,10,6,2,10,1,10,10,0,0,0,10,10,10,6,4,0,10,10,0,0,10,10,10,0,10,10,10,10
project/sim_ext.py --sim-time 1.5 --seq-graph project/file/graph_15_nodes.json --traffic project/file/traffic_15_nodes_net.json --inspection-rate 0.001 --mess-rate 0.002 --algorithm centflow,1.489446799997,0,10,9,10,10,5,0,0,10,0,10,10,10,10,10,0,10,2,3,10,0,10,10,0,0,0,10,10,10,7,0,1,10,10,0,0,10,10,10,2,10,10,10,10
project/sim_ext.py --sim-time 1.5 --seq-graph project/file/graph_15_nodes.json --traffic project/file/traffic_15_nodes_net.json --inspection-rate 0.001 --mess-rate 0.002 --algorithm centflow,1.490509799997,0,10,10,10,10,6,0,0,10,0,10,10,10,10,10,0,10,8,3,10,2,10,10,4,0,0,10,10,10,8,0,0,10,10,0,0,10,10,10,8,10,10,10,10
project/sim_ext.py --sim-time 1.5 --seq-graph project/file/graph_15_nodes.json --traffic project/file/traffic_15_nodes_net.json --inspection-rate 0.001 --mess-rate 0.002 --algorithm centflow,1.491583000001,2,10,10,10,10,8,0,0,10,1,10,10,10,10,10,0,10,10,6,10,2,10,10,4,0,0,10,10,10,8,0,0,10,10,0,0,10,10,10,10,10,10,10,10
project/sim_ext.py --sim-time 1.5 --seq-graph project/file/graph_15_nodes.json --traffic project/file/traffic_15_nodes_net.json --inspection-rate 0.001 --mess-rate 0.002 --algorithm centflow,1.492606000001,2,10,10,10,10,10,4,1,10,1,10,10,10,10,10,0,10,10,6,10,3,10,10,5,0,0,10,10,10,9,1,1,10,10,0,0,10,10,10,10,10,10,10,10
project/sim_ext.py --sim-time 1.5 --seq-graph project/file/graph_15_nodes.json --traffic project/file/traffic_15_nodes_net.json --inspection-rate 0.001 --mess-rate 0.002 --algorithm centflow,1.493744702485119,2,10,10,10,10,10,6,0,10,1,10,10,10,10,10,0,10,10,6,10,4,10,10,6,1,0,10,10,10,10,0,0,10,10,5,0,10,10,10,10,10,10,10,10
project/sim_ext.py --sim-time 1.5 --seq-graph project/file/graph_15_nodes.json --traffic project/file/traffic_15_nodes_net.json --inspection-rate 0.001 --mess-rate 0.002 --algorithm centflow,1.494803000001,3,10,10,10,10,10,9,0,10,1,10,10,10,10,10,0,10,10,7,10,5,10,10,9,0,0,10,10,10,10,1,0,10,10,8,0,10,10,10,10,10,10,10,10
project/sim_ext.py --sim-time 1.5 --seq-graph project/file/graph_15_nodes.json --traffic project/file/traffic_15_nodes_net.json --inspection-rate 0.001 --mess-rate 0.002 --algorithm centflow,1.4959730000009999,4,10,10,10,10,10,10,0,10,2,10,10,10,10,10,0,10,10,9,10,6,10,10,9,1,0,10,10,10,10,0,1,10,10,0,0,10,10,10,10,10,10,10,10
project/sim_ext.py --sim-time 1.5 --seq-graph project/file/graph_15_nodes.json --traffic project/file/traffic_15_nodes_net.json --inspection-rate 0.001 --mess-rate 0.002 --algorithm centflow,1.496995000001,4,10,10,10,10,10,10,2,10,2,10,10,10,10,10,2,10,10,10,10,6,10,10,10,4,0,10,10,10,10,0,0,10,10,0,0,10,10,10,10,10,10,10,10
project/sim_ext.py --sim-time 1.5 --seq-graph project/file/graph_15_nodes.json --traffic project/file/traffic_15_nodes_net.json --inspection-rate 0.001 --mess-rate 0.002 --algorithm centflow,1.498104000001,4,10,10,10,10,10,10,7,10,2,10,10,10,10,10,2,10,10,10,10,8,10,10,10,6,0,10,10,10,10,2,0,10,10,0,0,10,10,10,10,10,10,10,10
project/sim_ext.py --sim-time 1.5 --seq-graph project/file/graph_15_nodes.json --traffic project/file/traffic_15_nodes_net.json --inspection-rate 0.001 --mess-rate 0.002 --algorithm centflow,1.499122000001,4,10,10,10,10,10,10,10,10,2,10,10,10,10,10,2,10,10,10,10,10,10,10,10,6,0,10,10,10,10,4,0,10,10,0,0,10,10,10,10,10,10,10,10
