Sim. Command,Time,tr_node0_to_node1,tr_node0_to_node2,tr_node0_to_node3,tr_node0_to_node4,tr_node0_to_node12,tr_node1_to_node0,tr_node1_to_node2,tr_node1_to_node3,tr_node2_to_node0,tr_node2_to_node1,tr_node2_to_node3,tr_node2_to_node5,tr_node2_to_node8,tr_node2_to_node9,tr_node3_to_node0,tr_node3_to_node1,tr_node3_to_node2,tr_node3_to_node4,tr_node3_to_node5,tr_node3_to_node6,tr_node3_to_node10,tr_node3_to_node13,tr_node4_to_node0,tr_node4_to_node3,tr_node4_to_node5,tr_node4_to_node6,tr_node4_to_node7,tr_node4_to_node14,tr_node5_to_node2,tr_node5_to_node3,tr_node5_to_node4,tr_node5_to_node6,tr_node5_to_node11,tr_node6_to_node3,tr_node6_to_node4,tr_node6_to_node5,tr_node7_to_node4,tr_node8_to_node2,tr_node9_to_node2,tr_node10_to_node3,tr_node11_to_node5,tr_node12_to_node0,tr_node13_to_node3,tr_node14_to_node4
project/sim_ext.py --sim-time 1.5 --seq-graph project/file/graph_15_nodes.json --traffic project/file/traffic_15_nodes_random.json --inspection-rate 0.001 --mess-rate 0.002,0.001027,0,0,0,0,0,0,0,0,0,0,0,0,0,0,0,0,0,0,0,0,0,0,0,0,0,0,0,0,0,0,0,0,0,0,0,0,0,0,0,0,0,0,0,0
project/sim_ext.py --sim-time 1.5 --seq-graph project/file/graph_15_nodes.json --traffic project/file/traffic_15_nodes_random.json --inspection-rate 0.001 --mess-rate 0.002,0.002266,0,0,0,0,0,0,0,0,0,0,0,0,0,0,0,0,0,0,0,0,0,0,0,0,0,0,0,0,0,0,0,0,0,0,0,0,0,0,0,0,0,0,0,0
project/sim_ext.py --sim-time 1.5 --seq-graph project/file/graph_15_nodes.json --traffic project/file/traffic_15_nodes_random.json --inspection-rate 0.001 --mess-rate 0.002,0.0034289999999999998,0,0,0,0,0,0,0,0,0,0,0,0,0,0,0,0,0,0,0,0,0,0,0,0,0,0,0,0,0,0,0,0,0,0,0,0,0,0,0,0,0,0,0,0
project/sim_ext.py --sim-time 1.5 --seq-graph project/file/graph_15_nodes.json --traffic project/file/traffic_15_nodes_random.json --inspection-rate 0.001 --mess-rate 0.002,0.004431296138262825,0,0,0,0,0,0,0,0,0,0,0,0,0,0,0,0,0,0,0,0,0,0,0,0,0,0,0,0,0,0,0,0,0,0,0,0,0,0,0,0,0,0,0,0
project/sim_ext.py --sim-time 1.5 --seq-graph project/file/graph_15_nodes.json --traffic project/file/traffic_15_nodes_random.json --inspection-rate 0.001 --mess-rate 0.002,0.005684,0,0,0,0,0,0,0,0,0,0,0,0,0,0,0,0,0,0,0,0,0,0,0,0,0,0,0,0,0,0,0,0,0,0,0,0,0,0,0,0,0,0,0,0
project/sim_ext.py --sim-time 1.5 --seq-graph project/file/graph_15_nodes.json --traffic project/file/traffic_15_nodes_random.json --inspection-rate 0.001 --mess-rate 0.002,0.006986,0,0,0,0,0,0,0,0,0,0,0,0,0,0,0,0,0,0,0,0,0,0,0,0,0,0,0,0,0,0,0,0,0,0,0,0,0,0,0,0,0,0,0,0
project/sim_ext.py --sim-time 1.5 --seq-graph project/file/graph_15_nodes.json --traffic project/file/traffic_15_nodes_random.json --inspection-rate 0.001 --mess-rate 0.002,0.008216,0,0,0,0,0,0,0,0,0,0,0,0,0,0,0,0,0,0,0,0,0,0,0,0,0,0,0,0,0,0,0,0,0,0,0,0,0,0,0,0,0,0,0,0
project/sim_ext.py --sim-time 1.5 --seq-graph project/file/graph_15_nodes.json --traffic project/file/traffic_15_nodes_random.json --inspection-rate 0.001 --mess-rate 0.002,0.009785,0,0,0,0,0,0,0,0,0,0,0,0,0,0,0,0,0,0,0,0,0,0,0,0,0,0,0,0,0,0,0,0,0,0,0,0,0,0,0,0,0,0,0,0
project/sim_ext.py --sim-time 1.5 --seq-graph project/file/graph_15_nodes.json --traffic project/file/traffic_15_nodes_random.json --inspection-rate 0.001 --mess-rate 0.002,0.010816,0,0,0,0,0,0,0,0,0,0,0,0,0,0,0,0,0,0,0,0,0,0,0,0,0,0,0,0,0,0,0,0,0,0,0,0,0,0,0,0,0,0,0,0
project/sim_ext.py --sim-time 1.5 --seq-graph project/file/graph_15_nodes.json --traffic project/file/traffic_15_nodes_random.json --inspection-rate 0.001 --mess-rate 0.002,0.011868,0,0,0,0,0,0,0,0,0,0,0,0,0,0,0,0,0,0,0,0,0,0,0,0,0,0,0,0,0,0,0,0,0,0,0,0,0,0,0,0,0,0,0,0
project/sim_ext.py --sim-time 1.5 --seq-graph project/file/graph_15_nodes.json --traffic project/file/traffic_15_nodes_random.json --inspection-rate 0.001 --mess-rate 0.002,0.01293,0,0,0,0,0,0,0,0,0,0,0,0,0,0,0,0,0,0,0,0,0,0,0,0,0,0,0,0,0,0,0,0,0,0,0,0,0,0,0,0,0,0,0,0
project/sim_ext.py --sim-time 1.5 --seq-graph project/file/graph_15_nodes.json --traffic project/file/traffic_15_nodes_random.json --inspection-rate 0.001 --mess-rate 0.002,0.013957642288305224,0,0,0,0,0,0,0,0,0,0,0,0,0,0,0,0,0,0,0,0,0,0,0,0,0,0,0,0,0,0,0,0,0,0,0,0,0,0,0,0,0,0,0,0
project/sim_ext.py --sim-time 1.5 --seq-graph project/file/graph_15_nodes.json --traffic project/file/traffic_15_nodes_random.json --inspection-rate 0.001 --mess-rate 0.002,0.015099385014408296,0,0,0,0,0,0,0,0,0,0,0,0,0,0,0,0,0,0,0,0,0,0,0,0,0,0,0,0,0,0,0,0,0,0,0,0,0,0,0,0,0,0,0,0
project/sim_ext.py --sim-time 1.5 --seq-graph project/file/graph_15_nodes.json --traffic project/file/traffic_15_nodes_random.json --inspection-rate 0.001 --mess-rate 0.002,0.016175,0,0,0,0,0,0,0,0,0,0,0,0,0,0,0,0,0,0,0,0,0,0,0,0,0,0,0,0,0,0,0,0,0,0,0,0,0,0,0,0,0,0,0,0
project/sim_ext.py --sim-time 1.5 --seq-graph project/file/graph_15_nodes.json --traffic project/file/traffic_15_nodes_random.json --inspection-rate 0.001 --mess-rate 0.002,0.017433,0,0,0,0,0,0,0,0,0,0,0,0,0,0,0,0,0,0,0,0,0,0,0,0,0,0,0,0,0,0,0,0,0,0,0,0,0,0,0,0,0,0,0,0
project/sim_ext.py --sim-time 1.5 --seq-graph project/file/graph_15_nodes.json --traffic project/file/traffic_15_nodes_random.json --inspection-rate 0.001 --mess-rate 0.002,0.018566,0,0,0,0,0,0,0,0,0,0,0,0,0,0,0,0,0,0,0,0,0,0,0,0,0,0,0,0,0,0,0,0,0,0,0,0,0,0,0,0,0,0,0,0
project/sim_ext.py --sim-time 1.5 --seq-graph project/file/graph_15_nodes.json --traffic project/file/traffic_15_nodes_random.json --inspection-rate 0.001 --mess-rate 0.002,0.0196164408165234,0,0,0,0,0,0,0,0,0,0,0,0,0,0,0,0,0,0,0,0,0,0,0,0,0,0,0,0,0,0,0,0,0,0,0,0,0,0,0,0,0,0,0,0
project/sim_ext.py --sim-time 1.5 --seq-graph project/file/graph_15_nodes.json --traffic project/file/traffic_15_nodes_random.json --inspection-rate 0.001 --mess-rate 0.002,0.020626,0,0,0,0,0,0,0,0,0,0,0,0,0,0,0,0,0,0,0,0,0,0,0,0,0,0,0,0,0,0,0,0,0,0,0,0,0,0,0,0,0,0,0,0
project/sim_ext.py --sim-time 1.5 --seq-graph project/file/graph_15_nodes.json --traffic project/file/traffic_15_nodes_random.json --inspection-rate 0.001 --mess-rate 0.002,0.022108,0,0,0,0,0,0,0,0,0,0,0,0,0,0,0,0,0,0,0,0,0,0,0,0,0,0,0,0,0,0,0,0,0,0,0,0,0,0,0,0,0,0,0,0
project/sim_ext.py --sim-time 1.5 --seq-graph project/file/graph_15_nodes.json --traffic project/file/traffic_15_nodes_random.json --inspection-rate 0.001 --mess-rate 0.002,0.023122,0,0,0,0,0,0,0,0,0,0,0,0,0,0,0,0,0,0,0,0,0,0,0,0,0,0,0,0,0,0,0,0,0,0,0,0,0,0,0,0,0,0,0,0
project/sim_ext.py --sim-time 1.5 --seq-graph project/file/graph_15_nodes.json --traffic project/file/traffic_15_nodes_random.json --inspection-rate 0.001 --mess-rate 0.002,0.024139,0,0,0,0,0,0,0,0,0,0,0,0,0,0,0,0,0,0,0,0,0,0,0,0,0,0,0,0,0,0,0,0,0,0,0,0,0,0,0,0,0,0,0,0
project/sim_ext.py --sim-time 1.5 --seq-graph project/file/graph_15_nodes.json --traffic project/file/traffic_15_nodes_random.json --inspection-rate 0.001 --mess-rate 0.002,0.025185,0,0,0,0,0,0,0,0,0,0,0,0,0,0,0,0,0,0,0,0,0,0,0,0,0,0,0,0,0,0,0,0,0,0,0,0,0,0,0,0,0,0,0,0
project/sim_ext.py --sim-time 1.5 --seq-graph project/file/graph_15_nodes.json --traffic project/file/traffic_15_nodes_random.json --inspection-rate 0.001 --mess-rate 0.002,0.026782,0,0,0,0,0,0,0,0,0,0,0,0,0,0,0,0,0,0,0,0,0,0,0,0,0,0,0,0,0,0,0,0,0,0,0,0,0,0,0,0,0,0,0,0
project/sim_ext.py --sim-time 1.5 --seq-graph project/file/graph_15_nodes.json --traffic project/file/traffic_15_nodes_random.json --inspection-rate 0.001 --mess-rate 0.002,0.028409,0,0,0,0,0,0,0,0,0,0,0,0,0,0,0,0,0,0,0,0,0,0,0,0,0,0,0,0,0,0,0,0,0,0,0,0,0,0,0,0,0,0,0,0
project/sim_ext.py --sim-time 1.5 --seq-graph project/file/graph_15_nodes.json --traffic project/file/traffic_15_nodes_random.json --inspection-rate 0.001 --mess-rate 0.002,0.029432,0,0,0,0,0,0,0,0,0,0,0,0,0,0,0,0,0,0,0,0,0,0,0,0,0,0,0,0,0,0,0,0,0,0,0,0,0,0,0,0,0,0,0,0
project/sim_ext.py --sim-time 1.5 --seq-graph project/file/graph_15_nodes.json --traffic project/file/traffic_15_nodes_random.json --inspection-rate 0.001 --mess-rate 0.002,0.030432531325117026,0,0,0,0,0,0,0,0,0,0,0,0,0,0,0,0,0,0,0,0,0,0,0,0,0,0,0,0,0,0,0,0,0,0,0,0,0,0,0,0,0,0,0,0
project/sim_ext.py --sim-time 1.5 --seq-graph project/file/graph_15_nodes.json --traffic project/file/traffic_15_nodes_random.json --inspection-rate 0.001 --mess-rate 0.002,0.03152267868861939,0,0,0,0,0,0,0,0,0,0,0,0,0,0,0,0,0,0,0,0,0,0,0,0,0,0,0,0,0,0,0,0,0,0,0,0,0,0,0,0,0,0,0,0
project/sim_ext.py --sim-time 1.5 --seq-graph project/file/graph_15_nodes.json --traffic project/file/traffic_15_nodes_random.json --inspection-rate 0.001 --mess-rate 0.002,0.03259613832852569,0,0,0,0,0,0,0,0,0,0,0,0,0,0,0,0,0,0,0,0,0,0,0,0,0,0,0,0,0,0,0,0,0,0,0,0,0,0,0,0,0,0,0,0
project/sim_ext.py --sim-time 1.5 --seq-graph project/file/graph_15_nodes.json --traffic project/file/traffic_15_nodes_random.json --inspection-rate 0.001 --mess-rate 0.002,0.033676,0,0,0,0,0,0,0,0,0,0,0,0,0,0,0,0,0,0,0,0,0,0,0,0,0,0,0,0,0,0,0,0,0,0,0,0,0,0,0,0,0,0,0,0
project/sim_ext.py --sim-time 1.5 --seq-graph project/file/graph_15_nodes.json --traffic project/file/traffic_15_nodes_random.json --inspection-rate 0.001 --mess-rate 0.002,0.034749999999999996,0,0,0,0,0,0,0,0,0,0,0,0,0,0,0,0,0,0,0,0,0,0,0,0,0,0,0,0,0,0,0,0,0,0,0,0,0,0,0,0,0,0,0,0
project/sim_ext.py --sim-time 1.5 --seq-graph project/file/graph_15_nodes.json --traffic project/file/traffic_15_nodes_random.json --inspection-rate 0.001 --mess-rate 0.002,0.035878,0,0,0,0,0,0,0,0,0,0,0,0,0,0,0,0,0,0,0,0,0,0,0,0,0,0,0,0,0,0,0,0,0,0,0,0,0,0,0,0,0,0,0,0
project/sim_ext.py --sim-time 1.5 --seq-graph project/file/graph_15_nodes.json --traffic project/file/traffic_15_nodes_random.json --inspection-rate 0.001 --mess-rate 0.002,0.036986669485326334,0,0,0,0,0,0,0,0,0,0,0,0,0,0,0,0,0,0,0,0,0,0,0,0,0,0,0,0,0,0,0,0,0,0,0,0,0,0,0,0,0,0,0,0
project/sim_ext.py --sim-time 1.5 --seq-graph project/file/graph_15_nodes.json --traffic project/file/traffic_15_nodes_random.json --inspection-rate 0.001 --mess-rate 0.002,0.038114999999999996,0,0,0,0,0,0,0,0,0,0,0,0,0,0,0,0,0,0,0,0,0,0,0,0,0,0,0,0,0,0,0,0,0,0,0,0,0,0,0,0,0,0,0,0
project/sim_ext.py --sim-time 1.5 --seq-graph project/file/graph_15_nodes.json --traffic project/file/traffic_15_nodes_random.json --inspection-rate 0.001 --mess-rate 0.002,0.03919568244848873,0,0,0,0,0,0,0,0,0,0,0,0,0,0,0,0,0,0,0,0,0,0,0,0,0,0,0,0,0,0,0,0,0,0,0,0,0,0,0,0,0,0,0,0
project/sim_ext.py --sim-time 1.5 --seq-graph project/file/graph_15_nodes.json --traffic project/file/traffic_15_nodes_random.json --inspection-rate 0.001 --mess-rate 0.002,0.040511,0,0,0,0,0,0,0,0,0,0,0,0,0,0,0,0,0,0,0,0,0,0,0,0,0,0,0,0,0,0,0,0,0,0,0,0,0,0,0,0,0,0,0,0
project/sim_ext.py --sim-time 1.5 --seq-graph project/file/graph_15_nodes.json --traffic project/file/traffic_15_nodes_random.json --inspection-rate 0.001 --mess-rate 0.002,0.041528999999999996,0,0,0,0,0,0,0,0,0,0,0,0,0,0,0,0,0,0,0,0,0,0,0,0,0,0,0,0,0,0,0,0,0,0,0,0,0,0,0,0,0,0,0,0
project/sim_ext.py --sim-time 1.5 --seq-graph project/file/graph_15_nodes.json --traffic project/file/traffic_15_nodes_random.json --inspection-rate 0.001 --mess-rate 0.002,0.042596,0,0,0,0,0,0,0,0,0,0,0,0,0,0,0,0,0,0,0,0,0,0,0,0,0,0,0,0,0,0,0,0,0,0,0,0,0,0,0,0,0,0,0,0
project/sim_ext.py --sim-time 1.5 --seq-graph project/file/graph_15_nodes.json --traffic project/file/traffic_15_nodes_random.json --inspection-rate 0.001 --mess-rate 0.002,0.04360545071118387,0,0,0,0,0,0,0,0,0,0,0,0,0,0,0,0,0,0,0,0,0,0,0,0,0,0,0,0,0,0,0,0,0,0,0,0,0,0,0,0,0,0,0,0
project/sim_ext.py --sim-time 1.5 --seq-graph project/file/graph_15_nodes.json --traffic project/file/traffic_15_nodes_random.json --inspection-rate 0.001 --mess-rate 0.002,0.044772,0,0,0,0,0,0,0,0,0,0,0,0,0,0,0,0,0,0,0,0,0,0,0,0,0,0,0,0,0,0,0,0,0,0,0,0,0,0,0,0,0,0,0,0
project/sim_ext.py --sim-time 1.5 --seq-graph project/file/graph_15_nodes.json --traffic project/file/traffic_15_nodes_random.json --inspection-rate 0.001 --mess-rate 0.002,0.045781999999999996,0,0,0,0,0,0,0,0,0,0,0,0,0,0,0,0,0,0,0,0,0,0,0,0,0,0,0,0,0,0,0,0,0,0,0,0,0,0,0,0,0,0,0,0
project/sim_ext.py --sim-time 1.5 --seq-graph project/file/graph_15_nodes.json --traffic project/file/traffic_15_nodes_random.json --inspection-rate 0.001 --mess-rate 0.002,0.046915,0,0,0,0,0,0,0,0,0,0,0,0,0,0,0,0,0,0,0,0,0,0,0,0,0,0,0,0,0,0,0,0,0,0,0,0,0,0,0,0,0,0,0,0
project/sim_ext.py --sim-time 1.5 --seq-graph project/file/graph_15_nodes.json --traffic project/file/traffic_15_nodes_random.json --inspection-rate 0.001 --mess-rate 0.002,0.048005,0,0,0,0,0,0,0,0,0,0,0,0,0,0,0,0,0,0,0,0,0,0,0,0,0,0,0,0,0,0,0,0,0,0,0,0,0,0,0,0,0,0,0,0
project/sim_ext.py --sim-time 1.5 --seq-graph project/file/graph_15_nodes.json --traffic project/file/traffic_15_nodes_random.json --inspection-rate 0.001 --mess-rate 0.002,0.04901,0,0,0,0,0,0,0,0,0,0,0,0,0,0,0,0,0,0,0,0,0,0,0,0,0,0,0,0,0,0,0,0,0,0,0,0,0,0,0,0,0,0,0,0
project/sim_ext.py --sim-time 1.5 --seq-graph project/file/graph_15_nodes.json --traffic project/file/traffic_15_nodes_random.json --inspection-rate 0.001 --mess-rate 0.002,0.05021997665166214,0,0,0,0,0,0,0,0,0,0,0,0,0,0,0,0,0,0,0,0,0,0,0,0,0,0,0,0,0,0,0,0,0,0,0,0,0,0,0,0,0,0,0,0
project/sim_ext.py --sim-time 1.5 --seq-graph project/file/graph_15_nodes.json --traffic project/file/traffic_15_nodes_random.json --inspection-rate 0.001 --mess-rate 0.002,0.051257000000999996,0,0,0,0,0,0,0,0,0,0,0,0,0,0,0,0,0,0,0,0,0,0,0,0,0,0,0,0,0,0,0,0,0,0,0,0,0,0,0,0,0,0,0,0
project/sim_ext.py --sim-time 1.5 --seq-graph project/file/graph_15_nodes.json --traffic project/file/traffic_15_nodes_random.json --inspection-rate 0.001 --mess-rate 0.002,0.052857000001,0,0,0,0,0,0,0,0,0,0,0,0,0,0,0,0,0,0,0,0,0,0,0,0,0,0,0,0,0,0,0,0,0,0,0,0,0,0,0,0,0,0,0,0
project/sim_ext.py --sim-time 1.5 --seq-graph project/file/graph_15_nodes.json --traffic project/file/traffic_15_nodes_random.json --inspection-rate 0.001 --mess-rate 0.002,0.053881000001,0,0,0,0,0,0,0,0,0,0,0,0,0,0,0,0,0,0,0,0,0,0,0,0,0,0,0,0,0,0,0,0,0,0,0,0,0,0,0,0,0,0,0,0
project/sim_ext.py --sim-time 1.5 --seq-graph project/file/graph_15_nodes.json --traffic project/file/traffic_15_nodes_random.json --inspection-rate 0.001 --mess-rate 0.002,0.054954000001,0,0,0,0,0,0,0,0,0,0,0,0,0,0,0,0,0,0,0,0,0,0,0,0,0,0,0,0,0,0,0,0,0,0,0,0,0,0,0,0,0,0,0,0
project/sim_ext.py --sim-time 1.5 --seq-graph project/file/graph_15_nodes.json --traffic project/file/traffic_15_nodes_random.json --inspection-rate 0.001 --mess-rate 0.002,0.05599842103912597,0,0,0,0,0,0,0,0,0,0,0,0,0,0,0,0,0,0,0,0,0,0,0,0,0,0,0,0,0,0,0,0,0,0,0,0,0,0,0,0,0,0,0,0
project/sim_ext.py --sim-time 1.5 --seq-graph project/file/graph_15_nodes.json --traffic project/file/traffic_15_nodes_random.json --inspection-rate 0.001 --mess-rate 0.002,0.057019000001,0,0,0,0,0,0,0,0,0,0,0,0,0,0,0,0,0,0,0,0,0,0,0,0,0,0,0,0,0,0,0,0,0,0,0,0,0,0,0,0,0,0,0,0
project/sim_ext.py --sim-time 1.5 --seq-graph project/file/graph_15_nodes.json --traffic project/file/traffic_15_nodes_random.json --inspection-rate 0.001 --mess-rate 0.002,0.058211000001,0,0,0,0,0,0,0,0,0,0,0,0,0,0,0,0,0,0,0,0,0,0,0,0,0,0,0,0,0,0,0,0,0,0,0,0,0,0,0,0,0,0,0,0
project/sim_ext.py --sim-time 1.5 --seq-graph project/file/graph_15_nodes.json --traffic project/file/traffic_15_nodes_random.json --inspection-rate 0.001 --mess-rate 0.002,0.059235143916032414,0,0,0,0,0,0,0,0,0,0,0,0,0,0,0,0,0,0,0,0,0,0,0,0,0,0,0,0,0,0,0,0,0,0,0,0,0,0,0,0,0,0,0,0
project/sim_ext.py --sim-time 1.5 --seq-graph project/file/graph_15_nodes.json --traffic project/file/traffic_15_nodes_random.json --inspection-rate 0.001 --mess-rate 0.002,0.060253000001,0,0,0,0,0,0,0,0,0,0,0,0,0,0,0,0,0,0,0,0,0,0,0,0,0,0,0,0,0,0,0,0,0,0,0,0,0,0,0,0,0,0,0,0
project/sim_ext.py --sim-time 1.5 --seq-graph project/file/graph_15_nodes.json --traffic project/file/traffic_15_nodes_random.json --inspection-rate 0.001 --mess-rate 0.002,0.061288000001,0,0,0,0,0,0,0,0,0,0,0,0,0,0,0,0,0,0,0,0,0,0,0,0,0,0,0,0,0,0,0,0,0,0,0,0,0,0,0,0,0,0,0,0
project/sim_ext.py --sim-time 1.5 --seq-graph project/file/graph_15_nodes.json --traffic project/file/traffic_15_nodes_random.json --inspection-rate 0.001 --mess-rate 0.002,0.062357000001,0,0,0,0,0,0,0,0,0,0,0,0,0,0,0,0,0,0,0,0,0,0,0,0,0,0,0,0,0,0,0,0,0,0,0,0,0,0,0,0,0,0,0,0
project/sim_ext.py --sim-time 1.5 --seq-graph project/file/graph_15_nodes.json --traffic project/file/traffic_15_nodes_random.json --inspection-rate 0.001 --mess-rate 0.002,0.0633844533233611,0,0,0,0,0,0,0,0,0,0,0,0,0,0,0,0,0,0,0,0,0,0,0,0,0,0,0,0,0,0,0,0,0,0,0,0,0,0,0,0,0,0,0,0
project/sim_ext.py --sim-time 1.5 --seq-graph project/file/graph_15_nodes.json --traffic project/file/traffic_15_nodes_random.json --inspection-rate 0.001 --mess-rate 0.002,0.064458000001,0,0,0,0,0,0,0,0,0,0,0,0,0,0,0,0,0,0,0,0,0,0,0,0,0,0,0,0,0,0,0,0,0,0,0,0,0,0,0,0,0,0,0,0
project/sim_ext.py --sim-time 1.5 --seq-graph project/file/graph_15_nodes.json --traffic project/file/traffic_15_nodes_random.json --inspection-rate 0.001 --mess-rate 0.002,0.065657000001,0,0,0,0,0,0,0,0,0,0,0,0,0,0,0,0,0,0,0,0,0,0,0,0,0,0,0,0,0,0,0,0,0,0,0,0,0,0,0,0,0,0,0,0
project/sim_ext.py --sim-time 1.5 --seq-graph project/file/graph_15_nodes.json --traffic project/file/traffic_15_nodes_random.json --inspection-rate 0.001 --mess-rate 0.002,0.066706000001,0,0,0,0,0,0,0,0,0,0,0,0,0,0,0,0,0,0,0,0,0,0,0,0,0,0,0,0,0,0,0,0,0,0,0,0,0,0,0,0,0,0,0,0
project/sim_ext.py --sim-time 1.5 --seq-graph project/file/graph_15_nodes.json --traffic project/file/traffic_15_nodes_random.json --inspection-rate 0.001 --mess-rate 0.002,0.06773435579912686,0,0,0,0,0,0,0,0,0,0,0,0,0,0,0,0,0,0,0,0,0,0,0,0,0,0,0,0,0,0,0,0,0,0,0,0,0,0,0,0,0,0,0,0
project/sim_ext.py --sim-time 1.5 --seq-graph project/file/graph_15_nodes.json --traffic project/file/traffic_15_nodes_random.json --inspection-rate 0.001 --mess-rate 0.002,0.06882800000099999,0,0,0,0,0,0,0,0,0,0,0,0,0,0,0,0,0,0,0,0,0,0,0,0,0,0,0,0,0,0,0,0,0,0,0,0,0,0,0,0,0,0,0,0
project/sim_ext.py --sim-time 1.5 --seq-graph project/file/graph_15_nodes.json --traffic project/file/traffic_15_nodes_random.json --inspection-rate 0.001 --mess-rate 0.002,0.069880000001,0,0,0,0,0,0,0,0,0,0,0,0,0,0,0,0,0,0,0,0,0,0,0,0,0,0,0,0,0,0,0,0,0,0,0,0,0,0,0,0,0,0,0,0
project/sim_ext.py --sim-time 1.5 --seq-graph project/file/graph_15_nodes.json --traffic project/file/traffic_15_nodes_random.json --inspection-rate 0.001 --mess-rate 0.002,0.070891000001,0,0,0,0,0,0,0,0,0,0,0,0,0,0,0,0,0,0,0,0,0,0,0,0,0,0,0,0,0,0,0,0,0,0,0,0,0,0,0,0,0,0,0,0
project/sim_ext.py --sim-time 1.5 --seq-graph project/file/graph_15_nodes.json --traffic project/file/traffic_15_nodes_random.json --inspection-rate 0.001 --mess-rate 0.002,0.071959000001,0,0,0,0,0,0,0,0,0,0,0,0,0,0,0,0,0,0,0,0,0,0,0,0,0,0,0,0,0,0,0,0,0,0,0,0,0,0,0,0,0,0,0,0
project/sim_ext.py --sim-time 1.5 --seq-graph project/file/graph_15_nodes.json --traffic project/file/traffic_15_nodes_random.json --inspection-rate 0.001 --mess-rate 0.002,0.073004000001,0,0,0,0,0,0,0,0,0,0,0,0,0,0,0,0,0,0,0,0,0,0,0,0,0,0,0,0,0,0,0,0,0,0,0,0,0,0,0,0,0,0,0,0
project/sim_ext.py --sim-time 1.5 --seq-graph project/file/graph_15_nodes.json --traffic project/file/traffic_15_nodes_random.json --inspection-rate 0.001 --mess-rate 0.002,0.074130000001,0,0,0,0,0,0,0,0,0,0,0,0,0,0,0,0,0,0,0,0,0,0,0,0,0,0,0,0,0,0,0,0,0,0,0,0,0,0,0,0,0,0,0,0
project/sim_ext.py --sim-time 1.5 --seq-graph project/file/graph_15_nodes.json --traffic project/file/traffic_15_nodes_random.json --inspection-rate 0.001 --mess-rate 0.002,0.075264000001,0,0,0,0,0,0,0,0,0,0,0,0,0,0,0,0,0,0,0,0,0,0,0,0,0,0,0,0,0,0,0,0,0,0,0,0,0,0,0,0,0,0,0,0
project/sim_ext.py --sim-time 1.5 --seq-graph project/file/graph_15_nodes.json --traffic project/file/traffic_15_nodes_random.json --inspection-rate 0.001 --mess-rate 0.002,0.076316000001,0,0,0,0,0,0,0,0,0,0,0,0,0,0,0,0,0,0,0,0,0,0,0,0,0,0,0,0,0,0,0,0,0,0,0,0,0,0,0,0,0,0,0,0
project/sim_ext.py --sim-time 1.5 --seq-graph project/file/graph_15_nodes.json --traffic project/file/traffic_15_nodes_random.json --inspection-rate 0.001 --mess-rate 0.002,0.077441000001,0,0,0,0,0,0,0,0,0,0,0,0,0,0,0,0,0,0,0,0,0,0,0,0,0,0,0,0,0,0,0,0,0,0,0,0,0,0,0,0,0,0,0,0
project/sim_ext.py --sim-time 1.5 --seq-graph project/file/graph_15_nodes.json --traffic project/file/traffic_15_nodes_random.json --inspection-rate 0.001 --mess-rate 0.002,0.078525000001,0,0,0,0,0,0,0,0,0,0,0,0,0,0,0,0,0,0,0,0,0,0,0,0,0,0,0,0,0,0,0,0,0,0,0,0,0,0,0,0,0,0,0,0
project/sim_ext.py --sim-time 1.5 --seq-graph project/file/graph_15_nodes.json --traffic project/file/traffic_15_nodes_random.json --inspection-rate 0.001 --mess-rate 0.002,0.07959484530504025,0,0,0,0,0,0,0,0,0,0,0,0,0,0,0,0,0,0,0,0,0,0,0,0,0,0,0,0,0,0,0,0,0,0,0,0,0,0,0,0,0,0,0,0
project/sim_ext.py --sim-time 1.5 --seq-graph project/file/graph_15_nodes.json --traffic project/file/traffic_15_nodes_random.json --inspection-rate 0.001 --mess-rate 0.002,0.08066175360089213,0,0,0,0,0,0,0,0,0,0,0,0,0,0,0,0,0,0,0,0,0,0,0,0,0,0,0,0,0,0,0,0,0,0,0,0,0,0,0,0,0,0,0,0
project/sim_ext.py --sim-time 1.5 --seq-graph project/file/graph_15_nodes.json --traffic project/file/traffic_15_nodes_random.json --inspection-rate 0.001 --mess-rate 0.002,0.081738000001,0,0,0,0,0,0,0,0,0,0,0,0,0,0,0,0,0,0,0,0,0,0,0,0,0,0,0,0,0,0,0,0,0,0,0,0,0,0,0,0,0,0,0,0
project/sim_ext.py --sim-time 1.5 --seq-graph project/file/graph_15_nodes.json --traffic project/file/traffic_15_nodes_random.json --inspection-rate 0.001 --mess-rate 0.002,0.082801000001,0,0,0,0,0,0,0,0,0,0,0,0,0,0,0,0,0,0,0,0,0,0,0,0,0,0,0,0,0,0,0,0,0,0,0,0,0,0,0,0,0,0,0,0
project/sim_ext.py --sim-time 1.5 --seq-graph project/file/graph_15_nodes.json --traffic project/file/traffic_15_nodes_random.json --inspection-rate 0.001 --mess-rate 0.002,0.083839000001,0,0,0,0,0,0,0,0,0,0,0,0,0,0,0,0,0,0,0,0,0,0,0,0,0,0,0,0,0,0,0,0,0,0,0,0,0,0,0,0,0,0,0,0
project/sim_ext.py --sim-time 1.5 --seq-graph project/file/graph_15_nodes.json --traffic project/file/traffic_15_nodes_random.json --inspection-rate 0.001 --mess-rate 0.002,0.08494371584764579,0,0,0,0,0,0,0,0,0,0,0,0,0,0,0,0,0,0,0,0,0,0,0,0,0,0,0,0,0,0,0,0,0,0,0,0,0,0,0,0,0,0,0,0
project/sim_ext.py --sim-time 1.5 --seq-graph project/file/graph_15_nodes.json --traffic project/file/traffic_15_nodes_random.json --inspection-rate 0.001 --mess-rate 0.002,0.08598332846673545,0,0,0,0,0,0,0,0,0,0,0,0,0,0,0,0,0,0,0,0,0,0,0,0,0,0,0,0,0,0,0,0,0,0,0,0,0,0,0,0,0,0,0,0
project/sim_ext.py --sim-time 1.5 --seq-graph project/file/graph_15_nodes.json --traffic project/file/traffic_15_nodes_random.json --inspection-rate 0.001 --mess-rate 0.002,0.087068000001,0,0,0,0,0,0,0,0,0,0,0,0,0,0,0,0,0,0,0,0,0,0,0,0,0,0,0,0,0,0,0,0,0,0,0,0,0,0,0,0,0,0,0,0
project/sim_ext.py --sim-time 1.5 --seq-graph project/file/graph_15_nodes.json --traffic project/file/traffic_15_nodes_random.json --inspection-rate 0.001 --mess-rate 0.002,0.088166000001,0,0,0,0,0,0,0,0,0,0,0,0,0,0,0,0,0,0,0,0,0,0,0,0,0,0,0,0,0,0,0,0,0,0,0,0,0,0,0,0,0,0,0,0
project/sim_ext.py --sim-time 1.5 --seq-graph project/file/graph_15_nodes.json --traffic project/file/traffic_15_nodes_random.json --inspection-rate 0.001 --mess-rate 0.002,0.08924421677843822,0,0,0,0,0,0,0,0,0,0,0,0,0,0,0,0,0,0,0,0,0,0,0,0,0,0,0,0,0,0,0,0,0,0,0,0,0,0,0,0,0,0,0,0
project/sim_ext.py --sim-time 1.5 --seq-graph project/file/graph_15_nodes.json --traffic project/file/traffic_15_nodes_random.json --inspection-rate 0.001 --mess-rate 0.002,0.09027001619925372,0,0,0,0,0,0,0,0,0,0,0,0,0,0,0,0,0,0,0,0,0,0,0,0,0,0,0,0,0,0,0,0,0,0,0,0,0,0,0,0,0,0,0,0
project/sim_ext.py --sim-time 1.5 --seq-graph project/file/graph_15_nodes.json --traffic project/file/traffic_15_nodes_random.json --inspection-rate 0.001 --mess-rate 0.002,0.091375999997,0,3,0,0,2,4,9,5,0,0,0,5,0,0,5,3,9,0,1,0,0,0,0,3,9,9,2,0,0,0,4,0,0,5,9,0,7,9,7,0,8,9,9,6
project/sim_ext.py --sim-time 1.5 --seq-graph project/file/graph_15_nodes.json --traffic project/file/traffic_15_nodes_random.json --inspection-rate 0.001 --mess-rate 0.002,0.092451199997,0,8,1,5,3,6,18,5,6,0,1,6,0,0,6,4,13,3,6,1,0,0,5,7,12,10,2,0,5,0,9,0,0,9,11,0,16,29,16,0,26,22,28,20
project/sim_ext.py --sim-time 1.5 --seq-graph project/file/graph_15_nodes.json --traffic project/file/traffic_15_nodes_random.json --inspection-rate 0.001 --mess-rate 0.002,0.093474000001,0,8,3,6,3,6,20,5,6,0,1,6,0,0,6,5,14,3,6,1,0,0,6,8,12,10,4,0,5,0,10,0,0,9,11,0,20,29,22,0,28,30,29,21
project/sim_ext.py --sim-time 1.5 --seq-graph project/file/graph_15_nodes.json --traffic project/file/traffic_15_nodes_random.json --inspection-rate 0.001 --mess-rate 0.002,0.094991000001,0,10,3,7,4,6,25,8,7,0,1,7,0,0,7,6,15,3,6,3,0,0,10,10,14,10,4,0,5,0,11,0,0,11,11,0,22,42,26,0,29,34,35,21
project/sim_ext.py --sim-time 1.5 --seq-graph project/file/graph_15_nodes.json --traffic project/file/traffic_15_nodes_random.json --inspection-rate 0.001 --mess-rate 0.002,0.096004000001,0,12,3,9,5,6,28,9,9,0,2,8,0,0,7,7,17,5,6,3,0,0,12,11,14,14,4,0,5,0,11,0,0,12,12,0,26,47,27,0,29,35,35,22
project/sim_ext.py --sim-time 1.5 --seq-graph project/file/graph_15_nodes.json --traffic project/file/traffic_15_nodes_random.json --inspection-rate 0.001 --mess-rate 0.002,0.097017000001,0,13,3,10,5,7,28,9,9,0,2,9,0,0,7,7,19,5,6,3,0,0,12,11,15,14,5,0,7,0,14,0,0,12,12,0,27,47,35,0,30,35,38,22
project/sim_ext.py --sim-time 1.5 --seq-graph project/file/graph_15_nodes.json --traffic project/file/traffic_15_nodes_random.json --inspection-rate 0.001 --mess-rate 0.002,0.098155000001,0,13,5,10,6,7,30,9,9,0,2,10,0,0,7,9,20,5,6,3,0,0,12,14,18,15,6,0,8,0,16,0,0,14,15,0,30,50,37,0,32,36,39,23
project/sim_ext.py --sim-time 1.5 --seq-graph project/file/graph_15_nodes.json --traffic project/file/traffic_15_nodes_random.json --inspection-rate 0.001 --mess-rate 0.002,0.099200999997,0,13,5,10,6,7,30,9,9,0,2,10,0,0,8,9,21,5,11,3,0,0,12,15,23,15,6,0,9,0,18,0,0,15,16,0,32,50,38,0,33,36,41,23
project/sim_ext.py --sim-time 1.5 --seq-graph project/file/graph_15_nodes.json --traffic project/file/traffic_15_nodes_random.json --inspection-rate 0.001 --mess-rate 0.002,0.100892000001,1,13,6,10,6,7,36,9,9,0,2,12,0,0,9,9,22,6,12,3,0,0,12,15,25,15,6,0,9,0,18,0,0,16,17,0,34,50,41,0,33,37,42,25
project/sim_ext.py --sim-time 1.5 --seq-graph project/file/graph_15_nodes.json --traffic project/file/traffic_15_nodes_random.json --inspection-rate 0.001 --mess-rate 0.002,0.10189990341381136,1,13,6,10,6,7,37,9,9,0,2,12,0,0,9,9,22,6,12,3,0,0,12,15,26,17,6,0,9,0,18,0,0,16,18,0,34,50,41,0,33,37,42,25
project/sim_ext.py --sim-time 1.5 --seq-graph project/file/graph_15_nodes.json --traffic project/file/traffic_15_nodes_random.json --inspection-rate 0.001 --mess-rate 0.002,0.102938599997,1,13,6,10,6,7,37,9,9,0,2,12,0,0,9,9,23,6,12,4,0,0,12,15,26,19,6,0,9,0,18,0,0,16,18,0,34,50,41,0,33,37,42,25
project/sim_ext.py --sim-time 1.5 --seq-graph project/file/graph_15_nodes.json --traffic project/file/traffic_15_nodes_random.json --inspection-rate 0.001 --mess-rate 0.002,0.10409964484848283,3,13,6,10,6,7,37,13,9,0,2,13,0,0,10,9,24,6,13,4,0,0,12,15,26,19,6,0,9,0,18,0,0,16,18,0,34,50,41,0,33,38,42,25
project/sim_ext.py --sim-time 1.5 --seq-graph project/file/graph_15_nodes.json --traffic project/file/traffic_15_nodes_random.json --inspection-rate 0.001 --mess-rate 0.002,0.10517828177402667,4,13,6,10,6,7,37,13,9,0,2,13,0,0,11,9,25,6,14,4,0,0,12,15,26,20,6,0,9,0,18,0,0,17,18,0,34,50,41,0,33,38,42,25
project/sim_ext.py --sim-time 1.5 --seq-graph project/file/graph_15_nodes.json --traffic project/file/traffic_15_nodes_random.json --inspection-rate 0.001 --mess-rate 0.002,0.106289000001,4,13,6,10,6,7,38,13,9,0,2,13,0,0,11,9,27,6,15,4,0,0,12,18,26,21,6,0,9,0,18,0,0,17,19,0,34,50,41,0,33,38,42,28
project/sim_ext.py --sim-time 1.5 --seq-graph project/file/graph_15_nodes.json --traffic project/file/traffic_15_nodes_random.json --inspection-rate 0.001 --mess-rate 0.002,0.10741537909756355,5,13,6,10,6,7,38,15,9,0,2,13,0,0,11,10,27,6,17,7,0,0,12,18,31,21,6,0,9,0,19,0,0,18,20,0,34,50,41,0,33,38,42,28
project/sim_ext.py --sim-time 1.5 --seq-graph project/file/graph_15_nodes.json --traffic project/file/traffic_15_nodes_random.json --inspection-rate 0.001 --mess-rate 0.002,0.108583000001,6,13,6,10,6,7,39,15,9,0,2,13,0,0,13,12,27,6,18,9,0,0,12,18,32,22,6,0,9,0,19,0,0,18,21,0,34,50,41,0,33,38,42,28
project/sim_ext.py --sim-time 1.5 --seq-graph project/file/graph_15_nodes.json --traffic project/file/traffic_15_nodes_random.json --inspection-rate 0.001 --mess-rate 0.002,0.10965300000099999,6,13,6,10,6,7,40,15,9,0,2,13,0,0,13,12,27,6,20,9,0,0,12,19,32,22,6,0,9,0,19,0,0,18,21,0,34,50,41,0,33,38,42,28
project/sim_ext.py --sim-time 1.5 --seq-graph project/file/graph_15_nodes.json --traffic project/file/traffic_15_nodes_random.json --inspection-rate 0.001 --mess-rate 0.002,0.110768000001,6,13,6,10,6,7,40,15,9,0,2,13,0,0,13,12,28,6,20,9,0,0,12,19,33,22,6,0,9,0,19,0,0,18,21,0,34,50,41,0,33,38,42,28
project/sim_ext.py --sim-time 1.5 --seq-graph project/file/graph_15_nodes.json --traffic project/file/traffic_15_nodes_random.json --inspection-rate 0.001 --mess-rate 0.002,0.11180127969840094,6,13,6,10,6,7,41,15,9,0,2,13,0,0,13,15,28,6,21,9,0,0,12,19,33,22,6,0,9,0,19,0,0,18,21,0,34,50,41,0,33,38,42,28
project/sim_ext.py --sim-time 1.5 --seq-graph project/file/graph_15_nodes.json --traffic project/file/traffic_15_nodes_random.json --inspection-rate 0.001 --mess-rate 0.002,0.112838000001,6,13,6,10,6,7,41,15,9,0,2,13,0,0,13,15,28,6,22,9,0,0,12,19,33,22,6,0,9,0,19,0,0,18,21,0,34,50,41,0,33,38,42,28
project/sim_ext.py --sim-time 1.5 --seq-graph project/file/graph_15_nodes.json --traffic project/file/traffic_15_nodes_random.json --inspection-rate 0.001 --mess-rate 0.002,0.11392256573219875,6,13,6,10,6,7,43,15,9,0,2,13,0,0,15,18,28,6,22,9,0,0,12,19,33,23,6,0,9,0,19,0,0,18,26,0,34,50,41,0,33,38,42,28
project/sim_ext.py --sim-time 1.5 --seq-graph project/file/graph_15_nodes.json --traffic project/file/traffic_15_nodes_random.json --inspection-rate 0.001 --mess-rate 0.002,0.11497234120494362,6,13,6,10,6,7,43,15,9,0,2,13,0,0,16,18,28,6,22,9,0,0,12,19,34,23,6,0,9,0,20,0,0,18,26,0,34,50,41,0,33,38,42,28
project/sim_ext.py --sim-time 1.5 --seq-graph project/file/graph_15_nodes.json --traffic project/file/traffic_15_nodes_random.json --inspection-rate 0.001 --mess-rate 0.002,0.116085000001,6,13,6,10,6,7,43,15,9,0,2,13,0,0,16,18,28,6,22,9,0,0,12,19,35,24,6,0,9,0,22,0,0,18,27,0,34,50,41,0,33,38,42,28
project/sim_ext.py --sim-time 1.5 --seq-graph project/file/graph_15_nodes.json --traffic project/file/traffic_15_nodes_random.json --inspection-rate 0.001 --mess-rate 0.002,0.117100000001,6,13,6,10,6,7,43,15,9,0,2,13,0,0,16,18,28,6,25,9,0,0,12,19,36,24,6,0,9,0,22,0,0,18,27,0,34,50,41,0,33,38,42,28
project/sim_ext.py --sim-time 1.5 --seq-graph project/file/graph_15_nodes.json --traffic project/file/traffic_15_nodes_random.json --inspection-rate 0.001 --mess-rate 0.002,0.118116000001,6,13,6,10,6,7,43,15,9,0,2,13,0,0,16,18,28,6,26,9,0,0,12,19,36,25,6,0,9,0,22,0,0,18,28,0,34,50,41,0,33,38,42,28
project/sim_ext.py --sim-time 1.5 --seq-graph project/file/graph_15_nodes.json --traffic project/file/traffic_15_nodes_random.json --inspection-rate 0.001 --mess-rate 0.002,0.119692000001,6,13,6,10,6,7,43,15,9,0,2,13,0,0,16,18,28,6,26,9,0,0,12,19,37,25,6,0,9,0,22,0,0,18,29,0,34,50,41,0,33,38,42,28
project/sim_ext.py --sim-time 1.5 --seq-graph project/file/graph_15_nodes.json --traffic project/file/traffic_15_nodes_random.json --inspection-rate 0.001 --mess-rate 0.002,0.12069858441604427,6,13,6,10,6,7,43,15,9,0,2,13,0,0,16,18,28,6,26,9,0,0,12,19,37,25,6,0,9,0,22,0,0,18,29,0,34,50,41,0,33,38,42,28
project/sim_ext.py --sim-time 1.5 --seq-graph project/file/graph_15_nodes.json --traffic project/file/traffic_15_nodes_random.json --inspection-rate 0.001 --mess-rate 0.002,0.121730000001,6,13,6,10,6,7,43,15,9,0,2,13,0,0,16,18,28,6,26,9,0,0,12,19,37,25,6,0,9,0,22,0,0,18,29,0,34,50,41,0,33,38,42,28
project/sim_ext.py --sim-time 1.5 --seq-graph project/file/graph_15_nodes.json --traffic project/file/traffic_15_nodes_random.json --inspection-rate 0.001 --mess-rate 0.002,0.122735999997,11,16,6,15,6,7,52,19,12,7,2,16,0,0,22,25,37,6,26,11,0,0,19,26,40,29,6,0,12,0,23,0,0,29,39,0,57,81,66,0,51,58,59,39
project/sim_ext.py --sim-time 1.5 --seq-graph project/file/graph_15_nodes.json --traffic project/file/traffic_15_nodes_random.json --inspection-rate 0.001 --mess-rate 0.002,0.123910000001,11,16,6,15,6,8,53,19,12,9,2,16,0,0,23,26,37,6,26,13,0,0,20,27,41,29,6,0,12,0,23,0,0,29,41,0,59,84,68,0,51,63,63,41
project/sim_ext.py --sim-time 1.5 --seq-graph project/file/graph_15_nodes.json --traffic project/file/traffic_15_nodes_random.json --inspection-rate 0.001 --mess-rate 0.002,0.124956799997,11,18,6,19,6,9,56,20,12,10,2,18,0,0,24,28,37,6,26,14,0,0,23,27,42,33,6,0,13,0,24,1,0,33,43,1,64,92,75,0,55,66,68,46
project/sim_ext.py --sim-time 1.5 --seq-graph project/file/graph_15_nodes.json --traffic project/file/traffic_15_nodes_random.json --inspection-rate 0.001 --mess-rate 0.002,0.1260334083726309,12,19,6,20,7,9,56,20,12,10,2,19,0,0,25,29,38,6,27,15,0,0,23,27,42,35,6,0,14,0,24,1,0,36,44,1,67,95,76,0,57,68,71,47
project/sim_ext.py --sim-time 1.5 --seq-graph project/file/graph_15_nodes.json --traffic project/file/traffic_15_nodes_random.json --inspection-rate 0.001 --mess-rate 0.002,0.127203199997,12,19,6,20,7,9,56,20,12,10,2,20,0,0,27,29,38,6,27,16,0,0,23,27,42,35,7,0,14,0,24,1,0,39,44,1,67,98,77,0,60,68,75,48
project/sim_ext.py --sim-time 1.5 --seq-graph project/file/graph_15_nodes.json --traffic project/file/traffic_15_nodes_random.json --inspection-rate 0.001 --mess-rate 0.002,0.128480999997,12,19,6,20,8,9,56,20,12,10,2,21,0,0,27,31,39,6,28,18,0,0,23,27,43,37,7,0,14,0,24,2,0,39,48,5,68,99,78,0,64,69,77,49
project/sim_ext.py --sim-time 1.5 --seq-graph project/file/graph_15_nodes.json --traffic project/file/traffic_15_nodes_random.json --inspection-rate 0.001 --mess-rate 0.002,0.129601000001,12,22,6,20,9,9,56,20,12,10,2,21,0,0,27,31,39,6,28,18,0,0,23,27,44,39,7,0,14,0,26,2,0,39,48,5,68,99,79,0,64,72,79,51
project/sim_ext.py --sim-time 1.5 --seq-graph project/file/graph_15_nodes.json --traffic project/file/traffic_15_nodes_random.json --inspection-rate 0.001 --mess-rate 0.002,0.130688000001,12,22,6,20,11,9,56,20,12,10,2,21,0,0,27,31,40,6,28,18,0,0,23,28,44,39,9,0,16,0,26,2,0,39,50,6,70,99,80,0,66,73,79,51
project/sim_ext.py --sim-time 1.5 --seq-graph project/file/graph_15_nodes.json --traffic project/file/traffic_15_nodes_random.json --inspection-rate 0.001 --mess-rate 0.002,0.131771000001,12,22,6,20,11,9,56,20,12,10,2,21,0,0,27,31,43,6,28,18,0,0,23,28,44,39,9,0,16,0,27,2,0,39,50,6,70,99,81,0,70,75,79,51
project/sim_ext.py --sim-time 1.5 --seq-graph project/file/graph_15_nodes.json --traffic project/file/traffic_15_nodes_random.json --inspection-rate 0.001 --mess-rate 0.002,0.132822000001,12,22,6,20,11,9,56,20,12,10,2,23,0,0,27,31,43,6,28,18,0,0,23,29,44,39,9,0,16,0,27,2,0,39,50,6,70,99,82,0,74,75,79,51
project/sim_ext.py --sim-time 1.5 --seq-graph project/file/graph_15_nodes.json --traffic project/file/traffic_15_nodes_random.json --inspection-rate 0.001 --mess-rate 0.002,0.133879000001,12,22,6,20,11,9,56,20,12,10,2,23,0,0,30,31,44,6,29,18,0,0,23,29,44,39,9,0,16,0,27,2,0,39,50,6,70,99,82,0,74,75,79,51
project/sim_ext.py --sim-time 1.5 --seq-graph project/file/graph_15_nodes.json --traffic project/file/traffic_15_nodes_random.json --inspection-rate 0.001 --mess-rate 0.002,0.135055000001,12,22,6,20,11,9,56,20,12,10,2,23,0,0,30,31,44,6,29,18,0,0,23,29,44,40,9,0,16,0,27,2,0,39,51,6,70,99,82,0,74,75,79,51
project/sim_ext.py --sim-time 1.5 --seq-graph project/file/graph_15_nodes.json --traffic project/file/traffic_15_nodes_random.json --inspection-rate 0.001 --mess-rate 0.002,0.136056399997,12,22,6,20,11,9,56,20,12,10,2,23,0,0,30,31,44,6,29,18,0,0,23,30,45,40,9,0,16,0,27,2,0,39,53,6,70,99,82,0,74,75,79,51
project/sim_ext.py --sim-time 1.5 --seq-graph project/file/graph_15_nodes.json --traffic project/file/traffic_15_nodes_random.json --inspection-rate 0.001 --mess-rate 0.002,0.137091000001,12,22,6,20,11,9,56,20,12,10,2,23,0,0,30,31,44,6,29,18,0,0,23,30,45,40,9,0,16,0,27,2,0,39,53,6,70,99,82,0,74,75,79,51
project/sim_ext.py --sim-time 1.5 --seq-graph project/file/graph_15_nodes.json --traffic project/file/traffic_15_nodes_random.json --inspection-rate 0.001 --mess-rate 0.002,0.138102000001,12,23,6,20,11,9,56,20,12,10,2,23,0,0,30,31,45,6,29,18,0,0,23,31,45,42,9,0,16,0,27,2,0,39,54,6,70,99,82,0,74,75,79,53
project/sim_ext.py --sim-time 1.5 --seq-graph project/file/graph_15_nodes.json --traffic project/file/traffic_15_nodes_random.json --inspection-rate 0.001 --mess-rate 0.002,0.139182000001,12,26,6,20,11,9,56,20,12,10,2,23,0,0,33,31,46,6,31,18,0,0,23,31,45,42,9,0,16,0,27,2,0,39,54,6,70,99,82,0,74,75,79,53
project/sim_ext.py --sim-time 1.5 --seq-graph project/file/graph_15_nodes.json --traffic project/file/traffic_15_nodes_random.json --inspection-rate 0.001 --mess-rate 0.002,0.140199000001,12,26,6,20,11,9,56,20,12,10,2,23,0,0,35,31,46,6,31,18,0,0,23,31,45,42,9,0,16,0,27,2,0,39,54,6,70,99,82,0,74,75,79,53
project/sim_ext.py --sim-time 1.5 --seq-graph project/file/graph_15_nodes.json --traffic project/file/traffic_15_nodes_random.json --inspection-rate 0.001 --mess-rate 0.002,0.141207000001,12,26,6,20,11,9,56,20,12,10,2,23,0,0,35,31,47,6,31,18,0,0,23,32,45,42,9,0,16,0,27,2,0,39,54,6,70,99,82,0,74,75,79,53
project/sim_ext.py --sim-time 1.5 --seq-graph project/file/graph_15_nodes.json --traffic project/file/traffic_15_nodes_random.json --inspection-rate 0.001 --mess-rate 0.002,0.142333000001,12,26,6,20,11,9,56,20,12,10,2,23,0,0,36,31,47,6,34,18,0,0,23,32,46,42,9,0,16,0,33,2,0,39,54,6,70,99,82,0,74,75,79,53
project/sim_ext.py --sim-time 1.5 --seq-graph project/file/graph_15_nodes.json --traffic project/file/traffic_15_nodes_random.json --inspection-rate 0.001 --mess-rate 0.002,0.143381000001,12,26,6,20,11,9,56,20,12,10,2,23,0,0,38,31,48,6,35,18,0,0,23,32,46,42,9,0,16,0,33,2,0,39,54,6,70,99,82,0,74,75,79,53
project/sim_ext.py --sim-time 1.5 --seq-graph project/file/graph_15_nodes.json --traffic project/file/traffic_15_nodes_random.json --inspection-rate 0.001 --mess-rate 0.002,0.144436000001,12,26,6,20,11,9,56,20,12,10,2,23,0,0,39,31,48,6,37,18,0,0,23,32,48,42,9,0,16,0,34,2,0,39,54,6,70,99,82,0,74,75,79,53
project/sim_ext.py --sim-time 1.5 --seq-graph project/file/graph_15_nodes.json --traffic project/file/traffic_15_nodes_random.json --inspection-rate 0.001 --mess-rate 0.002,0.145515599997,12,26,6,20,11,9,56,20,12,10,2,23,0,0,39,31,48,6,37,18,0,0,23,32,48,42,9,0,16,0,34,2,0,39,54,6,70,99,82,0,74,75,79,53
project/sim_ext.py --sim-time 1.5 --seq-graph project/file/graph_15_nodes.json --traffic project/file/traffic_15_nodes_random.json --inspection-rate 0.001 --mess-rate 0.002,0.146531000001,12,26,6,20,11,9,56,20,12,10,2,23,0,0,40,31,48,6,39,18,0,0,23,32,49,42,9,0,16,0,35,2,0,39,54,6,70,99,82,0,74,75,79,53
project/sim_ext.py --sim-time 1.5 --seq-graph project/file/graph_15_nodes.json --traffic project/file/traffic_15_nodes_random.json --inspection-rate 0.001 --mess-rate 0.002,0.147666000001,12,26,6,20,11,9,56,20,12,10,2,23,0,0,40,31,48,6,39,18,0,0,23,32,50,43,9,0,16,0,36,2,0,39,57,6,70,99,82,0,74,75,79,53
project/sim_ext.py --sim-time 1.5 --seq-graph project/file/graph_15_nodes.json --traffic project/file/traffic_15_nodes_random.json --inspection-rate 0.001 --mess-rate 0.002,0.148734000001,12,26,6,20,11,9,56,20,12,10,2,23,0,0,40,31,48,6,39,18,0,0,23,32,50,43,9,0,16,0,36,2,0,39,57,6,70,99,82,0,74,75,79,53
project/sim_ext.py --sim-time 1.5 --seq-graph project/file/graph_15_nodes.json --traffic project/file/traffic_15_nodes_random.json --inspection-rate 0.001 --mess-rate 0.002,0.150113000001,12,26,6,20,11,9,56,20,12,10,2,23,0,0,44,31,50,6,41,18,0,0,23,32,51,45,9,0,16,0,36,2,0,39,59,6,70,99,82,0,74,75,79,53
project/sim_ext.py --sim-time 1.5 --seq-graph project/file/graph_15_nodes.json --traffic project/file/traffic_15_nodes_random.json --inspection-rate 0.001 --mess-rate 0.002,0.151267000001,12,26,6,20,11,9,56,20,12,10,2,23,0,0,44,31,50,6,41,18,0,0,23,32,51,48,9,0,16,0,37,2,0,39,60,6,70,99,82,0,74,75,79,53
project/sim_ext.py --sim-time 1.5 --seq-graph project/file/graph_15_nodes.json --traffic project/file/traffic_15_nodes_random.json --inspection-rate 0.001 --mess-rate 0.002,0.15234682605396604,12,26,6,20,11,9,56,20,12,10,2,23,0,0,44,31,50,6,41,18,0,0,23,32,51,48,9,0,16,0,37,2,0,39,60,6,70,99,82,0,74,75,79,53
project/sim_ext.py --sim-time 1.5 --seq-graph project/file/graph_15_nodes.json --traffic project/file/traffic_15_nodes_random.json --inspection-rate 0.001 --mess-rate 0.002,0.153395000001,12,26,6,20,11,9,56,20,12,10,2,23,0,0,44,31,50,6,43,18,0,0,23,32,52,48,9,0,16,0,37,2,0,39,60,6,70,99,82,0,74,75,79,53
project/sim_ext.py --sim-time 1.5 --seq-graph project/file/graph_15_nodes.json --traffic project/file/traffic_15_nodes_random.json --inspection-rate 0.001 --mess-rate 0.002,0.154599000001,12,26,6,20,11,9,56,20,12,10,2,23,0,0,44,31,50,6,43,18,0,0,23,33,53,48,9,0,16,0,37,2,0,39,60,6,70,99,82,0,74,75,79,53
project/sim_ext.py --sim-time 1.5 --seq-graph project/file/graph_15_nodes.json --traffic project/file/traffic_15_nodes_random.json --inspection-rate 0.001 --mess-rate 0.002,0.155717000001,12,26,6,20,11,9,56,20,12,10,2,23,0,0,44,31,51,6,44,18,0,0,23,33,53,50,9,0,16,0,37,2,0,39,62,6,70,99,82,0,74,75,79,53
project/sim_ext.py --sim-time 1.5 --seq-graph project/file/graph_15_nodes.json --traffic project/file/traffic_15_nodes_random.json --inspection-rate 0.001 --mess-rate 0.002,0.156777000001,12,26,6,20,11,9,56,20,12,10,2,23,0,0,44,31,51,6,44,18,0,0,23,34,53,51,9,0,16,0,38,2,0,39,63,6,70,99,82,0,74,75,79,53
project/sim_ext.py --sim-time 1.5 --seq-graph project/file/graph_15_nodes.json --traffic project/file/traffic_15_nodes_random.json --inspection-rate 0.001 --mess-rate 0.002,0.157816000001,12,26,6,20,11,9,56,20,12,10,2,23,0,0,44,31,52,6,46,18,0,0,23,34,53,51,9,0,16,0,39,2,0,39,63,6,70,99,82,0,74,75,79,53
project/sim_ext.py --sim-time 1.5 --seq-graph project/file/graph_15_nodes.json --traffic project/file/traffic_15_nodes_random.json --inspection-rate 0.001 --mess-rate 0.002,0.159467000001,12,26,6,20,11,9,56,20,12,10,2,23,0,0,44,31,55,6,48,18,0,0,23,34,55,52,9,0,16,0,40,2,0,39,66,6,70,99,82,0,74,75,79,53
project/sim_ext.py --sim-time 1.5 --seq-graph project/file/graph_15_nodes.json --traffic project/file/traffic_15_nodes_random.json --inspection-rate 0.001 --mess-rate 0.002,0.160570599997,12,26,6,20,11,9,56,20,12,10,2,23,0,0,44,31,55,6,49,18,0,0,23,34,55,52,9,0,16,0,40,2,0,39,67,6,70,99,82,0,74,75,79,53
project/sim_ext.py --sim-time 1.5 --seq-graph project/file/graph_15_nodes.json --traffic project/file/traffic_15_nodes_random.json --inspection-rate 0.001 --mess-rate 0.002,0.1615771201152761,12,26,6,20,11,9,56,20,12,10,2,23,0,0,44,31,56,6,50,18,0,0,23,34,55,52,9,0,16,0,40,2,0,39,67,6,70,99,82,0,74,75,79,53
project/sim_ext.py --sim-time 1.5 --seq-graph project/file/graph_15_nodes.json --traffic project/file/traffic_15_nodes_random.json --inspection-rate 0.001 --mess-rate 0.002,0.162629000001,12,26,6,20,11,9,56,20,12,10,2,23,0,0,44,31,56,6,51,18,0,0,23,37,55,52,9,0,16,0,40,2,0,39,67,6,70,99,82,0,74,75,79,53
project/sim_ext.py --sim-time 1.5 --seq-graph project/file/graph_15_nodes.json --traffic project/file/traffic_15_nodes_random.json --inspection-rate 0.001 --mess-rate 0.002,0.163835000001,18,28,6,22,12,11,63,23,12,18,2,29,0,0,49,41,56,6,51,23,0,0,30,39,56,54,10,0,16,0,45,2,0,47,77,6,93,129,107,0,105,100,100,71
project/sim_ext.py --sim-time 1.5 --seq-graph project/file/graph_15_nodes.json --traffic project/file/traffic_15_nodes_random.json --inspection-rate 0.001 --mess-rate 0.002,0.164853000001,18,28,6,22,12,11,64,23,12,19,2,31,0,0,49,43,56,6,51,23,0,0,30,40,57,55,10,0,16,0,46,4,0,49,77,6,96,136,109,0,109,100,104,71
project/sim_ext.py --sim-time 1.5 --seq-graph project/file/graph_15_nodes.json --traffic project/file/traffic_15_nodes_random.json --inspection-rate 0.001 --mess-rate 0.002,0.166063000001,20,29,6,22,15,11,65,25,12,22,2,31,0,0,49,45,56,6,52,27,0,0,33,40,57,58,10,0,16,0,46,6,0,50,83,6,101,140,113,0,111,101,106,74
project/sim_ext.py --sim-time 1.5 --seq-graph project/file/graph_15_nodes.json --traffic project/file/traffic_15_nodes_random.json --inspection-rate 0.001 --mess-rate 0.002,0.167619199997,21,29,6,22,15,11,65,25,12,22,2,34,0,0,49,45,60,6,53,28,0,0,33,40,57,58,11,0,16,0,46,7,0,52,83,7,102,143,116,0,112,105,112,77
project/sim_ext.py --sim-time 1.5 --seq-graph project/file/graph_15_nodes.json --traffic project/file/traffic_15_nodes_random.json --inspection-rate 0.001 --mess-rate 0.002,0.168685799997,21,30,6,24,15,14,65,25,12,22,2,34,0,0,49,46,60,6,53,31,0,0,33,40,57,62,13,0,16,0,46,7,0,52,84,7,106,143,116,0,116,107,116,78
project/sim_ext.py --sim-time 1.5 --seq-graph project/file/graph_15_nodes.json --traffic project/file/traffic_15_nodes_random.json --inspection-rate 0.001 --mess-rate 0.002,0.16985500000099998,22,30,6,24,16,14,65,26,12,22,2,34,0,0,49,48,60,6,54,31,0,0,33,40,57,62,13,0,16,0,46,7,0,53,84,7,106,143,116,0,116,108,118,78
project/sim_ext.py --sim-time 1.5 --seq-graph project/file/graph_15_nodes.json --traffic project/file/traffic_15_nodes_random.json --inspection-rate 0.001 --mess-rate 0.002,0.171141000001,22,30,6,24,16,14,65,26,12,22,2,36,0,0,49,49,61,6,55,31,0,0,33,45,58,69,15,0,19,0,50,8,0,53,86,7,110,149,118,0,118,108,119,82
project/sim_ext.py --sim-time 1.5 --seq-graph project/file/graph_15_nodes.json --traffic project/file/traffic_15_nodes_random.json --inspection-rate 0.001 --mess-rate 0.002,0.172262000001,22,31,6,24,16,14,65,26,12,22,2,37,0,0,49,49,61,6,55,31,0,0,33,45,58,69,16,0,19,0,52,8,0,53,86,7,110,149,122,0,118,111,119,83
project/sim_ext.py --sim-time 1.5 --seq-graph project/file/graph_15_nodes.json --traffic project/file/traffic_15_nodes_random.json --inspection-rate 0.001 --mess-rate 0.002,0.173468000001,22,31,6,24,16,14,65,26,12,22,2,37,0,0,49,50,62,6,55,31,0,0,33,45,58,70,16,0,19,0,52,10,0,53,86,7,110,149,122,0,118,111,119,83
project/sim_ext.py --sim-time 1.5 --seq-graph project/file/graph_15_nodes.json --traffic project/file/traffic_15_nodes_random.json --inspection-rate 0.001 --mess-rate 0.002,0.174606000001,22,32,6,24,16,14,65,26,12,22,2,37,0,0,50,50,62,6,56,31,0,0,33,46,58,70,16,0,19,0,52,10,0,53,86,7,110,149,122,0,118,111,119,83
project/sim_ext.py --sim-time 1.5 --seq-graph project/file/graph_15_nodes.json --traffic project/file/traffic_15_nodes_random.json --inspection-rate 0.001 --mess-rate 0.002,0.175624000001,22,32,6,24,16,14,65,26,12,22,2,37,0,0,50,50,63,6,56,31,0,0,33,46,58,70,16,0,19,0,52,10,0,53,86,7,110,149,122,0,118,111,119,83
project/sim_ext.py --sim-time 1.5 --seq-graph project/file/graph_15_nodes.json --traffic project/file/traffic_15_nodes_random.json --inspection-rate 0.001 --mess-rate 0.002,0.176661000001,22,33,6,24,16,14,65,26,12,22,2,37,0,0,50,51,63,6,56,31,0,0,33,47,58,70,16,0,19,0,52,10,0,53,86,7,110,149,122,0,118,111,119,83
project/sim_ext.py --sim-time 1.5 --seq-graph project/file/graph_15_nodes.json --traffic project/file/traffic_15_nodes_random.json --inspection-rate 0.001 --mess-rate 0.002,0.177671000001,22,33,6,24,16,14,65,26,12,22,2,37,0,0,50,51,63,6,56,31,0,0,33,47,59,70,16,0,19,0,53,10,0,53,86,7,110,149,122,0,118,111,119,83
project/sim_ext.py --sim-time 1.5 --seq-graph project/file/graph_15_nodes.json --traffic project/file/traffic_15_nodes_random.json --inspection-rate 0.001 --mess-rate 0.002,0.178679000001,22,34,6,24,16,14,65,26,12,22,2,37,0,0,50,51,63,6,56,31,0,0,33,47,59,70,16,0,19,0,53,10,0,53,86,7,110,149,122,0,118,111,119,83
project/sim_ext.py --sim-time 1.5 --seq-graph project/file/graph_15_nodes.json --traffic project/file/traffic_15_nodes_random.json --inspection-rate 0.001 --mess-rate 0.002,0.179855000001,22,35,6,24,16,14,65,26,12,22,2,37,0,0,50,51,65,6,56,31,0,0,33,48,60,70,16,0,19,0,55,10,0,53,86,7,110,149,122,0,118,111,119,83
project/sim_ext.py --sim-time 1.5 --seq-graph project/file/graph_15_nodes.json --traffic project/file/traffic_15_nodes_random.json --inspection-rate 0.001 --mess-rate 0.002,0.180892799997,22,35,6,24,16,14,65,26,12,22,2,37,0,0,50,52,66,6,56,31,0,0,33,49,61,70,16,0,19,0,55,10,0,53,86,7,110,149,122,0,118,111,119,83
project/sim_ext.py --sim-time 1.5 --seq-graph project/file/graph_15_nodes.json --traffic project/file/traffic_15_nodes_random.json --inspection-rate 0.001 --mess-rate 0.002,0.18198446544668953,22,36,6,24,16,14,65,26,12,22,2,37,0,0,55,53,66,6,56,31,0,0,33,49,62,70,16,0,19,0,57,10,0,53,86,7,110,149,122,0,118,111,119,83
project/sim_ext.py --sim-time 1.5 --seq-graph project/file/graph_15_nodes.json --traffic project/file/traffic_15_nodes_random.json --inspection-rate 0.001 --mess-rate 0.002,0.183024000001,22,37,6,24,16,14,65,26,12,22,2,37,0,0,56,53,66,6,56,31,0,0,33,49,62,70,16,0,19,0,57,10,0,53,86,7,110,149,122,0,118,111,119,83
project/sim_ext.py --sim-time 1.5 --seq-graph project/file/graph_15_nodes.json --traffic project/file/traffic_15_nodes_random.json --inspection-rate 0.001 --mess-rate 0.002,0.184118000001,22,37,6,24,16,14,65,26,12,22,2,37,0,0,57,53,67,6,56,31,0,0,33,49,62,70,16,0,19,0,58,10,0,53,86,7,110,149,122,0,118,111,119,83
project/sim_ext.py --sim-time 1.5 --seq-graph project/file/graph_15_nodes.json --traffic project/file/traffic_15_nodes_random.json --inspection-rate 0.001 --mess-rate 0.002,0.185128000001,22,37,6,24,16,14,65,26,12,22,2,37,0,0,59,56,67,6,56,31,0,0,33,49,62,70,16,0,19,0,58,10,0,53,86,7,110,149,122,0,118,111,119,83
project/sim_ext.py --sim-time 1.5 --seq-graph project/file/graph_15_nodes.json --traffic project/file/traffic_15_nodes_random.json --inspection-rate 0.001 --mess-rate 0.002,0.18619349420442796,22,37,6,24,16,14,65,26,12,22,2,37,0,0,59,56,67,6,56,31,0,0,33,49,62,70,16,0,19,0,58,10,0,53,86,7,110,149,122,0,118,111,119,83
project/sim_ext.py --sim-time 1.5 --seq-graph project/file/graph_15_nodes.json --traffic project/file/traffic_15_nodes_random.json --inspection-rate 0.001 --mess-rate 0.002,0.187262000001,22,37,6,24,16,14,65,26,12,22,2,37,0,0,59,56,70,6,56,31,0,0,33,49,67,70,16,0,19,0,58,10,0,53,86,7,110,149,122,0,118,111,119,83
project/sim_ext.py --sim-time 1.5 --seq-graph project/file/graph_15_nodes.json --traffic project/file/traffic_15_nodes_random.json --inspection-rate 0.001 --mess-rate 0.002,0.188351000001,22,37,6,24,16,14,65,26,12,22,2,37,0,0,59,56,72,6,60,31,0,0,33,51,67,70,16,0,19,0,58,10,0,53,86,7,110,149,122,0,118,111,119,83
project/sim_ext.py --sim-time 1.5 --seq-graph project/file/graph_15_nodes.json --traffic project/file/traffic_15_nodes_random.json --inspection-rate 0.001 --mess-rate 0.002,0.189467000001,22,37,6,24,16,14,65,26,12,22,2,37,0,0,59,56,72,6,61,31,0,0,33,52,67,70,16,0,19,0,58,10,0,53,86,7,110,149,122,0,118,111,119,83
project/sim_ext.py --sim-time 1.5 --seq-graph project/file/graph_15_nodes.json --traffic project/file/traffic_15_nodes_random.json --inspection-rate 0.001 --mess-rate 0.002,0.190771000001,22,37,6,24,16,14,65,26,12,22,2,37,0,0,60,56,73,6,61,31,0,0,33,52,67,70,16,0,19,0,58,10,0,53,86,7,110,149,122,0,118,111,119,83
project/sim_ext.py --sim-time 1.5 --seq-graph project/file/graph_15_nodes.json --traffic project/file/traffic_15_nodes_random.json --inspection-rate 0.001 --mess-rate 0.002,0.191783000001,22,37,6,24,16,14,65,26,12,22,2,37,0,0,60,56,73,6,61,31,0,0,33,54,68,70,16,0,19,0,60,10,0,53,86,7,110,149,122,0,118,111,119,83
project/sim_ext.py --sim-time 1.5 --seq-graph project/file/graph_15_nodes.json --traffic project/file/traffic_15_nodes_random.json --inspection-rate 0.001 --mess-rate 0.002,0.19297200000099998,22,37,6,24,16,14,65,26,12,22,2,37,0,0,61,56,74,6,61,31,0,0,33,55,68,70,16,0,19,0,60,10,0,53,86,7,110,149,122,0,118,111,119,83
project/sim_ext.py --sim-time 1.5 --seq-graph project/file/graph_15_nodes.json --traffic project/file/traffic_15_nodes_random.json --inspection-rate 0.001 --mess-rate 0.002,0.193999999997,25,37,6,26,18,16,69,28,12,28,2,44,0,0,61,65,74,6,62,36,0,0,34,55,70,78,18,0,19,0,61,13,0,66,90,7,128,165,140,0,135,129,135,98
project/sim_ext.py --sim-time 1.5 --seq-graph project/file/graph_15_nodes.json --traffic project/file/traffic_15_nodes_random.json --inspection-rate 0.001 --mess-rate 0.002,0.195004799997,27,37,6,28,20,16,72,29,12,31,2,45,0,0,61,67,74,6,64,43,0,0,41,56,70,81,19,0,19,0,61,16,0,69,96,9,138,188,147,0,142,131,142,106
project/sim_ext.py --sim-time 1.5 --seq-graph project/file/graph_15_nodes.json --traffic project/file/traffic_15_nodes_random.json --inspection-rate 0.001 --mess-rate 0.002,0.196063000001,30,37,6,29,20,16,73,32,12,34,2,45,0,0,62,69,74,6,64,44,0,0,42,56,71,81,20,0,19,0,61,16,0,69,97,9,139,193,151,0,142,133,142,106
project/sim_ext.py --sim-time 1.5 --seq-graph project/file/graph_15_nodes.json --traffic project/file/traffic_15_nodes_random.json --inspection-rate 0.001 --mess-rate 0.002,0.197195000001,30,39,6,31,20,18,73,32,12,35,2,45,0,0,62,71,74,6,67,44,0,0,42,56,72,81,22,0,19,0,61,18,0,69,97,9,147,199,157,0,145,133,144,107
project/sim_ext.py --sim-time 1.5 --seq-graph project/file/graph_15_nodes.json --traffic project/file/traffic_15_nodes_random.json --inspection-rate 0.001 --mess-rate 0.002,0.198240000001,30,39,6,31,20,18,73,33,12,35,2,45,0,0,62,72,74,6,68,47,0,0,42,56,72,82,22,0,19,0,61,20,0,72,100,10,147,201,158,0,148,138,148,108
project/sim_ext.py --sim-time 1.5 --seq-graph project/file/graph_15_nodes.json --traffic project/file/traffic_15_nodes_random.json --inspection-rate 0.001 --mess-rate 0.002,0.199392999997,31,41,6,31,21,18,73,34,12,35,2,46,0,0,62,72,74,6,68,47,0,0,42,58,72,83,22,0,19,0,61,21,0,73,101,11,149,202,159,0,148,143,150,108
project/sim_ext.py --sim-time 1.5 --seq-graph project/file/graph_15_nodes.json --traffic project/file/traffic_15_nodes_random.json --inspection-rate 0.001 --mess-rate 0.002,0.20058174334875245,31,42,6,31,23,18,73,34,12,35,3,47,0,0,62,72,77,6,68,47,0,0,42,58,72,83,22,0,20,0,61,21,0,73,101,11,149,202,161,0,151,144,151,112
project/sim_ext.py --sim-time 1.5 --seq-graph project/file/graph_15_nodes.json --traffic project/file/traffic_15_nodes_random.json --inspection-rate 0.001 --mess-rate 0.002,0.201737599997,31,44,6,31,23,18,73,34,12,35,3,49,0,0,65,72,77,7,68,47,0,0,42,61,73,83,22,0,22,0,63,21,0,73,101,11,150,202,163,0,155,147,154,114
project/sim_ext.py --sim-time 1.5 --seq-graph project/file/graph_15_nodes.json --traffic project/file/traffic_15_nodes_random.json --inspection-rate 0.001 --mess-rate 0.002,0.202772199997,31,45,6,31,23,18,73,34,12,35,4,50,0,0,67,72,77,7,70,47,0,0,42,61,73,86,22,0,22,0,63,22,0,73,101,11,150,202,165,0,158,149,155,118
project/sim_ext.py --sim-time 1.5 --seq-graph project/file/graph_15_nodes.json --traffic project/file/traffic_15_nodes_random.json --inspection-rate 0.001 --mess-rate 0.002,0.203866000001,31,45,6,31,23,18,73,34,12,35,4,52,0,0,67,72,79,7,71,47,0,0,42,61,73,86,22,0,22,0,63,22,0,73,101,11,150,202,165,0,159,149,155,118
project/sim_ext.py --sim-time 1.5 --seq-graph project/file/graph_15_nodes.json --traffic project/file/traffic_15_nodes_random.json --inspection-rate 0.001 --mess-rate 0.002,0.2050443984199867,31,45,6,31,23,18,73,34,12,35,4,52,0,0,67,72,79,7,71,47,0,0,42,61,74,86,22,0,22,0,63,22,0,73,101,11,150,202,165,0,159,149,157,118
project/sim_ext.py --sim-time 1.5 --seq-graph project/file/graph_15_nodes.json --traffic project/file/traffic_15_nodes_random.json --inspection-rate 0.001 --mess-rate 0.002,0.20621300000099999,31,45,6,31,23,18,73,34,12,35,5,52,0,0,67,72,80,7,71,47,0,0,42,62,74,86,22,0,22,0,63,22,0,73,101,11,150,202,165,0,159,149,160,118
project/sim_ext.py --sim-time 1.5 --seq-graph project/file/graph_15_nodes.json --traffic project/file/traffic_15_nodes_random.json --inspection-rate 0.001 --mess-rate 0.002,0.20737548875585052,31,47,6,31,23,18,73,34,12,35,5,52,0,0,67,72,80,7,71,47,0,0,42,62,74,86,22,0,22,0,63,22,0,73,101,11,150,202,165,0,159,149,160,118
project/sim_ext.py --sim-time 1.5 --seq-graph project/file/graph_15_nodes.json --traffic project/file/traffic_15_nodes_random.json --inspection-rate 0.001 --mess-rate 0.002,0.208484000001,31,48,6,31,23,18,73,34,12,35,5,52,0,0,67,72,80,7,72,47,0,0,42,62,75,86,22,0,22,0,67,22,0,73,101,11,150,202,165,0,159,149,160,118
project/sim_ext.py --sim-time 1.5 --seq-graph project/file/graph_15_nodes.json --traffic project/file/traffic_15_nodes_random.json --inspection-rate 0.001 --mess-rate 0.002,0.209578000001,31,48,6,31,23,18,73,34,12,35,5,55,0,0,67,72,80,7,72,47,0,0,42,62,75,86,22,0,22,0,68,22,0,73,101,11,150,202,165,0,159,149,160,118
project/sim_ext.py --sim-time 1.5 --seq-graph project/file/graph_15_nodes.json --traffic project/file/traffic_15_nodes_random.json --inspection-rate 0.001 --mess-rate 0.002,0.210656000001,31,48,6,31,23,18,73,34,12,35,5,55,0,0,67,72,80,7,72,47,0,0,42,62,75,86,22,0,22,0,68,22,0,73,101,11,150,202,165,0,159,149,160,118
project/sim_ext.py --sim-time 1.5 --seq-graph project/file/graph_15_nodes.json --traffic project/file/traffic_15_nodes_random.json --inspection-rate 0.001 --mess-rate 0.002,0.211667000001,31,48,6,31,23,18,73,34,12,35,5,55,0,0,68,72,80,7,73,47,0,0,42,62,75,86,22,0,22,0,69,22,0,73,101,11,150,202,165,0,159,149,160,118
project/sim_ext.py --sim-time 1.5 --seq-graph project/file/graph_15_nodes.json --traffic project/file/traffic_15_nodes_random.json --inspection-rate 0.001 --mess-rate 0.002,0.21301697687138954,31,48,6,31,23,18,73,34,12,35,5,55,0,0,68,72,80,7,74,47,0,0,42,62,77,86,22,0,22,0,70,22,0,73,101,11,150,202,165,0,159,149,160,118
project/sim_ext.py --sim-time 1.5 --seq-graph project/file/graph_15_nodes.json --traffic project/file/traffic_15_nodes_random.json --inspection-rate 0.001 --mess-rate 0.002,0.214477000001,31,48,6,31,23,18,73,34,12,35,5,55,0,0,68,72,80,7,75,47,0,0,42,68,77,86,22,0,22,0,70,22,0,73,101,11,150,202,165,0,159,149,160,118
project/sim_ext.py --sim-time 1.5 --seq-graph project/file/graph_15_nodes.json --traffic project/file/traffic_15_nodes_random.json --inspection-rate 0.001 --mess-rate 0.002,0.21552519999699998,31,48,6,31,23,18,73,34,12,35,5,55,0,0,69,72,80,7,75,47,0,0,42,68,79,86,22,0,22,0,70,22,0,73,101,11,150,202,165,0,159,149,160,118
project/sim_ext.py --sim-time 1.5 --seq-graph project/file/graph_15_nodes.json --traffic project/file/traffic_15_nodes_random.json --inspection-rate 0.001 --mess-rate 0.002,0.216639000001,31,48,6,31,23,18,73,34,12,35,5,55,0,0,70,72,84,7,75,47,0,0,42,70,79,86,22,0,22,0,70,22,0,73,101,11,150,202,165,0,159,149,160,118
project/sim_ext.py --sim-time 1.5 --seq-graph project/file/graph_15_nodes.json --traffic project/file/traffic_15_nodes_random.json --inspection-rate 0.001 --mess-rate 0.002,0.217649000001,31,48,6,31,23,18,73,34,12,35,5,55,0,0,71,72,85,7,75,47,0,0,42,70,79,86,22,0,22,0,70,22,0,73,101,11,150,202,165,0,159,149,160,118
project/sim_ext.py --sim-time 1.5 --seq-graph project/file/graph_15_nodes.json --traffic project/file/traffic_15_nodes_random.json --inspection-rate 0.001 --mess-rate 0.002,0.218799000001,31,48,6,31,23,18,73,34,12,35,5,55,0,0,71,72,85,7,75,47,0,0,42,71,80,86,22,0,22,0,71,22,0,73,101,11,150,202,165,0,159,149,160,118
project/sim_ext.py --sim-time 1.5 --seq-graph project/file/graph_15_nodes.json --traffic project/file/traffic_15_nodes_random.json --inspection-rate 0.001 --mess-rate 0.002,0.220184000001,31,48,6,31,23,18,73,34,12,35,5,55,0,0,71,72,85,7,79,47,0,0,42,72,80,86,22,0,22,0,71,22,0,73,101,11,150,202,165,0,159,149,160,118
project/sim_ext.py --sim-time 1.5 --seq-graph project/file/graph_15_nodes.json --traffic project/file/traffic_15_nodes_random.json --inspection-rate 0.001 --mess-rate 0.002,0.221249999989,31,48,6,31,23,18,73,34,12,35,5,55,0,0,71,72,85,7,79,47,0,0,42,72,81,86,22,0,22,0,72,22,0,73,101,11,150,202,165,0,159,149,160,118
project/sim_ext.py --sim-time 1.5 --seq-graph project/file/graph_15_nodes.json --traffic project/file/traffic_15_nodes_random.json --inspection-rate 0.001 --mess-rate 0.002,0.222260000001,31,48,6,31,23,18,73,34,12,35,5,55,0,0,75,72,85,7,79,47,0,0,42,72,82,86,22,0,22,0,73,22,0,73,101,11,150,202,165,0,159,149,160,118
project/sim_ext.py --sim-time 1.5 --seq-graph project/file/graph_15_nodes.json --traffic project/file/traffic_15_nodes_random.json --inspection-rate 0.001 --mess-rate 0.002,0.223274999989,31,48,6,31,23,18,73,34,12,35,5,55,0,0,75,72,85,7,80,47,0,0,42,73,82,86,22,0,22,0,73,22,0,73,101,11,150,202,165,0,159,149,160,118
project/sim_ext.py --sim-time 1.5 --seq-graph project/file/graph_15_nodes.json --traffic project/file/traffic_15_nodes_random.json --inspection-rate 0.001 --mess-rate 0.002,0.224346599997,32,50,6,32,24,18,74,35,12,39,5,56,0,0,75,74,87,7,80,48,0,0,42,74,83,87,23,0,22,0,73,22,0,75,105,11,154,206,169,0,163,153,164,122
project/sim_ext.py --sim-time 1.5 --seq-graph project/file/graph_15_nodes.json --traffic project/file/traffic_15_nodes_random.json --inspection-rate 0.001 --mess-rate 0.002,0.225402599997,34,52,7,39,24,19,81,35,12,49,5,58,0,0,75,76,91,8,80,50,0,0,51,74,85,93,25,0,22,0,73,22,0,80,118,14,176,227,191,0,183,171,176,139
project/sim_ext.py --sim-time 1.5 --seq-graph project/file/graph_15_nodes.json --traffic project/file/traffic_15_nodes_random.json --inspection-rate 0.001 --mess-rate 0.002,0.226492799997,34,52,7,39,24,20,84,35,12,49,5,58,0,0,75,76,92,9,80,50,0,0,51,74,85,93,26,0,22,0,74,22,0,80,119,14,178,233,197,0,186,171,177,140
project/sim_ext.py --sim-time 1.5 --seq-graph project/file/graph_15_nodes.json --traffic project/file/traffic_15_nodes_random.json --inspection-rate 0.001 --mess-rate 0.002,0.227546000001,34,52,9,39,25,21,84,35,12,54,5,58,0,0,78,76,94,10,81,51,0,0,51,75,85,93,27,0,22,0,74,23,0,81,122,16,182,243,201,0,186,174,183,143
project/sim_ext.py --sim-time 1.5 --seq-graph project/file/graph_15_nodes.json --traffic project/file/traffic_15_nodes_random.json --inspection-rate 0.001 --mess-rate 0.002,0.228679399997,37,53,10,39,25,21,87,35,12,55,5,59,0,0,79,77,96,10,82,51,0,0,51,75,86,93,28,0,22,0,74,24,0,84,122,16,182,247,207,0,190,177,184,143
project/sim_ext.py --sim-time 1.5 --seq-graph project/file/graph_15_nodes.json --traffic project/file/traffic_15_nodes_random.json --inspection-rate 0.001 --mess-rate 0.002,0.229847000001,37,53,10,39,25,21,87,35,12,55,9,59,0,0,79,78,98,10,82,51,0,0,51,77,87,93,28,0,22,0,75,24,0,84,122,16,184,248,210,0,195,178,189,143
project/sim_ext.py --sim-time 1.5 --seq-graph project/file/graph_15_nodes.json --traffic project/file/traffic_15_nodes_random.json --inspection-rate 0.001 --mess-rate 0.002,0.231066599997,37,53,10,39,26,21,87,35,12,55,9,59,0,0,79,78,98,11,82,51,0,0,51,78,88,94,28,0,22,0,76,25,0,84,126,17,185,248,210,0,195,179,190,143
project/sim_ext.py --sim-time 1.5 --seq-graph project/file/graph_15_nodes.json --traffic project/file/traffic_15_nodes_random.json --inspection-rate 0.001 --mess-rate 0.002,0.232136000001,37,53,10,39,26,21,87,35,12,55,10,59,0,0,80,79,99,11,82,51,0,0,51,80,88,95,29,0,22,0,76,25,0,84,128,17,187,248,210,0,195,183,192,144
project/sim_ext.py --sim-time 1.5 --seq-graph project/file/graph_15_nodes.json --traffic project/file/traffic_15_nodes_random.json --inspection-rate 0.001 --mess-rate 0.002,0.23324074227879865,37,53,12,39,26,21,87,35,12,55,13,61,0,0,81,80,101,12,84,51,0,0,51,80,88,97,29,0,23,0,76,25,0,85,131,17,188,248,213,0,196,184,194,145
project/sim_ext.py --sim-time 1.5 --seq-graph project/file/graph_15_nodes.json --traffic project/file/traffic_15_nodes_random.json --inspection-rate 0.001 --mess-rate 0.002,0.234389999983,37,53,12,39,26,21,87,35,12,55,13,62,0,0,81,81,102,12,85,53,0,0,51,81,88,97,29,0,23,0,76,26,0,88,131,17,188,248,213,0,198,184,195,147
project/sim_ext.py --sim-time 1.5 --seq-graph project/file/graph_15_nodes.json --traffic project/file/traffic_15_nodes_random.json --inspection-rate 0.001 --mess-rate 0.002,0.235391000001,37,53,12,39,26,21,87,35,12,55,13,63,0,0,83,82,103,12,85,53,0,0,51,82,88,97,29,0,23,0,76,26,0,88,131,17,188,248,213,0,198,184,195,147
project/sim_ext.py --sim-time 1.5 --seq-graph project/file/graph_15_nodes.json --traffic project/file/traffic_15_nodes_random.json --inspection-rate 0.001 --mess-rate 0.002,0.236500000001,37,54,13,39,26,21,87,35,12,55,13,65,0,0,83,83,103,16,85,53,0,0,51,83,88,98,29,0,23,0,76,26,0,89,132,17,188,248,213,0,198,184,196,148
project/sim_ext.py --sim-time 1.5 --seq-graph project/file/graph_15_nodes.json --traffic project/file/traffic_15_nodes_random.json --inspection-rate 0.001 --mess-rate 0.002,0.237587000001,37,55,13,39,26,21,87,35,12,55,13,65,0,0,83,84,105,16,87,53,0,0,51,83,90,98,29,0,23,0,78,26,0,89,132,17,188,248,213,0,199,184,196,148
project/sim_ext.py --sim-time 1.5 --seq-graph project/file/graph_15_nodes.json --traffic project/file/traffic_15_nodes_random.json --inspection-rate 0.001 --mess-rate 0.002,0.238646000001,37,55,13,39,26,21,87,35,12,55,13,65,0,0,86,84,106,16,88,53,0,0,51,84,90,99,29,0,23,0,79,26,0,89,132,17,188,248,213,0,199,184,196,148
project/sim_ext.py --sim-time 1.5 --seq-graph project/file/graph_15_nodes.json --traffic project/file/traffic_15_nodes_random.json --inspection-rate 0.001 --mess-rate 0.002,0.23973900000099999,37,56,16,39,26,21,87,38,12,55,13,65,0,0,86,86,106,16,88,55,0,0,51,84,91,100,29,0,23,0,79,26,0,91,133,17,188,248,213,0,199,184,196,148
project/sim_ext.py --sim-time 1.5 --seq-graph project/file/graph_15_nodes.json --traffic project/file/traffic_15_nodes_random.json --inspection-rate 0.001 --mess-rate 0.002,0.240781000001,37,56,16,39,26,21,87,38,12,55,13,65,0,0,86,86,107,16,88,56,0,0,51,85,91,100,29,0,23,0,79,26,0,91,133,17,188,248,213,0,199,184,196,148
project/sim_ext.py --sim-time 1.5 --seq-graph project/file/graph_15_nodes.json --traffic project/file/traffic_15_nodes_random.json --inspection-rate 0.001 --mess-rate 0.002,0.241860000001,37,57,16,39,26,21,87,38,12,55,13,65,0,0,86,86,107,16,88,56,0,0,51,85,91,100,29,0,23,0,79,26,0,93,134,17,188,248,213,0,199,184,196,148
project/sim_ext.py --sim-time 1.5 --seq-graph project/file/graph_15_nodes.json --traffic project/file/traffic_15_nodes_random.json --inspection-rate 0.001 --mess-rate 0.002,0.242912000001,37,57,16,39,26,21,87,38,12,55,13,65,0,0,87,87,107,16,91,56,0,0,51,85,91,100,29,0,23,0,79,26,0,93,134,17,188,248,213,0,199,184,196,148
project/sim_ext.py --sim-time 1.5 --seq-graph project/file/graph_15_nodes.json --traffic project/file/traffic_15_nodes_random.json --inspection-rate 0.001 --mess-rate 0.002,0.24423799602384522,37,57,16,39,26,21,87,41,12,55,13,65,0,0,87,87,109,16,93,57,0,0,51,89,91,100,29,0,23,0,79,26,0,95,134,17,188,248,213,14,199,184,196,148
project/sim_ext.py --sim-time 1.5 --seq-graph project/file/graph_15_nodes.json --traffic project/file/traffic_15_nodes_random.json --inspection-rate 0.001 --mess-rate 0.002,0.24534100000099998,37,57,19,39,26,21,87,41,12,55,13,65,0,0,88,87,109,16,93,57,0,0,51,91,91,100,29,0,23,0,79,26,0,95,134,17,188,248,213,14,199,184,196,148
project/sim_ext.py --sim-time 1.5 --seq-graph project/file/graph_15_nodes.json --traffic project/file/traffic_15_nodes_random.json --inspection-rate 0.001 --mess-rate 0.002,0.246447000001,37,57,20,39,26,21,87,41,12,55,13,65,0,0,88,87,109,16,93,57,0,0,51,93,92,104,29,0,23,0,80,26,0,95,135,17,188,248,213,16,199,184,196,148
project/sim_ext.py --sim-time 1.5 --seq-graph project/file/graph_15_nodes.json --traffic project/file/traffic_15_nodes_random.json --inspection-rate 0.001 --mess-rate 0.002,0.247524999985,37,57,20,39,26,21,87,41,12,55,13,65,0,0,88,87,110,16,93,57,0,0,51,93,93,106,29,0,23,0,81,26,0,95,136,17,188,248,213,16,199,184,196,148
project/sim_ext.py --sim-time 1.5 --seq-graph project/file/graph_15_nodes.json --traffic project/file/traffic_15_nodes_random.json --inspection-rate 0.001 --mess-rate 0.002,0.24861334142094635,37,57,20,39,26,21,87,41,12,55,13,65,0,0,92,87,110,16,96,57,0,0,51,95,93,106,29,0,23,0,81,26,0,95,136,17,188,248,213,19,199,184,196,148
project/sim_ext.py --sim-time 1.5 --seq-graph project/file/graph_15_nodes.json --traffic project/file/traffic_15_nodes_random.json --inspection-rate 0.001 --mess-rate 0.002,0.249673599997,37,57,20,39,26,21,87,41,12,55,13,65,0,0,92,87,111,16,96,57,0,0,51,96,93,106,29,0,23,0,81,26,0,95,136,17,188,248,213,19,199,184,196,148
project/sim_ext.py --sim-time 1.5 --seq-graph project/file/graph_15_nodes.json --traffic project/file/traffic_15_nodes_random.json --inspection-rate 0.001 --mess-rate 0.002,0.250745988034634,37,57,20,39,26,21,87,41,12,55,13,65,0,0,92,87,112,16,98,57,0,0,51,96,94,106,29,0,23,0,81,26,0,95,136,17,188,248,213,19,199,184,196,148
project/sim_ext.py --sim-time 1.5 --seq-graph project/file/graph_15_nodes.json --traffic project/file/traffic_15_nodes_random.json --inspection-rate 0.001 --mess-rate 0.002,0.25185300000099997,37,57,20,39,26,21,87,41,12,55,13,65,0,0,92,87,112,16,98,57,0,0,51,96,95,106,29,0,23,0,82,26,0,95,137,17,188,248,213,19,199,184,196,148
project/sim_ext.py --sim-time 1.5 --seq-graph project/file/graph_15_nodes.json --traffic project/file/traffic_15_nodes_random.json --inspection-rate 0.001 --mess-rate 0.002,0.252953000001,37,57,20,39,26,21,87,41,12,55,13,65,0,0,93,87,113,16,98,57,0,0,51,96,95,106,29,0,23,0,82,26,0,95,137,17,188,248,213,19,199,184,196,148
project/sim_ext.py --sim-time 1.5 --seq-graph project/file/graph_15_nodes.json --traffic project/file/traffic_15_nodes_random.json --inspection-rate 0.001 --mess-rate 0.002,0.254019000001,37,57,20,39,26,21,87,41,12,55,13,65,0,0,93,87,113,16,99,57,0,0,51,96,96,106,29,0,23,0,82,26,0,95,137,17,188,248,213,19,199,184,196,148
project/sim_ext.py --sim-time 1.5 --seq-graph project/file/graph_15_nodes.json --traffic project/file/traffic_15_nodes_random.json --inspection-rate 0.001 --mess-rate 0.002,0.255106000001,37,57,20,39,26,21,87,41,12,55,13,65,0,0,93,87,115,16,99,57,0,0,51,96,98,106,29,0,23,0,82,26,0,95,137,17,188,248,213,19,199,184,196,148
project/sim_ext.py --sim-time 1.5 --seq-graph project/file/graph_15_nodes.json --traffic project/file/traffic_15_nodes_random.json --inspection-rate 0.001 --mess-rate 0.002,0.25615079999699997,37,57,22,39,26,21,87,41,12,55,13,65,0,0,93,87,115,16,99,57,0,0,51,96,98,106,29,0,23,0,82,26,0,95,137,17,188,248,213,20,199,184,196,148
project/sim_ext.py --sim-time 1.5 --seq-graph project/file/graph_15_nodes.json --traffic project/file/traffic_15_nodes_random.json --inspection-rate 0.001 --mess-rate 0.002,0.257239000001,37,57,22,39,26,21,87,41,12,55,13,65,0,0,93,87,116,16,99,57,0,0,51,96,99,106,29,0,23,0,82,26,0,95,137,17,188,248,213,22,199,184,196,148
project/sim_ext.py --sim-time 1.5 --seq-graph project/file/graph_15_nodes.json --traffic project/file/traffic_15_nodes_random.json --inspection-rate 0.001 --mess-rate 0.002,0.25843000000099997,37,57,23,39,26,21,87,41,12,55,13,65,0,0,94,87,117,16,100,57,0,0,51,96,99,106,29,0,23,0,82,26,0,95,137,17,188,248,213,23,199,184,196,148
project/sim_ext.py --sim-time 1.5 --seq-graph project/file/graph_15_nodes.json --traffic project/file/traffic_15_nodes_random.json --inspection-rate 0.001 --mess-rate 0.002,0.259497599997,37,57,24,39,26,21,87,41,12,55,13,65,0,0,94,87,118,16,100,57,0,0,51,96,102,106,29,0,23,0,82,26,0,95,137,17,188,248,213,23,199,184,196,148
project/sim_ext.py --sim-time 1.5 --seq-graph project/file/graph_15_nodes.json --traffic project/file/traffic_15_nodes_random.json --inspection-rate 0.001 --mess-rate 0.002,0.260534000001,37,57,24,39,26,21,87,41,12,55,13,65,0,0,94,87,118,16,100,57,0,0,51,96,102,106,29,0,23,0,82,26,0,95,137,17,188,248,213,23,199,184,196,148
project/sim_ext.py --sim-time 1.5 --seq-graph project/file/graph_15_nodes.json --traffic project/file/traffic_15_nodes_random.json --inspection-rate 0.001 --mess-rate 0.002,0.261577000001,37,57,24,39,26,21,87,41,12,55,13,65,0,0,94,87,119,16,101,57,0,0,51,96,102,106,29,0,23,0,82,26,0,95,137,17,188,248,213,23,199,184,196,148
project/sim_ext.py --sim-time 1.5 --seq-graph project/file/graph_15_nodes.json --traffic project/file/traffic_15_nodes_random.json --inspection-rate 0.001 --mess-rate 0.002,0.262934000001,37,57,24,39,26,21,87,41,12,55,13,65,0,0,94,87,120,16,101,57,0,0,51,96,102,106,29,0,23,0,82,26,0,95,137,17,188,248,213,23,199,184,196,148
project/sim_ext.py --sim-time 1.5 --seq-graph project/file/graph_15_nodes.json --traffic project/file/traffic_15_nodes_random.json --inspection-rate 0.001 --mess-rate 0.002,0.264329999989,37,57,24,39,26,21,87,41,12,55,13,65,0,0,94,87,120,16,101,57,0,0,51,96,103,106,29,0,23,0,87,26,0,95,137,17,188,248,213,23,199,184,196,148
project/sim_ext.py --sim-time 1.5 --seq-graph project/file/graph_15_nodes.json --traffic project/file/traffic_15_nodes_random.json --inspection-rate 0.001 --mess-rate 0.002,0.265376999997,37,60,24,40,26,22,92,41,12,59,14,68,0,0,94,87,123,16,101,57,0,0,53,99,105,112,29,0,23,0,88,26,0,95,143,17,194,254,219,23,205,190,202,154
project/sim_ext.py --sim-time 1.5 --seq-graph project/file/graph_15_nodes.json --traffic project/file/traffic_15_nodes_random.json --inspection-rate 0.001 --mess-rate 0.002,0.266402000001,38,61,24,45,28,22,95,43,12,66,15,71,0,0,94,89,126,17,101,61,0,0,65,100,105,113,29,0,26,0,88,26,0,101,155,17,209,277,234,23,225,207,214,170
project/sim_ext.py --sim-time 1.5 --seq-graph project/file/graph_15_nodes.json --traffic project/file/traffic_15_nodes_random.json --inspection-rate 0.001 --mess-rate 0.002,0.267462000001,38,61,25,45,28,23,97,43,12,69,15,72,0,0,95,90,126,17,102,61,0,0,68,100,106,113,30,0,26,0,90,26,0,101,155,17,209,283,237,23,226,208,214,172
project/sim_ext.py --sim-time 1.5 --seq-graph project/file/graph_15_nodes.json --traffic project/file/traffic_15_nodes_random.json --inspection-rate 0.001 --mess-rate 0.002,0.268515000001,38,62,25,47,28,23,97,43,12,72,15,72,0,0,95,91,127,21,104,61,0,0,69,102,106,117,30,0,26,0,91,29,0,103,157,17,212,287,243,23,229,214,216,172
project/sim_ext.py --sim-time 1.5 --seq-graph project/file/graph_15_nodes.json --traffic project/file/traffic_15_nodes_random.json --inspection-rate 0.001 --mess-rate 0.002,0.269545000001,38,62,25,47,28,23,97,43,12,77,16,75,0,0,95,91,131,22,105,61,0,0,69,103,106,118,30,0,26,0,91,29,0,103,157,17,212,302,249,23,232,216,216,174
project/sim_ext.py --sim-time 1.5 --seq-graph project/file/graph_15_nodes.json --traffic project/file/traffic_15_nodes_random.json --inspection-rate 0.001 --mess-rate 0.002,0.270670000001,38,62,26,47,28,23,97,43,12,77,16,75,0,0,98,91,132,22,105,61,0,0,69,103,106,118,31,0,26,0,92,29,0,104,157,17,214,303,250,23,232,216,218,175
project/sim_ext.py --sim-time 1.5 --seq-graph project/file/graph_15_nodes.json --traffic project/file/traffic_15_nodes_random.json --inspection-rate 0.001 --mess-rate 0.002,0.27172500000099997,39,63,26,47,28,23,99,44,12,77,17,75,0,0,98,91,132,22,107,61,0,0,69,103,106,121,32,0,27,0,93,31,0,111,160,17,219,304,258,23,243,217,219,176
project/sim_ext.py --sim-time 1.5 --seq-graph project/file/graph_15_nodes.json --traffic project/file/traffic_15_nodes_random.json --inspection-rate 0.001 --mess-rate 0.002,0.272768000001,39,64,26,47,28,23,99,44,12,77,18,76,0,0,98,91,133,22,108,61,0,0,69,107,106,121,32,0,27,0,93,31,0,113,160,17,220,304,259,23,244,219,223,176
project/sim_ext.py --sim-time 1.5 --seq-graph project/file/graph_15_nodes.json --traffic project/file/traffic_15_nodes_random.json --inspection-rate 0.001 --mess-rate 0.002,0.273778000001,39,66,26,47,29,23,99,44,12,77,18,76,0,0,98,91,133,22,108,61,0,0,69,108,106,121,32,0,27,0,94,31,0,113,160,17,222,304,260,23,244,220,223,176
project/sim_ext.py --sim-time 1.5 --seq-graph project/file/graph_15_nodes.json --traffic project/file/traffic_15_nodes_random.json --inspection-rate 0.001 --mess-rate 0.002,0.274801000001,39,67,26,47,29,23,99,44,12,77,18,76,0,0,98,91,134,22,108,61,0,0,69,109,109,121,32,0,27,0,94,31,0,113,160,17,225,304,260,23,244,221,223,176
project/sim_ext.py --sim-time 1.5 --seq-graph project/file/graph_15_nodes.json --traffic project/file/traffic_15_nodes_random.json --inspection-rate 0.001 --mess-rate 0.002,0.276384999985,39,67,26,47,29,23,99,44,12,77,18,80,0,0,98,91,135,22,109,61,0,0,69,113,109,122,32,0,27,0,94,33,0,113,169,17,225,304,260,23,244,222,225,176
project/sim_ext.py --sim-time 1.5 --seq-graph project/file/graph_15_nodes.json --traffic project/file/traffic_15_nodes_random.json --inspection-rate 0.001 --mess-rate 0.002,0.277504999993,39,69,26,47,29,23,99,44,12,77,18,82,0,0,98,91,136,25,109,61,0,0,69,115,109,122,32,0,27,0,94,33,0,113,170,17,225,304,260,23,244,222,226,178
project/sim_ext.py --sim-time 1.5 --seq-graph project/file/graph_15_nodes.json --traffic project/file/traffic_15_nodes_random.json --inspection-rate 0.001 --mess-rate 0.002,0.278641000001,39,69,26,47,29,23,99,44,12,77,18,82,0,0,98,91,137,25,109,61,0,0,69,115,110,122,32,0,27,0,94,33,0,113,170,17,225,304,260,23,244,222,226,178
project/sim_ext.py --sim-time 1.5 --seq-graph project/file/graph_15_nodes.json --traffic project/file/traffic_15_nodes_random.json --inspection-rate 0.001 --mess-rate 0.002,0.279860199997,39,70,26,47,29,23,99,44,12,77,18,82,0,0,101,91,138,26,111,61,0,0,69,116,110,122,32,0,27,0,94,33,0,113,170,17,225,304,260,23,244,222,226,178
project/sim_ext.py --sim-time 1.5 --seq-graph project/file/graph_15_nodes.json --traffic project/file/traffic_15_nodes_random.json --inspection-rate 0.001 --mess-rate 0.002,0.280884199997,39,71,26,47,29,23,99,44,12,77,18,82,0,0,102,91,138,26,112,61,0,0,69,116,111,127,32,0,27,0,96,33,0,113,171,17,225,304,260,23,244,222,226,178
project/sim_ext.py --sim-time 1.5 --seq-graph project/file/graph_15_nodes.json --traffic project/file/traffic_15_nodes_random.json --inspection-rate 0.001 --mess-rate 0.002,0.281890000001,39,71,26,47,29,23,99,44,12,77,18,82,0,0,102,91,139,26,112,61,0,0,69,116,111,128,32,0,27,0,96,33,0,113,171,17,225,304,260,23,244,222,226,178
project/sim_ext.py --sim-time 1.5 --seq-graph project/file/graph_15_nodes.json --traffic project/file/traffic_15_nodes_random.json --inspection-rate 0.001 --mess-rate 0.002,0.282891000001,39,71,26,47,29,23,99,44,12,77,18,82,0,0,102,91,139,26,112,61,0,0,69,116,115,129,32,0,27,0,96,33,0,113,173,17,225,304,260,23,244,222,226,178
project/sim_ext.py --sim-time 1.5 --seq-graph project/file/graph_15_nodes.json --traffic project/file/traffic_15_nodes_random.json --inspection-rate 0.001 --mess-rate 0.002,0.283898000001,39,71,26,47,29,23,99,44,12,77,18,82,0,0,102,91,139,26,112,61,0,0,69,116,115,129,32,0,27,0,96,33,0,113,173,17,225,304,260,23,244,222,226,178
project/sim_ext.py --sim-time 1.5 --seq-graph project/file/graph_15_nodes.json --traffic project/file/traffic_15_nodes_random.json --inspection-rate 0.001 --mess-rate 0.002,0.285004999981,39,71,26,47,29,23,99,44,12,77,18,82,0,0,102,91,142,26,113,61,0,0,69,116,116,129,32,0,27,0,97,33,0,113,174,17,225,304,260,23,244,222,226,178
project/sim_ext.py --sim-time 1.5 --seq-graph project/file/graph_15_nodes.json --traffic project/file/traffic_15_nodes_random.json --inspection-rate 0.001 --mess-rate 0.002,0.286007000001,39,71,29,47,29,23,99,44,12,77,18,82,0,0,104,91,143,26,113,61,0,0,69,116,116,129,32,0,27,0,98,33,0,113,174,17,225,304,260,40,244,222,226,178
project/sim_ext.py --sim-time 1.5 --seq-graph project/file/graph_15_nodes.json --traffic project/file/traffic_15_nodes_random.json --inspection-rate 0.001 --mess-rate 0.002,0.28716269580423465,39,71,29,47,29,23,99,44,12,77,18,82,0,0,104,91,143,26,114,61,0,0,69,116,116,129,32,0,27,0,98,33,0,113,174,17,225,304,260,41,244,222,226,178
project/sim_ext.py --sim-time 1.5 --seq-graph project/file/graph_15_nodes.json --traffic project/file/traffic_15_nodes_random.json --inspection-rate 0.001 --mess-rate 0.002,0.2882097139379014,39,71,30,47,29,23,99,44,12,77,18,82,0,0,104,91,143,26,114,61,0,0,69,116,116,129,32,0,27,0,101,33,0,113,174,17,225,304,260,42,244,222,226,178
project/sim_ext.py --sim-time 1.5 --seq-graph project/file/graph_15_nodes.json --traffic project/file/traffic_15_nodes_random.json --inspection-rate 0.001 --mess-rate 0.002,0.289365000001,39,71,31,47,29,23,99,44,12,77,18,82,0,0,105,91,145,26,115,61,0,0,69,116,116,129,32,0,27,0,101,33,0,113,174,17,225,304,260,43,244,222,226,178
project/sim_ext.py --sim-time 1.5 --seq-graph project/file/graph_15_nodes.json --traffic project/file/traffic_15_nodes_random.json --inspection-rate 0.001 --mess-rate 0.002,0.290744999989,39,71,32,47,29,23,99,44,12,77,18,82,0,0,106,91,145,26,115,61,0,0,69,116,116,129,32,0,27,0,101,33,0,113,174,17,225,304,260,43,244,222,226,178
project/sim_ext.py --sim-time 1.5 --seq-graph project/file/graph_15_nodes.json --traffic project/file/traffic_15_nodes_random.json --inspection-rate 0.001 --mess-rate 0.002,0.291894000001,39,71,32,47,29,23,99,44,12,77,18,82,0,0,106,91,145,26,115,61,0,0,69,116,118,129,32,0,27,0,103,33,0,113,174,17,225,304,260,43,244,222,226,178
project/sim_ext.py --sim-time 1.5 --seq-graph project/file/graph_15_nodes.json --traffic project/file/traffic_15_nodes_random.json --inspection-rate 0.001 --mess-rate 0.002,0.292928000001,39,71,34,47,29,23,99,44,12,77,18,82,0,0,106,91,145,26,117,61,0,0,69,116,119,129,32,0,27,0,103,33,0,113,174,17,225,304,260,46,244,222,226,178
project/sim_ext.py --sim-time 1.5 --seq-graph project/file/graph_15_nodes.json --traffic project/file/traffic_15_nodes_random.json --inspection-rate 0.001 --mess-rate 0.002,0.293935000001,39,71,34,47,29,23,99,44,12,77,18,82,0,0,106,91,146,26,117,61,0,0,69,116,120,129,32,0,27,0,103,33,0,113,174,17,225,304,260,47,244,222,226,178
project/sim_ext.py --sim-time 1.5 --seq-graph project/file/graph_15_nodes.json --traffic project/file/traffic_15_nodes_random.json --inspection-rate 0.001 --mess-rate 0.002,0.295055999997,39,71,34,47,29,23,99,44,12,77,18,82,0,0,106,91,148,26,117,61,0,0,69,116,120,129,32,0,27,0,103,33,0,113,174,17,225,304,260,49,244,222,226,178
project/sim_ext.py --sim-time 1.5 --seq-graph project/file/graph_15_nodes.json --traffic project/file/traffic_15_nodes_random.json --inspection-rate 0.001 --mess-rate 0.002,0.296064999997,39,72,35,49,30,23,101,44,12,78,19,84,0,0,108,91,152,26,117,61,0,0,70,117,120,135,35,0,27,0,104,33,0,113,179,17,230,309,265,56,249,227,231,182
project/sim_ext.py --sim-time 1.5 --seq-graph project/file/graph_15_nodes.json --traffic project/file/traffic_15_nodes_random.json --inspection-rate 0.001 --mess-rate 0.002,0.297065599997,40,74,37,52,31,25,109,45,12,88,20,86,0,0,109,93,154,29,117,63,0,0,80,121,120,136,36,0,30,0,104,33,0,118,179,17,245,334,287,57,268,238,254,196
project/sim_ext.py --sim-time 1.5 --seq-graph project/file/graph_15_nodes.json --traffic project/file/traffic_15_nodes_random.json --inspection-rate 0.001 --mess-rate 0.002,0.29817000000099997,41,75,37,54,31,25,109,45,12,88,20,88,0,0,109,93,156,29,118,63,0,0,82,121,122,137,37,0,30,0,105,33,0,118,184,17,246,338,288,57,274,240,258,198
project/sim_ext.py --sim-time 1.5 --seq-graph project/file/graph_15_nodes.json --traffic project/file/traffic_15_nodes_random.json --inspection-rate 0.001 --mess-rate 0.002,0.299264999997,42,75,37,54,32,26,110,45,12,92,23,88,0,0,110,96,157,29,118,64,0,0,83,122,122,138,38,0,30,0,105,33,0,119,185,17,253,344,292,57,274,241,261,199
project/sim_ext.py --sim-time 1.5 --seq-graph project/file/graph_15_nodes.json --traffic project/file/traffic_15_nodes_random.json --inspection-rate 0.001 --mess-rate 0.002,0.300355000001,42,75,40,54,32,26,110,48,12,95,23,88,0,0,110,97,158,30,119,65,0,0,83,122,124,138,38,0,31,0,106,33,0,119,185,17,254,349,297,57,276,246,263,199
project/sim_ext.py --sim-time 1.5 --seq-graph project/file/graph_15_nodes.json --traffic project/file/traffic_15_nodes_random.json --inspection-rate 0.001 --mess-rate 0.002,0.301487999997,42,76,40,54,32,26,112,48,12,95,23,89,0,0,110,97,159,30,119,66,0,0,83,122,124,139,38,0,31,0,106,35,0,120,189,19,257,353,300,57,276,247,264,199
project/sim_ext.py --sim-time 1.5 --seq-graph project/file/graph_15_nodes.json --traffic project/file/traffic_15_nodes_random.json --inspection-rate 0.001 --mess-rate 0.002,0.302543999997,42,76,40,54,32,26,112,48,12,95,23,90,0,0,112,97,161,30,120,66,0,0,83,122,124,139,39,0,32,0,106,35,0,120,189,19,258,353,302,57,279,252,265,200
project/sim_ext.py --sim-time 1.5 --seq-graph project/file/graph_15_nodes.json --traffic project/file/traffic_15_nodes_random.json --inspection-rate 0.001 --mess-rate 0.002,0.30364100000099997,45,76,40,54,32,26,112,49,12,95,23,90,0,0,113,97,163,30,120,67,0,0,83,122,124,142,39,0,32,0,106,36,0,122,192,19,260,353,302,57,279,252,272,200
project/sim_ext.py --sim-time 1.5 --seq-graph project/file/graph_15_nodes.json --traffic project/file/traffic_15_nodes_random.json --inspection-rate 0.001 --mess-rate 0.002,0.304777599997,45,76,40,54,33,26,112,49,12,95,23,90,0,0,113,97,164,30,120,67,0,0,83,122,125,142,39,0,33,0,109,36,0,122,192,19,261,353,306,57,283,252,272,200
project/sim_ext.py --sim-time 1.5 --seq-graph project/file/graph_15_nodes.json --traffic project/file/traffic_15_nodes_random.json --inspection-rate 0.001 --mess-rate 0.002,0.3059093468093836,45,76,40,54,33,26,112,49,12,95,23,90,0,0,116,97,164,30,120,67,0,0,83,123,126,142,39,0,33,0,110,36,0,122,192,19,262,353,306,57,284,253,272,200
project/sim_ext.py --sim-time 1.5 --seq-graph project/file/graph_15_nodes.json --traffic project/file/traffic_15_nodes_random.json --inspection-rate 0.001 --mess-rate 0.002,0.3069651579609946,45,76,40,54,33,26,112,51,12,95,23,90,0,0,117,98,164,30,120,73,0,0,83,123,127,142,39,0,33,0,110,37,0,123,194,19,265,353,306,57,284,253,274,201
project/sim_ext.py --sim-time 1.5 --seq-graph project/file/graph_15_nodes.json --traffic project/file/traffic_15_nodes_random.json --inspection-rate 0.001 --mess-rate 0.002,0.308085000001,45,76,40,54,33,26,112,51,12,95,23,90,0,0,120,98,164,30,120,76,0,0,83,124,127,143,39,0,33,0,111,37,0,124,194,19,265,353,306,57,284,253,274,202
project/sim_ext.py --sim-time 1.5 --seq-graph project/file/graph_15_nodes.json --traffic project/file/traffic_15_nodes_random.json --inspection-rate 0.001 --mess-rate 0.002,0.309185399997,45,76,40,54,35,26,112,53,12,95,23,94,0,0,121,99,164,30,121,78,0,0,83,127,130,144,39,0,33,0,111,37,0,125,194,19,265,353,306,57,284,254,274,203
project/sim_ext.py --sim-time 1.5 --seq-graph project/file/graph_15_nodes.json --traffic project/file/traffic_15_nodes_random.json --inspection-rate 0.001 --mess-rate 0.002,0.310303000001,45,78,40,54,35,26,112,54,12,95,23,94,0,0,121,100,164,30,121,79,0,0,83,128,132,144,39,0,33,0,111,37,0,125,194,19,265,353,306,57,284,254,274,203
project/sim_ext.py --sim-time 1.5 --seq-graph project/file/graph_15_nodes.json --traffic project/file/traffic_15_nodes_random.json --inspection-rate 0.001 --mess-rate 0.002,0.31138200000099997,45,79,40,54,35,26,112,54,12,95,23,95,0,0,121,102,164,30,121,79,0,0,83,128,132,144,39,0,33,0,111,37,0,126,194,19,265,353,306,57,284,254,274,203
project/sim_ext.py --sim-time 1.5 --seq-graph project/file/graph_15_nodes.json --traffic project/file/traffic_15_nodes_random.json --inspection-rate 0.001 --mess-rate 0.002,0.3124303046376077,45,80,40,54,35,26,112,54,12,95,23,95,0,0,121,102,168,30,121,80,0,0,83,129,133,145,39,0,33,0,115,37,0,127,195,19,265,353,306,57,284,254,274,203
project/sim_ext.py --sim-time 1.5 --seq-graph project/file/graph_15_nodes.json --traffic project/file/traffic_15_nodes_random.json --inspection-rate 0.001 --mess-rate 0.002,0.313538000001,45,81,40,54,35,26,112,54,12,95,23,95,0,0,122,103,168,30,121,83,0,0,83,129,133,145,39,0,33,0,115,37,0,127,197,19,265,353,306,57,284,254,274,203
project/sim_ext.py --sim-time 1.5 --seq-graph project/file/graph_15_nodes.json --traffic project/file/traffic_15_nodes_random.json --inspection-rate 0.001 --mess-rate 0.002,0.3145984174962612,45,81,40,54,35,26,112,55,12,95,23,95,0,0,123,105,169,30,121,84,0,0,83,133,134,145,39,0,33,0,116,37,0,127,197,19,265,353,306,57,284,254,274,203
project/sim_ext.py --sim-time 1.5 --seq-graph project/file/graph_15_nodes.json --traffic project/file/traffic_15_nodes_random.json --inspection-rate 0.001 --mess-rate 0.002,0.31569561586919104,45,81,40,54,35,26,112,55,12,95,23,95,0,0,123,107,169,30,121,84,0,0,83,133,134,146,39,0,33,0,116,37,0,127,198,19,265,353,306,57,284,254,274,203
project/sim_ext.py --sim-time 1.5 --seq-graph project/file/graph_15_nodes.json --traffic project/file/traffic_15_nodes_random.json --inspection-rate 0.001 --mess-rate 0.002,0.31677016022077437,45,82,40,54,35,26,112,55,12,95,23,95,0,0,123,107,169,30,121,84,0,0,83,133,134,146,39,0,33,0,116,37,0,128,198,19,265,353,306,57,284,254,274,203
project/sim_ext.py --sim-time 1.5 --seq-graph project/file/graph_15_nodes.json --traffic project/file/traffic_15_nodes_random.json --inspection-rate 0.001 --mess-rate 0.002,0.31783886934088756,45,83,40,54,35,26,112,55,12,95,23,95,0,0,124,109,170,30,121,84,0,0,83,133,135,146,39,0,33,0,118,37,0,128,198,19,265,353,306,57,284,254,274,203
project/sim_ext.py --sim-time 1.5 --seq-graph project/file/graph_15_nodes.json --traffic project/file/traffic_15_nodes_random.json --inspection-rate 0.001 --mess-rate 0.002,0.31885425190957045,45,83,40,54,35,26,112,55,12,95,23,95,0,0,126,109,171,30,122,84,0,0,83,133,135,146,39,0,33,0,118,37,0,128,198,19,265,353,306,57,284,254,274,203
project/sim_ext.py --sim-time 1.5 --seq-graph project/file/graph_15_nodes.json --traffic project/file/traffic_15_nodes_random.json --inspection-rate 0.001 --mess-rate 0.002,0.319934799997,45,83,40,54,35,26,112,55,12,95,23,95,0,0,126,109,171,30,122,85,0,0,83,134,135,147,39,0,33,0,118,37,0,129,199,19,265,353,306,57,284,254,274,203
project/sim_ext.py --sim-time 1.5 --seq-graph project/file/graph_15_nodes.json --traffic project/file/traffic_15_nodes_random.json --inspection-rate 0.001 --mess-rate 0.002,0.320968000001,45,83,40,54,35,26,112,56,12,95,23,95,0,0,126,109,171,30,123,85,0,0,83,134,137,147,39,0,33,0,118,37,0,129,201,19,265,353,306,57,284,254,274,203
project/sim_ext.py --sim-time 1.5 --seq-graph project/file/graph_15_nodes.json --traffic project/file/traffic_15_nodes_random.json --inspection-rate 0.001 --mess-rate 0.002,0.32206813508672644,45,83,40,54,35,26,112,56,12,95,23,95,0,0,126,109,171,30,126,85,0,0,83,134,137,147,39,0,33,0,118,37,0,129,201,19,265,353,306,57,284,254,274,203
project/sim_ext.py --sim-time 1.5 --seq-graph project/file/graph_15_nodes.json --traffic project/file/traffic_15_nodes_random.json --inspection-rate 0.001 --mess-rate 0.002,0.323125000001,45,83,40,54,35,26,112,56,12,95,23,95,0,0,126,109,172,30,126,85,0,0,83,134,137,147,39,0,33,0,118,37,0,129,201,19,265,353,306,57,284,254,274,203
project/sim_ext.py --sim-time 1.5 --seq-graph project/file/graph_15_nodes.json --traffic project/file/traffic_15_nodes_random.json --inspection-rate 0.001 --mess-rate 0.002,0.324220799997,45,83,40,54,35,26,112,56,12,95,23,95,0,0,128,109,172,30,127,85,0,0,83,134,137,147,39,0,33,0,118,37,0,129,201,19,265,353,306,57,284,254,274,203
project/sim_ext.py --sim-time 1.5 --seq-graph project/file/graph_15_nodes.json --traffic project/file/traffic_15_nodes_random.json --inspection-rate 0.001 --mess-rate 0.002,0.3253049509670606,45,83,40,54,35,26,112,56,12,95,23,95,0,0,130,109,172,30,127,85,0,0,83,134,138,147,39,0,33,0,123,37,0,129,201,19,265,353,306,62,284,254,274,203
project/sim_ext.py --sim-time 1.5 --seq-graph project/file/graph_15_nodes.json --traffic project/file/traffic_15_nodes_random.json --inspection-rate 0.001 --mess-rate 0.002,0.326364999985,45,83,40,54,35,26,112,56,12,95,23,95,0,0,130,111,172,30,127,85,0,0,83,134,138,147,39,0,33,0,123,37,0,129,201,19,265,353,306,67,284,254,274,203
project/sim_ext.py --sim-time 1.5 --seq-graph project/file/graph_15_nodes.json --traffic project/file/traffic_15_nodes_random.json --inspection-rate 0.001 --mess-rate 0.002,0.3274173549002498,50,88,40,61,35,29,112,57,12,95,23,99,0,0,130,111,172,30,127,89,0,0,86,134,138,154,40,0,34,0,124,39,0,133,214,19,293,367,324,82,310,270,274,213
project/sim_ext.py --sim-time 1.5 --seq-graph project/file/graph_15_nodes.json --traffic project/file/traffic_15_nodes_random.json --inspection-rate 0.001 --mess-rate 0.002,0.328419199997,50,88,40,61,37,30,112,58,12,95,23,99,0,0,130,112,172,30,127,91,0,0,86,135,138,154,40,0,34,0,124,39,0,134,215,19,300,367,324,86,311,270,274,218
project/sim_ext.py --sim-time 1.5 --seq-graph project/file/graph_15_nodes.json --traffic project/file/traffic_15_nodes_random.json --inspection-rate 0.001 --mess-rate 0.002,0.329466599997,50,88,40,63,38,30,112,58,12,95,23,102,0,0,130,112,177,30,127,91,0,0,87,137,138,154,41,0,36,0,124,39,0,134,215,19,303,368,327,88,314,271,274,218
project/sim_ext.py --sim-time 1.5 --seq-graph project/file/graph_15_nodes.json --traffic project/file/traffic_15_nodes_random.json --inspection-rate 0.001 --mess-rate 0.002,0.330518000001,52,92,40,64,38,30,112,58,12,95,23,103,0,0,132,114,177,30,127,93,0,0,88,137,138,158,41,0,37,0,125,40,0,137,218,19,306,370,331,89,315,273,274,224
project/sim_ext.py --sim-time 1.5 --seq-graph project/file/graph_15_nodes.json --traffic project/file/traffic_15_nodes_random.json --inspection-rate 0.001 --mess-rate 0.002,0.331677000001,52,92,40,64,39,30,112,58,12,95,23,103,0,0,133,114,178,30,127,93,0,0,88,137,138,158,41,0,38,0,127,40,0,137,218,19,306,371,333,89,317,274,274,224
project/sim_ext.py --sim-time 1.5 --seq-graph project/file/graph_15_nodes.json --traffic project/file/traffic_15_nodes_random.json --inspection-rate 0.001 --mess-rate 0.002,0.332704999978,52,93,40,65,40,30,112,58,12,95,23,104,0,0,133,114,179,30,127,93,0,0,89,137,138,160,42,0,38,0,127,40,0,137,221,19,307,373,334,89,318,276,274,224
project/sim_ext.py --sim-time 1.5 --seq-graph project/file/graph_15_nodes.json --traffic project/file/traffic_15_nodes_random.json --inspection-rate 0.001 --mess-rate 0.002,0.333740000001,52,94,40,65,40,31,112,58,12,95,23,104,0,0,133,114,180,30,127,93,0,0,89,137,140,160,42,0,39,0,128,40,0,137,222,20,310,374,338,89,318,276,274,225
project/sim_ext.py --sim-time 1.5 --seq-graph project/file/graph_15_nodes.json --traffic project/file/traffic_15_nodes_random.json --inspection-rate 0.001 --mess-rate 0.002,0.334819000001,52,94,40,65,41,31,112,61,12,95,23,105,0,0,134,116,182,30,127,96,0,0,89,137,141,165,43,0,39,0,128,40,0,138,224,20,311,375,340,97,318,277,274,227
project/sim_ext.py --sim-time 1.5 --seq-graph project/file/graph_15_nodes.json --traffic project/file/traffic_15_nodes_random.json --inspection-rate 0.001 --mess-rate 0.002,0.335964000001,52,96,40,65,41,31,112,61,12,95,23,105,0,0,134,116,182,30,127,97,0,0,89,140,142,167,43,0,39,0,130,41,0,138,225,20,313,377,344,99,319,278,274,232
project/sim_ext.py --sim-time 1.5 --seq-graph project/file/graph_15_nodes.json --traffic project/file/traffic_15_nodes_random.json --inspection-rate 0.001 --mess-rate 0.002,0.33699700000099997,57,96,40,65,41,31,112,61,12,97,23,107,0,0,134,117,182,30,127,98,0,0,89,140,142,167,43,0,39,0,131,41,0,140,225,20,313,378,344,100,320,283,278,235
project/sim_ext.py --sim-time 1.5 --seq-graph project/file/graph_15_nodes.json --traffic project/file/traffic_15_nodes_random.json --inspection-rate 0.001 --mess-rate 0.002,0.338216000001,57,96,40,65,41,31,115,61,12,100,23,107,0,0,134,118,183,30,131,98,0,0,89,140,142,167,43,0,39,0,131,41,0,140,225,20,313,384,344,100,320,284,294,235
project/sim_ext.py --sim-time 1.5 --seq-graph project/file/graph_15_nodes.json --traffic project/file/traffic_15_nodes_random.json --inspection-rate 0.001 --mess-rate 0.002,0.339219999985,57,97,40,65,41,31,116,61,12,101,23,107,0,0,134,121,183,30,131,98,0,0,89,140,142,167,43,0,39,0,132,41,0,140,225,20,313,384,344,100,320,286,295,235
project/sim_ext.py --sim-time 1.5 --seq-graph project/file/graph_15_nodes.json --traffic project/file/traffic_15_nodes_random.json --inspection-rate 0.001 --mess-rate 0.002,0.34077300000099997,57,98,40,65,41,31,118,61,12,103,23,107,0,0,135,123,186,30,133,98,0,0,89,140,142,167,43,0,39,0,132,41,0,140,225,20,313,384,344,100,320,289,300,235
project/sim_ext.py --sim-time 1.5 --seq-graph project/file/graph_15_nodes.json --traffic project/file/traffic_15_nodes_random.json --inspection-rate 0.001 --mess-rate 0.002,0.341792000001,57,98,40,65,41,31,119,61,12,103,23,107,0,0,135,123,186,30,133,98,0,0,89,140,142,167,43,0,39,0,132,41,0,140,225,20,313,384,344,100,320,289,302,235
project/sim_ext.py --sim-time 1.5 --seq-graph project/file/graph_15_nodes.json --traffic project/file/traffic_15_nodes_random.json --inspection-rate 0.001 --mess-rate 0.002,0.342818000001,57,98,40,65,41,31,119,61,12,103,23,107,0,0,136,123,186,30,134,98,0,0,89,140,144,167,43,0,39,0,133,41,0,140,225,20,313,384,344,100,320,289,304,235
project/sim_ext.py --sim-time 1.5 --seq-graph project/file/graph_15_nodes.json --traffic project/file/traffic_15_nodes_random.json --inspection-rate 0.001 --mess-rate 0.002,0.343854999985,57,99,40,65,41,31,119,61,12,103,23,107,0,0,136,123,188,30,134,98,0,0,89,140,144,167,43,0,39,0,133,41,0,140,225,20,313,384,344,100,320,289,304,235
project/sim_ext.py --sim-time 1.5 --seq-graph project/file/graph_15_nodes.json --traffic project/file/traffic_15_nodes_random.json --inspection-rate 0.001 --mess-rate 0.002,0.344859000001,57,100,40,65,41,31,119,61,12,103,23,107,0,0,136,124,188,30,134,98,0,0,89,143,144,167,43,0,39,0,133,41,0,140,225,20,313,384,344,100,320,289,305,235
project/sim_ext.py --sim-time 1.5 --seq-graph project/file/graph_15_nodes.json --traffic project/file/traffic_15_nodes_random.json --inspection-rate 0.001 --mess-rate 0.002,0.346106000001,57,100,40,65,41,31,120,61,12,104,23,107,0,0,136,124,188,30,134,98,0,0,89,143,145,167,43,0,39,0,134,41,0,140,225,20,313,384,344,100,320,289,306,235
project/sim_ext.py --sim-time 1.5 --seq-graph project/file/graph_15_nodes.json --traffic project/file/traffic_15_nodes_random.json --inspection-rate 0.001 --mess-rate 0.002,0.3474074255168186,57,100,40,65,41,31,122,61,12,104,23,107,0,0,136,124,188,30,134,98,0,0,89,143,145,167,43,0,39,0,134,41,0,140,225,20,313,384,344,100,320,289,308,235
project/sim_ext.py --sim-time 1.5 --seq-graph project/file/graph_15_nodes.json --traffic project/file/traffic_15_nodes_random.json --inspection-rate 0.001 --mess-rate 0.002,0.348754000001,57,101,40,65,41,31,122,61,12,106,23,107,0,0,137,124,188,30,136,98,0,0,89,143,147,167,43,0,39,0,134,41,0,140,225,20,313,384,344,100,320,289,308,235
project/sim_ext.py --sim-time 1.5 --seq-graph project/file/graph_15_nodes.json --traffic project/file/traffic_15_nodes_random.json --inspection-rate 0.001 --mess-rate 0.002,0.350247000001,57,101,40,65,41,31,122,61,12,106,23,107,0,0,140,124,189,30,137,98,0,0,89,143,147,167,43,0,39,0,134,41,0,140,225,20,313,384,344,100,320,289,308,235
project/sim_ext.py --sim-time 1.5 --seq-graph project/file/graph_15_nodes.json --traffic project/file/traffic_15_nodes_random.json --inspection-rate 0.001 --mess-rate 0.002,0.35149539999699997,57,101,40,65,41,31,123,61,12,106,23,107,0,0,142,124,189,30,137,98,0,0,89,143,147,167,43,0,39,0,134,41,0,140,225,20,313,384,344,100,320,289,308,235
project/sim_ext.py --sim-time 1.5 --seq-graph project/file/graph_15_nodes.json --traffic project/file/traffic_15_nodes_random.json --inspection-rate 0.001 --mess-rate 0.002,0.352578000001,57,101,40,65,41,31,123,61,12,106,23,107,0,0,142,124,189,30,137,98,0,0,89,143,148,167,43,0,39,0,134,41,0,140,225,20,313,384,344,100,320,289,308,235
project/sim_ext.py --sim-time 1.5 --seq-graph project/file/graph_15_nodes.json --traffic project/file/traffic_15_nodes_random.json --inspection-rate 0.001 --mess-rate 0.002,0.353716066175781,57,101,40,65,41,31,123,61,12,106,23,107,0,0,142,124,191,30,137,98,0,0,89,143,152,167,43,0,39,0,134,41,0,140,225,20,313,384,344,100,320,289,308,235
project/sim_ext.py --sim-time 1.5 --seq-graph project/file/graph_15_nodes.json --traffic project/file/traffic_15_nodes_random.json --inspection-rate 0.001 --mess-rate 0.002,0.354804999985,57,101,40,65,41,31,125,61,12,106,23,107,0,0,143,124,192,30,138,98,0,0,89,143,152,167,43,0,39,0,134,41,0,140,225,20,313,384,344,100,320,289,308,235
project/sim_ext.py --sim-time 1.5 --seq-graph project/file/graph_15_nodes.json --traffic project/file/traffic_15_nodes_random.json --inspection-rate 0.001 --mess-rate 0.002,0.355834999981,57,101,40,65,41,31,125,61,12,106,23,107,0,0,144,124,192,30,139,98,0,0,89,143,153,167,43,0,39,0,136,41,0,140,225,20,313,384,344,100,320,289,308,235
project/sim_ext.py --sim-time 1.5 --seq-graph project/file/graph_15_nodes.json --traffic project/file/traffic_15_nodes_random.json --inspection-rate 0.001 --mess-rate 0.002,0.356849000001,57,101,40,65,41,31,125,61,12,106,23,107,0,0,145,124,192,30,139,98,0,0,89,143,153,167,43,0,39,0,136,41,0,140,225,20,313,384,344,100,320,289,308,235
project/sim_ext.py --sim-time 1.5 --seq-graph project/file/graph_15_nodes.json --traffic project/file/traffic_15_nodes_random.json --inspection-rate 0.001 --mess-rate 0.002,0.35785069038946243,57,101,40,65,41,31,125,61,12,106,23,107,0,0,145,124,194,30,140,98,0,0,89,144,154,167,43,0,39,0,136,41,0,140,225,20,313,384,344,100,320,289,308,235
project/sim_ext.py --sim-time 1.5 --seq-graph project/file/graph_15_nodes.json --traffic project/file/traffic_15_nodes_random.json --inspection-rate 0.001 --mess-rate 0.002,0.358921599997,57,101,40,65,41,31,125,61,12,106,23,107,0,0,146,124,194,30,140,98,0,0,89,144,154,167,43,0,39,0,136,41,0,140,225,20,313,384,344,100,320,289,308,235
project/sim_ext.py --sim-time 1.5 --seq-graph project/file/graph_15_nodes.json --traffic project/file/traffic_15_nodes_random.json --inspection-rate 0.001 --mess-rate 0.002,0.3599771089919881,57,101,40,65,41,31,125,61,12,106,23,107,0,0,147,124,194,30,140,98,0,0,89,144,154,167,43,0,39,0,136,41,0,140,225,20,313,384,344,100,320,289,308,235
project/sim_ext.py --sim-time 1.5 --seq-graph project/file/graph_15_nodes.json --traffic project/file/traffic_15_nodes_random.json --inspection-rate 0.001 --mess-rate 0.002,0.361003000001,57,101,40,65,41,31,131,61,12,106,23,107,0,0,147,124,194,30,140,98,0,0,89,144,156,167,43,0,39,0,136,41,0,140,225,20,313,384,344,100,320,289,308,235
project/sim_ext.py --sim-time 1.5 --seq-graph project/file/graph_15_nodes.json --traffic project/file/traffic_15_nodes_random.json --inspection-rate 0.001 --mess-rate 0.002,0.362117000001,57,101,40,65,41,31,131,61,12,106,23,107,0,0,147,124,194,30,140,98,0,0,89,144,156,167,43,0,39,0,136,41,0,140,225,20,313,384,344,100,320,289,308,235
project/sim_ext.py --sim-time 1.5 --seq-graph project/file/graph_15_nodes.json --traffic project/file/traffic_15_nodes_random.json --inspection-rate 0.001 --mess-rate 0.002,0.363129000001,57,101,40,65,41,31,131,61,12,106,23,107,0,0,148,124,194,30,140,98,0,0,89,144,156,167,43,0,39,0,136,41,0,140,225,20,313,384,344,100,320,289,308,235
project/sim_ext.py --sim-time 1.5 --seq-graph project/file/graph_15_nodes.json --traffic project/file/traffic_15_nodes_random.json --inspection-rate 0.001 --mess-rate 0.002,0.364133000001,57,101,40,65,41,31,131,61,12,106,23,107,0,0,148,124,194,30,140,98,0,0,89,144,157,167,43,0,39,0,138,41,0,140,225,20,313,384,344,100,320,289,308,235
project/sim_ext.py --sim-time 1.5 --seq-graph project/file/graph_15_nodes.json --traffic project/file/traffic_15_nodes_random.json --inspection-rate 0.001 --mess-rate 0.002,0.3651901007108459,57,101,40,65,41,31,131,61,12,106,23,107,0,0,148,124,195,30,140,98,0,0,89,144,157,167,43,0,39,0,138,41,0,140,225,20,313,384,344,100,320,289,308,235
project/sim_ext.py --sim-time 1.5 --seq-graph project/file/graph_15_nodes.json --traffic project/file/traffic_15_nodes_random.json --inspection-rate 0.001 --mess-rate 0.002,0.366201000001,57,101,40,65,41,31,131,61,12,106,23,107,0,0,148,124,195,30,140,98,0,0,89,144,157,167,43,0,39,0,140,41,0,140,225,20,313,384,344,100,320,289,308,235
project/sim_ext.py --sim-time 1.5 --seq-graph project/file/graph_15_nodes.json --traffic project/file/traffic_15_nodes_random.json --inspection-rate 0.001 --mess-rate 0.002,0.367695999997,59,101,40,65,41,31,134,61,12,106,23,107,0,0,148,124,195,30,140,99,0,0,89,145,158,170,43,0,39,0,141,41,0,140,227,20,316,387,347,100,324,292,311,238
project/sim_ext.py --sim-time 1.5 --seq-graph project/file/graph_15_nodes.json --traffic project/file/traffic_15_nodes_random.json --inspection-rate 0.001 --mess-rate 0.002,0.36870719999699997,66,104,40,71,41,31,137,63,12,119,23,111,0,0,148,134,195,30,140,103,0,0,93,151,159,182,43,0,40,0,141,41,0,142,237,20,345,415,368,110,346,312,332,261
project/sim_ext.py --sim-time 1.5 --seq-graph project/file/graph_15_nodes.json --traffic project/file/traffic_15_nodes_random.json --inspection-rate 0.001 --mess-rate 0.002,0.369748000001,69,105,40,71,41,31,139,63,12,119,23,111,0,0,148,137,195,30,141,104,0,0,94,152,160,183,43,0,41,0,142,41,0,142,237,20,349,418,375,116,348,320,335,264
project/sim_ext.py --sim-time 1.5 --seq-graph project/file/graph_15_nodes.json --traffic project/file/traffic_15_nodes_random.json --inspection-rate 0.001 --mess-rate 0.002,0.370883199997,73,106,40,73,41,32,139,63,12,119,23,112,0,0,151,137,195,30,141,110,0,0,94,152,161,183,43,0,41,0,142,42,0,143,241,24,354,420,378,120,349,322,339,267
project/sim_ext.py --sim-time 1.5 --seq-graph project/file/graph_15_nodes.json --traffic project/file/traffic_15_nodes_random.json --inspection-rate 0.001 --mess-rate 0.002,0.37197539999699997,74,106,40,74,42,32,139,63,12,119,23,112,0,0,154,137,195,30,141,110,0,0,94,152,161,184,43,0,42,0,143,42,0,143,242,25,363,421,378,122,356,323,343,272
project/sim_ext.py --sim-time 1.5 --seq-graph project/file/graph_15_nodes.json --traffic project/file/traffic_15_nodes_random.json --inspection-rate 0.001 --mess-rate 0.002,0.373171000001,74,106,40,74,42,32,139,63,12,119,23,112,0,0,154,137,197,30,141,110,0,0,95,152,161,184,45,0,42,0,143,42,0,143,243,26,366,421,379,127,360,324,348,273
project/sim_ext.py --sim-time 1.5 --seq-graph project/file/graph_15_nodes.json --traffic project/file/traffic_15_nodes_random.json --inspection-rate 0.001 --mess-rate 0.002,0.37443400000099997,74,108,40,74,44,32,139,63,12,119,23,114,0,0,154,137,198,30,141,110,0,0,95,152,163,184,45,0,42,0,144,42,0,143,243,26,366,424,380,127,362,326,351,274
project/sim_ext.py --sim-time 1.5 --seq-graph project/file/graph_15_nodes.json --traffic project/file/traffic_15_nodes_random.json --inspection-rate 0.001 --mess-rate 0.002,0.375518799997,74,108,40,74,44,32,139,63,12,119,23,115,0,0,154,137,198,30,143,110,0,0,95,152,163,184,45,0,42,0,144,42,0,143,243,27,366,427,383,131,365,326,354,274
project/sim_ext.py --sim-time 1.5 --seq-graph project/file/graph_15_nodes.json --traffic project/file/traffic_15_nodes_random.json --inspection-rate 0.001 --mess-rate 0.002,0.3766788839628342,74,109,40,74,46,32,139,63,12,119,23,117,0,0,154,137,198,30,143,110,0,0,95,152,163,184,45,0,42,0,144,42,0,143,243,27,366,427,383,134,366,327,354,274
project/sim_ext.py --sim-time 1.5 --seq-graph project/file/graph_15_nodes.json --traffic project/file/traffic_15_nodes_random.json --inspection-rate 0.001 --mess-rate 0.002,0.37783497676851774,74,109,40,74,46,32,139,63,12,119,23,117,0,0,157,137,198,30,144,110,0,0,95,152,163,184,45,0,42,0,144,42,0,143,243,27,366,428,383,134,366,327,354,274
project/sim_ext.py --sim-time 1.5 --seq-graph project/file/graph_15_nodes.json --traffic project/file/traffic_15_nodes_random.json --inspection-rate 0.001 --mess-rate 0.002,0.3788833646453518,74,110,40,74,46,32,139,63,12,119,23,117,0,0,157,138,198,30,144,110,0,0,95,152,164,184,45,0,42,0,144,42,0,143,243,27,366,428,383,135,366,327,354,274
project/sim_ext.py --sim-time 1.5 --seq-graph project/file/graph_15_nodes.json --traffic project/file/traffic_15_nodes_random.json --inspection-rate 0.001 --mess-rate 0.002,0.379982000001,74,111,40,74,46,32,139,63,12,119,23,117,0,0,157,139,198,30,145,110,0,0,95,152,164,184,45,0,42,0,144,42,0,143,243,27,366,428,383,135,366,327,354,274
project/sim_ext.py --sim-time 1.5 --seq-graph project/file/graph_15_nodes.json --traffic project/file/traffic_15_nodes_random.json --inspection-rate 0.001 --mess-rate 0.002,0.381120999997,74,111,40,74,46,32,139,63,12,119,23,117,0,0,157,139,198,30,145,110,0,0,95,152,165,184,45,0,42,0,145,42,0,143,243,27,366,428,383,135,366,327,354,274
project/sim_ext.py --sim-time 1.5 --seq-graph project/file/graph_15_nodes.json --traffic project/file/traffic_15_nodes_random.json --inspection-rate 0.001 --mess-rate 0.002,0.382146000001,74,113,40,74,46,32,139,63,12,119,23,117,0,0,157,139,198,30,145,110,0,0,95,152,165,184,45,0,42,0,145,42,0,143,243,27,366,428,383,135,366,327,354,274
project/sim_ext.py --sim-time 1.5 --seq-graph project/file/graph_15_nodes.json --traffic project/file/traffic_15_nodes_random.json --inspection-rate 0.001 --mess-rate 0.002,0.383219000001,74,113,40,74,46,32,139,63,12,119,23,117,0,0,163,139,198,30,145,110,0,0,95,156,166,184,45,0,42,0,146,42,0,143,243,27,366,428,383,135,366,327,354,274
project/sim_ext.py --sim-time 1.5 --seq-graph project/file/graph_15_nodes.json --traffic project/file/traffic_15_nodes_random.json --inspection-rate 0.001 --mess-rate 0.002,0.384305000001,74,113,40,74,46,32,139,63,12,119,23,117,0,0,164,139,198,30,145,110,0,0,95,157,166,184,45,0,42,0,146,42,0,143,243,27,366,428,383,135,366,327,354,274
project/sim_ext.py --sim-time 1.5 --seq-graph project/file/graph_15_nodes.json --traffic project/file/traffic_15_nodes_random.json --inspection-rate 0.001 --mess-rate 0.002,0.385327000001,74,114,40,74,46,32,139,63,12,119,23,117,0,0,164,139,201,30,146,110,0,0,95,157,168,184,45,0,42,0,148,42,0,143,243,27,366,428,383,135,366,327,354,274
project/sim_ext.py --sim-time 1.5 --seq-graph project/file/graph_15_nodes.json --traffic project/file/traffic_15_nodes_random.json --inspection-rate 0.001 --mess-rate 0.002,0.386364000001,74,114,40,74,46,32,139,63,12,119,23,117,0,0,166,139,201,30,146,110,0,0,95,158,168,184,45,0,42,0,148,42,0,143,243,27,366,428,383,135,366,327,354,274
project/sim_ext.py --sim-time 1.5 --seq-graph project/file/graph_15_nodes.json --traffic project/file/traffic_15_nodes_random.json --inspection-rate 0.001 --mess-rate 0.002,0.387477000001,74,115,40,74,46,32,139,63,12,119,23,117,0,0,167,139,202,30,146,110,0,0,95,158,168,184,45,0,42,0,149,42,0,143,243,27,366,428,383,135,366,327,354,274
project/sim_ext.py --sim-time 1.5 --seq-graph project/file/graph_15_nodes.json --traffic project/file/traffic_15_nodes_random.json --inspection-rate 0.001 --mess-rate 0.002,0.388513000001,74,115,40,74,46,32,139,63,12,119,23,117,0,0,167,139,202,30,146,110,0,0,95,158,168,184,45,0,42,0,149,42,0,143,243,27,366,428,383,135,366,327,354,274
project/sim_ext.py --sim-time 1.5 --seq-graph project/file/graph_15_nodes.json --traffic project/file/traffic_15_nodes_random.json --inspection-rate 0.001 --mess-rate 0.002,0.3895698119801094,74,115,40,74,46,32,139,63,12,119,23,117,0,0,167,139,202,30,146,110,0,0,95,158,168,184,45,0,42,0,151,42,0,143,243,27,366,428,383,135,366,327,354,274
project/sim_ext.py --sim-time 1.5 --seq-graph project/file/graph_15_nodes.json --traffic project/file/traffic_15_nodes_random.json --inspection-rate 0.001 --mess-rate 0.002,0.39062324320117037,74,115,40,74,46,32,139,63,12,119,23,117,0,0,167,139,202,30,146,110,0,0,95,159,170,184,45,0,42,0,152,42,0,143,243,27,366,428,383,135,366,327,354,274
project/sim_ext.py --sim-time 1.5 --seq-graph project/file/graph_15_nodes.json --traffic project/file/traffic_15_nodes_random.json --inspection-rate 0.001 --mess-rate 0.002,0.391685493326295,74,115,40,74,46,32,139,63,12,119,23,117,0,0,167,139,204,30,148,110,0,0,95,159,170,184,45,0,42,0,152,42,0,143,243,27,366,428,383,135,366,327,354,274
project/sim_ext.py --sim-time 1.5 --seq-graph project/file/graph_15_nodes.json --traffic project/file/traffic_15_nodes_random.json --inspection-rate 0.001 --mess-rate 0.002,0.392735000001,74,115,40,74,46,32,139,63,12,119,23,117,0,0,171,139,204,30,148,110,0,0,95,159,170,184,45,0,42,0,152,42,0,143,243,27,366,428,383,135,366,327,354,274
project/sim_ext.py --sim-time 1.5 --seq-graph project/file/graph_15_nodes.json --traffic project/file/traffic_15_nodes_random.json --inspection-rate 0.001 --mess-rate 0.002,0.39378300000099997,74,115,40,74,46,32,139,63,12,119,23,117,0,0,171,139,205,30,149,110,0,0,95,159,170,184,45,0,42,0,152,42,0,143,243,27,366,428,383,135,366,327,354,274
project/sim_ext.py --sim-time 1.5 --seq-graph project/file/graph_15_nodes.json --traffic project/file/traffic_15_nodes_random.json --inspection-rate 0.001 --mess-rate 0.002,0.394929000001,74,115,40,74,46,32,139,63,12,119,23,117,0,0,171,139,205,30,151,110,0,0,95,160,171,184,45,0,42,0,154,42,0,143,243,27,366,428,383,135,366,327,354,274
project/sim_ext.py --sim-time 1.5 --seq-graph project/file/graph_15_nodes.json --traffic project/file/traffic_15_nodes_random.json --inspection-rate 0.001 --mess-rate 0.002,0.396300000001,74,115,40,74,46,32,139,63,12,119,23,117,0,0,172,139,208,30,151,110,0,0,95,160,171,184,45,0,42,0,154,42,0,143,243,27,366,428,383,135,366,327,354,274
project/sim_ext.py --sim-time 1.5 --seq-graph project/file/graph_15_nodes.json --traffic project/file/traffic_15_nodes_random.json --inspection-rate 0.001 --mess-rate 0.002,0.3973522053966758,74,115,40,74,46,32,139,63,12,119,23,117,0,0,172,139,209,30,153,110,0,0,95,160,171,184,45,0,42,0,154,42,0,143,243,27,366,428,383,135,366,327,354,274
project/sim_ext.py --sim-time 1.5 --seq-graph project/file/graph_15_nodes.json --traffic project/file/traffic_15_nodes_random.json --inspection-rate 0.001 --mess-rate 0.002,0.398560999997,76,116,40,74,48,33,142,66,12,121,23,120,0,0,173,143,209,30,153,113,0,0,97,160,171,190,45,0,42,0,154,42,0,147,249,29,374,436,391,135,374,335,362,282
project/sim_ext.py --sim-time 1.5 --seq-graph project/file/graph_15_nodes.json --traffic project/file/traffic_15_nodes_random.json --inspection-rate 0.001 --mess-rate 0.002,0.39958079999699997,81,116,40,78,49,33,146,66,12,133,23,120,0,0,174,149,209,30,153,118,0,0,104,160,171,200,45,0,47,0,155,46,0,151,260,30,385,465,406,135,398,352,374,292
project/sim_ext.py --sim-time 1.5 --seq-graph project/file/graph_15_nodes.json --traffic project/file/traffic_15_nodes_random.json --inspection-rate 0.001 --mess-rate 0.002,0.40066300000099997,82,118,40,78,49,33,147,66,12,133,23,123,0,0,175,149,210,30,153,118,0,0,104,160,171,200,45,0,47,0,155,46,0,151,260,30,387,468,408,135,399,353,375,292
project/sim_ext.py --sim-time 1.5 --seq-graph project/file/graph_15_nodes.json --traffic project/file/traffic_15_nodes_random.json --inspection-rate 0.001 --mess-rate 0.002,0.40173119999699997,82,118,42,80,49,34,149,66,12,133,23,125,0,0,176,149,211,31,156,120,0,0,106,162,172,200,45,0,50,0,155,46,0,152,262,30,390,474,411,135,405,360,381,296
project/sim_ext.py --sim-time 1.5 --seq-graph project/file/graph_15_nodes.json --traffic project/file/traffic_15_nodes_random.json --inspection-rate 0.001 --mess-rate 0.002,0.402861000001,82,118,42,80,50,34,150,66,12,134,24,125,0,0,176,149,212,31,159,120,0,0,106,162,172,202,46,0,50,0,155,46,0,152,265,30,392,477,416,135,406,362,385,298
project/sim_ext.py --sim-time 1.5 --seq-graph project/file/graph_15_nodes.json --traffic project/file/traffic_15_nodes_random.json --inspection-rate 0.001 --mess-rate 0.002,0.403941000001,84,118,42,81,50,34,150,67,12,134,25,125,0,0,176,151,214,31,160,121,0,0,106,162,172,203,46,0,50,0,155,46,0,154,265,30,394,479,416,135,406,363,388,298
project/sim_ext.py --sim-time 1.5 --seq-graph project/file/graph_15_nodes.json --traffic project/file/traffic_15_nodes_random.json --inspection-rate 0.001 --mess-rate 0.002,0.405055000001,84,120,43,83,50,34,151,67,12,134,25,126,0,0,176,151,217,33,160,122,0,0,106,165,177,204,47,0,53,0,159,46,0,155,266,30,404,479,420,135,413,368,394,302
project/sim_ext.py --sim-time 1.5 --seq-graph project/file/graph_15_nodes.json --traffic project/file/traffic_15_nodes_random.json --inspection-rate 0.001 --mess-rate 0.002,0.40615779999699997,84,123,43,83,50,34,151,67,12,134,25,126,0,0,176,152,217,34,161,122,0,0,106,166,177,204,47,0,53,0,159,46,0,155,266,30,404,479,423,135,414,368,395,302
project/sim_ext.py --sim-time 1.5 --seq-graph project/file/graph_15_nodes.json --traffic project/file/traffic_15_nodes_random.json --inspection-rate 0.001 --mess-rate 0.002,0.407252000001,84,123,43,83,50,34,151,67,12,134,25,126,0,0,176,153,217,34,161,122,0,0,106,166,178,204,47,0,53,0,160,46,0,158,266,30,404,479,424,135,414,368,395,303
project/sim_ext.py --sim-time 1.5 --seq-graph project/file/graph_15_nodes.json --traffic project/file/traffic_15_nodes_random.json --inspection-rate 0.001 --mess-rate 0.002,0.408372199997,84,124,43,83,50,34,151,67,12,134,25,126,0,0,176,153,218,34,161,123,0,0,106,166,178,208,47,0,53,0,161,46,0,159,267,30,404,479,425,145,414,368,395,303
project/sim_ext.py --sim-time 1.5 --seq-graph project/file/graph_15_nodes.json --traffic project/file/traffic_15_nodes_random.json --inspection-rate 0.001 --mess-rate 0.002,0.409455000001,84,124,44,83,52,34,151,67,12,134,25,126,0,0,176,154,218,34,161,123,0,0,106,168,179,209,47,0,53,0,162,46,0,159,268,30,405,479,425,145,414,371,395,306
project/sim_ext.py --sim-time 1.5 --seq-graph project/file/graph_15_nodes.json --traffic project/file/traffic_15_nodes_random.json --inspection-rate 0.001 --mess-rate 0.002,0.410769999997,84,124,44,83,52,34,151,67,12,134,25,126,0,0,176,155,218,34,161,123,0,0,106,168,180,209,47,0,53,0,162,46,0,159,268,30,405,479,425,146,414,371,395,306
project/sim_ext.py --sim-time 1.5 --seq-graph project/file/graph_15_nodes.json --traffic project/file/traffic_15_nodes_random.json --inspection-rate 0.001 --mess-rate 0.002,0.412115000001,84,125,46,83,52,34,151,67,12,134,25,126,0,0,177,158,219,34,161,123,0,0,106,168,180,211,47,0,53,0,162,46,0,159,270,30,405,479,425,149,414,371,395,306
project/sim_ext.py --sim-time 1.5 --seq-graph project/file/graph_15_nodes.json --traffic project/file/traffic_15_nodes_random.json --inspection-rate 0.001 --mess-rate 0.002,0.41326500000099997,84,125,46,83,52,34,151,67,12,134,25,126,0,0,177,159,219,34,164,123,0,0,106,170,180,211,47,0,53,0,162,46,0,159,270,30,405,479,425,151,414,371,395,306
project/sim_ext.py --sim-time 1.5 --seq-graph project/file/graph_15_nodes.json --traffic project/file/traffic_15_nodes_random.json --inspection-rate 0.001 --mess-rate 0.002,0.414428000001,84,126,47,83,52,34,151,67,12,134,25,126,0,0,178,159,219,34,165,123,0,0,106,170,181,212,47,0,53,0,164,46,0,159,271,30,405,479,425,153,414,371,395,306
project/sim_ext.py --sim-time 1.5 --seq-graph project/file/graph_15_nodes.json --traffic project/file/traffic_15_nodes_random.json --inspection-rate 0.001 --mess-rate 0.002,0.415486799997,84,126,47,83,52,34,151,67,12,134,25,126,0,0,178,160,219,34,167,123,0,0,106,170,181,212,47,0,53,0,166,46,0,159,271,30,405,479,425,153,414,371,395,306
project/sim_ext.py --sim-time 1.5 --seq-graph project/file/graph_15_nodes.json --traffic project/file/traffic_15_nodes_random.json --inspection-rate 0.001 --mess-rate 0.002,0.416493799997,84,126,47,83,52,34,151,67,12,134,25,126,0,0,178,160,219,34,167,123,0,0,106,170,181,212,47,0,53,0,166,46,0,159,271,30,405,479,425,153,414,371,395,306
project/sim_ext.py --sim-time 1.5 --seq-graph project/file/graph_15_nodes.json --traffic project/file/traffic_15_nodes_random.json --inspection-rate 0.001 --mess-rate 0.002,0.41750800000099997,84,127,47,83,52,34,151,67,12,134,25,126,0,0,178,160,219,34,169,123,0,0,106,170,181,213,47,0,53,0,167,46,0,159,273,30,405,479,425,154,414,371,395,306
project/sim_ext.py --sim-time 1.5 --seq-graph project/file/graph_15_nodes.json --traffic project/file/traffic_15_nodes_random.json --inspection-rate 0.001 --mess-rate 0.002,0.418534000001,84,127,49,83,52,34,151,67,12,134,25,126,0,0,178,160,220,34,170,123,0,0,106,171,181,213,47,0,53,0,168,46,0,159,273,30,405,479,425,154,414,371,395,306
project/sim_ext.py --sim-time 1.5 --seq-graph project/file/graph_15_nodes.json --traffic project/file/traffic_15_nodes_random.json --inspection-rate 0.001 --mess-rate 0.002,0.419723599997,84,127,49,83,52,34,151,67,12,134,25,126,0,0,178,161,221,34,170,123,0,0,106,171,181,213,47,0,53,0,168,46,0,159,273,30,405,479,425,156,414,371,395,306
project/sim_ext.py --sim-time 1.5 --seq-graph project/file/graph_15_nodes.json --traffic project/file/traffic_15_nodes_random.json --inspection-rate 0.001 --mess-rate 0.002,0.42075700000099997,84,127,49,83,52,34,151,67,12,134,25,126,0,0,178,161,224,34,170,123,0,0,106,172,181,213,47,0,53,0,168,46,0,159,273,30,405,479,425,161,414,371,395,306
project/sim_ext.py --sim-time 1.5 --seq-graph project/file/graph_15_nodes.json --traffic project/file/traffic_15_nodes_random.json --inspection-rate 0.001 --mess-rate 0.002,0.421779000001,84,128,49,83,52,34,151,67,12,134,25,126,0,0,178,162,224,34,170,123,0,0,106,172,181,213,47,0,53,0,168,46,0,159,273,30,405,479,425,162,414,371,395,306
project/sim_ext.py --sim-time 1.5 --seq-graph project/file/graph_15_nodes.json --traffic project/file/traffic_15_nodes_random.json --inspection-rate 0.001 --mess-rate 0.002,0.422800000001,84,128,49,83,52,34,151,67,12,134,25,126,0,0,179,162,224,34,170,123,0,0,106,173,182,213,47,0,53,0,170,46,0,159,273,30,405,479,425,164,414,371,395,306
project/sim_ext.py --sim-time 1.5 --seq-graph project/file/graph_15_nodes.json --traffic project/file/traffic_15_nodes_random.json --inspection-rate 0.001 --mess-rate 0.002,0.4238239879013345,84,128,49,83,52,34,151,67,12,134,25,126,0,0,179,162,227,34,170,123,0,0,106,174,182,213,47,0,53,0,170,46,0,159,273,30,405,479,425,164,414,371,395,306
project/sim_ext.py --sim-time 1.5 --seq-graph project/file/graph_15_nodes.json --traffic project/file/traffic_15_nodes_random.json --inspection-rate 0.001 --mess-rate 0.002,0.424834999978,84,128,49,83,52,34,151,67,12,134,25,126,0,0,180,163,227,34,170,123,0,0,106,174,182,213,47,0,53,0,170,46,0,159,273,30,405,479,425,164,414,371,395,306
project/sim_ext.py --sim-time 1.5 --seq-graph project/file/graph_15_nodes.json --traffic project/file/traffic_15_nodes_random.json --inspection-rate 0.001 --mess-rate 0.002,0.425907000001,84,128,49,83,52,34,151,67,12,134,25,126,0,0,180,164,229,34,170,123,0,0,106,174,184,213,47,0,53,0,171,46,0,159,273,30,405,479,425,164,414,371,395,306
project/sim_ext.py --sim-time 1.5 --seq-graph project/file/graph_15_nodes.json --traffic project/file/traffic_15_nodes_random.json --inspection-rate 0.001 --mess-rate 0.002,0.426945000001,84,128,49,83,52,34,151,67,12,134,25,126,0,0,181,164,229,34,170,123,0,0,106,174,184,213,47,0,53,0,171,46,0,159,273,30,405,479,425,164,414,371,395,306
project/sim_ext.py --sim-time 1.5 --seq-graph project/file/graph_15_nodes.json --traffic project/file/traffic_15_nodes_random.json --inspection-rate 0.001 --mess-rate 0.002,0.428000999997,84,128,49,83,52,34,151,67,12,134,25,126,0,0,182,164,229,34,174,123,0,0,106,175,184,213,47,0,53,0,171,46,0,159,273,30,405,479,425,164,414,371,395,306
project/sim_ext.py --sim-time 1.5 --seq-graph project/file/graph_15_nodes.json --traffic project/file/traffic_15_nodes_random.json --inspection-rate 0.001 --mess-rate 0.002,0.42918499997799997,84,128,50,83,52,34,151,67,12,134,25,126,0,0,184,165,229,34,176,124,0,0,106,175,184,217,47,0,53,0,171,46,0,164,278,30,410,479,425,164,414,371,395,306
project/sim_ext.py --sim-time 1.5 --seq-graph project/file/graph_15_nodes.json --traffic project/file/traffic_15_nodes_random.json --inspection-rate 0.001 --mess-rate 0.002,0.430196000001,84,128,50,83,52,34,151,69,12,134,25,126,0,0,184,166,229,34,176,124,0,0,106,175,184,222,49,0,53,0,171,46,0,170,283,30,415,479,425,164,414,371,395,306
project/sim_ext.py --sim-time 1.5 --seq-graph project/file/graph_15_nodes.json --traffic project/file/traffic_15_nodes_random.json --inspection-rate 0.001 --mess-rate 0.002,0.431366000001,84,128,50,83,52,34,151,69,12,134,25,126,0,0,184,166,229,34,176,126,0,0,106,175,184,222,50,0,53,0,171,46,0,171,283,30,415,479,425,164,414,371,395,306
project/sim_ext.py --sim-time 1.5 --seq-graph project/file/graph_15_nodes.json --traffic project/file/traffic_15_nodes_random.json --inspection-rate 0.001 --mess-rate 0.002,0.43240900000099997,84,128,52,83,52,34,151,70,12,134,25,126,0,0,184,167,231,34,176,128,0,0,106,175,185,222,50,0,53,0,176,46,0,171,283,30,415,479,425,164,414,371,395,306
project/sim_ext.py --sim-time 1.5 --seq-graph project/file/graph_15_nodes.json --traffic project/file/traffic_15_nodes_random.json --inspection-rate 0.001 --mess-rate 0.002,0.433638000001,84,128,53,83,52,34,151,70,12,134,25,126,0,0,184,167,231,34,177,130,0,0,106,175,185,222,50,0,53,0,177,46,0,171,283,30,415,479,425,164,414,371,395,306
project/sim_ext.py --sim-time 1.5 --seq-graph project/file/graph_15_nodes.json --traffic project/file/traffic_15_nodes_random.json --inspection-rate 0.001 --mess-rate 0.002,0.434747000001,84,128,53,83,52,34,151,70,12,134,25,126,0,0,185,167,231,34,178,130,0,0,106,175,187,222,52,0,53,0,178,46,0,171,283,30,415,479,425,164,414,371,395,306
project/sim_ext.py --sim-time 1.5 --seq-graph project/file/graph_15_nodes.json --traffic project/file/traffic_15_nodes_random.json --inspection-rate 0.001 --mess-rate 0.002,0.436055000001,84,128,53,83,52,34,151,71,12,134,25,126,0,0,185,171,234,34,178,130,0,0,106,175,187,222,52,0,53,0,178,46,0,172,283,30,415,479,425,164,414,371,395,306
project/sim_ext.py --sim-time 1.5 --seq-graph project/file/graph_15_nodes.json --traffic project/file/traffic_15_nodes_random.json --inspection-rate 0.001 --mess-rate 0.002,0.437105000001,84,128,53,83,52,34,151,71,12,134,25,126,0,0,185,172,234,34,179,130,0,0,106,175,188,223,55,0,53,0,178,46,0,172,288,30,415,479,425,164,414,371,395,306
project/sim_ext.py --sim-time 1.5 --seq-graph project/file/graph_15_nodes.json --traffic project/file/traffic_15_nodes_random.json --inspection-rate 0.001 --mess-rate 0.002,0.43813840417870614,84,128,54,83,52,34,151,71,12,134,25,126,0,0,185,172,235,34,180,130,0,0,106,175,192,223,55,0,53,0,180,46,0,173,288,30,415,479,425,164,414,371,395,306
project/sim_ext.py --sim-time 1.5 --seq-graph project/file/graph_15_nodes.json --traffic project/file/traffic_15_nodes_random.json --inspection-rate 0.001 --mess-rate 0.002,0.439189999963,84,128,54,83,52,34,151,71,12,134,25,126,0,0,185,172,235,34,180,130,0,0,106,175,192,223,56,0,53,0,182,46,0,173,288,30,415,479,425,164,414,371,395,306
project/sim_ext.py --sim-time 1.5 --seq-graph project/file/graph_15_nodes.json --traffic project/file/traffic_15_nodes_random.json --inspection-rate 0.001 --mess-rate 0.002,0.440239999966,84,128,57,89,55,34,164,72,12,139,26,136,0,0,185,172,235,37,180,130,0,0,109,186,195,223,57,0,58,0,182,46,0,174,292,30,430,506,450,179,436,390,412,335
project/sim_ext.py --sim-time 1.5 --seq-graph project/file/graph_15_nodes.json --traffic project/file/traffic_15_nodes_random.json --inspection-rate 0.001 --mess-rate 0.002,0.441429000001,84,128,60,90,56,37,167,73,12,141,27,136,0,0,185,173,235,39,183,130,0,0,109,187,196,223,57,0,58,0,182,46,0,176,294,30,431,515,455,189,437,392,415,337
project/sim_ext.py --sim-time 1.5 --seq-graph project/file/graph_15_nodes.json --traffic project/file/traffic_15_nodes_random.json --inspection-rate 0.001 --mess-rate 0.002,0.44273379999699997,84,128,60,93,59,37,167,73,12,141,27,137,0,0,185,173,238,40,183,132,0,0,109,191,198,223,57,0,60,0,184,46,0,178,295,30,431,523,455,195,439,395,416,337
project/sim_ext.py --sim-time 1.5 --seq-graph project/file/graph_15_nodes.json --traffic project/file/traffic_15_nodes_random.json --inspection-rate 0.001 --mess-rate 0.002,0.443781799997,84,128,61,94,60,37,167,73,12,141,27,137,0,0,185,173,238,41,184,132,0,0,109,192,200,223,57,0,61,0,184,46,0,178,295,30,431,526,464,200,440,396,417,343
project/sim_ext.py --sim-time 1.5 --seq-graph project/file/graph_15_nodes.json --traffic project/file/traffic_15_nodes_random.json --inspection-rate 0.001 --mess-rate 0.002,0.44486499999699997,84,129,62,99,60,37,168,73,12,141,27,138,0,0,185,173,239,41,184,132,0,0,110,194,201,225,57,0,62,0,185,46,0,179,296,30,431,529,467,203,444,397,422,347
project/sim_ext.py --sim-time 1.5 --seq-graph project/file/graph_15_nodes.json --traffic project/file/traffic_15_nodes_random.json --inspection-rate 0.001 --mess-rate 0.002,0.445915000001,85,130,63,99,60,41,173,73,12,148,27,138,0,0,188,173,242,41,185,133,0,0,112,194,203,226,57,0,62,0,185,46,0,180,299,30,431,532,471,207,447,399,426,349
project/sim_ext.py --sim-time 1.5 --seq-graph project/file/graph_15_nodes.json --traffic project/file/traffic_15_nodes_random.json --inspection-rate 0.001 --mess-rate 0.002,0.44712300000099997,85,130,63,99,60,41,174,73,12,148,27,138,0,0,191,173,242,41,187,133,0,0,113,194,206,226,57,0,62,0,186,46,0,180,299,30,431,532,473,207,447,401,430,349
project/sim_ext.py --sim-time 1.5 --seq-graph project/file/graph_15_nodes.json --traffic project/file/traffic_15_nodes_random.json --inspection-rate 0.001 --mess-rate 0.002,0.448183000001,85,132,63,99,61,41,175,73,12,149,27,138,0,0,191,173,243,41,188,133,0,0,113,194,207,226,57,0,62,0,186,46,0,180,299,30,431,532,473,207,449,402,430,350
project/sim_ext.py --sim-time 1.5 --seq-graph project/file/graph_15_nodes.json --traffic project/file/traffic_15_nodes_random.json --inspection-rate 0.001 --mess-rate 0.002,0.449263999997,85,133,63,99,62,41,176,73,12,150,28,138,0,0,192,175,244,41,188,133,0,0,113,194,209,226,57,0,62,0,186,46,0,180,299,30,431,532,473,207,449,402,432,350
project/sim_ext.py --sim-time 1.5 --seq-graph project/file/graph_15_nodes.json --traffic project/file/traffic_15_nodes_random.json --inspection-rate 0.001 --mess-rate 0.002,0.450380000001,85,135,63,99,62,41,177,73,12,150,28,138,0,0,193,176,244,41,189,133,0,0,113,194,210,226,57,0,62,0,188,46,0,180,299,30,431,532,473,207,449,404,436,350
project/sim_ext.py --sim-time 1.5 --seq-graph project/file/graph_15_nodes.json --traffic project/file/traffic_15_nodes_random.json --inspection-rate 0.001 --mess-rate 0.002,0.451531599997,85,135,63,99,62,41,177,73,12,150,28,138,0,0,193,176,244,41,189,133,0,0,113,194,210,226,57,0,62,0,188,46,0,180,299,30,431,532,473,207,449,404,436,350
project/sim_ext.py --sim-time 1.5 --seq-graph project/file/graph_15_nodes.json --traffic project/file/traffic_15_nodes_random.json --inspection-rate 0.001 --mess-rate 0.002,0.45269600000099997,85,135,63,99,62,41,177,73,12,150,28,138,0,0,194,176,244,41,189,133,0,0,113,194,210,226,57,0,62,0,188,46,0,180,299,30,431,532,473,207,449,404,436,350
project/sim_ext.py --sim-time 1.5 --seq-graph project/file/graph_15_nodes.json --traffic project/file/traffic_15_nodes_random.json --inspection-rate 0.001 --mess-rate 0.002,0.453701000001,85,136,63,99,62,41,178,73,12,150,28,138,0,0,194,176,246,41,189,133,0,0,113,194,210,235,57,0,62,0,188,46,0,180,300,30,431,532,473,207,449,404,436,350
project/sim_ext.py --sim-time 1.5 --seq-graph project/file/graph_15_nodes.json --traffic project/file/traffic_15_nodes_random.json --inspection-rate 0.001 --mess-rate 0.002,0.454731000001,85,136,63,99,62,41,179,73,12,150,28,138,0,0,195,178,246,41,190,133,0,0,113,194,211,235,57,0,62,0,190,46,0,180,300,30,431,532,473,207,449,404,436,350
project/sim_ext.py --sim-time 1.5 --seq-graph project/file/graph_15_nodes.json --traffic project/file/traffic_15_nodes_random.json --inspection-rate 0.001 --mess-rate 0.002,0.456029000001,85,136,63,99,62,41,182,73,12,150,28,138,0,0,195,179,246,41,190,133,0,0,113,194,211,236,57,0,62,0,191,46,0,180,301,30,431,532,473,207,449,404,436,350
project/sim_ext.py --sim-time 1.5 --seq-graph project/file/graph_15_nodes.json --traffic project/file/traffic_15_nodes_random.json --inspection-rate 0.001 --mess-rate 0.002,0.457201000001,85,138,63,99,62,41,183,73,12,150,28,138,0,0,195,181,246,41,191,133,0,0,113,194,212,237,57,0,62,0,192,46,0,180,302,30,431,532,473,207,449,404,436,350
project/sim_ext.py --sim-time 1.5 --seq-graph project/file/graph_15_nodes.json --traffic project/file/traffic_15_nodes_random.json --inspection-rate 0.001 --mess-rate 0.002,0.458212000001,85,138,63,99,62,41,184,73,12,150,28,138,0,0,195,181,246,41,191,133,0,0,113,194,213,237,57,0,62,0,193,46,0,180,302,30,431,532,473,207,449,404,436,350
project/sim_ext.py --sim-time 1.5 --seq-graph project/file/graph_15_nodes.json --traffic project/file/traffic_15_nodes_random.json --inspection-rate 0.001 --mess-rate 0.002,0.459254999974,85,138,63,99,62,41,184,73,12,150,28,138,0,0,195,182,247,41,192,133,0,0,113,194,214,237,57,0,62,0,193,46,0,180,302,30,431,532,473,207,449,404,436,350
project/sim_ext.py --sim-time 1.5 --seq-graph project/file/graph_15_nodes.json --traffic project/file/traffic_15_nodes_random.json --inspection-rate 0.001 --mess-rate 0.002,0.460371000001,85,138,63,99,62,41,186,73,12,150,28,138,0,0,195,182,247,41,193,133,0,0,113,194,215,239,57,0,62,0,194,46,0,180,302,30,431,532,473,207,449,404,436,350
project/sim_ext.py --sim-time 1.5 --seq-graph project/file/graph_15_nodes.json --traffic project/file/traffic_15_nodes_random.json --inspection-rate 0.001 --mess-rate 0.002,0.461496000001,85,138,63,99,62,41,186,73,12,150,28,138,0,0,196,182,248,41,193,133,0,0,113,194,215,239,57,0,62,0,194,46,0,180,302,30,431,532,473,207,449,404,436,350
project/sim_ext.py --sim-time 1.5 --seq-graph project/file/graph_15_nodes.json --traffic project/file/traffic_15_nodes_random.json --inspection-rate 0.001 --mess-rate 0.002,0.462531000001,85,138,63,99,62,41,187,73,12,150,28,138,0,0,196,182,248,41,196,133,0,0,113,194,215,239,57,0,62,0,194,46,0,180,302,30,431,532,473,207,449,404,436,350
project/sim_ext.py --sim-time 1.5 --seq-graph project/file/graph_15_nodes.json --traffic project/file/traffic_15_nodes_random.json --inspection-rate 0.001 --mess-rate 0.002,0.463635000001,85,138,63,99,62,41,187,73,12,150,28,138,0,0,197,182,249,41,196,133,0,0,113,194,216,240,57,0,62,0,195,46,0,180,302,30,431,532,473,207,449,404,436,350
project/sim_ext.py --sim-time 1.5 --seq-graph project/file/graph_15_nodes.json --traffic project/file/traffic_15_nodes_random.json --inspection-rate 0.001 --mess-rate 0.002,0.464694000001,85,138,63,99,62,41,187,73,12,150,28,138,0,0,197,182,249,41,197,133,0,0,113,194,218,240,57,0,62,0,201,46,0,180,302,30,431,532,473,207,449,404,436,350
project/sim_ext.py --sim-time 1.5 --seq-graph project/file/graph_15_nodes.json --traffic project/file/traffic_15_nodes_random.json --inspection-rate 0.001 --mess-rate 0.002,0.465760000001,85,138,63,99,62,41,187,73,12,150,28,138,0,0,198,182,249,41,197,133,0,0,113,194,218,240,57,0,62,0,201,46,0,180,302,30,431,532,473,207,449,404,436,350
project/sim_ext.py --sim-time 1.5 --seq-graph project/file/graph_15_nodes.json --traffic project/file/traffic_15_nodes_random.json --inspection-rate 0.001 --mess-rate 0.002,0.466858000001,85,138,63,99,62,41,187,73,12,150,28,138,0,0,198,184,252,41,197,133,0,0,113,194,218,241,57,0,62,0,201,46,0,180,304,30,431,532,473,207,449,404,436,350
project/sim_ext.py --sim-time 1.5 --seq-graph project/file/graph_15_nodes.json --traffic project/file/traffic_15_nodes_random.json --inspection-rate 0.001 --mess-rate 0.002,0.467982000001,85,138,63,99,62,41,187,73,12,150,28,138,0,0,199,184,252,41,199,133,0,0,113,194,218,241,57,0,62,0,202,46,0,180,305,30,431,532,473,207,449,404,436,350
project/sim_ext.py --sim-time 1.5 --seq-graph project/file/graph_15_nodes.json --traffic project/file/traffic_15_nodes_random.json --inspection-rate 0.001 --mess-rate 0.002,0.469055000001,85,138,63,99,62,41,187,73,12,150,28,138,0,0,200,185,252,41,199,133,0,0,113,194,218,241,57,0,62,0,203,46,0,180,306,30,431,532,473,207,449,404,436,350
project/sim_ext.py --sim-time 1.5 --seq-graph project/file/graph_15_nodes.json --traffic project/file/traffic_15_nodes_random.json --inspection-rate 0.001 --mess-rate 0.002,0.470159999997,85,139,63,102,63,41,190,74,12,150,29,140,0,0,200,185,255,42,199,135,0,0,114,196,218,241,58,0,62,0,203,46,0,185,309,30,436,537,478,207,454,410,441,353
project/sim_ext.py --sim-time 1.5 --seq-graph project/file/graph_15_nodes.json --traffic project/file/traffic_15_nodes_random.json --inspection-rate 0.001 --mess-rate 0.002,0.471185999997,88,140,64,107,63,41,191,74,12,152,30,144,0,0,200,185,258,42,201,138,0,0,119,200,224,241,58,0,62,0,204,46,0,191,313,30,461,561,496,207,474,427,449,361
project/sim_ext.py --sim-time 1.5 --seq-graph project/file/graph_15_nodes.json --traffic project/file/traffic_15_nodes_random.json --inspection-rate 0.001 --mess-rate 0.002,0.472281000001,88,143,67,108,64,42,197,77,12,153,30,146,0,0,201,186,260,42,202,139,0,0,119,200,226,241,59,0,62,0,204,46,0,191,317,30,464,564,501,207,476,428,451,361
project/sim_ext.py --sim-time 1.5 --seq-graph project/file/graph_15_nodes.json --traffic project/file/traffic_15_nodes_random.json --inspection-rate 0.001 --mess-rate 0.002,0.473363000001,88,143,68,109,64,42,197,78,12,153,32,146,0,0,202,186,264,43,204,140,0,0,120,201,226,241,59,0,63,0,206,46,0,193,318,30,465,572,506,207,480,431,451,364
project/sim_ext.py --sim-time 1.5 --seq-graph project/file/graph_15_nodes.json --traffic project/file/traffic_15_nodes_random.json --inspection-rate 0.001 --mess-rate 0.002,0.474462000001,88,143,68,110,65,42,201,78,12,153,32,146,0,0,202,186,264,44,206,141,0,0,120,201,231,241,60,0,63,0,207,46,0,193,319,30,473,574,508,207,482,436,460,366
project/sim_ext.py --sim-time 1.5 --seq-graph project/file/graph_15_nodes.json --traffic project/file/traffic_15_nodes_random.json --inspection-rate 0.001 --mess-rate 0.002,0.475552000001,89,143,68,113,65,43,204,78,12,154,32,148,0,0,202,186,265,44,208,141,0,0,120,201,234,241,60,0,63,0,207,46,0,193,321,30,474,581,515,207,487,437,461,368
project/sim_ext.py --sim-time 1.5 --seq-graph project/file/graph_15_nodes.json --traffic project/file/traffic_15_nodes_random.json --inspection-rate 0.001 --mess-rate 0.002,0.476800999997,89,145,69,114,67,43,204,79,12,154,33,148,0,0,202,186,266,44,209,141,0,0,120,202,234,241,60,0,63,0,207,46,0,195,321,30,475,581,516,207,487,439,467,368
project/sim_ext.py --sim-time 1.5 --seq-graph project/file/graph_15_nodes.json --traffic project/file/traffic_15_nodes_random.json --inspection-rate 0.001 --mess-rate 0.002,0.477854000001,89,145,69,114,67,43,205,79,12,156,33,148,0,0,203,189,267,44,209,141,0,0,120,202,237,243,60,0,63,0,209,46,0,198,323,30,479,582,517,207,487,440,468,370
project/sim_ext.py --sim-time 1.5 --seq-graph project/file/graph_15_nodes.json --traffic project/file/traffic_15_nodes_random.json --inspection-rate 0.001 --mess-rate 0.002,0.478990000001,89,145,69,114,67,43,205,80,12,156,34,148,0,0,203,190,267,44,209,142,0,0,120,204,238,243,60,0,63,0,209,46,0,199,323,30,479,582,517,207,490,441,471,372
project/sim_ext.py --sim-time 1.5 --seq-graph project/file/graph_15_nodes.json --traffic project/file/traffic_15_nodes_random.json --inspection-rate 0.001 --mess-rate 0.002,0.480050000001,89,145,69,114,68,43,205,82,12,156,35,148,0,0,204,190,267,44,209,142,0,0,120,205,243,243,60,0,63,0,209,46,0,199,323,30,479,582,517,207,490,442,473,372
project/sim_ext.py --sim-time 1.5 --seq-graph project/file/graph_15_nodes.json --traffic project/file/traffic_15_nodes_random.json --inspection-rate 0.001 --mess-rate 0.002,0.48113499997,89,145,69,114,68,43,205,82,12,156,37,148,0,0,204,190,267,44,209,144,0,0,120,205,243,244,60,0,63,0,209,46,0,199,324,30,479,582,517,217,490,442,475,372
project/sim_ext.py --sim-time 1.5 --seq-graph project/file/graph_15_nodes.json --traffic project/file/traffic_15_nodes_random.json --inspection-rate 0.001 --mess-rate 0.002,0.482320000001,89,145,70,114,68,43,205,83,12,156,37,148,0,0,204,190,268,45,213,144,0,0,120,207,243,244,60,0,63,0,209,46,0,199,324,30,479,582,517,219,490,442,475,372
project/sim_ext.py --sim-time 1.5 --seq-graph project/file/graph_15_nodes.json --traffic project/file/traffic_15_nodes_random.json --inspection-rate 0.001 --mess-rate 0.002,0.483565000001,89,145,73,114,68,43,205,83,12,156,37,148,0,0,204,193,268,45,213,146,0,0,120,207,244,244,60,0,63,0,211,46,0,203,324,30,479,582,517,221,490,442,475,376
project/sim_ext.py --sim-time 1.5 --seq-graph project/file/graph_15_nodes.json --traffic project/file/traffic_15_nodes_random.json --inspection-rate 0.001 --mess-rate 0.002,0.48458759999699996,89,145,74,114,68,43,205,84,12,156,37,148,0,0,205,193,270,45,214,146,0,0,120,207,244,244,60,0,63,0,211,46,0,203,324,30,479,582,517,222,490,442,475,376
project/sim_ext.py --sim-time 1.5 --seq-graph project/file/graph_15_nodes.json --traffic project/file/traffic_15_nodes_random.json --inspection-rate 0.001 --mess-rate 0.002,0.48564170758303754,89,145,75,114,68,43,205,84,12,156,37,148,0,0,205,193,271,45,214,146,0,0,120,207,244,244,60,0,63,0,211,46,0,203,324,30,479,582,517,222,490,442,475,376
project/sim_ext.py --sim-time 1.5 --seq-graph project/file/graph_15_nodes.json --traffic project/file/traffic_15_nodes_random.json --inspection-rate 0.001 --mess-rate 0.002,0.486687000001,89,146,76,114,68,43,206,84,12,156,37,148,0,0,205,193,272,45,214,146,0,0,120,207,244,245,60,0,63,0,211,46,0,203,327,30,479,582,517,223,490,442,475,376
project/sim_ext.py --sim-time 1.5 --seq-graph project/file/graph_15_nodes.json --traffic project/file/traffic_15_nodes_random.json --inspection-rate 0.001 --mess-rate 0.002,0.487701000001,89,146,76,114,68,43,207,84,12,156,37,148,0,0,205,193,273,45,214,146,0,0,120,207,246,245,60,0,63,0,212,46,0,203,327,30,479,582,517,223,490,442,475,376
project/sim_ext.py --sim-time 1.5 --seq-graph project/file/graph_15_nodes.json --traffic project/file/traffic_15_nodes_random.json --inspection-rate 0.001 --mess-rate 0.002,0.488976000001,89,148,76,114,68,43,207,84,12,156,37,148,0,0,208,193,275,45,215,146,0,0,120,207,247,245,60,0,63,0,213,46,0,203,327,30,479,582,517,226,490,442,475,376
project/sim_ext.py --sim-time 1.5 --seq-graph project/file/graph_15_nodes.json --traffic project/file/traffic_15_nodes_random.json --inspection-rate 0.001 --mess-rate 0.002,0.490095000001,89,149,76,114,68,43,207,84,12,156,37,148,0,0,208,193,275,45,215,146,0,0,120,207,247,245,60,0,63,0,213,46,0,203,327,30,479,582,517,230,490,442,475,376
project/sim_ext.py --sim-time 1.5 --seq-graph project/file/graph_15_nodes.json --traffic project/file/traffic_15_nodes_random.json --inspection-rate 0.001 --mess-rate 0.002,0.491379000001,89,149,76,114,68,43,207,84,12,156,37,148,0,0,208,193,275,45,215,146,0,0,120,207,248,249,60,0,63,0,214,46,0,203,328,30,479,582,517,230,490,442,475,376
project/sim_ext.py --sim-time 1.5 --seq-graph project/file/graph_15_nodes.json --traffic project/file/traffic_15_nodes_random.json --inspection-rate 0.001 --mess-rate 0.002,0.49238800000099997,89,149,76,114,68,43,207,84,12,156,37,148,0,0,208,193,276,45,215,146,0,0,120,207,248,249,60,0,63,0,214,46,0,203,328,30,479,582,517,230,490,442,475,376
project/sim_ext.py --sim-time 1.5 --seq-graph project/file/graph_15_nodes.json --traffic project/file/traffic_15_nodes_random.json --inspection-rate 0.001 --mess-rate 0.002,0.493441000001,89,149,76,114,68,43,207,84,12,156,37,148,0,0,208,193,276,45,215,146,0,0,120,207,248,249,60,0,63,0,214,46,0,203,328,30,479,582,517,230,490,442,475,376
project/sim_ext.py --sim-time 1.5 --seq-graph project/file/graph_15_nodes.json --traffic project/file/traffic_15_nodes_random.json --inspection-rate 0.001 --mess-rate 0.002,0.49446500000099997,89,149,76,114,68,43,207,84,12,156,37,148,0,0,208,193,276,45,215,146,0,0,120,207,248,251,60,0,63,0,214,46,0,203,330,30,479,582,517,230,490,442,475,376
project/sim_ext.py --sim-time 1.5 --seq-graph project/file/graph_15_nodes.json --traffic project/file/traffic_15_nodes_random.json --inspection-rate 0.001 --mess-rate 0.002,0.495598000001,89,149,76,114,68,43,207,84,12,156,37,148,0,0,214,193,276,45,215,146,0,0,120,207,248,252,60,0,63,0,214,46,0,203,330,30,479,582,517,232,490,442,475,376
project/sim_ext.py --sim-time 1.5 --seq-graph project/file/graph_15_nodes.json --traffic project/file/traffic_15_nodes_random.json --inspection-rate 0.001 --mess-rate 0.002,0.496667000001,89,149,76,114,68,43,208,84,12,156,37,148,0,0,214,193,276,45,216,146,0,0,120,207,248,252,60,0,63,0,214,46,0,203,330,30,479,582,517,233,490,442,475,376
project/sim_ext.py --sim-time 1.5 --seq-graph project/file/graph_15_nodes.json --traffic project/file/traffic_15_nodes_random.json --inspection-rate 0.001 --mess-rate 0.002,0.497703000001,89,149,76,114,68,43,208,84,12,156,37,148,0,0,214,193,276,45,216,146,0,0,120,207,249,252,60,0,63,0,219,46,0,203,330,30,479,582,517,233,490,442,475,376
project/sim_ext.py --sim-time 1.5 --seq-graph project/file/graph_15_nodes.json --traffic project/file/traffic_15_nodes_random.json --inspection-rate 0.001 --mess-rate 0.002,0.499205000001,89,149,76,114,68,43,208,84,12,156,37,148,0,0,215,193,281,45,218,146,0,0,120,207,250,252,60,0,63,0,220,46,0,203,330,30,479,582,517,233,490,442,475,376
project/sim_ext.py --sim-time 1.5 --seq-graph project/file/graph_15_nodes.json --traffic project/file/traffic_15_nodes_random.json --inspection-rate 0.001 --mess-rate 0.002,0.500243000001,89,149,76,114,68,43,208,84,12,156,37,148,0,0,215,193,284,45,219,146,0,0,120,207,252,252,60,0,63,0,220,46,0,203,330,30,479,582,517,233,490,442,475,376
project/sim_ext.py --sim-time 1.5 --seq-graph project/file/graph_15_nodes.json --traffic project/file/traffic_15_nodes_random.json --inspection-rate 0.001 --mess-rate 0.002,0.5014047999969999,93,152,76,121,69,44,218,86,12,159,37,151,0,0,216,197,284,45,220,148,0,0,122,211,253,262,63,0,66,0,221,48,0,207,337,37,504,610,540,233,512,461,490,390
project/sim_ext.py --sim-time 1.5 --seq-graph project/file/graph_15_nodes.json --traffic project/file/traffic_15_nodes_random.json --inspection-rate 0.001 --mess-rate 0.002,0.502504000001,95,152,76,123,69,45,220,86,12,161,37,151,0,0,216,197,284,45,222,148,0,0,127,212,253,262,63,0,66,0,222,48,0,207,337,37,509,618,542,233,514,465,490,391
project/sim_ext.py --sim-time 1.5 --seq-graph project/file/graph_15_nodes.json --traffic project/file/traffic_15_nodes_random.json --inspection-rate 0.001 --mess-rate 0.002,0.503768000001,98,152,76,124,69,45,224,89,12,163,37,153,0,0,217,205,285,45,226,152,0,0,128,214,255,263,63,0,67,0,222,50,0,209,341,37,515,627,545,233,516,466,495,396
project/sim_ext.py --sim-time 1.5 --seq-graph project/file/graph_15_nodes.json --traffic project/file/traffic_15_nodes_random.json --inspection-rate 0.001 --mess-rate 0.002,0.5053190000009999,99,153,76,125,69,45,224,89,12,163,37,153,0,0,217,207,287,45,229,154,0,0,129,215,255,264,63,0,67,0,222,50,0,210,344,37,517,629,547,233,519,467,498,399
project/sim_ext.py --sim-time 1.5 --seq-graph project/file/graph_15_nodes.json --traffic project/file/traffic_15_nodes_random.json --inspection-rate 0.001 --mess-rate 0.002,0.506330599997,99,153,76,125,69,45,224,89,12,163,37,155,0,0,217,207,288,45,229,154,0,0,129,215,256,264,63,0,68,0,223,50,0,212,344,37,517,631,548,233,520,470,501,401
project/sim_ext.py --sim-time 1.5 --seq-graph project/file/graph_15_nodes.json --traffic project/file/traffic_15_nodes_random.json --inspection-rate 0.001 --mess-rate 0.002,0.507441000001,99,153,76,125,69,45,224,89,12,163,37,155,0,0,217,207,288,45,231,157,0,0,129,215,256,264,63,0,68,0,223,50,0,213,344,37,517,632,551,233,521,473,507,402
project/sim_ext.py --sim-time 1.5 --seq-graph project/file/graph_15_nodes.json --traffic project/file/traffic_15_nodes_random.json --inspection-rate 0.001 --mess-rate 0.002,0.508537000001,99,154,76,125,69,45,224,89,12,163,37,155,0,0,217,208,288,45,231,158,0,0,129,215,256,266,63,0,68,0,223,50,0,214,344,37,517,632,553,233,523,473,508,402
project/sim_ext.py --sim-time 1.5 --seq-graph project/file/graph_15_nodes.json --traffic project/file/traffic_15_nodes_random.json --inspection-rate 0.001 --mess-rate 0.002,0.50957499997,99,155,76,125,69,45,224,89,12,163,37,155,0,0,217,208,288,45,231,158,0,0,129,215,259,268,64,0,68,0,223,51,0,214,344,39,519,632,555,233,526,477,509,402
project/sim_ext.py --sim-time 1.5 --seq-graph project/file/graph_15_nodes.json --traffic project/file/traffic_15_nodes_random.json --inspection-rate 0.001 --mess-rate 0.002,0.510805000001,99,155,76,125,69,45,224,89,12,163,37,155,0,0,217,209,288,45,233,158,0,0,129,215,260,270,65,0,68,0,223,51,0,214,344,39,521,632,555,233,530,478,511,402
project/sim_ext.py --sim-time 1.5 --seq-graph project/file/graph_15_nodes.json --traffic project/file/traffic_15_nodes_random.json --inspection-rate 0.001 --mess-rate 0.002,0.511865000001,99,155,76,125,69,45,224,89,12,163,37,155,0,0,217,210,288,45,233,158,0,0,129,215,260,270,65,0,68,0,225,51,0,214,344,39,521,632,556,233,530,481,514,403
project/sim_ext.py --sim-time 1.5 --seq-graph project/file/graph_15_nodes.json --traffic project/file/traffic_15_nodes_random.json --inspection-rate 0.001 --mess-rate 0.002,0.513025000001,99,156,76,125,70,45,224,89,12,163,37,155,0,0,217,212,288,45,234,158,0,0,129,215,262,271,65,0,68,0,226,51,0,214,345,39,521,632,556,233,530,482,514,403
project/sim_ext.py --sim-time 1.5 --seq-graph project/file/graph_15_nodes.json --traffic project/file/traffic_15_nodes_random.json --inspection-rate 0.001 --mess-rate 0.002,0.5141727999969999,99,156,76,125,70,45,224,89,12,163,37,156,0,0,221,215,288,45,234,158,0,0,129,215,262,272,65,0,68,0,226,51,0,214,345,39,521,632,556,233,530,482,515,403
project/sim_ext.py --sim-time 1.5 --seq-graph project/file/graph_15_nodes.json --traffic project/file/traffic_15_nodes_random.json --inspection-rate 0.001 --mess-rate 0.002,0.5152100596316059,99,156,76,125,70,45,224,89,12,163,37,156,0,0,223,215,288,45,234,158,0,0,129,220,262,272,65,0,68,0,226,51,0,214,345,39,521,632,556,233,530,482,515,405
project/sim_ext.py --sim-time 1.5 --seq-graph project/file/graph_15_nodes.json --traffic project/file/traffic_15_nodes_random.json --inspection-rate 0.001 --mess-rate 0.002,0.516256000001,99,157,76,125,70,45,224,89,12,163,37,156,0,0,223,215,288,45,234,158,0,0,129,220,262,272,65,0,68,0,226,51,0,214,345,39,521,632,556,233,530,482,515,405
project/sim_ext.py --sim-time 1.5 --seq-graph project/file/graph_15_nodes.json --traffic project/file/traffic_15_nodes_random.json --inspection-rate 0.001 --mess-rate 0.002,0.5173729713130532,99,159,76,125,70,45,224,89,12,163,37,158,0,0,224,215,288,45,234,158,0,0,129,221,262,272,65,0,68,0,226,51,0,214,345,39,521,632,556,233,530,482,515,405
project/sim_ext.py --sim-time 1.5 --seq-graph project/file/graph_15_nodes.json --traffic project/file/traffic_15_nodes_random.json --inspection-rate 0.001 --mess-rate 0.002,0.518469199997,99,159,76,125,70,45,224,89,12,163,37,158,0,0,224,215,293,45,237,158,0,0,129,221,262,273,65,0,68,0,226,51,0,214,347,39,521,632,556,233,530,482,515,405
project/sim_ext.py --sim-time 1.5 --seq-graph project/file/graph_15_nodes.json --traffic project/file/traffic_15_nodes_random.json --inspection-rate 0.001 --mess-rate 0.002,0.5195401204046537,99,159,76,125,70,45,224,89,12,163,37,158,0,0,224,215,294,45,237,158,0,0,129,221,263,273,65,0,68,0,231,51,0,214,349,39,521,632,556,233,530,482,515,405
project/sim_ext.py --sim-time 1.5 --seq-graph project/file/graph_15_nodes.json --traffic project/file/traffic_15_nodes_random.json --inspection-rate 0.001 --mess-rate 0.002,0.520598399997,99,160,76,125,70,45,224,89,12,163,37,158,0,0,224,215,294,45,237,158,0,0,129,221,263,273,65,0,68,0,231,51,0,214,349,39,521,632,556,233,530,482,515,405
project/sim_ext.py --sim-time 1.5 --seq-graph project/file/graph_15_nodes.json --traffic project/file/traffic_15_nodes_random.json --inspection-rate 0.001 --mess-rate 0.002,0.521670000001,99,160,76,125,70,45,224,89,12,163,37,158,0,0,225,215,294,45,237,158,0,0,129,221,263,273,65,0,68,0,232,51,0,214,350,39,521,632,556,233,530,482,515,405
project/sim_ext.py --sim-time 1.5 --seq-graph project/file/graph_15_nodes.json --traffic project/file/traffic_15_nodes_random.json --inspection-rate 0.001 --mess-rate 0.002,0.522697000001,100,160,76,125,70,45,224,89,12,163,37,158,0,0,227,218,295,45,238,158,0,0,129,221,263,273,65,0,68,0,232,51,0,214,351,39,521,632,556,243,530,482,515,405
project/sim_ext.py --sim-time 1.5 --seq-graph project/file/graph_15_nodes.json --traffic project/file/traffic_15_nodes_random.json --inspection-rate 0.001 --mess-rate 0.002,0.523767000001,100,160,76,125,70,45,224,89,12,163,37,158,0,0,228,218,295,45,240,158,0,0,129,224,263,273,65,0,68,0,233,51,0,214,351,39,521,632,556,244,530,482,515,405
project/sim_ext.py --sim-time 1.5 --seq-graph project/file/graph_15_nodes.json --traffic project/file/traffic_15_nodes_random.json --inspection-rate 0.001 --mess-rate 0.002,0.524894799997,100,160,76,125,70,45,224,89,12,163,37,158,0,0,228,218,295,45,240,158,0,0,129,224,264,276,65,0,68,0,233,51,0,214,352,39,521,632,556,244,530,482,515,405
project/sim_ext.py --sim-time 1.5 --seq-graph project/file/graph_15_nodes.json --traffic project/file/traffic_15_nodes_random.json --inspection-rate 0.001 --mess-rate 0.002,0.5259710000009999,100,160,76,125,70,45,224,89,12,163,37,158,0,0,228,218,295,45,240,158,0,0,129,224,264,276,65,0,68,0,233,51,0,214,352,39,521,632,556,244,530,482,515,405
project/sim_ext.py --sim-time 1.5 --seq-graph project/file/graph_15_nodes.json --traffic project/file/traffic_15_nodes_random.json --inspection-rate 0.001 --mess-rate 0.002,0.5270409999969999,101,160,76,125,70,45,224,89,12,163,37,158,0,0,228,218,296,45,242,158,0,0,129,224,265,277,65,0,68,0,233,51,0,214,353,39,521,632,556,247,530,482,515,405
project/sim_ext.py --sim-time 1.5 --seq-graph project/file/graph_15_nodes.json --traffic project/file/traffic_15_nodes_random.json --inspection-rate 0.001 --mess-rate 0.002,0.528138000001,101,160,76,125,70,45,224,89,12,163,37,158,0,0,228,218,296,45,242,158,0,0,129,226,266,277,65,0,68,0,234,51,0,214,354,39,521,632,556,248,530,482,515,405
project/sim_ext.py --sim-time 1.5 --seq-graph project/file/graph_15_nodes.json --traffic project/file/traffic_15_nodes_random.json --inspection-rate 0.001 --mess-rate 0.002,0.5291736432834278,101,160,76,125,70,45,224,89,12,163,37,158,0,0,228,218,297,45,242,158,0,0,129,228,266,277,65,0,68,0,234,51,0,214,354,39,521,632,556,249,530,482,515,405
project/sim_ext.py --sim-time 1.5 --seq-graph project/file/graph_15_nodes.json --traffic project/file/traffic_15_nodes_random.json --inspection-rate 0.001 --mess-rate 0.002,0.530204799997,101,160,76,125,70,45,224,89,12,163,37,158,0,0,229,218,297,45,242,158,0,0,129,228,266,278,65,0,68,0,234,51,0,214,355,39,521,632,556,250,530,482,515,405
project/sim_ext.py --sim-time 1.5 --seq-graph project/file/graph_15_nodes.json --traffic project/file/traffic_15_nodes_random.json --inspection-rate 0.001 --mess-rate 0.002,0.5312449989474813,101,160,76,125,70,45,224,89,12,163,37,158,0,0,231,218,297,45,242,158,0,0,129,229,266,278,65,0,68,0,234,51,0,214,355,39,521,632,556,253,530,482,515,405
project/sim_ext.py --sim-time 1.5 --seq-graph project/file/graph_15_nodes.json --traffic project/file/traffic_15_nodes_random.json --inspection-rate 0.001 --mess-rate 0.002,0.532332000001,102,160,76,125,70,45,224,89,12,163,37,158,0,0,231,218,297,45,242,158,0,0,129,229,266,278,68,0,68,0,234,51,0,214,355,39,532,632,556,254,530,482,515,405
project/sim_ext.py --sim-time 1.5 --seq-graph project/file/graph_15_nodes.json --traffic project/file/traffic_15_nodes_random.json --inspection-rate 0.001 --mess-rate 0.002,0.5334476110470764,103,160,76,125,70,45,224,89,12,163,37,158,0,0,231,219,297,45,243,158,0,0,129,229,266,278,70,0,68,0,234,51,0,214,355,39,532,632,556,255,530,482,515,405
project/sim_ext.py --sim-time 1.5 --seq-graph project/file/graph_15_nodes.json --traffic project/file/traffic_15_nodes_random.json --inspection-rate 0.001 --mess-rate 0.002,0.5344839880732906,103,160,76,125,70,45,224,89,12,163,37,158,0,0,232,219,300,45,243,158,0,0,129,229,270,278,71,0,68,0,235,51,0,214,355,39,532,632,556,256,530,482,515,405
project/sim_ext.py --sim-time 1.5 --seq-graph project/file/graph_15_nodes.json --traffic project/file/traffic_15_nodes_random.json --inspection-rate 0.001 --mess-rate 0.002,0.535524000001,105,160,76,125,70,45,224,89,12,163,37,158,0,0,232,221,301,45,246,158,0,0,129,229,270,278,72,0,68,0,235,51,0,214,355,39,532,632,556,259,530,482,515,405
project/sim_ext.py --sim-time 1.5 --seq-graph project/file/graph_15_nodes.json --traffic project/file/traffic_15_nodes_random.json --inspection-rate 0.001 --mess-rate 0.002,0.5366094358094302,105,160,76,125,70,45,224,89,12,163,37,158,0,0,232,221,303,45,246,158,0,0,129,229,271,278,72,0,68,0,236,51,0,214,355,39,532,632,556,259,530,482,515,405
project/sim_ext.py --sim-time 1.5 --seq-graph project/file/graph_15_nodes.json --traffic project/file/traffic_15_nodes_random.json --inspection-rate 0.001 --mess-rate 0.002,0.537699000001,105,160,76,125,70,45,224,89,12,163,37,158,0,0,234,223,303,45,246,158,0,0,129,229,271,279,72,0,68,0,237,51,0,214,365,39,532,632,556,259,530,482,515,405
project/sim_ext.py --sim-time 1.5 --seq-graph project/file/graph_15_nodes.json --traffic project/file/traffic_15_nodes_random.json --inspection-rate 0.001 --mess-rate 0.002,0.5387637988245408,105,160,76,125,70,45,224,89,12,163,37,158,0,0,234,224,303,45,246,158,0,0,129,229,271,279,72,0,68,0,237,51,0,214,365,39,532,632,556,259,530,482,515,405
project/sim_ext.py --sim-time 1.5 --seq-graph project/file/graph_15_nodes.json --traffic project/file/traffic_15_nodes_random.json --inspection-rate 0.001 --mess-rate 0.002,0.5398970000009999,105,160,76,125,70,45,224,89,12,163,37,158,0,0,234,224,303,45,249,158,0,0,129,229,273,280,74,0,68,0,237,51,0,214,366,39,532,632,556,259,530,482,515,405
project/sim_ext.py --sim-time 1.5 --seq-graph project/file/graph_15_nodes.json --traffic project/file/traffic_15_nodes_random.json --inspection-rate 0.001 --mess-rate 0.002,0.541051000001,105,160,76,125,70,45,224,89,12,163,37,158,0,0,234,227,303,45,249,158,0,0,129,229,273,281,75,0,68,0,237,51,0,214,367,39,532,632,556,259,530,482,515,405
project/sim_ext.py --sim-time 1.5 --seq-graph project/file/graph_15_nodes.json --traffic project/file/traffic_15_nodes_random.json --inspection-rate 0.001 --mess-rate 0.002,0.542115199997,107,163,76,126,72,46,225,92,12,170,37,159,0,0,234,229,303,45,250,160,0,0,131,234,274,284,75,0,69,0,237,54,0,222,371,39,532,648,572,259,545,497,525,422
project/sim_ext.py --sim-time 1.5 --seq-graph project/file/graph_15_nodes.json --traffic project/file/traffic_15_nodes_random.json --inspection-rate 0.001 --mess-rate 0.002,0.543131000001,107,164,76,126,72,46,229,92,12,175,37,159,0,0,234,234,303,45,251,162,0,0,131,234,274,285,75,0,71,0,237,54,0,223,374,39,542,659,583,259,554,499,529,428
project/sim_ext.py --sim-time 1.5 --seq-graph project/file/graph_15_nodes.json --traffic project/file/traffic_15_nodes_random.json --inspection-rate 0.001 --mess-rate 0.002,0.544241000001,111,164,76,127,74,46,230,92,12,176,37,159,0,0,234,235,303,45,251,163,0,0,132,234,274,287,76,0,71,0,237,55,0,224,377,39,546,663,586,259,555,501,530,431
project/sim_ext.py --sim-time 1.5 --seq-graph project/file/graph_15_nodes.json --traffic project/file/traffic_15_nodes_random.json --inspection-rate 0.001 --mess-rate 0.002,0.545334000001,111,164,76,128,74,46,232,92,12,182,37,161,0,0,234,235,303,45,254,164,0,0,133,234,274,287,76,0,71,0,239,55,0,224,377,44,547,668,591,259,558,505,531,437
project/sim_ext.py --sim-time 1.5 --seq-graph project/file/graph_15_nodes.json --traffic project/file/traffic_15_nodes_random.json --inspection-rate 0.001 --mess-rate 0.002,0.546335000001,111,164,76,128,76,46,232,92,12,182,37,162,0,0,234,235,304,45,254,164,0,0,135,236,274,288,76,0,71,0,240,55,0,224,379,45,547,670,591,259,560,505,531,439
project/sim_ext.py --sim-time 1.5 --seq-graph project/file/graph_15_nodes.json --traffic project/file/traffic_15_nodes_random.json --inspection-rate 0.001 --mess-rate 0.002,0.547354999966,111,168,76,128,76,46,232,94,12,182,37,162,0,0,234,237,304,45,256,166,0,0,137,237,275,288,76,0,72,0,242,55,0,228,379,45,547,671,592,259,564,505,532,442
project/sim_ext.py --sim-time 1.5 --seq-graph project/file/graph_15_nodes.json --traffic project/file/traffic_15_nodes_random.json --inspection-rate 0.001 --mess-rate 0.002,0.5484990000009999,112,168,76,128,76,49,232,97,12,182,37,162,0,0,234,238,304,45,257,169,0,0,138,237,275,289,76,0,72,0,242,55,0,230,382,45,547,674,595,259,568,505,536,444
project/sim_ext.py --sim-time 1.5 --seq-graph project/file/graph_15_nodes.json --traffic project/file/traffic_15_nodes_random.json --inspection-rate 0.001 --mess-rate 0.002,0.549514000001,112,168,76,128,77,49,232,97,12,182,37,162,0,0,236,238,305,45,258,169,0,0,138,237,275,291,76,0,72,0,242,55,0,231,382,45,547,674,595,259,570,506,542,444
project/sim_ext.py --sim-time 1.5 --seq-graph project/file/graph_15_nodes.json --traffic project/file/traffic_15_nodes_random.json --inspection-rate 0.001 --mess-rate 0.002,0.550534999963,112,171,76,129,77,49,232,97,12,182,37,165,0,0,236,239,305,45,258,169,0,0,139,237,275,292,76,0,73,0,242,55,0,231,383,45,547,674,596,259,570,507,542,444
project/sim_ext.py --sim-time 1.5 --seq-graph project/file/graph_15_nodes.json --traffic project/file/traffic_15_nodes_random.json --inspection-rate 0.001 --mess-rate 0.002,0.551568000001,112,171,76,129,77,49,232,97,12,182,37,166,0,0,236,239,305,45,258,169,0,0,139,237,275,293,76,0,73,0,242,55,0,231,384,45,547,674,598,259,570,508,542,445
project/sim_ext.py --sim-time 1.5 --seq-graph project/file/graph_15_nodes.json --traffic project/file/traffic_15_nodes_random.json --inspection-rate 0.001 --mess-rate 0.002,0.552585000001,112,171,76,129,78,49,232,97,12,182,37,166,0,0,236,239,305,45,258,169,0,0,139,237,276,294,76,0,73,0,245,55,0,231,384,45,547,674,598,259,571,512,543,445
project/sim_ext.py --sim-time 1.5 --seq-graph project/file/graph_15_nodes.json --traffic project/file/traffic_15_nodes_random.json --inspection-rate 0.001 --mess-rate 0.002,0.553650000001,112,171,76,129,78,49,232,97,12,182,37,166,0,0,236,240,306,45,258,169,0,0,139,238,277,295,76,0,73,0,245,55,0,231,384,45,547,674,598,259,571,512,550,446
project/sim_ext.py --sim-time 1.5 --seq-graph project/file/graph_15_nodes.json --traffic project/file/traffic_15_nodes_random.json --inspection-rate 0.001 --mess-rate 0.002,0.554795000001,112,173,76,129,78,49,232,97,12,182,37,166,0,0,236,240,306,45,258,169,0,0,139,238,277,296,76,0,73,0,245,55,0,231,384,45,547,674,598,259,571,512,550,446
project/sim_ext.py --sim-time 1.5 --seq-graph project/file/graph_15_nodes.json --traffic project/file/traffic_15_nodes_random.json --inspection-rate 0.001 --mess-rate 0.002,0.555917000001,112,173,76,129,78,49,232,97,12,182,37,166,0,0,236,240,307,45,259,169,0,0,139,238,277,297,76,0,73,0,245,55,0,231,385,45,547,674,598,259,571,512,551,446
project/sim_ext.py --sim-time 1.5 --seq-graph project/file/graph_15_nodes.json --traffic project/file/traffic_15_nodes_random.json --inspection-rate 0.001 --mess-rate 0.002,0.556981000001,112,173,76,129,78,49,232,97,12,182,37,166,0,0,236,240,307,45,259,169,0,0,139,239,277,297,76,0,73,0,245,55,0,231,385,45,547,674,598,259,571,512,551,446
project/sim_ext.py --sim-time 1.5 --seq-graph project/file/graph_15_nodes.json --traffic project/file/traffic_15_nodes_random.json --inspection-rate 0.001 --mess-rate 0.002,0.557986000001,112,173,76,129,78,49,232,97,12,182,37,166,0,0,236,240,307,45,260,169,0,0,139,239,278,297,76,0,73,0,247,55,0,231,385,45,547,674,598,259,571,512,551,446
project/sim_ext.py --sim-time 1.5 --seq-graph project/file/graph_15_nodes.json --traffic project/file/traffic_15_nodes_random.json --inspection-rate 0.001 --mess-rate 0.002,0.559025000001,112,173,76,129,78,49,232,97,12,182,37,166,0,0,237,241,309,45,260,169,0,0,139,239,280,297,76,0,73,0,247,55,0,231,385,45,547,674,598,259,571,512,551,446
project/sim_ext.py --sim-time 1.5 --seq-graph project/file/graph_15_nodes.json --traffic project/file/traffic_15_nodes_random.json --inspection-rate 0.001 --mess-rate 0.002,0.560038000001,112,173,76,129,78,49,232,97,12,182,37,166,0,0,237,241,309,45,261,169,0,0,139,239,281,297,76,0,73,0,247,55,0,231,385,45,547,674,598,259,571,512,551,446
project/sim_ext.py --sim-time 1.5 --seq-graph project/file/graph_15_nodes.json --traffic project/file/traffic_15_nodes_random.json --inspection-rate 0.001 --mess-rate 0.002,0.561049000001,112,173,76,129,78,49,232,97,12,182,37,166,0,0,237,241,309,45,264,169,0,0,139,239,282,298,76,0,73,0,248,55,0,231,388,45,547,674,598,259,571,512,551,446
project/sim_ext.py --sim-time 1.5 --seq-graph project/file/graph_15_nodes.json --traffic project/file/traffic_15_nodes_random.json --inspection-rate 0.001 --mess-rate 0.002,0.562050000001,112,173,76,129,78,49,232,97,12,182,37,166,0,0,241,242,309,45,264,169,0,0,139,239,282,298,76,0,73,0,248,55,0,231,389,45,547,674,598,269,571,512,551,446
project/sim_ext.py --sim-time 1.5 --seq-graph project/file/graph_15_nodes.json --traffic project/file/traffic_15_nodes_random.json --inspection-rate 0.001 --mess-rate 0.002,0.563052199997,112,173,76,129,78,49,232,97,12,182,37,166,0,0,241,242,310,45,265,169,0,0,139,240,282,298,76,0,73,0,248,55,0,231,389,45,547,674,598,270,571,512,551,446
project/sim_ext.py --sim-time 1.5 --seq-graph project/file/graph_15_nodes.json --traffic project/file/traffic_15_nodes_random.json --inspection-rate 0.001 --mess-rate 0.002,0.5640927977059877,112,173,76,129,78,49,232,97,12,182,37,166,0,0,242,242,310,45,265,169,0,0,139,240,284,301,76,0,73,0,248,55,0,231,390,45,547,674,598,270,571,512,551,446
project/sim_ext.py --sim-time 1.5 --seq-graph project/file/graph_15_nodes.json --traffic project/file/traffic_15_nodes_random.json --inspection-rate 0.001 --mess-rate 0.002,0.5651180664056611,112,173,76,129,78,49,232,97,12,182,37,166,0,0,243,244,310,45,266,169,0,0,139,240,285,301,76,0,73,0,249,55,0,231,390,45,547,674,598,273,571,512,551,446
project/sim_ext.py --sim-time 1.5 --seq-graph project/file/graph_15_nodes.json --traffic project/file/traffic_15_nodes_random.json --inspection-rate 0.001 --mess-rate 0.002,0.566180000001,112,173,76,129,78,49,232,97,12,182,37,166,0,0,244,244,310,45,266,169,0,0,139,242,285,302,76,0,73,0,250,55,0,231,392,45,547,674,598,274,571,512,551,446
project/sim_ext.py --sim-time 1.5 --seq-graph project/file/graph_15_nodes.json --traffic project/file/traffic_15_nodes_random.json --inspection-rate 0.001 --mess-rate 0.002,0.5672400000009999,112,173,76,129,78,49,232,97,12,182,37,166,0,0,244,244,310,45,268,169,0,0,139,243,285,302,76,0,73,0,250,55,0,231,393,45,547,674,598,274,571,512,551,446
project/sim_ext.py --sim-time 1.5 --seq-graph project/file/graph_15_nodes.json --traffic project/file/traffic_15_nodes_random.json --inspection-rate 0.001 --mess-rate 0.002,0.568308000001,112,173,76,129,78,49,232,97,12,182,37,166,0,0,244,244,310,45,270,169,0,0,139,243,285,302,76,0,73,0,250,55,0,231,393,45,547,674,598,274,571,512,551,446
project/sim_ext.py --sim-time 1.5 --seq-graph project/file/graph_15_nodes.json --traffic project/file/traffic_15_nodes_random.json --inspection-rate 0.001 --mess-rate 0.002,0.5693710000009999,112,173,76,129,78,49,232,97,12,182,37,166,0,0,248,244,310,45,270,169,0,0,139,244,286,302,76,0,73,0,251,55,0,231,393,45,547,674,598,278,571,512,551,446
project/sim_ext.py --sim-time 1.5 --seq-graph project/file/graph_15_nodes.json --traffic project/file/traffic_15_nodes_random.json --inspection-rate 0.001 --mess-rate 0.002,0.570693000001,112,173,76,129,78,49,232,97,12,182,37,166,0,0,248,245,310,45,270,169,0,0,139,244,286,302,76,0,73,0,251,55,0,231,393,45,547,674,598,279,571,512,551,446
project/sim_ext.py --sim-time 1.5 --seq-graph project/file/graph_15_nodes.json --traffic project/file/traffic_15_nodes_random.json --inspection-rate 0.001 --mess-rate 0.002,0.5717688444336739,112,173,76,129,78,49,232,97,12,182,37,166,0,0,248,246,310,45,271,169,0,0,139,244,287,302,76,0,73,0,251,55,0,231,393,45,547,674,598,281,571,512,551,446
project/sim_ext.py --sim-time 1.5 --seq-graph project/file/graph_15_nodes.json --traffic project/file/traffic_15_nodes_random.json --inspection-rate 0.001 --mess-rate 0.002,0.572879999997,116,175,76,133,80,50,233,101,12,188,37,167,0,0,248,248,310,45,273,173,0,0,139,244,288,306,80,0,73,0,251,56,0,239,397,45,565,692,616,290,590,529,562,463
project/sim_ext.py --sim-time 1.5 --seq-graph project/file/graph_15_nodes.json --traffic project/file/traffic_15_nodes_random.json --inspection-rate 0.001 --mess-rate 0.002,0.573884999959,122,176,76,136,80,50,236,101,12,193,37,167,0,0,248,249,310,45,273,176,0,0,140,244,288,309,80,0,75,0,251,57,0,240,400,47,576,701,626,292,598,537,567,471
project/sim_ext.py --sim-time 1.5 --seq-graph project/file/graph_15_nodes.json --traffic project/file/traffic_15_nodes_random.json --inspection-rate 0.001 --mess-rate 0.002,0.574979199997,123,176,76,137,80,50,237,101,12,194,37,167,0,0,248,252,318,45,273,176,0,0,140,244,288,309,80,0,75,0,251,57,0,240,402,47,579,702,629,292,601,539,568,471
project/sim_ext.py --sim-time 1.5 --seq-graph project/file/graph_15_nodes.json --traffic project/file/traffic_15_nodes_random.json --inspection-rate 0.001 --mess-rate 0.002,0.576109000001,123,176,76,137,80,50,237,104,12,194,37,167,0,0,248,252,319,45,273,178,0,0,142,244,291,310,80,0,77,0,253,59,0,240,402,47,583,707,631,292,605,542,573,472
project/sim_ext.py --sim-time 1.5 --seq-graph project/file/graph_15_nodes.json --traffic project/file/traffic_15_nodes_random.json --inspection-rate 0.001 --mess-rate 0.002,0.577118000001,123,176,76,139,81,51,237,105,12,194,37,167,0,0,248,253,319,45,277,179,0,0,142,244,291,310,80,0,77,0,254,60,0,241,403,48,589,709,633,292,606,543,575,475
project/sim_ext.py --sim-time 1.5 --seq-graph project/file/graph_15_nodes.json --traffic project/file/traffic_15_nodes_random.json --inspection-rate 0.001 --mess-rate 0.002,0.578185000001,123,176,76,139,81,51,237,105,12,194,37,168,0,0,248,253,319,45,277,179,0,0,143,244,291,310,80,0,78,0,254,60,0,242,407,49,592,709,633,292,606,546,576,480
project/sim_ext.py --sim-time 1.5 --seq-graph project/file/graph_15_nodes.json --traffic project/file/traffic_15_nodes_random.json --inspection-rate 0.001 --mess-rate 0.002,0.579281000001,123,176,76,139,81,51,237,106,12,194,37,168,0,0,248,253,320,45,279,180,0,0,143,244,292,310,80,0,78,0,255,60,0,243,407,51,592,713,637,292,612,549,577,480
project/sim_ext.py --sim-time 1.5 --seq-graph project/file/graph_15_nodes.json --traffic project/file/traffic_15_nodes_random.json --inspection-rate 0.001 --mess-rate 0.002,0.580404000001,123,176,76,139,82,51,237,106,12,194,37,168,0,0,250,253,320,45,280,180,0,0,143,246,293,313,81,0,78,0,255,60,0,243,407,51,595,717,637,292,612,551,580,482
project/sim_ext.py --sim-time 1.5 --seq-graph project/file/graph_15_nodes.json --traffic project/file/traffic_15_nodes_random.json --inspection-rate 0.001 --mess-rate 0.002,0.581410000001,123,177,76,139,82,51,237,106,12,194,37,169,0,0,250,255,320,45,280,181,0,0,143,246,294,314,81,0,78,0,257,60,0,243,407,51,595,718,637,292,612,552,583,485
project/sim_ext.py --sim-time 1.5 --seq-graph project/file/graph_15_nodes.json --traffic project/file/traffic_15_nodes_random.json --inspection-rate 0.001 --mess-rate 0.002,0.582625000001,123,177,76,139,82,51,237,106,12,194,37,170,0,0,250,256,320,45,280,181,0,0,143,246,294,315,81,0,78,0,258,60,0,243,408,51,595,718,637,292,612,552,585,486
project/sim_ext.py --sim-time 1.5 --seq-graph project/file/graph_15_nodes.json --traffic project/file/traffic_15_nodes_random.json --inspection-rate 0.001 --mess-rate 0.002,0.583760000001,123,177,76,139,82,51,237,106,12,194,37,170,0,0,251,256,320,45,280,181,0,0,143,248,294,315,81,0,78,0,258,60,0,243,408,51,595,718,637,292,612,552,585,486
project/sim_ext.py --sim-time 1.5 --seq-graph project/file/graph_15_nodes.json --traffic project/file/traffic_15_nodes_random.json --inspection-rate 0.001 --mess-rate 0.002,0.584933000001,123,179,76,139,82,51,237,106,12,194,37,170,0,0,251,256,320,45,282,181,0,0,143,248,294,315,81,0,78,0,258,60,0,243,408,51,595,718,637,292,612,552,585,486
project/sim_ext.py --sim-time 1.5 --seq-graph project/file/graph_15_nodes.json --traffic project/file/traffic_15_nodes_random.json --inspection-rate 0.001 --mess-rate 0.002,0.5860265114699742,123,182,76,139,82,51,237,106,12,194,37,170,0,0,251,257,320,45,282,181,0,0,143,248,296,319,81,0,78,0,258,60,0,243,409,51,595,718,637,292,612,552,586,486
project/sim_ext.py --sim-time 1.5 --seq-graph project/file/graph_15_nodes.json --traffic project/file/traffic_15_nodes_random.json --inspection-rate 0.001 --mess-rate 0.002,0.587084999959,123,182,76,139,82,51,237,106,12,194,37,170,0,0,251,257,320,45,282,181,0,0,143,248,296,320,81,0,78,0,258,60,0,243,409,51,595,718,637,292,612,552,586,486
project/sim_ext.py --sim-time 1.5 --seq-graph project/file/graph_15_nodes.json --traffic project/file/traffic_15_nodes_random.json --inspection-rate 0.001 --mess-rate 0.002,0.5881293312040938,123,183,76,139,82,51,237,106,12,194,37,170,0,0,251,257,320,45,283,181,0,0,143,248,297,321,81,0,78,0,260,60,0,243,409,51,595,718,637,292,612,552,586,486
project/sim_ext.py --sim-time 1.5 --seq-graph project/file/graph_15_nodes.json --traffic project/file/traffic_15_nodes_random.json --inspection-rate 0.001 --mess-rate 0.002,0.589164000001,123,183,76,139,82,51,237,106,12,194,37,170,0,0,251,258,326,45,284,181,0,0,143,248,298,321,81,0,78,0,261,60,0,243,409,51,595,718,637,292,612,552,586,486
project/sim_ext.py --sim-time 1.5 --seq-graph project/file/graph_15_nodes.json --traffic project/file/traffic_15_nodes_random.json --inspection-rate 0.001 --mess-rate 0.002,0.590272999997,123,183,76,139,82,51,237,106,12,194,37,170,0,0,253,259,330,45,284,181,0,0,143,248,299,321,81,0,78,0,264,60,0,243,409,51,595,718,637,292,612,552,586,486
project/sim_ext.py --sim-time 1.5 --seq-graph project/file/graph_15_nodes.json --traffic project/file/traffic_15_nodes_random.json --inspection-rate 0.001 --mess-rate 0.002,0.591768399997,123,184,76,139,82,51,237,106,12,194,37,170,0,0,253,262,332,45,284,181,0,0,143,250,301,321,81,0,78,0,267,60,0,243,409,51,595,718,637,292,612,552,586,486
project/sim_ext.py --sim-time 1.5 --seq-graph project/file/graph_15_nodes.json --traffic project/file/traffic_15_nodes_random.json --inspection-rate 0.001 --mess-rate 0.002,0.592851000001,123,184,76,139,82,51,237,106,12,194,37,170,0,0,253,263,332,45,286,181,0,0,143,250,301,322,81,0,78,0,267,60,0,243,412,51,595,718,637,292,612,552,586,486
project/sim_ext.py --sim-time 1.5 --seq-graph project/file/graph_15_nodes.json --traffic project/file/traffic_15_nodes_random.json --inspection-rate 0.001 --mess-rate 0.002,0.593888000001,123,184,76,139,82,51,237,106,12,194,37,170,0,0,253,263,333,45,288,181,0,0,143,250,302,322,81,0,78,0,267,60,0,243,412,51,595,718,637,302,612,552,586,486
project/sim_ext.py --sim-time 1.5 --seq-graph project/file/graph_15_nodes.json --traffic project/file/traffic_15_nodes_random.json --inspection-rate 0.001 --mess-rate 0.002,0.595078000001,123,184,76,139,82,51,237,106,12,194,37,170,0,0,254,263,334,45,289,181,0,0,143,250,302,322,81,0,78,0,267,60,0,243,412,51,595,718,637,302,612,552,586,486
project/sim_ext.py --sim-time 1.5 --seq-graph project/file/graph_15_nodes.json --traffic project/file/traffic_15_nodes_random.json --inspection-rate 0.001 --mess-rate 0.002,0.5961376272219131,123,184,76,139,82,51,237,106,12,194,37,170,0,0,254,263,334,45,290,181,0,0,143,255,302,324,81,0,78,0,267,60,0,243,413,51,595,718,637,307,612,552,586,486
project/sim_ext.py --sim-time 1.5 --seq-graph project/file/graph_15_nodes.json --traffic project/file/traffic_15_nodes_random.json --inspection-rate 0.001 --mess-rate 0.002,0.597237000001,123,186,76,139,82,51,237,106,12,194,37,170,0,0,255,263,335,45,290,181,0,0,143,256,302,325,81,0,78,0,267,60,0,243,413,51,595,718,637,308,612,552,586,486
project/sim_ext.py --sim-time 1.5 --seq-graph project/file/graph_15_nodes.json --traffic project/file/traffic_15_nodes_random.json --inspection-rate 0.001 --mess-rate 0.002,0.598366000001,123,186,76,139,82,51,237,106,12,194,37,170,0,0,255,263,335,45,292,181,0,0,143,258,302,325,81,0,78,0,267,60,0,243,413,51,595,718,637,309,612,552,586,486
project/sim_ext.py --sim-time 1.5 --seq-graph project/file/graph_15_nodes.json --traffic project/file/traffic_15_nodes_random.json --inspection-rate 0.001 --mess-rate 0.002,0.599373000001,123,186,76,139,82,51,237,106,12,194,37,170,0,0,255,263,335,45,292,181,0,0,143,258,302,325,81,0,78,0,267,60,0,243,413,51,595,718,637,310,612,552,586,486
project/sim_ext.py --sim-time 1.5 --seq-graph project/file/graph_15_nodes.json --traffic project/file/traffic_15_nodes_random.json --inspection-rate 0.001 --mess-rate 0.002,0.6004430024617802,123,186,76,139,82,51,237,106,12,194,37,170,0,0,255,263,335,45,293,181,0,0,143,258,303,325,81,0,78,0,268,60,0,243,413,51,595,718,637,310,612,552,586,486
project/sim_ext.py --sim-time 1.5 --seq-graph project/file/graph_15_nodes.json --traffic project/file/traffic_15_nodes_random.json --inspection-rate 0.001 --mess-rate 0.002,0.601461000001,123,186,76,139,82,51,237,106,12,194,37,170,0,0,255,263,336,45,293,181,0,0,143,259,305,325,81,0,78,0,275,60,0,243,413,51,595,718,637,311,612,552,586,486
project/sim_ext.py --sim-time 1.5 --seq-graph project/file/graph_15_nodes.json --traffic project/file/traffic_15_nodes_random.json --inspection-rate 0.001 --mess-rate 0.002,0.602568000001,123,186,76,139,82,51,237,106,12,194,37,170,0,0,255,263,336,45,293,181,0,0,143,260,305,325,81,0,78,0,275,60,0,243,413,51,595,718,637,313,612,552,586,486
project/sim_ext.py --sim-time 1.5 --seq-graph project/file/graph_15_nodes.json --traffic project/file/traffic_15_nodes_random.json --inspection-rate 0.001 --mess-rate 0.002,0.603689599997,127,189,80,143,84,51,237,106,12,194,37,171,0,0,256,266,337,45,293,190,0,0,145,260,306,327,82,0,79,0,277,61,0,250,421,52,614,732,655,324,636,570,586,497
project/sim_ext.py --sim-time 1.5 --seq-graph project/file/graph_15_nodes.json --traffic project/file/traffic_15_nodes_random.json --inspection-rate 0.001 --mess-rate 0.002,0.604713599997,127,189,83,144,86,51,237,106,12,194,37,171,0,0,257,266,338,45,293,192,0,0,146,262,306,327,82,0,79,0,277,61,0,250,423,52,616,734,656,325,638,573,586,504
project/sim_ext.py --sim-time 1.5 --seq-graph project/file/graph_15_nodes.json --traffic project/file/traffic_15_nodes_random.json --inspection-rate 0.001 --mess-rate 0.002,0.605780000001,127,190,85,144,86,51,237,106,12,194,37,172,0,0,258,267,339,45,293,193,0,0,146,264,308,328,84,0,79,0,278,61,0,250,423,52,619,737,659,328,640,577,586,505
project/sim_ext.py --sim-time 1.5 --seq-graph project/file/graph_15_nodes.json --traffic project/file/traffic_15_nodes_random.json --inspection-rate 0.001 --mess-rate 0.002,0.6068910000009999,127,190,86,146,86,53,237,106,12,194,37,174,0,0,258,267,341,45,293,194,0,0,147,265,311,329,85,0,80,0,281,61,0,251,425,52,620,738,663,328,644,579,586,509
project/sim_ext.py --sim-time 1.5 --seq-graph project/file/graph_15_nodes.json --traffic project/file/traffic_15_nodes_random.json --inspection-rate 0.001 --mess-rate 0.002,0.608018000001,127,190,86,147,88,53,237,107,12,194,37,174,0,0,259,267,343,45,300,194,0,0,147,265,312,329,86,0,80,0,281,61,0,252,426,52,622,738,664,328,645,582,586,510
project/sim_ext.py --sim-time 1.5 --seq-graph project/file/graph_15_nodes.json --traffic project/file/traffic_15_nodes_random.json --inspection-rate 0.001 --mess-rate 0.002,0.609135000001,127,191,86,147,89,53,237,107,12,194,37,175,0,0,259,267,344,45,302,194,0,0,147,266,314,329,86,0,81,0,282,61,0,252,429,52,623,742,667,328,651,583,586,510
project/sim_ext.py --sim-time 1.5 --seq-graph project/file/graph_15_nodes.json --traffic project/file/traffic_15_nodes_random.json --inspection-rate 0.001 --mess-rate 0.002,0.610310000001,127,191,86,147,89,53,237,107,12,194,37,177,0,0,259,267,348,45,303,194,0,0,147,268,315,329,87,0,82,0,284,61,0,252,429,52,626,745,670,328,653,583,586,511
project/sim_ext.py --sim-time 1.5 --seq-graph project/file/graph_15_nodes.json --traffic project/file/traffic_15_nodes_random.json --inspection-rate 0.001 --mess-rate 0.002,0.611405799997,127,191,86,147,90,53,237,107,12,194,37,178,0,0,259,267,348,45,305,194,0,0,147,269,319,329,87,0,82,0,284,61,0,252,429,52,628,750,672,328,653,584,586,511
project/sim_ext.py --sim-time 1.5 --seq-graph project/file/graph_15_nodes.json --traffic project/file/traffic_15_nodes_random.json --inspection-rate 0.001 --mess-rate 0.002,0.612536000001,127,191,86,147,92,53,237,107,12,194,37,178,0,0,259,267,353,45,305,194,0,0,147,272,319,331,87,0,82,0,284,61,0,252,429,52,628,753,672,328,653,585,586,511
project/sim_ext.py --sim-time 1.5 --seq-graph project/file/graph_15_nodes.json --traffic project/file/traffic_15_nodes_random.json --inspection-rate 0.001 --mess-rate 0.002,0.6137049999549999,127,191,86,147,93,53,240,108,12,195,38,178,0,0,259,271,354,45,305,197,0,0,147,273,319,332,87,0,82,0,284,61,0,254,429,52,628,754,672,328,653,585,598,511
project/sim_ext.py --sim-time 1.5 --seq-graph project/file/graph_15_nodes.json --traffic project/file/traffic_15_nodes_random.json --inspection-rate 0.001 --mess-rate 0.002,0.614708000001,127,191,89,147,93,53,241,108,12,195,38,178,0,0,259,271,354,45,305,198,0,0,147,273,319,334,87,0,82,0,284,61,0,254,430,52,628,754,672,328,653,585,601,516
project/sim_ext.py --sim-time 1.5 --seq-graph project/file/graph_15_nodes.json --traffic project/file/traffic_15_nodes_random.json --inspection-rate 0.001 --mess-rate 0.002,0.615769000001,127,193,89,147,93,53,241,108,12,195,38,178,0,0,259,271,354,45,306,198,0,0,147,273,320,334,87,0,82,0,288,61,0,254,430,52,628,754,672,328,653,585,602,517
project/sim_ext.py --sim-time 1.5 --seq-graph project/file/graph_15_nodes.json --traffic project/file/traffic_15_nodes_random.json --inspection-rate 0.001 --mess-rate 0.002,0.616797000001,127,193,89,147,93,53,243,108,12,195,39,178,0,0,259,274,354,45,306,198,0,0,147,275,320,334,87,0,82,0,288,61,0,254,430,52,628,754,672,328,653,585,602,517
project/sim_ext.py --sim-time 1.5 --seq-graph project/file/graph_15_nodes.json --traffic project/file/traffic_15_nodes_random.json --inspection-rate 0.001 --mess-rate 0.002,0.617943000001,127,194,89,147,93,53,243,108,12,195,39,178,0,0,260,274,354,45,306,198,0,0,147,276,323,335,87,0,82,0,289,61,0,254,431,52,628,754,672,328,653,585,606,517
project/sim_ext.py --sim-time 1.5 --seq-graph project/file/graph_15_nodes.json --traffic project/file/traffic_15_nodes_random.json --inspection-rate 0.001 --mess-rate 0.002,0.619193000001,127,195,89,147,93,53,243,108,12,195,41,178,0,0,262,275,358,45,308,198,0,0,147,276,323,335,87,0,82,0,289,61,0,254,432,52,628,754,672,328,653,585,609,517
project/sim_ext.py --sim-time 1.5 --seq-graph project/file/graph_15_nodes.json --traffic project/file/traffic_15_nodes_random.json --inspection-rate 0.001 --mess-rate 0.002,0.6202110000009999,127,196,89,147,93,53,243,108,12,195,41,178,0,0,263,275,358,45,308,198,0,0,147,276,324,335,87,0,82,0,291,61,0,254,433,52,628,754,672,328,653,585,610,517
project/sim_ext.py --sim-time 1.5 --seq-graph project/file/graph_15_nodes.json --traffic project/file/traffic_15_nodes_random.json --inspection-rate 0.001 --mess-rate 0.002,0.621227599997,127,196,89,147,93,53,243,108,12,195,41,178,0,0,264,276,359,45,310,198,0,0,147,276,324,335,87,0,82,0,292,61,0,254,433,52,628,754,672,328,653,585,610,517
project/sim_ext.py --sim-time 1.5 --seq-graph project/file/graph_15_nodes.json --traffic project/file/traffic_15_nodes_random.json --inspection-rate 0.001 --mess-rate 0.002,0.622406000001,127,198,89,147,93,53,246,108,12,195,41,178,0,0,264,276,360,45,310,198,0,0,147,277,325,335,87,0,82,0,292,61,0,254,433,52,628,754,672,328,653,585,613,517
project/sim_ext.py --sim-time 1.5 --seq-graph project/file/graph_15_nodes.json --traffic project/file/traffic_15_nodes_random.json --inspection-rate 0.001 --mess-rate 0.002,0.623429000001,127,198,89,147,93,53,248,108,12,195,41,178,0,0,264,276,360,45,310,198,0,0,147,278,325,335,87,0,82,0,292,61,0,254,433,52,628,754,672,328,653,585,614,517
project/sim_ext.py --sim-time 1.5 --seq-graph project/file/graph_15_nodes.json --traffic project/file/traffic_15_nodes_random.json --inspection-rate 0.001 --mess-rate 0.002,0.624440000001,127,198,89,147,93,53,250,108,12,195,41,178,0,0,264,276,360,45,311,198,0,0,147,278,326,336,87,0,82,0,294,61,0,254,434,52,628,754,672,328,653,585,616,517
project/sim_ext.py --sim-time 1.5 --seq-graph project/file/graph_15_nodes.json --traffic project/file/traffic_15_nodes_random.json --inspection-rate 0.001 --mess-rate 0.002,0.6255218016047682,127,198,89,147,93,53,253,108,12,195,45,178,0,0,264,276,361,45,311,198,0,0,147,278,326,336,87,0,82,0,295,61,0,254,434,52,628,754,672,328,653,585,616,517
project/sim_ext.py --sim-time 1.5 --seq-graph project/file/graph_15_nodes.json --traffic project/file/traffic_15_nodes_random.json --inspection-rate 0.001 --mess-rate 0.002,0.626660000001,127,198,89,147,93,53,254,108,12,195,45,178,0,0,265,276,361,45,311,198,0,0,147,278,328,337,87,0,82,0,295,61,0,254,437,52,628,754,672,328,653,585,616,517
project/sim_ext.py --sim-time 1.5 --seq-graph project/file/graph_15_nodes.json --traffic project/file/traffic_15_nodes_random.json --inspection-rate 0.001 --mess-rate 0.002,0.627741000001,127,198,89,147,93,53,254,108,12,195,45,178,0,0,265,279,361,45,311,198,0,0,147,280,329,338,87,0,82,0,295,61,0,254,438,52,628,754,672,328,653,585,616,517
project/sim_ext.py --sim-time 1.5 --seq-graph project/file/graph_15_nodes.json --traffic project/file/traffic_15_nodes_random.json --inspection-rate 0.001 --mess-rate 0.002,0.628954000001,127,198,89,147,93,53,254,108,12,195,45,178,0,0,265,279,361,45,312,198,0,0,147,280,330,339,87,0,82,0,295,61,0,254,441,52,628,754,672,328,653,585,616,517
project/sim_ext.py --sim-time 1.5 --seq-graph project/file/graph_15_nodes.json --traffic project/file/traffic_15_nodes_random.json --inspection-rate 0.001 --mess-rate 0.002,0.630067000001,127,198,89,147,93,53,254,108,12,195,45,178,0,0,265,280,364,45,312,198,0,0,147,280,330,339,87,0,82,0,295,61,0,254,441,52,628,754,672,328,653,585,616,517
project/sim_ext.py --sim-time 1.5 --seq-graph project/file/graph_15_nodes.json --traffic project/file/traffic_15_nodes_random.json --inspection-rate 0.001 --mess-rate 0.002,0.631090000001,127,198,89,147,93,53,255,108,12,195,45,178,0,0,265,280,365,45,313,198,0,0,147,280,330,339,87,0,82,0,295,61,0,254,442,52,628,754,672,328,653,585,616,517
project/sim_ext.py --sim-time 1.5 --seq-graph project/file/graph_15_nodes.json --traffic project/file/traffic_15_nodes_random.json --inspection-rate 0.001 --mess-rate 0.002,0.632174999959,127,198,89,147,93,53,258,108,12,195,45,178,0,0,265,280,365,45,313,198,0,0,147,280,330,339,87,0,82,0,295,61,0,254,442,52,628,754,672,328,653,585,616,517
project/sim_ext.py --sim-time 1.5 --seq-graph project/file/graph_15_nodes.json --traffic project/file/traffic_15_nodes_random.json --inspection-rate 0.001 --mess-rate 0.002,0.633256000001,127,198,89,147,93,53,258,108,12,195,45,178,0,0,265,281,365,45,313,198,0,0,147,280,330,339,87,0,82,0,295,61,0,254,442,52,628,754,672,328,653,585,616,517
project/sim_ext.py --sim-time 1.5 --seq-graph project/file/graph_15_nodes.json --traffic project/file/traffic_15_nodes_random.json --inspection-rate 0.001 --mess-rate 0.002,0.6342660718716335,127,198,89,147,93,53,259,108,12,195,45,178,0,0,265,282,365,45,313,198,0,0,147,283,331,341,87,0,82,0,299,61,0,254,443,52,638,754,672,328,653,585,616,517
project/sim_ext.py --sim-time 1.5 --seq-graph project/file/graph_15_nodes.json --traffic project/file/traffic_15_nodes_random.json --inspection-rate 0.001 --mess-rate 0.002,0.635343000001,127,198,91,147,93,53,259,108,12,195,45,178,0,0,266,283,369,45,314,198,0,0,147,285,331,341,87,0,82,0,301,61,0,254,443,52,640,754,672,341,653,585,616,517
project/sim_ext.py --sim-time 1.5 --seq-graph project/file/graph_15_nodes.json --traffic project/file/traffic_15_nodes_random.json --inspection-rate 0.001 --mess-rate 0.002,0.6364000000009999,127,198,91,147,93,53,259,108,12,195,45,178,0,0,266,284,370,45,314,198,0,0,147,285,331,342,88,0,82,0,301,61,0,254,447,52,640,754,672,341,653,585,616,517
project/sim_ext.py --sim-time 1.5 --seq-graph project/file/graph_15_nodes.json --traffic project/file/traffic_15_nodes_random.json --inspection-rate 0.001 --mess-rate 0.002,0.637479399997,127,198,91,147,93,53,259,108,12,195,45,178,0,0,267,284,370,45,317,198,0,0,147,286,334,342,88,0,82,0,302,61,0,254,447,52,641,754,672,343,653,585,616,517
project/sim_ext.py --sim-time 1.5 --seq-graph project/file/graph_15_nodes.json --traffic project/file/traffic_15_nodes_random.json --inspection-rate 0.001 --mess-rate 0.002,0.638571000001,127,198,92,147,93,53,259,108,12,195,45,178,0,0,268,285,370,45,317,198,0,0,147,286,335,342,89,0,82,0,303,61,0,254,448,52,642,754,672,344,653,585,616,517
project/sim_ext.py --sim-time 1.5 --seq-graph project/file/graph_15_nodes.json --traffic project/file/traffic_15_nodes_random.json --inspection-rate 0.001 --mess-rate 0.002,0.639668000001,127,198,92,147,93,53,259,108,12,195,45,178,0,0,269,286,370,45,317,198,0,0,147,286,335,343,89,0,82,0,303,61,0,254,449,52,642,754,672,346,653,585,616,517
project/sim_ext.py --sim-time 1.5 --seq-graph project/file/graph_15_nodes.json --traffic project/file/traffic_15_nodes_random.json --inspection-rate 0.001 --mess-rate 0.002,0.640795000001,127,198,93,147,93,53,259,108,12,195,45,178,0,0,269,286,371,45,317,198,0,0,147,286,335,345,90,0,82,0,303,61,0,254,451,52,642,754,672,348,653,585,616,517
project/sim_ext.py --sim-time 1.5 --seq-graph project/file/graph_15_nodes.json --traffic project/file/traffic_15_nodes_random.json --inspection-rate 0.001 --mess-rate 0.002,0.6418279187876093,127,198,93,147,93,53,259,108,12,195,45,178,0,0,269,286,372,45,317,198,0,0,147,287,337,345,90,0,82,0,305,61,0,254,451,52,643,754,672,350,653,585,616,517
project/sim_ext.py --sim-time 1.5 --seq-graph project/file/graph_15_nodes.json --traffic project/file/traffic_15_nodes_random.json --inspection-rate 0.001 --mess-rate 0.002,0.6428613794943564,127,198,94,147,93,53,259,108,12,195,45,178,0,0,269,286,372,45,318,198,0,0,147,287,337,345,90,0,82,0,305,61,0,254,451,52,644,754,672,352,653,585,616,517
project/sim_ext.py --sim-time 1.5 --seq-graph project/file/graph_15_nodes.json --traffic project/file/traffic_15_nodes_random.json --inspection-rate 0.001 --mess-rate 0.002,0.643987000001,127,198,94,147,93,53,259,108,12,195,45,178,0,0,269,286,372,45,318,198,0,0,147,289,338,345,91,0,82,0,306,61,0,254,451,52,645,754,672,356,653,585,616,517
project/sim_ext.py --sim-time 1.5 --seq-graph project/file/graph_15_nodes.json --traffic project/file/traffic_15_nodes_random.json --inspection-rate 0.001 --mess-rate 0.002,0.644990000001,134,202,95,149,97,54,263,109,12,199,47,184,0,0,271,288,375,45,320,200,0,0,152,289,338,352,91,0,84,0,307,61,0,260,460,52,664,778,696,369,682,604,634,535
project/sim_ext.py --sim-time 1.5 --seq-graph project/file/graph_15_nodes.json --traffic project/file/traffic_15_nodes_random.json --inspection-rate 0.001 --mess-rate 0.002,0.646159000001,134,203,97,149,97,54,264,109,12,199,47,184,0,0,271,288,375,45,321,202,0,0,152,289,340,352,91,0,84,0,308,61,0,260,461,52,664,785,697,369,682,605,639,537
project/sim_ext.py --sim-time 1.5 --seq-graph project/file/graph_15_nodes.json --traffic project/file/traffic_15_nodes_random.json --inspection-rate 0.001 --mess-rate 0.002,0.647305599997,136,204,97,150,98,54,266,109,12,201,47,184,0,0,272,288,377,45,321,203,0,0,153,289,340,356,91,0,84,0,308,61,0,261,462,52,664,793,698,369,682,607,641,538
project/sim_ext.py --sim-time 1.5 --seq-graph project/file/graph_15_nodes.json --traffic project/file/traffic_15_nodes_random.json --inspection-rate 0.001 --mess-rate 0.002,0.648385000001,140,204,97,151,98,55,272,109,12,207,47,185,0,0,272,288,379,45,322,204,0,0,157,290,341,356,91,0,86,0,308,61,0,262,462,52,664,794,704,369,683,607,644,544
project/sim_ext.py --sim-time 1.5 --seq-graph project/file/graph_15_nodes.json --traffic project/file/traffic_15_nodes_random.json --inspection-rate 0.001 --mess-rate 0.002,0.649522000001,141,204,97,151,98,55,273,109,12,207,47,185,0,0,272,288,380,45,323,204,0,0,157,292,343,359,91,0,86,0,309,61,0,262,462,52,664,802,706,369,683,610,645,546
project/sim_ext.py --sim-time 1.5 --seq-graph project/file/graph_15_nodes.json --traffic project/file/traffic_15_nodes_random.json --inspection-rate 0.001 --mess-rate 0.002,0.650601000001,141,204,97,151,98,55,273,109,12,207,47,185,0,0,272,288,384,45,325,204,0,0,158,295,344,360,91,0,87,0,309,61,0,262,462,52,664,806,708,369,684,612,645,547
project/sim_ext.py --sim-time 1.5 --seq-graph project/file/graph_15_nodes.json --traffic project/file/traffic_15_nodes_random.json --inspection-rate 0.001 --mess-rate 0.002,0.651642000001,143,204,98,151,100,55,274,109,12,209,47,185,0,0,272,288,384,45,327,208,0,0,160,295,346,361,91,0,87,0,309,61,0,262,465,52,664,807,715,369,688,613,647,551
project/sim_ext.py --sim-time 1.5 --seq-graph project/file/graph_15_nodes.json --traffic project/file/traffic_15_nodes_random.json --inspection-rate 0.001 --mess-rate 0.002,0.6527970000009999,143,205,99,151,100,55,275,109,12,209,47,185,0,0,274,288,384,45,327,209,0,0,160,295,346,361,91,0,87,0,309,61,0,265,465,52,664,807,715,369,689,615,650,551
project/sim_ext.py --sim-time 1.5 --seq-graph project/file/graph_15_nodes.json --traffic project/file/traffic_15_nodes_random.json --inspection-rate 0.001 --mess-rate 0.002,0.653959399997,143,206,99,151,100,55,276,109,12,209,47,186,0,0,274,288,384,45,327,209,0,0,160,296,349,361,91,0,87,0,309,61,0,265,465,52,664,807,715,369,691,615,650,551
project/sim_ext.py --sim-time 1.5 --seq-graph project/file/graph_15_nodes.json --traffic project/file/traffic_15_nodes_random.json --inspection-rate 0.001 --mess-rate 0.002,0.655109000001,143,206,99,151,101,55,276,109,12,209,47,187,0,0,274,288,384,45,327,209,0,0,160,297,349,362,91,0,87,0,309,61,0,265,466,52,664,807,715,369,691,617,650,552
project/sim_ext.py --sim-time 1.5 --seq-graph project/file/graph_15_nodes.json --traffic project/file/traffic_15_nodes_random.json --inspection-rate 0.001 --mess-rate 0.002,0.656314999951,143,206,99,151,101,55,277,109,12,209,47,187,0,0,274,288,384,45,331,209,0,0,160,297,349,363,91,0,87,0,309,61,0,265,469,52,664,807,715,369,691,617,650,552
project/sim_ext.py --sim-time 1.5 --seq-graph project/file/graph_15_nodes.json --traffic project/file/traffic_15_nodes_random.json --inspection-rate 0.001 --mess-rate 0.002,0.6574570000009999,143,208,99,151,101,55,277,109,12,209,50,187,0,0,274,288,385,45,331,209,0,0,160,298,350,363,91,0,87,0,311,61,0,265,469,52,664,807,715,369,691,617,650,552
project/sim_ext.py --sim-time 1.5 --seq-graph project/file/graph_15_nodes.json --traffic project/file/traffic_15_nodes_random.json --inspection-rate 0.001 --mess-rate 0.002,0.658513000001,143,209,99,151,101,55,277,109,12,209,50,187,0,0,274,288,387,45,331,209,0,0,160,299,350,363,91,0,87,0,311,61,0,265,469,52,664,807,715,369,691,617,650,553
project/sim_ext.py --sim-time 1.5 --seq-graph project/file/graph_15_nodes.json --traffic project/file/traffic_15_nodes_random.json --inspection-rate 0.001 --mess-rate 0.002,0.659633999997,143,211,99,151,101,55,277,109,12,209,50,187,0,0,274,288,387,45,331,209,0,0,160,299,350,364,91,0,87,0,311,61,0,265,470,52,664,807,715,369,691,617,650,553
project/sim_ext.py --sim-time 1.5 --seq-graph project/file/graph_15_nodes.json --traffic project/file/traffic_15_nodes_random.json --inspection-rate 0.001 --mess-rate 0.002,0.6607071635083508,143,211,99,151,101,55,277,109,12,209,50,187,0,0,274,288,388,45,331,209,0,0,160,299,350,367,91,0,87,0,311,61,0,265,470,52,664,807,715,369,691,617,650,553
project/sim_ext.py --sim-time 1.5 --seq-graph project/file/graph_15_nodes.json --traffic project/file/traffic_15_nodes_random.json --inspection-rate 0.001 --mess-rate 0.002,0.6617414205075581,143,211,99,151,101,55,277,109,12,209,50,187,0,0,276,288,388,45,332,209,0,0,160,299,350,367,91,0,87,0,311,61,0,265,470,52,664,807,715,369,691,617,650,553
project/sim_ext.py --sim-time 1.5 --seq-graph project/file/graph_15_nodes.json --traffic project/file/traffic_15_nodes_random.json --inspection-rate 0.001 --mess-rate 0.002,0.662817000001,143,211,99,151,101,55,277,109,12,209,50,187,0,0,276,288,389,45,333,209,0,0,160,299,351,369,91,0,87,0,311,61,0,265,470,52,664,807,715,369,691,617,650,553
project/sim_ext.py --sim-time 1.5 --seq-graph project/file/graph_15_nodes.json --traffic project/file/traffic_15_nodes_random.json --inspection-rate 0.001 --mess-rate 0.002,0.664055000001,143,214,99,151,101,55,277,109,12,209,50,187,0,0,276,288,390,45,333,209,0,0,160,299,352,369,91,0,87,0,313,61,0,265,470,52,664,807,715,369,691,617,650,553
project/sim_ext.py --sim-time 1.5 --seq-graph project/file/graph_15_nodes.json --traffic project/file/traffic_15_nodes_random.json --inspection-rate 0.001 --mess-rate 0.002,0.665064999955,143,214,99,151,101,55,277,109,12,209,50,187,0,0,276,288,390,45,333,209,0,0,160,301,352,369,91,0,87,0,313,61,0,265,470,52,664,807,715,369,691,617,650,553
project/sim_ext.py --sim-time 1.5 --seq-graph project/file/graph_15_nodes.json --traffic project/file/traffic_15_nodes_random.json --inspection-rate 0.001 --mess-rate 0.002,0.666364999951,143,214,99,151,101,55,277,109,12,209,50,187,0,0,276,288,391,45,333,209,0,0,160,302,352,369,91,0,87,0,313,61,0,265,470,52,664,807,715,369,691,617,650,553
project/sim_ext.py --sim-time 1.5 --seq-graph project/file/graph_15_nodes.json --traffic project/file/traffic_15_nodes_random.json --inspection-rate 0.001 --mess-rate 0.002,0.667421000001,143,214,99,151,101,55,277,109,12,209,50,187,0,0,276,288,391,45,334,209,0,0,160,303,354,369,91,0,87,0,314,61,0,265,470,52,664,807,715,369,691,617,650,553
project/sim_ext.py --sim-time 1.5 --seq-graph project/file/graph_15_nodes.json --traffic project/file/traffic_15_nodes_random.json --inspection-rate 0.001 --mess-rate 0.002,0.668633000001,143,214,99,151,101,55,277,109,12,209,50,187,0,0,277,288,392,45,334,209,0,0,160,303,355,369,91,0,87,0,316,61,0,265,470,52,664,807,715,369,691,617,650,553
project/sim_ext.py --sim-time 1.5 --seq-graph project/file/graph_15_nodes.json --traffic project/file/traffic_15_nodes_random.json --inspection-rate 0.001 --mess-rate 0.002,0.669886799997,143,214,99,151,101,55,277,109,12,209,50,187,0,0,277,288,392,45,336,209,0,0,160,303,356,369,91,0,87,0,316,61,0,265,470,52,664,807,715,369,691,617,650,553
project/sim_ext.py --sim-time 1.5 --seq-graph project/file/graph_15_nodes.json --traffic project/file/traffic_15_nodes_random.json --inspection-rate 0.001 --mess-rate 0.002,0.670905000001,143,214,99,151,101,55,277,109,12,209,50,187,0,0,277,288,392,45,336,209,0,0,160,303,356,369,91,0,87,0,316,61,0,265,470,52,664,807,715,369,691,617,650,553
project/sim_ext.py --sim-time 1.5 --seq-graph project/file/graph_15_nodes.json --traffic project/file/traffic_15_nodes_random.json --inspection-rate 0.001 --mess-rate 0.002,0.6719200000009999,143,214,99,151,101,55,277,109,12,209,50,187,0,0,277,288,392,45,336,209,0,0,160,304,356,369,91,0,87,0,316,61,0,265,470,52,664,807,715,369,691,617,650,553
project/sim_ext.py --sim-time 1.5 --seq-graph project/file/graph_15_nodes.json --traffic project/file/traffic_15_nodes_random.json --inspection-rate 0.001 --mess-rate 0.002,0.673285000001,143,214,99,151,101,55,277,109,12,209,50,187,0,0,277,288,392,45,338,209,0,0,160,304,356,369,91,0,87,0,316,61,0,265,470,52,664,807,715,369,691,617,650,553
project/sim_ext.py --sim-time 1.5 --seq-graph project/file/graph_15_nodes.json --traffic project/file/traffic_15_nodes_random.json --inspection-rate 0.001 --mess-rate 0.002,0.6744293182538467,143,214,99,151,101,55,277,109,12,209,50,187,0,0,277,288,392,45,341,209,0,0,160,304,357,369,91,0,87,0,316,61,0,265,470,52,664,807,715,369,691,617,650,553
project/sim_ext.py --sim-time 1.5 --seq-graph project/file/graph_15_nodes.json --traffic project/file/traffic_15_nodes_random.json --inspection-rate 0.001 --mess-rate 0.002,0.675546599997,147,216,100,154,101,59,291,109,12,215,52,191,0,0,280,288,393,45,343,213,0,0,167,306,359,380,95,0,89,0,318,61,0,268,478,52,684,833,738,369,716,633,665,576
project/sim_ext.py --sim-time 1.5 --seq-graph project/file/graph_15_nodes.json --traffic project/file/traffic_15_nodes_random.json --inspection-rate 0.001 --mess-rate 0.002,0.676850000001,147,216,100,154,101,59,294,110,12,218,52,192,0,0,280,295,394,45,343,214,0,0,170,307,361,381,95,0,89,0,321,61,0,270,479,52,694,839,740,380,719,635,669,577
project/sim_ext.py --sim-time 1.5 --seq-graph project/file/graph_15_nodes.json --traffic project/file/traffic_15_nodes_random.json --inspection-rate 0.001 --mess-rate 0.002,0.6779660000009999,148,216,104,156,101,62,294,110,12,218,52,192,0,0,280,295,395,45,343,217,0,0,172,307,361,385,96,0,89,0,321,61,0,272,480,52,699,842,751,382,719,640,675,582
project/sim_ext.py --sim-time 1.5 --seq-graph project/file/graph_15_nodes.json --traffic project/file/traffic_15_nodes_random.json --inspection-rate 0.001 --mess-rate 0.002,0.678968399997,150,216,104,156,102,62,294,110,12,220,54,193,0,0,281,295,395,45,343,217,0,0,172,308,363,386,96,0,90,0,323,61,0,274,481,52,702,850,756,389,724,647,679,585
project/sim_ext.py --sim-time 1.5 --seq-graph project/file/graph_15_nodes.json --traffic project/file/traffic_15_nodes_random.json --inspection-rate 0.001 --mess-rate 0.002,0.679971199997,150,216,104,156,103,62,294,110,12,220,54,195,0,0,281,295,397,45,343,218,0,0,172,309,363,388,96,0,92,0,323,61,0,274,481,52,704,851,757,392,725,648,679,588
project/sim_ext.py --sim-time 1.5 --seq-graph project/file/graph_15_nodes.json --traffic project/file/traffic_15_nodes_random.json --inspection-rate 0.001 --mess-rate 0.002,0.6810430000009999,150,216,104,156,103,62,294,110,12,220,54,195,0,0,281,295,400,45,348,220,0,0,172,309,363,392,96,0,93,0,323,61,0,274,481,52,704,858,758,398,728,650,687,589
project/sim_ext.py --sim-time 1.5 --seq-graph project/file/graph_15_nodes.json --traffic project/file/traffic_15_nodes_random.json --inspection-rate 0.001 --mess-rate 0.002,0.682115199997,150,216,104,156,104,62,294,111,12,220,55,195,0,0,281,295,400,45,349,221,0,0,172,309,364,392,96,0,93,0,325,61,0,275,483,52,706,858,762,401,731,652,695,590
project/sim_ext.py --sim-time 1.5 --seq-graph project/file/graph_15_nodes.json --traffic project/file/traffic_15_nodes_random.json --inspection-rate 0.001 --mess-rate 0.002,0.6832521999969999,150,216,104,156,104,62,294,111,12,220,56,196,0,0,282,295,400,45,349,221,0,0,172,309,366,392,96,0,93,0,325,61,0,275,485,52,706,858,765,405,733,653,695,591
project/sim_ext.py --sim-time 1.5 --seq-graph project/file/graph_15_nodes.json --traffic project/file/traffic_15_nodes_random.json --inspection-rate 0.001 --mess-rate 0.002,0.684440000001,150,217,104,156,104,62,294,111,12,220,56,196,0,0,282,295,400,45,349,221,0,0,172,309,366,392,97,0,93,0,325,61,0,275,485,52,707,858,765,406,733,653,695,591
project/sim_ext.py --sim-time 1.5 --seq-graph project/file/graph_15_nodes.json --traffic project/file/traffic_15_nodes_random.json --inspection-rate 0.001 --mess-rate 0.002,0.685534999951,150,217,107,156,104,62,294,111,12,220,56,196,0,0,282,295,401,45,349,221,0,0,172,309,366,392,97,0,93,0,325,61,0,275,486,52,707,858,765,406,733,653,695,591
project/sim_ext.py --sim-time 1.5 --seq-graph project/file/graph_15_nodes.json --traffic project/file/traffic_15_nodes_random.json --inspection-rate 0.001 --mess-rate 0.002,0.686674000001,150,217,109,156,104,62,294,111,12,220,56,197,0,0,282,295,403,45,349,221,0,0,172,312,368,392,97,0,93,0,327,61,0,275,486,52,707,858,765,407,733,653,695,591
project/sim_ext.py --sim-time 1.5 --seq-graph project/file/graph_15_nodes.json --traffic project/file/traffic_15_nodes_random.json --inspection-rate 0.001 --mess-rate 0.002,0.6877843209020091,150,218,109,156,104,62,294,111,12,220,56,197,0,0,282,295,403,45,349,221,0,0,172,312,370,392,97,0,93,0,327,61,0,275,486,52,707,858,765,407,733,653,695,591
project/sim_ext.py --sim-time 1.5 --seq-graph project/file/graph_15_nodes.json --traffic project/file/traffic_15_nodes_random.json --inspection-rate 0.001 --mess-rate 0.002,0.6888190000009999,150,218,109,156,104,62,294,111,12,220,56,197,0,0,284,295,404,45,349,221,0,0,172,312,370,392,97,0,93,0,328,61,0,275,486,52,707,858,765,407,733,653,695,591
project/sim_ext.py --sim-time 1.5 --seq-graph project/file/graph_15_nodes.json --traffic project/file/traffic_15_nodes_random.json --inspection-rate 0.001 --mess-rate 0.002,0.689932000001,150,218,109,156,104,62,294,111,12,220,56,197,0,0,284,295,405,45,351,221,0,0,172,312,371,393,97,0,93,0,328,61,0,275,487,52,707,858,765,407,733,653,695,591
project/sim_ext.py --sim-time 1.5 --seq-graph project/file/graph_15_nodes.json --traffic project/file/traffic_15_nodes_random.json --inspection-rate 0.001 --mess-rate 0.002,0.6909816434361397,150,219,109,156,104,62,294,111,12,220,56,197,0,0,286,295,405,45,351,221,0,0,172,312,372,393,97,0,93,0,329,61,0,275,487,52,707,858,765,407,733,653,695,591
project/sim_ext.py --sim-time 1.5 --seq-graph project/file/graph_15_nodes.json --traffic project/file/traffic_15_nodes_random.json --inspection-rate 0.001 --mess-rate 0.002,0.6921410655805046,150,219,109,156,104,62,294,111,12,220,56,197,0,0,287,295,407,45,352,221,0,0,172,312,372,394,97,0,93,0,329,61,0,275,487,52,707,858,765,407,733,653,695,591
project/sim_ext.py --sim-time 1.5 --seq-graph project/file/graph_15_nodes.json --traffic project/file/traffic_15_nodes_random.json --inspection-rate 0.001 --mess-rate 0.002,0.693191399997,150,219,109,156,104,62,294,111,12,220,56,197,0,0,287,295,407,45,352,221,0,0,172,312,372,394,97,0,93,0,330,61,0,275,487,52,707,858,765,407,733,653,695,591
project/sim_ext.py --sim-time 1.5 --seq-graph project/file/graph_15_nodes.json --traffic project/file/traffic_15_nodes_random.json --inspection-rate 0.001 --mess-rate 0.002,0.694238799997,150,219,109,156,104,62,294,111,12,220,56,197,0,0,287,295,407,45,353,221,0,0,172,316,373,394,97,0,93,0,330,61,0,275,487,52,707,858,765,407,733,653,695,591
project/sim_ext.py --sim-time 1.5 --seq-graph project/file/graph_15_nodes.json --traffic project/file/traffic_15_nodes_random.json --inspection-rate 0.001 --mess-rate 0.002,0.695279000001,150,220,109,156,104,62,294,111,12,220,56,197,0,0,287,295,408,45,355,221,0,0,172,317,373,394,97,0,93,0,330,61,0,275,487,52,707,858,765,407,733,653,695,591
project/sim_ext.py --sim-time 1.5 --seq-graph project/file/graph_15_nodes.json --traffic project/file/traffic_15_nodes_random.json --inspection-rate 0.001 --mess-rate 0.002,0.696364999951,150,220,109,156,104,62,294,111,12,220,56,197,0,0,288,295,408,45,355,221,0,0,172,317,373,394,97,0,93,0,330,61,0,275,487,52,707,858,765,407,733,653,695,591
project/sim_ext.py --sim-time 1.5 --seq-graph project/file/graph_15_nodes.json --traffic project/file/traffic_15_nodes_random.json --inspection-rate 0.001 --mess-rate 0.002,0.697804000001,150,221,109,156,104,62,294,111,12,220,56,197,0,0,289,295,412,45,356,221,0,0,172,317,373,394,97,0,93,0,330,61,0,275,487,52,707,858,765,407,733,653,695,591
project/sim_ext.py --sim-time 1.5 --seq-graph project/file/graph_15_nodes.json --traffic project/file/traffic_15_nodes_random.json --inspection-rate 0.001 --mess-rate 0.002,0.699295000001,150,221,109,156,104,62,294,111,12,220,56,197,0,0,289,295,412,45,356,221,0,0,172,317,374,394,97,0,93,0,333,61,0,275,487,52,707,858,765,407,733,653,695,591
project/sim_ext.py --sim-time 1.5 --seq-graph project/file/graph_15_nodes.json --traffic project/file/traffic_15_nodes_random.json --inspection-rate 0.001 --mess-rate 0.002,0.7003920619393789,150,223,109,156,104,62,294,111,12,220,56,197,0,0,289,295,413,45,356,221,0,0,172,319,374,394,97,0,93,0,333,61,0,275,487,52,707,858,765,407,733,653,695,591
project/sim_ext.py --sim-time 1.5 --seq-graph project/file/graph_15_nodes.json --traffic project/file/traffic_15_nodes_random.json --inspection-rate 0.001 --mess-rate 0.002,0.701445000001,150,223,109,156,104,62,294,111,12,220,56,197,0,0,290,295,413,45,357,221,0,0,172,319,374,394,97,0,93,0,334,61,0,275,487,52,707,858,765,407,733,653,695,591
project/sim_ext.py --sim-time 1.5 --seq-graph project/file/graph_15_nodes.json --traffic project/file/traffic_15_nodes_random.json --inspection-rate 0.001 --mess-rate 0.002,0.702522000001,150,223,109,156,104,62,294,111,12,220,56,197,0,0,291,295,413,45,358,221,0,0,172,320,374,394,97,0,93,0,334,61,0,275,487,52,707,858,765,407,733,653,695,591
project/sim_ext.py --sim-time 1.5 --seq-graph project/file/graph_15_nodes.json --traffic project/file/traffic_15_nodes_random.json --inspection-rate 0.001 --mess-rate 0.002,0.703649999947,150,223,109,156,104,62,294,111,12,220,56,197,0,0,291,295,413,45,358,221,0,0,172,320,374,394,97,0,93,0,334,61,0,275,487,52,707,858,765,407,733,653,695,591
project/sim_ext.py --sim-time 1.5 --seq-graph project/file/graph_15_nodes.json --traffic project/file/traffic_15_nodes_random.json --inspection-rate 0.001 --mess-rate 0.002,0.704743000001,150,223,109,156,104,62,294,111,12,220,56,197,0,0,291,295,414,45,358,221,0,0,172,320,375,394,97,0,93,0,334,61,0,275,487,52,707,858,765,407,733,653,695,591
project/sim_ext.py --sim-time 1.5 --seq-graph project/file/graph_15_nodes.json --traffic project/file/traffic_15_nodes_random.json --inspection-rate 0.001 --mess-rate 0.002,0.705863399997,150,223,109,160,104,62,294,112,12,220,56,200,0,0,291,299,415,45,358,224,0,0,174,320,376,403,99,0,93,0,334,61,0,278,498,52,718,858,765,407,745,653,695,591
project/sim_ext.py --sim-time 1.5 --seq-graph project/file/graph_15_nodes.json --traffic project/file/traffic_15_nodes_random.json --inspection-rate 0.001 --mess-rate 0.002,0.706887000001,150,223,109,162,104,62,294,112,12,220,56,201,0,0,292,300,416,45,358,224,0,0,174,320,376,403,100,0,93,0,334,62,0,279,503,62,729,858,765,407,753,653,695,591
project/sim_ext.py --sim-time 1.5 --seq-graph project/file/graph_15_nodes.json --traffic project/file/traffic_15_nodes_random.json --inspection-rate 0.001 --mess-rate 0.002,0.707947000001,150,223,109,162,104,63,294,112,12,220,56,201,0,0,292,301,416,45,358,225,0,0,174,320,376,403,100,0,93,0,334,62,0,280,503,62,729,858,765,407,753,653,695,591
project/sim_ext.py --sim-time 1.5 --seq-graph project/file/graph_15_nodes.json --traffic project/file/traffic_15_nodes_random.json --inspection-rate 0.001 --mess-rate 0.002,0.708959000001,150,223,109,162,104,63,294,112,12,220,56,201,0,0,293,301,417,45,365,225,0,0,174,322,376,405,101,0,93,0,334,66,0,280,504,62,735,858,765,407,756,653,695,591
project/sim_ext.py --sim-time 1.5 --seq-graph project/file/graph_15_nodes.json --traffic project/file/traffic_15_nodes_random.json --inspection-rate 0.001 --mess-rate 0.002,0.710381000001,150,223,109,162,104,63,294,112,12,220,56,202,0,0,293,301,418,45,365,225,0,0,174,322,377,405,102,0,93,0,337,66,0,280,504,62,736,858,765,407,761,653,695,591
project/sim_ext.py --sim-time 1.5 --seq-graph project/file/graph_15_nodes.json --traffic project/file/traffic_15_nodes_random.json --inspection-rate 0.001 --mess-rate 0.002,0.711452000001,150,223,109,162,104,63,294,112,12,220,56,202,0,0,294,302,418,45,367,225,0,0,174,322,377,405,102,0,93,0,337,66,0,281,504,62,736,858,765,407,761,653,695,591
project/sim_ext.py --sim-time 1.5 --seq-graph project/file/graph_15_nodes.json --traffic project/file/traffic_15_nodes_random.json --inspection-rate 0.001 --mess-rate 0.002,0.713030000001,150,223,109,162,104,63,294,113,12,220,56,203,0,0,294,302,418,45,367,226,0,0,174,322,378,406,102,0,93,0,337,67,0,281,506,62,738,858,765,407,765,653,695,591
project/sim_ext.py --sim-time 1.5 --seq-graph project/file/graph_15_nodes.json --traffic project/file/traffic_15_nodes_random.json --inspection-rate 0.001 --mess-rate 0.002,0.714045000001,150,223,109,162,104,63,294,113,12,220,56,203,0,0,294,302,419,45,370,226,0,0,174,322,378,409,104,0,93,0,337,68,0,281,506,62,740,858,765,407,766,653,695,591
project/sim_ext.py --sim-time 1.5 --seq-graph project/file/graph_15_nodes.json --traffic project/file/traffic_15_nodes_random.json --inspection-rate 0.001 --mess-rate 0.002,0.715630000001,150,223,109,162,104,63,294,113,12,220,56,204,0,0,294,302,419,45,370,227,0,0,174,323,378,409,104,0,93,0,337,68,0,285,506,62,740,858,765,407,766,653,695,591
project/sim_ext.py --sim-time 1.5 --seq-graph project/file/graph_15_nodes.json --traffic project/file/traffic_15_nodes_random.json --inspection-rate 0.001 --mess-rate 0.002,0.716653799997,157,225,109,166,104,65,300,116,12,228,59,204,0,0,295,303,424,45,370,228,0,0,177,328,378,409,104,0,97,0,337,68,0,287,506,62,740,880,789,407,766,670,705,610
project/sim_ext.py --sim-time 1.5 --seq-graph project/file/graph_15_nodes.json --traffic project/file/traffic_15_nodes_random.json --inspection-rate 0.001 --mess-rate 0.002,0.717685000001,157,225,109,166,104,65,302,117,12,229,59,204,0,0,295,303,424,47,370,228,0,0,177,328,378,412,104,0,97,0,337,72,0,288,513,66,740,883,789,418,766,677,714,610
project/sim_ext.py --sim-time 1.5 --seq-graph project/file/graph_15_nodes.json --traffic project/file/traffic_15_nodes_random.json --inspection-rate 0.001 --mess-rate 0.002,0.718870399997,159,226,109,166,104,65,303,117,12,229,60,204,0,0,295,303,426,48,370,228,0,0,177,329,378,412,104,0,98,0,337,72,0,289,513,67,740,891,792,423,766,679,715,610
project/sim_ext.py --sim-time 1.5 --seq-graph project/file/graph_15_nodes.json --traffic project/file/traffic_15_nodes_random.json --inspection-rate 0.001 --mess-rate 0.002,0.719911000001,159,226,109,166,105,65,306,117,12,229,60,205,0,0,296,303,426,48,371,228,0,0,177,331,378,413,104,0,98,0,337,72,0,289,514,68,740,898,794,426,766,682,717,612
project/sim_ext.py --sim-time 1.5 --seq-graph project/file/graph_15_nodes.json --traffic project/file/traffic_15_nodes_random.json --inspection-rate 0.001 --mess-rate 0.002,0.721003000001,160,227,109,166,105,65,309,117,12,229,60,205,0,0,298,304,427,50,372,229,0,0,177,335,378,413,104,0,98,0,337,72,0,290,514,68,740,902,797,432,766,687,720,613
project/sim_ext.py --sim-time 1.5 --seq-graph project/file/graph_15_nodes.json --traffic project/file/traffic_15_nodes_random.json --inspection-rate 0.001 --mess-rate 0.002,0.722133000001,160,227,109,166,105,65,309,117,12,229,60,205,0,0,298,304,428,50,372,229,0,0,177,337,380,413,104,0,98,0,338,72,0,291,514,68,740,904,799,434,766,687,727,614
project/sim_ext.py --sim-time 1.5 --seq-graph project/file/graph_15_nodes.json --traffic project/file/traffic_15_nodes_random.json --inspection-rate 0.001 --mess-rate 0.002,0.723152000001,162,227,109,166,107,65,311,118,12,230,60,205,0,0,298,304,432,51,372,230,0,0,177,339,380,413,104,0,98,0,339,72,0,292,514,68,740,907,801,435,766,693,730,617
project/sim_ext.py --sim-time 1.5 --seq-graph project/file/graph_15_nodes.json --traffic project/file/traffic_15_nodes_random.json --inspection-rate 0.001 --mess-rate 0.002,0.724268000001,162,229,109,166,108,65,311,119,12,230,60,205,0,0,298,304,434,51,372,230,0,0,177,339,380,414,104,0,98,0,339,72,0,292,516,68,740,907,802,438,766,694,730,617
project/sim_ext.py --sim-time 1.5 --seq-graph project/file/graph_15_nodes.json --traffic project/file/traffic_15_nodes_random.json --inspection-rate 0.001 --mess-rate 0.002,0.725682000001,162,229,109,166,108,65,311,120,12,230,63,205,0,0,298,305,435,51,372,231,0,0,177,344,384,414,104,0,98,0,339,72,0,292,516,68,740,907,802,440,766,694,731,619
project/sim_ext.py --sim-time 1.5 --seq-graph project/file/graph_15_nodes.json --traffic project/file/traffic_15_nodes_random.json --inspection-rate 0.001 --mess-rate 0.002,0.726919000001,162,232,109,166,108,65,311,120,12,230,63,205,0,0,298,305,435,51,375,231,0,0,177,344,385,414,104,0,98,0,339,72,0,292,516,68,740,907,802,442,766,694,731,619
project/sim_ext.py --sim-time 1.5 --seq-graph project/file/graph_15_nodes.json --traffic project/file/traffic_15_nodes_random.json --inspection-rate 0.001 --mess-rate 0.002,0.728155000001,162,235,109,166,108,65,311,120,12,230,63,205,0,0,298,308,435,51,376,231,0,0,177,344,388,414,104,0,98,0,340,72,0,292,516,68,740,907,802,442,766,694,731,619
project/sim_ext.py --sim-time 1.5 --seq-graph project/file/graph_15_nodes.json --traffic project/file/traffic_15_nodes_random.json --inspection-rate 0.001 --mess-rate 0.002,0.729334000001,162,236,109,166,108,65,311,120,12,230,63,205,0,0,298,309,436,51,376,231,0,0,177,345,388,416,104,0,98,0,340,72,0,292,517,68,740,907,802,442,766,694,731,619
project/sim_ext.py --sim-time 1.5 --seq-graph project/file/graph_15_nodes.json --traffic project/file/traffic_15_nodes_random.json --inspection-rate 0.001 --mess-rate 0.002,0.730529000001,162,236,109,166,108,65,311,120,12,230,63,205,0,0,298,310,436,51,376,231,0,0,177,345,388,416,104,0,98,0,340,72,0,292,517,68,740,907,802,442,766,694,731,619
project/sim_ext.py --sim-time 1.5 --seq-graph project/file/graph_15_nodes.json --traffic project/file/traffic_15_nodes_random.json --inspection-rate 0.001 --mess-rate 0.002,0.732140000001,162,236,109,166,108,65,311,120,12,230,63,205,0,0,299,311,438,51,380,231,0,0,177,345,388,417,104,0,98,0,340,72,0,292,517,68,740,907,802,442,766,694,731,619
project/sim_ext.py --sim-time 1.5 --seq-graph project/file/graph_15_nodes.json --traffic project/file/traffic_15_nodes_random.json --inspection-rate 0.001 --mess-rate 0.002,0.7331650000009999,162,238,109,166,108,65,311,120,12,230,63,205,0,0,301,311,438,51,380,231,0,0,177,345,390,417,104,0,98,0,344,72,0,292,517,68,740,907,802,442,766,694,731,619
project/sim_ext.py --sim-time 1.5 --seq-graph project/file/graph_15_nodes.json --traffic project/file/traffic_15_nodes_random.json --inspection-rate 0.001 --mess-rate 0.002,0.734172000001,162,241,109,166,108,65,311,120,12,230,63,205,0,0,301,311,439,51,381,231,0,0,177,345,390,417,104,0,98,0,344,72,0,292,517,68,740,907,802,442,766,694,731,619
project/sim_ext.py --sim-time 1.5 --seq-graph project/file/graph_15_nodes.json --traffic project/file/traffic_15_nodes_random.json --inspection-rate 0.001 --mess-rate 0.002,0.7351775999969999,162,241,109,166,108,65,311,120,12,230,63,205,0,0,301,311,439,51,381,231,0,0,177,347,390,418,104,0,98,0,344,72,0,292,523,68,740,907,802,442,766,694,731,620
project/sim_ext.py --sim-time 1.5 --seq-graph project/file/graph_15_nodes.json --traffic project/file/traffic_15_nodes_random.json --inspection-rate 0.001 --mess-rate 0.002,0.736286000001,162,241,109,166,108,65,311,120,12,230,63,205,0,0,301,311,439,51,381,231,0,0,177,348,390,418,104,0,98,0,344,72,0,292,523,68,742,907,802,442,766,694,731,620
project/sim_ext.py --sim-time 1.5 --seq-graph project/file/graph_15_nodes.json --traffic project/file/traffic_15_nodes_random.json --inspection-rate 0.001 --mess-rate 0.002,0.737324000001,162,241,109,166,108,65,311,120,12,230,63,205,0,0,305,311,439,51,381,231,0,0,177,351,391,418,104,0,98,0,346,72,0,292,523,68,750,907,802,442,766,694,731,620
project/sim_ext.py --sim-time 1.5 --seq-graph project/file/graph_15_nodes.json --traffic project/file/traffic_15_nodes_random.json --inspection-rate 0.001 --mess-rate 0.002,0.738486000001,162,241,109,166,108,65,311,120,12,230,63,205,0,0,305,312,439,51,385,231,0,0,177,351,391,418,104,0,98,0,346,72,0,292,523,68,750,907,802,442,766,694,731,620
project/sim_ext.py --sim-time 1.5 --seq-graph project/file/graph_15_nodes.json --traffic project/file/traffic_15_nodes_random.json --inspection-rate 0.001 --mess-rate 0.002,0.739495399997,162,241,109,166,108,65,311,120,12,230,63,205,0,0,306,312,439,51,385,231,0,0,177,351,394,418,104,0,98,0,346,72,0,292,523,68,750,907,802,442,766,694,731,620
project/sim_ext.py --sim-time 1.5 --seq-graph project/file/graph_15_nodes.json --traffic project/file/traffic_15_nodes_random.json --inspection-rate 0.001 --mess-rate 0.002,0.740527042888192,162,241,109,166,108,65,311,120,12,230,63,205,0,0,307,312,440,51,385,231,0,0,177,351,394,418,104,0,98,0,346,72,0,292,523,68,750,907,802,442,766,694,731,620
project/sim_ext.py --sim-time 1.5 --seq-graph project/file/graph_15_nodes.json --traffic project/file/traffic_15_nodes_random.json --inspection-rate 0.001 --mess-rate 0.002,0.741593000001,162,241,109,166,108,65,311,120,12,230,63,205,0,0,307,312,441,51,386,231,0,0,177,351,395,418,104,0,98,0,347,72,0,292,523,68,750,907,802,442,766,694,731,620
project/sim_ext.py --sim-time 1.5 --seq-graph project/file/graph_15_nodes.json --traffic project/file/traffic_15_nodes_random.json --inspection-rate 0.001 --mess-rate 0.002,0.742674000001,162,241,109,166,108,65,311,120,12,230,63,205,0,0,307,313,442,51,386,231,0,0,177,351,395,418,104,0,98,0,348,72,0,292,523,68,750,907,802,442,766,694,731,620
project/sim_ext.py --sim-time 1.5 --seq-graph project/file/graph_15_nodes.json --traffic project/file/traffic_15_nodes_random.json --inspection-rate 0.001 --mess-rate 0.002,0.743685000001,162,241,109,166,108,65,311,120,12,230,63,205,0,0,307,313,443,51,386,231,0,0,177,351,396,418,104,0,98,0,349,72,0,292,523,68,750,907,802,442,766,694,731,620
project/sim_ext.py --sim-time 1.5 --seq-graph project/file/graph_15_nodes.json --traffic project/file/traffic_15_nodes_random.json --inspection-rate 0.001 --mess-rate 0.002,0.7448041122966684,162,241,109,166,108,65,311,120,12,230,63,205,0,0,307,314,444,51,386,231,0,0,177,352,396,418,104,0,98,0,349,72,0,292,523,68,750,907,802,442,766,694,731,620
project/sim_ext.py --sim-time 1.5 --seq-graph project/file/graph_15_nodes.json --traffic project/file/traffic_15_nodes_random.json --inspection-rate 0.001 --mess-rate 0.002,0.745899000001,162,241,109,166,108,65,311,120,12,230,63,205,0,0,307,315,444,51,386,231,0,0,177,352,396,418,104,0,98,0,349,72,0,292,523,68,750,907,802,442,766,694,731,620
project/sim_ext.py --sim-time 1.5 --seq-graph project/file/graph_15_nodes.json --traffic project/file/traffic_15_nodes_random.json --inspection-rate 0.001 --mess-rate 0.002,0.746902399997,163,243,109,167,109,66,320,120,12,230,63,209,0,0,307,316,447,52,386,231,0,0,184,354,397,430,105,0,99,0,349,72,0,307,531,72,760,921,819,442,782,709,746,626
project/sim_ext.py --sim-time 1.5 --seq-graph project/file/graph_15_nodes.json --traffic project/file/traffic_15_nodes_random.json --inspection-rate 0.001 --mess-rate 0.002,0.747969000001,166,243,109,171,109,66,322,123,12,233,63,209,0,0,307,318,447,53,386,232,0,0,189,354,397,430,105,0,99,0,351,72,0,308,531,75,767,939,832,442,793,718,746,630
project/sim_ext.py --sim-time 1.5 --seq-graph project/file/graph_15_nodes.json --traffic project/file/traffic_15_nodes_random.json --inspection-rate 0.001 --mess-rate 0.002,0.74921499994,168,243,109,171,110,66,322,124,12,233,63,210,0,0,311,318,447,53,388,233,0,0,189,354,397,430,105,0,99,0,351,72,0,308,531,75,767,940,836,442,798,719,751,630
project/sim_ext.py --sim-time 1.5 --seq-graph project/file/graph_15_nodes.json --traffic project/file/traffic_15_nodes_random.json --inspection-rate 0.001 --mess-rate 0.002,0.750287999997,171,243,109,173,110,67,325,124,12,236,64,211,0,0,312,319,451,54,388,234,0,0,190,356,397,430,108,0,99,0,351,72,0,313,531,75,773,946,837,442,800,728,758,636
project/sim_ext.py --sim-time 1.5 --seq-graph project/file/graph_15_nodes.json --traffic project/file/traffic_15_nodes_random.json --inspection-rate 0.001 --mess-rate 0.002,0.751391000001,171,243,109,173,110,67,325,124,12,236,64,212,0,0,312,319,452,54,388,234,0,0,190,357,399,431,108,0,103,0,352,74,0,314,540,77,774,951,841,442,801,729,760,636
project/sim_ext.py --sim-time 1.5 --seq-graph project/file/graph_15_nodes.json --traffic project/file/traffic_15_nodes_random.json --inspection-rate 0.001 --mess-rate 0.002,0.752515199997,172,243,109,174,111,67,325,124,12,236,65,213,0,0,312,319,453,55,388,234,0,0,191,357,400,436,108,0,105,0,354,75,0,314,542,78,777,953,843,442,803,730,762,639
project/sim_ext.py --sim-time 1.5 --seq-graph project/file/graph_15_nodes.json --traffic project/file/traffic_15_nodes_random.json --inspection-rate 0.001 --mess-rate 0.002,0.753614999947,172,245,109,174,111,67,325,126,12,236,65,214,0,0,315,320,453,55,388,235,0,0,191,357,400,436,108,0,105,0,354,75,0,315,543,78,777,953,844,442,804,732,765,639
project/sim_ext.py --sim-time 1.5 --seq-graph project/file/graph_15_nodes.json --traffic project/file/traffic_15_nodes_random.json --inspection-rate 0.001 --mess-rate 0.002,0.754729599997,173,245,109,174,111,67,325,127,12,236,65,214,0,0,315,320,453,57,393,237,0,0,191,359,400,437,108,0,106,0,354,75,0,317,544,78,777,954,845,442,805,735,769,640
project/sim_ext.py --sim-time 1.5 --seq-graph project/file/graph_15_nodes.json --traffic project/file/traffic_15_nodes_random.json --inspection-rate 0.001 --mess-rate 0.002,0.755793000001,173,245,109,174,111,67,325,127,12,236,65,214,0,0,316,320,453,59,393,237,0,0,191,360,400,437,108,0,106,0,354,75,0,317,544,78,777,954,846,442,806,735,771,642
project/sim_ext.py --sim-time 1.5 --seq-graph project/file/graph_15_nodes.json --traffic project/file/traffic_15_nodes_random.json --inspection-rate 0.001 --mess-rate 0.002,0.7569256999180971,174,245,109,174,111,67,325,129,12,236,65,214,0,0,317,320,456,59,393,237,0,0,191,360,404,437,108,0,106,0,355,75,0,319,544,78,777,954,846,442,807,736,772,642
project/sim_ext.py --sim-time 1.5 --seq-graph project/file/graph_15_nodes.json --traffic project/file/traffic_15_nodes_random.json --inspection-rate 0.001 --mess-rate 0.002,0.758008399997,175,245,109,174,111,67,325,129,12,236,65,214,0,0,317,320,457,59,393,237,0,0,191,360,404,437,108,0,106,0,355,75,0,320,544,78,777,954,846,442,807,736,772,642
project/sim_ext.py --sim-time 1.5 --seq-graph project/file/graph_15_nodes.json --traffic project/file/traffic_15_nodes_random.json --inspection-rate 0.001 --mess-rate 0.002,0.759127000001,175,245,109,174,111,67,325,130,12,236,65,214,0,0,317,320,459,59,393,237,0,0,191,364,405,441,108,0,106,0,356,75,0,321,545,78,777,954,846,453,807,736,772,646
project/sim_ext.py --sim-time 1.5 --seq-graph project/file/graph_15_nodes.json --traffic project/file/traffic_15_nodes_random.json --inspection-rate 0.001 --mess-rate 0.002,0.7602800000009999,175,245,109,174,111,67,325,130,12,236,65,214,0,0,317,321,460,60,393,237,0,0,191,365,405,442,108,0,106,0,357,75,0,323,545,78,777,954,846,456,807,736,772,646
project/sim_ext.py --sim-time 1.5 --seq-graph project/file/graph_15_nodes.json --traffic project/file/traffic_15_nodes_random.json --inspection-rate 0.001 --mess-rate 0.002,0.761348000001,175,246,109,174,111,67,325,130,12,236,65,214,0,0,317,321,460,61,393,237,0,0,191,366,405,442,108,0,106,0,358,75,0,323,545,78,777,954,846,459,807,736,772,647
project/sim_ext.py --sim-time 1.5 --seq-graph project/file/graph_15_nodes.json --traffic project/file/traffic_15_nodes_random.json --inspection-rate 0.001 --mess-rate 0.002,0.762409599997,175,247,109,174,111,67,325,130,12,236,65,214,0,0,319,322,460,61,393,237,0,0,191,366,405,443,108,0,106,0,358,75,0,323,547,78,777,954,846,460,807,736,772,647
project/sim_ext.py --sim-time 1.5 --seq-graph project/file/graph_15_nodes.json --traffic project/file/traffic_15_nodes_random.json --inspection-rate 0.001 --mess-rate 0.002,0.7635040000009999,175,247,109,174,111,67,325,130,12,236,65,214,0,0,319,322,460,61,393,237,0,0,191,366,405,445,108,0,106,0,358,75,0,323,548,78,777,954,846,460,807,736,772,648
project/sim_ext.py --sim-time 1.5 --seq-graph project/file/graph_15_nodes.json --traffic project/file/traffic_15_nodes_random.json --inspection-rate 0.001 --mess-rate 0.002,0.764630147257836,175,248,109,174,111,67,325,130,12,236,65,214,0,0,319,322,463,61,394,237,0,0,191,367,405,445,108,0,106,0,359,75,0,323,548,78,777,954,846,466,807,736,772,648
project/sim_ext.py --sim-time 1.5 --seq-graph project/file/graph_15_nodes.json --traffic project/file/traffic_15_nodes_random.json --inspection-rate 0.001 --mess-rate 0.002,0.76568805187784,175,248,109,174,111,67,325,130,12,236,65,214,0,0,319,322,465,61,396,237,0,0,191,367,405,446,108,0,106,0,359,75,0,323,551,78,777,954,846,467,807,736,772,648
project/sim_ext.py --sim-time 1.5 --seq-graph project/file/graph_15_nodes.json --traffic project/file/traffic_15_nodes_random.json --inspection-rate 0.001 --mess-rate 0.002,0.766750000001,175,248,109,174,111,67,325,130,12,236,65,214,0,0,320,322,465,61,396,237,0,0,191,370,406,446,108,0,106,0,359,75,0,323,551,78,777,954,846,469,807,736,772,648
project/sim_ext.py --sim-time 1.5 --seq-graph project/file/graph_15_nodes.json --traffic project/file/traffic_15_nodes_random.json --inspection-rate 0.001 --mess-rate 0.002,0.7678559999969999,175,248,109,174,111,67,325,131,12,236,65,214,0,0,320,323,465,61,396,237,0,0,191,370,406,446,108,0,106,0,359,75,0,325,551,78,777,954,846,470,807,736,772,648
project/sim_ext.py --sim-time 1.5 --seq-graph project/file/graph_15_nodes.json --traffic project/file/traffic_15_nodes_random.json --inspection-rate 0.001 --mess-rate 0.002,0.7689333083316088,175,248,109,174,111,67,325,132,12,236,65,214,0,0,320,327,465,61,396,237,0,0,191,370,407,446,108,0,106,0,364,75,0,325,551,78,777,954,846,471,807,736,772,648
project/sim_ext.py --sim-time 1.5 --seq-graph project/file/graph_15_nodes.json --traffic project/file/traffic_15_nodes_random.json --inspection-rate 0.001 --mess-rate 0.002,0.769987000001,175,248,109,174,111,67,325,132,12,236,65,214,0,0,320,328,466,61,399,237,0,0,191,370,407,446,108,0,106,0,365,75,0,325,551,78,777,954,846,472,807,736,772,648
project/sim_ext.py --sim-time 1.5 --seq-graph project/file/graph_15_nodes.json --traffic project/file/traffic_15_nodes_random.json --inspection-rate 0.001 --mess-rate 0.002,0.771025438029386,175,248,109,174,111,67,325,132,12,236,65,214,0,0,320,328,466,61,400,237,0,0,191,370,407,451,108,0,106,0,366,75,0,325,552,78,777,954,846,472,807,736,772,648
project/sim_ext.py --sim-time 1.5 --seq-graph project/file/graph_15_nodes.json --traffic project/file/traffic_15_nodes_random.json --inspection-rate 0.001 --mess-rate 0.002,0.772072000001,175,248,109,174,111,67,325,132,12,236,65,214,0,0,320,328,466,61,400,237,0,0,191,370,409,451,108,0,106,0,367,75,0,325,552,78,777,954,846,472,807,736,772,648
project/sim_ext.py --sim-time 1.5 --seq-graph project/file/graph_15_nodes.json --traffic project/file/traffic_15_nodes_random.json --inspection-rate 0.001 --mess-rate 0.002,0.773155000001,175,248,109,174,111,67,325,132,12,236,65,214,0,0,320,328,466,61,400,237,0,0,191,370,409,452,108,0,106,0,367,75,0,325,554,78,777,954,846,472,807,736,772,648
project/sim_ext.py --sim-time 1.5 --seq-graph project/file/graph_15_nodes.json --traffic project/file/traffic_15_nodes_random.json --inspection-rate 0.001 --mess-rate 0.002,0.7742410000009999,175,248,109,174,111,67,325,132,12,236,65,214,0,0,320,328,466,61,400,237,0,0,191,370,411,452,108,0,106,0,367,75,0,325,555,78,777,954,846,472,807,736,772,648
project/sim_ext.py --sim-time 1.5 --seq-graph project/file/graph_15_nodes.json --traffic project/file/traffic_15_nodes_random.json --inspection-rate 0.001 --mess-rate 0.002,0.7754570000009999,175,248,109,174,111,67,325,132,12,236,65,214,0,0,320,328,466,61,400,237,0,0,191,370,412,454,108,0,106,0,367,75,0,325,557,78,777,954,846,472,807,736,772,648
project/sim_ext.py --sim-time 1.5 --seq-graph project/file/graph_15_nodes.json --traffic project/file/traffic_15_nodes_random.json --inspection-rate 0.001 --mess-rate 0.002,0.776648000001,175,248,109,174,111,67,325,132,12,236,65,214,0,0,320,328,466,61,400,237,0,0,191,370,413,454,108,0,106,0,367,75,0,325,557,78,777,954,846,472,807,736,772,648
project/sim_ext.py --sim-time 1.5 --seq-graph project/file/graph_15_nodes.json --traffic project/file/traffic_15_nodes_random.json --inspection-rate 0.001 --mess-rate 0.002,0.777953000001,186,249,109,179,113,70,329,133,12,242,67,217,0,0,320,331,473,61,404,239,0,0,195,377,414,459,113,0,108,0,368,75,0,334,559,80,803,979,873,472,831,759,793,666
project/sim_ext.py --sim-time 1.5 --seq-graph project/file/graph_15_nodes.json --traffic project/file/traffic_15_nodes_random.json --inspection-rate 0.001 --mess-rate 0.002,0.7789580637249008,190,249,109,182,113,72,332,133,12,242,67,219,0,0,320,331,473,62,405,239,0,0,199,378,414,459,113,0,108,0,368,75,0,334,559,81,807,982,876,472,833,760,796,667
project/sim_ext.py --sim-time 1.5 --seq-graph project/file/graph_15_nodes.json --traffic project/file/traffic_15_nodes_random.json --inspection-rate 0.001 --mess-rate 0.002,0.780020000001,190,249,109,182,113,72,334,133,12,242,69,219,0,0,321,331,473,62,405,239,0,0,200,378,415,459,113,0,108,0,370,75,0,334,559,82,808,989,879,472,835,764,797,667
project/sim_ext.py --sim-time 1.5 --seq-graph project/file/graph_15_nodes.json --traffic project/file/traffic_15_nodes_random.json --inspection-rate 0.001 --mess-rate 0.002,0.781108000001,192,250,109,182,115,72,338,133,12,243,70,219,0,0,322,332,480,63,406,241,0,0,205,378,416,462,113,0,108,0,370,77,0,335,560,82,815,991,883,472,841,768,805,670
project/sim_ext.py --sim-time 1.5 --seq-graph project/file/graph_15_nodes.json --traffic project/file/traffic_15_nodes_random.json --inspection-rate 0.001 --mess-rate 0.002,0.782112999997,195,251,109,182,116,72,338,136,12,243,70,219,0,0,323,333,480,63,408,241,0,0,205,378,417,462,113,0,108,0,371,77,0,335,561,82,816,992,883,472,841,769,805,673
project/sim_ext.py --sim-time 1.5 --seq-graph project/file/graph_15_nodes.json --traffic project/file/traffic_15_nodes_random.json --inspection-rate 0.001 --mess-rate 0.002,0.783196799997,195,253,109,182,116,72,338,136,12,243,70,220,0,0,323,333,482,63,408,241,0,0,205,378,417,463,113,0,109,0,371,77,0,335,563,82,816,1000,887,472,841,771,805,673
project/sim_ext.py --sim-time 1.5 --seq-graph project/file/graph_15_nodes.json --traffic project/file/traffic_15_nodes_random.json --inspection-rate 0.001 --mess-rate 0.002,0.784263000001,195,253,109,182,116,72,338,138,12,243,72,221,0,0,325,338,484,63,409,241,0,0,205,378,417,463,113,0,109,0,371,77,0,338,564,82,816,1000,891,472,843,772,810,673
project/sim_ext.py --sim-time 1.5 --seq-graph project/file/graph_15_nodes.json --traffic project/file/traffic_15_nodes_random.json --inspection-rate 0.001 --mess-rate 0.002,0.785276799997,195,253,109,182,117,72,338,138,12,243,72,222,0,0,328,338,484,63,409,241,0,0,205,380,419,463,113,0,110,0,372,77,0,338,566,82,819,1000,891,472,843,773,811,676
project/sim_ext.py --sim-time 1.5 --seq-graph project/file/graph_15_nodes.json --traffic project/file/traffic_15_nodes_random.json --inspection-rate 0.001 --mess-rate 0.002,0.786297000001,195,253,109,182,117,72,338,138,12,243,72,223,0,0,329,338,485,66,409,242,0,0,205,380,419,463,113,0,110,0,372,78,0,339,566,84,820,1000,891,472,847,776,814,679
project/sim_ext.py --sim-time 1.5 --seq-graph project/file/graph_15_nodes.json --traffic project/file/traffic_15_nodes_random.json --inspection-rate 0.001 --mess-rate 0.002,0.787303000001,195,253,109,182,118,72,338,141,12,243,74,225,0,0,329,339,487,66,410,243,0,0,205,380,419,463,113,0,110,0,372,78,0,339,566,84,820,1000,891,472,849,777,814,679
project/sim_ext.py --sim-time 1.5 --seq-graph project/file/graph_15_nodes.json --traffic project/file/traffic_15_nodes_random.json --inspection-rate 0.001 --mess-rate 0.002,0.788347000001,195,253,109,182,118,72,338,142,12,243,74,226,0,0,329,339,487,66,410,244,0,0,205,380,419,465,114,0,110,0,372,78,0,339,567,84,820,1000,891,472,849,777,814,679
project/sim_ext.py --sim-time 1.5 --seq-graph project/file/graph_15_nodes.json --traffic project/file/traffic_15_nodes_random.json --inspection-rate 0.001 --mess-rate 0.002,0.789440999997,195,253,109,182,118,72,338,142,12,243,74,226,0,0,329,340,487,66,410,245,0,0,205,380,419,466,114,0,110,0,372,78,0,339,567,84,820,1000,891,482,849,777,814,679
project/sim_ext.py --sim-time 1.5 --seq-graph project/file/graph_15_nodes.json --traffic project/file/traffic_15_nodes_random.json --inspection-rate 0.001 --mess-rate 0.002,0.790485000001,195,253,109,182,118,72,338,142,12,243,74,226,0,0,331,340,487,66,410,245,0,0,205,386,421,466,114,0,110,0,375,78,0,339,567,84,820,1000,891,487,849,777,814,679
project/sim_ext.py --sim-time 1.5 --seq-graph project/file/graph_15_nodes.json --traffic project/file/traffic_15_nodes_random.json --inspection-rate 0.001 --mess-rate 0.002,0.791504000001,195,253,109,182,118,72,338,142,12,243,74,226,0,0,331,341,487,67,410,246,0,0,205,387,422,467,114,0,110,0,375,78,0,341,569,84,820,1000,891,489,849,777,814,682
project/sim_ext.py --sim-time 1.5 --seq-graph project/file/graph_15_nodes.json --traffic project/file/traffic_15_nodes_random.json --inspection-rate 0.001 --mess-rate 0.002,0.792625000001,195,253,109,182,118,72,338,142,12,243,74,226,0,0,331,341,488,67,410,246,0,0,205,387,422,467,114,0,110,0,376,78,0,341,569,84,820,1000,891,490,849,777,814,682
project/sim_ext.py --sim-time 1.5 --seq-graph project/file/graph_15_nodes.json --traffic project/file/traffic_15_nodes_random.json --inspection-rate 0.001 --mess-rate 0.002,0.793751000001,195,253,109,182,118,72,338,142,12,243,74,226,0,0,331,341,488,67,410,246,0,0,205,387,423,467,114,0,110,0,376,78,0,341,569,84,820,1000,891,492,849,777,814,682
project/sim_ext.py --sim-time 1.5 --seq-graph project/file/graph_15_nodes.json --traffic project/file/traffic_15_nodes_random.json --inspection-rate 0.001 --mess-rate 0.002,0.794878000001,195,254,109,182,118,72,338,142,12,243,74,226,0,0,331,342,488,67,412,248,0,0,205,387,425,468,114,0,110,0,379,78,0,342,570,84,820,1000,891,494,849,777,814,682
project/sim_ext.py --sim-time 1.5 --seq-graph project/file/graph_15_nodes.json --traffic project/file/traffic_15_nodes_random.json --inspection-rate 0.001 --mess-rate 0.002,0.795917799997,195,255,109,182,118,72,338,142,12,243,74,226,0,0,332,342,489,67,413,249,0,0,205,387,425,469,114,0,110,0,379,78,0,342,570,84,820,1000,891,497,849,777,814,682
project/sim_ext.py --sim-time 1.5 --seq-graph project/file/graph_15_nodes.json --traffic project/file/traffic_15_nodes_random.json --inspection-rate 0.001 --mess-rate 0.002,0.796933199997,195,255,109,182,118,72,338,146,12,243,74,226,0,0,332,342,489,67,414,250,0,0,205,387,425,470,114,0,110,0,379,78,0,342,571,84,820,1000,891,498,849,777,814,682
project/sim_ext.py --sim-time 1.5 --seq-graph project/file/graph_15_nodes.json --traffic project/file/traffic_15_nodes_random.json --inspection-rate 0.001 --mess-rate 0.002,0.798435000001,195,256,109,182,118,72,338,146,12,243,74,226,0,0,334,345,489,67,415,250,0,0,205,387,425,470,114,0,110,0,379,78,0,342,571,84,820,1000,891,499,849,777,814,682
project/sim_ext.py --sim-time 1.5 --seq-graph project/file/graph_15_nodes.json --traffic project/file/traffic_15_nodes_random.json --inspection-rate 0.001 --mess-rate 0.002,0.7999350000009999,195,256,109,182,118,72,338,146,12,243,74,226,0,0,336,345,489,67,415,250,0,0,205,387,426,472,114,0,110,0,382,78,0,342,572,84,820,1000,891,501,849,777,814,682
project/sim_ext.py --sim-time 1.5 --seq-graph project/file/graph_15_nodes.json --traffic project/file/traffic_15_nodes_random.json --inspection-rate 0.001 --mess-rate 0.002,0.801013000001,195,256,109,182,118,72,338,146,12,243,74,226,0,0,336,345,489,67,415,250,0,0,205,387,426,473,114,0,110,0,382,78,0,342,573,84,820,1000,891,501,849,777,814,682
project/sim_ext.py --sim-time 1.5 --seq-graph project/file/graph_15_nodes.json --traffic project/file/traffic_15_nodes_random.json --inspection-rate 0.001 --mess-rate 0.002,0.8020979999969999,195,256,109,182,118,72,338,146,12,243,74,226,0,0,336,345,489,67,415,250,0,0,205,387,427,473,114,0,110,0,383,78,0,342,573,84,820,1000,891,501,849,777,814,682
project/sim_ext.py --sim-time 1.5 --seq-graph project/file/graph_15_nodes.json --traffic project/file/traffic_15_nodes_random.json --inspection-rate 0.001 --mess-rate 0.002,0.8031631852057876,195,256,114,182,118,72,338,146,12,243,74,226,0,0,336,345,489,67,416,250,0,0,205,387,427,473,114,0,110,0,383,78,0,342,573,84,820,1000,891,502,849,777,814,682
project/sim_ext.py --sim-time 1.5 --seq-graph project/file/graph_15_nodes.json --traffic project/file/traffic_15_nodes_random.json --inspection-rate 0.001 --mess-rate 0.002,0.8042457854234293,195,256,114,182,118,72,338,146,12,243,74,226,0,0,336,345,490,67,416,250,0,0,205,387,428,473,114,0,110,0,385,78,0,342,573,84,820,1000,891,502,849,777,814,682
project/sim_ext.py --sim-time 1.5 --seq-graph project/file/graph_15_nodes.json --traffic project/file/traffic_15_nodes_random.json --inspection-rate 0.001 --mess-rate 0.002,0.805304000001,195,256,114,182,118,72,338,146,12,243,74,226,0,0,336,345,492,67,417,250,0,0,205,387,429,473,114,0,110,0,386,78,0,342,573,84,820,1000,891,502,849,777,814,682
project/sim_ext.py --sim-time 1.5 --seq-graph project/file/graph_15_nodes.json --traffic project/file/traffic_15_nodes_random.json --inspection-rate 0.001 --mess-rate 0.002,0.806511999997,195,256,114,182,118,72,338,146,12,243,74,226,0,0,336,345,495,67,419,250,0,0,205,387,429,473,114,0,110,0,386,78,0,342,573,84,820,1000,891,502,849,777,814,682
project/sim_ext.py --sim-time 1.5 --seq-graph project/file/graph_15_nodes.json --traffic project/file/traffic_15_nodes_random.json --inspection-rate 0.001 --mess-rate 0.002,0.807650000001,195,256,114,182,118,72,338,146,12,243,74,226,0,0,339,345,496,67,419,250,0,0,205,387,429,473,114,0,110,0,386,78,0,342,573,84,820,1000,891,502,849,777,814,682
project/sim_ext.py --sim-time 1.5 --seq-graph project/file/graph_15_nodes.json --traffic project/file/traffic_15_nodes_random.json --inspection-rate 0.001 --mess-rate 0.002,0.808683000001,195,256,114,182,118,72,338,146,12,243,74,227,0,0,339,345,496,67,420,250,0,0,205,387,429,476,116,0,110,0,386,78,0,342,579,84,825,1000,891,502,849,777,814,682
project/sim_ext.py --sim-time 1.5 --seq-graph project/file/graph_15_nodes.json --traffic project/file/traffic_15_nodes_random.json --inspection-rate 0.001 --mess-rate 0.002,0.809716000001,195,256,114,182,118,72,338,146,12,243,74,227,0,0,339,345,496,67,420,250,0,0,205,387,429,476,116,0,110,0,386,78,0,342,580,84,825,1000,891,502,849,777,814,682
project/sim_ext.py --sim-time 1.5 --seq-graph project/file/graph_15_nodes.json --traffic project/file/traffic_15_nodes_random.json --inspection-rate 0.001 --mess-rate 0.002,0.8108150000009999,195,256,114,182,118,72,338,146,12,243,74,229,0,0,339,345,496,67,420,250,0,0,205,387,429,477,116,0,110,0,386,78,0,342,581,84,825,1000,891,502,849,777,814,682
project/sim_ext.py --sim-time 1.5 --seq-graph project/file/graph_15_nodes.json --traffic project/file/traffic_15_nodes_random.json --inspection-rate 0.001 --mess-rate 0.002,0.8119049999319999,195,256,114,182,118,72,338,146,12,243,74,229,0,0,340,345,496,67,421,250,0,0,205,387,430,477,117,0,110,0,393,78,0,342,581,84,825,1000,891,502,849,777,814,682
project/sim_ext.py --sim-time 1.5 --seq-graph project/file/graph_15_nodes.json --traffic project/file/traffic_15_nodes_random.json --inspection-rate 0.001 --mess-rate 0.002,0.812939000001,195,256,114,182,118,72,338,146,12,243,74,229,0,0,340,345,497,67,421,250,0,0,205,387,430,477,117,0,110,0,395,78,0,342,581,84,825,1000,891,502,849,777,814,682
project/sim_ext.py --sim-time 1.5 --seq-graph project/file/graph_15_nodes.json --traffic project/file/traffic_15_nodes_random.json --inspection-rate 0.001 --mess-rate 0.002,0.813997000001,195,256,114,182,118,72,338,146,12,243,74,229,0,0,340,345,497,67,421,250,0,0,205,387,432,478,117,0,110,0,396,78,0,342,583,84,825,1000,891,502,849,777,814,682
project/sim_ext.py --sim-time 1.5 --seq-graph project/file/graph_15_nodes.json --traffic project/file/traffic_15_nodes_random.json --inspection-rate 0.001 --mess-rate 0.002,0.8150473999969999,195,256,114,182,118,72,338,146,12,243,74,229,0,0,340,345,497,67,421,250,0,0,205,387,432,478,117,0,110,0,396,78,0,342,583,84,825,1000,891,502,849,777,814,682
project/sim_ext.py --sim-time 1.5 --seq-graph project/file/graph_15_nodes.json --traffic project/file/traffic_15_nodes_random.json --inspection-rate 0.001 --mess-rate 0.002,0.8161247999969999,195,256,114,182,118,72,338,146,12,243,74,229,0,0,341,345,497,67,422,250,0,0,205,387,433,478,117,0,110,0,399,78,0,342,585,84,825,1000,891,502,849,777,814,682
project/sim_ext.py --sim-time 1.5 --seq-graph project/file/graph_15_nodes.json --traffic project/file/traffic_15_nodes_random.json --inspection-rate 0.001 --mess-rate 0.002,0.817195599997,195,256,114,182,118,72,338,146,12,243,74,230,0,0,341,345,497,67,422,250,0,0,205,387,434,480,120,0,110,0,400,78,0,342,586,84,825,1000,891,502,849,777,814,682
project/sim_ext.py --sim-time 1.5 --seq-graph project/file/graph_15_nodes.json --traffic project/file/traffic_15_nodes_random.json --inspection-rate 0.001 --mess-rate 0.002,0.818319999997,199,259,114,184,120,73,340,146,12,244,74,230,0,0,341,345,500,67,424,250,0,0,208,389,434,482,120,0,110,0,400,78,0,343,590,85,825,1005,897,502,854,782,819,684
project/sim_ext.py --sim-time 1.5 --seq-graph project/file/graph_15_nodes.json --traffic project/file/traffic_15_nodes_random.json --inspection-rate 0.001 --mess-rate 0.002,0.819328000001,208,260,115,188,121,76,342,146,12,247,76,230,0,0,345,345,508,67,427,256,0,0,217,392,435,485,120,0,112,0,403,78,0,344,592,86,842,1026,913,502,865,794,828,698
project/sim_ext.py --sim-time 1.5 --seq-graph project/file/graph_15_nodes.json --traffic project/file/traffic_15_nodes_random.json --inspection-rate 0.001 --mess-rate 0.002,0.820409000001,209,261,115,188,121,77,343,147,12,250,77,230,0,0,345,353,510,67,427,256,0,0,217,393,437,485,120,0,112,0,405,78,0,345,593,86,842,1032,915,502,867,796,831,701
project/sim_ext.py --sim-time 1.5 --seq-graph project/file/graph_15_nodes.json --traffic project/file/traffic_15_nodes_random.json --inspection-rate 0.001 --mess-rate 0.002,0.821500799997,209,261,115,188,121,77,344,149,12,250,77,230,0,0,345,353,513,67,427,257,0,0,217,393,437,487,120,0,112,0,405,78,0,348,595,86,842,1038,923,502,868,800,834,707
project/sim_ext.py --sim-time 1.5 --seq-graph project/file/graph_15_nodes.json --traffic project/file/traffic_15_nodes_random.json --inspection-rate 0.001 --mess-rate 0.002,0.822879000001,210,262,117,188,121,77,345,149,12,252,77,230,0,0,346,353,514,67,427,257,0,0,217,395,439,489,120,0,112,0,406,78,0,348,596,86,842,1045,925,502,868,806,834,710
project/sim_ext.py --sim-time 1.5 --seq-graph project/file/graph_15_nodes.json --traffic project/file/traffic_15_nodes_random.json --inspection-rate 0.001 --mess-rate 0.002,0.823993000001,211,262,117,188,121,77,349,149,12,254,78,231,0,0,346,353,514,67,427,257,0,0,220,396,440,489,120,0,113,0,407,78,0,348,597,88,842,1046,928,502,876,810,839,712
project/sim_ext.py --sim-time 1.5 --seq-graph project/file/graph_15_nodes.json --traffic project/file/traffic_15_nodes_random.json --inspection-rate 0.001 --mess-rate 0.002,0.8250350000009999,212,264,117,188,122,77,349,149,12,256,78,233,0,0,346,353,514,67,428,257,0,0,220,398,443,490,120,0,113,0,408,78,0,348,597,88,842,1051,929,502,876,811,840,713
project/sim_ext.py --sim-time 1.5 --seq-graph project/file/graph_15_nodes.json --traffic project/file/traffic_15_nodes_random.json --inspection-rate 0.001 --mess-rate 0.002,0.826110000001,212,264,117,188,122,77,349,149,12,256,79,233,0,0,349,353,517,67,429,257,0,0,220,398,446,490,120,0,113,0,408,78,0,348,598,88,842,1051,930,502,877,813,844,713
project/sim_ext.py --sim-time 1.5 --seq-graph project/file/graph_15_nodes.json --traffic project/file/traffic_15_nodes_random.json --inspection-rate 0.001 --mess-rate 0.002,0.827132799997,212,267,118,188,123,77,349,149,12,256,79,233,0,0,349,353,518,67,430,261,0,0,220,398,446,492,120,0,113,0,409,78,0,349,598,88,842,1051,931,502,878,814,845,713
project/sim_ext.py --sim-time 1.5 --seq-graph project/file/graph_15_nodes.json --traffic project/file/traffic_15_nodes_random.json --inspection-rate 0.001 --mess-rate 0.002,0.8282052466592305,212,267,119,188,123,77,349,150,12,256,79,233,0,0,350,354,518,67,432,261,0,0,220,399,447,493,120,0,113,0,410,78,0,351,598,88,842,1051,933,502,878,815,852,714
project/sim_ext.py --sim-time 1.5 --seq-graph project/file/graph_15_nodes.json --traffic project/file/traffic_15_nodes_random.json --inspection-rate 0.001 --mess-rate 0.002,0.8292849999399999,212,267,120,188,123,77,349,150,12,256,79,233,0,0,351,354,518,67,432,261,0,0,220,399,447,494,120,0,113,0,410,78,0,351,600,88,842,1051,933,502,879,816,852,716
project/sim_ext.py --sim-time 1.5 --seq-graph project/file/graph_15_nodes.json --traffic project/file/traffic_15_nodes_random.json --inspection-rate 0.001 --mess-rate 0.002,0.830459999929,212,268,122,188,123,77,349,150,12,256,79,233,0,0,353,354,518,67,433,262,0,0,220,399,448,494,120,0,113,0,410,78,0,351,600,88,842,1051,933,517,882,816,852,716
project/sim_ext.py --sim-time 1.5 --seq-graph project/file/graph_15_nodes.json --traffic project/file/traffic_15_nodes_random.json --inspection-rate 0.001 --mess-rate 0.002,0.8316126764927215,212,268,122,188,123,77,349,150,12,256,79,233,0,0,353,355,518,67,433,262,0,0,220,399,448,494,120,0,113,0,410,78,0,351,600,88,842,1051,933,517,882,816,852,716
project/sim_ext.py --sim-time 1.5 --seq-graph project/file/graph_15_nodes.json --traffic project/file/traffic_15_nodes_random.json --inspection-rate 0.001 --mess-rate 0.002,0.832618000001,212,269,123,188,123,77,349,150,12,256,79,233,0,0,354,356,519,67,433,262,0,0,220,403,449,496,120,0,113,0,414,78,0,351,601,88,842,1051,933,519,882,816,852,716
project/sim_ext.py --sim-time 1.5 --seq-graph project/file/graph_15_nodes.json --traffic project/file/traffic_15_nodes_random.json --inspection-rate 0.001 --mess-rate 0.002,0.833790799997,212,269,124,188,123,77,349,150,12,256,79,233,0,0,354,358,519,67,433,262,0,0,220,403,449,496,120,0,113,0,414,78,0,351,601,88,842,1051,933,520,882,816,852,716
project/sim_ext.py --sim-time 1.5 --seq-graph project/file/graph_15_nodes.json --traffic project/file/traffic_15_nodes_random.json --inspection-rate 0.001 --mess-rate 0.002,0.834846000001,212,269,126,188,123,77,349,150,12,256,79,233,0,0,354,360,519,67,433,262,0,0,220,403,449,497,120,0,113,0,415,78,0,351,605,88,842,1051,933,520,882,816,852,716
project/sim_ext.py --sim-time 1.5 --seq-graph project/file/graph_15_nodes.json --traffic project/file/traffic_15_nodes_random.json --inspection-rate 0.001 --mess-rate 0.002,0.835928399997,212,269,126,188,123,77,349,150,12,256,79,233,0,0,354,360,519,67,435,262,0,0,220,404,449,497,120,0,113,0,415,78,0,351,606,88,842,1051,933,524,882,816,852,716
project/sim_ext.py --sim-time 1.5 --seq-graph project/file/graph_15_nodes.json --traffic project/file/traffic_15_nodes_random.json --inspection-rate 0.001 --mess-rate 0.002,0.837063399997,212,269,127,188,123,77,349,150,12,256,79,233,0,0,354,360,519,67,437,262,0,0,220,404,449,497,120,0,113,0,415,78,0,351,606,88,842,1051,933,527,882,816,852,716
project/sim_ext.py --sim-time 1.5 --seq-graph project/file/graph_15_nodes.json --traffic project/file/traffic_15_nodes_random.json --inspection-rate 0.001 --mess-rate 0.002,0.838134399997,212,269,129,188,123,77,349,150,12,256,79,233,0,0,355,360,519,67,437,262,0,0,220,406,449,499,120,0,113,0,415,78,0,351,608,88,842,1051,933,528,882,816,852,716
project/sim_ext.py --sim-time 1.5 --seq-graph project/file/graph_15_nodes.json --traffic project/file/traffic_15_nodes_random.json --inspection-rate 0.001 --mess-rate 0.002,0.839143799997,212,269,130,188,123,77,349,150,12,256,79,233,0,0,355,360,519,67,437,262,0,0,220,407,452,499,120,0,113,0,415,78,0,351,608,88,842,1051,933,528,882,816,852,716
project/sim_ext.py --sim-time 1.5 --seq-graph project/file/graph_15_nodes.json --traffic project/file/traffic_15_nodes_random.json --inspection-rate 0.001 --mess-rate 0.002,0.840176000001,212,269,130,188,123,77,349,150,12,256,79,233,0,0,355,360,519,67,437,262,0,0,220,408,452,499,120,0,113,0,415,78,0,351,608,88,842,1051,933,529,882,816,852,716
project/sim_ext.py --sim-time 1.5 --seq-graph project/file/graph_15_nodes.json --traffic project/file/traffic_15_nodes_random.json --inspection-rate 0.001 --mess-rate 0.002,0.841279000001,212,269,130,188,123,77,349,150,12,256,79,233,0,0,355,360,520,67,439,262,0,0,220,408,453,500,120,0,113,0,416,78,0,351,609,88,842,1051,933,533,882,816,852,716
project/sim_ext.py --sim-time 1.5 --seq-graph project/file/graph_15_nodes.json --traffic project/file/traffic_15_nodes_random.json --inspection-rate 0.001 --mess-rate 0.002,0.842303000001,212,269,130,188,123,77,349,150,12,256,79,233,0,0,355,360,520,67,440,262,0,0,220,409,454,500,120,0,113,0,417,78,0,351,609,88,842,1051,933,535,882,816,852,716
project/sim_ext.py --sim-time 1.5 --seq-graph project/file/graph_15_nodes.json --traffic project/file/traffic_15_nodes_random.json --inspection-rate 0.001 --mess-rate 0.002,0.843310000001,212,269,130,188,123,77,349,150,12,256,79,233,0,0,355,360,520,67,442,262,0,0,220,409,454,500,120,0,113,0,417,78,0,351,609,88,842,1051,933,535,882,816,852,716
project/sim_ext.py --sim-time 1.5 --seq-graph project/file/graph_15_nodes.json --traffic project/file/traffic_15_nodes_random.json --inspection-rate 0.001 --mess-rate 0.002,0.844393000001,212,269,130,188,123,77,349,150,12,256,79,233,0,0,358,360,520,67,442,262,0,0,220,409,454,500,120,0,113,0,418,78,0,351,609,88,842,1051,933,535,882,816,852,716
project/sim_ext.py --sim-time 1.5 --seq-graph project/file/graph_15_nodes.json --traffic project/file/traffic_15_nodes_random.json --inspection-rate 0.001 --mess-rate 0.002,0.845588000001,212,269,130,188,123,77,349,150,12,256,79,233,0,0,359,361,522,67,442,262,0,0,220,412,456,501,120,0,113,0,418,78,0,351,610,88,842,1051,933,535,882,816,852,716
project/sim_ext.py --sim-time 1.5 --seq-graph project/file/graph_15_nodes.json --traffic project/file/traffic_15_nodes_random.json --inspection-rate 0.001 --mess-rate 0.002,0.846726000001,212,269,130,188,123,77,349,150,12,256,79,233,0,0,359,361,523,67,442,262,0,0,220,412,456,503,120,0,113,0,418,78,0,351,610,88,842,1051,933,535,882,816,852,716
project/sim_ext.py --sim-time 1.5 --seq-graph project/file/graph_15_nodes.json --traffic project/file/traffic_15_nodes_random.json --inspection-rate 0.001 --mess-rate 0.002,0.847754000001,212,269,130,188,123,77,349,150,12,256,79,233,0,0,359,362,523,67,442,262,0,0,220,412,456,503,120,0,113,0,418,78,0,351,610,88,842,1051,933,535,882,816,852,716
project/sim_ext.py --sim-time 1.5 --seq-graph project/file/graph_15_nodes.json --traffic project/file/traffic_15_nodes_random.json --inspection-rate 0.001 --mess-rate 0.002,0.849044199997,212,271,132,191,124,77,353,150,12,257,80,237,0,0,361,365,524,67,443,266,0,0,223,416,457,505,120,0,115,0,421,78,0,352,613,88,848,1057,939,535,888,822,858,722
project/sim_ext.py --sim-time 1.5 --seq-graph project/file/graph_15_nodes.json --traffic project/file/traffic_15_nodes_random.json --inspection-rate 0.001 --mess-rate 0.002,0.850082000001,215,273,134,194,125,77,363,150,12,265,83,240,0,0,361,365,527,67,445,270,0,0,229,416,458,506,121,0,118,0,423,78,0,355,615,88,866,1076,960,535,912,836,866,742
project/sim_ext.py --sim-time 1.5 --seq-graph project/file/graph_15_nodes.json --traffic project/file/traffic_15_nodes_random.json --inspection-rate 0.001 --mess-rate 0.002,0.851254999936,215,273,134,195,125,77,363,150,12,265,83,243,0,0,361,365,527,67,448,270,0,0,229,418,459,508,121,0,118,0,426,78,0,355,618,90,873,1082,962,535,917,840,868,748
project/sim_ext.py --sim-time 1.5 --seq-graph project/file/graph_15_nodes.json --traffic project/file/traffic_15_nodes_random.json --inspection-rate 0.001 --mess-rate 0.002,0.852399999997,216,276,134,196,125,78,366,151,12,270,84,244,0,0,361,366,529,67,452,272,0,0,230,419,459,508,121,0,120,0,426,78,0,355,621,91,879,1090,965,535,919,843,871,752
project/sim_ext.py --sim-time 1.5 --seq-graph project/file/graph_15_nodes.json --traffic project/file/traffic_15_nodes_random.json --inspection-rate 0.001 --mess-rate 0.002,0.853441000001,216,276,134,196,125,78,366,151,12,270,84,245,0,0,361,366,531,67,452,272,0,0,230,419,460,508,121,0,120,0,428,78,0,355,623,91,879,1094,967,535,920,843,872,752
project/sim_ext.py --sim-time 1.5 --seq-graph project/file/graph_15_nodes.json --traffic project/file/traffic_15_nodes_random.json --inspection-rate 0.001 --mess-rate 0.002,0.854569000001,216,276,134,197,126,78,366,151,12,270,85,246,0,0,362,366,532,67,452,272,0,0,230,419,460,508,121,0,120,0,429,78,0,356,624,92,880,1096,971,535,921,849,877,752
project/sim_ext.py --sim-time 1.5 --seq-graph project/file/graph_15_nodes.json --traffic project/file/traffic_15_nodes_random.json --inspection-rate 0.001 --mess-rate 0.002,0.855713000001,216,278,134,197,127,78,366,151,12,270,85,246,0,0,363,366,532,67,455,274,0,0,230,419,463,508,121,0,122,0,431,78,0,356,624,92,880,1098,974,535,922,851,879,752
project/sim_ext.py --sim-time 1.5 --seq-graph project/file/graph_15_nodes.json --traffic project/file/traffic_15_nodes_random.json --inspection-rate 0.001 --mess-rate 0.002,0.856890599997,216,278,134,197,127,78,366,151,12,270,85,246,0,0,363,366,532,67,456,274,0,0,230,419,464,515,121,0,122,0,432,78,0,356,626,92,884,1098,975,535,923,852,879,753
project/sim_ext.py --sim-time 1.5 --seq-graph project/file/graph_15_nodes.json --traffic project/file/traffic_15_nodes_random.json --inspection-rate 0.001 --mess-rate 0.002,0.8579437544161944,216,279,135,197,127,78,366,153,12,270,85,246,0,0,364,369,533,67,456,276,0,0,230,419,465,515,121,0,122,0,433,78,0,357,626,92,885,1098,975,535,923,856,885,753
project/sim_ext.py --sim-time 1.5 --seq-graph project/file/graph_15_nodes.json --traffic project/file/traffic_15_nodes_random.json --inspection-rate 0.001 --mess-rate 0.002,0.859029999922,216,279,135,197,127,78,366,153,12,270,85,246,0,0,364,369,533,67,456,276,0,0,230,419,466,516,121,0,122,0,433,78,0,357,627,92,885,1098,975,535,925,856,885,753
project/sim_ext.py --sim-time 1.5 --seq-graph project/file/graph_15_nodes.json --traffic project/file/traffic_15_nodes_random.json --inspection-rate 0.001 --mess-rate 0.002,0.860044000001,216,280,135,197,127,78,366,153,12,270,87,246,0,0,364,370,534,67,457,276,0,0,230,419,467,516,121,0,122,0,434,78,0,357,627,92,885,1098,975,535,925,857,885,753
project/sim_ext.py --sim-time 1.5 --seq-graph project/file/graph_15_nodes.json --traffic project/file/traffic_15_nodes_random.json --inspection-rate 0.001 --mess-rate 0.002,0.861147000001,216,280,135,197,127,78,366,153,12,270,87,246,0,0,364,370,534,67,457,276,0,0,230,419,467,516,121,0,122,0,434,78,0,357,627,92,885,1098,975,535,925,857,885,753
project/sim_ext.py --sim-time 1.5 --seq-graph project/file/graph_15_nodes.json --traffic project/file/traffic_15_nodes_random.json --inspection-rate 0.001 --mess-rate 0.002,0.862290000001,216,282,135,197,127,78,366,153,12,270,87,246,0,0,364,370,534,67,457,276,0,0,230,419,467,516,121,0,122,0,434,78,0,357,627,92,885,1098,975,535,925,857,885,753
project/sim_ext.py --sim-time 1.5 --seq-graph project/file/graph_15_nodes.json --traffic project/file/traffic_15_nodes_random.json --inspection-rate 0.001 --mess-rate 0.002,0.863374000001,216,283,135,197,127,78,366,153,12,270,87,246,0,0,364,371,534,67,459,276,0,0,230,424,467,516,121,0,122,0,434,78,0,357,627,92,885,1098,975,535,925,857,885,753
project/sim_ext.py --sim-time 1.5 --seq-graph project/file/graph_15_nodes.json --traffic project/file/traffic_15_nodes_random.json --inspection-rate 0.001 --mess-rate 0.002,0.864429000001,216,285,135,197,127,78,366,153,12,270,87,246,0,0,365,372,537,67,459,276,0,0,230,424,467,516,121,0,122,0,434,78,0,357,627,92,885,1098,975,535,925,857,885,753
project/sim_ext.py --sim-time 1.5 --seq-graph project/file/graph_15_nodes.json --traffic project/file/traffic_15_nodes_random.json --inspection-rate 0.001 --mess-rate 0.002,0.865544000001,216,286,135,197,127,78,366,153,12,270,87,246,0,0,365,372,538,67,459,276,0,0,230,424,469,516,121,0,122,0,434,78,0,357,627,92,885,1098,975,535,925,857,885,753
project/sim_ext.py --sim-time 1.5 --seq-graph project/file/graph_15_nodes.json --traffic project/file/traffic_15_nodes_random.json --inspection-rate 0.001 --mess-rate 0.002,0.866646000001,216,288,135,197,127,78,366,153,12,270,87,246,0,0,367,373,538,67,459,276,0,0,230,424,470,516,121,0,122,0,436,78,0,357,627,92,885,1098,975,535,925,857,885,753
project/sim_ext.py --sim-time 1.5 --seq-graph project/file/graph_15_nodes.json --traffic project/file/traffic_15_nodes_random.json --inspection-rate 0.001 --mess-rate 0.002,0.867769000001,216,288,135,197,127,78,366,153,12,270,87,246,0,0,367,375,538,67,459,276,0,0,230,426,470,516,121,0,122,0,437,78,0,357,627,92,885,1098,975,545,925,857,885,753
project/sim_ext.py --sim-time 1.5 --seq-graph project/file/graph_15_nodes.json --traffic project/file/traffic_15_nodes_random.json --inspection-rate 0.001 --mess-rate 0.002,0.868773000001,216,288,137,197,127,78,366,153,12,270,87,246,0,0,367,375,539,67,460,276,0,0,230,426,470,516,121,0,122,0,437,78,0,357,627,92,885,1098,975,548,925,857,885,753
project/sim_ext.py --sim-time 1.5 --seq-graph project/file/graph_15_nodes.json --traffic project/file/traffic_15_nodes_random.json --inspection-rate 0.001 --mess-rate 0.002,0.869785000001,216,288,137,197,127,78,366,153,12,270,87,246,0,0,368,375,539,67,461,276,0,0,230,426,472,516,121,0,122,0,437,78,0,357,627,92,885,1098,975,549,925,857,885,753
project/sim_ext.py --sim-time 1.5 --seq-graph project/file/graph_15_nodes.json --traffic project/file/traffic_15_nodes_random.json --inspection-rate 0.001 --mess-rate 0.002,0.8709250000009999,216,288,138,197,127,78,366,153,12,270,87,246,0,0,369,375,539,67,463,276,0,0,230,426,473,516,121,0,122,0,439,78,0,357,627,92,885,1098,975,551,925,857,885,753
project/sim_ext.py --sim-time 1.5 --seq-graph project/file/graph_15_nodes.json --traffic project/file/traffic_15_nodes_random.json --inspection-rate 0.001 --mess-rate 0.002,0.8720296938255844,216,288,138,197,127,78,366,153,12,270,87,246,0,0,369,375,539,67,464,276,0,0,230,430,473,517,121,0,122,0,439,78,0,357,633,92,885,1098,975,552,925,857,885,753
project/sim_ext.py --sim-time 1.5 --seq-graph project/file/graph_15_nodes.json --traffic project/file/traffic_15_nodes_random.json --inspection-rate 0.001 --mess-rate 0.002,0.8731023626311631,216,288,139,197,127,78,366,153,12,270,87,246,0,0,370,376,539,67,465,276,0,0,230,430,473,517,121,0,122,0,440,78,0,357,633,92,885,1098,975,554,925,857,885,753
project/sim_ext.py --sim-time 1.5 --seq-graph project/file/graph_15_nodes.json --traffic project/file/traffic_15_nodes_random.json --inspection-rate 0.001 --mess-rate 0.002,0.8741840000009999,216,288,139,197,127,78,366,153,12,270,87,246,0,0,370,377,539,67,466,276,0,0,230,430,474,517,121,0,122,0,440,78,0,357,633,92,885,1098,975,554,925,857,885,753
project/sim_ext.py --sim-time 1.5 --seq-graph project/file/graph_15_nodes.json --traffic project/file/traffic_15_nodes_random.json --inspection-rate 0.001 --mess-rate 0.002,0.875282599997,216,288,139,197,127,78,366,153,12,270,87,246,0,0,370,378,542,67,466,276,0,0,230,431,475,517,121,0,122,0,441,78,0,357,633,92,885,1098,975,555,925,857,885,753
project/sim_ext.py --sim-time 1.5 --seq-graph project/file/graph_15_nodes.json --traffic project/file/traffic_15_nodes_random.json --inspection-rate 0.001 --mess-rate 0.002,0.876355199997,216,288,142,197,127,78,366,153,12,270,87,246,0,0,371,378,543,67,466,276,0,0,230,431,475,517,121,0,122,0,441,78,0,357,633,92,885,1098,975,556,925,857,885,753
project/sim_ext.py --sim-time 1.5 --seq-graph project/file/graph_15_nodes.json --traffic project/file/traffic_15_nodes_random.json --inspection-rate 0.001 --mess-rate 0.002,0.8773779720534117,216,288,142,197,127,78,366,153,12,270,87,246,0,0,372,378,543,67,466,276,0,0,230,434,475,520,121,0,122,0,441,78,0,357,634,92,885,1098,975,557,925,857,885,753
project/sim_ext.py --sim-time 1.5 --seq-graph project/file/graph_15_nodes.json --traffic project/file/traffic_15_nodes_random.json --inspection-rate 0.001 --mess-rate 0.002,0.878424000001,216,288,143,197,127,78,366,153,12,270,87,246,0,0,373,378,543,67,466,276,0,0,230,434,477,521,121,0,122,0,442,78,0,357,634,92,885,1098,975,557,925,857,885,753
project/sim_ext.py --sim-time 1.5 --seq-graph project/file/graph_15_nodes.json --traffic project/file/traffic_15_nodes_random.json --inspection-rate 0.001 --mess-rate 0.002,0.879506000001,216,288,143,197,127,78,366,153,12,270,87,246,0,0,373,379,543,67,466,276,0,0,230,435,480,521,121,0,122,0,442,78,0,357,634,92,885,1098,975,559,925,857,885,753
project/sim_ext.py --sim-time 1.5 --seq-graph project/file/graph_15_nodes.json --traffic project/file/traffic_15_nodes_random.json --inspection-rate 0.001 --mess-rate 0.002,0.880636000001,216,288,145,202,129,78,366,154,12,270,87,250,0,0,374,379,544,67,470,281,0,0,234,435,480,524,126,0,125,0,444,78,0,363,640,95,907,1113,995,567,948,874,885,767
project/sim_ext.py --sim-time 1.5 --seq-graph project/file/graph_15_nodes.json --traffic project/file/traffic_15_nodes_random.json --inspection-rate 0.001 --mess-rate 0.002,0.8817090000009999,216,288,146,202,129,79,366,154,12,270,87,251,0,0,375,379,545,67,470,281,0,0,234,435,481,525,126,0,125,0,445,78,0,363,640,96,909,1117,995,568,948,875,885,767
project/sim_ext.py --sim-time 1.5 --seq-graph project/file/graph_15_nodes.json --traffic project/file/traffic_15_nodes_random.json --inspection-rate 0.001 --mess-rate 0.002,0.882710399997,216,288,146,204,130,80,366,154,12,270,87,251,0,0,375,379,548,67,470,282,0,0,235,435,485,525,126,0,126,0,445,78,0,363,640,96,912,1118,997,568,950,878,885,770
project/sim_ext.py --sim-time 1.5 --seq-graph project/file/graph_15_nodes.json --traffic project/file/traffic_15_nodes_random.json --inspection-rate 0.001 --mess-rate 0.002,0.883737000001,216,288,146,207,131,80,366,154,12,270,87,251,0,0,376,379,550,67,471,282,0,0,235,435,485,525,126,0,126,0,446,78,0,363,640,96,916,1119,998,568,952,880,885,771
project/sim_ext.py --sim-time 1.5 --seq-graph project/file/graph_15_nodes.json --traffic project/file/traffic_15_nodes_random.json --inspection-rate 0.001 --mess-rate 0.002,0.884884199997,216,288,146,207,131,80,366,154,12,270,87,251,0,0,376,379,551,67,475,282,0,0,235,435,489,525,126,0,127,0,447,78,0,363,640,96,917,1119,998,568,953,881,885,773
project/sim_ext.py --sim-time 1.5 --seq-graph project/file/graph_15_nodes.json --traffic project/file/traffic_15_nodes_random.json --inspection-rate 0.001 --mess-rate 0.002,0.886043000001,216,288,146,208,131,81,366,154,12,270,87,251,0,0,377,379,551,67,475,282,0,0,236,435,489,526,126,0,127,0,447,78,0,363,649,96,919,1121,998,568,953,882,885,774
project/sim_ext.py --sim-time 1.5 --seq-graph project/file/graph_15_nodes.json --traffic project/file/traffic_15_nodes_random.json --inspection-rate 0.001 --mess-rate 0.002,0.887393000001,216,288,146,208,131,81,366,154,12,270,87,251,0,0,377,379,551,67,479,282,0,0,236,438,489,526,126,0,128,0,452,78,0,363,653,98,922,1122,1003,568,959,883,885,774
project/sim_ext.py --sim-time 1.5 --seq-graph project/file/graph_15_nodes.json --traffic project/file/traffic_15_nodes_random.json --inspection-rate 0.001 --mess-rate 0.002,0.888431000001,216,288,146,208,132,81,366,154,12,270,87,252,0,0,377,379,552,67,481,282,0,0,236,438,489,526,127,0,128,0,452,78,0,363,653,99,923,1124,1004,568,960,884,885,777
project/sim_ext.py --sim-time 1.5 --seq-graph project/file/graph_15_nodes.json --traffic project/file/traffic_15_nodes_random.json --inspection-rate 0.001 --mess-rate 0.002,0.889480000001,216,288,146,208,133,81,366,154,12,270,87,252,0,0,377,379,557,67,481,282,0,0,236,438,491,526,127,0,129,0,453,78,0,363,654,101,925,1125,1007,568,960,884,885,777
project/sim_ext.py --sim-time 1.5 --seq-graph project/file/graph_15_nodes.json --traffic project/file/traffic_15_nodes_random.json --inspection-rate 0.001 --mess-rate 0.002,0.890488000001,218,293,147,208,134,81,371,155,12,273,87,252,0,0,377,384,558,67,481,283,0,0,236,438,491,527,127,0,129,0,453,78,0,370,655,101,925,1125,1013,568,960,888,902,779
project/sim_ext.py --sim-time 1.5 --seq-graph project/file/graph_15_nodes.json --traffic project/file/traffic_15_nodes_random.json --inspection-rate 0.001 --mess-rate 0.002,0.891576000001,218,293,151,208,135,81,372,155,12,273,87,252,0,0,377,384,558,67,481,283,0,0,236,438,492,527,127,0,129,0,453,78,0,371,655,101,925,1125,1013,568,960,889,907,779
project/sim_ext.py --sim-time 1.5 --seq-graph project/file/graph_15_nodes.json --traffic project/file/traffic_15_nodes_random.json --inspection-rate 0.001 --mess-rate 0.002,0.892714000001,218,293,151,208,135,81,372,156,12,273,87,252,0,0,377,384,558,67,481,283,0,0,236,438,492,529,127,0,129,0,453,78,0,371,656,101,925,1125,1013,568,960,889,910,784
project/sim_ext.py --sim-time 1.5 --seq-graph project/file/graph_15_nodes.json --traffic project/file/traffic_15_nodes_random.json --inspection-rate 0.001 --mess-rate 0.002,0.893804000001,218,294,151,208,135,81,372,156,12,273,87,252,0,0,377,384,558,67,481,283,0,0,236,438,493,529,127,0,129,0,453,78,0,371,656,101,925,1125,1013,568,960,889,910,784
project/sim_ext.py --sim-time 1.5 --seq-graph project/file/graph_15_nodes.json --traffic project/file/traffic_15_nodes_random.json --inspection-rate 0.001 --mess-rate 0.002,0.894877000001,218,294,151,208,135,81,373,156,12,273,87,252,0,0,377,384,558,67,481,283,0,0,236,438,493,530,127,0,129,0,453,78,0,371,657,101,925,1125,1013,568,960,889,910,784
project/sim_ext.py --sim-time 1.5 --seq-graph project/file/graph_15_nodes.json --traffic project/file/traffic_15_nodes_random.json --inspection-rate 0.001 --mess-rate 0.002,0.895968999997,218,294,151,208,135,81,374,156,12,273,87,252,0,0,377,384,558,67,485,283,0,0,236,438,493,530,127,0,129,0,453,78,0,371,657,101,925,1125,1013,568,960,889,912,784
project/sim_ext.py --sim-time 1.5 --seq-graph project/file/graph_15_nodes.json --traffic project/file/traffic_15_nodes_random.json --inspection-rate 0.001 --mess-rate 0.002,0.897024000001,218,295,152,208,135,81,374,157,12,273,87,252,0,0,378,389,558,67,486,286,0,0,236,438,494,530,127,0,129,0,453,78,0,374,657,101,925,1125,1013,568,960,889,915,784
project/sim_ext.py --sim-time 1.5 --seq-graph project/file/graph_15_nodes.json --traffic project/file/traffic_15_nodes_random.json --inspection-rate 0.001 --mess-rate 0.002,0.898124999929,218,296,152,208,135,81,374,157,12,273,87,252,0,0,378,389,558,67,486,286,0,0,236,438,494,534,127,0,129,0,454,78,0,374,658,101,925,1125,1013,568,960,889,916,786
project/sim_ext.py --sim-time 1.5 --seq-graph project/file/graph_15_nodes.json --traffic project/file/traffic_15_nodes_random.json --inspection-rate 0.001 --mess-rate 0.002,0.899201000001,218,296,152,208,135,81,374,157,12,273,87,252,0,0,378,389,558,67,488,286,0,0,236,440,494,534,127,0,129,0,454,78,0,374,658,101,925,1125,1013,568,960,889,919,786
project/sim_ext.py --sim-time 1.5 --seq-graph project/file/graph_15_nodes.json --traffic project/file/traffic_15_nodes_random.json --inspection-rate 0.001 --mess-rate 0.002,0.9003300000009999,218,296,152,208,135,81,374,157,12,273,87,252,0,0,378,389,558,67,489,286,0,0,236,440,495,534,127,0,129,0,454,78,0,374,659,101,925,1125,1013,568,960,889,920,786
project/sim_ext.py --sim-time 1.5 --seq-graph project/file/graph_15_nodes.json --traffic project/file/traffic_15_nodes_random.json --inspection-rate 0.001 --mess-rate 0.002,0.901543000001,218,298,152,208,135,81,375,157,12,273,87,252,0,0,378,389,558,67,489,286,0,0,236,442,495,536,127,0,129,0,454,78,0,374,660,101,925,1125,1013,568,960,889,923,786
project/sim_ext.py --sim-time 1.5 --seq-graph project/file/graph_15_nodes.json --traffic project/file/traffic_15_nodes_random.json --inspection-rate 0.001 --mess-rate 0.002,0.902607000001,218,300,152,208,135,81,375,157,12,273,91,252,0,0,378,389,559,67,494,286,0,0,236,443,495,537,127,0,129,0,454,78,0,374,660,101,925,1125,1013,568,960,889,923,786
project/sim_ext.py --sim-time 1.5 --seq-graph project/file/graph_15_nodes.json --traffic project/file/traffic_15_nodes_random.json --inspection-rate 0.001 --mess-rate 0.002,0.903621000001,218,301,152,208,135,81,377,157,12,273,91,252,0,0,378,389,559,67,494,286,0,0,236,443,496,537,127,0,129,0,454,78,0,374,660,101,925,1125,1013,568,960,889,923,786
project/sim_ext.py --sim-time 1.5 --seq-graph project/file/graph_15_nodes.json --traffic project/file/traffic_15_nodes_random.json --inspection-rate 0.001 --mess-rate 0.002,0.904683000001,218,302,152,208,135,81,377,157,12,273,91,252,0,0,378,390,559,67,494,286,0,0,236,445,496,538,127,0,129,0,454,78,0,374,664,101,925,1125,1013,568,960,889,923,786
project/sim_ext.py --sim-time 1.5 --seq-graph project/file/graph_15_nodes.json --traffic project/file/traffic_15_nodes_random.json --inspection-rate 0.001 --mess-rate 0.002,0.905703000001,218,302,152,208,135,81,378,157,12,273,91,252,0,0,378,390,561,67,496,286,0,0,236,445,497,538,127,0,129,0,457,78,0,374,664,101,925,1125,1013,568,960,889,923,786
project/sim_ext.py --sim-time 1.5 --seq-graph project/file/graph_15_nodes.json --traffic project/file/traffic_15_nodes_random.json --inspection-rate 0.001 --mess-rate 0.002,0.906787000001,218,302,152,208,135,81,378,157,12,273,91,252,0,0,378,391,561,67,498,286,0,0,236,446,497,538,127,0,129,0,457,78,0,374,664,101,925,1125,1013,568,960,889,923,786
project/sim_ext.py --sim-time 1.5 --seq-graph project/file/graph_15_nodes.json --traffic project/file/traffic_15_nodes_random.json --inspection-rate 0.001 --mess-rate 0.002,0.9077897999969999,218,302,152,208,135,81,378,157,12,273,91,252,0,0,382,392,562,67,501,286,0,0,236,447,501,540,127,0,129,0,458,78,0,374,666,101,925,1125,1013,568,960,889,923,786
project/sim_ext.py --sim-time 1.5 --seq-graph project/file/graph_15_nodes.json --traffic project/file/traffic_15_nodes_random.json --inspection-rate 0.001 --mess-rate 0.002,0.908809000001,218,302,152,208,135,81,378,157,12,273,91,252,0,0,382,393,562,67,501,286,0,0,236,449,504,540,127,0,129,0,459,78,0,374,666,101,925,1125,1013,568,960,889,923,786
project/sim_ext.py --sim-time 1.5 --seq-graph project/file/graph_15_nodes.json --traffic project/file/traffic_15_nodes_random.json --inspection-rate 0.001 --mess-rate 0.002,0.9098164436272761,218,302,152,208,135,81,378,157,12,273,91,252,0,0,382,395,564,67,501,286,0,0,236,449,504,540,127,0,129,0,459,78,0,374,666,101,925,1125,1013,568,960,889,923,786
project/sim_ext.py --sim-time 1.5 --seq-graph project/file/graph_15_nodes.json --traffic project/file/traffic_15_nodes_random.json --inspection-rate 0.001 --mess-rate 0.002,0.9108574872217367,218,303,152,208,135,81,379,157,12,273,91,252,0,0,383,395,564,67,503,286,0,0,236,449,504,540,131,0,129,0,459,78,0,374,666,101,935,1125,1013,568,960,889,923,786
project/sim_ext.py --sim-time 1.5 --seq-graph project/file/graph_15_nodes.json --traffic project/file/traffic_15_nodes_random.json --inspection-rate 0.001 --mess-rate 0.002,0.911973000001,218,303,152,208,135,81,379,157,12,273,91,252,0,0,383,395,564,67,503,286,0,0,236,449,505,542,133,0,129,0,462,78,0,374,667,101,935,1125,1013,568,960,889,923,786
project/sim_ext.py --sim-time 1.5 --seq-graph project/file/graph_15_nodes.json --traffic project/file/traffic_15_nodes_random.json --inspection-rate 0.001 --mess-rate 0.002,0.913212799997,220,303,152,208,135,81,379,157,12,273,91,252,0,0,383,396,565,67,503,286,0,0,236,449,506,544,134,0,129,0,462,78,0,374,669,101,935,1125,1013,578,960,889,923,786
project/sim_ext.py --sim-time 1.5 --seq-graph project/file/graph_15_nodes.json --traffic project/file/traffic_15_nodes_random.json --inspection-rate 0.001 --mess-rate 0.002,0.914243199997,221,303,152,208,135,81,379,157,12,273,91,252,0,0,384,397,565,67,505,286,0,0,236,449,507,544,135,0,129,0,463,78,0,374,669,101,935,1125,1013,581,960,889,923,786
project/sim_ext.py --sim-time 1.5 --seq-graph project/file/graph_15_nodes.json --traffic project/file/traffic_15_nodes_random.json --inspection-rate 0.001 --mess-rate 0.002,0.915323000001,222,303,152,208,135,81,379,157,12,273,91,252,0,0,384,397,566,67,505,286,0,0,236,449,507,545,135,0,129,0,463,78,0,374,670,101,935,1125,1013,583,960,889,923,786
project/sim_ext.py --sim-time 1.5 --seq-graph project/file/graph_15_nodes.json --traffic project/file/traffic_15_nodes_random.json --inspection-rate 0.001 --mess-rate 0.002,0.916362000001,222,303,152,208,135,81,380,157,12,273,91,252,0,0,384,397,566,67,506,286,0,0,236,449,508,545,135,0,129,0,463,78,0,374,670,101,935,1125,1013,583,960,889,923,786
project/sim_ext.py --sim-time 1.5 --seq-graph project/file/graph_15_nodes.json --traffic project/file/traffic_15_nodes_random.json --inspection-rate 0.001 --mess-rate 0.002,0.917448000001,222,303,152,208,135,81,380,157,12,273,91,252,0,0,384,397,566,67,506,286,0,0,236,449,509,546,136,0,129,0,464,78,0,374,672,101,935,1125,1013,584,960,889,923,786
project/sim_ext.py --sim-time 1.5 --seq-graph project/file/graph_15_nodes.json --traffic project/file/traffic_15_nodes_random.json --inspection-rate 0.001 --mess-rate 0.002,0.918504999925,222,303,152,208,135,81,380,157,12,273,91,252,0,0,385,400,566,67,508,286,0,0,236,449,510,546,136,0,129,0,465,78,0,374,673,101,935,1125,1013,585,960,889,923,786
project/sim_ext.py --sim-time 1.5 --seq-graph project/file/graph_15_nodes.json --traffic project/file/traffic_15_nodes_random.json --inspection-rate 0.001 --mess-rate 0.002,0.919539000001,222,303,152,208,135,81,381,157,12,273,91,252,0,0,385,400,566,67,508,286,0,0,236,455,510,546,136,0,129,0,465,78,0,374,673,101,938,1125,1013,586,960,889,923,786
project/sim_ext.py --sim-time 1.5 --seq-graph project/file/graph_15_nodes.json --traffic project/file/traffic_15_nodes_random.json --inspection-rate 0.001 --mess-rate 0.002,0.920540799997,222,303,152,208,135,81,381,157,12,273,91,252,0,0,385,400,568,67,508,286,0,0,236,455,510,546,136,0,129,0,465,78,0,374,673,101,938,1125,1013,586,960,889,923,786
project/sim_ext.py --sim-time 1.5 --seq-graph project/file/graph_15_nodes.json --traffic project/file/traffic_15_nodes_random.json --inspection-rate 0.001 --mess-rate 0.002,0.921562599997,232,307,152,216,137,83,383,157,12,279,92,260,0,0,385,401,570,67,508,290,0,0,239,455,513,550,137,0,129,0,468,78,0,381,680,103,951,1153,1037,603,984,907,939,810
project/sim_ext.py --sim-time 1.5 --seq-graph project/file/graph_15_nodes.json --traffic project/file/traffic_15_nodes_random.json --inspection-rate 0.001 --mess-rate 0.002,0.922664000001,234,307,152,217,137,83,385,159,12,279,93,263,0,0,385,401,572,67,508,291,0,0,240,455,514,550,137,0,129,0,470,78,0,381,684,103,952,1160,1040,603,985,909,943,812
project/sim_ext.py --sim-time 1.5 --seq-graph project/file/graph_15_nodes.json --traffic project/file/traffic_15_nodes_random.json --inspection-rate 0.001 --mess-rate 0.002,0.9238431999969999,234,308,152,218,137,83,387,160,12,279,94,263,0,0,385,404,573,67,509,293,0,0,240,458,517,550,137,0,130,0,470,78,0,381,685,103,952,1161,1043,603,986,914,947,815
project/sim_ext.py --sim-time 1.5 --seq-graph project/file/graph_15_nodes.json --traffic project/file/traffic_15_nodes_random.json --inspection-rate 0.001 --mess-rate 0.002,0.924884999929,236,308,152,219,138,85,390,161,12,282,94,264,0,0,385,405,578,67,510,294,0,0,241,459,518,551,137,0,130,0,470,78,0,385,685,104,952,1168,1053,603,989,914,948,816
project/sim_ext.py --sim-time 1.5 --seq-graph project/file/graph_15_nodes.json --traffic project/file/traffic_15_nodes_random.json --inspection-rate 0.001 --mess-rate 0.002,0.926261000001,237,308,152,222,138,86,391,161,12,283,94,264,0,0,386,405,579,67,511,294,0,0,242,462,523,551,137,0,130,0,470,78,0,387,687,106,952,1169,1055,603,990,919,954,821
project/sim_ext.py --sim-time 1.5 --seq-graph project/file/graph_15_nodes.json --traffic project/file/traffic_15_nodes_random.json --inspection-rate 0.001 --mess-rate 0.002,0.9272630000009999,239,309,152,222,138,86,392,161,12,284,94,267,0,0,387,405,581,67,511,294,0,0,242,463,523,552,137,0,130,0,472,78,0,388,688,106,952,1172,1057,603,993,920,955,822
project/sim_ext.py --sim-time 1.5 --seq-graph project/file/graph_15_nodes.json --traffic project/file/traffic_15_nodes_random.json --inspection-rate 0.001 --mess-rate 0.002,0.928296000001,239,309,152,222,138,86,392,161,12,284,95,267,0,0,388,405,583,67,511,294,0,0,242,464,523,553,137,0,130,0,472,78,0,388,689,106,952,1174,1058,603,994,922,958,822
project/sim_ext.py --sim-time 1.5 --seq-graph project/file/graph_15_nodes.json --traffic project/file/traffic_15_nodes_random.json --inspection-rate 0.001 --mess-rate 0.002,0.929591000001,239,309,152,225,140,86,394,161,12,284,95,267,0,0,388,405,583,67,511,294,0,0,242,464,526,553,137,0,130,0,473,78,0,388,690,106,952,1174,1058,603,994,924,961,823
project/sim_ext.py --sim-time 1.5 --seq-graph project/file/graph_15_nodes.json --traffic project/file/traffic_15_nodes_random.json --inspection-rate 0.001 --mess-rate 0.002,0.930690000001,239,309,152,225,140,86,395,161,12,284,95,267,0,0,388,405,583,67,511,294,0,0,242,466,527,553,137,0,130,0,474,78,0,388,690,106,952,1174,1058,603,996,925,961,824
project/sim_ext.py --sim-time 1.5 --seq-graph project/file/graph_15_nodes.json --traffic project/file/traffic_15_nodes_random.json --inspection-rate 0.001 --mess-rate 0.002,0.931696000001,239,309,152,225,140,86,395,161,12,284,95,267,0,0,388,405,583,67,511,294,0,0,242,466,527,553,137,0,130,0,474,78,0,388,691,106,952,1174,1058,603,996,925,961,824
project/sim_ext.py --sim-time 1.5 --seq-graph project/file/graph_15_nodes.json --traffic project/file/traffic_15_nodes_random.json --inspection-rate 0.001 --mess-rate 0.002,0.9328270000009999,239,309,152,225,140,87,395,161,12,287,95,267,0,0,388,405,583,67,511,294,0,0,242,466,527,553,137,0,130,0,474,78,0,388,691,106,952,1174,1058,603,996,925,961,824
project/sim_ext.py --sim-time 1.5 --seq-graph project/file/graph_15_nodes.json --traffic project/file/traffic_15_nodes_random.json --inspection-rate 0.001 --mess-rate 0.002,0.933849000001,239,309,152,225,140,87,397,161,12,287,95,267,0,0,388,405,583,67,511,294,0,0,242,466,527,553,137,0,130,0,474,78,0,388,691,106,952,1174,1058,603,997,925,961,824
project/sim_ext.py --sim-time 1.5 --seq-graph project/file/graph_15_nodes.json --traffic project/file/traffic_15_nodes_random.json --inspection-rate 0.001 --mess-rate 0.002,0.934855000001,239,309,152,225,140,87,398,161,12,287,95,267,0,0,388,405,583,67,511,294,0,0,242,467,528,553,137,0,130,0,475,78,0,388,691,106,952,1174,1058,603,997,925,961,824
project/sim_ext.py --sim-time 1.5 --seq-graph project/file/graph_15_nodes.json --traffic project/file/traffic_15_nodes_random.json --inspection-rate 0.001 --mess-rate 0.002,0.9360727531615732,239,310,152,225,140,87,399,161,12,287,95,267,0,0,392,405,583,67,511,294,0,0,242,467,528,553,137,0,130,0,475,78,0,388,691,106,952,1174,1058,603,997,925,961,824
project/sim_ext.py --sim-time 1.5 --seq-graph project/file/graph_15_nodes.json --traffic project/file/traffic_15_nodes_random.json --inspection-rate 0.001 --mess-rate 0.002,0.937224000001,239,311,152,225,140,87,399,161,12,287,95,267,0,0,392,405,583,67,515,294,0,0,242,469,528,555,137,0,130,0,475,78,0,388,692,106,952,1174,1058,603,997,925,961,824
project/sim_ext.py --sim-time 1.5 --seq-graph project/file/graph_15_nodes.json --traffic project/file/traffic_15_nodes_random.json --inspection-rate 0.001 --mess-rate 0.002,0.938304999997,239,311,152,225,140,87,399,161,12,287,97,267,0,0,392,405,585,67,516,294,0,0,242,469,532,555,137,0,130,0,475,78,0,388,692,106,952,1174,1058,603,997,925,961,824
project/sim_ext.py --sim-time 1.5 --seq-graph project/file/graph_15_nodes.json --traffic project/file/traffic_15_nodes_random.json --inspection-rate 0.001 --mess-rate 0.002,0.939306000001,239,311,152,225,140,87,399,161,12,287,97,267,0,0,393,405,585,67,516,294,0,0,242,469,532,555,137,0,130,0,475,78,0,388,692,106,952,1174,1058,603,997,925,961,824
project/sim_ext.py --sim-time 1.5 --seq-graph project/file/graph_15_nodes.json --traffic project/file/traffic_15_nodes_random.json --inspection-rate 0.001 --mess-rate 0.002,0.940307000001,239,311,152,225,140,87,400,161,12,287,97,267,0,0,393,405,585,67,516,294,0,0,242,469,532,555,137,0,130,0,475,78,0,388,692,106,952,1174,1058,603,997,925,961,824
project/sim_ext.py --sim-time 1.5 --seq-graph project/file/graph_15_nodes.json --traffic project/file/traffic_15_nodes_random.json --inspection-rate 0.001 --mess-rate 0.002,0.941486000001,239,312,152,225,140,87,401,161,12,287,97,267,0,0,395,408,588,67,517,294,0,0,242,473,532,556,137,0,130,0,475,78,0,388,693,106,952,1174,1058,617,997,925,961,824
project/sim_ext.py --sim-time 1.5 --seq-graph project/file/graph_15_nodes.json --traffic project/file/traffic_15_nodes_random.json --inspection-rate 0.001 --mess-rate 0.002,0.942496000001,239,312,152,225,140,87,401,161,12,287,97,267,0,0,395,408,588,67,517,294,0,0,242,473,532,556,137,0,130,0,475,78,0,388,693,106,952,1174,1058,617,997,925,961,824
project/sim_ext.py --sim-time 1.5 --seq-graph project/file/graph_15_nodes.json --traffic project/file/traffic_15_nodes_random.json --inspection-rate 0.001 --mess-rate 0.002,0.9437093507655603,239,313,152,225,140,87,402,161,12,287,97,267,0,0,395,408,588,67,517,294,0,0,242,473,532,556,137,0,130,0,475,78,0,388,694,106,952,1174,1058,617,997,925,961,824
project/sim_ext.py --sim-time 1.5 --seq-graph project/file/graph_15_nodes.json --traffic project/file/traffic_15_nodes_random.json --inspection-rate 0.001 --mess-rate 0.002,0.944741799997,239,313,152,225,140,87,402,161,12,287,97,267,0,0,395,409,588,67,518,294,0,0,242,474,533,556,137,0,130,0,477,78,0,388,694,106,952,1174,1058,620,997,925,961,824
project/sim_ext.py --sim-time 1.5 --seq-graph project/file/graph_15_nodes.json --traffic project/file/traffic_15_nodes_random.json --inspection-rate 0.001 --mess-rate 0.002,0.945834999925,239,313,152,225,140,87,402,161,12,287,97,267,0,0,395,409,592,67,518,294,0,0,242,475,533,558,137,0,130,0,478,78,0,388,695,106,952,1174,1058,622,997,925,961,824
project/sim_ext.py --sim-time 1.5 --seq-graph project/file/graph_15_nodes.json --traffic project/file/traffic_15_nodes_random.json --inspection-rate 0.001 --mess-rate 0.002,0.946925000001,239,313,152,225,140,87,403,161,12,287,97,267,0,0,395,411,593,67,519,294,0,0,242,475,533,558,137,0,130,0,478,78,0,388,695,106,952,1174,1058,623,997,925,961,824
project/sim_ext.py --sim-time 1.5 --seq-graph project/file/graph_15_nodes.json --traffic project/file/traffic_15_nodes_random.json --inspection-rate 0.001 --mess-rate 0.002,0.947975399997,239,313,152,225,140,87,403,161,12,287,97,267,0,0,395,411,593,67,519,294,0,0,242,476,533,558,137,0,130,0,478,78,0,388,695,106,952,1174,1058,623,997,925,961,824
project/sim_ext.py --sim-time 1.5 --seq-graph project/file/graph_15_nodes.json --traffic project/file/traffic_15_nodes_random.json --inspection-rate 0.001 --mess-rate 0.002,0.949010000001,239,313,152,225,140,87,406,161,12,287,97,267,0,0,395,411,593,67,520,294,0,0,242,476,535,558,137,0,130,0,479,78,0,388,695,106,952,1174,1058,624,997,925,961,824
project/sim_ext.py --sim-time 1.5 --seq-graph project/file/graph_15_nodes.json --traffic project/file/traffic_15_nodes_random.json --inspection-rate 0.001 --mess-rate 0.002,0.950069000001,239,313,152,225,140,87,406,161,12,287,97,267,0,0,397,411,594,67,520,294,0,0,242,476,536,559,137,0,130,0,479,78,0,388,695,106,952,1174,1058,629,997,925,961,824
project/sim_ext.py --sim-time 1.5 --seq-graph project/file/graph_15_nodes.json --traffic project/file/traffic_15_nodes_random.json --inspection-rate 0.001 --mess-rate 0.002,0.9511310000009999,239,313,152,225,140,87,406,161,12,287,97,267,0,0,397,411,595,67,521,294,0,0,242,476,536,560,137,0,130,0,479,78,0,388,696,106,952,1174,1058,630,997,925,961,824
project/sim_ext.py --sim-time 1.5 --seq-graph project/file/graph_15_nodes.json --traffic project/file/traffic_15_nodes_random.json --inspection-rate 0.001 --mess-rate 0.002,0.952150399997,244,317,152,227,141,88,411,161,12,293,100,275,0,0,397,411,597,67,525,299,0,0,246,476,540,562,143,0,131,0,481,78,0,394,700,109,976,1199,1082,630,1020,943,980,845
project/sim_ext.py --sim-time 1.5 --seq-graph project/file/graph_15_nodes.json --traffic project/file/traffic_15_nodes_random.json --inspection-rate 0.001 --mess-rate 0.002,0.953218000001,245,317,152,228,141,88,411,161,12,294,101,276,0,0,398,413,598,67,525,299,0,0,247,476,544,563,143,0,132,0,482,78,0,394,701,110,980,1206,1089,630,1024,943,984,847
project/sim_ext.py --sim-time 1.5 --seq-graph project/file/graph_15_nodes.json --traffic project/file/traffic_15_nodes_random.json --inspection-rate 0.001 --mess-rate 0.002,0.954344000001,245,317,152,230,141,89,414,161,12,296,101,276,0,0,398,413,600,67,525,300,0,0,247,476,545,563,144,0,132,0,483,78,0,394,704,110,981,1212,1090,630,1024,945,985,847
project/sim_ext.py --sim-time 1.5 --seq-graph project/file/graph_15_nodes.json --traffic project/file/traffic_15_nodes_random.json --inspection-rate 0.001 --mess-rate 0.002,0.9553715999969999,248,318,152,232,141,90,417,161,12,297,102,278,0,0,399,413,600,67,527,302,0,0,247,476,549,564,145,0,134,0,483,78,0,394,706,111,985,1212,1099,630,1027,951,988,848
project/sim_ext.py --sim-time 1.5 --seq-graph project/file/graph_15_nodes.json --traffic project/file/traffic_15_nodes_random.json --inspection-rate 0.001 --mess-rate 0.002,0.956442000001,250,319,152,233,142,90,417,161,12,297,102,278,0,0,400,414,600,67,527,302,0,0,248,477,551,565,145,0,134,0,483,78,0,396,706,112,992,1222,1100,630,1029,952,991,850
project/sim_ext.py --sim-time 1.5 --seq-graph project/file/graph_15_nodes.json --traffic project/file/traffic_15_nodes_random.json --inspection-rate 0.001 --mess-rate 0.002,0.957596799997,254,320,152,233,142,90,418,163,12,297,102,278,0,0,402,414,600,67,529,302,0,0,248,477,552,565,145,0,134,0,483,78,0,396,708,112,996,1226,1101,630,1030,952,994,851
project/sim_ext.py --sim-time 1.5 --seq-graph project/file/graph_15_nodes.json --traffic project/file/traffic_15_nodes_random.json --inspection-rate 0.001 --mess-rate 0.002,0.958700000001,254,320,152,236,144,92,418,164,12,297,103,278,0,0,402,414,600,67,530,303,0,0,248,477,553,565,146,0,134,0,484,78,0,397,711,112,997,1227,1101,630,1030,958,997,852
project/sim_ext.py --sim-time 1.5 --seq-graph project/file/graph_15_nodes.json --traffic project/file/traffic_15_nodes_random.json --inspection-rate 0.001 --mess-rate 0.002,0.959928000001,258,320,152,236,144,92,420,165,12,301,103,278,0,0,402,415,601,67,531,304,0,0,248,477,553,565,146,0,134,0,484,78,0,398,712,112,997,1227,1101,630,1032,958,997,852
project/sim_ext.py --sim-time 1.5 --seq-graph project/file/graph_15_nodes.json --traffic project/file/traffic_15_nodes_random.json --inspection-rate 0.001 --mess-rate 0.002,0.9610313999969999,258,320,152,236,145,92,420,165,12,301,103,278,0,0,402,415,602,67,533,304,0,0,248,477,554,565,146,0,134,0,484,78,0,398,712,112,997,1227,1101,630,1034,959,998,852
project/sim_ext.py --sim-time 1.5 --seq-graph project/file/graph_15_nodes.json --traffic project/file/traffic_15_nodes_random.json --inspection-rate 0.001 --mess-rate 0.002,0.962094999925,258,320,152,236,145,92,420,166,12,301,104,278,0,0,402,418,605,67,535,306,0,0,248,477,554,565,146,0,134,0,484,78,0,399,712,112,997,1227,1101,630,1034,960,999,852
project/sim_ext.py --sim-time 1.5 --seq-graph project/file/graph_15_nodes.json --traffic project/file/traffic_15_nodes_random.json --inspection-rate 0.001 --mess-rate 0.002,0.9631771151785438,258,320,152,236,146,92,421,166,12,301,104,278,0,0,402,418,605,67,535,306,0,0,248,480,554,567,146,0,134,0,484,78,0,399,713,112,997,1227,1101,630,1034,961,999,856
project/sim_ext.py --sim-time 1.5 --seq-graph project/file/graph_15_nodes.json --traffic project/file/traffic_15_nodes_random.json --inspection-rate 0.001 --mess-rate 0.002,0.9642962440341292,258,321,152,236,146,92,422,166,12,303,104,278,0,0,402,418,608,67,537,306,0,0,248,480,554,568,146,0,134,0,484,78,0,399,714,112,997,1227,1101,630,1034,961,999,857
project/sim_ext.py --sim-time 1.5 --seq-graph project/file/graph_15_nodes.json --traffic project/file/traffic_15_nodes_random.json --inspection-rate 0.001 --mess-rate 0.002,0.965329000001,258,321,152,236,146,92,422,166,12,303,104,278,0,0,402,419,608,67,537,306,0,0,248,480,554,568,146,0,134,0,484,78,0,399,714,112,997,1227,1101,630,1034,961,999,857
project/sim_ext.py --sim-time 1.5 --seq-graph project/file/graph_15_nodes.json --traffic project/file/traffic_15_nodes_random.json --inspection-rate 0.001 --mess-rate 0.002,0.966437720215239,258,321,152,236,146,92,423,166,12,303,104,278,0,0,402,420,608,67,538,306,0,0,248,481,555,568,146,0,134,0,488,78,0,399,714,112,997,1227,1101,630,1034,961,999,857
project/sim_ext.py --sim-time 1.5 --seq-graph project/file/graph_15_nodes.json --traffic project/file/traffic_15_nodes_random.json --inspection-rate 0.001 --mess-rate 0.002,0.9675000790085462,258,321,152,236,146,92,423,166,12,303,104,278,0,0,402,420,608,67,539,306,0,0,248,482,555,568,146,0,134,0,489,78,0,399,714,112,997,1227,1101,630,1034,961,999,857
project/sim_ext.py --sim-time 1.5 --seq-graph project/file/graph_15_nodes.json --traffic project/file/traffic_15_nodes_random.json --inspection-rate 0.001 --mess-rate 0.002,0.968597000001,258,323,152,236,146,92,423,166,12,303,104,278,0,0,402,422,609,67,540,306,0,0,248,483,556,570,146,0,134,0,489,78,0,399,719,112,997,1227,1101,630,1034,961,999,857
project/sim_ext.py --sim-time 1.5 --seq-graph project/file/graph_15_nodes.json --traffic project/file/traffic_15_nodes_random.json --inspection-rate 0.001 --mess-rate 0.002,0.969838000001,258,323,152,236,146,92,423,166,12,303,104,278,0,0,405,423,609,67,541,306,0,0,248,483,556,570,146,0,134,0,489,78,0,399,720,112,997,1227,1101,630,1034,961,999,857
project/sim_ext.py --sim-time 1.5 --seq-graph project/file/graph_15_nodes.json --traffic project/file/traffic_15_nodes_random.json --inspection-rate 0.001 --mess-rate 0.002,0.970989799997,258,324,152,236,146,92,423,166,12,303,104,278,0,0,406,424,609,67,541,306,0,0,248,483,557,570,146,0,134,0,491,78,0,399,720,112,997,1227,1101,630,1034,961,999,857
project/sim_ext.py --sim-time 1.5 --seq-graph project/file/graph_15_nodes.json --traffic project/file/traffic_15_nodes_random.json --inspection-rate 0.001 --mess-rate 0.002,0.972077000001,258,326,152,236,146,92,424,166,12,303,104,278,0,0,406,424,610,67,541,306,0,0,248,483,557,571,146,0,134,0,492,78,0,399,721,112,997,1227,1101,630,1034,961,999,857
project/sim_ext.py --sim-time 1.5 --seq-graph project/file/graph_15_nodes.json --traffic project/file/traffic_15_nodes_random.json --inspection-rate 0.001 --mess-rate 0.002,0.973179999913,258,326,152,236,146,92,424,166,12,303,104,278,0,0,408,424,610,67,541,306,0,0,248,483,557,571,146,0,134,0,492,78,0,399,721,112,997,1227,1101,630,1034,961,999,857
project/sim_ext.py --sim-time 1.5 --seq-graph project/file/graph_15_nodes.json --traffic project/file/traffic_15_nodes_random.json --inspection-rate 0.001 --mess-rate 0.002,0.9742687065847662,258,326,152,236,146,92,424,166,12,303,104,278,0,0,411,426,610,67,543,306,0,0,248,483,558,571,146,0,134,0,492,78,0,399,721,112,997,1227,1101,630,1034,961,999,857
project/sim_ext.py --sim-time 1.5 --seq-graph project/file/graph_15_nodes.json --traffic project/file/traffic_15_nodes_random.json --inspection-rate 0.001 --mess-rate 0.002,0.975352000001,258,326,152,236,146,92,426,166,12,303,104,278,0,0,411,426,611,67,543,306,0,0,248,487,558,572,146,0,134,0,492,78,0,399,723,112,997,1227,1101,630,1034,961,999,857
project/sim_ext.py --sim-time 1.5 --seq-graph project/file/graph_15_nodes.json --traffic project/file/traffic_15_nodes_random.json --inspection-rate 0.001 --mess-rate 0.002,0.9764153059635354,258,326,152,236,146,92,426,166,12,303,104,278,0,0,411,426,611,67,543,306,0,0,248,488,558,572,146,0,134,0,492,78,0,399,724,112,997,1227,1101,630,1034,961,999,857
project/sim_ext.py --sim-time 1.5 --seq-graph project/file/graph_15_nodes.json --traffic project/file/traffic_15_nodes_random.json --inspection-rate 0.001 --mess-rate 0.002,0.977476000001,258,326,152,236,146,92,426,166,12,303,104,278,0,0,411,427,612,67,544,306,0,0,248,488,558,572,146,0,134,0,492,78,0,399,724,112,997,1227,1101,630,1034,961,999,857
project/sim_ext.py --sim-time 1.5 --seq-graph project/file/graph_15_nodes.json --traffic project/file/traffic_15_nodes_random.json --inspection-rate 0.001 --mess-rate 0.002,0.9786130000009999,258,326,152,236,146,92,426,166,12,303,104,278,0,0,412,427,612,67,544,306,0,0,248,489,558,572,146,0,134,0,492,78,0,399,724,112,997,1227,1101,630,1034,961,999,857
project/sim_ext.py --sim-time 1.5 --seq-graph project/file/graph_15_nodes.json --traffic project/file/traffic_15_nodes_random.json --inspection-rate 0.001 --mess-rate 0.002,0.979662000001,258,326,152,236,146,92,427,166,12,303,104,278,0,0,413,427,612,67,544,306,0,0,248,489,558,572,146,0,134,0,492,78,0,399,724,112,997,1227,1101,630,1034,961,999,857
project/sim_ext.py --sim-time 1.5 --seq-graph project/file/graph_15_nodes.json --traffic project/file/traffic_15_nodes_random.json --inspection-rate 0.001 --mess-rate 0.002,0.980737000001,258,326,152,236,146,92,429,166,12,303,104,278,0,0,414,428,615,67,544,306,0,0,248,489,558,572,146,0,134,0,492,78,0,399,724,112,997,1227,1101,640,1034,961,999,857
project/sim_ext.py --sim-time 1.5 --seq-graph project/file/graph_15_nodes.json --traffic project/file/traffic_15_nodes_random.json --inspection-rate 0.001 --mess-rate 0.002,0.981824999997,258,326,152,236,146,92,432,166,12,303,104,278,0,0,414,428,615,67,544,306,0,0,248,489,559,572,146,0,134,0,492,78,0,399,724,112,997,1227,1101,640,1034,961,999,857
project/sim_ext.py --sim-time 1.5 --seq-graph project/file/graph_15_nodes.json --traffic project/file/traffic_15_nodes_random.json --inspection-rate 0.001 --mess-rate 0.002,0.982863999997,259,326,152,242,146,94,434,166,12,305,104,284,0,0,414,428,616,67,544,313,0,0,250,489,564,574,148,0,135,0,492,78,0,408,729,113,1020,1227,1101,640,1052,979,999,874
project/sim_ext.py --sim-time 1.5 --seq-graph project/file/graph_15_nodes.json --traffic project/file/traffic_15_nodes_random.json --inspection-rate 0.001 --mess-rate 0.002,0.983934799997,259,326,152,242,146,94,434,167,12,305,104,285,0,0,414,430,617,67,544,315,0,0,250,489,564,574,148,0,135,0,492,78,0,409,730,113,1020,1227,1101,647,1052,979,999,874
project/sim_ext.py --sim-time 1.5 --seq-graph project/file/graph_15_nodes.json --traffic project/file/traffic_15_nodes_random.json --inspection-rate 0.001 --mess-rate 0.002,0.985126096300218,263,326,152,243,148,94,434,167,12,305,104,286,0,0,414,431,619,67,544,316,0,0,252,489,565,574,148,0,135,0,493,78,0,409,735,113,1025,1227,1101,650,1055,981,999,877
project/sim_ext.py --sim-time 1.5 --seq-graph project/file/graph_15_nodes.json --traffic project/file/traffic_15_nodes_random.json --inspection-rate 0.001 --mess-rate 0.002,0.986204799997,263,326,152,244,148,96,434,167,12,305,104,287,0,0,414,432,620,67,544,316,0,0,252,489,566,576,148,0,135,0,494,78,0,409,737,113,1027,1227,1101,651,1058,984,999,878
project/sim_ext.py --sim-time 1.5 --seq-graph project/file/graph_15_nodes.json --traffic project/file/traffic_15_nodes_random.json --inspection-rate 0.001 --mess-rate 0.002,0.987328999997,263,326,152,244,148,96,434,168,12,305,104,289,0,0,415,432,620,67,551,319,0,0,252,489,567,576,148,0,135,0,494,78,0,409,738,113,1031,1227,1101,655,1063,984,999,879
project/sim_ext.py --sim-time 1.5 --seq-graph project/file/graph_15_nodes.json --traffic project/file/traffic_15_nodes_random.json --inspection-rate 0.001 --mess-rate 0.002,0.9884970000009999,263,326,152,244,148,96,434,168,12,305,104,289,0,0,415,433,620,67,553,322,0,0,252,495,567,578,148,0,135,0,494,78,0,409,738,113,1032,1227,1101,657,1063,984,999,881
project/sim_ext.py --sim-time 1.5 --seq-graph project/file/graph_15_nodes.json --traffic project/file/traffic_15_nodes_random.json --inspection-rate 0.001 --mess-rate 0.002,0.9896475498023126,264,326,152,247,150,96,434,169,12,305,104,289,0,0,415,433,620,67,554,322,0,0,254,496,568,578,149,0,135,0,497,78,0,409,738,113,1036,1227,1101,664,1064,988,999,885
project/sim_ext.py --sim-time 1.5 --seq-graph project/file/graph_15_nodes.json --traffic project/file/traffic_15_nodes_random.json --inspection-rate 0.001 --mess-rate 0.002,0.9907319600928186,264,326,152,247,150,96,434,169,12,305,104,291,0,0,418,433,620,67,555,323,0,0,254,496,570,578,149,0,135,0,498,78,0,409,741,113,1038,1227,1101,665,1065,991,999,886
project/sim_ext.py --sim-time 1.5 --seq-graph project/file/graph_15_nodes.json --traffic project/file/traffic_15_nodes_random.json --inspection-rate 0.001 --mess-rate 0.002,0.9918325816689619,267,326,152,247,152,96,434,171,12,305,104,292,0,0,418,433,620,67,555,324,0,0,254,496,570,578,149,0,135,0,498,78,0,410,741,113,1040,1227,1101,665,1065,993,999,886
project/sim_ext.py --sim-time 1.5 --seq-graph project/file/graph_15_nodes.json --traffic project/file/traffic_15_nodes_random.json --inspection-rate 0.001 --mess-rate 0.002,0.992903000001,268,329,152,247,153,96,447,172,12,312,105,292,0,0,419,433,627,67,556,324,0,0,254,496,570,579,149,0,135,0,498,78,0,411,741,113,1040,1244,1120,665,1065,996,1014,886
project/sim_ext.py --sim-time 1.5 --seq-graph project/file/graph_15_nodes.json --traffic project/file/traffic_15_nodes_random.json --inspection-rate 0.001 --mess-rate 0.002,0.994035000001,268,329,152,247,153,96,447,172,12,312,106,292,0,0,419,433,628,67,557,324,0,0,254,496,575,579,149,0,135,0,503,78,0,411,741,114,1040,1245,1123,665,1069,996,1015,886
project/sim_ext.py --sim-time 1.5 --seq-graph project/file/graph_15_nodes.json --traffic project/file/traffic_15_nodes_random.json --inspection-rate 0.001 --mess-rate 0.002,0.995104999921,268,329,152,247,153,96,447,172,12,312,106,292,0,0,419,433,631,67,557,324,0,0,254,497,576,579,149,0,135,0,503,78,0,411,741,114,1040,1252,1127,665,1069,996,1016,886
project/sim_ext.py --sim-time 1.5 --seq-graph project/file/graph_15_nodes.json --traffic project/file/traffic_15_nodes_random.json --inspection-rate 0.001 --mess-rate 0.002,0.996175000001,268,329,152,247,153,96,448,172,12,312,106,292,0,0,419,433,631,67,557,324,0,0,254,498,576,579,149,0,135,0,503,78,0,411,741,114,1040,1255,1128,665,1069,996,1017,886
project/sim_ext.py --sim-time 1.5 --seq-graph project/file/graph_15_nodes.json --traffic project/file/traffic_15_nodes_random.json --inspection-rate 0.001 --mess-rate 0.002,0.997196000001,268,329,152,247,153,96,449,172,12,312,106,292,0,0,420,433,633,67,557,324,0,0,254,498,576,579,149,0,135,0,503,78,0,411,741,114,1040,1260,1129,665,1069,996,1017,886
project/sim_ext.py --sim-time 1.5 --seq-graph project/file/graph_15_nodes.json --traffic project/file/traffic_15_nodes_random.json --inspection-rate 0.001 --mess-rate 0.002,0.998324999917,268,329,152,247,153,96,450,172,12,312,106,292,0,0,420,433,634,67,557,324,0,0,254,498,577,582,149,0,135,0,508,78,0,411,743,114,1040,1262,1137,665,1069,996,1022,886
project/sim_ext.py --sim-time 1.5 --seq-graph project/file/graph_15_nodes.json --traffic project/file/traffic_15_nodes_random.json --inspection-rate 0.001 --mess-rate 0.002,0.999498000001,268,331,152,247,153,96,450,172,12,312,108,292,0,0,420,433,634,67,558,324,0,0,254,499,577,583,149,0,135,0,508,78,0,411,744,114,1040,1266,1140,665,1069,996,1022,886
project/sim_ext.py --sim-time 1.5 --seq-graph project/file/graph_15_nodes.json --traffic project/file/traffic_15_nodes_random.json --inspection-rate 0.001 --mess-rate 0.002,1.000999000001,268,331,152,247,153,96,450,172,12,312,108,292,0,0,420,433,634,67,559,324,0,0,254,499,577,585,149,0,135,0,508,78,0,411,746,114,1040,1270,1143,665,1069,996,1024,886
project/sim_ext.py --sim-time 1.5 --seq-graph project/file/graph_15_nodes.json --traffic project/file/traffic_15_nodes_random.json --inspection-rate 0.001 --mess-rate 0.002,1.002240999997,268,331,152,247,153,96,452,172,12,312,111,292,0,0,420,433,639,67,560,324,0,0,254,501,579,585,149,0,135,0,508,78,0,411,746,114,1040,1270,1144,665,1069,996,1026,886
project/sim_ext.py --sim-time 1.5 --seq-graph project/file/graph_15_nodes.json --traffic project/file/traffic_15_nodes_random.json --inspection-rate 0.001 --mess-rate 0.002,1.0033825375871093,268,334,152,247,153,96,453,172,12,312,111,292,0,0,420,433,639,67,560,324,0,0,254,501,580,586,149,0,135,0,509,78,0,411,747,114,1040,1270,1144,665,1069,996,1026,886
project/sim_ext.py --sim-time 1.5 --seq-graph project/file/graph_15_nodes.json --traffic project/file/traffic_15_nodes_random.json --inspection-rate 0.001 --mess-rate 0.002,1.004474000001,268,337,152,247,153,96,455,172,12,312,111,292,0,0,420,433,639,67,560,324,0,0,254,501,580,586,149,0,135,0,509,78,0,411,747,114,1040,1270,1144,665,1069,996,1027,886
project/sim_ext.py --sim-time 1.5 --seq-graph project/file/graph_15_nodes.json --traffic project/file/traffic_15_nodes_random.json --inspection-rate 0.001 --mess-rate 0.002,1.005509000001,268,337,152,247,153,96,455,172,12,312,111,292,0,0,420,433,639,67,561,324,0,0,254,501,583,586,149,0,135,0,510,78,0,411,747,114,1040,1270,1144,665,1069,996,1027,886
project/sim_ext.py --sim-time 1.5 --seq-graph project/file/graph_15_nodes.json --traffic project/file/traffic_15_nodes_random.json --inspection-rate 0.001 --mess-rate 0.002,1.006538000001,268,337,152,247,153,96,455,172,12,312,114,292,0,0,422,433,640,67,561,324,0,0,254,501,583,586,149,0,135,0,510,78,0,411,747,114,1040,1270,1144,665,1069,996,1027,886
project/sim_ext.py --sim-time 1.5 --seq-graph project/file/graph_15_nodes.json --traffic project/file/traffic_15_nodes_random.json --inspection-rate 0.001 --mess-rate 0.002,1.007673000001,268,338,152,247,153,96,455,172,12,312,114,292,0,0,423,433,640,67,562,324,0,0,254,503,585,592,149,0,135,0,510,78,0,411,748,114,1040,1270,1144,665,1069,996,1027,886
project/sim_ext.py --sim-time 1.5 --seq-graph project/file/graph_15_nodes.json --traffic project/file/traffic_15_nodes_random.json --inspection-rate 0.001 --mess-rate 0.002,1.0087349999169999,268,338,152,247,153,96,456,172,12,312,114,292,0,0,423,433,640,67,562,324,0,0,254,503,588,593,149,0,135,0,511,78,0,411,748,114,1040,1270,1144,665,1069,996,1027,886
project/sim_ext.py --sim-time 1.5 --seq-graph project/file/graph_15_nodes.json --traffic project/file/traffic_15_nodes_random.json --inspection-rate 0.001 --mess-rate 0.002,1.009752000001,268,338,152,247,153,96,456,172,12,312,114,292,0,0,423,433,642,67,564,324,0,0,254,504,588,594,149,0,135,0,511,78,0,411,748,114,1040,1270,1144,665,1069,996,1027,886
project/sim_ext.py --sim-time 1.5 --seq-graph project/file/graph_15_nodes.json --traffic project/file/traffic_15_nodes_random.json --inspection-rate 0.001 --mess-rate 0.002,1.010810611534335,268,338,152,247,153,96,456,172,12,312,114,292,0,0,423,433,642,67,564,324,0,0,254,508,588,594,149,0,135,0,511,78,0,411,748,114,1040,1270,1144,665,1069,996,1027,886
project/sim_ext.py --sim-time 1.5 --seq-graph project/file/graph_15_nodes.json --traffic project/file/traffic_15_nodes_random.json --inspection-rate 0.001 --mess-rate 0.002,1.011875000001,268,338,152,247,153,96,456,172,12,312,114,292,0,0,423,433,642,67,565,324,0,0,254,508,588,594,149,0,135,0,511,78,0,411,748,114,1040,1270,1144,665,1069,996,1027,886
project/sim_ext.py --sim-time 1.5 --seq-graph project/file/graph_15_nodes.json --traffic project/file/traffic_15_nodes_random.json --inspection-rate 0.001 --mess-rate 0.002,1.013005000001,268,338,152,247,153,96,457,172,12,312,114,292,0,0,423,433,642,67,566,324,0,0,254,508,588,595,149,0,135,0,511,78,0,411,750,114,1049,1270,1144,665,1069,996,1027,886
project/sim_ext.py --sim-time 1.5 --seq-graph project/file/graph_15_nodes.json --traffic project/file/traffic_15_nodes_random.json --inspection-rate 0.001 --mess-rate 0.002,1.014065999997,268,338,152,247,153,96,457,172,12,312,114,292,0,0,425,433,643,67,566,324,0,0,254,509,588,595,150,0,135,0,511,78,0,411,750,114,1050,1270,1144,665,1069,996,1027,886
project/sim_ext.py --sim-time 1.5 --seq-graph project/file/graph_15_nodes.json --traffic project/file/traffic_15_nodes_random.json --inspection-rate 0.001 --mess-rate 0.002,1.015180000001,268,338,152,247,153,96,458,172,12,312,114,292,0,0,426,433,643,67,566,324,0,0,254,509,588,595,150,0,135,0,511,78,0,411,752,114,1050,1270,1144,665,1069,996,1027,886
project/sim_ext.py --sim-time 1.5 --seq-graph project/file/graph_15_nodes.json --traffic project/file/traffic_15_nodes_random.json --inspection-rate 0.001 --mess-rate 0.002,1.0162187114506849,268,338,152,247,153,96,459,172,12,312,114,292,0,0,426,433,643,67,566,324,0,0,254,509,593,598,150,0,135,0,515,78,0,411,753,114,1050,1270,1144,665,1069,996,1027,886
project/sim_ext.py --sim-time 1.5 --seq-graph project/file/graph_15_nodes.json --traffic project/file/traffic_15_nodes_random.json --inspection-rate 0.001 --mess-rate 0.002,1.017291000001,268,338,152,247,153,96,460,172,12,312,114,292,0,0,426,433,643,67,566,324,0,0,254,510,594,599,150,0,135,0,516,78,0,411,753,114,1050,1270,1144,665,1069,996,1027,886
project/sim_ext.py --sim-time 1.5 --seq-graph project/file/graph_15_nodes.json --traffic project/file/traffic_15_nodes_random.json --inspection-rate 0.001 --mess-rate 0.002,1.0183748451225236,268,338,152,247,153,96,460,172,12,312,114,292,0,0,426,433,645,67,566,324,0,0,254,510,594,601,150,0,135,0,516,78,0,411,753,114,1050,1270,1144,665,1069,996,1027,886
project/sim_ext.py --sim-time 1.5 --seq-graph project/file/graph_15_nodes.json --traffic project/file/traffic_15_nodes_random.json --inspection-rate 0.001 --mess-rate 0.002,1.019424999913,268,338,152,247,153,96,461,172,12,312,114,292,0,0,428,433,645,67,569,324,0,0,254,510,594,601,150,0,135,0,518,78,0,411,753,114,1050,1270,1144,665,1069,996,1027,886
project/sim_ext.py --sim-time 1.5 --seq-graph project/file/graph_15_nodes.json --traffic project/file/traffic_15_nodes_random.json --inspection-rate 0.001 --mess-rate 0.002,1.020458000001,268,338,152,247,153,96,461,172,12,312,114,292,0,0,428,433,645,67,569,324,0,0,254,510,594,601,150,0,135,0,518,78,0,411,753,114,1050,1270,1144,665,1069,996,1027,886
project/sim_ext.py --sim-time 1.5 --seq-graph project/file/graph_15_nodes.json --traffic project/file/traffic_15_nodes_random.json --inspection-rate 0.001 --mess-rate 0.002,1.0215200479412068,268,338,152,247,153,96,461,172,12,312,114,292,0,0,430,433,646,67,570,324,0,0,254,512,594,601,151,0,135,0,518,78,0,411,753,114,1051,1270,1144,665,1069,996,1027,886
project/sim_ext.py --sim-time 1.5 --seq-graph project/file/graph_15_nodes.json --traffic project/file/traffic_15_nodes_random.json --inspection-rate 0.001 --mess-rate 0.002,1.0225480000009999,268,338,152,247,153,96,462,172,12,312,114,292,0,0,430,433,648,67,570,324,0,0,254,513,594,601,152,0,135,0,519,78,0,411,753,114,1052,1270,1144,665,1069,996,1027,886
project/sim_ext.py --sim-time 1.5 --seq-graph project/file/graph_15_nodes.json --traffic project/file/traffic_15_nodes_random.json --inspection-rate 0.001 --mess-rate 0.002,1.023555199997,272,341,157,253,155,98,469,174,12,313,114,295,0,0,430,437,654,68,570,326,0,0,255,519,594,613,153,0,137,0,521,85,0,415,757,117,1070,1293,1168,683,1087,1016,1043,905
project/sim_ext.py --sim-time 1.5 --seq-graph project/file/graph_15_nodes.json --traffic project/file/traffic_15_nodes_random.json --inspection-rate 0.001 --mess-rate 0.002,1.024578000001,272,341,157,253,155,99,470,174,12,313,114,295,0,0,432,437,657,68,570,326,0,0,256,519,594,614,153,0,138,0,522,85,0,417,758,118,1075,1304,1174,687,1089,1019,1043,908
project/sim_ext.py --sim-time 1.5 --seq-graph project/file/graph_15_nodes.json --traffic project/file/traffic_15_nodes_random.json --inspection-rate 0.001 --mess-rate 0.002,1.025801599997,272,341,157,253,155,100,472,174,12,313,114,295,0,0,432,438,657,68,570,326,0,0,256,519,594,614,153,0,138,0,522,85,0,417,758,118,1075,1304,1174,688,1089,1019,1050,908
project/sim_ext.py --sim-time 1.5 --seq-graph project/file/graph_15_nodes.json --traffic project/file/traffic_15_nodes_random.json --inspection-rate 0.001 --mess-rate 0.002,1.026868199997,273,342,160,256,156,101,473,177,12,313,114,296,0,0,432,438,660,72,576,326,0,0,257,521,594,621,153,0,139,0,522,88,0,419,759,118,1083,1314,1183,696,1094,1028,1055,914
project/sim_ext.py --sim-time 1.5 --seq-graph project/file/graph_15_nodes.json --traffic project/file/traffic_15_nodes_random.json --inspection-rate 0.001 --mess-rate 0.002,1.027948199997,273,343,160,258,156,103,476,177,12,316,114,296,0,0,432,438,664,72,576,326,0,0,257,521,596,621,153,0,139,0,523,88,0,419,759,120,1083,1319,1188,701,1095,1031,1056,914
project/sim_ext.py --sim-time 1.5 --seq-graph project/file/graph_15_nodes.json --traffic project/file/traffic_15_nodes_random.json --inspection-rate 0.001 --mess-rate 0.002,1.029049000001,274,343,160,258,158,103,479,177,12,317,114,297,0,0,432,438,664,73,576,326,0,0,257,523,597,625,153,0,139,0,523,88,0,419,761,120,1083,1323,1190,702,1100,1033,1058,917
project/sim_ext.py --sim-time 1.5 --seq-graph project/file/graph_15_nodes.json --traffic project/file/traffic_15_nodes_random.json --inspection-rate 0.001 --mess-rate 0.002,1.030233000001,274,344,160,259,158,103,479,179,12,317,118,297,0,0,432,439,665,74,576,326,0,0,257,528,598,625,153,0,139,0,523,88,0,420,761,120,1083,1323,1190,706,1103,1033,1059,919
project/sim_ext.py --sim-time 1.5 --seq-graph project/file/graph_15_nodes.json --traffic project/file/traffic_15_nodes_random.json --inspection-rate 0.001 --mess-rate 0.002,1.031350231371712,274,344,162,260,159,104,479,183,12,317,118,297,0,0,434,441,665,75,576,326,0,0,257,528,598,625,153,0,139,0,523,88,0,424,761,120,1083,1323,1190,710,1103,1040,1064,923
project/sim_ext.py --sim-time 1.5 --seq-graph project/file/graph_15_nodes.json --traffic project/file/traffic_15_nodes_random.json --inspection-rate 0.001 --mess-rate 0.002,1.032506000001,274,344,164,260,159,104,479,183,12,317,120,297,0,0,434,441,667,75,576,326,0,0,257,528,599,625,153,0,139,0,524,88,0,425,762,120,1083,1323,1190,711,1106,1041,1065,924
project/sim_ext.py --sim-time 1.5 --seq-graph project/file/graph_15_nodes.json --traffic project/file/traffic_15_nodes_random.json --inspection-rate 0.001 --mess-rate 0.002,1.033692799997,274,344,164,260,159,104,480,183,12,320,120,297,0,0,436,441,668,75,576,326,0,0,257,529,599,626,153,0,139,0,524,88,0,425,762,120,1083,1323,1190,711,1106,1041,1065,925
project/sim_ext.py --sim-time 1.5 --seq-graph project/file/graph_15_nodes.json --traffic project/file/traffic_15_nodes_random.json --inspection-rate 0.001 --mess-rate 0.002,1.0347849999129999,274,344,165,260,159,104,481,184,12,321,120,297,0,0,436,441,668,75,576,326,0,0,257,529,600,626,153,0,139,0,524,88,0,426,762,120,1083,1323,1190,711,1106,1041,1065,926
project/sim_ext.py --sim-time 1.5 --seq-graph project/file/graph_15_nodes.json --traffic project/file/traffic_15_nodes_random.json --inspection-rate 0.001 --mess-rate 0.002,1.0359956671673,274,344,165,260,159,104,482,184,12,321,120,297,0,0,436,441,668,75,576,326,0,0,257,529,600,626,153,0,139,0,524,88,0,426,762,120,1083,1323,1190,711,1106,1041,1065,926
project/sim_ext.py --sim-time 1.5 --seq-graph project/file/graph_15_nodes.json --traffic project/file/traffic_15_nodes_random.json --inspection-rate 0.001 --mess-rate 0.002,1.037048000001,274,345,165,260,159,104,482,184,12,321,120,297,0,0,436,441,670,75,576,326,0,0,257,529,600,626,153,0,139,0,524,88,0,426,762,120,1083,1323,1190,711,1106,1041,1065,926
project/sim_ext.py --sim-time 1.5 --seq-graph project/file/graph_15_nodes.json --traffic project/file/traffic_15_nodes_random.json --inspection-rate 0.001 --mess-rate 0.002,1.03818105891658,274,346,165,260,159,104,482,184,12,321,120,297,0,0,436,441,670,75,576,326,0,0,257,529,600,626,153,0,139,0,524,88,0,426,762,120,1083,1323,1190,711,1106,1041,1065,926
project/sim_ext.py --sim-time 1.5 --seq-graph project/file/graph_15_nodes.json --traffic project/file/traffic_15_nodes_random.json --inspection-rate 0.001 --mess-rate 0.002,1.039238000001,274,346,165,260,159,104,484,184,12,321,120,297,0,0,436,441,670,75,580,326,0,0,257,529,600,626,153,0,139,0,524,88,0,426,762,120,1083,1323,1190,711,1106,1041,1065,926
project/sim_ext.py --sim-time 1.5 --seq-graph project/file/graph_15_nodes.json --traffic project/file/traffic_15_nodes_random.json --inspection-rate 0.001 --mess-rate 0.002,1.04027499991,274,346,165,260,159,104,487,184,12,321,120,297,0,0,437,441,671,75,581,326,0,0,257,529,601,626,153,0,139,0,527,88,0,426,762,120,1083,1323,1190,711,1106,1041,1065,926
project/sim_ext.py --sim-time 1.5 --seq-graph project/file/graph_15_nodes.json --traffic project/file/traffic_15_nodes_random.json --inspection-rate 0.001 --mess-rate 0.002,1.041326826068263,274,346,165,260,159,104,489,184,12,321,120,297,0,0,438,441,671,75,581,326,0,0,257,529,601,626,153,0,139,0,529,88,0,426,762,120,1083,1323,1190,711,1106,1041,1065,926
project/sim_ext.py --sim-time 1.5 --seq-graph project/file/graph_15_nodes.json --traffic project/file/traffic_15_nodes_random.json --inspection-rate 0.001 --mess-rate 0.002,1.042392000001,274,347,165,260,159,104,490,184,12,321,120,297,0,0,440,441,672,75,581,326,0,0,257,529,602,626,153,0,139,0,529,88,0,426,762,120,1083,1323,1190,711,1106,1041,1065,926
project/sim_ext.py --sim-time 1.5 --seq-graph project/file/graph_15_nodes.json --traffic project/file/traffic_15_nodes_random.json --inspection-rate 0.001 --mess-rate 0.002,1.0437618688180863,274,347,165,260,159,104,490,184,12,321,120,297,0,0,440,441,672,75,581,326,0,0,257,530,605,626,153,0,139,0,531,88,0,426,762,120,1083,1323,1190,711,1106,1041,1065,926
project/sim_ext.py --sim-time 1.5 --seq-graph project/file/graph_15_nodes.json --traffic project/file/traffic_15_nodes_random.json --inspection-rate 0.001 --mess-rate 0.002,1.044790000001,274,347,165,260,159,104,490,184,12,321,120,297,0,0,440,441,672,75,581,326,0,0,257,530,606,626,153,0,139,0,531,88,0,426,762,120,1083,1323,1190,711,1106,1041,1065,926
project/sim_ext.py --sim-time 1.5 --seq-graph project/file/graph_15_nodes.json --traffic project/file/traffic_15_nodes_random.json --inspection-rate 0.001 --mess-rate 0.002,1.045822000001,274,347,165,260,159,104,490,184,12,321,120,297,0,0,441,441,672,75,581,326,0,0,257,530,607,626,153,0,139,0,531,88,0,426,762,120,1083,1323,1190,711,1106,1041,1065,926
project/sim_ext.py --sim-time 1.5 --seq-graph project/file/graph_15_nodes.json --traffic project/file/traffic_15_nodes_random.json --inspection-rate 0.001 --mess-rate 0.002,1.046871000001,274,347,165,260,159,104,491,184,12,321,120,297,0,0,441,441,673,75,581,326,0,0,257,530,608,626,153,0,139,0,533,88,0,426,762,120,1083,1323,1190,711,1106,1041,1065,926
project/sim_ext.py --sim-time 1.5 --seq-graph project/file/graph_15_nodes.json --traffic project/file/traffic_15_nodes_random.json --inspection-rate 0.001 --mess-rate 0.002,1.0479992970938117,274,347,165,260,159,104,491,184,12,321,120,297,0,0,441,441,673,75,583,326,0,0,257,530,608,626,153,0,139,0,533,88,0,426,762,120,1083,1323,1190,711,1106,1041,1065,926
project/sim_ext.py --sim-time 1.5 --seq-graph project/file/graph_15_nodes.json --traffic project/file/traffic_15_nodes_random.json --inspection-rate 0.001 --mess-rate 0.002,1.049077000001,274,347,165,260,159,104,491,184,12,321,120,297,0,0,441,441,675,75,583,326,0,0,257,530,609,626,153,0,139,0,533,88,0,426,762,120,1083,1323,1190,711,1106,1041,1065,926
project/sim_ext.py --sim-time 1.5 --seq-graph project/file/graph_15_nodes.json --traffic project/file/traffic_15_nodes_random.json --inspection-rate 0.001 --mess-rate 0.002,1.050172447288352,274,347,165,260,159,104,491,184,12,321,120,297,0,0,441,441,675,75,583,326,0,0,257,533,609,626,153,0,139,0,533,88,0,426,762,120,1083,1323,1190,711,1106,1041,1065,926
project/sim_ext.py --sim-time 1.5 --seq-graph project/file/graph_15_nodes.json --traffic project/file/traffic_15_nodes_random.json --inspection-rate 0.001 --mess-rate 0.002,1.051252000001,274,347,165,260,159,104,491,184,12,321,120,297,0,0,441,441,676,75,584,326,0,0,257,534,609,626,153,0,139,0,533,88,0,426,762,120,1083,1323,1190,711,1106,1041,1065,926
project/sim_ext.py --sim-time 1.5 --seq-graph project/file/graph_15_nodes.json --traffic project/file/traffic_15_nodes_random.json --inspection-rate 0.001 --mess-rate 0.002,1.052332000001,274,347,165,260,159,104,491,184,12,321,120,297,0,0,441,441,676,75,584,326,0,0,257,535,609,626,153,0,139,0,533,88,0,426,762,120,1083,1323,1190,711,1106,1041,1065,926
project/sim_ext.py --sim-time 1.5 --seq-graph project/file/graph_15_nodes.json --traffic project/file/traffic_15_nodes_random.json --inspection-rate 0.001 --mess-rate 0.002,1.053390000001,274,347,165,260,159,104,491,184,12,321,120,297,0,0,441,441,676,75,584,326,0,0,257,535,609,626,153,0,139,0,533,88,0,426,762,120,1083,1323,1190,711,1106,1041,1065,926
project/sim_ext.py --sim-time 1.5 --seq-graph project/file/graph_15_nodes.json --traffic project/file/traffic_15_nodes_random.json --inspection-rate 0.001 --mess-rate 0.002,1.054507000001,276,351,165,269,161,108,499,184,12,329,123,305,0,0,441,441,678,78,586,326,0,0,260,537,610,642,156,0,141,0,535,88,0,426,773,121,1104,1353,1212,711,1131,1062,1086,947
project/sim_ext.py --sim-time 1.5 --seq-graph project/file/graph_15_nodes.json --traffic project/file/traffic_15_nodes_random.json --inspection-rate 0.001 --mess-rate 0.002,1.055610599997,276,352,165,269,161,109,500,185,12,330,123,305,0,0,442,446,679,78,586,329,0,0,260,537,610,645,156,0,141,0,535,89,0,429,774,121,1105,1357,1213,711,1132,1067,1088,947
project/sim_ext.py --sim-time 1.5 --seq-graph project/file/graph_15_nodes.json --traffic project/file/traffic_15_nodes_random.json --inspection-rate 0.001 --mess-rate 0.002,1.056815999997,277,353,165,269,162,109,502,185,12,330,124,307,0,0,444,447,681,80,586,329,0,0,260,541,610,646,157,0,141,0,538,89,0,429,776,122,1115,1361,1219,711,1138,1072,1095,950
project/sim_ext.py --sim-time 1.5 --seq-graph project/file/graph_15_nodes.json --traffic project/file/traffic_15_nodes_random.json --inspection-rate 0.001 --mess-rate 0.002,1.057874999917,278,353,168,270,163,109,505,188,12,333,124,308,0,0,444,447,682,80,586,331,0,0,260,543,613,648,158,0,142,0,538,90,0,431,780,122,1117,1369,1223,711,1139,1074,1098,951
project/sim_ext.py --sim-time 1.5 --seq-graph project/file/graph_15_nodes.json --traffic project/file/traffic_15_nodes_random.json --inspection-rate 0.001 --mess-rate 0.002,1.058893799997,278,354,168,271,164,109,505,188,12,333,125,309,0,0,444,447,684,81,590,331,0,0,261,543,613,649,158,0,144,0,538,91,0,431,782,124,1121,1371,1224,711,1142,1075,1103,953
project/sim_ext.py --sim-time 1.5 --seq-graph project/file/graph_15_nodes.json --traffic project/file/traffic_15_nodes_random.json --inspection-rate 0.001 --mess-rate 0.002,1.0599330000009999,279,355,168,273,165,109,505,188,12,333,125,309,0,0,444,447,685,81,591,331,0,0,261,543,614,649,159,0,144,0,538,91,0,431,782,125,1122,1375,1226,711,1144,1078,1106,954
project/sim_ext.py --sim-time 1.5 --seq-graph project/file/graph_15_nodes.json --traffic project/file/traffic_15_nodes_random.json --inspection-rate 0.001 --mess-rate 0.002,1.061094999913,279,355,171,275,165,111,505,189,12,333,126,309,0,0,444,448,687,81,591,333,0,0,261,543,615,649,160,0,144,0,542,91,0,434,782,125,1123,1375,1226,711,1146,1080,1108,956
project/sim_ext.py --sim-time 1.5 --seq-graph project/file/graph_15_nodes.json --traffic project/file/traffic_15_nodes_random.json --inspection-rate 0.001 --mess-rate 0.002,1.062108000001,279,355,171,275,166,111,506,189,12,336,126,309,0,0,444,448,687,81,592,333,0,0,261,543,615,649,161,0,144,0,542,91,0,434,782,125,1124,1375,1227,711,1147,1085,1110,956
project/sim_ext.py --sim-time 1.5 --seq-graph project/file/graph_15_nodes.json --traffic project/file/traffic_15_nodes_random.json --inspection-rate 0.001 --mess-rate 0.002,1.0634121999969999,279,355,171,275,166,111,507,190,12,336,126,309,0,0,444,449,688,81,592,336,0,0,261,543,615,649,161,0,144,0,542,91,0,434,782,125,1124,1375,1227,713,1147,1087,1110,957
project/sim_ext.py --sim-time 1.5 --seq-graph project/file/graph_15_nodes.json --traffic project/file/traffic_15_nodes_random.json --inspection-rate 0.001 --mess-rate 0.002,1.064450000001,279,355,172,275,166,111,508,191,12,336,126,309,0,0,446,450,689,83,593,337,0,0,261,547,615,649,161,0,144,0,544,91,0,434,782,125,1124,1375,1227,729,1147,1087,1110,960
project/sim_ext.py --sim-time 1.5 --seq-graph project/file/graph_15_nodes.json --traffic project/file/traffic_15_nodes_random.json --inspection-rate 0.001 --mess-rate 0.002,1.065495000001,279,355,173,275,166,111,509,192,12,336,126,309,0,0,446,450,689,83,593,337,0,0,261,547,615,649,161,0,144,0,544,91,0,434,782,125,1124,1375,1227,732,1147,1087,1110,962
project/sim_ext.py --sim-time 1.5 --seq-graph project/file/graph_15_nodes.json --traffic project/file/traffic_15_nodes_random.json --inspection-rate 0.001 --mess-rate 0.002,1.0667590000009999,279,355,173,275,166,111,509,192,12,336,126,309,0,0,446,450,689,83,593,338,0,0,261,547,615,649,161,0,144,0,545,91,0,434,782,125,1124,1375,1227,733,1147,1087,1110,962
project/sim_ext.py --sim-time 1.5 --seq-graph project/file/graph_15_nodes.json --traffic project/file/traffic_15_nodes_random.json --inspection-rate 0.001 --mess-rate 0.002,1.067778000001,279,355,175,275,166,111,510,194,12,336,126,309,0,0,448,451,689,83,596,338,0,0,261,550,615,649,161,0,144,0,546,91,0,436,782,125,1124,1375,1227,735,1147,1087,1110,964
project/sim_ext.py --sim-time 1.5 --seq-graph project/file/graph_15_nodes.json --traffic project/file/traffic_15_nodes_random.json --inspection-rate 0.001 --mess-rate 0.002,1.0687940000009999,279,355,175,275,166,111,510,194,12,336,126,309,0,0,448,452,689,83,596,338,0,0,261,550,615,649,161,0,144,0,546,91,0,436,782,125,1124,1375,1227,736,1147,1087,1110,964
project/sim_ext.py --sim-time 1.5 --seq-graph project/file/graph_15_nodes.json --traffic project/file/traffic_15_nodes_random.json --inspection-rate 0.001 --mess-rate 0.002,1.069866000001,279,355,176,275,166,111,512,194,12,336,126,309,0,0,448,453,690,83,597,338,0,0,261,550,615,649,161,0,144,0,546,91,0,436,782,125,1124,1375,1227,736,1147,1087,1110,964
project/sim_ext.py --sim-time 1.5 --seq-graph project/file/graph_15_nodes.json --traffic project/file/traffic_15_nodes_random.json --inspection-rate 0.001 --mess-rate 0.002,1.070966000001,279,356,176,275,166,111,512,194,12,336,126,309,0,0,448,453,691,83,597,339,0,0,261,551,616,649,161,0,144,0,546,91,0,437,782,125,1124,1375,1227,738,1147,1087,1110,964
project/sim_ext.py --sim-time 1.5 --seq-graph project/file/graph_15_nodes.json --traffic project/file/traffic_15_nodes_random.json --inspection-rate 0.001 --mess-rate 0.002,1.072009000001,279,357,176,275,166,111,512,198,12,336,126,309,0,0,448,453,691,83,597,339,0,0,261,552,618,649,161,0,144,0,546,91,0,437,782,125,1124,1375,1227,740,1147,1087,1110,964
project/sim_ext.py --sim-time 1.5 --seq-graph project/file/graph_15_nodes.json --traffic project/file/traffic_15_nodes_random.json --inspection-rate 0.001 --mess-rate 0.002,1.073049000001,279,357,177,275,166,111,512,198,12,336,126,309,0,0,449,453,692,83,597,340,0,0,261,556,618,649,161,0,144,0,546,91,0,437,782,125,1124,1375,1227,740,1147,1087,1110,964
project/sim_ext.py --sim-time 1.5 --seq-graph project/file/graph_15_nodes.json --traffic project/file/traffic_15_nodes_random.json --inspection-rate 0.001 --mess-rate 0.002,1.074114999913,279,358,177,275,166,111,512,198,12,336,126,309,0,0,451,453,692,83,598,340,0,0,261,557,620,649,161,0,144,0,550,91,0,437,782,125,1124,1375,1227,742,1147,1087,1110,964
project/sim_ext.py --sim-time 1.5 --seq-graph project/file/graph_15_nodes.json --traffic project/file/traffic_15_nodes_random.json --inspection-rate 0.001 --mess-rate 0.002,1.075181000001,279,358,179,275,166,111,512,198,12,336,126,309,0,0,451,453,693,83,599,340,0,0,261,560,620,649,161,0,144,0,550,91,0,437,782,125,1124,1375,1227,743,1147,1087,1110,964
project/sim_ext.py --sim-time 1.5 --seq-graph project/file/graph_15_nodes.json --traffic project/file/traffic_15_nodes_random.json --inspection-rate 0.001 --mess-rate 0.002,1.0762803999969999,279,358,179,275,166,111,512,199,12,336,126,309,0,0,451,455,695,83,599,341,0,0,261,560,620,649,161,0,144,0,550,91,0,440,782,125,1124,1375,1227,743,1147,1087,1110,964
project/sim_ext.py --sim-time 1.5 --seq-graph project/file/graph_15_nodes.json --traffic project/file/traffic_15_nodes_random.json --inspection-rate 0.001 --mess-rate 0.002,1.077329000001,279,358,179,275,166,111,512,199,12,336,126,309,0,0,451,456,696,83,599,341,0,0,261,560,620,649,161,0,144,0,550,91,0,440,782,125,1124,1375,1227,743,1147,1087,1110,964
project/sim_ext.py --sim-time 1.5 --seq-graph project/file/graph_15_nodes.json --traffic project/file/traffic_15_nodes_random.json --inspection-rate 0.001 --mess-rate 0.002,1.078364000001,279,358,179,275,166,111,512,199,12,336,126,309,0,0,452,456,697,83,600,342,0,0,261,560,620,649,161,0,144,0,550,91,0,441,782,125,1124,1375,1227,743,1147,1087,1110,964
project/sim_ext.py --sim-time 1.5 --seq-graph project/file/graph_15_nodes.json --traffic project/file/traffic_15_nodes_random.json --inspection-rate 0.001 --mess-rate 0.002,1.079484799997,279,358,180,275,166,111,512,201,12,336,126,309,0,0,453,457,698,83,600,342,0,0,261,561,620,649,161,0,144,0,550,91,0,441,782,125,1124,1375,1227,743,1147,1087,1110,964
project/sim_ext.py --sim-time 1.5 --seq-graph project/file/graph_15_nodes.json --traffic project/file/traffic_15_nodes_random.json --inspection-rate 0.001 --mess-rate 0.002,1.0805460000009999,279,358,180,275,166,111,512,201,12,336,126,309,0,0,454,457,698,83,600,342,0,0,261,561,620,649,161,0,144,0,550,91,0,441,782,125,1124,1375,1227,743,1147,1087,1110,964
project/sim_ext.py --sim-time 1.5 --seq-graph project/file/graph_15_nodes.json --traffic project/file/traffic_15_nodes_random.json --inspection-rate 0.001 --mess-rate 0.002,1.0816230000009999,279,358,180,275,166,111,513,201,12,336,126,309,0,0,454,457,698,83,600,342,0,0,261,561,621,649,161,0,144,0,553,91,0,441,782,125,1124,1375,1227,743,1147,1087,1110,964
project/sim_ext.py --sim-time 1.5 --seq-graph project/file/graph_15_nodes.json --traffic project/file/traffic_15_nodes_random.json --inspection-rate 0.001 --mess-rate 0.002,1.082658099995957,279,358,180,275,166,111,513,201,12,336,126,309,0,0,456,457,698,83,603,342,0,0,261,561,622,649,161,0,144,0,554,91,0,441,782,125,1124,1375,1227,743,1147,1087,1110,964
project/sim_ext.py --sim-time 1.5 --seq-graph project/file/graph_15_nodes.json --traffic project/file/traffic_15_nodes_random.json --inspection-rate 0.001 --mess-rate 0.002,1.083763659520577,279,358,180,275,166,111,513,201,12,336,126,309,0,0,456,457,702,83,603,342,0,0,261,561,623,649,161,0,144,0,554,91,0,441,782,125,1124,1375,1227,743,1147,1087,1110,964
project/sim_ext.py --sim-time 1.5 --seq-graph project/file/graph_15_nodes.json --traffic project/file/traffic_15_nodes_random.json --inspection-rate 0.001 --mess-rate 0.002,1.084841599997,279,358,182,275,166,111,513,204,12,336,126,309,0,0,458,459,703,83,604,344,0,0,261,561,623,649,161,0,144,0,554,91,0,442,782,125,1134,1375,1227,743,1147,1087,1110,964
project/sim_ext.py --sim-time 1.5 --seq-graph project/file/graph_15_nodes.json --traffic project/file/traffic_15_nodes_random.json --inspection-rate 0.001 --mess-rate 0.002,1.085845000001,279,358,184,275,166,111,513,204,12,336,126,309,0,0,458,459,703,83,604,344,0,0,261,561,623,649,163,0,144,0,554,91,0,442,782,125,1134,1375,1227,743,1147,1087,1110,964
project/sim_ext.py --sim-time 1.5 --seq-graph project/file/graph_15_nodes.json --traffic project/file/traffic_15_nodes_random.json --inspection-rate 0.001 --mess-rate 0.002,1.086848000001,279,358,184,275,166,111,513,204,12,336,126,309,0,0,458,459,704,83,604,344,0,0,261,561,624,649,164,0,144,0,556,91,0,442,782,125,1134,1375,1227,743,1147,1087,1110,964
project/sim_ext.py --sim-time 1.5 --seq-graph project/file/graph_15_nodes.json --traffic project/file/traffic_15_nodes_random.json --inspection-rate 0.001 --mess-rate 0.002,1.0880250000009999,279,358,184,275,166,111,513,204,12,336,126,309,0,0,459,459,705,83,604,344,0,0,261,563,624,649,164,0,144,0,558,91,0,442,782,125,1137,1375,1227,743,1147,1087,1110,964
project/sim_ext.py --sim-time 1.5 --seq-graph project/file/graph_15_nodes.json --traffic project/file/traffic_15_nodes_random.json --inspection-rate 0.001 --mess-rate 0.002,1.0891560000009999,279,358,184,275,166,111,513,204,12,336,126,309,0,0,460,459,705,83,604,345,0,0,261,563,626,649,164,0,144,0,558,91,0,442,782,125,1137,1375,1227,743,1147,1087,1110,964
project/sim_ext.py --sim-time 1.5 --seq-graph project/file/graph_15_nodes.json --traffic project/file/traffic_15_nodes_random.json --inspection-rate 0.001 --mess-rate 0.002,1.090255000001,279,358,186,275,166,111,513,205,12,336,126,309,0,0,461,461,705,83,605,345,0,0,261,564,626,649,164,0,144,0,558,91,0,448,782,125,1137,1375,1227,743,1147,1087,1110,964
project/sim_ext.py --sim-time 1.5 --seq-graph project/file/graph_15_nodes.json --traffic project/file/traffic_15_nodes_random.json --inspection-rate 0.001 --mess-rate 0.002,1.091321000001,279,358,186,275,166,111,513,205,12,336,126,309,0,0,461,461,705,83,605,347,0,0,261,565,626,649,164,0,144,0,558,91,0,449,782,125,1137,1375,1227,743,1147,1087,1110,964
project/sim_ext.py --sim-time 1.5 --seq-graph project/file/graph_15_nodes.json --traffic project/file/traffic_15_nodes_random.json --inspection-rate 0.001 --mess-rate 0.002,1.092471000001,279,358,186,275,166,111,513,205,12,336,126,309,0,0,461,463,706,83,605,347,0,0,261,565,626,649,164,0,144,0,558,91,0,450,782,125,1137,1375,1227,743,1147,1087,1110,964
project/sim_ext.py --sim-time 1.5 --seq-graph project/file/graph_15_nodes.json --traffic project/file/traffic_15_nodes_random.json --inspection-rate 0.001 --mess-rate 0.002,1.0934948004876381,279,358,186,275,166,111,513,205,12,336,126,309,0,0,463,463,706,83,605,347,0,0,261,565,626,649,164,0,144,0,558,91,0,450,782,125,1137,1375,1227,743,1147,1087,1110,964
project/sim_ext.py --sim-time 1.5 --seq-graph project/file/graph_15_nodes.json --traffic project/file/traffic_15_nodes_random.json --inspection-rate 0.001 --mess-rate 0.002,1.0945300000009999,279,358,186,275,166,111,513,205,12,336,126,309,0,0,464,463,706,83,605,348,0,0,261,565,627,649,166,0,144,0,564,91,0,451,782,125,1138,1375,1227,743,1147,1087,1110,964
project/sim_ext.py --sim-time 1.5 --seq-graph project/file/graph_15_nodes.json --traffic project/file/traffic_15_nodes_random.json --inspection-rate 0.001 --mess-rate 0.002,1.095537999997,282,360,186,281,169,115,521,205,12,336,127,316,0,0,465,463,711,84,605,351,0,0,261,566,627,660,166,0,145,0,564,93,0,453,789,126,1138,1402,1254,743,1173,1103,1121,990
project/sim_ext.py --sim-time 1.5 --seq-graph project/file/graph_15_nodes.json --traffic project/file/traffic_15_nodes_random.json --inspection-rate 0.001 --mess-rate 0.002,1.096745599997,283,362,186,283,169,115,522,208,12,339,127,316,0,0,465,463,713,86,605,352,0,0,261,567,627,661,166,0,145,0,564,93,0,454,790,126,1149,1407,1257,743,1175,1104,1121,993
project/sim_ext.py --sim-time 1.5 --seq-graph project/file/graph_15_nodes.json --traffic project/file/traffic_15_nodes_random.json --inspection-rate 0.001 --mess-rate 0.002,1.097748199997,283,363,186,283,170,115,522,208,12,339,128,318,0,0,465,463,714,86,609,353,0,0,261,569,627,667,166,0,145,0,564,93,0,454,793,127,1154,1410,1259,743,1178,1106,1127,993
project/sim_ext.py --sim-time 1.5 --seq-graph project/file/graph_15_nodes.json --traffic project/file/traffic_15_nodes_random.json --inspection-rate 0.001 --mess-rate 0.002,1.098921599997,283,364,187,283,170,117,523,209,12,340,129,319,0,0,466,465,716,86,610,353,0,0,261,572,627,669,167,0,145,0,567,94,0,457,796,128,1160,1417,1262,743,1178,1107,1131,997
project/sim_ext.py --sim-time 1.5 --seq-graph project/file/graph_15_nodes.json --traffic project/file/traffic_15_nodes_random.json --inspection-rate 0.001 --mess-rate 0.002,1.099996000001,286,365,187,283,170,117,531,209,12,340,129,319,0,0,466,466,718,86,611,353,0,0,261,572,628,669,167,0,146,0,567,94,0,458,796,128,1160,1422,1265,743,1179,1107,1131,1000
project/sim_ext.py --sim-time 1.5 --seq-graph project/file/graph_15_nodes.json --traffic project/file/traffic_15_nodes_random.json --inspection-rate 0.001 --mess-rate 0.002,1.101014000001,286,365,187,283,170,117,532,209,12,340,129,320,0,0,466,466,719,86,613,355,0,0,261,573,628,669,167,0,146,0,568,94,0,458,796,129,1160,1423,1268,743,1179,1107,1132,1001
project/sim_ext.py --sim-time 1.5 --seq-graph project/file/graph_15_nodes.json --traffic project/file/traffic_15_nodes_random.json --inspection-rate 0.001 --mess-rate 0.002,1.102076000001,287,369,187,289,171,117,533,209,12,346,129,323,0,0,467,466,719,86,613,356,0,0,262,573,629,671,167,0,146,0,568,94,0,460,797,129,1160,1424,1271,743,1179,1114,1134,1005
project/sim_ext.py --sim-time 1.5 --seq-graph project/file/graph_15_nodes.json --traffic project/file/traffic_15_nodes_random.json --inspection-rate 0.001 --mess-rate 0.002,1.103185000001,287,369,187,289,171,117,538,210,12,346,129,324,0,0,468,468,719,86,613,356,0,0,263,573,629,671,167,0,146,0,571,94,0,461,798,129,1160,1424,1271,754,1186,1116,1140,1007
project/sim_ext.py --sim-time 1.5 --seq-graph project/file/graph_15_nodes.json --traffic project/file/traffic_15_nodes_random.json --inspection-rate 0.001 --mess-rate 0.002,1.1043571999969999,290,370,187,289,171,119,538,210,12,348,129,324,0,0,468,468,720,86,613,356,0,0,263,573,629,671,167,0,146,0,571,94,0,461,798,129,1160,1424,1272,755,1186,1117,1142,1007
project/sim_ext.py --sim-time 1.5 --seq-graph project/file/graph_15_nodes.json --traffic project/file/traffic_15_nodes_random.json --inspection-rate 0.001 --mess-rate 0.002,1.105470505584878,290,370,187,289,171,119,538,210,12,348,129,324,0,0,468,469,722,86,613,356,0,0,263,576,629,672,167,0,146,0,572,94,0,461,798,129,1160,1424,1272,755,1186,1121,1143,1007
project/sim_ext.py --sim-time 1.5 --seq-graph project/file/graph_15_nodes.json --traffic project/file/traffic_15_nodes_random.json --inspection-rate 0.001 --mess-rate 0.002,1.1065920000009999,290,370,187,289,172,119,538,210,12,348,129,324,0,0,469,470,723,86,613,356,0,0,263,576,634,672,167,0,146,0,572,94,0,461,798,129,1160,1424,1272,761,1187,1125,1143,1007
project/sim_ext.py --sim-time 1.5 --seq-graph project/file/graph_15_nodes.json --traffic project/file/traffic_15_nodes_random.json --inspection-rate 0.001 --mess-rate 0.002,1.1077419355283031,290,370,187,289,172,119,538,210,12,348,129,324,0,0,469,470,723,86,614,356,0,0,263,576,634,672,167,0,146,0,572,94,0,461,798,129,1160,1424,1272,762,1187,1125,1143,1007
project/sim_ext.py --sim-time 1.5 --seq-graph project/file/graph_15_nodes.json --traffic project/file/traffic_15_nodes_random.json --inspection-rate 0.001 --mess-rate 0.002,1.108817000001,290,371,187,289,172,119,538,210,12,348,129,324,0,0,470,470,724,86,615,356,0,0,263,577,634,672,167,0,146,0,572,94,0,461,798,129,1160,1424,1272,763,1187,1125,1143,1007
project/sim_ext.py --sim-time 1.5 --seq-graph project/file/graph_15_nodes.json --traffic project/file/traffic_15_nodes_random.json --inspection-rate 0.001 --mess-rate 0.002,1.109884000001,290,371,187,289,172,119,538,210,12,348,129,324,0,0,470,470,725,86,615,356,0,0,263,577,635,672,167,0,146,0,572,94,0,461,798,129,1160,1424,1272,765,1187,1125,1143,1007
project/sim_ext.py --sim-time 1.5 --seq-graph project/file/graph_15_nodes.json --traffic project/file/traffic_15_nodes_random.json --inspection-rate 0.001 --mess-rate 0.002,1.1109361812431289,290,372,187,289,172,119,538,210,12,348,129,324,0,0,471,470,725,86,615,356,0,0,263,577,635,672,167,0,146,0,572,94,0,461,798,129,1160,1424,1272,770,1187,1125,1143,1007
project/sim_ext.py --sim-time 1.5 --seq-graph project/file/graph_15_nodes.json --traffic project/file/traffic_15_nodes_random.json --inspection-rate 0.001 --mess-rate 0.002,1.1119863269115189,290,372,187,289,172,119,538,210,12,348,129,324,0,0,471,470,725,86,615,356,0,0,263,579,635,672,167,0,146,0,572,94,0,461,798,129,1160,1424,1272,771,1187,1125,1143,1007
project/sim_ext.py --sim-time 1.5 --seq-graph project/file/graph_15_nodes.json --traffic project/file/traffic_15_nodes_random.json --inspection-rate 0.001 --mess-rate 0.002,1.1130997097060151,290,374,187,289,172,119,538,210,12,348,129,324,0,0,471,470,725,86,615,356,0,0,263,579,636,672,167,0,146,0,573,94,0,461,798,129,1160,1424,1272,771,1187,1125,1143,1007
project/sim_ext.py --sim-time 1.5 --seq-graph project/file/graph_15_nodes.json --traffic project/file/traffic_15_nodes_random.json --inspection-rate 0.001 --mess-rate 0.002,1.1141982929887184,290,374,187,289,172,119,538,210,12,348,129,324,0,0,472,471,725,86,616,356,0,0,263,579,636,672,167,0,146,0,573,94,0,461,798,129,1160,1424,1272,773,1187,1125,1143,1007
project/sim_ext.py --sim-time 1.5 --seq-graph project/file/graph_15_nodes.json --traffic project/file/traffic_15_nodes_random.json --inspection-rate 0.001 --mess-rate 0.002,1.115361000001,290,374,187,289,172,119,538,210,12,348,129,324,0,0,472,472,727,86,616,356,0,0,263,580,638,672,169,0,146,0,573,94,0,461,798,129,1168,1424,1272,774,1187,1125,1143,1007
project/sim_ext.py --sim-time 1.5 --seq-graph project/file/graph_15_nodes.json --traffic project/file/traffic_15_nodes_random.json --inspection-rate 0.001 --mess-rate 0.002,1.116512999997,290,374,187,289,172,119,538,210,12,348,129,324,0,0,472,472,727,86,618,356,0,0,263,580,639,672,171,0,146,0,574,94,0,461,798,129,1170,1424,1272,774,1187,1125,1143,1007
project/sim_ext.py --sim-time 1.5 --seq-graph project/file/graph_15_nodes.json --traffic project/file/traffic_15_nodes_random.json --inspection-rate 0.001 --mess-rate 0.002,1.1175640000009999,290,374,187,289,172,119,538,210,12,348,129,324,0,0,472,472,727,86,619,356,0,0,263,580,639,672,171,0,146,0,575,94,0,461,798,129,1170,1424,1272,774,1187,1125,1143,1007
project/sim_ext.py --sim-time 1.5 --seq-graph project/file/graph_15_nodes.json --traffic project/file/traffic_15_nodes_random.json --inspection-rate 0.001 --mess-rate 0.002,1.118663000001,290,374,187,289,172,119,538,210,12,348,129,324,0,0,472,472,729,86,619,356,0,0,263,580,642,672,171,0,146,0,575,94,0,461,798,129,1170,1424,1272,774,1187,1125,1143,1007
project/sim_ext.py --sim-time 1.5 --seq-graph project/file/graph_15_nodes.json --traffic project/file/traffic_15_nodes_random.json --inspection-rate 0.001 --mess-rate 0.002,1.119674000001,290,374,187,289,172,119,538,210,12,348,129,324,0,0,473,473,730,86,619,356,0,0,263,580,642,672,171,0,146,0,576,94,0,461,798,129,1170,1424,1272,774,1187,1125,1143,1007
project/sim_ext.py --sim-time 1.5 --seq-graph project/file/graph_15_nodes.json --traffic project/file/traffic_15_nodes_random.json --inspection-rate 0.001 --mess-rate 0.002,1.120874999902,290,374,187,289,172,119,538,210,12,348,129,324,0,0,473,473,730,86,619,356,0,0,263,580,642,672,172,0,146,0,578,94,0,461,798,129,1170,1424,1272,774,1187,1125,1143,1007
project/sim_ext.py --sim-time 1.5 --seq-graph project/file/graph_15_nodes.json --traffic project/file/traffic_15_nodes_random.json --inspection-rate 0.001 --mess-rate 0.002,1.121976371022453,290,374,187,289,172,119,538,210,12,348,129,324,0,0,473,474,730,86,620,356,0,0,263,580,642,672,172,0,146,0,579,94,0,461,798,129,1170,1424,1272,774,1187,1125,1143,1007
project/sim_ext.py --sim-time 1.5 --seq-graph project/file/graph_15_nodes.json --traffic project/file/traffic_15_nodes_random.json --inspection-rate 0.001 --mess-rate 0.002,1.1230485646307213,290,374,187,289,172,119,538,210,12,348,129,324,0,0,473,474,732,86,620,356,0,0,263,580,642,672,172,0,146,0,579,94,0,461,798,129,1170,1424,1272,774,1187,1125,1143,1007
project/sim_ext.py --sim-time 1.5 --seq-graph project/file/graph_15_nodes.json --traffic project/file/traffic_15_nodes_random.json --inspection-rate 0.001 --mess-rate 0.002,1.124084199997,290,374,187,289,172,119,538,210,12,348,129,324,0,0,473,475,733,86,621,356,0,0,263,580,644,672,172,0,146,0,579,94,0,461,798,129,1170,1424,1272,774,1187,1125,1143,1007
project/sim_ext.py --sim-time 1.5 --seq-graph project/file/graph_15_nodes.json --traffic project/file/traffic_15_nodes_random.json --inspection-rate 0.001 --mess-rate 0.002,1.125163000001,290,374,187,289,172,119,538,210,12,348,129,324,0,0,473,475,733,86,621,356,0,0,263,580,644,672,172,0,146,0,579,94,0,461,798,129,1170,1424,1272,774,1187,1125,1143,1007
project/sim_ext.py --sim-time 1.5 --seq-graph project/file/graph_15_nodes.json --traffic project/file/traffic_15_nodes_random.json --inspection-rate 0.001 --mess-rate 0.002,1.126253000001,293,379,187,296,174,122,551,212,12,355,129,328,0,0,475,475,733,86,626,358,0,0,264,582,649,688,172,0,148,0,583,94,0,467,811,130,1189,1452,1291,774,1211,1145,1161,1028
project/sim_ext.py --sim-time 1.5 --seq-graph project/file/graph_15_nodes.json --traffic project/file/traffic_15_nodes_random.json --inspection-rate 0.001 --mess-rate 0.002,1.127392000001,295,379,187,296,174,122,555,212,12,356,129,329,0,0,476,477,733,86,628,359,0,0,264,582,652,688,172,0,148,0,586,94,0,470,811,130,1192,1453,1297,774,1215,1148,1166,1028
project/sim_ext.py --sim-time 1.5 --seq-graph project/file/graph_15_nodes.json --traffic project/file/traffic_15_nodes_random.json --inspection-rate 0.001 --mess-rate 0.002,1.128508799997,295,380,187,296,175,122,556,212,12,359,129,329,0,0,476,477,734,86,628,359,0,0,264,582,654,690,172,0,149,0,586,94,0,470,817,130,1194,1460,1302,774,1219,1149,1166,1030
project/sim_ext.py --sim-time 1.5 --seq-graph project/file/graph_15_nodes.json --traffic project/file/traffic_15_nodes_random.json --inspection-rate 0.001 --mess-rate 0.002,1.129530000001,297,380,187,297,176,122,557,213,12,360,129,330,0,0,476,479,734,86,628,361,0,0,264,583,654,692,172,0,149,0,586,94,0,472,818,131,1194,1471,1307,774,1222,1151,1174,1035
project/sim_ext.py --sim-time 1.5 --seq-graph project/file/graph_15_nodes.json --traffic project/file/traffic_15_nodes_random.json --inspection-rate 0.001 --mess-rate 0.002,1.130604999898,297,380,187,297,176,122,559,213,12,360,129,330,0,0,476,480,734,86,629,361,0,0,264,583,657,692,172,0,149,0,587,94,0,472,818,131,1194,1473,1309,774,1225,1151,1175,1037
project/sim_ext.py --sim-time 1.5 --seq-graph project/file/graph_15_nodes.json --traffic project/file/traffic_15_nodes_random.json --inspection-rate 0.001 --mess-rate 0.002,1.131750000001,297,380,187,298,176,122,559,214,12,360,129,333,0,0,476,480,734,86,632,363,0,0,266,583,662,693,172,0,149,0,587,94,0,473,818,132,1194,1474,1310,774,1227,1153,1183,1037
project/sim_ext.py --sim-time 1.5 --seq-graph project/file/graph_15_nodes.json --traffic project/file/traffic_15_nodes_random.json --inspection-rate 0.001 --mess-rate 0.002,1.132827000001,297,383,187,299,176,122,559,214,12,360,129,333,0,0,476,480,738,86,632,363,0,0,266,584,662,694,172,0,149,0,587,94,0,476,819,132,1194,1474,1312,774,1229,1156,1183,1040
project/sim_ext.py --sim-time 1.5 --seq-graph project/file/graph_15_nodes.json --traffic project/file/traffic_15_nodes_random.json --inspection-rate 0.001 --mess-rate 0.002,1.133991000001,298,383,187,299,176,123,559,214,12,360,129,333,0,0,476,480,738,86,632,364,0,0,266,585,665,694,172,0,149,0,588,94,0,476,819,132,1194,1474,1313,785,1230,1159,1183,1041
project/sim_ext.py --sim-time 1.5 --seq-graph project/file/graph_15_nodes.json --traffic project/file/traffic_15_nodes_random.json --inspection-rate 0.001 --mess-rate 0.002,1.135038000001,298,383,187,299,176,123,559,214,12,360,129,333,0,0,478,480,738,86,634,364,0,0,266,585,665,695,172,0,149,0,590,94,0,476,819,132,1194,1474,1313,788,1232,1159,1183,1042
project/sim_ext.py --sim-time 1.5 --seq-graph project/file/graph_15_nodes.json --traffic project/file/traffic_15_nodes_random.json --inspection-rate 0.001 --mess-rate 0.002,1.136217000001,298,383,187,299,176,123,559,214,12,360,129,333,0,0,479,480,738,86,635,364,0,0,266,587,665,695,172,0,149,0,590,94,0,476,819,132,1194,1474,1313,793,1232,1159,1183,1042
project/sim_ext.py --sim-time 1.5 --seq-graph project/file/graph_15_nodes.json --traffic project/file/traffic_15_nodes_random.json --inspection-rate 0.001 --mess-rate 0.002,1.137366000001,298,383,187,299,176,123,559,214,12,360,129,333,0,0,479,480,738,86,636,364,0,0,266,587,666,695,172,0,149,0,591,94,0,476,819,132,1194,1474,1313,797,1232,1161,1183,1042
project/sim_ext.py --sim-time 1.5 --seq-graph project/file/graph_15_nodes.json --traffic project/file/traffic_15_nodes_random.json --inspection-rate 0.001 --mess-rate 0.002,1.1384485623385145,298,383,187,299,176,123,559,214,12,360,129,333,0,0,479,480,738,86,636,364,0,0,266,589,666,695,172,0,149,0,591,94,0,476,819,132,1194,1474,1318,797,1232,1161,1183,1042
project/sim_ext.py --sim-time 1.5 --seq-graph project/file/graph_15_nodes.json --traffic project/file/traffic_15_nodes_random.json --inspection-rate 0.001 --mess-rate 0.002,1.139485000001,298,383,187,299,176,123,559,214,12,360,129,333,0,0,480,481,738,86,636,364,0,0,266,589,666,695,172,0,149,0,591,94,0,476,819,132,1194,1474,1318,801,1232,1161,1183,1043
project/sim_ext.py --sim-time 1.5 --seq-graph project/file/graph_15_nodes.json --traffic project/file/traffic_15_nodes_random.json --inspection-rate 0.001 --mess-rate 0.002,1.140524999902,298,383,187,299,176,123,559,214,12,360,129,333,0,0,480,481,738,86,636,364,0,0,266,590,666,695,172,0,149,0,591,94,0,476,819,132,1194,1474,1318,802,1232,1161,1183,1043
project/sim_ext.py --sim-time 1.5 --seq-graph project/file/graph_15_nodes.json --traffic project/file/traffic_15_nodes_random.json --inspection-rate 0.001 --mess-rate 0.002,1.141587000001,298,384,187,299,176,123,559,214,12,360,129,333,0,0,481,482,739,86,636,364,0,0,266,591,667,695,172,0,149,0,593,94,0,476,819,132,1194,1474,1318,808,1232,1161,1183,1043
project/sim_ext.py --sim-time 1.5 --seq-graph project/file/graph_15_nodes.json --traffic project/file/traffic_15_nodes_random.json --inspection-rate 0.001 --mess-rate 0.002,1.142703999997,298,384,187,299,176,123,559,214,12,360,129,333,0,0,481,482,740,86,636,364,0,0,266,592,667,695,172,0,149,0,593,94,0,476,819,132,1194,1474,1318,809,1232,1161,1183,1043
project/sim_ext.py --sim-time 1.5 --seq-graph project/file/graph_15_nodes.json --traffic project/file/traffic_15_nodes_random.json --inspection-rate 0.001 --mess-rate 0.002,1.143744999895,298,384,187,299,176,123,559,214,12,360,129,333,0,0,482,483,743,86,636,364,0,0,266,593,669,695,172,0,149,0,594,94,0,476,819,132,1194,1474,1318,812,1232,1161,1183,1043
project/sim_ext.py --sim-time 1.5 --seq-graph project/file/graph_15_nodes.json --traffic project/file/traffic_15_nodes_random.json --inspection-rate 0.001 --mess-rate 0.002,1.144790000001,298,385,187,299,176,123,559,214,12,360,129,333,0,0,483,483,743,86,636,364,0,0,266,594,669,695,172,0,149,0,594,94,0,476,819,132,1194,1474,1318,812,1232,1161,1183,1043
project/sim_ext.py --sim-time 1.5 --seq-graph project/file/graph_15_nodes.json --traffic project/file/traffic_15_nodes_random.json --inspection-rate 0.001 --mess-rate 0.002,1.145812000001,298,385,187,299,176,123,559,214,12,360,129,333,0,0,483,483,744,86,637,364,0,0,266,594,670,695,172,0,149,0,596,94,0,476,819,132,1194,1474,1318,812,1232,1161,1183,1043
project/sim_ext.py --sim-time 1.5 --seq-graph project/file/graph_15_nodes.json --traffic project/file/traffic_15_nodes_random.json --inspection-rate 0.001 --mess-rate 0.002,1.146840399997,298,385,187,299,176,123,559,214,12,360,129,333,0,0,487,483,744,86,637,364,0,0,266,594,670,695,172,0,149,0,596,94,0,476,819,132,1194,1474,1318,812,1232,1161,1183,1043
project/sim_ext.py --sim-time 1.5 --seq-graph project/file/graph_15_nodes.json --traffic project/file/traffic_15_nodes_random.json --inspection-rate 0.001 --mess-rate 0.002,1.1478898259427464,298,385,187,299,176,123,559,214,12,360,129,333,0,0,488,483,744,86,637,364,0,0,266,594,671,696,172,0,149,0,596,94,0,476,820,132,1194,1474,1318,812,1232,1161,1183,1043
project/sim_ext.py --sim-time 1.5 --seq-graph project/file/graph_15_nodes.json --traffic project/file/traffic_15_nodes_random.json --inspection-rate 0.001 --mess-rate 0.002,1.148922000001,298,385,187,299,176,123,559,214,12,360,129,333,0,0,490,483,744,86,641,364,0,0,266,595,671,696,172,0,149,0,596,94,0,476,820,132,1194,1474,1318,812,1232,1161,1183,1043
project/sim_ext.py --sim-time 1.5 --seq-graph project/file/graph_15_nodes.json --traffic project/file/traffic_15_nodes_random.json --inspection-rate 0.001 --mess-rate 0.002,1.149949000001,298,385,187,299,176,123,559,214,12,360,129,333,0,0,490,483,744,86,641,364,0,0,266,595,673,696,172,0,149,0,597,94,0,476,820,132,1194,1474,1318,812,1232,1161,1183,1043
project/sim_ext.py --sim-time 1.5 --seq-graph project/file/graph_15_nodes.json --traffic project/file/traffic_15_nodes_random.json --inspection-rate 0.001 --mess-rate 0.002,1.151118000001,298,385,187,299,176,123,559,214,12,360,129,333,0,0,490,483,744,86,641,364,0,0,266,595,674,696,172,0,149,0,597,94,0,476,820,132,1194,1474,1318,812,1232,1161,1183,1043
project/sim_ext.py --sim-time 1.5 --seq-graph project/file/graph_15_nodes.json --traffic project/file/traffic_15_nodes_random.json --inspection-rate 0.001 --mess-rate 0.002,1.152281000001,298,385,187,299,176,123,559,214,12,360,129,333,0,0,490,483,744,86,641,364,0,0,266,595,674,696,172,0,149,0,597,94,0,476,820,132,1194,1474,1318,812,1232,1161,1183,1043
project/sim_ext.py --sim-time 1.5 --seq-graph project/file/graph_15_nodes.json --traffic project/file/traffic_15_nodes_random.json --inspection-rate 0.001 --mess-rate 0.002,1.153328000001,298,385,187,299,176,123,559,214,12,360,129,333,0,0,492,483,744,86,644,364,0,0,266,595,674,696,172,0,149,0,597,94,0,476,820,132,1194,1474,1318,812,1232,1161,1183,1043
project/sim_ext.py --sim-time 1.5 --seq-graph project/file/graph_15_nodes.json --traffic project/file/traffic_15_nodes_random.json --inspection-rate 0.001 --mess-rate 0.002,1.154440000001,298,385,187,299,176,123,559,214,12,360,129,333,0,0,492,483,746,86,646,364,0,0,266,595,675,696,172,0,149,0,598,94,0,476,820,132,1194,1474,1318,812,1232,1161,1183,1043
project/sim_ext.py --sim-time 1.5 --seq-graph project/file/graph_15_nodes.json --traffic project/file/traffic_15_nodes_random.json --inspection-rate 0.001 --mess-rate 0.002,1.155516000001,298,385,187,299,176,123,559,214,12,360,129,333,0,0,492,483,746,86,647,364,0,0,266,595,675,696,172,0,149,0,598,94,0,476,820,132,1194,1474,1318,812,1232,1161,1183,1043
project/sim_ext.py --sim-time 1.5 --seq-graph project/file/graph_15_nodes.json --traffic project/file/traffic_15_nodes_random.json --inspection-rate 0.001 --mess-rate 0.002,1.156808000001,307,385,187,303,178,128,559,216,12,360,129,339,0,0,492,488,746,86,651,365,0,0,268,597,677,705,173,0,151,0,600,94,0,481,835,134,1221,1485,1326,812,1253,1176,1183,1063
project/sim_ext.py --sim-time 1.5 --seq-graph project/file/graph_15_nodes.json --traffic project/file/traffic_15_nodes_random.json --inspection-rate 0.001 --mess-rate 0.002,1.158245000001,307,385,187,303,178,130,559,217,12,360,129,342,0,0,492,491,747,86,651,367,0,0,268,597,681,705,173,0,152,0,602,94,0,485,836,134,1228,1493,1336,812,1254,1176,1183,1064
project/sim_ext.py --sim-time 1.5 --seq-graph project/file/graph_15_nodes.json --traffic project/file/traffic_15_nodes_random.json --inspection-rate 0.001 --mess-rate 0.002,1.159363000001,307,385,187,307,179,130,559,217,12,360,129,343,0,0,495,491,747,86,651,367,0,0,268,597,686,706,173,0,152,0,604,94,0,485,837,135,1230,1496,1338,812,1256,1179,1183,1065
project/sim_ext.py --sim-time 1.5 --seq-graph project/file/graph_15_nodes.json --traffic project/file/traffic_15_nodes_random.json --inspection-rate 0.001 --mess-rate 0.002,1.1605249999059999,307,385,187,308,180,130,559,217,12,360,129,344,0,0,496,491,749,86,653,367,0,0,268,599,688,707,173,0,153,0,604,94,0,485,841,136,1235,1498,1342,812,1258,1182,1183,1066
project/sim_ext.py --sim-time 1.5 --seq-graph project/file/graph_15_nodes.json --traffic project/file/traffic_15_nodes_random.json --inspection-rate 0.001 --mess-rate 0.002,1.161635000001,307,385,187,309,180,132,559,217,12,360,129,344,0,0,497,491,751,86,653,367,0,0,268,600,688,709,173,0,153,0,604,94,0,485,842,136,1238,1499,1342,812,1258,1183,1183,1066
project/sim_ext.py --sim-time 1.5 --seq-graph project/file/graph_15_nodes.json --traffic project/file/traffic_15_nodes_random.json --inspection-rate 0.001 --mess-rate 0.002,1.1629343999969999,307,385,187,311,181,132,559,217,12,360,129,344,0,0,498,491,751,86,655,367,0,0,270,600,691,709,173,0,154,0,605,94,0,485,844,136,1245,1501,1343,812,1264,1186,1183,1067
project/sim_ext.py --sim-time 1.5 --seq-graph project/file/graph_15_nodes.json --traffic project/file/traffic_15_nodes_random.json --inspection-rate 0.001 --mess-rate 0.002,1.163954000001,307,385,187,313,181,132,559,217,12,360,129,344,0,0,498,491,751,86,656,367,0,0,270,600,693,710,173,0,154,0,605,94,0,485,844,136,1246,1503,1344,812,1264,1186,1183,1067
project/sim_ext.py --sim-time 1.5 --seq-graph project/file/graph_15_nodes.json --traffic project/file/traffic_15_nodes_random.json --inspection-rate 0.001 --mess-rate 0.002,1.164964000001,307,385,187,313,181,132,559,217,12,360,129,344,0,0,498,491,751,86,657,367,0,0,270,601,694,711,173,0,154,0,605,94,0,485,844,136,1246,1504,1344,812,1265,1187,1183,1068
project/sim_ext.py --sim-time 1.5 --seq-graph project/file/graph_15_nodes.json --traffic project/file/traffic_15_nodes_random.json --inspection-rate 0.001 --mess-rate 0.002,1.1660957118266067,307,385,187,313,182,132,559,217,12,360,129,344,0,0,499,491,753,86,657,367,0,0,270,601,694,712,173,0,154,0,605,94,0,485,844,136,1246,1506,1345,812,1266,1187,1183,1069
project/sim_ext.py --sim-time 1.5 --seq-graph project/file/graph_15_nodes.json --traffic project/file/traffic_15_nodes_random.json --inspection-rate 0.001 --mess-rate 0.002,1.167232999997,309,385,187,313,182,132,568,219,12,369,129,344,0,0,499,496,755,86,657,370,0,0,270,601,694,715,173,0,154,0,605,94,0,492,845,136,1246,1508,1349,812,1266,1192,1196,1069
project/sim_ext.py --sim-time 1.5 --seq-graph project/file/graph_15_nodes.json --traffic project/file/traffic_15_nodes_random.json --inspection-rate 0.001 --mess-rate 0.002,1.168807000001,311,385,187,313,182,132,568,220,12,369,129,344,0,0,499,496,755,86,658,371,0,0,270,602,694,715,173,0,154,0,605,94,0,492,845,136,1246,1508,1353,812,1266,1192,1198,1069
project/sim_ext.py --sim-time 1.5 --seq-graph project/file/graph_15_nodes.json --traffic project/file/traffic_15_nodes_random.json --inspection-rate 0.001 --mess-rate 0.002,1.169880399997,312,388,187,313,182,132,570,221,12,369,129,344,0,0,499,497,755,86,659,371,0,0,270,602,695,715,173,0,154,0,605,94,0,492,846,136,1246,1508,1355,812,1266,1194,1201,1069
project/sim_ext.py --sim-time 1.5 --seq-graph project/file/graph_15_nodes.json --traffic project/file/traffic_15_nodes_random.json --inspection-rate 0.001 --mess-rate 0.002,1.170998000001,312,389,187,313,182,132,570,221,12,369,129,344,0,0,499,497,755,86,660,371,0,0,270,602,695,715,173,0,154,0,605,94,0,493,846,136,1246,1508,1355,812,1266,1194,1202,1069
project/sim_ext.py --sim-time 1.5 --seq-graph project/file/graph_15_nodes.json --traffic project/file/traffic_15_nodes_random.json --inspection-rate 0.001 --mess-rate 0.002,1.172016000001,312,389,187,313,182,132,570,221,12,369,129,344,0,0,499,497,756,86,660,371,0,0,270,602,696,715,173,0,154,0,606,94,0,493,846,136,1246,1508,1355,812,1266,1194,1202,1069
project/sim_ext.py --sim-time 1.5 --seq-graph project/file/graph_15_nodes.json --traffic project/file/traffic_15_nodes_random.json --inspection-rate 0.001 --mess-rate 0.002,1.173106000001,312,389,187,313,182,132,570,222,12,370,129,344,0,0,502,497,757,86,662,371,0,0,270,603,696,715,173,0,154,0,606,94,0,493,846,136,1246,1508,1355,812,1266,1194,1207,1069
project/sim_ext.py --sim-time 1.5 --seq-graph project/file/graph_15_nodes.json --traffic project/file/traffic_15_nodes_random.json --inspection-rate 0.001 --mess-rate 0.002,1.174160000001,312,389,187,313,182,132,572,222,12,370,129,344,0,0,502,498,759,86,663,371,0,0,270,603,696,715,173,0,154,0,606,94,0,493,846,136,1246,1508,1355,812,1266,1194,1211,1069
project/sim_ext.py --sim-time 1.5 --seq-graph project/file/graph_15_nodes.json --traffic project/file/traffic_15_nodes_random.json --inspection-rate 0.001 --mess-rate 0.002,1.175262000001,312,389,187,313,182,132,572,222,12,370,129,344,0,0,502,499,761,86,663,371,0,0,270,603,696,715,173,0,154,0,607,94,0,493,846,136,1246,1508,1355,812,1266,1194,1212,1069
project/sim_ext.py --sim-time 1.5 --seq-graph project/file/graph_15_nodes.json --traffic project/file/traffic_15_nodes_random.json --inspection-rate 0.001 --mess-rate 0.002,1.176338599997,312,390,187,313,182,132,572,222,12,370,129,344,0,0,502,499,763,86,663,371,0,0,270,604,696,715,173,0,154,0,608,94,0,493,846,136,1246,1508,1355,814,1266,1194,1212,1069
project/sim_ext.py --sim-time 1.5 --seq-graph project/file/graph_15_nodes.json --traffic project/file/traffic_15_nodes_random.json --inspection-rate 0.001 --mess-rate 0.002,1.1774064197880227,312,390,187,313,182,132,572,222,12,370,129,344,0,0,504,499,765,86,663,371,0,0,270,604,696,715,173,0,154,0,608,94,0,493,846,136,1246,1508,1355,822,1266,1194,1212,1069
project/sim_ext.py --sim-time 1.5 --seq-graph project/file/graph_15_nodes.json --traffic project/file/traffic_15_nodes_random.json --inspection-rate 0.001 --mess-rate 0.002,1.178460799997,312,392,187,313,182,132,573,222,12,371,129,344,0,0,504,499,765,86,663,371,0,0,270,605,696,715,173,0,154,0,608,94,0,493,846,136,1246,1508,1355,824,1266,1194,1218,1069
project/sim_ext.py --sim-time 1.5 --seq-graph project/file/graph_15_nodes.json --traffic project/file/traffic_15_nodes_random.json --inspection-rate 0.001 --mess-rate 0.002,1.179495000001,312,392,187,313,182,132,573,222,12,371,129,344,0,0,504,501,766,86,663,371,0,0,270,608,696,715,173,0,154,0,608,94,0,493,846,136,1246,1508,1355,825,1266,1194,1220,1069
project/sim_ext.py --sim-time 1.5 --seq-graph project/file/graph_15_nodes.json --traffic project/file/traffic_15_nodes_random.json --inspection-rate 0.001 --mess-rate 0.002,1.180530758591827,312,392,187,313,182,132,573,222,12,371,129,344,0,0,504,501,766,86,665,371,0,0,270,609,697,715,173,0,154,0,608,94,0,493,846,136,1246,1508,1355,826,1266,1194,1221,1069
project/sim_ext.py --sim-time 1.5 --seq-graph project/file/graph_15_nodes.json --traffic project/file/traffic_15_nodes_random.json --inspection-rate 0.001 --mess-rate 0.002,1.1815970000009999,312,392,187,313,182,132,574,222,12,371,129,344,0,0,505,501,766,86,665,371,0,0,270,609,697,715,173,0,154,0,608,94,0,493,846,136,1246,1508,1355,829,1266,1194,1221,1069
project/sim_ext.py --sim-time 1.5 --seq-graph project/file/graph_15_nodes.json --traffic project/file/traffic_15_nodes_random.json --inspection-rate 0.001 --mess-rate 0.002,1.182605000001,312,392,187,313,182,132,574,222,12,371,129,344,0,0,506,501,766,86,665,371,0,0,270,609,698,715,173,0,154,0,608,94,0,493,846,136,1246,1508,1355,829,1266,1194,1221,1069
project/sim_ext.py --sim-time 1.5 --seq-graph project/file/graph_15_nodes.json --traffic project/file/traffic_15_nodes_random.json --inspection-rate 0.001 --mess-rate 0.002,1.183772799997,312,393,187,313,182,132,574,222,12,371,129,344,0,0,506,503,769,86,666,371,0,0,270,611,698,715,173,0,154,0,608,94,0,493,846,136,1246,1508,1355,830,1266,1194,1221,1069
project/sim_ext.py --sim-time 1.5 --seq-graph project/file/graph_15_nodes.json --traffic project/file/traffic_15_nodes_random.json --inspection-rate 0.001 --mess-rate 0.002,1.1848980000009999,312,394,187,313,182,132,576,222,12,371,129,344,0,0,506,504,769,86,666,371,0,0,270,611,698,715,173,0,154,0,608,94,0,493,846,136,1246,1508,1355,834,1266,1194,1221,1069
project/sim_ext.py --sim-time 1.5 --seq-graph project/file/graph_15_nodes.json --traffic project/file/traffic_15_nodes_random.json --inspection-rate 0.001 --mess-rate 0.002,1.186036000001,312,394,187,313,182,132,577,222,12,371,129,344,0,0,506,504,769,86,666,371,0,0,270,611,698,715,173,0,154,0,608,94,0,493,846,136,1246,1508,1355,834,1266,1194,1221,1069
project/sim_ext.py --sim-time 1.5 --seq-graph project/file/graph_15_nodes.json --traffic project/file/traffic_15_nodes_random.json --inspection-rate 0.001 --mess-rate 0.002,1.187047799997,312,394,187,313,182,132,577,222,12,371,129,344,0,0,506,504,769,86,666,371,0,0,270,615,699,715,173,0,154,0,613,94,0,493,846,136,1254,1508,1355,836,1266,1194,1221,1069
project/sim_ext.py --sim-time 1.5 --seq-graph project/file/graph_15_nodes.json --traffic project/file/traffic_15_nodes_random.json --inspection-rate 0.001 --mess-rate 0.002,1.1880990000009999,312,394,187,313,182,132,577,222,12,371,129,344,0,0,506,505,769,86,666,371,0,0,270,616,699,715,173,0,154,0,615,94,0,493,846,136,1256,1508,1355,836,1266,1194,1221,1069
project/sim_ext.py --sim-time 1.5 --seq-graph project/file/graph_15_nodes.json --traffic project/file/traffic_15_nodes_random.json --inspection-rate 0.001 --mess-rate 0.002,1.1891343775137893,312,394,187,313,182,132,579,222,12,371,129,344,0,0,506,505,770,86,666,371,0,0,270,616,700,715,173,0,154,0,615,94,0,493,846,136,1256,1508,1355,837,1266,1194,1221,1069
project/sim_ext.py --sim-time 1.5 --seq-graph project/file/graph_15_nodes.json --traffic project/file/traffic_15_nodes_random.json --inspection-rate 0.001 --mess-rate 0.002,1.190298499967293,312,394,187,313,182,132,580,222,12,371,129,344,0,0,506,506,770,86,669,371,0,0,270,618,700,715,173,0,154,0,615,94,0,493,846,136,1256,1508,1355,839,1266,1194,1221,1069
project/sim_ext.py --sim-time 1.5 --seq-graph project/file/graph_15_nodes.json --traffic project/file/traffic_15_nodes_random.json --inspection-rate 0.001 --mess-rate 0.002,1.1913537538952692,312,394,187,313,182,132,580,222,12,371,129,344,0,0,507,506,770,86,670,371,0,0,270,619,700,715,173,0,154,0,615,94,0,493,846,136,1256,1508,1355,839,1266,1194,1221,1069
project/sim_ext.py --sim-time 1.5 --seq-graph project/file/graph_15_nodes.json --traffic project/file/traffic_15_nodes_random.json --inspection-rate 0.001 --mess-rate 0.002,1.192476799997,312,394,187,313,182,132,580,222,12,371,129,344,0,0,510,506,770,86,670,371,0,0,270,621,701,715,173,0,154,0,618,94,0,493,846,136,1256,1508,1355,839,1266,1194,1221,1069
project/sim_ext.py --sim-time 1.5 --seq-graph project/file/graph_15_nodes.json --traffic project/file/traffic_15_nodes_random.json --inspection-rate 0.001 --mess-rate 0.002,1.193574999895,312,394,187,313,182,132,581,222,12,371,129,344,0,0,510,506,775,86,670,371,0,0,270,622,701,715,173,0,154,0,619,94,0,493,846,136,1256,1508,1355,839,1266,1194,1221,1069
project/sim_ext.py --sim-time 1.5 --seq-graph project/file/graph_15_nodes.json --traffic project/file/traffic_15_nodes_random.json --inspection-rate 0.001 --mess-rate 0.002,1.194661000001,312,394,187,313,182,132,582,222,12,371,129,344,0,0,510,506,777,86,671,371,0,0,270,623,701,715,173,0,154,0,623,94,0,493,846,136,1259,1508,1355,839,1266,1194,1221,1069
project/sim_ext.py --sim-time 1.5 --seq-graph project/file/graph_15_nodes.json --traffic project/file/traffic_15_nodes_random.json --inspection-rate 0.001 --mess-rate 0.002,1.195759999997,312,394,187,313,182,132,582,222,12,371,129,344,0,0,510,506,777,86,671,371,0,0,270,623,703,715,173,0,154,0,625,94,0,493,846,136,1260,1508,1355,839,1266,1194,1221,1069
project/sim_ext.py --sim-time 1.5 --seq-graph project/file/graph_15_nodes.json --traffic project/file/traffic_15_nodes_random.json --inspection-rate 0.001 --mess-rate 0.002,1.196793000001,312,394,187,313,182,132,582,222,12,371,129,344,0,0,510,506,778,86,671,371,0,0,270,623,703,715,173,0,154,0,626,94,0,493,846,136,1261,1508,1355,839,1266,1194,1221,1069
project/sim_ext.py --sim-time 1.5 --seq-graph project/file/graph_15_nodes.json --traffic project/file/traffic_15_nodes_random.json --inspection-rate 0.001 --mess-rate 0.002,1.197860278982087,322,399,187,323,185,135,589,223,12,376,129,346,0,0,510,516,778,86,673,371,0,0,273,623,714,732,174,0,155,0,626,94,0,501,863,137,1275,1534,1379,839,1283,1211,1238,1092
project/sim_ext.py --sim-time 1.5 --seq-graph project/file/graph_15_nodes.json --traffic project/file/traffic_15_nodes_random.json --inspection-rate 0.001 --mess-rate 0.002,1.198939000001,323,401,187,324,187,135,589,223,12,379,129,346,0,0,510,516,778,86,674,373,0,0,273,623,718,732,175,0,155,0,627,94,0,503,868,137,1276,1535,1382,839,1287,1214,1240,1093
project/sim_ext.py --sim-time 1.5 --seq-graph project/file/graph_15_nodes.json --traffic project/file/traffic_15_nodes_random.json --inspection-rate 0.001 --mess-rate 0.002,1.200148199997,323,401,187,327,187,135,591,223,12,379,129,346,0,0,510,519,778,86,674,373,0,0,273,623,722,732,175,0,155,0,628,94,0,503,868,137,1277,1537,1386,839,1287,1216,1242,1093
project/sim_ext.py --sim-time 1.5 --seq-graph project/file/graph_15_nodes.json --traffic project/file/traffic_15_nodes_random.json --inspection-rate 0.001 --mess-rate 0.002,1.201202000001,324,401,187,329,187,135,592,223,12,379,130,348,0,0,510,519,783,86,674,376,0,0,273,623,723,737,175,0,156,0,628,94,0,504,871,139,1279,1544,1391,839,1290,1216,1244,1096
project/sim_ext.py --sim-time 1.5 --seq-graph project/file/graph_15_nodes.json --traffic project/file/traffic_15_nodes_random.json --inspection-rate 0.001 --mess-rate 0.002,1.202339000001,324,401,187,329,187,135,596,223,12,380,130,349,0,0,510,519,785,86,674,376,0,0,273,623,723,737,175,0,156,0,628,95,0,504,871,140,1279,1548,1392,839,1290,1216,1244,1097
project/sim_ext.py --sim-time 1.5 --seq-graph project/file/graph_15_nodes.json --traffic project/file/traffic_15_nodes_random.json --inspection-rate 0.001 --mess-rate 0.002,1.2034380000009999,324,402,187,330,189,135,600,224,12,381,131,349,0,0,513,520,785,86,675,377,0,0,273,625,724,741,175,0,156,0,630,95,0,505,871,140,1279,1550,1395,839,1295,1218,1248,1101
project/sim_ext.py --sim-time 1.5 --seq-graph project/file/graph_15_nodes.json --traffic project/file/traffic_15_nodes_random.json --inspection-rate 0.001 --mess-rate 0.002,1.204554000001,325,402,187,330,190,136,603,224,12,384,132,349,0,0,515,521,789,86,675,377,0,0,273,626,724,741,175,0,156,0,631,95,0,505,871,142,1279,1551,1397,839,1300,1221,1252,1102
project/sim_ext.py --sim-time 1.5 --seq-graph project/file/graph_15_nodes.json --traffic project/file/traffic_15_nodes_random.json --inspection-rate 0.001 --mess-rate 0.002,1.205593000001,326,402,187,330,192,136,603,224,12,384,132,350,0,0,515,521,790,86,675,378,0,0,274,627,727,741,175,0,156,0,631,95,0,506,871,142,1279,1551,1398,839,1302,1223,1257,1108
project/sim_ext.py --sim-time 1.5 --seq-graph project/file/graph_15_nodes.json --traffic project/file/traffic_15_nodes_random.json --inspection-rate 0.001 --mess-rate 0.002,1.2069010000009999,326,402,187,330,193,136,603,224,12,384,132,351,0,0,516,521,790,86,677,378,0,0,274,627,727,741,175,0,156,0,631,95,0,506,871,142,1279,1551,1398,839,1303,1223,1258,1110
project/sim_ext.py --sim-time 1.5 --seq-graph project/file/graph_15_nodes.json --traffic project/file/traffic_15_nodes_random.json --inspection-rate 0.001 --mess-rate 0.002,1.208060799997,326,403,187,330,195,136,603,224,12,384,132,351,0,0,517,521,790,86,678,378,0,0,274,628,729,741,175,0,156,0,631,95,0,506,871,142,1279,1551,1398,839,1303,1225,1258,1112
project/sim_ext.py --sim-time 1.5 --seq-graph project/file/graph_15_nodes.json --traffic project/file/traffic_15_nodes_random.json --inspection-rate 0.001 --mess-rate 0.002,1.209123199997,326,404,187,330,195,136,604,224,12,384,132,351,0,0,518,522,790,86,679,378,0,0,274,631,730,741,175,0,156,0,632,95,0,506,871,142,1279,1551,1398,839,1303,1225,1258,1112
project/sim_ext.py --sim-time 1.5 --seq-graph project/file/graph_15_nodes.json --traffic project/file/traffic_15_nodes_random.json --inspection-rate 0.001 --mess-rate 0.002,1.210185599997,326,404,187,330,195,136,604,224,12,384,132,351,0,0,518,523,790,86,679,380,0,0,274,632,730,741,175,0,156,0,632,95,0,507,871,142,1279,1551,1398,839,1303,1225,1258,1112
project/sim_ext.py --sim-time 1.5 --seq-graph project/file/graph_15_nodes.json --traffic project/file/traffic_15_nodes_random.json --inspection-rate 0.001 --mess-rate 0.002,1.2112415999969999,326,404,190,330,195,136,604,225,12,384,133,351,0,0,518,524,791,86,680,380,0,0,274,633,730,741,175,0,156,0,632,95,0,507,871,142,1279,1551,1398,839,1303,1225,1258,1112
project/sim_ext.py --sim-time 1.5 --seq-graph project/file/graph_15_nodes.json --traffic project/file/traffic_15_nodes_random.json --inspection-rate 0.001 --mess-rate 0.002,1.212278820249854,326,406,190,330,195,136,604,225,12,384,133,351,0,0,519,524,793,86,680,380,0,0,274,634,730,741,175,0,156,0,633,95,0,507,871,142,1279,1551,1398,839,1303,1225,1258,1112
project/sim_ext.py --sim-time 1.5 --seq-graph project/file/graph_15_nodes.json --traffic project/file/traffic_15_nodes_random.json --inspection-rate 0.001 --mess-rate 0.002,1.213364000001,326,406,190,330,195,136,604,225,12,384,133,351,0,0,519,524,795,86,681,380,0,0,274,634,730,741,175,0,156,0,633,95,0,507,871,142,1279,1551,1398,839,1303,1225,1258,1112
project/sim_ext.py --sim-time 1.5 --seq-graph project/file/graph_15_nodes.json --traffic project/file/traffic_15_nodes_random.json --inspection-rate 0.001 --mess-rate 0.002,1.214485000001,326,406,190,330,195,136,604,225,12,384,133,351,0,0,519,524,795,86,681,380,0,0,274,634,730,741,175,0,156,0,634,95,0,507,871,142,1279,1551,1398,839,1303,1225,1258,1112
project/sim_ext.py --sim-time 1.5 --seq-graph project/file/graph_15_nodes.json --traffic project/file/traffic_15_nodes_random.json --inspection-rate 0.001 --mess-rate 0.002,1.215496000001,326,406,190,330,195,136,604,225,12,384,133,351,0,0,521,524,795,86,681,380,0,0,274,634,730,741,175,0,156,0,635,95,0,507,871,142,1279,1551,1398,839,1303,1225,1258,1112
project/sim_ext.py --sim-time 1.5 --seq-graph project/file/graph_15_nodes.json --traffic project/file/traffic_15_nodes_random.json --inspection-rate 0.001 --mess-rate 0.002,1.216544999997,326,407,190,330,195,136,604,225,12,384,133,351,0,0,521,524,797,86,681,380,0,0,274,634,731,741,175,0,156,0,636,95,0,507,871,142,1279,1551,1398,839,1303,1225,1258,1112
project/sim_ext.py --sim-time 1.5 --seq-graph project/file/graph_15_nodes.json --traffic project/file/traffic_15_nodes_random.json --inspection-rate 0.001 --mess-rate 0.002,1.217615999997,326,407,190,330,195,136,604,225,12,384,133,351,0,0,522,524,797,86,683,380,0,0,274,634,732,741,175,0,156,0,636,95,0,507,871,142,1283,1551,1398,839,1303,1225,1258,1112
project/sim_ext.py --sim-time 1.5 --seq-graph project/file/graph_15_nodes.json --traffic project/file/traffic_15_nodes_random.json --inspection-rate 0.001 --mess-rate 0.002,1.218643000001,326,407,191,330,195,136,604,225,12,384,133,351,0,0,522,524,798,86,684,380,0,0,274,637,735,741,176,0,156,0,638,95,0,507,871,142,1290,1551,1398,850,1303,1225,1258,1112
project/sim_ext.py --sim-time 1.5 --seq-graph project/file/graph_15_nodes.json --traffic project/file/traffic_15_nodes_random.json --inspection-rate 0.001 --mess-rate 0.002,1.219724000001,326,407,191,330,195,136,604,225,12,384,133,351,0,0,522,524,798,86,685,380,0,0,274,637,735,741,176,0,156,0,638,95,0,507,871,142,1292,1551,1398,851,1303,1225,1258,1112
project/sim_ext.py --sim-time 1.5 --seq-graph project/file/graph_15_nodes.json --traffic project/file/traffic_15_nodes_random.json --inspection-rate 0.001 --mess-rate 0.002,1.220864000001,326,407,191,330,195,136,604,225,12,384,133,351,0,0,522,524,798,86,685,380,0,0,274,637,735,741,176,0,156,0,638,95,0,507,871,142,1292,1551,1398,851,1303,1225,1258,1112
project/sim_ext.py --sim-time 1.5 --seq-graph project/file/graph_15_nodes.json --traffic project/file/traffic_15_nodes_random.json --inspection-rate 0.001 --mess-rate 0.002,1.221868000001,326,407,193,330,195,136,604,225,12,384,133,351,0,0,526,524,801,86,685,380,0,0,274,637,735,741,176,0,156,0,638,95,0,507,871,142,1292,1551,1398,855,1303,1225,1258,1112
project/sim_ext.py --sim-time 1.5 --seq-graph project/file/graph_15_nodes.json --traffic project/file/traffic_15_nodes_random.json --inspection-rate 0.001 --mess-rate 0.002,1.222878000001,326,407,193,330,195,136,604,225,12,384,133,351,0,0,526,524,802,86,685,380,0,0,274,637,735,741,176,0,156,0,638,95,0,507,871,142,1292,1551,1398,855,1303,1225,1258,1112
project/sim_ext.py --sim-time 1.5 --seq-graph project/file/graph_15_nodes.json --traffic project/file/traffic_15_nodes_random.json --inspection-rate 0.001 --mess-rate 0.002,1.223912000001,326,407,193,330,195,136,604,225,12,384,133,351,0,0,527,524,802,86,690,380,0,0,274,637,735,741,176,0,156,0,638,95,0,507,871,142,1293,1551,1398,860,1303,1225,1258,1112
project/sim_ext.py --sim-time 1.5 --seq-graph project/file/graph_15_nodes.json --traffic project/file/traffic_15_nodes_random.json --inspection-rate 0.001 --mess-rate 0.002,1.225064000001,326,407,193,330,195,136,604,225,12,384,133,351,0,0,527,524,802,86,691,380,0,0,274,637,737,741,176,0,156,0,639,95,0,507,871,142,1293,1551,1398,860,1303,1225,1258,1112
project/sim_ext.py --sim-time 1.5 --seq-graph project/file/graph_15_nodes.json --traffic project/file/traffic_15_nodes_random.json --inspection-rate 0.001 --mess-rate 0.002,1.226115000001,326,407,193,330,195,136,604,225,12,384,133,351,0,0,528,524,802,86,691,380,0,0,274,637,738,741,176,0,156,0,639,95,0,507,871,142,1293,1551,1398,861,1303,1225,1258,1112
project/sim_ext.py --sim-time 1.5 --seq-graph project/file/graph_15_nodes.json --traffic project/file/traffic_15_nodes_random.json --inspection-rate 0.001 --mess-rate 0.002,1.2271958557978346,326,407,194,330,195,136,604,225,12,384,133,351,0,0,530,524,802,86,691,380,0,0,274,637,738,741,176,0,156,0,639,95,0,507,871,142,1293,1551,1398,864,1303,1225,1258,1112
project/sim_ext.py --sim-time 1.5 --seq-graph project/file/graph_15_nodes.json --traffic project/file/traffic_15_nodes_random.json --inspection-rate 0.001 --mess-rate 0.002,1.228288999997,327,408,196,332,197,139,620,226,12,390,134,360,0,0,532,527,805,86,691,381,0,0,276,637,738,747,177,0,159,0,639,95,0,511,876,142,1303,1570,1418,875,1323,1246,1276,1129
project/sim_ext.py --sim-time 1.5 --seq-graph project/file/graph_15_nodes.json --traffic project/file/traffic_15_nodes_random.json --inspection-rate 0.001 --mess-rate 0.002,1.229307000001,330,408,196,334,198,139,622,226,12,390,136,361,0,0,533,528,807,86,692,384,0,0,278,637,738,754,177,0,160,0,639,96,0,513,880,143,1312,1578,1426,879,1324,1250,1280,1135
project/sim_ext.py --sim-time 1.5 --seq-graph project/file/graph_15_nodes.json --traffic project/file/traffic_15_nodes_random.json --inspection-rate 0.001 --mess-rate 0.002,1.230350000001,330,409,196,334,199,139,626,226,12,390,136,361,0,0,533,528,807,86,692,384,0,0,278,637,738,754,177,0,160,0,639,96,0,513,880,143,1313,1579,1426,879,1325,1252,1282,1137
project/sim_ext.py --sim-time 1.5 --seq-graph project/file/graph_15_nodes.json --traffic project/file/traffic_15_nodes_random.json --inspection-rate 0.001 --mess-rate 0.002,1.231480000001,332,410,196,335,199,139,628,226,12,390,138,361,0,0,534,529,808,86,693,390,0,0,278,640,739,756,177,0,161,0,642,97,0,514,880,145,1316,1585,1432,879,1335,1255,1287,1142
project/sim_ext.py --sim-time 1.5 --seq-graph project/file/graph_15_nodes.json --traffic project/file/traffic_15_nodes_random.json --inspection-rate 0.001 --mess-rate 0.002,1.232640000001,332,410,196,335,199,139,630,227,12,393,138,362,0,0,534,529,811,86,693,390,0,0,278,640,740,756,177,0,161,0,643,97,0,516,880,146,1316,1588,1435,879,1336,1258,1291,1143
project/sim_ext.py --sim-time 1.5 --seq-graph project/file/graph_15_nodes.json --traffic project/file/traffic_15_nodes_random.json --inspection-rate 0.001 --mess-rate 0.002,1.233794000001,332,410,197,335,199,139,632,227,12,393,138,363,0,0,535,529,815,86,694,391,0,0,278,643,740,756,177,0,162,0,643,97,0,517,880,146,1316,1594,1440,879,1338,1258,1294,1144
project/sim_ext.py --sim-time 1.5 --seq-graph project/file/graph_15_nodes.json --traffic project/file/traffic_15_nodes_random.json --inspection-rate 0.001 --mess-rate 0.002,1.234944999898,333,411,197,335,200,139,632,227,12,393,140,363,0,0,535,529,816,86,694,392,0,0,279,644,740,756,177,0,162,0,643,97,0,517,880,146,1316,1595,1440,879,1339,1260,1295,1148
project/sim_ext.py --sim-time 1.5 --seq-graph project/file/graph_15_nodes.json --traffic project/file/traffic_15_nodes_random.json --inspection-rate 0.001 --mess-rate 0.002,1.2359454481349503,333,411,197,336,200,140,633,227,12,396,142,363,0,0,535,529,818,86,694,392,0,0,279,644,740,756,177,0,162,0,643,97,0,517,880,146,1316,1595,1440,879,1341,1260,1295,1150
project/sim_ext.py --sim-time 1.5 --seq-graph project/file/graph_15_nodes.json --traffic project/file/traffic_15_nodes_random.json --inspection-rate 0.001 --mess-rate 0.002,1.236951000001,333,411,197,337,200,140,633,227,12,396,142,363,0,0,538,529,818,86,694,392,0,0,281,644,740,756,177,0,162,0,643,97,0,517,880,146,1316,1595,1440,879,1341,1262,1297,1151
project/sim_ext.py --sim-time 1.5 --seq-graph project/file/graph_15_nodes.json --traffic project/file/traffic_15_nodes_random.json --inspection-rate 0.001 --mess-rate 0.002,1.238245000001,333,412,197,337,200,140,633,227,12,396,142,363,0,0,538,529,818,86,694,392,0,0,281,645,740,756,177,0,162,0,643,97,0,517,880,146,1316,1595,1440,879,1341,1262,1298,1151
project/sim_ext.py --sim-time 1.5 --seq-graph project/file/graph_15_nodes.json --traffic project/file/traffic_15_nodes_random.json --inspection-rate 0.001 --mess-rate 0.002,1.239607000001,333,412,197,337,200,140,633,227,12,396,142,363,0,0,539,529,818,86,694,392,0,0,281,646,740,756,177,0,162,0,643,97,0,517,880,146,1316,1595,1440,879,1341,1262,1298,1151
project/sim_ext.py --sim-time 1.5 --seq-graph project/file/graph_15_nodes.json --traffic project/file/traffic_15_nodes_random.json --inspection-rate 0.001 --mess-rate 0.002,1.240762599997,333,412,197,337,200,140,633,227,12,396,142,363,0,0,539,529,818,86,694,392,0,0,281,646,741,756,177,0,162,0,644,97,0,517,880,146,1316,1595,1440,879,1343,1262,1298,1151
project/sim_ext.py --sim-time 1.5 --seq-graph project/file/graph_15_nodes.json --traffic project/file/traffic_15_nodes_random.json --inspection-rate 0.001 --mess-rate 0.002,1.242020000001,333,412,197,337,200,140,634,227,12,397,142,363,0,0,541,529,818,86,694,392,0,0,281,647,742,756,177,0,162,0,644,97,0,517,880,146,1316,1595,1440,879,1343,1263,1298,1151
project/sim_ext.py --sim-time 1.5 --seq-graph project/file/graph_15_nodes.json --traffic project/file/traffic_15_nodes_random.json --inspection-rate 0.001 --mess-rate 0.002,1.243039999891,333,413,197,337,200,140,635,227,12,397,142,363,0,0,543,529,822,86,694,392,0,0,281,647,743,756,177,0,162,0,644,97,0,517,880,146,1316,1595,1440,879,1343,1263,1298,1151
project/sim_ext.py --sim-time 1.5 --seq-graph project/file/graph_15_nodes.json --traffic project/file/traffic_15_nodes_random.json --inspection-rate 0.001 --mess-rate 0.002,1.244250975208822,333,413,197,337,200,140,635,227,12,397,142,363,0,0,543,529,822,86,694,392,0,0,281,650,743,756,177,0,162,0,644,97,0,517,880,146,1316,1595,1440,879,1343,1263,1298,1151
project/sim_ext.py --sim-time 1.5 --seq-graph project/file/graph_15_nodes.json --traffic project/file/traffic_15_nodes_random.json --inspection-rate 0.001 --mess-rate 0.002,1.245321599997,333,413,197,337,200,140,635,227,12,397,142,363,0,0,544,529,823,86,694,392,0,0,281,651,743,756,177,0,162,0,644,97,0,517,880,146,1316,1595,1440,879,1343,1263,1298,1151
project/sim_ext.py --sim-time 1.5 --seq-graph project/file/graph_15_nodes.json --traffic project/file/traffic_15_nodes_random.json --inspection-rate 0.001 --mess-rate 0.002,1.246374999898,333,413,197,337,200,140,635,227,12,397,142,363,0,0,544,529,823,86,696,392,0,0,281,653,743,756,177,0,162,0,644,97,0,517,880,146,1316,1595,1440,879,1343,1263,1298,1151
project/sim_ext.py --sim-time 1.5 --seq-graph project/file/graph_15_nodes.json --traffic project/file/traffic_15_nodes_random.json --inspection-rate 0.001 --mess-rate 0.002,1.2474777224797955,333,413,197,337,200,140,635,227,12,397,142,363,0,0,544,529,823,86,696,392,0,0,281,654,744,756,177,0,162,0,647,97,0,517,880,146,1316,1595,1440,879,1343,1263,1298,1151
project/sim_ext.py --sim-time 1.5 --seq-graph project/file/graph_15_nodes.json --traffic project/file/traffic_15_nodes_random.json --inspection-rate 0.001 --mess-rate 0.002,1.2485418739460232,333,413,197,337,200,140,635,227,12,397,142,363,0,0,545,529,823,86,697,392,0,0,281,655,745,756,177,0,162,0,648,97,0,517,880,146,1316,1595,1440,879,1343,1263,1298,1151
project/sim_ext.py --sim-time 1.5 --seq-graph project/file/graph_15_nodes.json --traffic project/file/traffic_15_nodes_random.json --inspection-rate 0.001 --mess-rate 0.002,1.2496149353526884,333,413,197,337,200,140,635,227,12,397,142,363,0,0,547,529,824,86,697,392,0,0,281,655,746,756,177,0,162,0,648,97,0,517,880,146,1316,1595,1440,879,1343,1263,1298,1151
project/sim_ext.py --sim-time 1.5 --seq-graph project/file/graph_15_nodes.json --traffic project/file/traffic_15_nodes_random.json --inspection-rate 0.001 --mess-rate 0.002,1.250686000001,333,413,197,337,200,140,635,227,12,397,142,363,0,0,547,529,824,86,697,392,0,0,281,656,746,756,177,0,162,0,648,97,0,517,880,146,1316,1595,1440,879,1343,1263,1298,1151
project/sim_ext.py --sim-time 1.5 --seq-graph project/file/graph_15_nodes.json --traffic project/file/traffic_15_nodes_random.json --inspection-rate 0.001 --mess-rate 0.002,1.2516860104114722,333,413,197,337,200,140,635,227,12,397,142,363,0,0,547,529,825,86,697,392,0,0,281,656,747,756,177,0,162,0,649,97,0,517,880,146,1316,1595,1440,879,1343,1263,1298,1151
project/sim_ext.py --sim-time 1.5 --seq-graph project/file/graph_15_nodes.json --traffic project/file/traffic_15_nodes_random.json --inspection-rate 0.001 --mess-rate 0.002,1.2527340000009999,333,415,197,337,200,140,635,227,12,397,142,363,0,0,548,529,825,86,697,392,0,0,281,658,747,756,177,0,162,0,649,97,0,517,880,146,1316,1595,1440,879,1343,1263,1298,1151
project/sim_ext.py --sim-time 1.5 --seq-graph project/file/graph_15_nodes.json --traffic project/file/traffic_15_nodes_random.json --inspection-rate 0.001 --mess-rate 0.002,1.2537940694993341,333,415,197,337,200,140,635,227,12,397,142,363,0,0,548,529,825,86,697,392,0,0,281,660,747,756,177,0,162,0,649,97,0,517,880,146,1316,1595,1440,879,1343,1263,1298,1151
project/sim_ext.py --sim-time 1.5 --seq-graph project/file/graph_15_nodes.json --traffic project/file/traffic_15_nodes_random.json --inspection-rate 0.001 --mess-rate 0.002,1.2548419496520427,333,415,197,337,200,140,635,227,12,397,142,363,0,0,549,529,825,86,697,392,0,0,281,660,747,756,177,0,162,0,649,97,0,517,880,146,1316,1595,1440,879,1343,1263,1298,1151
project/sim_ext.py --sim-time 1.5 --seq-graph project/file/graph_15_nodes.json --traffic project/file/traffic_15_nodes_random.json --inspection-rate 0.001 --mess-rate 0.002,1.255898599997,333,415,197,337,200,140,635,227,12,397,142,363,0,0,549,529,825,86,698,392,0,0,281,660,747,756,177,0,162,0,649,97,0,517,880,146,1316,1595,1440,879,1343,1263,1298,1151
project/sim_ext.py --sim-time 1.5 --seq-graph project/file/graph_15_nodes.json --traffic project/file/traffic_15_nodes_random.json --inspection-rate 0.001 --mess-rate 0.002,1.2569755825303732,333,415,197,337,200,140,635,227,12,397,142,363,0,0,549,529,826,86,698,392,0,0,281,661,748,756,177,0,162,0,650,97,0,517,880,146,1316,1595,1440,879,1343,1263,1298,1151
project/sim_ext.py --sim-time 1.5 --seq-graph project/file/graph_15_nodes.json --traffic project/file/traffic_15_nodes_random.json --inspection-rate 0.001 --mess-rate 0.002,1.258020000001,333,415,197,337,200,140,635,227,12,397,142,363,0,0,550,529,827,86,699,392,0,0,281,665,748,756,177,0,162,0,650,97,0,517,880,146,1316,1595,1440,879,1343,1263,1298,1151
project/sim_ext.py --sim-time 1.5 --seq-graph project/file/graph_15_nodes.json --traffic project/file/traffic_15_nodes_random.json --inspection-rate 0.001 --mess-rate 0.002,1.259087999997,333,415,197,343,202,142,635,230,12,397,142,363,0,0,550,534,831,86,699,396,0,0,283,667,748,760,178,0,162,0,650,97,0,519,885,146,1338,1595,1452,879,1354,1274,1298,1166
project/sim_ext.py --sim-time 1.5 --seq-graph project/file/graph_15_nodes.json --traffic project/file/traffic_15_nodes_random.json --inspection-rate 0.001 --mess-rate 0.002,1.260144999895,333,415,199,343,205,143,635,230,12,397,142,363,0,0,551,534,833,86,700,396,0,0,284,668,748,760,178,0,162,0,650,98,0,519,891,146,1338,1595,1454,891,1355,1284,1298,1166
project/sim_ext.py --sim-time 1.5 --seq-graph project/file/graph_15_nodes.json --traffic project/file/traffic_15_nodes_random.json --inspection-rate 0.001 --mess-rate 0.002,1.261276799997,333,415,200,343,205,144,635,230,12,397,142,363,0,0,551,534,833,86,701,396,0,0,285,668,748,763,178,0,162,0,650,98,0,521,892,146,1338,1595,1454,895,1355,1285,1298,1168
project/sim_ext.py --sim-time 1.5 --seq-graph project/file/graph_15_nodes.json --traffic project/file/traffic_15_nodes_random.json --inspection-rate 0.001 --mess-rate 0.002,1.262311399997,333,415,200,347,206,145,635,232,12,397,142,363,0,0,552,535,833,86,703,398,0,0,285,671,748,769,180,0,162,0,650,100,0,521,894,146,1345,1595,1455,902,1355,1290,1298,1169
project/sim_ext.py --sim-time 1.5 --seq-graph project/file/graph_15_nodes.json --traffic project/file/traffic_15_nodes_random.json --inspection-rate 0.001 --mess-rate 0.002,1.2633711049170662,333,415,200,347,207,145,635,233,12,397,142,363,0,0,553,535,833,86,706,398,0,0,286,672,748,769,180,0,162,0,650,100,0,521,894,146,1347,1595,1455,904,1355,1290,1298,1169
project/sim_ext.py --sim-time 1.5 --seq-graph project/file/graph_15_nodes.json --traffic project/file/traffic_15_nodes_random.json --inspection-rate 0.001 --mess-rate 0.002,1.264434999895,333,415,202,347,207,145,635,233,12,397,142,363,0,0,553,535,834,86,706,398,0,0,286,672,748,769,180,0,162,0,650,100,0,521,894,146,1348,1595,1455,908,1355,1292,1298,1169
project/sim_ext.py --sim-time 1.5 --seq-graph project/file/graph_15_nodes.json --traffic project/file/traffic_15_nodes_random.json --inspection-rate 0.001 --mess-rate 0.002,1.265469000001,333,415,202,348,207,145,635,233,12,397,142,363,0,0,554,535,834,86,707,398,0,0,286,672,748,769,181,0,162,0,650,100,0,521,894,146,1350,1595,1455,912,1355,1295,1298,1169
project/sim_ext.py --sim-time 1.5 --seq-graph project/file/graph_15_nodes.json --traffic project/file/traffic_15_nodes_random.json --inspection-rate 0.001 --mess-rate 0.002,1.266548730275932,333,415,202,349,210,147,635,235,12,397,142,363,0,0,554,536,835,86,707,398,0,0,286,672,749,769,183,0,162,0,656,100,0,524,894,146,1352,1595,1457,919,1357,1295,1298,1171
project/sim_ext.py --sim-time 1.5 --seq-graph project/file/graph_15_nodes.json --traffic project/file/traffic_15_nodes_random.json --inspection-rate 0.001 --mess-rate 0.002,1.267597799997,333,415,203,350,210,148,635,235,12,397,142,363,0,0,554,536,835,86,707,400,0,0,287,672,750,769,183,0,162,0,656,100,0,524,894,146,1353,1595,1457,920,1361,1298,1298,1172
project/sim_ext.py --sim-time 1.5 --seq-graph project/file/graph_15_nodes.json --traffic project/file/traffic_15_nodes_random.json --inspection-rate 0.001 --mess-rate 0.002,1.268644000001,333,415,204,350,210,148,635,235,12,397,142,363,0,0,554,536,835,86,707,400,0,0,287,672,750,769,183,0,162,0,656,100,0,524,894,146,1353,1595,1457,920,1362,1299,1298,1173
project/sim_ext.py --sim-time 1.5 --seq-graph project/file/graph_15_nodes.json --traffic project/file/traffic_15_nodes_random.json --inspection-rate 0.001 --mess-rate 0.002,1.269684000001,333,418,205,350,210,148,647,238,12,397,144,368,0,0,554,537,839,86,709,401,0,0,287,672,750,769,183,0,162,0,656,100,0,525,894,147,1353,1614,1471,922,1373,1299,1310,1175
project/sim_ext.py --sim-time 1.5 --seq-graph project/file/graph_15_nodes.json --traffic project/file/traffic_15_nodes_random.json --inspection-rate 0.001 --mess-rate 0.002,1.270881000001,333,420,206,350,210,148,648,238,12,397,146,369,0,0,554,537,841,86,709,402,0,0,287,672,750,769,183,0,163,0,656,100,0,526,894,147,1353,1616,1472,922,1373,1299,1312,1175
project/sim_ext.py --sim-time 1.5 --seq-graph project/file/graph_15_nodes.json --traffic project/file/traffic_15_nodes_random.json --inspection-rate 0.001 --mess-rate 0.002,1.2719758901668132,335,421,206,350,210,148,649,238,12,397,147,369,0,0,554,537,842,86,709,402,0,0,287,673,750,769,183,0,164,0,656,100,0,527,894,149,1353,1619,1474,922,1373,1299,1314,1175
project/sim_ext.py --sim-time 1.5 --seq-graph project/file/graph_15_nodes.json --traffic project/file/traffic_15_nodes_random.json --inspection-rate 0.001 --mess-rate 0.002,1.273137000001,335,421,206,350,210,148,651,238,12,397,147,370,0,0,554,537,843,86,709,402,0,0,287,673,751,769,183,0,164,0,658,100,0,527,894,149,1354,1620,1474,922,1373,1299,1315,1177
project/sim_ext.py --sim-time 1.5 --seq-graph project/file/graph_15_nodes.json --traffic project/file/traffic_15_nodes_random.json --inspection-rate 0.001 --mess-rate 0.002,1.2742270000009999,336,421,206,350,210,148,652,238,12,397,147,370,0,0,554,537,843,86,709,402,0,0,287,674,751,769,183,0,164,0,658,100,0,527,894,149,1354,1624,1474,922,1373,1299,1316,1177
project/sim_ext.py --sim-time 1.5 --seq-graph project/file/graph_15_nodes.json --traffic project/file/traffic_15_nodes_random.json --inspection-rate 0.001 --mess-rate 0.002,1.275318871521206,336,421,206,350,210,148,652,238,12,397,150,372,0,0,554,537,844,86,709,402,0,0,287,674,754,769,183,0,164,0,660,100,0,527,894,150,1354,1625,1474,922,1373,1299,1319,1177
project/sim_ext.py --sim-time 1.5 --seq-graph project/file/graph_15_nodes.json --traffic project/file/traffic_15_nodes_random.json --inspection-rate 0.001 --mess-rate 0.002,1.276336000001,336,422,206,350,210,148,652,238,12,397,150,372,0,0,554,537,844,86,710,402,0,0,287,674,754,769,183,0,164,0,660,100,0,527,894,150,1354,1626,1474,922,1373,1299,1320,1177
project/sim_ext.py --sim-time 1.5 --seq-graph project/file/graph_15_nodes.json --traffic project/file/traffic_15_nodes_random.json --inspection-rate 0.001 --mess-rate 0.002,1.277705599997,336,422,206,350,210,148,652,238,12,397,150,373,0,0,556,537,846,86,710,402,0,0,287,674,755,769,183,0,164,0,662,100,0,527,894,154,1354,1629,1474,922,1373,1299,1323,1177
project/sim_ext.py --sim-time 1.5 --seq-graph project/file/graph_15_nodes.json --traffic project/file/traffic_15_nodes_random.json --inspection-rate 0.001 --mess-rate 0.002,1.278750799997,336,422,206,350,210,148,652,238,12,397,150,373,0,0,557,537,846,86,712,402,0,0,287,674,755,769,183,0,164,0,663,100,0,527,894,156,1354,1634,1474,922,1373,1299,1323,1177
project/sim_ext.py --sim-time 1.5 --seq-graph project/file/graph_15_nodes.json --traffic project/file/traffic_15_nodes_random.json --inspection-rate 0.001 --mess-rate 0.002,1.279859338106633,336,424,206,350,210,148,652,238,12,397,150,373,0,0,557,537,846,86,713,402,0,0,287,675,755,769,183,0,164,0,663,100,0,527,894,156,1354,1634,1474,922,1373,1299,1324,1177
project/sim_ext.py --sim-time 1.5 --seq-graph project/file/graph_15_nodes.json --traffic project/file/traffic_15_nodes_random.json --inspection-rate 0.001 --mess-rate 0.002,1.280939000001,337,424,206,350,210,148,657,238,12,397,150,373,0,0,557,537,846,86,713,402,0,0,287,675,757,769,183,0,164,0,664,100,0,527,894,156,1354,1636,1474,922,1373,1299,1324,1177
project/sim_ext.py --sim-time 1.5 --seq-graph project/file/graph_15_nodes.json --traffic project/file/traffic_15_nodes_random.json --inspection-rate 0.001 --mess-rate 0.002,1.282029832611414,337,426,206,350,210,148,657,238,12,397,150,373,0,0,557,537,846,86,715,402,0,0,287,675,757,769,183,0,164,0,664,100,0,527,894,156,1354,1636,1474,922,1373,1299,1327,1177
project/sim_ext.py --sim-time 1.5 --seq-graph project/file/graph_15_nodes.json --traffic project/file/traffic_15_nodes_random.json --inspection-rate 0.001 --mess-rate 0.002,1.283181000001,337,427,206,350,210,148,657,238,12,397,150,373,0,0,557,537,846,86,715,402,0,0,287,675,758,769,183,0,164,0,664,100,0,527,894,156,1354,1636,1474,922,1373,1299,1330,1177
project/sim_ext.py --sim-time 1.5 --seq-graph project/file/graph_15_nodes.json --traffic project/file/traffic_15_nodes_random.json --inspection-rate 0.001 --mess-rate 0.002,1.2843080000009999,337,427,206,350,210,148,657,238,12,397,150,373,0,0,557,537,846,86,718,402,0,0,287,675,759,769,183,0,164,0,665,100,0,527,894,156,1354,1636,1474,922,1373,1299,1330,1177
project/sim_ext.py --sim-time 1.5 --seq-graph project/file/graph_15_nodes.json --traffic project/file/traffic_15_nodes_random.json --inspection-rate 0.001 --mess-rate 0.002,1.2853301423624168,337,427,206,350,210,148,658,238,12,397,150,373,0,0,557,537,846,86,718,402,0,0,287,676,759,769,183,0,164,0,665,100,0,527,894,156,1354,1636,1474,922,1373,1299,1330,1177
project/sim_ext.py --sim-time 1.5 --seq-graph project/file/graph_15_nodes.json --traffic project/file/traffic_15_nodes_random.json --inspection-rate 0.001 --mess-rate 0.002,1.2863774831919395,337,427,206,350,210,148,659,238,12,397,150,373,0,0,557,537,846,86,718,402,0,0,287,676,760,769,183,0,164,0,668,100,0,527,894,156,1354,1636,1474,922,1373,1299,1330,1177
project/sim_ext.py --sim-time 1.5 --seq-graph project/file/graph_15_nodes.json --traffic project/file/traffic_15_nodes_random.json --inspection-rate 0.001 --mess-rate 0.002,1.287443000001,337,427,206,350,210,148,659,238,12,397,150,373,0,0,557,537,846,86,719,402,0,0,287,676,761,769,183,0,164,0,668,100,0,527,894,156,1354,1636,1474,922,1373,1299,1330,1177
project/sim_ext.py --sim-time 1.5 --seq-graph project/file/graph_15_nodes.json --traffic project/file/traffic_15_nodes_random.json --inspection-rate 0.001 --mess-rate 0.002,1.2885670000009999,337,427,206,350,210,148,659,238,12,397,150,373,0,0,557,537,846,86,721,402,0,0,287,676,761,769,183,0,164,0,668,100,0,527,894,156,1354,1636,1474,922,1373,1299,1330,1177
project/sim_ext.py --sim-time 1.5 --seq-graph project/file/graph_15_nodes.json --traffic project/file/traffic_15_nodes_random.json --inspection-rate 0.001 --mess-rate 0.002,1.2896380581130815,337,427,208,350,210,148,660,238,12,397,150,373,0,0,559,537,846,86,721,402,0,0,287,679,761,769,187,0,164,0,668,100,0,527,894,156,1362,1636,1474,934,1373,1299,1330,1177
project/sim_ext.py --sim-time 1.5 --seq-graph project/file/graph_15_nodes.json --traffic project/file/traffic_15_nodes_random.json --inspection-rate 0.001 --mess-rate 0.002,1.2906820841616966,337,427,208,350,210,148,660,238,12,397,150,373,0,0,559,537,846,86,721,402,0,0,287,679,761,769,188,0,164,0,668,100,0,527,894,156,1362,1636,1474,934,1373,1299,1330,1177
project/sim_ext.py --sim-time 1.5 --seq-graph project/file/graph_15_nodes.json --traffic project/file/traffic_15_nodes_random.json --inspection-rate 0.001 --mess-rate 0.002,1.291710799997,337,427,208,350,210,148,660,238,12,397,150,373,0,0,559,537,846,86,721,402,0,0,287,679,762,769,188,0,164,0,670,100,0,527,894,156,1363,1636,1474,935,1373,1299,1330,1177
project/sim_ext.py --sim-time 1.5 --seq-graph project/file/graph_15_nodes.json --traffic project/file/traffic_15_nodes_random.json --inspection-rate 0.001 --mess-rate 0.002,1.292775799997,337,427,208,350,210,148,660,238,12,397,150,373,0,0,559,537,847,86,724,402,0,0,287,679,762,769,188,0,164,0,671,100,0,527,894,156,1363,1636,1474,937,1373,1299,1330,1177
project/sim_ext.py --sim-time 1.5 --seq-graph project/file/graph_15_nodes.json --traffic project/file/traffic_15_nodes_random.json --inspection-rate 0.001 --mess-rate 0.002,1.293819000001,337,427,208,350,210,148,661,238,12,397,150,373,0,0,559,537,847,86,724,402,0,0,287,679,762,769,188,0,164,0,672,100,0,527,894,156,1363,1636,1474,937,1373,1299,1330,1177
project/sim_ext.py --sim-time 1.5 --seq-graph project/file/graph_15_nodes.json --traffic project/file/traffic_15_nodes_random.json --inspection-rate 0.001 --mess-rate 0.002,1.294836000001,337,427,209,350,210,148,661,238,12,397,150,373,0,0,559,537,847,86,725,402,0,0,287,679,762,769,188,0,164,0,672,100,0,527,894,156,1363,1636,1474,937,1373,1299,1330,1177
project/sim_ext.py --sim-time 1.5 --seq-graph project/file/graph_15_nodes.json --traffic project/file/traffic_15_nodes_random.json --inspection-rate 0.001 --mess-rate 0.002,1.295875000001,337,427,210,350,210,148,661,238,12,397,150,373,0,0,560,537,848,86,725,402,0,0,287,679,762,769,188,0,164,0,672,100,0,527,894,156,1363,1636,1474,937,1373,1299,1330,1177
project/sim_ext.py --sim-time 1.5 --seq-graph project/file/graph_15_nodes.json --traffic project/file/traffic_15_nodes_random.json --inspection-rate 0.001 --mess-rate 0.002,1.297024000001,337,427,210,350,210,148,662,238,12,397,150,373,0,0,560,537,848,86,725,402,0,0,287,683,762,769,189,0,164,0,672,100,0,527,894,156,1366,1636,1474,938,1373,1299,1330,1177
project/sim_ext.py --sim-time 1.5 --seq-graph project/file/graph_15_nodes.json --traffic project/file/traffic_15_nodes_random.json --inspection-rate 0.001 --mess-rate 0.002,1.298208000001,337,427,210,350,210,148,662,238,12,397,150,373,0,0,560,537,848,86,725,402,0,0,287,683,768,769,191,0,164,0,672,100,0,527,894,156,1366,1636,1474,942,1373,1299,1330,1177
project/sim_ext.py --sim-time 1.5 --seq-graph project/file/graph_15_nodes.json --traffic project/file/traffic_15_nodes_random.json --inspection-rate 0.001 --mess-rate 0.002,1.299840999997,340,432,216,354,210,149,667,239,12,403,150,380,0,0,560,540,852,86,726,406,0,0,287,684,768,777,194,0,164,0,672,101,0,529,899,156,1377,1651,1488,948,1386,1312,1345,1191
project/sim_ext.py --sim-time 1.5 --seq-graph project/file/graph_15_nodes.json --traffic project/file/traffic_15_nodes_random.json --inspection-rate 0.001 --mess-rate 0.002,1.300869000001,340,432,216,356,211,149,667,239,12,404,150,384,0,0,560,541,853,87,727,407,0,0,290,684,769,785,195,0,165,0,674,101,0,531,901,159,1384,1661,1500,953,1399,1316,1350,1205
project/sim_ext.py --sim-time 1.5 --seq-graph project/file/graph_15_nodes.json --traffic project/file/traffic_15_nodes_random.json --inspection-rate 0.001 --mess-rate 0.002,1.302067000001,341,432,216,358,211,150,668,239,12,404,150,385,0,0,560,542,854,88,729,407,0,0,290,684,772,785,195,0,167,0,675,101,0,531,901,159,1388,1664,1504,953,1402,1316,1350,1206
project/sim_ext.py --sim-time 1.5 --seq-graph project/file/graph_15_nodes.json --traffic project/file/traffic_15_nodes_random.json --inspection-rate 0.001 --mess-rate 0.002,1.304077000001,350,433,216,358,213,150,675,241,12,407,150,388,0,0,560,545,855,90,730,409,0,0,291,684,774,785,195,0,168,0,676,101,0,532,901,159,1388,1675,1512,953,1404,1318,1358,1213
project/sim_ext.py --sim-time 1.5 --seq-graph project/file/graph_15_nodes.json --traffic project/file/traffic_15_nodes_random.json --inspection-rate 0.001 --mess-rate 0.002,1.3052230000009999,350,433,216,359,214,150,675,241,12,407,150,391,0,0,560,545,856,90,731,409,0,0,292,691,775,786,195,0,169,0,677,101,0,532,906,159,1388,1680,1515,953,1407,1320,1361,1214
project/sim_ext.py --sim-time 1.5 --seq-graph project/file/graph_15_nodes.json --traffic project/file/traffic_15_nodes_random.json --inspection-rate 0.001 --mess-rate 0.002,1.3063681862922842,352,435,216,359,215,151,678,242,12,411,150,391,0,0,561,546,858,90,734,409,0,0,293,692,778,786,195,0,169,0,677,101,0,535,908,159,1388,1684,1517,953,1408,1321,1364,1218
project/sim_ext.py --sim-time 1.5 --seq-graph project/file/graph_15_nodes.json --traffic project/file/traffic_15_nodes_random.json --inspection-rate 0.001 --mess-rate 0.002,1.307490000001,353,436,216,359,216,151,678,242,12,411,150,391,0,0,562,547,858,92,736,409,0,0,293,692,779,786,195,0,169,0,678,101,0,538,908,159,1388,1684,1517,953,1408,1322,1368,1224
project/sim_ext.py --sim-time 1.5 --seq-graph project/file/graph_15_nodes.json --traffic project/file/traffic_15_nodes_random.json --inspection-rate 0.001 --mess-rate 0.002,1.308768000001,353,436,216,359,216,151,678,242,12,411,150,391,0,0,562,548,860,92,737,409,0,0,293,693,781,786,195,0,169,0,679,101,0,538,910,159,1388,1684,1517,953,1410,1327,1369,1224
project/sim_ext.py --sim-time 1.5 --seq-graph project/file/graph_15_nodes.json --traffic project/file/traffic_15_nodes_random.json --inspection-rate 0.001 --mess-rate 0.002,1.309827199997,353,437,216,359,216,151,678,242,12,411,150,391,0,0,563,548,861,92,737,409,0,0,293,693,781,786,195,0,169,0,679,101,0,538,910,159,1388,1684,1517,953,1410,1327,1371,1224
project/sim_ext.py --sim-time 1.5 --seq-graph project/file/graph_15_nodes.json --traffic project/file/traffic_15_nodes_random.json --inspection-rate 0.001 --mess-rate 0.002,1.31094995710765,353,437,216,359,216,151,678,242,12,411,150,391,0,0,564,550,861,92,738,410,0,0,293,693,782,786,195,0,169,0,681,101,0,539,910,159,1388,1684,1517,953,1410,1330,1372,1224
project/sim_ext.py --sim-time 1.5 --seq-graph project/file/graph_15_nodes.json --traffic project/file/traffic_15_nodes_random.json --inspection-rate 0.001 --mess-rate 0.002,1.312056399997,353,437,216,359,216,151,678,246,12,411,150,391,0,0,566,550,861,92,738,410,0,0,293,695,782,787,195,0,169,0,681,101,0,539,911,159,1388,1684,1517,953,1410,1330,1372,1224
project/sim_ext.py --sim-time 1.5 --seq-graph project/file/graph_15_nodes.json --traffic project/file/traffic_15_nodes_random.json --inspection-rate 0.001 --mess-rate 0.002,1.313244999883,353,437,216,359,216,151,678,246,12,411,150,391,0,0,566,550,861,92,738,410,0,0,293,695,782,788,195,0,169,0,681,101,0,539,911,159,1388,1684,1517,953,1410,1330,1372,1224
project/sim_ext.py --sim-time 1.5 --seq-graph project/file/graph_15_nodes.json --traffic project/file/traffic_15_nodes_random.json --inspection-rate 0.001 --mess-rate 0.002,1.314362185945428,353,437,216,359,216,151,679,246,12,415,150,391,0,0,567,550,861,92,739,410,0,0,293,696,782,788,195,0,169,0,681,101,0,539,911,159,1388,1684,1517,953,1410,1330,1372,1224
project/sim_ext.py --sim-time 1.5 --seq-graph project/file/graph_15_nodes.json --traffic project/file/traffic_15_nodes_random.json --inspection-rate 0.001 --mess-rate 0.002,1.3154580000009999,353,437,216,359,216,151,679,246,12,415,150,391,0,0,567,550,862,92,740,410,0,0,293,697,784,788,195,0,169,0,682,101,0,539,911,159,1388,1684,1517,953,1410,1330,1372,1224
project/sim_ext.py --sim-time 1.5 --seq-graph project/file/graph_15_nodes.json --traffic project/file/traffic_15_nodes_random.json --inspection-rate 0.001 --mess-rate 0.002,1.316509999891,353,438,216,359,216,151,680,246,12,415,150,391,0,0,567,550,862,92,740,410,0,0,293,700,784,789,195,0,169,0,682,101,0,539,912,159,1388,1684,1517,953,1410,1330,1372,1224
project/sim_ext.py --sim-time 1.5 --seq-graph project/file/graph_15_nodes.json --traffic project/file/traffic_15_nodes_random.json --inspection-rate 0.001 --mess-rate 0.002,1.3175390000009999,353,438,216,359,216,151,680,246,12,415,150,391,0,0,567,550,865,92,740,410,0,0,293,700,785,791,195,0,169,0,683,101,0,539,913,159,1388,1684,1517,953,1410,1330,1372,1224
project/sim_ext.py --sim-time 1.5 --seq-graph project/file/graph_15_nodes.json --traffic project/file/traffic_15_nodes_random.json --inspection-rate 0.001 --mess-rate 0.002,1.318548000001,353,439,216,359,216,151,680,246,12,415,150,391,0,0,571,550,866,92,741,410,0,0,293,700,785,793,195,0,169,0,683,101,0,539,913,159,1388,1684,1517,953,1410,1330,1372,1224
project/sim_ext.py --sim-time 1.5 --seq-graph project/file/graph_15_nodes.json --traffic project/file/traffic_15_nodes_random.json --inspection-rate 0.001 --mess-rate 0.002,1.319718000001,353,439,216,359,216,151,680,246,12,415,150,391,0,0,571,550,866,92,741,410,0,0,293,701,785,793,195,0,169,0,685,101,0,539,913,159,1388,1684,1517,953,1410,1330,1372,1224
project/sim_ext.py --sim-time 1.5 --seq-graph project/file/graph_15_nodes.json --traffic project/file/traffic_15_nodes_random.json --inspection-rate 0.001 --mess-rate 0.002,1.3207778898470341,353,439,216,359,216,151,680,246,12,415,150,391,0,0,571,550,866,92,741,410,0,0,293,703,785,794,195,0,169,0,685,101,0,539,913,159,1388,1684,1517,953,1410,1330,1372,1224
project/sim_ext.py --sim-time 1.5 --seq-graph project/file/graph_15_nodes.json --traffic project/file/traffic_15_nodes_random.json --inspection-rate 0.001 --mess-rate 0.002,1.321830000001,353,439,216,359,216,151,680,246,12,415,150,391,0,0,571,550,866,92,741,410,0,0,293,704,785,794,195,0,169,0,686,101,0,539,913,159,1388,1684,1517,953,1410,1330,1372,1224
project/sim_ext.py --sim-time 1.5 --seq-graph project/file/graph_15_nodes.json --traffic project/file/traffic_15_nodes_random.json --inspection-rate 0.001 --mess-rate 0.002,1.322997000001,353,439,216,359,216,151,680,246,12,415,150,391,0,0,571,550,869,92,743,410,0,0,293,705,785,794,195,0,169,0,686,101,0,539,913,159,1388,1684,1517,953,1410,1330,1372,1224
project/sim_ext.py --sim-time 1.5 --seq-graph project/file/graph_15_nodes.json --traffic project/file/traffic_15_nodes_random.json --inspection-rate 0.001 --mess-rate 0.002,1.324343000001,353,439,216,359,216,151,681,246,12,415,150,391,0,0,571,550,869,92,743,410,0,0,293,706,786,794,195,0,169,0,686,101,0,539,913,159,1388,1684,1517,953,1410,1330,1372,1224
project/sim_ext.py --sim-time 1.5 --seq-graph project/file/graph_15_nodes.json --traffic project/file/traffic_15_nodes_random.json --inspection-rate 0.001 --mess-rate 0.002,1.325731000001,353,439,216,359,216,151,681,246,12,415,150,391,0,0,571,550,869,92,743,410,0,0,293,706,786,794,195,0,169,0,686,101,0,539,913,159,1388,1684,1517,953,1410,1330,1372,1224
project/sim_ext.py --sim-time 1.5 --seq-graph project/file/graph_15_nodes.json --traffic project/file/traffic_15_nodes_random.json --inspection-rate 0.001 --mess-rate 0.002,1.326847000001,353,439,216,359,216,151,681,246,12,415,150,391,0,0,571,550,871,92,743,410,0,0,293,707,787,794,195,0,169,0,686,101,0,539,913,159,1388,1684,1517,953,1410,1330,1372,1224
project/sim_ext.py --sim-time 1.5 --seq-graph project/file/graph_15_nodes.json --traffic project/file/traffic_15_nodes_random.json --inspection-rate 0.001 --mess-rate 0.002,1.3279164347148467,353,439,216,359,216,151,681,246,12,415,150,391,0,0,571,550,871,92,743,410,0,0,293,710,787,794,195,0,169,0,686,101,0,539,913,159,1388,1684,1517,953,1410,1330,1372,1224
project/sim_ext.py --sim-time 1.5 --seq-graph project/file/graph_15_nodes.json --traffic project/file/traffic_15_nodes_random.json --inspection-rate 0.001 --mess-rate 0.002,1.3289869999969999,353,439,216,359,216,151,681,246,12,415,150,391,0,0,571,550,871,92,744,410,0,0,293,710,787,794,195,0,169,0,686,101,0,539,913,159,1388,1684,1517,953,1410,1330,1372,1224
project/sim_ext.py --sim-time 1.5 --seq-graph project/file/graph_15_nodes.json --traffic project/file/traffic_15_nodes_random.json --inspection-rate 0.001 --mess-rate 0.002,1.330050000001,353,439,216,359,216,151,681,246,12,415,150,391,0,0,571,554,871,92,744,410,0,0,293,710,787,794,195,0,169,0,686,101,0,539,913,159,1388,1684,1517,963,1410,1330,1372,1224
project/sim_ext.py --sim-time 1.5 --seq-graph project/file/graph_15_nodes.json --traffic project/file/traffic_15_nodes_random.json --inspection-rate 0.001 --mess-rate 0.002,1.3310563345341453,359,442,216,366,220,153,686,248,12,418,150,397,0,0,571,556,872,92,747,411,0,0,295,712,787,794,196,0,169,0,689,101,0,545,913,159,1413,1711,1545,969,1428,1348,1390,1248
project/sim_ext.py --sim-time 1.5 --seq-graph project/file/graph_15_nodes.json --traffic project/file/traffic_15_nodes_random.json --inspection-rate 0.001 --mess-rate 0.002,1.332224999887,359,443,216,368,220,154,689,248,12,422,150,400,0,0,574,559,872,92,748,411,0,0,296,715,795,794,196,0,169,0,689,101,0,545,913,159,1419,1715,1547,976,1429,1356,1399,1249
project/sim_ext.py --sim-time 1.5 --seq-graph project/file/graph_15_nodes.json --traffic project/file/traffic_15_nodes_random.json --inspection-rate 0.001 --mess-rate 0.002,1.333334399997,360,443,216,369,220,157,690,248,12,423,150,400,0,0,574,559,872,93,748,411,0,0,296,718,795,796,199,0,169,0,689,101,0,545,923,159,1420,1720,1547,979,1429,1358,1400,1253
project/sim_ext.py --sim-time 1.5 --seq-graph project/file/graph_15_nodes.json --traffic project/file/traffic_15_nodes_random.json --inspection-rate 0.001 --mess-rate 0.002,1.334428000001,366,445,216,370,220,157,693,250,12,428,150,402,0,0,574,561,872,93,751,411,0,0,297,720,798,796,199,0,169,0,691,101,0,548,923,159,1427,1726,1555,988,1437,1361,1404,1257
project/sim_ext.py --sim-time 1.5 --seq-graph project/file/graph_15_nodes.json --traffic project/file/traffic_15_nodes_random.json --inspection-rate 0.001 --mess-rate 0.002,1.335524000001,367,446,216,371,220,157,694,250,12,428,150,403,0,0,575,563,872,93,756,411,0,0,297,722,801,798,199,0,169,0,692,101,0,550,924,159,1429,1732,1556,990,1437,1364,1410,1258
project/sim_ext.py --sim-time 1.5 --seq-graph project/file/graph_15_nodes.json --traffic project/file/traffic_15_nodes_random.json --inspection-rate 0.001 --mess-rate 0.002,1.336668799997,367,447,216,374,221,158,694,250,12,428,150,403,0,0,575,564,872,94,756,411,0,0,297,723,802,798,199,0,170,0,692,101,0,551,924,159,1435,1732,1560,997,1438,1365,1413,1260
project/sim_ext.py --sim-time 1.5 --seq-graph project/file/graph_15_nodes.json --traffic project/file/traffic_15_nodes_random.json --inspection-rate 0.001 --mess-rate 0.002,1.337743999997,368,447,216,374,221,159,694,251,12,428,150,403,0,0,575,564,872,94,757,411,0,0,298,724,802,798,200,0,170,0,692,101,0,552,924,159,1436,1732,1563,1000,1438,1367,1414,1261
project/sim_ext.py --sim-time 1.5 --seq-graph project/file/graph_15_nodes.json --traffic project/file/traffic_15_nodes_random.json --inspection-rate 0.001 --mess-rate 0.002,1.338774999883,369,447,216,374,221,159,694,251,12,428,150,404,0,0,577,566,872,94,759,412,0,0,298,724,803,799,200,0,170,0,693,101,0,553,929,159,1436,1733,1563,1000,1443,1368,1418,1261
project/sim_ext.py --sim-time 1.5 --seq-graph project/file/graph_15_nodes.json --traffic project/file/traffic_15_nodes_random.json --inspection-rate 0.001 --mess-rate 0.002,1.339962599997,369,447,216,374,221,159,694,251,12,428,150,404,0,0,577,566,872,94,760,412,0,0,298,724,804,799,200,0,170,0,693,101,0,553,929,159,1436,1733,1563,1000,1443,1373,1418,1261
project/sim_ext.py --sim-time 1.5 --seq-graph project/file/graph_15_nodes.json --traffic project/file/traffic_15_nodes_random.json --inspection-rate 0.001 --mess-rate 0.002,1.3411271180843347,369,447,216,374,222,159,694,251,12,428,150,404,0,0,577,566,872,94,761,412,0,0,298,725,806,799,200,0,170,0,693,101,0,553,929,159,1436,1733,1563,1000,1444,1374,1418,1261
project/sim_ext.py --sim-time 1.5 --seq-graph project/file/graph_15_nodes.json --traffic project/file/traffic_15_nodes_random.json --inspection-rate 0.001 --mess-rate 0.002,1.342237000001,369,447,216,374,222,159,694,251,12,428,150,404,0,0,577,566,872,94,763,412,0,0,298,725,806,799,200,0,170,0,694,101,0,553,929,159,1436,1733,1563,1000,1445,1374,1418,1261
project/sim_ext.py --sim-time 1.5 --seq-graph project/file/graph_15_nodes.json --traffic project/file/traffic_15_nodes_random.json --inspection-rate 0.001 --mess-rate 0.002,1.3433370000009999,369,447,216,374,222,159,694,251,12,428,150,404,0,0,577,566,872,94,763,412,0,0,298,725,806,799,200,0,170,0,694,101,0,554,929,159,1436,1733,1563,1000,1445,1374,1418,1261
project/sim_ext.py --sim-time 1.5 --seq-graph project/file/graph_15_nodes.json --traffic project/file/traffic_15_nodes_random.json --inspection-rate 0.001 --mess-rate 0.002,1.344410000001,369,447,216,374,222,159,694,251,12,428,150,404,0,0,578,566,881,94,764,412,0,0,298,726,807,799,200,0,170,0,694,101,0,554,929,159,1436,1733,1563,1000,1445,1374,1418,1261
project/sim_ext.py --sim-time 1.5 --seq-graph project/file/graph_15_nodes.json --traffic project/file/traffic_15_nodes_random.json --inspection-rate 0.001 --mess-rate 0.002,1.3454936662293657,369,449,216,374,222,159,694,251,12,428,150,404,0,0,578,566,883,94,764,412,0,0,298,726,807,799,200,0,170,0,694,101,0,554,929,159,1436,1733,1563,1000,1445,1374,1418,1261
project/sim_ext.py --sim-time 1.5 --seq-graph project/file/graph_15_nodes.json --traffic project/file/traffic_15_nodes_random.json --inspection-rate 0.001 --mess-rate 0.002,1.346575121043491,369,450,216,374,222,159,694,251,12,428,150,404,0,0,578,566,884,94,765,412,0,0,298,727,807,799,200,0,170,0,694,101,0,554,929,159,1436,1733,1563,1000,1445,1374,1418,1261
project/sim_ext.py --sim-time 1.5 --seq-graph project/file/graph_15_nodes.json --traffic project/file/traffic_15_nodes_random.json --inspection-rate 0.001 --mess-rate 0.002,1.347598000001,369,450,216,374,222,159,694,251,12,428,150,404,0,0,579,566,884,94,765,412,0,0,298,727,808,799,200,0,170,0,696,101,0,554,929,159,1436,1733,1563,1000,1445,1374,1418,1261
project/sim_ext.py --sim-time 1.5 --seq-graph project/file/graph_15_nodes.json --traffic project/file/traffic_15_nodes_random.json --inspection-rate 0.001 --mess-rate 0.002,1.348645000001,369,450,216,374,222,159,694,251,12,428,150,404,0,0,579,566,886,94,765,412,0,0,298,727,808,804,200,0,170,0,696,101,0,554,930,159,1436,1733,1563,1000,1445,1374,1418,1261
project/sim_ext.py --sim-time 1.5 --seq-graph project/file/graph_15_nodes.json --traffic project/file/traffic_15_nodes_random.json --inspection-rate 0.001 --mess-rate 0.002,1.349694999883,369,450,216,374,222,159,694,251,12,428,150,404,0,0,579,566,886,94,766,412,0,0,298,727,808,804,200,0,170,0,696,101,0,554,930,159,1436,1733,1563,1000,1445,1374,1418,1261
project/sim_ext.py --sim-time 1.5 --seq-graph project/file/graph_15_nodes.json --traffic project/file/traffic_15_nodes_random.json --inspection-rate 0.001 --mess-rate 0.002,1.350963000001,369,451,216,374,222,159,694,251,12,428,150,404,0,0,579,566,887,94,767,412,0,0,298,729,810,804,200,0,170,0,697,101,0,554,930,159,1436,1733,1563,1000,1445,1374,1418,1261
project/sim_ext.py --sim-time 1.5 --seq-graph project/file/graph_15_nodes.json --traffic project/file/traffic_15_nodes_random.json --inspection-rate 0.001 --mess-rate 0.002,1.352002000001,369,451,216,374,222,159,694,251,12,428,150,404,0,0,579,566,887,94,767,412,0,0,298,730,810,804,200,0,170,0,697,101,0,554,930,159,1436,1733,1563,1000,1445,1374,1418,1261
project/sim_ext.py --sim-time 1.5 --seq-graph project/file/graph_15_nodes.json --traffic project/file/traffic_15_nodes_random.json --inspection-rate 0.001 --mess-rate 0.002,1.3530979999969999,369,452,216,374,222,159,694,251,12,428,150,404,0,0,581,566,887,94,767,412,0,0,298,730,810,805,200,0,170,0,697,101,0,554,933,159,1436,1733,1563,1000,1445,1374,1418,1261
project/sim_ext.py --sim-time 1.5 --seq-graph project/file/graph_15_nodes.json --traffic project/file/traffic_15_nodes_random.json --inspection-rate 0.001 --mess-rate 0.002,1.354176000001,369,453,216,374,222,159,694,251,12,428,150,404,0,0,582,566,887,94,767,412,0,0,298,730,810,807,200,0,170,0,698,101,0,554,934,159,1436,1733,1563,1000,1445,1374,1418,1261
project/sim_ext.py --sim-time 1.5 --seq-graph project/file/graph_15_nodes.json --traffic project/file/traffic_15_nodes_random.json --inspection-rate 0.001 --mess-rate 0.002,1.355278000001,369,453,216,374,222,159,694,251,12,428,150,404,0,0,582,566,887,94,767,412,0,0,298,730,811,807,200,0,170,0,699,101,0,554,934,159,1436,1733,1563,1000,1445,1374,1418,1261
project/sim_ext.py --sim-time 1.5 --seq-graph project/file/graph_15_nodes.json --traffic project/file/traffic_15_nodes_random.json --inspection-rate 0.001 --mess-rate 0.002,1.356390000001,369,453,216,374,222,159,694,251,12,428,150,404,0,0,583,566,887,94,767,412,0,0,298,730,811,807,200,0,170,0,699,101,0,554,934,159,1436,1733,1563,1000,1445,1374,1418,1261
project/sim_ext.py --sim-time 1.5 --seq-graph project/file/graph_15_nodes.json --traffic project/file/traffic_15_nodes_random.json --inspection-rate 0.001 --mess-rate 0.002,1.357570000001,369,453,216,374,222,159,694,251,12,428,150,404,0,0,584,566,887,94,767,412,0,0,298,731,811,808,200,0,170,0,699,101,0,554,935,159,1436,1733,1563,1000,1445,1374,1418,1261
project/sim_ext.py --sim-time 1.5 --seq-graph project/file/graph_15_nodes.json --traffic project/file/traffic_15_nodes_random.json --inspection-rate 0.001 --mess-rate 0.002,1.358664000001,369,453,216,374,222,159,694,251,12,428,150,404,0,0,585,566,887,94,773,412,0,0,298,732,812,808,200,0,170,0,702,101,0,554,935,159,1436,1733,1563,1000,1445,1374,1418,1261
project/sim_ext.py --sim-time 1.5 --seq-graph project/file/graph_15_nodes.json --traffic project/file/traffic_15_nodes_random.json --inspection-rate 0.001 --mess-rate 0.002,1.359756000001,369,453,216,374,222,159,694,251,12,428,150,404,0,0,585,566,887,94,774,412,0,0,298,733,812,808,200,0,170,0,702,101,0,554,935,159,1436,1733,1563,1000,1445,1374,1418,1261
project/sim_ext.py --sim-time 1.5 --seq-graph project/file/graph_15_nodes.json --traffic project/file/traffic_15_nodes_random.json --inspection-rate 0.001 --mess-rate 0.002,1.360842000001,369,453,216,374,222,159,694,251,12,428,150,404,0,0,586,566,887,94,775,412,0,0,298,733,813,808,200,0,170,0,702,101,0,554,935,159,1436,1733,1563,1000,1445,1374,1418,1261
project/sim_ext.py --sim-time 1.5 --seq-graph project/file/graph_15_nodes.json --traffic project/file/traffic_15_nodes_random.json --inspection-rate 0.001 --mess-rate 0.002,1.361883000001,372,453,216,383,222,159,694,251,12,428,150,404,0,0,586,566,887,96,778,412,0,0,299,734,815,809,204,0,170,0,704,101,0,554,943,159,1453,1733,1563,1000,1455,1393,1418,1278
project/sim_ext.py --sim-time 1.5 --seq-graph project/file/graph_15_nodes.json --traffic project/file/traffic_15_nodes_random.json --inspection-rate 0.001 --mess-rate 0.002,1.3630473999969999,372,453,216,383,222,159,694,251,12,428,150,404,0,0,586,566,887,98,778,412,0,0,299,735,818,810,205,0,170,0,704,101,0,554,946,159,1456,1733,1563,1000,1455,1394,1418,1280
project/sim_ext.py --sim-time 1.5 --seq-graph project/file/graph_15_nodes.json --traffic project/file/traffic_15_nodes_random.json --inspection-rate 0.001 --mess-rate 0.002,1.364072000001,372,453,216,387,222,159,694,251,12,428,150,404,0,0,586,566,892,99,779,412,0,0,299,736,819,810,205,0,170,0,705,101,0,554,946,159,1458,1733,1563,1000,1460,1394,1418,1282
project/sim_ext.py --sim-time 1.5 --seq-graph project/file/graph_15_nodes.json --traffic project/file/traffic_15_nodes_random.json --inspection-rate 0.001 --mess-rate 0.002,1.365120000001,372,453,216,389,223,159,694,251,12,428,150,404,0,0,586,566,892,100,779,412,0,0,302,737,820,812,206,0,170,0,706,101,0,554,947,159,1461,1733,1563,1000,1461,1397,1418,1283
project/sim_ext.py --sim-time 1.5 --seq-graph project/file/graph_15_nodes.json --traffic project/file/traffic_15_nodes_random.json --inspection-rate 0.001 --mess-rate 0.002,1.3661210538044073,372,453,216,389,223,159,694,251,12,428,150,404,0,0,586,566,892,100,779,412,0,0,302,737,822,812,206,0,170,0,707,101,0,554,947,159,1463,1733,1563,1000,1461,1399,1418,1286
project/sim_ext.py --sim-time 1.5 --seq-graph project/file/graph_15_nodes.json --traffic project/file/traffic_15_nodes_random.json --inspection-rate 0.001 --mess-rate 0.002,1.367200999997,372,453,216,389,223,159,694,251,12,428,150,404,0,0,586,566,892,100,781,412,0,0,302,737,825,812,206,0,170,0,707,101,0,554,947,159,1464,1733,1563,1000,1464,1400,1418,1287
project/sim_ext.py --sim-time 1.5 --seq-graph project/file/graph_15_nodes.json --traffic project/file/traffic_15_nodes_random.json --inspection-rate 0.001 --mess-rate 0.002,1.368367999997,372,453,216,390,225,160,694,251,12,428,150,404,0,0,586,566,893,100,782,412,0,0,303,737,825,812,206,0,170,0,707,101,0,554,947,159,1469,1733,1563,1000,1465,1402,1418,1287
project/sim_ext.py --sim-time 1.5 --seq-graph project/file/graph_15_nodes.json --traffic project/file/traffic_15_nodes_random.json --inspection-rate 0.001 --mess-rate 0.002,1.369403000001,372,453,216,393,225,160,694,251,12,428,150,404,0,0,586,566,893,100,786,412,0,0,304,737,825,813,207,0,170,0,711,101,0,554,959,159,1470,1733,1563,1000,1467,1403,1418,1289
project/sim_ext.py --sim-time 1.5 --seq-graph project/file/graph_15_nodes.json --traffic project/file/traffic_15_nodes_random.json --inspection-rate 0.001 --mess-rate 0.002,1.370537599997,373,453,216,393,225,160,694,251,12,428,150,404,0,0,586,570,893,101,787,415,0,0,304,739,825,814,208,0,170,0,712,101,0,558,960,159,1474,1733,1563,1016,1469,1407,1418,1291
project/sim_ext.py --sim-time 1.5 --seq-graph project/file/graph_15_nodes.json --traffic project/file/traffic_15_nodes_random.json --inspection-rate 0.001 --mess-rate 0.002,1.3716383999969999,377,454,216,394,227,160,702,253,12,431,150,407,0,0,586,579,893,101,787,415,0,0,304,742,827,814,208,0,171,0,713,101,0,564,960,159,1476,1754,1583,1020,1479,1410,1432,1292
project/sim_ext.py --sim-time 1.5 --seq-graph project/file/graph_15_nodes.json --traffic project/file/traffic_15_nodes_random.json --inspection-rate 0.001 --mess-rate 0.002,1.372747599997,378,454,216,394,227,160,708,253,12,431,150,407,0,0,586,581,893,101,788,415,0,0,304,743,829,815,208,0,171,0,713,101,0,566,961,159,1476,1761,1588,1024,1482,1410,1433,1292
project/sim_ext.py --sim-time 1.5 --seq-graph project/file/graph_15_nodes.json --traffic project/file/traffic_15_nodes_random.json --inspection-rate 0.001 --mess-rate 0.002,1.374084999883,378,455,216,394,227,160,710,253,12,433,150,407,0,0,586,583,893,101,789,415,0,0,304,747,830,815,208,0,171,0,713,101,0,566,961,159,1476,1764,1589,1026,1482,1411,1434,1292
project/sim_ext.py --sim-time 1.5 --seq-graph project/file/graph_15_nodes.json --traffic project/file/traffic_15_nodes_random.json --inspection-rate 0.001 --mess-rate 0.002,1.375336000001,380,456,216,394,227,160,713,254,12,433,150,407,0,0,586,585,899,101,790,416,0,0,304,750,831,817,208,0,172,0,713,101,0,568,962,159,1476,1768,1592,1032,1482,1411,1439,1292
project/sim_ext.py --sim-time 1.5 --seq-graph project/file/graph_15_nodes.json --traffic project/file/traffic_15_nodes_random.json --inspection-rate 0.001 --mess-rate 0.002,1.376354000001,380,456,216,394,227,160,713,254,12,434,150,407,0,0,586,591,899,101,790,416,0,0,304,751,831,817,208,0,175,0,713,101,0,568,962,159,1476,1769,1594,1033,1482,1411,1445,1292
project/sim_ext.py --sim-time 1.5 --seq-graph project/file/graph_15_nodes.json --traffic project/file/traffic_15_nodes_random.json --inspection-rate 0.001 --mess-rate 0.002,1.377393000001,380,457,216,394,227,160,714,254,12,434,150,408,0,0,588,592,900,101,790,416,0,0,304,751,831,818,208,0,175,0,713,101,0,568,962,159,1476,1772,1599,1036,1482,1411,1452,1292
project/sim_ext.py --sim-time 1.5 --seq-graph project/file/graph_15_nodes.json --traffic project/file/traffic_15_nodes_random.json --inspection-rate 0.001 --mess-rate 0.002,1.378507599997,383,457,216,394,227,160,715,256,12,434,150,408,0,0,588,592,900,101,790,417,0,0,304,751,838,818,208,0,175,0,715,101,0,569,962,159,1476,1774,1603,1040,1482,1411,1460,1292
project/sim_ext.py --sim-time 1.5 --seq-graph project/file/graph_15_nodes.json --traffic project/file/traffic_15_nodes_random.json --inspection-rate 0.001 --mess-rate 0.002,1.379553000001,383,457,216,394,227,160,715,257,12,434,150,408,0,0,589,593,900,101,792,417,0,0,304,751,839,818,208,0,175,0,715,101,0,569,962,159,1476,1775,1603,1042,1482,1411,1461,1292
project/sim_ext.py --sim-time 1.5 --seq-graph project/file/graph_15_nodes.json --traffic project/file/traffic_15_nodes_random.json --inspection-rate 0.001 --mess-rate 0.002,1.380564000001,384,458,216,394,227,160,715,257,12,434,150,408,0,0,589,593,900,101,792,417,0,0,304,751,840,819,208,0,175,0,715,101,0,570,963,159,1476,1775,1604,1042,1482,1411,1461,1292
project/sim_ext.py --sim-time 1.5 --seq-graph project/file/graph_15_nodes.json --traffic project/file/traffic_15_nodes_random.json --inspection-rate 0.001 --mess-rate 0.002,1.381565000001,384,458,216,394,227,160,715,257,12,434,150,408,0,0,589,593,900,101,792,417,0,0,304,751,840,820,208,0,175,0,715,101,0,570,964,159,1476,1775,1604,1042,1482,1411,1461,1292
project/sim_ext.py --sim-time 1.5 --seq-graph project/file/graph_15_nodes.json --traffic project/file/traffic_15_nodes_random.json --inspection-rate 0.001 --mess-rate 0.002,1.382817000001,384,458,216,394,227,160,715,257,12,434,150,408,0,0,590,593,900,101,792,417,0,0,304,751,840,821,208,0,175,0,715,101,0,570,965,159,1476,1775,1604,1042,1482,1411,1461,1292
project/sim_ext.py --sim-time 1.5 --seq-graph project/file/graph_15_nodes.json --traffic project/file/traffic_15_nodes_random.json --inspection-rate 0.001 --mess-rate 0.002,1.383898000001,384,462,216,394,227,160,715,257,12,434,150,408,0,0,590,593,900,101,792,417,0,0,304,751,843,821,208,0,175,0,715,101,0,570,965,159,1476,1775,1604,1042,1482,1411,1461,1292
project/sim_ext.py --sim-time 1.5 --seq-graph project/file/graph_15_nodes.json --traffic project/file/traffic_15_nodes_random.json --inspection-rate 0.001 --mess-rate 0.002,1.3849380000009999,384,462,216,394,227,160,715,257,12,434,150,408,0,0,590,593,900,101,792,417,0,0,304,751,843,822,208,0,175,0,715,101,0,570,966,159,1476,1775,1604,1042,1482,1411,1461,1292
project/sim_ext.py --sim-time 1.5 --seq-graph project/file/graph_15_nodes.json --traffic project/file/traffic_15_nodes_random.json --inspection-rate 0.001 --mess-rate 0.002,1.385976000001,384,462,216,394,227,160,715,257,12,434,150,408,0,0,590,593,904,101,792,417,0,0,304,751,843,823,208,0,175,0,715,101,0,570,966,159,1476,1775,1604,1042,1482,1411,1461,1292
project/sim_ext.py --sim-time 1.5 --seq-graph project/file/graph_15_nodes.json --traffic project/file/traffic_15_nodes_random.json --inspection-rate 0.001 --mess-rate 0.002,1.386993999997,384,462,216,394,227,160,715,257,12,434,150,408,0,0,590,593,905,101,792,417,0,0,304,751,844,823,208,0,175,0,716,101,0,570,966,159,1476,1775,1604,1042,1482,1411,1461,1292
project/sim_ext.py --sim-time 1.5 --seq-graph project/file/graph_15_nodes.json --traffic project/file/traffic_15_nodes_random.json --inspection-rate 0.001 --mess-rate 0.002,1.388289000001,384,463,216,394,227,160,715,257,12,434,150,408,0,0,591,593,905,101,792,417,0,0,304,751,845,823,208,0,175,0,716,101,0,570,966,159,1476,1775,1604,1042,1482,1411,1461,1292
project/sim_ext.py --sim-time 1.5 --seq-graph project/file/graph_15_nodes.json --traffic project/file/traffic_15_nodes_random.json --inspection-rate 0.001 --mess-rate 0.002,1.389334000001,384,463,216,394,227,160,715,257,12,434,150,408,0,0,591,593,907,101,792,417,0,0,304,751,845,823,208,0,175,0,716,101,0,570,966,159,1476,1775,1604,1042,1482,1411,1461,1292
project/sim_ext.py --sim-time 1.5 --seq-graph project/file/graph_15_nodes.json --traffic project/file/traffic_15_nodes_random.json --inspection-rate 0.001 --mess-rate 0.002,1.390404000001,384,463,216,394,227,160,715,257,12,434,150,408,0,0,591,593,908,101,792,417,0,0,304,751,845,823,208,0,175,0,716,101,0,570,966,159,1476,1775,1604,1042,1482,1411,1461,1292
project/sim_ext.py --sim-time 1.5 --seq-graph project/file/graph_15_nodes.json --traffic project/file/traffic_15_nodes_random.json --inspection-rate 0.001 --mess-rate 0.002,1.3916290000009999,384,463,216,394,227,160,715,257,12,434,150,408,0,0,591,593,909,101,792,417,0,0,304,751,846,824,208,0,175,0,717,101,0,570,967,159,1477,1775,1604,1042,1482,1411,1461,1292
project/sim_ext.py --sim-time 1.5 --seq-graph project/file/graph_15_nodes.json --traffic project/file/traffic_15_nodes_random.json --inspection-rate 0.001 --mess-rate 0.002,1.392811744959007,384,463,216,394,227,160,715,257,12,434,150,408,0,0,591,593,909,101,796,417,0,0,304,751,847,824,210,0,175,0,720,101,0,570,969,159,1486,1775,1604,1042,1482,1411,1461,1292
project/sim_ext.py --sim-time 1.5 --seq-graph project/file/graph_15_nodes.json --traffic project/file/traffic_15_nodes_random.json --inspection-rate 0.001 --mess-rate 0.002,1.3938990000009999,384,463,216,394,227,160,715,257,12,434,150,408,0,0,592,593,909,101,796,417,0,0,304,751,847,824,211,0,175,0,720,101,0,570,969,159,1486,1775,1604,1042,1482,1411,1461,1292
project/sim_ext.py --sim-time 1.5 --seq-graph project/file/graph_15_nodes.json --traffic project/file/traffic_15_nodes_random.json --inspection-rate 0.001 --mess-rate 0.002,1.3950235673626876,384,463,216,394,227,160,715,257,12,434,150,408,0,0,592,593,909,101,796,417,0,0,304,751,847,824,212,0,175,0,720,101,0,570,972,159,1486,1775,1604,1042,1482,1411,1461,1292
project/sim_ext.py --sim-time 1.5 --seq-graph project/file/graph_15_nodes.json --traffic project/file/traffic_15_nodes_random.json --inspection-rate 0.001 --mess-rate 0.002,1.3960610000009999,384,463,216,394,227,160,715,257,12,434,150,408,0,0,592,593,909,101,796,417,0,0,304,751,848,824,212,0,175,0,725,101,0,570,972,159,1486,1775,1604,1042,1482,1411,1461,1292
project/sim_ext.py --sim-time 1.5 --seq-graph project/file/graph_15_nodes.json --traffic project/file/traffic_15_nodes_random.json --inspection-rate 0.001 --mess-rate 0.002,1.3971031765984727,384,463,216,394,227,160,715,257,12,434,150,408,0,0,592,593,911,101,796,417,0,0,304,751,848,825,213,0,175,0,725,101,0,570,973,159,1486,1775,1604,1042,1482,1411,1461,1292
project/sim_ext.py --sim-time 1.5 --seq-graph project/file/graph_15_nodes.json --traffic project/file/traffic_15_nodes_random.json --inspection-rate 0.001 --mess-rate 0.002,1.398144999883,384,463,216,394,227,160,715,257,12,434,150,408,0,0,592,593,912,101,796,417,0,0,304,751,849,826,213,0,175,0,726,101,0,570,975,159,1486,1775,1604,1042,1482,1411,1461,1292
project/sim_ext.py --sim-time 1.5 --seq-graph project/file/graph_15_nodes.json --traffic project/file/traffic_15_nodes_random.json --inspection-rate 0.001 --mess-rate 0.002,1.399211000001,384,463,216,394,227,160,715,257,12,434,150,408,0,0,593,593,912,101,796,417,0,0,304,751,849,828,214,0,175,0,726,101,0,570,976,159,1486,1775,1604,1042,1482,1411,1461,1292
project/sim_ext.py --sim-time 1.5 --seq-graph project/file/graph_15_nodes.json --traffic project/file/traffic_15_nodes_random.json --inspection-rate 0.001 --mess-rate 0.002,1.400315000001,384,463,216,394,227,160,715,257,12,434,150,408,0,0,593,593,913,101,796,417,0,0,304,751,851,828,215,0,175,0,730,101,0,570,976,159,1486,1775,1604,1042,1482,1411,1461,1292
project/sim_ext.py --sim-time 1.5 --seq-graph project/file/graph_15_nodes.json --traffic project/file/traffic_15_nodes_random.json --inspection-rate 0.001 --mess-rate 0.002,1.401360000001,384,463,216,394,227,160,715,257,12,434,150,408,0,0,593,593,914,101,801,417,0,0,304,751,851,828,215,0,175,0,730,101,0,570,976,159,1486,1775,1604,1042,1482,1411,1461,1292
project/sim_ext.py --sim-time 1.5 --seq-graph project/file/graph_15_nodes.json --traffic project/file/traffic_15_nodes_random.json --inspection-rate 0.001 --mess-rate 0.002,1.402415999997,385,467,220,396,228,163,726,258,12,437,151,411,0,0,593,598,914,101,804,424,0,0,308,757,851,830,218,0,175,0,730,101,0,574,982,159,1494,1798,1628,1042,1503,1425,1479,1312
project/sim_ext.py --sim-time 1.5 --seq-graph project/file/graph_15_nodes.json --traffic project/file/traffic_15_nodes_random.json --inspection-rate 0.001 --mess-rate 0.002,1.403423000001,387,470,220,399,228,164,726,258,12,439,151,411,0,0,593,598,914,101,804,424,0,0,308,757,851,830,219,0,176,0,730,101,0,574,982,159,1503,1805,1632,1042,1506,1428,1479,1313
project/sim_ext.py --sim-time 1.5 --seq-graph project/file/graph_15_nodes.json --traffic project/file/traffic_15_nodes_random.json --inspection-rate 0.001 --mess-rate 0.002,1.404564199997,387,470,220,399,228,165,726,262,12,439,151,411,0,0,593,599,916,101,804,426,0,0,310,758,852,831,220,0,177,0,732,101,0,574,982,159,1503,1810,1633,1042,1507,1430,1479,1313
project/sim_ext.py --sim-time 1.5 --seq-graph project/file/graph_15_nodes.json --traffic project/file/traffic_15_nodes_random.json --inspection-rate 0.001 --mess-rate 0.002,1.405639399997,387,470,221,399,229,165,727,262,12,439,155,411,0,0,593,599,920,101,808,426,0,0,310,758,853,831,220,0,178,0,732,102,0,576,984,170,1503,1815,1640,1042,1512,1431,1485,1314
project/sim_ext.py --sim-time 1.5 --seq-graph project/file/graph_15_nodes.json --traffic project/file/traffic_15_nodes_random.json --inspection-rate 0.001 --mess-rate 0.002,1.4068162227402552,389,470,221,400,229,166,728,262,12,446,155,411,0,0,593,599,922,101,808,427,0,0,311,758,854,835,220,0,178,0,732,102,0,576,984,171,1503,1823,1641,1042,1513,1432,1485,1318
project/sim_ext.py --sim-time 1.5 --seq-graph project/file/graph_15_nodes.json --traffic project/file/traffic_15_nodes_random.json --inspection-rate 0.001 --mess-rate 0.002,1.407885000001,389,470,222,400,230,167,729,262,12,446,155,411,0,0,593,599,923,101,808,427,0,0,312,758,854,839,220,0,178,0,732,102,0,577,985,171,1503,1823,1642,1042,1514,1434,1491,1320
project/sim_ext.py --sim-time 1.5 --seq-graph project/file/graph_15_nodes.json --traffic project/file/traffic_15_nodes_random.json --inspection-rate 0.001 --mess-rate 0.002,1.4090929136148356,389,471,222,400,230,167,730,264,12,447,155,413,0,0,594,602,923,101,809,428,0,0,313,758,855,842,220,0,178,0,733,102,0,582,985,171,1503,1823,1644,1042,1516,1437,1496,1320
project/sim_ext.py --sim-time 1.5 --seq-graph project/file/graph_15_nodes.json --traffic project/file/traffic_15_nodes_random.json --inspection-rate 0.001 --mess-rate 0.002,1.410183399997,389,471,223,400,231,167,730,265,12,447,155,413,0,0,594,602,923,101,810,430,0,0,313,763,856,843,220,0,181,0,734,102,0,585,985,171,1503,1823,1646,1042,1519,1439,1499,1323
project/sim_ext.py --sim-time 1.5 --seq-graph project/file/graph_15_nodes.json --traffic project/file/traffic_15_nodes_random.json --inspection-rate 0.001 --mess-rate 0.002,1.411392000001,389,471,224,400,231,167,730,266,12,447,156,414,0,0,594,602,925,101,811,430,0,0,313,764,857,844,220,0,181,0,734,102,0,585,985,171,1503,1823,1647,1042,1522,1441,1501,1325
project/sim_ext.py --sim-time 1.5 --seq-graph project/file/graph_15_nodes.json --traffic project/file/traffic_15_nodes_random.json --inspection-rate 0.001 --mess-rate 0.002,1.412519000001,389,471,225,400,231,167,730,266,12,447,156,414,0,0,594,602,926,101,811,432,0,0,313,765,857,846,220,0,181,0,734,102,0,587,986,171,1503,1823,1647,1042,1524,1442,1501,1326
project/sim_ext.py --sim-time 1.5 --seq-graph project/file/graph_15_nodes.json --traffic project/file/traffic_15_nodes_random.json --inspection-rate 0.001 --mess-rate 0.002,1.413624000001,389,471,227,400,231,167,730,268,12,447,156,414,0,0,595,602,926,101,811,433,0,0,313,765,857,846,220,0,181,0,734,102,0,588,987,171,1503,1823,1647,1056,1524,1442,1501,1326
project/sim_ext.py --sim-time 1.5 --seq-graph project/file/graph_15_nodes.json --traffic project/file/traffic_15_nodes_random.json --inspection-rate 0.001 --mess-rate 0.002,1.414672000001,389,471,228,400,231,167,730,268,12,447,156,416,0,0,595,602,926,101,811,434,0,0,313,765,857,847,220,0,181,0,734,102,0,588,988,171,1503,1823,1647,1060,1525,1442,1501,1326
project/sim_ext.py --sim-time 1.5 --seq-graph project/file/graph_15_nodes.json --traffic project/file/traffic_15_nodes_random.json --inspection-rate 0.001 --mess-rate 0.002,1.415812000001,389,472,229,400,231,167,730,268,12,447,156,416,0,0,596,602,926,101,811,434,0,0,313,765,857,849,220,0,181,0,735,102,0,588,988,171,1503,1823,1647,1060,1525,1442,1501,1326
project/sim_ext.py --sim-time 1.5 --seq-graph project/file/graph_15_nodes.json --traffic project/file/traffic_15_nodes_random.json --inspection-rate 0.001 --mess-rate 0.002,1.416872000001,389,472,230,400,231,167,730,268,12,447,156,416,0,0,596,602,928,101,811,436,0,0,313,765,858,850,220,0,181,0,735,102,0,588,988,171,1503,1823,1647,1064,1525,1442,1501,1326
project/sim_ext.py --sim-time 1.5 --seq-graph project/file/graph_15_nodes.json --traffic project/file/traffic_15_nodes_random.json --inspection-rate 0.001 --mess-rate 0.002,1.418001999997,389,473,230,400,231,167,730,268,12,447,156,416,0,0,596,602,928,101,811,436,0,0,313,766,859,851,220,0,181,0,735,102,0,588,988,171,1503,1823,1647,1064,1525,1442,1501,1326
project/sim_ext.py --sim-time 1.5 --seq-graph project/file/graph_15_nodes.json --traffic project/file/traffic_15_nodes_random.json --inspection-rate 0.001 --mess-rate 0.002,1.4190976612087107,389,475,231,400,231,167,730,270,12,447,156,416,0,0,596,605,928,101,811,436,0,0,313,766,860,852,220,0,181,0,735,102,0,590,989,171,1503,1823,1647,1066,1525,1442,1501,1326
project/sim_ext.py --sim-time 1.5 --seq-graph project/file/graph_15_nodes.json --traffic project/file/traffic_15_nodes_random.json --inspection-rate 0.001 --mess-rate 0.002,1.4201800000009999,389,475,231,400,231,167,730,270,12,447,156,416,0,0,596,607,928,101,811,436,0,0,313,766,860,852,220,0,181,0,736,102,0,590,989,171,1503,1823,1647,1068,1525,1442,1501,1326
project/sim_ext.py --sim-time 1.5 --seq-graph project/file/graph_15_nodes.json --traffic project/file/traffic_15_nodes_random.json --inspection-rate 0.001 --mess-rate 0.002,1.421240399997,389,475,231,400,231,167,730,270,12,447,156,416,0,0,597,607,929,101,811,436,0,0,313,767,860,852,220,0,181,0,737,102,0,590,990,171,1503,1823,1647,1068,1525,1442,1501,1326
project/sim_ext.py --sim-time 1.5 --seq-graph project/file/graph_15_nodes.json --traffic project/file/traffic_15_nodes_random.json --inspection-rate 0.001 --mess-rate 0.002,1.422302000001,389,475,232,400,231,167,730,270,12,447,156,416,0,0,597,608,931,101,811,436,0,0,313,767,860,852,220,0,181,0,737,102,0,590,990,171,1503,1823,1647,1069,1525,1442,1501,1326
project/sim_ext.py --sim-time 1.5 --seq-graph project/file/graph_15_nodes.json --traffic project/file/traffic_15_nodes_random.json --inspection-rate 0.001 --mess-rate 0.002,1.423453327947512,389,475,233,400,231,167,730,270,12,447,156,416,0,0,598,608,931,101,811,436,0,0,313,767,860,853,220,0,181,0,737,102,0,590,991,171,1503,1823,1647,1072,1525,1442,1501,1326
project/sim_ext.py --sim-time 1.5 --seq-graph project/file/graph_15_nodes.json --traffic project/file/traffic_15_nodes_random.json --inspection-rate 0.001 --mess-rate 0.002,1.424453799997,389,475,233,400,231,167,730,270,12,447,156,416,0,0,598,608,931,101,814,436,0,0,313,767,860,853,220,0,181,0,737,102,0,590,991,171,1503,1823,1647,1074,1525,1442,1501,1326
project/sim_ext.py --sim-time 1.5 --seq-graph project/file/graph_15_nodes.json --traffic project/file/traffic_15_nodes_random.json --inspection-rate 0.001 --mess-rate 0.002,1.425495934324573,389,475,233,400,231,167,730,270,12,447,156,416,0,0,598,608,931,101,814,436,0,0,313,768,860,854,220,0,181,0,738,102,0,590,995,171,1503,1823,1647,1077,1525,1442,1501,1326
project/sim_ext.py --sim-time 1.5 --seq-graph project/file/graph_15_nodes.json --traffic project/file/traffic_15_nodes_random.json --inspection-rate 0.001 --mess-rate 0.002,1.4265288166009737,389,475,233,400,231,167,730,270,12,447,156,416,0,0,598,609,931,101,814,436,0,0,313,768,860,854,220,0,181,0,738,102,0,590,996,171,1503,1823,1647,1077,1525,1442,1501,1326
project/sim_ext.py --sim-time 1.5 --seq-graph project/file/graph_15_nodes.json --traffic project/file/traffic_15_nodes_random.json --inspection-rate 0.001 --mess-rate 0.002,1.427666000001,389,475,233,400,231,167,730,270,12,447,156,416,0,0,598,611,931,101,814,436,0,0,313,768,860,854,220,0,181,0,741,102,0,590,996,171,1503,1823,1647,1077,1525,1442,1501,1326
project/sim_ext.py --sim-time 1.5 --seq-graph project/file/graph_15_nodes.json --traffic project/file/traffic_15_nodes_random.json --inspection-rate 0.001 --mess-rate 0.002,1.428794000001,389,475,233,400,231,167,730,270,12,447,156,416,0,0,601,611,931,101,814,436,0,0,313,768,860,854,220,0,181,0,741,102,0,590,996,171,1503,1823,1647,1077,1525,1442,1501,1326
project/sim_ext.py --sim-time 1.5 --seq-graph project/file/graph_15_nodes.json --traffic project/file/traffic_15_nodes_random.json --inspection-rate 0.001 --mess-rate 0.002,1.429849000001,389,475,233,400,231,167,730,270,12,447,156,416,0,0,601,612,932,101,817,436,0,0,313,768,861,854,220,0,181,0,741,102,0,590,996,171,1503,1823,1647,1077,1525,1442,1501,1326
project/sim_ext.py --sim-time 1.5 --seq-graph project/file/graph_15_nodes.json --traffic project/file/traffic_15_nodes_random.json --inspection-rate 0.001 --mess-rate 0.002,1.4308870000009999,389,475,233,400,231,167,730,270,12,447,156,416,0,0,601,612,933,101,818,436,0,0,313,768,861,858,220,0,181,0,741,102,0,590,997,171,1503,1823,1647,1077,1525,1442,1501,1326
project/sim_ext.py --sim-time 1.5 --seq-graph project/file/graph_15_nodes.json --traffic project/file/traffic_15_nodes_random.json --inspection-rate 0.001 --mess-rate 0.002,1.4319646711543859,389,475,233,400,231,167,730,270,12,447,156,416,0,0,601,612,933,101,819,436,0,0,313,768,861,858,220,0,181,0,741,102,0,590,997,171,1503,1823,1647,1077,1525,1442,1501,1326
project/sim_ext.py --sim-time 1.5 --seq-graph project/file/graph_15_nodes.json --traffic project/file/traffic_15_nodes_random.json --inspection-rate 0.001 --mess-rate 0.002,1.433007999997,391,475,233,402,231,170,738,270,12,451,157,418,0,0,602,613,934,101,823,439,0,0,315,769,861,866,222,0,182,0,741,102,0,597,1000,171,1520,1840,1664,1077,1541,1454,1512,1343
project/sim_ext.py --sim-time 1.5 --seq-graph project/file/graph_15_nodes.json --traffic project/file/traffic_15_nodes_random.json --inspection-rate 0.001 --mess-rate 0.002,1.4340832253959745,393,475,238,404,232,171,744,274,12,456,157,419,0,0,602,613,934,101,824,440,0,0,324,769,861,867,222,0,183,0,741,102,0,598,1001,175,1529,1855,1671,1077,1550,1460,1514,1354
project/sim_ext.py --sim-time 1.5 --seq-graph project/file/graph_15_nodes.json --traffic project/file/traffic_15_nodes_random.json --inspection-rate 0.001 --mess-rate 0.002,1.435102000001,393,475,239,404,232,171,745,274,12,456,158,419,0,0,602,613,938,101,824,441,0,0,324,769,861,867,223,0,183,0,741,102,0,599,1001,175,1530,1860,1673,1077,1553,1460,1518,1356
project/sim_ext.py --sim-time 1.5 --seq-graph project/file/graph_15_nodes.json --traffic project/file/traffic_15_nodes_random.json --inspection-rate 0.001 --mess-rate 0.002,1.436168000001,394,475,242,408,235,171,746,275,12,456,158,421,0,0,603,613,940,101,825,445,0,0,327,771,863,869,224,0,184,0,745,102,0,599,1001,177,1539,1863,1678,1077,1557,1465,1522,1359
project/sim_ext.py --sim-time 1.5 --seq-graph project/file/graph_15_nodes.json --traffic project/file/traffic_15_nodes_random.json --inspection-rate 0.001 --mess-rate 0.002,1.437314000001,394,475,242,408,235,171,746,275,12,456,158,421,0,0,604,614,940,101,825,448,0,0,327,771,863,869,224,0,184,0,745,102,0,599,1002,177,1541,1863,1679,1077,1558,1467,1522,1359
project/sim_ext.py --sim-time 1.5 --seq-graph project/file/graph_15_nodes.json --traffic project/file/traffic_15_nodes_random.json --inspection-rate 0.001 --mess-rate 0.002,1.438671999997,394,475,242,408,235,172,746,275,12,456,158,423,0,0,604,614,942,101,825,448,0,0,327,772,863,870,226,0,186,0,745,103,0,601,1003,177,1543,1864,1684,1077,1560,1467,1523,1362
project/sim_ext.py --sim-time 1.5 --seq-graph project/file/graph_15_nodes.json --traffic project/file/traffic_15_nodes_random.json --inspection-rate 0.001 --mess-rate 0.002,1.439755000001,394,475,242,408,236,172,746,278,12,456,160,424,0,0,608,614,942,101,825,448,0,0,327,774,866,871,226,0,186,0,745,104,0,601,1004,178,1545,1866,1687,1077,1564,1468,1526,1362
project/sim_ext.py --sim-time 1.5 --seq-graph project/file/graph_15_nodes.json --traffic project/file/traffic_15_nodes_random.json --inspection-rate 0.001 --mess-rate 0.002,1.440847000001,394,475,242,408,236,172,746,278,12,456,160,425,0,0,608,614,942,101,825,448,0,0,327,774,867,873,226,0,186,0,748,104,0,601,1004,179,1546,1867,1688,1077,1565,1470,1526,1363
project/sim_ext.py --sim-time 1.5 --seq-graph project/file/graph_15_nodes.json --traffic project/file/traffic_15_nodes_random.json --inspection-rate 0.001 --mess-rate 0.002,1.441942000001,394,475,242,408,236,172,746,278,12,456,160,425,0,0,609,614,942,101,825,448,0,0,327,774,867,874,226,0,186,0,749,104,0,601,1006,179,1546,1867,1688,1077,1565,1470,1526,1363
project/sim_ext.py --sim-time 1.5 --seq-graph project/file/graph_15_nodes.json --traffic project/file/traffic_15_nodes_random.json --inspection-rate 0.001 --mess-rate 0.002,1.44309999988,394,477,242,408,237,172,746,278,12,456,162,425,0,0,609,614,942,101,825,448,0,0,327,774,867,874,226,0,186,0,749,104,0,601,1006,179,1546,1867,1688,1077,1565,1471,1528,1363
project/sim_ext.py --sim-time 1.5 --seq-graph project/file/graph_15_nodes.json --traffic project/file/traffic_15_nodes_random.json --inspection-rate 0.001 --mess-rate 0.002,1.4441640000009999,394,478,244,408,238,172,746,278,12,456,162,425,0,0,609,614,943,101,830,448,0,0,327,778,867,874,226,0,186,0,749,104,0,601,1006,179,1546,1867,1688,1093,1565,1471,1533,1363
project/sim_ext.py --sim-time 1.5 --seq-graph project/file/graph_15_nodes.json --traffic project/file/traffic_15_nodes_random.json --inspection-rate 0.001 --mess-rate 0.002,1.445234000001,394,481,244,408,238,172,746,278,12,456,162,425,0,0,609,614,943,101,831,448,0,0,327,779,867,874,226,0,186,0,750,104,0,601,1006,179,1546,1867,1688,1095,1565,1471,1533,1363
project/sim_ext.py --sim-time 1.5 --seq-graph project/file/graph_15_nodes.json --traffic project/file/traffic_15_nodes_random.json --inspection-rate 0.001 --mess-rate 0.002,1.4464072632030982,394,481,244,408,238,172,746,278,12,456,162,425,0,0,609,614,943,101,831,448,0,0,327,779,867,876,226,0,186,0,752,104,0,601,1007,179,1546,1867,1688,1095,1565,1471,1533,1363
project/sim_ext.py --sim-time 1.5 --seq-graph project/file/graph_15_nodes.json --traffic project/file/traffic_15_nodes_random.json --inspection-rate 0.001 --mess-rate 0.002,1.447532000001,394,482,244,408,238,172,746,278,12,456,162,425,0,0,610,614,943,101,833,448,0,0,327,779,867,876,226,0,186,0,752,104,0,601,1007,179,1546,1867,1688,1097,1565,1471,1533,1363
project/sim_ext.py --sim-time 1.5 --seq-graph project/file/graph_15_nodes.json --traffic project/file/traffic_15_nodes_random.json --inspection-rate 0.001 --mess-rate 0.002,1.448692000001,394,482,248,408,238,172,746,278,12,456,162,425,0,0,610,614,943,101,833,448,0,0,327,780,868,876,226,0,186,0,754,104,0,601,1007,179,1546,1867,1688,1098,1565,1471,1533,1363
project/sim_ext.py --sim-time 1.5 --seq-graph project/file/graph_15_nodes.json --traffic project/file/traffic_15_nodes_random.json --inspection-rate 0.001 --mess-rate 0.002,1.449819000001,394,485,248,408,238,172,746,278,12,456,162,425,0,0,610,614,946,101,834,448,0,0,327,780,868,876,226,0,186,0,754,104,0,601,1007,179,1546,1867,1688,1099,1565,1471,1533,1363
project/sim_ext.py --sim-time 1.5 --seq-graph project/file/graph_15_nodes.json --traffic project/file/traffic_15_nodes_random.json --inspection-rate 0.001 --mess-rate 0.002,1.450897000001,394,486,249,408,238,172,746,278,12,456,162,425,0,0,611,614,946,101,834,448,0,0,327,780,868,877,226,0,186,0,754,104,0,601,1011,179,1546,1867,1688,1101,1565,1471,1533,1363
project/sim_ext.py --sim-time 1.5 --seq-graph project/file/graph_15_nodes.json --traffic project/file/traffic_15_nodes_random.json --inspection-rate 0.001 --mess-rate 0.002,1.451971199997,394,486,249,408,238,172,746,278,12,456,162,425,0,0,613,614,946,101,836,448,0,0,327,780,869,877,226,0,186,0,754,104,0,601,1012,179,1546,1867,1688,1103,1565,1471,1533,1363
project/sim_ext.py --sim-time 1.5 --seq-graph project/file/graph_15_nodes.json --traffic project/file/traffic_15_nodes_random.json --inspection-rate 0.001 --mess-rate 0.002,1.453054999876,394,486,249,408,238,172,746,278,12,456,162,425,0,0,613,614,946,101,836,448,0,0,327,780,870,877,226,0,186,0,754,104,0,601,1012,179,1546,1867,1688,1104,1565,1471,1533,1363
project/sim_ext.py --sim-time 1.5 --seq-graph project/file/graph_15_nodes.json --traffic project/file/traffic_15_nodes_random.json --inspection-rate 0.001 --mess-rate 0.002,1.454085199997,394,486,251,408,238,172,746,278,12,456,162,425,0,0,614,614,947,101,836,448,0,0,327,785,870,880,226,0,186,0,754,104,0,601,1013,179,1546,1867,1688,1105,1565,1471,1533,1363
project/sim_ext.py --sim-time 1.5 --seq-graph project/file/graph_15_nodes.json --traffic project/file/traffic_15_nodes_random.json --inspection-rate 0.001 --mess-rate 0.002,1.455393000001,394,486,251,408,238,172,746,278,12,456,162,425,0,0,615,614,948,101,836,448,0,0,327,785,871,880,226,0,186,0,754,104,0,601,1013,179,1546,1867,1688,1106,1565,1471,1533,1363
project/sim_ext.py --sim-time 1.5 --seq-graph project/file/graph_15_nodes.json --traffic project/file/traffic_15_nodes_random.json --inspection-rate 0.001 --mess-rate 0.002,1.4564767279801052,394,486,251,408,238,172,746,278,12,456,162,425,0,0,615,614,948,101,836,448,0,0,327,785,871,881,226,0,186,0,754,104,0,601,1015,179,1546,1867,1688,1106,1565,1471,1533,1363
project/sim_ext.py --sim-time 1.5 --seq-graph project/file/graph_15_nodes.json --traffic project/file/traffic_15_nodes_random.json --inspection-rate 0.001 --mess-rate 0.002,1.4575182141509473,394,486,251,408,238,172,746,278,12,456,162,425,0,0,616,614,948,101,836,448,0,0,327,785,871,883,226,0,186,0,754,104,0,601,1016,179,1546,1867,1688,1106,1565,1471,1533,1363
project/sim_ext.py --sim-time 1.5 --seq-graph project/file/graph_15_nodes.json --traffic project/file/traffic_15_nodes_random.json --inspection-rate 0.001 --mess-rate 0.002,1.458629000001,394,487,251,408,238,172,746,278,12,456,162,425,0,0,617,614,948,101,837,448,0,0,327,785,871,883,226,0,186,0,754,104,0,601,1016,179,1546,1867,1688,1106,1565,1471,1533,1363
project/sim_ext.py --sim-time 1.5 --seq-graph project/file/graph_15_nodes.json --traffic project/file/traffic_15_nodes_random.json --inspection-rate 0.001 --mess-rate 0.002,1.459672000001,394,487,251,408,238,172,746,278,12,456,162,425,0,0,617,614,948,101,838,448,0,0,327,786,872,883,226,0,186,0,755,104,0,601,1016,179,1546,1867,1688,1106,1565,1471,1533,1363
project/sim_ext.py --sim-time 1.5 --seq-graph project/file/graph_15_nodes.json --traffic project/file/traffic_15_nodes_random.json --inspection-rate 0.001 --mess-rate 0.002,1.460749799997,394,487,251,408,238,172,746,278,12,456,162,425,0,0,617,614,948,101,839,448,0,0,327,786,872,884,226,0,186,0,755,104,0,601,1020,179,1546,1867,1688,1106,1565,1471,1533,1363
project/sim_ext.py --sim-time 1.5 --seq-graph project/file/graph_15_nodes.json --traffic project/file/traffic_15_nodes_random.json --inspection-rate 0.001 --mess-rate 0.002,1.4618249999969999,394,487,251,408,238,172,746,278,12,456,162,425,0,0,618,614,950,101,839,448,0,0,327,787,872,885,226,0,186,0,755,104,0,601,1021,179,1546,1867,1688,1106,1565,1471,1533,1363
project/sim_ext.py --sim-time 1.5 --seq-graph project/file/graph_15_nodes.json --traffic project/file/traffic_15_nodes_random.json --inspection-rate 0.001 --mess-rate 0.002,1.4629280000009999,394,487,251,408,238,172,746,278,12,456,162,425,0,0,618,614,951,101,842,448,0,0,327,787,872,886,226,0,186,0,755,104,0,601,1022,179,1546,1867,1688,1106,1565,1471,1533,1363
project/sim_ext.py --sim-time 1.5 --seq-graph project/file/graph_15_nodes.json --traffic project/file/traffic_15_nodes_random.json --inspection-rate 0.001 --mess-rate 0.002,1.4639976434788522,394,487,251,408,240,172,746,278,12,456,162,425,0,0,618,614,951,101,842,448,0,0,327,787,872,886,228,0,186,0,755,104,0,601,1024,179,1557,1867,1688,1106,1565,1481,1533,1363
project/sim_ext.py --sim-time 1.5 --seq-graph project/file/graph_15_nodes.json --traffic project/file/traffic_15_nodes_random.json --inspection-rate 0.001 --mess-rate 0.002,1.465084999876,394,487,251,408,240,172,746,278,12,456,162,425,0,0,618,614,951,101,842,448,0,0,327,787,873,886,228,0,186,0,755,104,0,601,1026,179,1557,1867,1688,1106,1565,1483,1533,1363
project/sim_ext.py --sim-time 1.5 --seq-graph project/file/graph_15_nodes.json --traffic project/file/traffic_15_nodes_random.json --inspection-rate 0.001 --mess-rate 0.002,1.466093000001,394,488,251,408,240,172,746,278,12,456,162,425,0,0,618,614,951,101,842,448,0,0,327,788,874,886,228,0,186,0,755,104,0,601,1026,179,1557,1867,1688,1106,1565,1484,1533,1363
project/sim_ext.py --sim-time 1.5 --seq-graph project/file/graph_15_nodes.json --traffic project/file/traffic_15_nodes_random.json --inspection-rate 0.001 --mess-rate 0.002,1.467151999997,394,488,251,408,240,172,746,278,12,456,162,425,0,0,618,614,951,101,842,448,0,0,327,788,874,886,228,0,186,0,755,104,0,601,1026,179,1557,1867,1688,1106,1565,1488,1533,1363
project/sim_ext.py --sim-time 1.5 --seq-graph project/file/graph_15_nodes.json --traffic project/file/traffic_15_nodes_random.json --inspection-rate 0.001 --mess-rate 0.002,1.468192193546237,394,488,251,408,240,172,746,278,12,456,162,425,0,0,618,614,951,101,842,448,0,0,327,788,875,886,228,0,186,0,755,104,0,601,1026,179,1557,1867,1688,1106,1565,1490,1533,1363
project/sim_ext.py --sim-time 1.5 --seq-graph project/file/graph_15_nodes.json --traffic project/file/traffic_15_nodes_random.json --inspection-rate 0.001 --mess-rate 0.002,1.469338599997,394,488,251,408,242,172,746,278,12,456,162,425,0,0,618,614,951,101,842,448,0,0,327,788,876,886,228,0,186,0,755,104,0,601,1026,179,1557,1867,1688,1106,1565,1492,1533,1363
project/sim_ext.py --sim-time 1.5 --seq-graph project/file/graph_15_nodes.json --traffic project/file/traffic_15_nodes_random.json --inspection-rate 0.001 --mess-rate 0.002,1.4704549481887688,394,488,251,408,242,172,746,278,12,456,162,425,0,0,618,614,952,101,843,448,0,0,327,788,877,886,228,0,186,0,756,104,0,601,1026,179,1557,1867,1688,1106,1565,1494,1533,1363
project/sim_ext.py --sim-time 1.5 --seq-graph project/file/graph_15_nodes.json --traffic project/file/traffic_15_nodes_random.json --inspection-rate 0.001 --mess-rate 0.002,1.4714760000009999,394,488,251,408,242,172,746,278,12,456,162,425,0,0,618,614,952,101,843,448,0,0,327,790,877,890,229,0,186,0,756,104,0,601,1031,179,1559,1867,1688,1106,1565,1495,1533,1363
project/sim_ext.py --sim-time 1.5 --seq-graph project/file/graph_15_nodes.json --traffic project/file/traffic_15_nodes_random.json --inspection-rate 0.001 --mess-rate 0.002,1.472548000001,394,488,251,408,242,172,746,278,12,456,162,425,0,0,618,614,952,101,843,448,0,0,327,790,877,890,230,0,186,0,756,104,0,601,1031,179,1559,1867,1688,1106,1565,1497,1533,1363
project/sim_ext.py --sim-time 1.5 --seq-graph project/file/graph_15_nodes.json --traffic project/file/traffic_15_nodes_random.json --inspection-rate 0.001 --mess-rate 0.002,1.4736735999969999,395,489,252,410,243,173,750,279,12,458,162,427,0,0,619,615,956,101,845,448,0,0,328,790,877,892,230,0,187,0,756,108,0,602,1033,179,1566,1872,1693,1106,1570,1501,1538,1368
project/sim_ext.py --sim-time 1.5 --seq-graph project/file/graph_15_nodes.json --traffic project/file/traffic_15_nodes_random.json --inspection-rate 0.001 --mess-rate 0.002,1.4746847999969999,396,490,254,412,243,173,752,280,12,463,164,430,0,0,621,615,958,101,845,450,0,0,332,790,881,898,232,0,187,0,757,109,0,607,1033,179,1578,1899,1718,1106,1587,1508,1554,1382
project/sim_ext.py --sim-time 1.5 --seq-graph project/file/graph_15_nodes.json --traffic project/file/traffic_15_nodes_random.json --inspection-rate 0.001 --mess-rate 0.002,1.475764999876,396,490,254,412,243,173,753,280,12,463,165,432,0,0,621,615,959,101,846,450,0,0,332,790,882,900,233,0,188,0,757,110,0,607,1035,181,1580,1902,1724,1106,1595,1508,1556,1382
project/sim_ext.py --sim-time 1.5 --seq-graph project/file/graph_15_nodes.json --traffic project/file/traffic_15_nodes_random.json --inspection-rate 0.001 --mess-rate 0.002,1.476878000001,398,492,254,412,243,174,755,280,12,463,165,432,0,0,622,615,960,101,847,451,0,0,334,790,882,904,234,0,188,0,758,110,0,609,1035,184,1589,1906,1730,1106,1596,1509,1559,1382
project/sim_ext.py --sim-time 1.5 --seq-graph project/file/graph_15_nodes.json --traffic project/file/traffic_15_nodes_random.json --inspection-rate 0.001 --mess-rate 0.002,1.478104999876,399,492,255,412,243,174,757,281,12,463,167,432,0,0,623,615,963,101,848,452,0,0,335,790,882,907,234,0,188,0,759,110,0,610,1035,184,1589,1912,1733,1106,1597,1509,1565,1383
project/sim_ext.py --sim-time 1.5 --seq-graph project/file/graph_15_nodes.json --traffic project/file/traffic_15_nodes_random.json --inspection-rate 0.001 --mess-rate 0.002,1.479259000001,399,493,255,412,243,174,760,281,12,465,167,433,0,0,624,615,965,101,850,452,0,0,335,790,882,908,234,0,188,0,759,110,0,610,1035,184,1589,1917,1734,1106,1599,1509,1566,1385
project/sim_ext.py --sim-time 1.5 --seq-graph project/file/graph_15_nodes.json --traffic project/file/traffic_15_nodes_random.json --inspection-rate 0.001 --mess-rate 0.002,1.4803910000009999,402,494,255,412,243,176,762,281,12,467,168,434,0,0,624,615,967,101,853,452,0,0,338,791,882,910,234,0,188,0,759,110,0,610,1036,184,1589,1919,1736,1106,1600,1509,1567,1386
project/sim_ext.py --sim-time 1.5 --seq-graph project/file/graph_15_nodes.json --traffic project/file/traffic_15_nodes_random.json --inspection-rate 0.001 --mess-rate 0.002,1.481485000001,402,494,255,412,243,176,762,281,12,467,168,435,0,0,624,615,967,101,853,452,0,0,339,792,885,911,234,0,188,0,759,110,0,610,1037,185,1589,1921,1736,1106,1604,1509,1567,1392
project/sim_ext.py --sim-time 1.5 --seq-graph project/file/graph_15_nodes.json --traffic project/file/traffic_15_nodes_random.json --inspection-rate 0.001 --mess-rate 0.002,1.482558000001,402,495,255,412,243,176,762,281,12,467,168,436,0,0,624,615,968,101,854,452,0,0,339,792,886,911,234,0,188,0,759,110,0,610,1037,185,1589,1921,1736,1106,1606,1509,1569,1392
project/sim_ext.py --sim-time 1.5 --seq-graph project/file/graph_15_nodes.json --traffic project/file/traffic_15_nodes_random.json --inspection-rate 0.001 --mess-rate 0.002,1.483669999861,402,495,255,412,243,176,762,281,12,467,168,437,0,0,624,615,968,101,854,452,0,0,339,794,887,913,234,0,188,0,759,110,0,610,1037,185,1589,1921,1736,1106,1606,1509,1569,1395
project/sim_ext.py --sim-time 1.5 --seq-graph project/file/graph_15_nodes.json --traffic project/file/traffic_15_nodes_random.json --inspection-rate 0.001 --mess-rate 0.002,1.484679999868,402,496,255,412,243,176,762,281,12,467,168,437,0,0,625,615,969,101,854,452,0,0,339,794,887,914,234,0,188,0,760,110,0,610,1037,185,1589,1921,1736,1111,1606,1509,1569,1397
project/sim_ext.py --sim-time 1.5 --seq-graph project/file/graph_15_nodes.json --traffic project/file/traffic_15_nodes_random.json --inspection-rate 0.001 --mess-rate 0.002,1.485801000001,402,496,257,412,243,176,762,281,12,467,168,437,0,0,625,615,969,101,854,452,0,0,339,794,887,914,234,0,188,0,760,110,0,610,1037,185,1589,1921,1736,1119,1606,1509,1569,1397
project/sim_ext.py --sim-time 1.5 --seq-graph project/file/graph_15_nodes.json --traffic project/file/traffic_15_nodes_random.json --inspection-rate 0.001 --mess-rate 0.002,1.487030000001,402,497,258,412,243,176,762,281,12,467,168,439,0,0,625,615,969,101,854,452,0,0,339,794,887,914,234,0,188,0,761,110,0,610,1037,185,1589,1921,1736,1121,1606,1509,1569,1398
project/sim_ext.py --sim-time 1.5 --seq-graph project/file/graph_15_nodes.json --traffic project/file/traffic_15_nodes_random.json --inspection-rate 0.001 --mess-rate 0.002,1.488090000001,402,497,258,412,243,176,762,281,12,467,168,439,0,0,625,615,971,101,857,452,0,0,339,795,887,914,234,0,188,0,761,110,0,610,1037,185,1589,1921,1736,1125,1606,1509,1569,1398
project/sim_ext.py --sim-time 1.5 --seq-graph project/file/graph_15_nodes.json --traffic project/file/traffic_15_nodes_random.json --inspection-rate 0.001 --mess-rate 0.002,1.489313000001,402,497,258,412,243,176,762,281,12,467,168,439,0,0,625,615,972,101,857,452,0,0,339,795,888,914,234,0,188,0,762,110,0,610,1037,185,1589,1921,1736,1125,1606,1509,1569,1398
project/sim_ext.py --sim-time 1.5 --seq-graph project/file/graph_15_nodes.json --traffic project/file/traffic_15_nodes_random.json --inspection-rate 0.001 --mess-rate 0.002,1.490549000001,402,497,260,412,243,176,762,281,12,467,168,439,0,0,625,615,973,101,857,452,0,0,339,795,889,916,234,0,188,0,764,110,0,610,1038,185,1589,1921,1736,1128,1606,1509,1569,1398
project/sim_ext.py --sim-time 1.5 --seq-graph project/file/graph_15_nodes.json --traffic project/file/traffic_15_nodes_random.json --inspection-rate 0.001 --mess-rate 0.002,1.491751000001,402,498,261,412,243,176,762,281,12,467,168,439,0,0,625,615,973,101,858,452,0,0,339,795,889,917,234,0,188,0,764,110,0,610,1038,185,1589,1921,1736,1129,1606,1509,1569,1398
project/sim_ext.py --sim-time 1.5 --seq-graph project/file/graph_15_nodes.json --traffic project/file/traffic_15_nodes_random.json --inspection-rate 0.001 --mess-rate 0.002,1.492775000001,402,498,262,412,243,176,762,281,12,467,168,439,0,0,625,615,974,101,858,452,0,0,339,798,889,919,234,0,188,0,765,110,0,610,1038,185,1589,1921,1736,1132,1606,1509,1569,1398
project/sim_ext.py --sim-time 1.5 --seq-graph project/file/graph_15_nodes.json --traffic project/file/traffic_15_nodes_random.json --inspection-rate 0.001 --mess-rate 0.002,1.493854999864,402,498,262,412,243,176,762,281,12,467,168,439,0,0,625,615,975,101,859,452,0,0,339,798,889,920,234,0,188,0,765,110,0,610,1039,185,1589,1921,1736,1134,1606,1509,1569,1398
project/sim_ext.py --sim-time 1.5 --seq-graph project/file/graph_15_nodes.json --traffic project/file/traffic_15_nodes_random.json --inspection-rate 0.001 --mess-rate 0.002,1.494902000001,402,498,262,412,243,176,762,281,12,467,168,439,0,0,625,615,976,101,859,452,0,0,339,799,889,920,234,0,188,0,766,110,0,610,1043,185,1599,1921,1736,1137,1606,1509,1569,1398
project/sim_ext.py --sim-time 1.5 --seq-graph project/file/graph_15_nodes.json --traffic project/file/traffic_15_nodes_random.json --inspection-rate 0.001 --mess-rate 0.002,1.496274999868,402,498,263,412,243,176,762,281,12,467,168,439,0,0,625,615,976,101,860,452,0,0,339,799,889,920,234,0,188,0,767,110,0,610,1043,185,1599,1921,1736,1139,1606,1509,1569,1398
project/sim_ext.py --sim-time 1.5 --seq-graph project/file/graph_15_nodes.json --traffic project/file/traffic_15_nodes_random.json --inspection-rate 0.001 --mess-rate 0.002,1.4973139999347538,402,501,263,412,243,176,762,281,12,467,168,439,0,0,625,615,979,101,860,452,0,0,339,799,889,920,234,0,188,0,768,110,0,610,1043,185,1599,1921,1736,1139,1606,1509,1569,1398
project/sim_ext.py --sim-time 1.5 --seq-graph project/file/graph_15_nodes.json --traffic project/file/traffic_15_nodes_random.json --inspection-rate 0.001 --mess-rate 0.002,1.498419000001,402,501,263,412,243,176,762,281,12,467,168,439,0,0,625,615,980,101,860,452,0,0,339,799,890,921,234,0,188,0,769,110,0,610,1044,185,1599,1921,1736,1139,1606,1509,1569,1398
project/sim_ext.py --sim-time 1.5 --seq-graph project/file/graph_15_nodes.json --traffic project/file/traffic_15_nodes_random.json --inspection-rate 0.001 --mess-rate 0.002,1.499480000001,402,501,263,412,243,176,762,281,12,467,168,439,0,0,627,615,980,101,860,452,0,0,339,801,890,922,234,0,188,0,769,110,0,610,1044,185,1599,1921,1736,1140,1606,1509,1569,1398
