Sim. Command,Time,tr_node0_to_node1,tr_node0_to_node2,tr_node0_to_node3,tr_node0_to_node4,tr_node0_to_node12,tr_node1_to_node0,tr_node1_to_node2,tr_node1_to_node3,tr_node2_to_node0,tr_node2_to_node1,tr_node2_to_node3,tr_node2_to_node5,tr_node2_to_node8,tr_node2_to_node9,tr_node3_to_node0,tr_node3_to_node1,tr_node3_to_node2,tr_node3_to_node4,tr_node3_to_node5,tr_node3_to_node6,tr_node3_to_node10,tr_node3_to_node13,tr_node4_to_node0,tr_node4_to_node3,tr_node4_to_node5,tr_node4_to_node6,tr_node4_to_node7,tr_node4_to_node14,tr_node5_to_node2,tr_node5_to_node3,tr_node5_to_node4,tr_node5_to_node6,tr_node5_to_node11,tr_node6_to_node3,tr_node6_to_node4,tr_node6_to_node5,tr_node7_to_node4,tr_node8_to_node2,tr_node9_to_node2,tr_node10_to_node3,tr_node11_to_node5,tr_node12_to_node0,tr_node13_to_node3,tr_node14_to_node4
project/sim_ext.py --sim-time 1.5 --seq-graph project/file/graph_15_nodes.json --traffic project/file/traffic_15_nodes_random.json --inspection-rate 0.001 --mess-rate 0.002,0.001027,0,0,0,0,0,0,0,0,0,0,0,0,0,0,0,0,0,0,0,0,0,0,0,0,0,0,0,0,0,0,0,0,0,0,0,0,0,0,0,0,0,0,0,0
project/sim_ext.py --sim-time 1.5 --seq-graph project/file/graph_15_nodes.json --traffic project/file/traffic_15_nodes_random.json --inspection-rate 0.001 --mess-rate 0.002,0.002266,0,0,0,0,0,0,0,0,0,0,0,0,0,0,0,0,0,0,0,0,0,0,0,0,0,0,0,0,0,0,0,0,0,0,0,0,0,0,0,0,0,0,0,0
project/sim_ext.py --sim-time 1.5 --seq-graph project/file/graph_15_nodes.json --traffic project/file/traffic_15_nodes_random.json --inspection-rate 0.001 --mess-rate 0.002,0.0034289999999999998,0,0,0,0,0,0,0,0,0,0,0,0,0,0,0,0,0,0,0,0,0,0,0,0,0,0,0,0,0,0,0,0,0,0,0,0,0,0,0,0,0,0,0,0
project/sim_ext.py --sim-time 1.5 --seq-graph project/file/graph_15_nodes.json --traffic project/file/traffic_15_nodes_random.json --inspection-rate 0.001 --mess-rate 0.002,0.004431296138262825,0,0,0,0,0,0,0,0,0,0,0,0,0,0,0,0,0,0,0,0,0,0,0,0,0,0,0,0,0,0,0,0,0,0,0,0,0,0,0,0,0,0,0,0
project/sim_ext.py --sim-time 1.5 --seq-graph project/file/graph_15_nodes.json --traffic project/file/traffic_15_nodes_random.json --inspection-rate 0.001 --mess-rate 0.002,0.005684,0,0,0,0,0,0,0,0,0,0,0,0,0,0,0,0,0,0,0,0,0,0,0,0,0,0,0,0,0,0,0,0,0,0,0,0,0,0,0,0,0,0,0,0
project/sim_ext.py --sim-time 1.5 --seq-graph project/file/graph_15_nodes.json --traffic project/file/traffic_15_nodes_random.json --inspection-rate 0.001 --mess-rate 0.002,0.006986,0,0,0,0,0,0,0,0,0,0,0,0,0,0,0,0,0,0,0,0,0,0,0,0,0,0,0,0,0,0,0,0,0,0,0,0,0,0,0,0,0,0,0,0
project/sim_ext.py --sim-time 1.5 --seq-graph project/file/graph_15_nodes.json --traffic project/file/traffic_15_nodes_random.json --inspection-rate 0.001 --mess-rate 0.002,0.008216,0,0,0,0,0,0,0,0,0,0,0,0,0,0,0,0,0,0,0,0,0,0,0,0,0,0,0,0,0,0,0,0,0,0,0,0,0,0,0,0,0,0,0,0
project/sim_ext.py --sim-time 1.5 --seq-graph project/file/graph_15_nodes.json --traffic project/file/traffic_15_nodes_random.json --inspection-rate 0.001 --mess-rate 0.002,0.009785,0,0,0,0,0,0,0,0,0,0,0,0,0,0,0,0,0,0,0,0,0,0,0,0,0,0,0,0,0,0,0,0,0,0,0,0,0,0,0,0,0,0,0,0
project/sim_ext.py --sim-time 1.5 --seq-graph project/file/graph_15_nodes.json --traffic project/file/traffic_15_nodes_random.json --inspection-rate 0.001 --mess-rate 0.002,0.010816,0,0,0,0,0,0,0,0,0,0,0,0,0,0,0,0,0,0,0,0,0,0,0,0,0,0,0,0,0,0,0,0,0,0,0,0,0,0,0,0,0,0,0,0
project/sim_ext.py --sim-time 1.5 --seq-graph project/file/graph_15_nodes.json --traffic project/file/traffic_15_nodes_random.json --inspection-rate 0.001 --mess-rate 0.002,0.011868,0,0,0,0,0,0,0,0,0,0,0,0,0,0,0,0,0,0,0,0,0,0,0,0,0,0,0,0,0,0,0,0,0,0,0,0,0,0,0,0,0,0,0,0
project/sim_ext.py --sim-time 1.5 --seq-graph project/file/graph_15_nodes.json --traffic project/file/traffic_15_nodes_random.json --inspection-rate 0.001 --mess-rate 0.002,0.01293,0,0,0,0,0,0,0,0,0,0,0,0,0,0,0,0,0,0,0,0,0,0,0,0,0,0,0,0,0,0,0,0,0,0,0,0,0,0,0,0,0,0,0,0
project/sim_ext.py --sim-time 1.5 --seq-graph project/file/graph_15_nodes.json --traffic project/file/traffic_15_nodes_random.json --inspection-rate 0.001 --mess-rate 0.002,0.013957642288305224,0,0,0,0,0,0,0,0,0,0,0,0,0,0,0,0,0,0,0,0,0,0,0,0,0,0,0,0,0,0,0,0,0,0,0,0,0,0,0,0,0,0,0,0
project/sim_ext.py --sim-time 1.5 --seq-graph project/file/graph_15_nodes.json --traffic project/file/traffic_15_nodes_random.json --inspection-rate 0.001 --mess-rate 0.002,0.015099385014408296,0,0,0,0,0,0,0,0,0,0,0,0,0,0,0,0,0,0,0,0,0,0,0,0,0,0,0,0,0,0,0,0,0,0,0,0,0,0,0,0,0,0,0,0
project/sim_ext.py --sim-time 1.5 --seq-graph project/file/graph_15_nodes.json --traffic project/file/traffic_15_nodes_random.json --inspection-rate 0.001 --mess-rate 0.002,0.016175,0,0,0,0,0,0,0,0,0,0,0,0,0,0,0,0,0,0,0,0,0,0,0,0,0,0,0,0,0,0,0,0,0,0,0,0,0,0,0,0,0,0,0,0
project/sim_ext.py --sim-time 1.5 --seq-graph project/file/graph_15_nodes.json --traffic project/file/traffic_15_nodes_random.json --inspection-rate 0.001 --mess-rate 0.002,0.017433,0,0,0,0,0,0,0,0,0,0,0,0,0,0,0,0,0,0,0,0,0,0,0,0,0,0,0,0,0,0,0,0,0,0,0,0,0,0,0,0,0,0,0,0
project/sim_ext.py --sim-time 1.5 --seq-graph project/file/graph_15_nodes.json --traffic project/file/traffic_15_nodes_random.json --inspection-rate 0.001 --mess-rate 0.002,0.018566,0,0,0,0,0,0,0,0,0,0,0,0,0,0,0,0,0,0,0,0,0,0,0,0,0,0,0,0,0,0,0,0,0,0,0,0,0,0,0,0,0,0,0,0
project/sim_ext.py --sim-time 1.5 --seq-graph project/file/graph_15_nodes.json --traffic project/file/traffic_15_nodes_random.json --inspection-rate 0.001 --mess-rate 0.002,0.0196164408165234,0,0,0,0,0,0,0,0,0,0,0,0,0,0,0,0,0,0,0,0,0,0,0,0,0,0,0,0,0,0,0,0,0,0,0,0,0,0,0,0,0,0,0,0
project/sim_ext.py --sim-time 1.5 --seq-graph project/file/graph_15_nodes.json --traffic project/file/traffic_15_nodes_random.json --inspection-rate 0.001 --mess-rate 0.002,0.020626,0,0,0,0,0,0,0,0,0,0,0,0,0,0,0,0,0,0,0,0,0,0,0,0,0,0,0,0,0,0,0,0,0,0,0,0,0,0,0,0,0,0,0,0
project/sim_ext.py --sim-time 1.5 --seq-graph project/file/graph_15_nodes.json --traffic project/file/traffic_15_nodes_random.json --inspection-rate 0.001 --mess-rate 0.002,0.022108,0,0,0,0,0,0,0,0,0,0,0,0,0,0,0,0,0,0,0,0,0,0,0,0,0,0,0,0,0,0,0,0,0,0,0,0,0,0,0,0,0,0,0,0
project/sim_ext.py --sim-time 1.5 --seq-graph project/file/graph_15_nodes.json --traffic project/file/traffic_15_nodes_random.json --inspection-rate 0.001 --mess-rate 0.002,0.023122,0,0,0,0,0,0,0,0,0,0,0,0,0,0,0,0,0,0,0,0,0,0,0,0,0,0,0,0,0,0,0,0,0,0,0,0,0,0,0,0,0,0,0,0
project/sim_ext.py --sim-time 1.5 --seq-graph project/file/graph_15_nodes.json --traffic project/file/traffic_15_nodes_random.json --inspection-rate 0.001 --mess-rate 0.002,0.024139,0,0,0,0,0,0,0,0,0,0,0,0,0,0,0,0,0,0,0,0,0,0,0,0,0,0,0,0,0,0,0,0,0,0,0,0,0,0,0,0,0,0,0,0
project/sim_ext.py --sim-time 1.5 --seq-graph project/file/graph_15_nodes.json --traffic project/file/traffic_15_nodes_random.json --inspection-rate 0.001 --mess-rate 0.002,0.025185,0,0,0,0,0,0,0,0,0,0,0,0,0,0,0,0,0,0,0,0,0,0,0,0,0,0,0,0,0,0,0,0,0,0,0,0,0,0,0,0,0,0,0,0
project/sim_ext.py --sim-time 1.5 --seq-graph project/file/graph_15_nodes.json --traffic project/file/traffic_15_nodes_random.json --inspection-rate 0.001 --mess-rate 0.002,0.026782,0,0,0,0,0,0,0,0,0,0,0,0,0,0,0,0,0,0,0,0,0,0,0,0,0,0,0,0,0,0,0,0,0,0,0,0,0,0,0,0,0,0,0,0
project/sim_ext.py --sim-time 1.5 --seq-graph project/file/graph_15_nodes.json --traffic project/file/traffic_15_nodes_random.json --inspection-rate 0.001 --mess-rate 0.002,0.028409,0,0,0,0,0,0,0,0,0,0,0,0,0,0,0,0,0,0,0,0,0,0,0,0,0,0,0,0,0,0,0,0,0,0,0,0,0,0,0,0,0,0,0,0
project/sim_ext.py --sim-time 1.5 --seq-graph project/file/graph_15_nodes.json --traffic project/file/traffic_15_nodes_random.json --inspection-rate 0.001 --mess-rate 0.002,0.029432,0,0,0,0,0,0,0,0,0,0,0,0,0,0,0,0,0,0,0,0,0,0,0,0,0,0,0,0,0,0,0,0,0,0,0,0,0,0,0,0,0,0,0,0
project/sim_ext.py --sim-time 1.5 --seq-graph project/file/graph_15_nodes.json --traffic project/file/traffic_15_nodes_random.json --inspection-rate 0.001 --mess-rate 0.002,0.030432531325117026,0,0,0,0,0,0,0,0,0,0,0,0,0,0,0,0,0,0,0,0,0,0,0,0,0,0,0,0,0,0,0,0,0,0,0,0,0,0,0,0,0,0,0,0
project/sim_ext.py --sim-time 1.5 --seq-graph project/file/graph_15_nodes.json --traffic project/file/traffic_15_nodes_random.json --inspection-rate 0.001 --mess-rate 0.002,0.03152267868861939,0,0,0,0,0,0,0,0,0,0,0,0,0,0,0,0,0,0,0,0,0,0,0,0,0,0,0,0,0,0,0,0,0,0,0,0,0,0,0,0,0,0,0,0
project/sim_ext.py --sim-time 1.5 --seq-graph project/file/graph_15_nodes.json --traffic project/file/traffic_15_nodes_random.json --inspection-rate 0.001 --mess-rate 0.002,0.03259613832852569,0,0,0,0,0,0,0,0,0,0,0,0,0,0,0,0,0,0,0,0,0,0,0,0,0,0,0,0,0,0,0,0,0,0,0,0,0,0,0,0,0,0,0,0
project/sim_ext.py --sim-time 1.5 --seq-graph project/file/graph_15_nodes.json --traffic project/file/traffic_15_nodes_random.json --inspection-rate 0.001 --mess-rate 0.002,0.033676,0,0,0,0,0,0,0,0,0,0,0,0,0,0,0,0,0,0,0,0,0,0,0,0,0,0,0,0,0,0,0,0,0,0,0,0,0,0,0,0,0,0,0,0
project/sim_ext.py --sim-time 1.5 --seq-graph project/file/graph_15_nodes.json --traffic project/file/traffic_15_nodes_random.json --inspection-rate 0.001 --mess-rate 0.002,0.034749999999999996,0,0,0,0,0,0,0,0,0,0,0,0,0,0,0,0,0,0,0,0,0,0,0,0,0,0,0,0,0,0,0,0,0,0,0,0,0,0,0,0,0,0,0,0
project/sim_ext.py --sim-time 1.5 --seq-graph project/file/graph_15_nodes.json --traffic project/file/traffic_15_nodes_random.json --inspection-rate 0.001 --mess-rate 0.002,0.035878,0,0,0,0,0,0,0,0,0,0,0,0,0,0,0,0,0,0,0,0,0,0,0,0,0,0,0,0,0,0,0,0,0,0,0,0,0,0,0,0,0,0,0,0
project/sim_ext.py --sim-time 1.5 --seq-graph project/file/graph_15_nodes.json --traffic project/file/traffic_15_nodes_random.json --inspection-rate 0.001 --mess-rate 0.002,0.036986669485326334,0,0,0,0,0,0,0,0,0,0,0,0,0,0,0,0,0,0,0,0,0,0,0,0,0,0,0,0,0,0,0,0,0,0,0,0,0,0,0,0,0,0,0,0
project/sim_ext.py --sim-time 1.5 --seq-graph project/file/graph_15_nodes.json --traffic project/file/traffic_15_nodes_random.json --inspection-rate 0.001 --mess-rate 0.002,0.038114999999999996,0,0,0,0,0,0,0,0,0,0,0,0,0,0,0,0,0,0,0,0,0,0,0,0,0,0,0,0,0,0,0,0,0,0,0,0,0,0,0,0,0,0,0,0
project/sim_ext.py --sim-time 1.5 --seq-graph project/file/graph_15_nodes.json --traffic project/file/traffic_15_nodes_random.json --inspection-rate 0.001 --mess-rate 0.002,0.03919568244848873,0,0,0,0,0,0,0,0,0,0,0,0,0,0,0,0,0,0,0,0,0,0,0,0,0,0,0,0,0,0,0,0,0,0,0,0,0,0,0,0,0,0,0,0
project/sim_ext.py --sim-time 1.5 --seq-graph project/file/graph_15_nodes.json --traffic project/file/traffic_15_nodes_random.json --inspection-rate 0.001 --mess-rate 0.002,0.040511,0,0,0,0,0,0,0,0,0,0,0,0,0,0,0,0,0,0,0,0,0,0,0,0,0,0,0,0,0,0,0,0,0,0,0,0,0,0,0,0,0,0,0,0
project/sim_ext.py --sim-time 1.5 --seq-graph project/file/graph_15_nodes.json --traffic project/file/traffic_15_nodes_random.json --inspection-rate 0.001 --mess-rate 0.002,0.041528999999999996,0,0,0,0,0,0,0,0,0,0,0,0,0,0,0,0,0,0,0,0,0,0,0,0,0,0,0,0,0,0,0,0,0,0,0,0,0,0,0,0,0,0,0,0
project/sim_ext.py --sim-time 1.5 --seq-graph project/file/graph_15_nodes.json --traffic project/file/traffic_15_nodes_random.json --inspection-rate 0.001 --mess-rate 0.002,0.042596,0,0,0,0,0,0,0,0,0,0,0,0,0,0,0,0,0,0,0,0,0,0,0,0,0,0,0,0,0,0,0,0,0,0,0,0,0,0,0,0,0,0,0,0
project/sim_ext.py --sim-time 1.5 --seq-graph project/file/graph_15_nodes.json --traffic project/file/traffic_15_nodes_random.json --inspection-rate 0.001 --mess-rate 0.002,0.04360545071118387,0,0,0,0,0,0,0,0,0,0,0,0,0,0,0,0,0,0,0,0,0,0,0,0,0,0,0,0,0,0,0,0,0,0,0,0,0,0,0,0,0,0,0,0
project/sim_ext.py --sim-time 1.5 --seq-graph project/file/graph_15_nodes.json --traffic project/file/traffic_15_nodes_random.json --inspection-rate 0.001 --mess-rate 0.002,0.044772,0,0,0,0,0,0,0,0,0,0,0,0,0,0,0,0,0,0,0,0,0,0,0,0,0,0,0,0,0,0,0,0,0,0,0,0,0,0,0,0,0,0,0,0
project/sim_ext.py --sim-time 1.5 --seq-graph project/file/graph_15_nodes.json --traffic project/file/traffic_15_nodes_random.json --inspection-rate 0.001 --mess-rate 0.002,0.045781999999999996,0,0,0,0,0,0,0,0,0,0,0,0,0,0,0,0,0,0,0,0,0,0,0,0,0,0,0,0,0,0,0,0,0,0,0,0,0,0,0,0,0,0,0,0
project/sim_ext.py --sim-time 1.5 --seq-graph project/file/graph_15_nodes.json --traffic project/file/traffic_15_nodes_random.json --inspection-rate 0.001 --mess-rate 0.002,0.046915,0,0,0,0,0,0,0,0,0,0,0,0,0,0,0,0,0,0,0,0,0,0,0,0,0,0,0,0,0,0,0,0,0,0,0,0,0,0,0,0,0,0,0,0
project/sim_ext.py --sim-time 1.5 --seq-graph project/file/graph_15_nodes.json --traffic project/file/traffic_15_nodes_random.json --inspection-rate 0.001 --mess-rate 0.002,0.048005,0,0,0,0,0,0,0,0,0,0,0,0,0,0,0,0,0,0,0,0,0,0,0,0,0,0,0,0,0,0,0,0,0,0,0,0,0,0,0,0,0,0,0,0
project/sim_ext.py --sim-time 1.5 --seq-graph project/file/graph_15_nodes.json --traffic project/file/traffic_15_nodes_random.json --inspection-rate 0.001 --mess-rate 0.002,0.04901,0,0,0,0,0,0,0,0,0,0,0,0,0,0,0,0,0,0,0,0,0,0,0,0,0,0,0,0,0,0,0,0,0,0,0,0,0,0,0,0,0,0,0,0
project/sim_ext.py --sim-time 1.5 --seq-graph project/file/graph_15_nodes.json --traffic project/file/traffic_15_nodes_random.json --inspection-rate 0.001 --mess-rate 0.002,0.05021997665166214,0,0,0,0,0,0,0,0,0,0,0,0,0,0,0,0,0,0,0,0,0,0,0,0,0,0,0,0,0,0,0,0,0,0,0,0,0,0,0,0,0,0,0,0
project/sim_ext.py --sim-time 1.5 --seq-graph project/file/graph_15_nodes.json --traffic project/file/traffic_15_nodes_random.json --inspection-rate 0.001 --mess-rate 0.002,0.051257000000999996,0,0,0,0,0,0,0,0,0,0,0,0,0,0,0,0,0,0,0,0,0,0,0,0,0,0,0,0,0,0,0,0,0,0,0,0,0,0,0,0,0,0,0,0
project/sim_ext.py --sim-time 1.5 --seq-graph project/file/graph_15_nodes.json --traffic project/file/traffic_15_nodes_random.json --inspection-rate 0.001 --mess-rate 0.002,0.052857000001,0,0,0,0,0,0,0,0,0,0,0,0,0,0,0,0,0,0,0,0,0,0,0,0,0,0,0,0,0,0,0,0,0,0,0,0,0,0,0,0,0,0,0,0
project/sim_ext.py --sim-time 1.5 --seq-graph project/file/graph_15_nodes.json --traffic project/file/traffic_15_nodes_random.json --inspection-rate 0.001 --mess-rate 0.002,0.053881000001,0,0,0,0,0,0,0,0,0,0,0,0,0,0,0,0,0,0,0,0,0,0,0,0,0,0,0,0,0,0,0,0,0,0,0,0,0,0,0,0,0,0,0,0
project/sim_ext.py --sim-time 1.5 --seq-graph project/file/graph_15_nodes.json --traffic project/file/traffic_15_nodes_random.json --inspection-rate 0.001 --mess-rate 0.002,0.054954000001,0,0,0,0,0,0,0,0,0,0,0,0,0,0,0,0,0,0,0,0,0,0,0,0,0,0,0,0,0,0,0,0,0,0,0,0,0,0,0,0,0,0,0,0
project/sim_ext.py --sim-time 1.5 --seq-graph project/file/graph_15_nodes.json --traffic project/file/traffic_15_nodes_random.json --inspection-rate 0.001 --mess-rate 0.002,0.05599842103912597,0,0,0,0,0,0,0,0,0,0,0,0,0,0,0,0,0,0,0,0,0,0,0,0,0,0,0,0,0,0,0,0,0,0,0,0,0,0,0,0,0,0,0,0
project/sim_ext.py --sim-time 1.5 --seq-graph project/file/graph_15_nodes.json --traffic project/file/traffic_15_nodes_random.json --inspection-rate 0.001 --mess-rate 0.002,0.057019000001,0,0,0,0,0,0,0,0,0,0,0,0,0,0,0,0,0,0,0,0,0,0,0,0,0,0,0,0,0,0,0,0,0,0,0,0,0,0,0,0,0,0,0,0
project/sim_ext.py --sim-time 1.5 --seq-graph project/file/graph_15_nodes.json --traffic project/file/traffic_15_nodes_random.json --inspection-rate 0.001 --mess-rate 0.002,0.058211000001,0,0,0,0,0,0,0,0,0,0,0,0,0,0,0,0,0,0,0,0,0,0,0,0,0,0,0,0,0,0,0,0,0,0,0,0,0,0,0,0,0,0,0,0
project/sim_ext.py --sim-time 1.5 --seq-graph project/file/graph_15_nodes.json --traffic project/file/traffic_15_nodes_random.json --inspection-rate 0.001 --mess-rate 0.002,0.059235143916032414,0,0,0,0,0,0,0,0,0,0,0,0,0,0,0,0,0,0,0,0,0,0,0,0,0,0,0,0,0,0,0,0,0,0,0,0,0,0,0,0,0,0,0,0
project/sim_ext.py --sim-time 1.5 --seq-graph project/file/graph_15_nodes.json --traffic project/file/traffic_15_nodes_random.json --inspection-rate 0.001 --mess-rate 0.002,0.060253000001,0,0,0,0,0,0,0,0,0,0,0,0,0,0,0,0,0,0,0,0,0,0,0,0,0,0,0,0,0,0,0,0,0,0,0,0,0,0,0,0,0,0,0,0
project/sim_ext.py --sim-time 1.5 --seq-graph project/file/graph_15_nodes.json --traffic project/file/traffic_15_nodes_random.json --inspection-rate 0.001 --mess-rate 0.002,0.061288000001,0,0,0,0,0,0,0,0,0,0,0,0,0,0,0,0,0,0,0,0,0,0,0,0,0,0,0,0,0,0,0,0,0,0,0,0,0,0,0,0,0,0,0,0
project/sim_ext.py --sim-time 1.5 --seq-graph project/file/graph_15_nodes.json --traffic project/file/traffic_15_nodes_random.json --inspection-rate 0.001 --mess-rate 0.002,0.062357000001,0,0,0,0,0,0,0,0,0,0,0,0,0,0,0,0,0,0,0,0,0,0,0,0,0,0,0,0,0,0,0,0,0,0,0,0,0,0,0,0,0,0,0,0
project/sim_ext.py --sim-time 1.5 --seq-graph project/file/graph_15_nodes.json --traffic project/file/traffic_15_nodes_random.json --inspection-rate 0.001 --mess-rate 0.002,0.0633844533233611,0,0,0,0,0,0,0,0,0,0,0,0,0,0,0,0,0,0,0,0,0,0,0,0,0,0,0,0,0,0,0,0,0,0,0,0,0,0,0,0,0,0,0,0
project/sim_ext.py --sim-time 1.5 --seq-graph project/file/graph_15_nodes.json --traffic project/file/traffic_15_nodes_random.json --inspection-rate 0.001 --mess-rate 0.002,0.064458000001,0,0,0,0,0,0,0,0,0,0,0,0,0,0,0,0,0,0,0,0,0,0,0,0,0,0,0,0,0,0,0,0,0,0,0,0,0,0,0,0,0,0,0,0
project/sim_ext.py --sim-time 1.5 --seq-graph project/file/graph_15_nodes.json --traffic project/file/traffic_15_nodes_random.json --inspection-rate 0.001 --mess-rate 0.002,0.065657000001,0,0,0,0,0,0,0,0,0,0,0,0,0,0,0,0,0,0,0,0,0,0,0,0,0,0,0,0,0,0,0,0,0,0,0,0,0,0,0,0,0,0,0,0
project/sim_ext.py --sim-time 1.5 --seq-graph project/file/graph_15_nodes.json --traffic project/file/traffic_15_nodes_random.json --inspection-rate 0.001 --mess-rate 0.002,0.066706000001,0,0,0,0,0,0,0,0,0,0,0,0,0,0,0,0,0,0,0,0,0,0,0,0,0,0,0,0,0,0,0,0,0,0,0,0,0,0,0,0,0,0,0,0
project/sim_ext.py --sim-time 1.5 --seq-graph project/file/graph_15_nodes.json --traffic project/file/traffic_15_nodes_random.json --inspection-rate 0.001 --mess-rate 0.002,0.06773435579912686,0,0,0,0,0,0,0,0,0,0,0,0,0,0,0,0,0,0,0,0,0,0,0,0,0,0,0,0,0,0,0,0,0,0,0,0,0,0,0,0,0,0,0,0
project/sim_ext.py --sim-time 1.5 --seq-graph project/file/graph_15_nodes.json --traffic project/file/traffic_15_nodes_random.json --inspection-rate 0.001 --mess-rate 0.002,0.06882800000099999,0,0,0,0,0,0,0,0,0,0,0,0,0,0,0,0,0,0,0,0,0,0,0,0,0,0,0,0,0,0,0,0,0,0,0,0,0,0,0,0,0,0,0,0
project/sim_ext.py --sim-time 1.5 --seq-graph project/file/graph_15_nodes.json --traffic project/file/traffic_15_nodes_random.json --inspection-rate 0.001 --mess-rate 0.002,0.069880000001,0,0,0,0,0,0,0,0,0,0,0,0,0,0,0,0,0,0,0,0,0,0,0,0,0,0,0,0,0,0,0,0,0,0,0,0,0,0,0,0,0,0,0,0
project/sim_ext.py --sim-time 1.5 --seq-graph project/file/graph_15_nodes.json --traffic project/file/traffic_15_nodes_random.json --inspection-rate 0.001 --mess-rate 0.002,0.070891000001,0,0,0,0,0,0,0,0,0,0,0,0,0,0,0,0,0,0,0,0,0,0,0,0,0,0,0,0,0,0,0,0,0,0,0,0,0,0,0,0,0,0,0,0
project/sim_ext.py --sim-time 1.5 --seq-graph project/file/graph_15_nodes.json --traffic project/file/traffic_15_nodes_random.json --inspection-rate 0.001 --mess-rate 0.002,0.071959000001,0,0,0,0,0,0,0,0,0,0,0,0,0,0,0,0,0,0,0,0,0,0,0,0,0,0,0,0,0,0,0,0,0,0,0,0,0,0,0,0,0,0,0,0
project/sim_ext.py --sim-time 1.5 --seq-graph project/file/graph_15_nodes.json --traffic project/file/traffic_15_nodes_random.json --inspection-rate 0.001 --mess-rate 0.002,0.073004000001,0,0,0,0,0,0,0,0,0,0,0,0,0,0,0,0,0,0,0,0,0,0,0,0,0,0,0,0,0,0,0,0,0,0,0,0,0,0,0,0,0,0,0,0
project/sim_ext.py --sim-time 1.5 --seq-graph project/file/graph_15_nodes.json --traffic project/file/traffic_15_nodes_random.json --inspection-rate 0.001 --mess-rate 0.002,0.074130000001,0,0,0,0,0,0,0,0,0,0,0,0,0,0,0,0,0,0,0,0,0,0,0,0,0,0,0,0,0,0,0,0,0,0,0,0,0,0,0,0,0,0,0,0
project/sim_ext.py --sim-time 1.5 --seq-graph project/file/graph_15_nodes.json --traffic project/file/traffic_15_nodes_random.json --inspection-rate 0.001 --mess-rate 0.002,0.075264000001,0,0,0,0,0,0,0,0,0,0,0,0,0,0,0,0,0,0,0,0,0,0,0,0,0,0,0,0,0,0,0,0,0,0,0,0,0,0,0,0,0,0,0,0
project/sim_ext.py --sim-time 1.5 --seq-graph project/file/graph_15_nodes.json --traffic project/file/traffic_15_nodes_random.json --inspection-rate 0.001 --mess-rate 0.002,0.076316000001,0,0,0,0,0,0,0,0,0,0,0,0,0,0,0,0,0,0,0,0,0,0,0,0,0,0,0,0,0,0,0,0,0,0,0,0,0,0,0,0,0,0,0,0
project/sim_ext.py --sim-time 1.5 --seq-graph project/file/graph_15_nodes.json --traffic project/file/traffic_15_nodes_random.json --inspection-rate 0.001 --mess-rate 0.002,0.077441000001,0,0,0,0,0,0,0,0,0,0,0,0,0,0,0,0,0,0,0,0,0,0,0,0,0,0,0,0,0,0,0,0,0,0,0,0,0,0,0,0,0,0,0,0
project/sim_ext.py --sim-time 1.5 --seq-graph project/file/graph_15_nodes.json --traffic project/file/traffic_15_nodes_random.json --inspection-rate 0.001 --mess-rate 0.002,0.078525000001,0,0,0,0,0,0,0,0,0,0,0,0,0,0,0,0,0,0,0,0,0,0,0,0,0,0,0,0,0,0,0,0,0,0,0,0,0,0,0,0,0,0,0,0
project/sim_ext.py --sim-time 1.5 --seq-graph project/file/graph_15_nodes.json --traffic project/file/traffic_15_nodes_random.json --inspection-rate 0.001 --mess-rate 0.002,0.07959484530504025,0,0,0,0,0,0,0,0,0,0,0,0,0,0,0,0,0,0,0,0,0,0,0,0,0,0,0,0,0,0,0,0,0,0,0,0,0,0,0,0,0,0,0,0
project/sim_ext.py --sim-time 1.5 --seq-graph project/file/graph_15_nodes.json --traffic project/file/traffic_15_nodes_random.json --inspection-rate 0.001 --mess-rate 0.002,0.08066175360089213,0,0,0,0,0,0,0,0,0,0,0,0,0,0,0,0,0,0,0,0,0,0,0,0,0,0,0,0,0,0,0,0,0,0,0,0,0,0,0,0,0,0,0,0
project/sim_ext.py --sim-time 1.5 --seq-graph project/file/graph_15_nodes.json --traffic project/file/traffic_15_nodes_random.json --inspection-rate 0.001 --mess-rate 0.002,0.081738000001,0,0,0,0,0,0,0,0,0,0,0,0,0,0,0,0,0,0,0,0,0,0,0,0,0,0,0,0,0,0,0,0,0,0,0,0,0,0,0,0,0,0,0,0
project/sim_ext.py --sim-time 1.5 --seq-graph project/file/graph_15_nodes.json --traffic project/file/traffic_15_nodes_random.json --inspection-rate 0.001 --mess-rate 0.002,0.082801000001,0,0,0,0,0,0,0,0,0,0,0,0,0,0,0,0,0,0,0,0,0,0,0,0,0,0,0,0,0,0,0,0,0,0,0,0,0,0,0,0,0,0,0,0
project/sim_ext.py --sim-time 1.5 --seq-graph project/file/graph_15_nodes.json --traffic project/file/traffic_15_nodes_random.json --inspection-rate 0.001 --mess-rate 0.002,0.083839000001,0,0,0,0,0,0,0,0,0,0,0,0,0,0,0,0,0,0,0,0,0,0,0,0,0,0,0,0,0,0,0,0,0,0,0,0,0,0,0,0,0,0,0,0
project/sim_ext.py --sim-time 1.5 --seq-graph project/file/graph_15_nodes.json --traffic project/file/traffic_15_nodes_random.json --inspection-rate 0.001 --mess-rate 0.002,0.08494371584764579,0,0,0,0,0,0,0,0,0,0,0,0,0,0,0,0,0,0,0,0,0,0,0,0,0,0,0,0,0,0,0,0,0,0,0,0,0,0,0,0,0,0,0,0
project/sim_ext.py --sim-time 1.5 --seq-graph project/file/graph_15_nodes.json --traffic project/file/traffic_15_nodes_random.json --inspection-rate 0.001 --mess-rate 0.002,0.08598332846673545,0,0,0,0,0,0,0,0,0,0,0,0,0,0,0,0,0,0,0,0,0,0,0,0,0,0,0,0,0,0,0,0,0,0,0,0,0,0,0,0,0,0,0,0
project/sim_ext.py --sim-time 1.5 --seq-graph project/file/graph_15_nodes.json --traffic project/file/traffic_15_nodes_random.json --inspection-rate 0.001 --mess-rate 0.002,0.087068000001,0,0,0,0,0,0,0,0,0,0,0,0,0,0,0,0,0,0,0,0,0,0,0,0,0,0,0,0,0,0,0,0,0,0,0,0,0,0,0,0,0,0,0,0
project/sim_ext.py --sim-time 1.5 --seq-graph project/file/graph_15_nodes.json --traffic project/file/traffic_15_nodes_random.json --inspection-rate 0.001 --mess-rate 0.002,0.088166000001,0,0,0,0,0,0,0,0,0,0,0,0,0,0,0,0,0,0,0,0,0,0,0,0,0,0,0,0,0,0,0,0,0,0,0,0,0,0,0,0,0,0,0,0
project/sim_ext.py --sim-time 1.5 --seq-graph project/file/graph_15_nodes.json --traffic project/file/traffic_15_nodes_random.json --inspection-rate 0.001 --mess-rate 0.002,0.08924421677843822,0,0,0,0,0,0,0,0,0,0,0,0,0,0,0,0,0,0,0,0,0,0,0,0,0,0,0,0,0,0,0,0,0,0,0,0,0,0,0,0,0,0,0,0
project/sim_ext.py --sim-time 1.5 --seq-graph project/file/graph_15_nodes.json --traffic project/file/traffic_15_nodes_random.json --inspection-rate 0.001 --mess-rate 0.002,0.09027001619925372,0,0,0,0,0,0,0,0,0,0,0,0,0,0,0,0,0,0,0,0,0,0,0,0,0,0,0,0,0,0,0,0,0,0,0,0,0,0,0,0,0,0,0,0
project/sim_ext.py --sim-time 1.5 --seq-graph project/file/graph_15_nodes.json --traffic project/file/traffic_15_nodes_random.json --inspection-rate 0.001 --mess-rate 0.002,0.091375999997,64,62,62,63,62,64,62,64,62,62,62,62,62,62,62,64,62,62,62,64,0,62,62,62,62,62,63,62,62,62,62,80,63,64,62,80,62,62,63,0,62,62,62,63
project/sim_ext.py --sim-time 1.5 --seq-graph project/file/graph_15_nodes.json --traffic project/file/traffic_15_nodes_random.json --inspection-rate 0.001 --mess-rate 0.002,0.092451199997,61,33,53,38,45,61,49,63,32,49,45,41,38,50,53,63,46,41,52,57,0,36,38,41,53,59,47,43,41,52,52,80,39,57,59,80,47,38,50,0,38,44,35,43
project/sim_ext.py --sim-time 1.5 --seq-graph project/file/graph_15_nodes.json --traffic project/file/traffic_15_nodes_random.json --inspection-rate 0.001 --mess-rate 0.002,0.093474000001,61,24,49,29,32,61,47,62,24,47,45,37,38,43,49,62,45,38,52,55,0,32,29,38,50,59,40,42,37,52,50,80,31,55,59,80,40,38,43,0,31,32,32,42
project/sim_ext.py --sim-time 1.5 --seq-graph project/file/graph_15_nodes.json --traffic project/file/traffic_15_nodes_random.json --inspection-rate 0.001 --mess-rate 0.002,0.094991000001,61,15,43,19,22,61,41,57,15,41,31,29,23,34,44,57,32,34,52,44,0,17,20,34,46,59,33,42,29,52,46,80,29,44,59,80,33,23,34,0,29,22,17,42
project/sim_ext.py --sim-time 1.5 --seq-graph project/file/graph_15_nodes.json --traffic project/file/traffic_15_nodes_random.json --inspection-rate 0.001 --mess-rate 0.002,0.096004000001,61,1,43,6,17,61,37,54,1,37,25,28,12,31,43,54,26,27,52,42,0,16,6,27,46,54,25,30,28,52,46,80,29,42,54,80,25,12,31,0,29,17,16,30
project/sim_ext.py --sim-time 1.5 --seq-graph project/file/graph_15_nodes.json --traffic project/file/traffic_15_nodes_random.json --inspection-rate 0.001 --mess-rate 0.002,0.097017000001,50,0,43,0,17,50,37,54,0,37,21,18,6,18,43,54,21,27,52,42,0,12,0,27,41,54,18,27,18,52,41,80,18,42,54,80,18,6,18,0,18,17,12,27
project/sim_ext.py --sim-time 1.5 --seq-graph project/file/graph_15_nodes.json --traffic project/file/traffic_15_nodes_random.json --inspection-rate 0.001 --mess-rate 0.002,0.098155000001,49,0,37,0,6,49,33,51,0,33,18,14,0,12,37,51,18,21,52,36,0,6,0,21,34,50,10,25,14,52,34,80,14,36,50,80,10,0,12,0,14,6,6,25
project/sim_ext.py --sim-time 1.5 --seq-graph project/file/graph_15_nodes.json --traffic project/file/traffic_15_nodes_random.json --inspection-rate 0.001 --mess-rate 0.002,0.099200999997,48,0,35,0,6,48,32,50,0,32,16,11,0,6,35,50,16,19,39,35,0,3,0,19,26,49,6,25,11,39,26,80,6,35,49,80,5,0,6,0,6,6,3,25
project/sim_ext.py --sim-time 1.5 --seq-graph project/file/graph_15_nodes.json --traffic project/file/traffic_15_nodes_random.json --inspection-rate 0.001 --mess-rate 0.002,0.100892000001,46,0,32,0,1,46,24,48,0,24,11,4,0,0,32,48,11,14,35,24,0,0,0,14,24,47,0,13,4,35,24,79,1,24,47,79,0,0,0,0,1,1,0,13
project/sim_ext.py --sim-time 1.5 --seq-graph project/file/graph_15_nodes.json --traffic project/file/traffic_15_nodes_random.json --inspection-rate 0.001 --mess-rate 0.002,0.10189990341381136,44,0,32,0,1,44,23,48,0,23,11,3,0,0,32,48,11,14,35,24,0,0,0,14,22,43,0,13,3,35,22,79,1,24,43,79,0,0,0,0,1,1,0,13
project/sim_ext.py --sim-time 1.5 --seq-graph project/file/graph_15_nodes.json --traffic project/file/traffic_15_nodes_random.json --inspection-rate 0.001 --mess-rate 0.002,0.102938599997,43,0,32,0,1,43,23,48,0,23,8,3,0,0,32,48,8,14,35,23,0,0,0,14,22,41,0,13,3,35,22,78,0,23,41,78,0,0,0,0,0,1,0,13
project/sim_ext.py --sim-time 1.5 --seq-graph project/file/graph_15_nodes.json --traffic project/file/traffic_15_nodes_random.json --inspection-rate 0.001 --mess-rate 0.002,0.10409964484848283,41,0,25,0,0,41,23,40,0,23,6,1,0,0,25,40,6,14,28,21,0,0,0,14,22,41,0,13,1,28,22,78,0,21,41,78,0,0,0,0,0,0,0,13
project/sim_ext.py --sim-time 1.5 --seq-graph project/file/graph_15_nodes.json --traffic project/file/traffic_15_nodes_random.json --inspection-rate 0.001 --mess-rate 0.002,0.10517828177402667,39,0,24,0,0,39,23,38,0,23,4,1,0,0,23,38,4,14,26,19,0,0,0,14,22,40,0,13,1,26,22,78,0,19,40,78,0,0,0,0,0,0,0,13
project/sim_ext.py --sim-time 1.5 --seq-graph project/file/graph_15_nodes.json --traffic project/file/traffic_15_nodes_random.json --inspection-rate 0.001 --mess-rate 0.002,0.106289000001,39,0,23,0,0,39,17,37,0,17,1,0,0,0,23,37,1,3,23,19,0,0,0,3,22,33,0,0,0,23,22,78,0,19,33,78,0,0,0,0,0,0,0,0
project/sim_ext.py --sim-time 1.5 --seq-graph project/file/graph_15_nodes.json --traffic project/file/traffic_15_nodes_random.json --inspection-rate 0.001 --mess-rate 0.002,0.10741537909756355,37,0,23,0,0,37,12,27,0,12,1,0,0,0,23,27,1,2,21,4,0,0,0,2,16,32,0,0,0,21,16,78,0,4,32,78,0,0,0,0,0,0,0,0
project/sim_ext.py --sim-time 1.5 --seq-graph project/file/graph_15_nodes.json --traffic project/file/traffic_15_nodes_random.json --inspection-rate 0.001 --mess-rate 0.002,0.108583000001,33,0,16,0,0,33,10,21,0,10,1,0,0,0,16,21,1,1,19,0,0,0,0,1,15,30,0,0,0,19,15,78,0,0,30,78,0,0,0,0,0,0,0,0
project/sim_ext.py --sim-time 1.5 --seq-graph project/file/graph_15_nodes.json --traffic project/file/traffic_15_nodes_random.json --inspection-rate 0.001 --mess-rate 0.002,0.10965300000099999,33,0,16,0,0,33,9,20,0,9,1,0,0,0,16,20,1,0,13,0,0,0,0,0,15,30,0,0,0,13,15,78,0,0,30,78,0,0,0,0,0,0,0,0
project/sim_ext.py --sim-time 1.5 --seq-graph project/file/graph_15_nodes.json --traffic project/file/traffic_15_nodes_random.json --inspection-rate 0.001 --mess-rate 0.002,0.110768000001,32,0,12,0,0,32,9,18,0,9,0,0,0,0,12,18,0,0,12,0,0,0,0,0,10,30,0,0,0,12,10,78,0,0,30,78,0,0,0,0,0,0,0,0
project/sim_ext.py --sim-time 1.5 --seq-graph project/file/graph_15_nodes.json --traffic project/file/traffic_15_nodes_random.json --inspection-rate 0.001 --mess-rate 0.002,0.11180127969840094,32,0,12,0,0,32,5,11,0,5,0,0,0,0,12,11,0,0,10,0,0,0,0,0,10,30,0,0,0,10,10,78,0,0,30,78,0,0,0,0,0,0,0,0
project/sim_ext.py --sim-time 1.5 --seq-graph project/file/graph_15_nodes.json --traffic project/file/traffic_15_nodes_random.json --inspection-rate 0.001 --mess-rate 0.002,0.112838000001,31,0,12,0,0,31,4,11,0,4,0,0,0,0,12,11,0,0,9,0,0,0,0,0,10,30,0,0,0,9,10,78,0,0,30,78,0,0,0,0,0,0,0,0
project/sim_ext.py --sim-time 1.5 --seq-graph project/file/graph_15_nodes.json --traffic project/file/traffic_15_nodes_random.json --inspection-rate 0.001 --mess-rate 0.002,0.11392256573219875,29,0,2,0,0,29,0,6,0,0,0,0,0,0,2,6,0,0,9,0,0,0,0,0,10,24,0,0,0,9,10,78,0,0,24,78,0,0,0,0,0,0,0,0
project/sim_ext.py --sim-time 1.5 --seq-graph project/file/graph_15_nodes.json --traffic project/file/traffic_15_nodes_random.json --inspection-rate 0.001 --mess-rate 0.002,0.11497234120494362,29,0,1,0,0,29,0,4,0,0,0,0,0,0,1,4,0,0,7,0,0,0,0,0,8,24,0,0,0,7,8,78,0,0,24,78,0,0,0,0,0,0,0,0
project/sim_ext.py --sim-time 1.5 --seq-graph project/file/graph_15_nodes.json --traffic project/file/traffic_15_nodes_random.json --inspection-rate 0.001 --mess-rate 0.002,0.116085000001,29,0,1,0,0,29,0,2,0,0,0,0,0,0,1,2,0,0,7,0,0,0,0,0,4,22,0,0,0,7,4,78,0,0,22,78,0,0,0,0,0,0,0,0
project/sim_ext.py --sim-time 1.5 --seq-graph project/file/graph_15_nodes.json --traffic project/file/traffic_15_nodes_random.json --inspection-rate 0.001 --mess-rate 0.002,0.117100000001,27,0,1,0,0,27,0,0,0,0,0,0,0,0,1,0,0,0,3,0,0,0,0,0,2,22,0,0,0,3,2,78,0,0,22,78,0,0,0,0,0,0,0,0
project/sim_ext.py --sim-time 1.5 --seq-graph project/file/graph_15_nodes.json --traffic project/file/traffic_15_nodes_random.json --inspection-rate 0.001 --mess-rate 0.002,0.118116000001,26,0,0,0,0,26,0,0,0,0,0,0,0,0,0,0,0,0,1,0,0,0,0,0,2,20,0,0,0,1,2,78,0,0,20,78,0,0,0,0,0,0,0,0
project/sim_ext.py --sim-time 1.5 --seq-graph project/file/graph_15_nodes.json --traffic project/file/traffic_15_nodes_random.json --inspection-rate 0.001 --mess-rate 0.002,0.119692000001,25,0,0,0,0,25,0,0,0,0,0,0,0,0,0,0,0,0,0,0,0,0,0,0,0,19,0,0,0,0,0,78,0,0,19,78,0,0,0,0,0,0,0,0
project/sim_ext.py --sim-time 1.5 --seq-graph project/file/graph_15_nodes.json --traffic project/file/traffic_15_nodes_random.json --inspection-rate 0.001 --mess-rate 0.002,0.12069858441604427,24,0,0,0,0,24,0,0,0,0,0,0,0,0,0,0,0,0,0,0,0,0,0,0,0,19,0,0,0,0,0,78,0,0,19,78,0,0,0,0,0,0,0,0
project/sim_ext.py --sim-time 1.5 --seq-graph project/file/graph_15_nodes.json --traffic project/file/traffic_15_nodes_random.json --inspection-rate 0.001 --mess-rate 0.002,0.121730000001,23,0,0,0,0,23,0,0,0,0,0,0,0,0,0,0,0,0,0,0,0,0,0,0,0,19,0,0,0,0,0,78,0,0,19,78,0,0,0,0,0,0,0,0
project/sim_ext.py --sim-time 1.5 --seq-graph project/file/graph_15_nodes.json --traffic project/file/traffic_15_nodes_random.json --inspection-rate 0.001 --mess-rate 0.002,0.122735999997,69,60,67,31,46,69,23,55,60,23,60,50,36,42,67,55,60,63,80,47,0,53,30,63,76,78,40,55,50,80,76,156,52,47,78,156,41,36,42,0,52,46,53,55
project/sim_ext.py --sim-time 1.5 --seq-graph project/file/graph_15_nodes.json --traffic project/file/traffic_15_nodes_random.json --inspection-rate 0.001 --mess-rate 0.002,0.123910000001,59,60,60,19,36,58,11,49,60,12,60,50,28,35,60,49,60,61,79,43,0,42,20,61,75,73,36,49,50,79,75,156,52,43,73,156,36,28,35,0,52,36,42,49
project/sim_ext.py --sim-time 1.5 --seq-graph project/file/graph_15_nodes.json --traffic project/file/traffic_15_nodes_random.json --inspection-rate 0.001 --mess-rate 0.002,0.124956799997,48,50,55,2,28,47,0,38,50,0,60,41,17,26,55,38,60,60,76,26,0,31,2,60,72,61,27,36,40,76,72,150,42,26,61,150,27,17,26,0,42,29,31,36
project/sim_ext.py --sim-time 1.5 --seq-graph project/file/graph_15_nodes.json --traffic project/file/traffic_15_nodes_random.json --inspection-rate 0.001 --mess-rate 0.002,0.1260334083726309,41,46,53,0,20,41,0,32,46,0,58,33,10,23,53,32,58,59,74,15,0,22,0,59,71,53,22,35,33,74,71,150,38,15,53,150,22,10,22,0,38,20,22,35
project/sim_ext.py --sim-time 1.5 --seq-graph project/file/graph_15_nodes.json --traffic project/file/traffic_15_nodes_random.json --inspection-rate 0.001 --mess-rate 0.002,0.127203199997,39,44,49,0,18,39,0,26,44,0,57,26,5,18,49,27,57,58,72,9,0,16,0,58,71,53,18,29,26,72,71,150,28,9,53,150,18,5,18,0,28,18,16,29
project/sim_ext.py --sim-time 1.5 --seq-graph project/file/graph_15_nodes.json --traffic project/file/traffic_15_nodes_random.json --inspection-rate 0.001 --mess-rate 0.002,0.128480999997,39,41,49,0,16,39,0,19,41,0,55,22,0,16,49,19,55,57,67,0,0,4,0,57,69,43,12,27,22,67,69,138,20,0,43,138,12,0,16,0,20,16,4,27
project/sim_ext.py --sim-time 1.5 --seq-graph project/file/graph_15_nodes.json --traffic project/file/traffic_15_nodes_random.json --inspection-rate 0.001 --mess-rate 0.002,0.129601000001,35,36,47,0,9,35,0,15,36,0,55,22,0,14,47,15,55,56,66,0,0,0,0,56,66,39,12,19,22,66,66,138,20,0,39,138,12,0,14,0,20,9,0,19
project/sim_ext.py --sim-time 1.5 --seq-graph project/file/graph_15_nodes.json --traffic project/file/traffic_15_nodes_random.json --inspection-rate 0.001 --mess-rate 0.002,0.130688000001,34,32,47,0,5,34,0,15,32,0,52,14,0,4,47,15,52,54,65,0,0,0,0,54,66,34,0,19,14,65,66,134,13,0,34,134,0,0,4,0,13,5,0,19
project/sim_ext.py --sim-time 1.5 --seq-graph project/file/graph_15_nodes.json --traffic project/file/traffic_15_nodes_random.json --inspection-rate 0.001 --mess-rate 0.002,0.131771000001,32,30,47,0,0,32,0,15,30,0,48,11,0,2,47,15,48,54,63,0,0,0,0,54,64,34,0,19,11,63,64,134,8,0,34,134,0,0,2,0,8,0,0,19
project/sim_ext.py --sim-time 1.5 --seq-graph project/file/graph_15_nodes.json --traffic project/file/traffic_15_nodes_random.json --inspection-rate 0.001 --mess-rate 0.002,0.132822000001,32,26,47,0,0,32,0,15,27,0,48,1,0,0,47,15,48,50,63,0,0,0,0,50,63,34,0,19,2,63,63,133,0,0,34,133,0,0,0,0,0,0,0,19
project/sim_ext.py --sim-time 1.5 --seq-graph project/file/graph_15_nodes.json --traffic project/file/traffic_15_nodes_random.json --inspection-rate 0.001 --mess-rate 0.002,0.133879000001,32,23,38,0,0,32,0,15,23,0,45,0,0,0,38,15,45,50,59,0,0,0,0,50,63,34,0,19,0,59,63,133,0,0,34,133,0,0,0,0,0,0,0,19
project/sim_ext.py --sim-time 1.5 --seq-graph project/file/graph_15_nodes.json --traffic project/file/traffic_15_nodes_random.json --inspection-rate 0.001 --mess-rate 0.002,0.135055000001,32,20,37,0,0,32,0,15,20,0,45,0,0,0,37,15,45,50,57,0,0,0,0,50,63,32,0,19,0,57,63,133,0,0,32,133,0,0,0,0,0,0,0,19
project/sim_ext.py --sim-time 1.5 --seq-graph project/file/graph_15_nodes.json --traffic project/file/traffic_15_nodes_random.json --inspection-rate 0.001 --mess-rate 0.002,0.136056399997,32,15,35,0,0,32,0,15,15,0,45,0,0,0,35,15,45,48,57,0,0,0,0,48,61,30,0,19,0,57,61,133,0,0,30,133,0,0,0,0,0,0,0,19
project/sim_ext.py --sim-time 1.5 --seq-graph project/file/graph_15_nodes.json --traffic project/file/traffic_15_nodes_random.json --inspection-rate 0.001 --mess-rate 0.002,0.137091000001,30,15,33,0,0,30,0,15,15,0,45,0,0,0,33,15,45,46,57,0,0,0,0,46,61,30,0,19,0,57,61,133,0,0,30,133,0,0,0,0,0,0,0,19
project/sim_ext.py --sim-time 1.5 --seq-graph project/file/graph_15_nodes.json --traffic project/file/traffic_15_nodes_random.json --inspection-rate 0.001 --mess-rate 0.002,0.138102000001,29,11,33,0,0,29,0,15,11,0,43,0,0,0,33,15,43,43,57,0,0,0,0,43,61,27,0,5,0,57,61,133,0,0,27,133,0,0,0,0,0,0,0,5
project/sim_ext.py --sim-time 1.5 --seq-graph project/file/graph_15_nodes.json --traffic project/file/traffic_15_nodes_random.json --inspection-rate 0.001 --mess-rate 0.002,0.139182000001,28,3,27,0,0,28,0,15,3,0,41,0,0,0,27,15,41,43,48,0,0,0,0,43,61,27,0,2,0,48,61,133,0,0,27,133,0,0,0,0,0,0,0,2
project/sim_ext.py --sim-time 1.5 --seq-graph project/file/graph_15_nodes.json --traffic project/file/traffic_15_nodes_random.json --inspection-rate 0.001 --mess-rate 0.002,0.140199000001,27,0,24,0,0,27,0,15,0,0,41,0,0,0,24,15,41,43,48,0,0,0,0,43,61,27,0,0,0,48,61,133,0,0,27,133,0,0,0,0,0,0,0,0
project/sim_ext.py --sim-time 1.5 --seq-graph project/file/graph_15_nodes.json --traffic project/file/traffic_15_nodes_random.json --inspection-rate 0.001 --mess-rate 0.002,0.141207000001,24,0,22,0,0,24,0,15,0,0,38,0,0,0,22,15,38,41,48,0,0,0,0,41,61,27,0,0,0,48,61,133,0,0,27,133,0,0,0,0,0,0,0,0
project/sim_ext.py --sim-time 1.5 --seq-graph project/file/graph_15_nodes.json --traffic project/file/traffic_15_nodes_random.json --inspection-rate 0.001 --mess-rate 0.002,0.142333000001,23,0,20,0,0,23,0,15,0,0,38,0,0,0,20,15,38,41,45,0,0,0,0,41,52,27,0,0,0,45,52,133,0,0,27,133,0,0,0,0,0,0,0,0
project/sim_ext.py --sim-time 1.5 --seq-graph project/file/graph_15_nodes.json --traffic project/file/traffic_15_nodes_random.json --inspection-rate 0.001 --mess-rate 0.002,0.143381000001,22,0,16,0,0,22,0,15,0,0,36,0,0,0,16,15,36,34,43,0,0,0,0,34,52,27,0,0,0,43,52,133,0,0,27,133,0,0,0,0,0,0,0,0
project/sim_ext.py --sim-time 1.5 --seq-graph project/file/graph_15_nodes.json --traffic project/file/traffic_15_nodes_random.json --inspection-rate 0.001 --mess-rate 0.002,0.144436000001,18,0,15,0,0,18,0,15,0,0,36,0,0,0,15,15,36,34,40,0,0,0,0,34,49,27,0,0,0,40,49,133,0,0,27,133,0,0,0,0,0,0,0,0
project/sim_ext.py --sim-time 1.5 --seq-graph project/file/graph_15_nodes.json --traffic project/file/traffic_15_nodes_random.json --inspection-rate 0.001 --mess-rate 0.002,0.145515599997,17,0,15,0,0,17,0,15,0,0,36,0,0,0,15,15,36,31,40,0,0,0,0,31,49,27,0,0,0,40,49,133,0,0,27,133,0,0,0,0,0,0,0,0
project/sim_ext.py --sim-time 1.5 --seq-graph project/file/graph_15_nodes.json --traffic project/file/traffic_15_nodes_random.json --inspection-rate 0.001 --mess-rate 0.002,0.146531000001,16,0,10,0,0,16,0,15,0,0,36,0,0,0,10,15,36,31,35,0,0,0,0,31,46,27,0,0,0,35,46,133,0,0,27,133,0,0,0,0,0,0,0,0
project/sim_ext.py --sim-time 1.5 --seq-graph project/file/graph_15_nodes.json --traffic project/file/traffic_15_nodes_random.json --inspection-rate 0.001 --mess-rate 0.002,0.147666000001,15,0,10,0,0,15,0,15,0,0,35,0,0,0,10,15,35,27,35,0,0,0,0,27,44,19,0,0,0,35,44,133,0,0,19,133,0,0,0,0,0,0,0,0
project/sim_ext.py --sim-time 1.5 --seq-graph project/file/graph_15_nodes.json --traffic project/file/traffic_15_nodes_random.json --inspection-rate 0.001 --mess-rate 0.002,0.148734000001,13,0,10,0,0,13,0,15,0,0,35,0,0,0,10,15,35,25,35,0,0,0,0,25,44,19,0,0,0,35,44,133,0,0,19,133,0,0,0,0,0,0,0,0
project/sim_ext.py --sim-time 1.5 --seq-graph project/file/graph_15_nodes.json --traffic project/file/traffic_15_nodes_random.json --inspection-rate 0.001 --mess-rate 0.002,0.150113000001,12,0,0,0,0,12,0,15,0,0,32,0,0,0,0,15,32,25,28,0,0,0,0,25,42,15,0,0,0,28,42,133,0,0,15,133,0,0,0,0,0,0,0,0
project/sim_ext.py --sim-time 1.5 --seq-graph project/file/graph_15_nodes.json --traffic project/file/traffic_15_nodes_random.json --inspection-rate 0.001 --mess-rate 0.002,0.151267000001,10,0,0,0,0,10,0,15,0,0,32,0,0,0,0,15,32,18,28,0,0,0,0,18,40,11,0,0,0,28,40,133,0,0,11,133,0,0,0,0,0,0,0,0
project/sim_ext.py --sim-time 1.5 --seq-graph project/file/graph_15_nodes.json --traffic project/file/traffic_15_nodes_random.json --inspection-rate 0.001 --mess-rate 0.002,0.15234682605396604,10,0,0,0,0,10,0,15,0,0,32,0,0,0,0,15,32,18,28,0,0,0,0,18,39,11,0,0,0,28,38,133,0,0,11,133,0,0,0,0,0,0,0,0
project/sim_ext.py --sim-time 1.5 --seq-graph project/file/graph_15_nodes.json --traffic project/file/traffic_15_nodes_random.json --inspection-rate 0.001 --mess-rate 0.002,0.153395000001,7,0,0,0,0,7,0,15,0,0,32,0,0,0,0,15,32,16,24,0,0,0,0,16,38,11,0,0,0,24,38,133,0,0,11,133,0,0,0,0,0,0,0,0
project/sim_ext.py --sim-time 1.5 --seq-graph project/file/graph_15_nodes.json --traffic project/file/traffic_15_nodes_random.json --inspection-rate 0.001 --mess-rate 0.002,0.154599000001,7,0,0,0,0,7,0,15,0,0,32,0,0,0,0,15,32,12,23,0,0,0,0,12,36,11,0,0,0,23,36,133,0,0,11,133,0,0,0,0,0,0,0,0
project/sim_ext.py --sim-time 1.5 --seq-graph project/file/graph_15_nodes.json --traffic project/file/traffic_15_nodes_random.json --inspection-rate 0.001 --mess-rate 0.002,0.155717000001,7,0,0,0,0,7,0,15,0,0,28,0,0,0,0,15,28,7,20,0,0,0,0,7,36,7,0,0,0,20,36,133,0,0,7,133,0,0,0,0,0,0,0,0
project/sim_ext.py --sim-time 1.5 --seq-graph project/file/graph_15_nodes.json --traffic project/file/traffic_15_nodes_random.json --inspection-rate 0.001 --mess-rate 0.002,0.156777000001,6,0,0,0,0,6,0,15,0,0,28,0,0,0,0,15,28,5,18,0,0,0,0,5,35,5,0,0,0,18,35,133,0,0,5,133,0,0,0,0,0,0,0,0
project/sim_ext.py --sim-time 1.5 --seq-graph project/file/graph_15_nodes.json --traffic project/file/traffic_15_nodes_random.json --inspection-rate 0.001 --mess-rate 0.002,0.157816000001,3,0,0,0,0,3,0,15,0,0,26,0,0,0,0,15,26,5,14,0,0,0,0,5,34,5,0,0,0,14,34,133,0,0,5,133,0,0,0,0,0,0,0,0
project/sim_ext.py --sim-time 1.5 --seq-graph project/file/graph_15_nodes.json --traffic project/file/traffic_15_nodes_random.json --inspection-rate 0.001 --mess-rate 0.002,0.159467000001,3,0,0,0,0,3,0,15,0,0,23,0,0,0,0,15,23,5,11,0,0,0,0,5,31,1,0,0,0,11,31,133,0,0,1,133,0,0,0,0,0,0,0,0
project/sim_ext.py --sim-time 1.5 --seq-graph project/file/graph_15_nodes.json --traffic project/file/traffic_15_nodes_random.json --inspection-rate 0.001 --mess-rate 0.002,0.160570599997,3,0,0,0,0,3,0,15,0,0,23,0,0,0,0,15,23,5,7,0,0,0,0,5,31,0,0,0,0,7,31,133,0,0,0,133,0,0,0,0,0,0,0,0
project/sim_ext.py --sim-time 1.5 --seq-graph project/file/graph_15_nodes.json --traffic project/file/traffic_15_nodes_random.json --inspection-rate 0.001 --mess-rate 0.002,0.1615771201152761,0,0,0,0,0,0,0,15,0,0,21,0,0,0,0,15,21,5,6,0,0,0,0,5,31,0,0,0,0,6,31,133,0,0,0,133,0,0,0,0,0,0,0,0
project/sim_ext.py --sim-time 1.5 --seq-graph project/file/graph_15_nodes.json --traffic project/file/traffic_15_nodes_random.json --inspection-rate 0.001 --mess-rate 0.002,0.162629000001,0,0,0,0,0,0,0,15,0,0,21,0,0,0,0,15,21,0,1,0,0,0,0,0,31,0,0,0,0,1,31,133,0,0,0,133,0,0,0,0,0,0,0,0
project/sim_ext.py --sim-time 1.5 --seq-graph project/file/graph_15_nodes.json --traffic project/file/traffic_15_nodes_random.json --inspection-rate 0.001 --mess-rate 0.002,0.163835000001,41,59,61,32,42,41,20,63,59,20,101,46,39,36,61,64,101,75,81,47,0,45,32,75,101,54,44,48,46,81,101,209,39,47,54,209,44,39,37,0,39,42,45,48
project/sim_ext.py --sim-time 1.5 --seq-graph project/file/graph_15_nodes.json --traffic project/file/traffic_15_nodes_random.json --inspection-rate 0.001 --mess-rate 0.002,0.164853000001,41,56,61,32,42,41,10,52,56,10,100,40,28,31,61,52,100,72,77,42,0,36,32,72,99,51,37,45,40,77,99,205,32,42,51,205,37,28,32,0,32,42,36,45
project/sim_ext.py --sim-time 1.5 --seq-graph project/file/graph_15_nodes.json --traffic project/file/traffic_15_nodes_random.json --inspection-rate 0.001 --mess-rate 0.002,0.166063000001,25,52,61,15,27,25,0,45,52,0,100,37,20,26,61,45,100,72,72,28,0,29,15,72,99,30,29,37,36,72,99,199,23,28,30,199,29,20,25,0,23,27,30,37
project/sim_ext.py --sim-time 1.5 --seq-graph project/file/graph_15_nodes.json --traffic project/file/traffic_15_nodes_random.json --inspection-rate 0.001 --mess-rate 0.002,0.167619199997,14,48,58,7,19,15,0,42,48,0,95,23,12,19,58,42,95,72,69,20,0,20,8,72,99,26,26,29,24,69,99,194,20,20,26,194,26,12,19,0,20,19,20,29
project/sim_ext.py --sim-time 1.5 --seq-graph project/file/graph_15_nodes.json --traffic project/file/traffic_15_nodes_random.json --inspection-rate 0.001 --mess-rate 0.002,0.168685799997,8,46,55,0,14,8,0,35,46,0,95,23,12,19,55,35,95,72,66,12,0,10,0,72,99,15,20,22,23,66,99,193,15,12,15,193,20,12,19,0,15,14,10,22
project/sim_ext.py --sim-time 1.5 --seq-graph project/file/graph_15_nodes.json --traffic project/file/traffic_15_nodes_random.json --inspection-rate 0.001 --mess-rate 0.002,0.16985500000099998,4,46,53,0,9,4,0,26,46,0,95,23,12,19,53,26,95,72,65,3,0,2,0,72,99,15,20,18,23,65,99,193,15,3,15,193,20,12,19,0,15,9,2,18
project/sim_ext.py --sim-time 1.5 --seq-graph project/file/graph_15_nodes.json --traffic project/file/traffic_15_nodes_random.json --inspection-rate 0.001 --mess-rate 0.002,0.171141000001,0,39,53,0,5,0,0,21,39,0,92,7,0,6,53,21,92,59,60,0,0,0,0,59,89,3,5,13,7,60,89,191,0,0,3,191,5,0,6,0,0,5,0,13
project/sim_ext.py --sim-time 1.5 --seq-graph project/file/graph_15_nodes.json --traffic project/file/traffic_15_nodes_random.json --inspection-rate 0.001 --mess-rate 0.002,0.172262000001,0,34,53,0,0,0,0,19,34,0,92,0,0,0,53,19,92,59,60,0,0,0,0,59,87,3,0,10,0,60,87,191,0,0,3,191,0,0,0,0,0,0,0,10
project/sim_ext.py --sim-time 1.5 --seq-graph project/file/graph_15_nodes.json --traffic project/file/traffic_15_nodes_random.json --inspection-rate 0.001 --mess-rate 0.002,0.173468000001,0,31,51,0,0,0,0,17,31,0,90,0,0,0,51,17,90,54,60,0,0,0,0,54,87,0,0,7,0,60,87,183,0,0,0,183,0,0,0,0,0,0,0,7
project/sim_ext.py --sim-time 1.5 --seq-graph project/file/graph_15_nodes.json --traffic project/file/traffic_15_nodes_random.json --inspection-rate 0.001 --mess-rate 0.002,0.174606000001,0,30,50,0,0,0,0,17,30,0,90,0,0,0,50,17,90,50,57,0,0,0,0,50,87,0,0,0,0,57,87,183,0,0,0,183,0,0,0,0,0,0,0,0
project/sim_ext.py --sim-time 1.5 --seq-graph project/file/graph_15_nodes.json --traffic project/file/traffic_15_nodes_random.json --inspection-rate 0.001 --mess-rate 0.002,0.175624000001,0,25,48,0,0,0,0,15,25,0,88,0,0,0,48,15,88,50,57,0,0,0,0,50,87,0,0,0,0,57,87,183,0,0,0,183,0,0,0,0,0,0,0,0
project/sim_ext.py --sim-time 1.5 --seq-graph project/file/graph_15_nodes.json --traffic project/file/traffic_15_nodes_random.json --inspection-rate 0.001 --mess-rate 0.002,0.176661000001,0,21,47,0,0,0,0,12,21,0,88,0,0,0,47,12,88,49,56,0,0,0,0,49,86,0,0,0,0,56,86,183,0,0,0,183,0,0,0,0,0,0,0,0
project/sim_ext.py --sim-time 1.5 --seq-graph project/file/graph_15_nodes.json --traffic project/file/traffic_15_nodes_random.json --inspection-rate 0.001 --mess-rate 0.002,0.177671000001,0,17,47,0,0,0,0,12,17,0,87,0,0,0,47,12,87,47,56,0,0,0,0,47,84,0,0,0,0,56,84,183,0,0,0,183,0,0,0,0,0,0,0,0
project/sim_ext.py --sim-time 1.5 --seq-graph project/file/graph_15_nodes.json --traffic project/file/traffic_15_nodes_random.json --inspection-rate 0.001 --mess-rate 0.002,0.178679000001,0,14,47,0,0,0,0,10,14,0,87,0,0,0,47,10,87,47,54,0,0,0,0,47,84,0,0,0,0,54,84,183,0,0,0,183,0,0,0,0,0,0,0,0
project/sim_ext.py --sim-time 1.5 --seq-graph project/file/graph_15_nodes.json --traffic project/file/traffic_15_nodes_random.json --inspection-rate 0.001 --mess-rate 0.002,0.179855000001,0,11,47,0,0,0,0,7,11,0,83,0,0,0,47,7,84,44,53,0,0,0,0,44,80,0,0,0,0,53,81,183,0,0,0,183,0,0,0,0,0,0,0,0
project/sim_ext.py --sim-time 1.5 --seq-graph project/file/graph_15_nodes.json --traffic project/file/traffic_15_nodes_random.json --inspection-rate 0.001 --mess-rate 0.002,0.180892799997,0,11,47,0,0,0,0,6,11,0,83,0,0,0,47,6,83,42,53,0,0,0,0,42,78,0,0,0,0,53,78,183,0,0,0,183,0,0,0,0,0,0,0,0
project/sim_ext.py --sim-time 1.5 --seq-graph project/file/graph_15_nodes.json --traffic project/file/traffic_15_nodes_random.json --inspection-rate 0.001 --mess-rate 0.002,0.18198446544668953,0,5,34,0,0,0,0,4,5,0,83,0,0,0,34,4,83,42,53,0,0,0,0,42,74,0,0,0,0,53,74,183,0,0,0,183,0,0,0,0,0,0,0,0
project/sim_ext.py --sim-time 1.5 --seq-graph project/file/graph_15_nodes.json --traffic project/file/traffic_15_nodes_random.json --inspection-rate 0.001 --mess-rate 0.002,0.183024000001,0,0,29,0,0,0,0,4,0,0,83,0,0,0,29,4,83,36,53,0,0,0,0,36,73,0,0,0,0,53,73,183,0,0,0,183,0,0,0,0,0,0,0,0
project/sim_ext.py --sim-time 1.5 --seq-graph project/file/graph_15_nodes.json --traffic project/file/traffic_15_nodes_random.json --inspection-rate 0.001 --mess-rate 0.002,0.184118000001,0,0,27,0,0,0,0,4,0,0,81,0,0,0,27,4,81,34,53,0,0,0,0,34,71,0,0,0,0,53,71,183,0,0,0,183,0,0,0,0,0,0,0,0
project/sim_ext.py --sim-time 1.5 --seq-graph project/file/graph_15_nodes.json --traffic project/file/traffic_15_nodes_random.json --inspection-rate 0.001 --mess-rate 0.002,0.185128000001,0,0,25,0,0,0,0,0,0,0,81,0,0,0,25,0,81,31,53,0,0,0,0,31,71,0,0,0,0,53,71,183,0,0,0,183,0,0,0,0,0,0,0,0
project/sim_ext.py --sim-time 1.5 --seq-graph project/file/graph_15_nodes.json --traffic project/file/traffic_15_nodes_random.json --inspection-rate 0.001 --mess-rate 0.002,0.18619349420442796,0,0,23,0,0,0,0,0,0,0,81,0,0,0,23,0,81,31,53,0,0,0,0,31,71,0,0,0,0,53,71,183,0,0,0,183,0,0,0,0,0,0,0,0
project/sim_ext.py --sim-time 1.5 --seq-graph project/file/graph_15_nodes.json --traffic project/file/traffic_15_nodes_random.json --inspection-rate 0.001 --mess-rate 0.002,0.187262000001,0,0,22,0,0,0,0,0,0,0,77,0,0,0,22,0,77,31,53,0,0,0,0,31,65,0,0,0,0,53,65,183,0,0,0,183,0,0,0,0,0,0,0,0
project/sim_ext.py --sim-time 1.5 --seq-graph project/file/graph_15_nodes.json --traffic project/file/traffic_15_nodes_random.json --inspection-rate 0.001 --mess-rate 0.002,0.188351000001,0,0,22,0,0,0,0,0,0,0,74,0,0,0,22,0,74,25,40,0,0,0,0,25,65,0,0,0,0,40,65,183,0,0,0,183,0,0,0,0,0,0,0,0
project/sim_ext.py --sim-time 1.5 --seq-graph project/file/graph_15_nodes.json --traffic project/file/traffic_15_nodes_random.json --inspection-rate 0.001 --mess-rate 0.002,0.189467000001,0,0,20,0,0,0,0,0,0,0,73,0,0,0,21,0,73,22,38,0,0,0,0,22,65,0,0,0,0,38,65,183,0,0,0,183,0,0,0,0,0,0,0,0
project/sim_ext.py --sim-time 1.5 --seq-graph project/file/graph_15_nodes.json --traffic project/file/traffic_15_nodes_random.json --inspection-rate 0.001 --mess-rate 0.002,0.190771000001,0,0,16,0,0,0,0,0,0,0,71,0,0,0,16,0,71,19,37,0,0,0,0,19,65,0,0,0,0,37,65,183,0,0,0,183,0,0,0,0,0,0,0,0
project/sim_ext.py --sim-time 1.5 --seq-graph project/file/graph_15_nodes.json --traffic project/file/traffic_15_nodes_random.json --inspection-rate 0.001 --mess-rate 0.002,0.191783000001,0,0,12,0,0,0,0,0,0,0,71,0,0,0,12,0,71,16,37,0,0,0,0,16,58,0,0,0,0,37,58,183,0,0,0,183,0,0,0,0,0,0,0,0
project/sim_ext.py --sim-time 1.5 --seq-graph project/file/graph_15_nodes.json --traffic project/file/traffic_15_nodes_random.json --inspection-rate 0.001 --mess-rate 0.002,0.19297200000099998,0,0,9,0,0,0,0,0,0,0,68,0,0,0,9,0,68,14,37,0,0,0,0,14,58,0,0,0,0,37,58,183,0,0,0,183,0,0,0,0,0,0,0,0
project/sim_ext.py --sim-time 1.5 --seq-graph project/file/graph_15_nodes.json --traffic project/file/traffic_15_nodes_random.json --inspection-rate 0.001 --mess-rate 0.002,0.193999999997,49,61,89,48,51,49,49,55,61,50,146,50,49,50,89,56,146,93,107,49,0,52,48,93,134,50,49,52,50,107,134,253,49,49,51,252,50,49,50,0,50,51,53,53
project/sim_ext.py --sim-time 1.5 --seq-graph project/file/graph_15_nodes.json --traffic project/file/traffic_15_nodes_random.json --inspection-rate 0.001 --mess-rate 0.002,0.195004799997,29,55,82,25,45,29,17,51,55,17,145,46,24,40,82,50,145,90,104,28,0,44,25,90,134,35,34,45,46,104,134,245,41,28,35,246,34,24,40,0,41,45,44,45
project/sim_ext.py --sim-time 1.5 --seq-graph project/file/graph_15_nodes.json --traffic project/file/traffic_15_nodes_random.json --inspection-rate 0.001 --mess-rate 0.002,0.196063000001,20,55,80,16,40,20,8,41,55,8,144,44,16,35,80,41,144,87,104,22,0,40,16,87,133,33,29,45,45,104,133,245,41,22,33,245,29,16,35,0,41,40,40,45
project/sim_ext.py --sim-time 1.5 --seq-graph project/file/graph_15_nodes.json --traffic project/file/traffic_15_nodes_random.json --inspection-rate 0.001 --mess-rate 0.002,0.197195000001,5,47,80,0,36,5,0,38,47,0,143,41,5,26,80,38,143,85,97,22,0,37,0,85,132,30,12,30,41,97,132,242,34,22,30,242,12,5,26,0,34,36,37,30
project/sim_ext.py --sim-time 1.5 --seq-graph project/file/graph_15_nodes.json --traffic project/file/traffic_15_nodes_random.json --inspection-rate 0.001 --mess-rate 0.002,0.198240000001,1,45,79,0,28,1,0,35,45,0,143,36,2,22,79,35,143,85,95,6,0,27,0,85,132,17,11,25,36,95,132,238,28,6,17,238,11,2,22,0,28,28,27,25
project/sim_ext.py --sim-time 1.5 --seq-graph project/file/graph_15_nodes.json --traffic project/file/traffic_15_nodes_random.json --inspection-rate 0.001 --mess-rate 0.002,0.199392999997,0,40,77,0,19,0,0,29,40,0,143,31,0,20,77,29,143,80,95,0,0,24,0,80,132,12,5,22,31,95,132,236,28,0,12,236,5,0,20,0,28,19,24,23
project/sim_ext.py --sim-time 1.5 --seq-graph project/file/graph_15_nodes.json --traffic project/file/traffic_15_nodes_random.json --inspection-rate 0.001 --mess-rate 0.002,0.20058174334875245,0,36,77,0,8,0,0,29,36,0,135,28,0,13,77,29,135,77,92,0,0,17,0,77,132,12,3,14,28,92,132,236,15,0,12,236,3,0,13,0,15,8,17,14
project/sim_ext.py --sim-time 1.5 --seq-graph project/file/graph_15_nodes.json --traffic project/file/traffic_15_nodes_random.json --inspection-rate 0.001 --mess-rate 0.002,0.201737599997,0,31,70,0,4,0,0,29,31,0,134,22,0,9,70,29,134,69,91,0,0,13,0,69,125,11,1,9,22,90,125,236,8,0,12,236,1,0,9,0,9,4,13,9
project/sim_ext.py --sim-time 1.5 --seq-graph project/file/graph_15_nodes.json --traffic project/file/traffic_15_nodes_random.json --inspection-rate 0.001 --mess-rate 0.002,0.202772199997,0,28,67,0,0,0,0,29,28,0,133,17,0,2,67,29,133,65,86,0,0,10,0,65,125,0,0,0,17,86,125,226,4,0,0,226,0,0,2,0,4,0,10,0
project/sim_ext.py --sim-time 1.5 --seq-graph project/file/graph_15_nodes.json --traffic project/file/traffic_15_nodes_random.json --inspection-rate 0.001 --mess-rate 0.002,0.203866000001,0,26,67,0,0,0,0,29,26,0,129,15,0,0,67,29,129,65,84,0,0,9,0,65,123,0,0,0,15,84,123,223,0,0,0,223,0,0,0,0,0,0,9,0
project/sim_ext.py --sim-time 1.5 --seq-graph project/file/graph_15_nodes.json --traffic project/file/traffic_15_nodes_random.json --inspection-rate 0.001 --mess-rate 0.002,0.2050443984199867,0,22,67,0,0,0,0,29,22,0,129,15,0,0,67,29,129,63,79,0,0,6,0,63,120,0,0,0,15,79,120,223,0,0,0,223,0,0,0,0,0,0,6,0
project/sim_ext.py --sim-time 1.5 --seq-graph project/file/graph_15_nodes.json --traffic project/file/traffic_15_nodes_random.json --inspection-rate 0.001 --mess-rate 0.002,0.20621300000099999,0,22,61,0,0,0,0,29,22,0,126,12,0,0,61,29,126,55,76,0,0,0,0,55,120,0,0,0,12,76,120,223,0,0,0,223,0,0,0,0,0,0,0,0
project/sim_ext.py --sim-time 1.5 --seq-graph project/file/graph_15_nodes.json --traffic project/file/traffic_15_nodes_random.json --inspection-rate 0.001 --mess-rate 0.002,0.20737548875585052,0,16,58,0,0,0,0,29,16,0,126,12,0,0,58,29,126,55,74,0,0,0,0,55,120,0,0,0,12,74,120,223,0,0,0,223,0,0,0,0,0,0,0,0
project/sim_ext.py --sim-time 1.5 --seq-graph project/file/graph_15_nodes.json --traffic project/file/traffic_15_nodes_random.json --inspection-rate 0.001 --mess-rate 0.002,0.208484000001,0,14,51,0,0,0,0,29,14,0,126,6,0,0,51,29,126,53,70,0,0,0,0,53,115,0,0,0,6,70,115,223,0,0,0,223,0,0,0,0,0,0,0,0
project/sim_ext.py --sim-time 1.5 --seq-graph project/file/graph_15_nodes.json --traffic project/file/traffic_15_nodes_random.json --inspection-rate 0.001 --mess-rate 0.002,0.209578000001,0,13,51,0,0,0,0,29,13,0,125,1,0,0,51,29,125,53,70,0,0,0,0,53,112,0,0,0,1,70,112,223,0,0,0,223,0,0,0,0,0,0,0,0
project/sim_ext.py --sim-time 1.5 --seq-graph project/file/graph_15_nodes.json --traffic project/file/traffic_15_nodes_random.json --inspection-rate 0.001 --mess-rate 0.002,0.210656000001,0,7,51,0,0,0,0,29,6,0,125,0,0,0,51,29,125,53,69,0,0,0,0,53,111,0,0,0,0,69,111,223,0,0,0,223,0,0,0,0,0,0,0,0
project/sim_ext.py --sim-time 1.5 --seq-graph project/file/graph_15_nodes.json --traffic project/file/traffic_15_nodes_random.json --inspection-rate 0.001 --mess-rate 0.002,0.211667000001,0,1,47,0,0,0,0,29,1,0,125,0,0,0,47,29,125,53,67,0,0,0,0,53,109,0,0,0,0,66,109,223,0,0,0,223,0,0,0,0,0,0,0,0
project/sim_ext.py --sim-time 1.5 --seq-graph project/file/graph_15_nodes.json --traffic project/file/traffic_15_nodes_random.json --inspection-rate 0.001 --mess-rate 0.002,0.21301697687138954,0,0,45,0,0,0,0,29,0,0,125,0,0,0,45,29,125,53,66,0,0,0,0,53,103,0,0,0,0,66,103,223,0,0,0,223,0,0,0,0,0,0,0,0
project/sim_ext.py --sim-time 1.5 --seq-graph project/file/graph_15_nodes.json --traffic project/file/traffic_15_nodes_random.json --inspection-rate 0.001 --mess-rate 0.002,0.214477000001,0,0,45,0,0,0,0,29,0,0,125,0,0,0,45,29,125,40,59,0,0,0,0,40,103,0,0,0,0,59,103,223,0,0,0,223,0,0,0,0,0,0,0,0
project/sim_ext.py --sim-time 1.5 --seq-graph project/file/graph_15_nodes.json --traffic project/file/traffic_15_nodes_random.json --inspection-rate 0.001 --mess-rate 0.002,0.21552519999699998,0,0,43,0,0,0,0,29,0,0,125,0,0,0,43,29,125,34,55,0,0,0,0,34,101,0,0,0,0,55,101,223,0,0,0,223,0,0,0,0,0,0,0,0
project/sim_ext.py --sim-time 1.5 --seq-graph project/file/graph_15_nodes.json --traffic project/file/traffic_15_nodes_random.json --inspection-rate 0.001 --mess-rate 0.002,0.216639000001,0,0,38,0,0,0,0,29,0,0,120,0,0,0,38,29,120,30,55,0,0,0,0,30,101,0,0,0,0,55,101,223,0,0,0,223,0,0,0,0,0,0,0,0
project/sim_ext.py --sim-time 1.5 --seq-graph project/file/graph_15_nodes.json --traffic project/file/traffic_15_nodes_random.json --inspection-rate 0.001 --mess-rate 0.002,0.217649000001,0,0,36,0,0,0,0,29,0,0,118,0,0,0,36,29,118,25,55,0,0,0,0,25,101,0,0,0,0,55,101,223,0,0,0,223,0,0,0,0,0,0,0,0
project/sim_ext.py --sim-time 1.5 --seq-graph project/file/graph_15_nodes.json --traffic project/file/traffic_15_nodes_random.json --inspection-rate 0.001 --mess-rate 0.002,0.218799000001,0,0,36,0,0,0,0,29,0,0,117,0,0,0,36,29,117,23,55,0,0,0,0,23,96,0,0,0,0,55,96,223,0,0,0,223,0,0,0,0,0,0,0,0
project/sim_ext.py --sim-time 1.5 --seq-graph project/file/graph_15_nodes.json --traffic project/file/traffic_15_nodes_random.json --inspection-rate 0.001 --mess-rate 0.002,0.220184000001,0,0,34,0,0,0,0,29,0,0,117,0,0,0,34,29,117,18,48,0,0,0,0,18,95,0,0,0,0,48,95,223,0,0,0,223,0,0,0,0,0,0,0,0
project/sim_ext.py --sim-time 1.5 --seq-graph project/file/graph_15_nodes.json --traffic project/file/traffic_15_nodes_random.json --inspection-rate 0.001 --mess-rate 0.002,0.221249999989,0,0,34,0,0,0,0,29,0,0,117,0,0,0,34,29,117,18,47,0,0,0,0,18,93,0,0,0,0,47,93,223,0,0,0,223,0,0,0,0,0,0,0,0
project/sim_ext.py --sim-time 1.5 --seq-graph project/file/graph_15_nodes.json --traffic project/file/traffic_15_nodes_random.json --inspection-rate 0.001 --mess-rate 0.002,0.222260000001,0,0,27,0,0,0,0,29,0,0,117,0,0,0,27,29,117,18,47,0,0,0,0,18,91,0,0,0,0,47,91,223,0,0,0,223,0,0,0,0,0,0,0,0
project/sim_ext.py --sim-time 1.5 --seq-graph project/file/graph_15_nodes.json --traffic project/file/traffic_15_nodes_random.json --inspection-rate 0.001 --mess-rate 0.002,0.223274999989,0,0,27,0,0,0,0,29,0,0,117,0,0,0,27,29,117,15,43,0,0,0,0,15,91,0,0,0,0,43,91,223,0,0,0,223,0,0,0,0,0,0,0,0
project/sim_ext.py --sim-time 1.5 --seq-graph project/file/graph_15_nodes.json --traffic project/file/traffic_15_nodes_random.json --inspection-rate 0.001 --mess-rate 0.002,0.224346599997,73,73,101,72,72,72,72,102,72,71,191,73,72,73,102,103,190,93,123,72,0,72,71,92,169,72,73,72,72,123,169,301,73,72,71,301,72,71,72,0,72,71,71,71
project/sim_ext.py --sim-time 1.5 --seq-graph project/file/graph_15_nodes.json --traffic project/file/traffic_15_nodes_random.json --inspection-rate 0.001 --mess-rate 0.002,0.225402599997,40,57,99,15,44,40,34,93,57,34,181,48,40,42,99,93,181,89,123,63,0,54,15,89,167,46,38,47,48,123,167,294,46,63,46,294,38,40,42,0,46,44,54,47
project/sim_ext.py --sim-time 1.5 --seq-graph project/file/graph_15_nodes.json --traffic project/file/traffic_15_nodes_random.json --inspection-rate 0.001 --mess-rate 0.002,0.226492799997,34,57,99,13,44,34,24,92,57,23,177,43,29,31,99,92,178,86,115,63,0,50,13,86,165,45,32,41,43,114,165,294,39,63,45,294,32,29,31,0,39,44,49,41
project/sim_ext.py --sim-time 1.5 --seq-graph project/file/graph_15_nodes.json --traffic project/file/traffic_15_nodes_random.json --inspection-rate 0.001 --mess-rate 0.002,0.227546000001,20,54,86,0,28,20,10,91,54,9,165,38,11,25,86,91,165,82,111,54,0,34,0,82,165,41,24,35,38,111,165,291,36,54,41,291,24,11,25,0,35,28,34,35
project/sim_ext.py --sim-time 1.5 --seq-graph project/file/graph_15_nodes.json --traffic project/file/traffic_15_nodes_random.json --inspection-rate 0.001 --mess-rate 0.002,0.228679399997,10,50,82,0,21,10,0,89,50,0,160,32,2,17,82,89,160,82,109,48,0,31,0,82,163,41,22,35,32,109,163,289,28,48,41,289,22,2,17,0,28,21,31,35
project/sim_ext.py --sim-time 1.5 --seq-graph project/file/graph_15_nodes.json --traffic project/file/traffic_15_nodes_random.json --inspection-rate 0.001 --mess-rate 0.002,0.229847000001,5,46,82,0,16,5,0,87,46,0,153,26,0,11,82,87,153,76,104,48,0,21,0,76,161,41,18,31,26,104,161,289,21,48,41,289,18,0,11,0,21,16,21,31
project/sim_ext.py --sim-time 1.5 --seq-graph project/file/graph_15_nodes.json --traffic project/file/traffic_15_nodes_random.json --inspection-rate 0.001 --mess-rate 0.002,0.231066599997,2,46,82,0,9,2,0,87,46,0,153,26,0,11,82,87,153,70,104,48,0,16,0,70,159,34,12,27,26,104,159,283,21,48,34,283,12,0,11,0,21,9,16,27
project/sim_ext.py --sim-time 1.5 --seq-graph project/file/graph_15_nodes.json --traffic project/file/traffic_15_nodes_random.json --inspection-rate 0.001 --mess-rate 0.002,0.232136000001,2,41,80,0,3,2,0,86,41,0,149,26,0,11,80,86,149,66,103,48,0,13,0,66,159,28,7,23,26,103,159,283,21,48,28,283,7,0,11,0,21,3,13,23
project/sim_ext.py --sim-time 1.5 --seq-graph project/file/graph_15_nodes.json --traffic project/file/traffic_15_nodes_random.json --inspection-rate 0.001 --mess-rate 0.002,0.23324074227879865,0,37,74,0,0,0,0,84,37,0,136,17,0,0,74,84,136,60,100,37,0,6,0,61,159,16,0,17,17,100,159,275,8,37,16,275,0,0,0,0,8,0,6,17
project/sim_ext.py --sim-time 1.5 --seq-graph project/file/graph_15_nodes.json --traffic project/file/traffic_15_nodes_random.json --inspection-rate 0.001 --mess-rate 0.002,0.234389999983,0,33,72,0,0,0,0,82,33,0,134,13,0,0,72,82,134,58,98,31,0,2,0,58,159,16,0,14,13,98,159,273,1,31,16,273,0,0,0,0,1,0,2,14
project/sim_ext.py --sim-time 1.5 --seq-graph project/file/graph_15_nodes.json --traffic project/file/traffic_15_nodes_random.json --inspection-rate 0.001 --mess-rate 0.002,0.235391000001,0,31,69,0,0,0,0,81,31,0,132,12,0,0,69,81,132,55,98,30,0,2,0,55,159,16,0,14,12,98,159,273,1,30,16,273,0,0,0,0,1,0,2,14
project/sim_ext.py --sim-time 1.5 --seq-graph project/file/graph_15_nodes.json --traffic project/file/traffic_15_nodes_random.json --inspection-rate 0.001 --mess-rate 0.002,0.236500000001,0,26,67,0,0,0,0,79,26,0,132,9,0,0,67,79,132,46,98,28,0,0,0,46,159,13,0,2,9,98,159,273,1,28,13,273,0,0,0,0,1,0,0,2
project/sim_ext.py --sim-time 1.5 --seq-graph project/file/graph_15_nodes.json --traffic project/file/traffic_15_nodes_random.json --inspection-rate 0.001 --mess-rate 0.002,0.237587000001,0,23,67,0,0,0,0,78,23,0,129,5,0,0,67,78,129,43,93,28,0,0,0,43,152,13,0,0,5,93,152,273,0,28,13,273,0,0,0,0,0,0,0,0
project/sim_ext.py --sim-time 1.5 --seq-graph project/file/graph_15_nodes.json --traffic project/file/traffic_15_nodes_random.json --inspection-rate 0.001 --mess-rate 0.002,0.238646000001,0,21,59,0,0,0,0,78,21,0,128,1,0,0,59,78,128,41,90,28,0,0,0,41,150,12,0,0,1,90,150,273,0,28,12,273,0,0,0,0,0,0,0,0
project/sim_ext.py --sim-time 1.5 --seq-graph project/file/graph_15_nodes.json --traffic project/file/traffic_15_nodes_random.json --inspection-rate 0.001 --mess-rate 0.002,0.23973900000099999,0,17,55,0,0,0,0,71,17,0,128,0,0,0,55,71,128,40,90,14,0,0,0,40,148,10,0,0,0,90,148,273,0,14,10,273,0,0,0,0,0,0,0,0
project/sim_ext.py --sim-time 1.5 --seq-graph project/file/graph_15_nodes.json --traffic project/file/traffic_15_nodes_random.json --inspection-rate 0.001 --mess-rate 0.002,0.240781000001,0,12,55,0,0,0,0,70,12,0,125,0,0,0,55,70,125,37,87,11,0,0,0,37,148,10,0,0,0,87,148,273,0,11,10,273,0,0,0,0,0,0,0,0
project/sim_ext.py --sim-time 1.5 --seq-graph project/file/graph_15_nodes.json --traffic project/file/traffic_15_nodes_random.json --inspection-rate 0.001 --mess-rate 0.002,0.241860000001,0,3,55,0,0,0,0,68,3,0,124,0,0,0,55,68,124,37,84,8,0,0,0,37,148,9,0,0,0,83,148,273,0,8,9,273,0,0,0,0,0,0,0,0
project/sim_ext.py --sim-time 1.5 --seq-graph project/file/graph_15_nodes.json --traffic project/file/traffic_15_nodes_random.json --inspection-rate 0.001 --mess-rate 0.002,0.242912000001,0,3,46,0,0,0,0,66,3,0,124,0,0,0,46,66,124,37,78,8,0,0,0,37,148,9,0,0,0,78,148,273,0,8,9,273,0,0,0,0,0,0,0,0
project/sim_ext.py --sim-time 1.5 --seq-graph project/file/graph_15_nodes.json --traffic project/file/traffic_15_nodes_random.json --inspection-rate 0.001 --mess-rate 0.002,0.24423799602384522,0,0,46,0,0,0,0,61,0,0,118,0,0,0,46,61,118,23,73,0,54,0,0,23,148,9,0,0,0,73,148,273,0,0,9,273,0,0,0,54,0,0,0,0
project/sim_ext.py --sim-time 1.5 --seq-graph project/file/graph_15_nodes.json --traffic project/file/traffic_15_nodes_random.json --inspection-rate 0.001 --mess-rate 0.002,0.24534100000099998,0,0,36,0,0,0,0,61,0,0,118,0,0,0,36,61,118,19,73,0,50,0,0,19,148,9,0,0,0,73,148,273,0,0,9,273,0,0,0,50,0,0,0,0
project/sim_ext.py --sim-time 1.5 --seq-graph project/file/graph_15_nodes.json --traffic project/file/traffic_15_nodes_random.json --inspection-rate 0.001 --mess-rate 0.002,0.246447000001,0,0,34,0,0,0,0,61,0,0,117,0,0,0,34,61,117,15,71,0,44,0,0,15,142,4,0,0,0,71,142,273,0,0,4,273,0,0,0,44,0,0,0,0
project/sim_ext.py --sim-time 1.5 --seq-graph project/file/graph_15_nodes.json --traffic project/file/traffic_15_nodes_random.json --inspection-rate 0.001 --mess-rate 0.002,0.247524999985,0,0,34,0,0,0,0,61,0,0,113,0,0,0,34,61,113,10,71,0,40,0,0,10,140,1,0,0,0,71,140,273,0,0,1,273,0,0,0,40,0,0,0,0
project/sim_ext.py --sim-time 1.5 --seq-graph project/file/graph_15_nodes.json --traffic project/file/traffic_15_nodes_random.json --inspection-rate 0.001 --mess-rate 0.002,0.24861334142094635,0,0,23,0,0,0,0,61,0,0,113,0,0,0,23,61,113,2,63,0,30,0,0,2,140,1,0,0,0,63,140,273,0,0,1,273,0,0,0,30,0,0,0,0
project/sim_ext.py --sim-time 1.5 --seq-graph project/file/graph_15_nodes.json --traffic project/file/traffic_15_nodes_random.json --inspection-rate 0.001 --mess-rate 0.002,0.249673599997,0,0,20,0,0,0,0,61,0,0,112,0,0,0,20,61,112,0,61,0,30,0,0,0,140,1,0,0,0,61,140,273,0,0,1,273,0,0,0,30,0,0,0,0
project/sim_ext.py --sim-time 1.5 --seq-graph project/file/graph_15_nodes.json --traffic project/file/traffic_15_nodes_random.json --inspection-rate 0.001 --mess-rate 0.002,0.250745988034634,0,0,20,0,0,0,0,61,0,0,111,0,0,0,20,61,111,0,57,0,30,0,0,0,139,1,0,0,0,57,139,273,0,0,1,273,0,0,0,30,0,0,0,0
project/sim_ext.py --sim-time 1.5 --seq-graph project/file/graph_15_nodes.json --traffic project/file/traffic_15_nodes_random.json --inspection-rate 0.001 --mess-rate 0.002,0.25185300000099997,0,0,20,0,0,0,0,61,0,0,111,0,0,0,20,61,111,0,57,0,30,0,0,0,135,0,0,0,0,57,135,273,0,0,0,273,0,0,0,30,0,0,0,0
project/sim_ext.py --sim-time 1.5 --seq-graph project/file/graph_15_nodes.json --traffic project/file/traffic_15_nodes_random.json --inspection-rate 0.001 --mess-rate 0.002,0.252953000001,0,0,17,0,0,0,0,61,0,0,109,0,0,0,17,61,109,0,57,0,30,0,0,0,135,0,0,0,0,57,135,273,0,0,0,273,0,0,0,30,0,0,0,0
project/sim_ext.py --sim-time 1.5 --seq-graph project/file/graph_15_nodes.json --traffic project/file/traffic_15_nodes_random.json --inspection-rate 0.001 --mess-rate 0.002,0.254019000001,0,0,17,0,0,0,0,61,0,0,109,0,0,0,17,61,109,0,52,0,30,0,0,0,133,0,0,0,0,52,133,273,0,0,0,273,0,0,0,30,0,0,0,0
project/sim_ext.py --sim-time 1.5 --seq-graph project/file/graph_15_nodes.json --traffic project/file/traffic_15_nodes_random.json --inspection-rate 0.001 --mess-rate 0.002,0.255106000001,0,0,15,0,0,0,0,61,0,0,106,0,0,0,15,61,106,0,51,0,30,0,0,0,131,0,0,0,0,51,131,273,0,0,0,273,0,0,0,30,0,0,0,0
project/sim_ext.py --sim-time 1.5 --seq-graph project/file/graph_15_nodes.json --traffic project/file/traffic_15_nodes_random.json --inspection-rate 0.001 --mess-rate 0.002,0.25615079999699997,0,0,9,0,0,0,0,61,0,0,106,0,0,0,9,61,106,0,48,0,19,0,0,0,131,0,0,0,0,48,131,273,0,0,0,273,0,0,0,19,0,0,0,0
project/sim_ext.py --sim-time 1.5 --seq-graph project/file/graph_15_nodes.json --traffic project/file/traffic_15_nodes_random.json --inspection-rate 0.001 --mess-rate 0.002,0.257239000001,0,0,6,0,0,0,0,61,0,0,104,0,0,0,6,61,104,0,48,0,14,0,0,0,129,0,0,0,0,48,129,273,0,0,0,273,0,0,0,14,0,0,0,0
project/sim_ext.py --sim-time 1.5 --seq-graph project/file/graph_15_nodes.json --traffic project/file/traffic_15_nodes_random.json --inspection-rate 0.001 --mess-rate 0.002,0.25843000000099997,0,0,3,0,0,0,0,61,0,0,101,0,0,0,3,61,101,0,44,0,8,0,0,0,129,0,0,0,0,44,129,273,0,0,0,273,0,0,0,8,0,0,0,0
project/sim_ext.py --sim-time 1.5 --seq-graph project/file/graph_15_nodes.json --traffic project/file/traffic_15_nodes_random.json --inspection-rate 0.001 --mess-rate 0.002,0.259497599997,0,0,0,0,0,0,0,61,0,0,100,0,0,0,0,61,100,0,44,0,2,0,0,0,125,0,0,0,0,44,125,273,0,0,0,273,0,0,0,2,0,0,0,0
project/sim_ext.py --sim-time 1.5 --seq-graph project/file/graph_15_nodes.json --traffic project/file/traffic_15_nodes_random.json --inspection-rate 0.001 --mess-rate 0.002,0.260534000001,0,0,0,0,0,0,0,61,0,0,98,0,0,0,0,61,98,0,44,0,0,0,0,0,125,0,0,0,0,44,125,273,0,0,0,273,0,0,0,0,0,0,0,0
project/sim_ext.py --sim-time 1.5 --seq-graph project/file/graph_15_nodes.json --traffic project/file/traffic_15_nodes_random.json --inspection-rate 0.001 --mess-rate 0.002,0.261577000001,0,0,0,0,0,0,0,61,0,0,96,0,0,0,0,61,96,0,38,0,0,0,0,0,125,0,0,0,0,38,125,273,0,0,0,273,0,0,0,0,0,0,0,0
project/sim_ext.py --sim-time 1.5 --seq-graph project/file/graph_15_nodes.json --traffic project/file/traffic_15_nodes_random.json --inspection-rate 0.001 --mess-rate 0.002,0.262934000001,0,0,0,0,0,0,0,61,0,0,94,0,0,0,0,61,94,0,38,0,0,0,0,0,125,0,0,0,0,38,125,273,0,0,0,273,0,0,0,0,0,0,0,0
project/sim_ext.py --sim-time 1.5 --seq-graph project/file/graph_15_nodes.json --traffic project/file/traffic_15_nodes_random.json --inspection-rate 0.001 --mess-rate 0.002,0.264329999989,0,0,0,0,0,0,0,61,0,0,94,0,0,0,0,61,94,0,34,0,0,0,0,0,117,0,0,0,0,34,117,273,0,0,0,273,0,0,0,0,0,0,0,0
project/sim_ext.py --sim-time 1.5 --seq-graph project/file/graph_15_nodes.json --traffic project/file/traffic_15_nodes_random.json --inspection-rate 0.001 --mess-rate 0.002,0.265376999997,68,67,74,68,67,67,68,141,67,67,169,67,69,68,74,141,169,69,114,80,0,67,67,68,194,68,69,69,67,114,194,353,67,80,68,353,68,68,67,0,67,67,67,68
project/sim_ext.py --sim-time 1.5 --seq-graph project/file/graph_15_nodes.json --traffic project/file/traffic_15_nodes_random.json --inspection-rate 0.001 --mess-rate 0.002,0.266402000001,40,57,73,18,41,40,34,129,57,34,161,47,36,46,73,129,161,55,112,63,0,51,18,55,194,55,43,42,47,112,194,353,42,63,55,353,43,37,46,0,42,41,51,42
project/sim_ext.py --sim-time 1.5 --seq-graph project/file/graph_15_nodes.json --traffic project/file/traffic_15_nodes_random.json --inspection-rate 0.001 --mess-rate 0.002,0.267462000001,27,57,70,8,38,27,22,128,57,21,158,43,27,39,70,128,158,55,110,63,0,51,8,55,191,55,39,33,42,110,191,353,34,63,55,353,39,27,39,0,34,38,51,33
project/sim_ext.py --sim-time 1.5 --seq-graph project/file/graph_15_nodes.json --traffic project/file/traffic_15_nodes_random.json --inspection-rate 0.001 --mess-rate 0.002,0.268515000001,20,50,69,0,25,21,12,125,50,13,155,38,21,29,69,125,155,43,106,55,0,43,0,43,189,39,32,31,38,106,189,339,25,55,39,339,32,22,29,0,25,25,43,31
project/sim_ext.py --sim-time 1.5 --seq-graph project/file/graph_15_nodes.json --traffic project/file/traffic_15_nodes_random.json --inspection-rate 0.001 --mess-rate 0.002,0.269545000001,13,48,69,0,20,13,5,125,48,5,142,32,4,17,69,125,142,41,104,55,0,43,0,41,189,38,32,25,32,104,189,339,18,55,38,339,32,4,18,0,18,20,43,25
project/sim_ext.py --sim-time 1.5 --seq-graph project/file/graph_15_nodes.json --traffic project/file/traffic_15_nodes_random.json --inspection-rate 0.001 --mess-rate 0.002,0.270670000001,12,48,63,0,20,12,5,122,48,5,141,32,2,17,63,122,141,40,104,52,0,34,0,40,187,38,24,20,32,104,187,339,15,52,38,339,24,2,17,0,15,20,34,20
project/sim_ext.py --sim-time 1.5 --seq-graph project/file/graph_15_nodes.json --traffic project/file/traffic_15_nodes_random.json --inspection-rate 0.001 --mess-rate 0.002,0.27172500000099997,10,37,60,0,13,10,0,119,37,0,137,20,0,2,60,119,137,33,97,44,0,28,0,33,185,24,13,17,20,97,185,329,1,44,24,329,13,0,2,0,1,13,28,17
project/sim_ext.py --sim-time 1.5 --seq-graph project/file/graph_15_nodes.json --traffic project/file/traffic_15_nodes_random.json --inspection-rate 0.001 --mess-rate 0.002,0.272768000001,8,33,57,0,10,8,0,119,33,0,131,19,0,1,57,119,131,29,93,42,0,15,0,29,183,24,11,17,19,93,183,329,0,42,24,329,11,0,1,0,0,10,15,17
project/sim_ext.py --sim-time 1.5 --seq-graph project/file/graph_15_nodes.json --traffic project/file/traffic_15_nodes_random.json --inspection-rate 0.001 --mess-rate 0.002,0.273778000001,7,27,54,0,5,7,0,119,27,0,130,18,0,0,54,119,130,26,91,42,0,12,0,26,182,24,4,17,18,91,182,329,0,42,24,329,4,0,0,0,0,5,12,17
project/sim_ext.py --sim-time 1.5 --seq-graph project/file/graph_15_nodes.json --traffic project/file/traffic_15_nodes_random.json --inspection-rate 0.001 --mess-rate 0.002,0.274801000001,6,21,54,0,3,6,0,119,21,0,128,18,0,0,54,119,128,22,91,42,0,10,0,22,178,24,0,17,18,91,178,329,0,42,24,329,0,0,0,0,0,3,10,17
project/sim_ext.py --sim-time 1.5 --seq-graph project/file/graph_15_nodes.json --traffic project/file/traffic_15_nodes_random.json --inspection-rate 0.001 --mess-rate 0.002,0.276384999985,6,21,54,0,0,6,0,119,21,0,127,7,0,0,54,119,127,17,85,42,0,3,0,17,178,12,0,17,7,85,178,327,0,42,12,327,0,0,0,0,0,0,3,17
project/sim_ext.py --sim-time 1.5 --seq-graph project/file/graph_15_nodes.json --traffic project/file/traffic_15_nodes_random.json --inspection-rate 0.001 --mess-rate 0.002,0.277504999993,6,12,54,0,0,6,0,119,12,0,126,5,0,0,54,119,126,5,85,42,0,0,0,5,178,11,0,5,5,85,178,327,0,42,11,327,0,0,0,0,0,0,0,5
project/sim_ext.py --sim-time 1.5 --seq-graph project/file/graph_15_nodes.json --traffic project/file/traffic_15_nodes_random.json --inspection-rate 0.001 --mess-rate 0.002,0.278641000001,6,12,46,0,0,6,0,119,12,0,125,3,0,0,46,119,125,5,83,42,0,0,0,5,172,11,0,3,3,83,172,327,0,42,11,327,0,0,0,0,0,0,0,3
project/sim_ext.py --sim-time 1.5 --seq-graph project/file/graph_15_nodes.json --traffic project/file/traffic_15_nodes_random.json --inspection-rate 0.001 --mess-rate 0.002,0.279860199997,6,6,39,0,0,6,0,119,6,0,124,0,0,0,39,119,124,2,79,42,0,0,0,2,172,11,0,1,0,79,172,327,0,42,11,327,0,0,0,0,0,0,0,1
project/sim_ext.py --sim-time 1.5 --seq-graph project/file/graph_15_nodes.json --traffic project/file/traffic_15_nodes_random.json --inspection-rate 0.001 --mess-rate 0.002,0.280884199997,6,1,37,0,0,6,0,119,2,0,124,0,0,0,37,119,124,0,75,42,0,0,0,0,167,5,0,0,0,75,167,327,0,42,5,327,0,0,0,0,0,0,0,0
project/sim_ext.py --sim-time 1.5 --seq-graph project/file/graph_15_nodes.json --traffic project/file/traffic_15_nodes_random.json --inspection-rate 0.001 --mess-rate 0.002,0.281890000001,6,0,37,0,0,6,0,119,0,0,120,0,0,0,37,119,120,0,75,42,0,0,0,0,166,4,0,0,0,75,166,327,0,42,4,327,0,0,0,0,0,0,0,0
project/sim_ext.py --sim-time 1.5 --seq-graph project/file/graph_15_nodes.json --traffic project/file/traffic_15_nodes_random.json --inspection-rate 0.001 --mess-rate 0.002,0.282891000001,6,0,37,0,0,6,0,119,0,0,120,0,0,0,37,119,120,0,72,42,0,0,0,0,161,1,0,0,0,72,161,327,0,42,1,327,0,0,0,0,0,0,0,0
project/sim_ext.py --sim-time 1.5 --seq-graph project/file/graph_15_nodes.json --traffic project/file/traffic_15_nodes_random.json --inspection-rate 0.001 --mess-rate 0.002,0.283898000001,6,0,37,0,0,6,0,119,0,0,120,0,0,0,37,119,120,0,70,42,0,0,0,0,161,1,0,0,0,70,161,327,0,42,1,327,0,0,0,0,0,0,0,0
project/sim_ext.py --sim-time 1.5 --seq-graph project/file/graph_15_nodes.json --traffic project/file/traffic_15_nodes_random.json --inspection-rate 0.001 --mess-rate 0.002,0.285004999981,6,0,37,0,0,6,0,119,0,0,116,0,0,0,37,119,116,0,67,42,78,0,0,0,159,0,0,0,0,67,159,327,0,42,0,327,0,0,0,79,0,0,0,0
project/sim_ext.py --sim-time 1.5 --seq-graph project/file/graph_15_nodes.json --traffic project/file/traffic_15_nodes_random.json --inspection-rate 0.001 --mess-rate 0.002,0.286007000001,6,0,22,0,0,6,0,119,0,0,114,0,0,0,22,119,114,0,66,42,53,0,0,0,157,0,0,0,0,66,157,327,0,42,0,327,0,0,0,53,0,0,0,0
project/sim_ext.py --sim-time 1.5 --seq-graph project/file/graph_15_nodes.json --traffic project/file/traffic_15_nodes_random.json --inspection-rate 0.001 --mess-rate 0.002,0.28716269580423465,6,0,22,0,0,6,0,119,0,0,113,0,0,0,22,119,113,0,63,42,49,0,0,0,156,0,0,0,0,63,156,327,0,42,0,327,0,0,0,49,0,0,0,0
project/sim_ext.py --sim-time 1.5 --seq-graph project/file/graph_15_nodes.json --traffic project/file/traffic_15_nodes_random.json --inspection-rate 0.001 --mess-rate 0.002,0.2882097139379014,6,0,19,0,0,6,0,119,0,0,111,0,0,0,19,119,111,0,62,42,46,0,0,0,153,0,0,0,0,62,153,327,0,42,0,327,0,0,0,46,0,0,0,0
project/sim_ext.py --sim-time 1.5 --seq-graph project/file/graph_15_nodes.json --traffic project/file/traffic_15_nodes_random.json --inspection-rate 0.001 --mess-rate 0.002,0.289365000001,6,0,11,0,0,6,0,119,0,0,108,0,0,0,11,119,108,0,58,42,35,0,0,0,152,0,0,0,0,58,152,327,0,42,0,327,0,0,0,35,0,0,0,0
project/sim_ext.py --sim-time 1.5 --seq-graph project/file/graph_15_nodes.json --traffic project/file/traffic_15_nodes_random.json --inspection-rate 0.001 --mess-rate 0.002,0.290744999989,6,0,6,0,0,6,0,119,0,0,108,0,0,0,6,119,108,0,57,42,31,0,0,0,151,0,0,0,0,57,151,327,0,42,0,327,0,0,0,31,0,0,0,0
project/sim_ext.py --sim-time 1.5 --seq-graph project/file/graph_15_nodes.json --traffic project/file/traffic_15_nodes_random.json --inspection-rate 0.001 --mess-rate 0.002,0.291894000001,6,0,3,0,0,6,0,119,0,0,108,0,0,0,3,119,108,0,57,42,30,0,0,0,147,0,0,0,0,57,147,327,0,42,0,327,0,0,0,30,0,0,0,0
project/sim_ext.py --sim-time 1.5 --seq-graph project/file/graph_15_nodes.json --traffic project/file/traffic_15_nodes_random.json --inspection-rate 0.001 --mess-rate 0.002,0.292928000001,6,0,0,0,0,6,0,119,0,0,108,0,0,0,0,119,108,0,50,42,21,0,0,0,145,0,0,0,0,50,145,327,0,42,0,327,0,0,0,21,0,0,0,0
project/sim_ext.py --sim-time 1.5 --seq-graph project/file/graph_15_nodes.json --traffic project/file/traffic_15_nodes_random.json --inspection-rate 0.001 --mess-rate 0.002,0.293935000001,6,0,0,0,0,6,0,119,0,0,99,0,0,0,0,119,99,0,49,42,17,0,0,0,142,0,0,0,0,49,142,327,0,42,0,327,0,0,0,17,0,0,0,0
project/sim_ext.py --sim-time 1.5 --seq-graph project/file/graph_15_nodes.json --traffic project/file/traffic_15_nodes_random.json --inspection-rate 0.001 --mess-rate 0.002,0.295055999997,6,0,0,0,0,6,0,119,0,0,96,0,0,0,0,119,96,0,46,42,10,0,0,0,142,0,0,0,0,46,142,327,0,42,0,327,0,0,0,10,0,0,0,0
project/sim_ext.py --sim-time 1.5 --seq-graph project/file/graph_15_nodes.json --traffic project/file/traffic_15_nodes_random.json --inspection-rate 0.001 --mess-rate 0.002,0.296064999997,79,71,70,70,69,78,69,199,70,69,169,69,70,69,70,199,169,69,123,122,0,70,70,69,220,69,69,71,69,123,220,407,70,122,69,407,69,69,69,1,70,69,69,70
project/sim_ext.py --sim-time 1.5 --seq-graph project/file/graph_15_nodes.json --traffic project/file/traffic_15_nodes_random.json --inspection-rate 0.001 --mess-rate 0.002,0.297065599997,46,57,65,26,53,46,32,186,57,32,159,48,37,41,65,186,159,46,122,106,0,39,26,46,220,68,49,47,48,122,220,407,44,106,68,407,49,37,41,0,44,53,39,47
project/sim_ext.py --sim-time 1.5 --seq-graph project/file/graph_15_nodes.json --traffic project/file/traffic_15_nodes_random.json --inspection-rate 0.001 --mess-rate 0.002,0.29817000000099997,40,55,62,17,49,40,28,186,55,28,154,42,29,39,62,186,154,43,120,106,0,33,17,43,214,62,43,39,42,120,214,407,34,106,62,407,43,29,40,0,34,49,33,39
project/sim_ext.py --sim-time 1.5 --seq-graph project/file/graph_15_nodes.json --traffic project/file/traffic_15_nodes_random.json --inspection-rate 0.001 --mess-rate 0.002,0.299264999997,24,50,61,0,45,25,14,180,51,15,148,40,19,29,61,180,148,39,120,103,0,27,0,39,214,60,32,34,40,120,214,407,34,103,60,407,32,19,29,0,34,45,27,34
project/sim_ext.py --sim-time 1.5 --seq-graph project/file/graph_15_nodes.json --traffic project/file/traffic_15_nodes_random.json --inspection-rate 0.001 --mess-rate 0.002,0.300355000001,23,50,57,0,39,23,10,176,50,10,141,36,10,21,57,176,141,36,117,94,0,23,0,36,211,60,26,32,36,117,211,407,21,94,60,407,26,10,21,0,21,39,23,32
project/sim_ext.py --sim-time 1.5 --seq-graph project/file/graph_15_nodes.json --traffic project/file/traffic_15_nodes_random.json --inspection-rate 0.001 --mess-rate 0.002,0.301487999997,22,44,57,0,36,22,0,176,44,0,140,29,1,14,57,176,140,36,116,91,0,21,0,36,211,45,22,31,29,116,211,395,20,91,45,395,22,1,13,0,20,36,21,31
project/sim_ext.py --sim-time 1.5 --seq-graph project/file/graph_15_nodes.json --traffic project/file/traffic_15_nodes_random.json --inspection-rate 0.001 --mess-rate 0.002,0.302543999997,7,43,48,0,21,7,0,176,43,0,138,26,0,11,48,175,138,36,113,91,0,18,0,36,211,44,16,29,26,113,211,393,11,91,44,393,16,0,11,0,11,21,18,29
project/sim_ext.py --sim-time 1.5 --seq-graph project/file/graph_15_nodes.json --traffic project/file/traffic_15_nodes_random.json --inspection-rate 0.001 --mess-rate 0.002,0.30364100000099997,0,43,45,0,17,0,0,159,43,0,136,24,0,11,45,159,136,33,113,76,0,8,0,33,211,36,12,29,23,113,211,390,9,76,36,390,12,0,11,0,9,17,8,29
project/sim_ext.py --sim-time 1.5 --seq-graph project/file/graph_15_nodes.json --traffic project/file/traffic_15_nodes_random.json --inspection-rate 0.001 --mess-rate 0.002,0.304777599997,0,43,44,0,14,0,0,159,43,0,134,16,0,0,44,159,134,32,113,76,0,8,0,32,205,36,5,29,16,113,205,390,1,76,36,390,5,0,0,0,1,14,8,29
project/sim_ext.py --sim-time 1.5 --seq-graph project/file/graph_15_nodes.json --traffic project/file/traffic_15_nodes_random.json --inspection-rate 0.001 --mess-rate 0.002,0.3059093468093836,0,37,39,0,11,0,0,159,37,0,134,13,0,0,40,159,134,29,113,76,0,8,0,29,203,36,3,29,13,113,203,390,0,76,36,390,3,0,0,0,0,11,8,29
project/sim_ext.py --sim-time 1.5 --seq-graph project/file/graph_15_nodes.json --traffic project/file/traffic_15_nodes_random.json --inspection-rate 0.001 --mess-rate 0.002,0.3069651579609946,0,37,38,0,11,0,0,145,37,0,134,11,0,0,38,145,134,29,113,54,0,0,0,29,201,22,0,17,11,113,201,386,0,54,22,386,0,0,0,0,0,11,0,17
project/sim_ext.py --sim-time 1.5 --seq-graph project/file/graph_15_nodes.json --traffic project/file/traffic_15_nodes_random.json --inspection-rate 0.001 --mess-rate 0.002,0.308085000001,0,37,34,0,11,0,0,143,37,0,134,11,0,0,34,143,134,26,113,44,0,0,0,26,198,19,0,11,11,113,198,386,0,44,19,386,0,0,0,0,0,11,0,11
project/sim_ext.py --sim-time 1.5 --seq-graph project/file/graph_15_nodes.json --traffic project/file/traffic_15_nodes_random.json --inspection-rate 0.001 --mess-rate 0.002,0.309185399997,0,37,33,0,1,0,0,133,37,0,134,3,0,0,33,133,134,22,106,36,0,0,0,22,194,18,0,7,3,106,194,386,0,36,18,386,0,0,0,0,0,1,0,7
project/sim_ext.py --sim-time 1.5 --seq-graph project/file/graph_15_nodes.json --traffic project/file/traffic_15_nodes_random.json --inspection-rate 0.001 --mess-rate 0.002,0.310303000001,0,27,29,0,0,0,0,129,27,0,134,2,0,0,29,129,134,21,105,33,0,0,0,21,192,18,0,5,2,105,192,386,0,33,18,386,0,0,0,0,0,0,0,5
project/sim_ext.py --sim-time 1.5 --seq-graph project/file/graph_15_nodes.json --traffic project/file/traffic_15_nodes_random.json --inspection-rate 0.001 --mess-rate 0.002,0.31138200000099997,0,24,27,0,0,0,0,125,24,0,134,0,0,0,27,125,134,21,103,30,0,0,0,21,192,18,0,0,0,103,192,386,0,30,18,386,0,0,0,0,0,0,0,0
project/sim_ext.py --sim-time 1.5 --seq-graph project/file/graph_15_nodes.json --traffic project/file/traffic_15_nodes_random.json --inspection-rate 0.001 --mess-rate 0.002,0.3124303046376077,0,22,26,0,0,0,0,124,22,0,129,0,0,0,26,124,129,17,103,19,0,0,0,17,187,8,0,0,0,103,187,386,0,19,8,386,0,0,0,0,0,0,0,0
project/sim_ext.py --sim-time 1.5 --seq-graph project/file/graph_15_nodes.json --traffic project/file/traffic_15_nodes_random.json --inspection-rate 0.001 --mess-rate 0.002,0.313538000001,0,19,23,0,0,0,0,119,19,0,129,0,0,0,23,119,129,16,100,15,0,0,0,16,185,6,0,0,0,100,185,386,0,15,6,386,0,0,0,0,0,0,0,0
project/sim_ext.py --sim-time 1.5 --seq-graph project/file/graph_15_nodes.json --traffic project/file/traffic_15_nodes_random.json --inspection-rate 0.001 --mess-rate 0.002,0.3145984174962612,0,19,21,0,0,0,0,114,19,0,128,0,0,0,21,114,128,8,99,13,0,0,0,8,183,6,0,0,0,99,183,386,0,12,6,386,0,0,0,0,0,0,0,0
project/sim_ext.py --sim-time 1.5 --seq-graph project/file/graph_15_nodes.json --traffic project/file/traffic_15_nodes_random.json --inspection-rate 0.001 --mess-rate 0.002,0.31569561586919104,0,18,21,0,0,0,0,107,19,0,128,0,0,0,21,107,128,8,99,10,0,0,0,8,183,4,0,0,0,99,183,386,0,10,4,386,0,0,0,0,0,0,0,0
project/sim_ext.py --sim-time 1.5 --seq-graph project/file/graph_15_nodes.json --traffic project/file/traffic_15_nodes_random.json --inspection-rate 0.001 --mess-rate 0.002,0.31677016022077437,0,11,21,0,0,0,0,104,11,0,128,0,0,0,21,104,128,6,93,8,0,0,0,6,183,4,0,0,0,93,183,386,0,8,4,386,0,0,0,0,0,0,0,0
project/sim_ext.py --sim-time 1.5 --seq-graph project/file/graph_15_nodes.json --traffic project/file/traffic_15_nodes_random.json --inspection-rate 0.001 --mess-rate 0.002,0.31783886934088756,0,8,16,0,0,0,0,101,8,0,123,0,0,0,16,101,123,6,92,8,0,0,0,6,179,4,0,0,0,92,179,386,0,8,4,386,0,0,0,0,0,0,0,0
project/sim_ext.py --sim-time 1.5 --seq-graph project/file/graph_15_nodes.json --traffic project/file/traffic_15_nodes_random.json --inspection-rate 0.001 --mess-rate 0.002,0.31885425190957045,0,2,12,0,0,0,0,100,2,0,121,0,0,0,12,100,121,6,88,8,0,0,0,6,178,4,0,0,0,88,178,386,0,8,4,386,0,0,0,0,0,0,0,0
project/sim_ext.py --sim-time 1.5 --seq-graph project/file/graph_15_nodes.json --traffic project/file/traffic_15_nodes_random.json --inspection-rate 0.001 --mess-rate 0.002,0.319934799997,0,0,11,0,0,0,0,98,0,0,121,0,0,0,11,98,121,1,85,0,0,0,0,1,178,2,0,0,0,85,178,386,0,0,2,386,0,0,0,0,0,0,0,0
project/sim_ext.py --sim-time 1.5 --seq-graph project/file/graph_15_nodes.json --traffic project/file/traffic_15_nodes_random.json --inspection-rate 0.001 --mess-rate 0.002,0.320968000001,0,0,11,0,0,0,0,91,0,0,121,0,0,0,11,91,121,0,82,0,0,0,0,0,175,0,0,0,0,82,175,386,0,0,0,386,0,0,0,0,0,0,0,0
project/sim_ext.py --sim-time 1.5 --seq-graph project/file/graph_15_nodes.json --traffic project/file/traffic_15_nodes_random.json --inspection-rate 0.001 --mess-rate 0.002,0.32206813508672644,0,0,11,0,0,0,0,91,0,0,121,0,0,0,11,91,121,0,79,0,0,0,0,0,175,0,0,0,0,79,175,386,0,0,0,386,0,0,0,0,0,0,0,0
project/sim_ext.py --sim-time 1.5 --seq-graph project/file/graph_15_nodes.json --traffic project/file/traffic_15_nodes_random.json --inspection-rate 0.001 --mess-rate 0.002,0.323125000001,0,0,11,0,0,0,0,91,0,0,119,0,0,0,11,91,119,0,78,0,0,0,0,0,175,0,0,0,0,78,175,386,0,0,0,386,0,0,0,0,0,0,0,0
project/sim_ext.py --sim-time 1.5 --seq-graph project/file/graph_15_nodes.json --traffic project/file/traffic_15_nodes_random.json --inspection-rate 0.001 --mess-rate 0.002,0.324220799997,0,0,3,0,0,0,0,91,0,0,119,0,0,0,3,91,119,0,76,0,0,0,0,0,175,0,0,0,0,76,175,386,0,0,0,386,0,0,0,0,0,0,0,0
project/sim_ext.py --sim-time 1.5 --seq-graph project/file/graph_15_nodes.json --traffic project/file/traffic_15_nodes_random.json --inspection-rate 0.001 --mess-rate 0.002,0.3253049509670606,0,0,0,0,0,0,0,91,0,0,119,0,0,0,0,91,119,0,76,0,69,0,0,0,169,0,0,0,0,76,169,386,0,0,0,386,0,0,0,70,0,0,0,0
project/sim_ext.py --sim-time 1.5 --seq-graph project/file/graph_15_nodes.json --traffic project/file/traffic_15_nodes_random.json --inspection-rate 0.001 --mess-rate 0.002,0.326364999985,0,0,0,0,0,0,0,80,0,0,119,0,0,0,0,80,119,0,76,0,56,0,0,0,168,0,0,0,0,76,168,386,0,0,0,386,0,0,0,56,0,0,0,0
project/sim_ext.py --sim-time 1.5 --seq-graph project/file/graph_15_nodes.json --traffic project/file/traffic_15_nodes_random.json --inspection-rate 0.001 --mess-rate 0.002,0.3274173549002498,46,59,80,37,51,46,0,143,59,0,199,50,53,50,80,143,199,67,156,49,40,0,37,67,167,46,39,58,50,156,167,451,39,49,46,451,39,53,50,40,39,51,0,58
project/sim_ext.py --sim-time 1.5 --seq-graph project/file/graph_15_nodes.json --traffic project/file/traffic_15_nodes_random.json --inspection-rate 0.001 --mess-rate 0.002,0.328419199997,41,59,80,30,49,41,0,138,59,0,199,50,53,50,80,139,199,62,156,42,32,0,30,62,165,41,29,49,50,156,165,447,33,42,41,447,29,53,50,32,33,48,0,49
project/sim_ext.py --sim-time 1.5 --seq-graph project/file/graph_15_nodes.json --traffic project/file/traffic_15_nodes_random.json --inspection-rate 0.001 --mess-rate 0.002,0.329466599997,33,59,80,21,44,33,0,133,59,0,193,40,43,43,80,133,193,58,156,42,28,0,21,58,165,41,22,43,40,156,165,447,29,42,41,447,22,42,42,27,29,44,0,43
project/sim_ext.py --sim-time 1.5 --seq-graph project/file/graph_15_nodes.json --traffic project/file/traffic_15_nodes_random.json --inspection-rate 0.001 --mess-rate 0.002,0.330518000001,26,50,75,9,41,26,0,125,50,0,193,27,38,33,75,125,193,58,156,32,23,0,9,58,163,30,17,35,27,156,163,442,23,32,30,442,17,38,33,23,23,41,0,35
project/sim_ext.py --sim-time 1.5 --seq-graph project/file/graph_15_nodes.json --traffic project/file/traffic_15_nodes_random.json --inspection-rate 0.001 --mess-rate 0.002,0.331677000001,26,49,73,9,33,26,0,125,49,0,192,24,34,28,73,125,192,58,156,32,23,0,9,58,161,30,17,35,24,156,161,441,19,32,30,441,17,34,28,23,19,32,0,35
project/sim_ext.py --sim-time 1.5 --seq-graph project/file/graph_15_nodes.json --traffic project/file/traffic_15_nodes_random.json --inspection-rate 0.001 --mess-rate 0.002,0.332704999978,26,45,73,3,27,26,0,125,45,0,191,17,26,23,73,125,191,58,156,32,23,0,3,58,161,24,13,35,17,156,161,436,10,32,24,436,13,26,23,23,10,27,0,35
project/sim_ext.py --sim-time 1.5 --seq-graph project/file/graph_15_nodes.json --traffic project/file/traffic_15_nodes_random.json --inspection-rate 0.001 --mess-rate 0.002,0.333740000001,12,43,73,0,27,12,0,125,43,0,190,14,20,16,73,125,190,58,156,32,23,0,0,58,158,20,9,24,14,156,158,434,7,32,20,434,9,20,16,23,7,27,0,24
project/sim_ext.py --sim-time 1.5 --seq-graph project/file/graph_15_nodes.json --traffic project/file/traffic_15_nodes_random.json --inspection-rate 0.001 --mess-rate 0.002,0.334819000001,12,41,66,0,23,12,0,105,41,0,187,8,17,7,66,105,187,56,156,11,5,0,0,57,157,7,3,18,8,156,157,433,5,11,7,433,3,17,7,5,5,23,0,18
project/sim_ext.py --sim-time 1.5 --seq-graph project/file/graph_15_nodes.json --traffic project/file/traffic_15_nodes_random.json --inspection-rate 0.001 --mess-rate 0.002,0.335964000001,9,36,66,0,20,8,0,102,36,0,187,8,12,0,66,102,187,45,156,4,3,0,0,46,154,0,0,7,8,156,154,431,3,4,0,431,0,12,0,3,3,20,0,8
project/sim_ext.py --sim-time 1.5 --seq-graph project/file/graph_15_nodes.json --traffic project/file/traffic_15_nodes_random.json --inspection-rate 0.001 --mess-rate 0.002,0.33699700000099997,0,36,63,0,15,0,70,95,36,71,187,0,7,0,63,95,187,44,156,0,0,70,0,44,232,0,0,2,0,156,232,431,0,0,0,431,0,7,0,0,0,15,71,1
project/sim_ext.py --sim-time 1.5 --seq-graph project/file/graph_15_nodes.json --traffic project/file/traffic_15_nodes_random.json --inspection-rate 0.001 --mess-rate 0.002,0.338216000001,0,29,63,0,11,0,58,88,29,58,185,0,0,0,63,88,185,40,141,0,0,42,0,40,232,0,0,0,0,141,232,431,0,0,0,431,0,0,0,0,0,11,42,0
project/sim_ext.py --sim-time 1.5 --seq-graph project/file/graph_15_nodes.json --traffic project/file/traffic_15_nodes_random.json --inspection-rate 0.001 --mess-rate 0.002,0.339219999985,0,25,63,0,8,0,53,83,25,54,185,0,0,0,63,83,185,40,139,0,0,39,0,40,230,0,0,0,0,139,230,431,0,0,0,431,0,0,0,0,0,8,39,0
project/sim_ext.py --sim-time 1.5 --seq-graph project/file/graph_15_nodes.json --traffic project/file/traffic_15_nodes_random.json --inspection-rate 0.001 --mess-rate 0.002,0.34077300000099997,0,19,54,0,0,0,45,78,19,45,180,0,0,0,54,78,180,40,134,0,0,28,0,40,230,0,0,0,0,134,230,431,0,0,0,431,0,0,0,0,0,0,28,0
project/sim_ext.py --sim-time 1.5 --seq-graph project/file/graph_15_nodes.json --traffic project/file/traffic_15_nodes_random.json --inspection-rate 0.001 --mess-rate 0.002,0.341792000001,0,19,54,0,0,0,44,78,19,44,179,0,0,0,54,78,179,40,134,0,0,24,0,40,230,0,0,0,0,134,230,431,0,0,0,431,0,0,0,0,0,0,24,0
project/sim_ext.py --sim-time 1.5 --seq-graph project/file/graph_15_nodes.json --traffic project/file/traffic_15_nodes_random.json --inspection-rate 0.001 --mess-rate 0.002,0.342818000001,0,10,52,0,0,0,44,76,10,44,179,0,0,0,52,76,179,40,132,0,0,21,0,40,227,0,0,0,0,132,227,431,0,0,0,431,0,0,0,0,0,0,21,0
project/sim_ext.py --sim-time 1.5 --seq-graph project/file/graph_15_nodes.json --traffic project/file/traffic_15_nodes_random.json --inspection-rate 0.001 --mess-rate 0.002,0.343854999985,0,7,52,0,0,0,44,76,7,44,176,0,0,0,52,76,176,40,132,0,0,21,0,40,227,0,0,0,0,132,227,431,0,0,0,431,0,0,0,0,0,0,21,0
project/sim_ext.py --sim-time 1.5 --seq-graph project/file/graph_15_nodes.json --traffic project/file/traffic_15_nodes_random.json --inspection-rate 0.001 --mess-rate 0.002,0.344859000001,0,4,51,0,0,0,44,73,4,44,176,0,0,0,51,73,176,26,132,0,0,11,0,26,227,0,0,0,0,132,227,431,0,0,0,431,0,0,0,0,0,0,11,0
project/sim_ext.py --sim-time 1.5 --seq-graph project/file/graph_15_nodes.json --traffic project/file/traffic_15_nodes_random.json --inspection-rate 0.001 --mess-rate 0.002,0.346106000001,0,4,48,0,0,0,32,73,4,33,176,0,0,0,48,73,176,21,132,0,0,6,0,21,222,0,0,0,0,132,222,431,0,0,0,431,0,0,0,0,0,0,6,0
project/sim_ext.py --sim-time 1.5 --seq-graph project/file/graph_15_nodes.json --traffic project/file/traffic_15_nodes_random.json --inspection-rate 0.001 --mess-rate 0.002,0.3474074255168186,0,4,48,0,0,0,27,71,4,28,176,0,0,0,48,70,176,19,127,0,0,0,0,19,222,0,0,0,0,127,222,431,0,0,0,431,0,0,0,0,0,0,0,0
project/sim_ext.py --sim-time 1.5 --seq-graph project/file/graph_15_nodes.json --traffic project/file/traffic_15_nodes_random.json --inspection-rate 0.001 --mess-rate 0.002,0.348754000001,0,0,46,0,0,0,22,67,0,22,176,0,0,0,46,67,176,15,123,0,0,0,0,15,218,0,0,0,0,123,218,431,0,0,0,431,0,0,0,0,0,0,0,0
project/sim_ext.py --sim-time 1.5 --seq-graph project/file/graph_15_nodes.json --traffic project/file/traffic_15_nodes_random.json --inspection-rate 0.001 --mess-rate 0.002,0.350247000001,0,0,39,0,0,0,20,67,0,20,173,0,0,0,39,67,172,14,122,0,0,0,0,14,218,0,0,0,0,122,218,431,0,0,0,431,0,0,0,0,0,0,0,0
project/sim_ext.py --sim-time 1.5 --seq-graph project/file/graph_15_nodes.json --traffic project/file/traffic_15_nodes_random.json --inspection-rate 0.001 --mess-rate 0.002,0.35149539999699997,0,0,37,0,0,0,18,67,0,18,170,0,0,0,37,67,170,13,120,0,0,0,0,13,218,0,0,0,0,120,218,431,0,0,0,431,0,0,0,0,0,0,0,0
project/sim_ext.py --sim-time 1.5 --seq-graph project/file/graph_15_nodes.json --traffic project/file/traffic_15_nodes_random.json --inspection-rate 0.001 --mess-rate 0.002,0.352578000001,0,0,34,0,0,0,18,67,0,18,170,0,0,0,34,67,170,8,118,0,0,0,0,8,216,0,0,0,0,118,216,431,0,0,0,431,0,0,0,0,0,0,0,0
project/sim_ext.py --sim-time 1.5 --seq-graph project/file/graph_15_nodes.json --traffic project/file/traffic_15_nodes_random.json --inspection-rate 0.001 --mess-rate 0.002,0.353716066175781,0,0,34,0,0,0,18,67,0,18,167,0,0,0,34,67,167,6,116,0,0,0,0,6,211,0,0,0,0,115,211,431,0,0,0,431,0,0,0,0,0,0,0,0
project/sim_ext.py --sim-time 1.5 --seq-graph project/file/graph_15_nodes.json --traffic project/file/traffic_15_nodes_random.json --inspection-rate 0.001 --mess-rate 0.002,0.354804999985,0,0,30,0,0,0,7,67,0,7,165,0,0,0,30,67,165,3,113,0,0,0,0,3,211,0,0,0,0,113,211,431,0,0,0,431,0,0,0,0,0,0,0,0
project/sim_ext.py --sim-time 1.5 --seq-graph project/file/graph_15_nodes.json --traffic project/file/traffic_15_nodes_random.json --inspection-rate 0.001 --mess-rate 0.002,0.355834999981,0,0,29,0,0,0,7,67,0,7,165,0,0,0,29,67,165,3,109,0,0,0,0,3,204,0,0,0,0,109,204,431,0,0,0,431,0,0,0,0,0,0,0,0
project/sim_ext.py --sim-time 1.5 --seq-graph project/file/graph_15_nodes.json --traffic project/file/traffic_15_nodes_random.json --inspection-rate 0.001 --mess-rate 0.002,0.356849000001,0,0,28,0,0,0,7,67,0,7,165,0,0,0,28,67,165,3,107,0,0,0,0,3,204,0,0,0,0,107,204,431,0,0,0,431,0,0,0,0,0,0,0,0
project/sim_ext.py --sim-time 1.5 --seq-graph project/file/graph_15_nodes.json --traffic project/file/traffic_15_nodes_random.json --inspection-rate 0.001 --mess-rate 0.002,0.35785069038946243,0,0,26,0,0,0,7,67,0,7,162,0,0,0,26,67,162,0,103,0,0,0,0,0,202,0,0,0,0,103,202,431,0,0,0,431,0,0,0,0,0,0,0,0
project/sim_ext.py --sim-time 1.5 --seq-graph project/file/graph_15_nodes.json --traffic project/file/traffic_15_nodes_random.json --inspection-rate 0.001 --mess-rate 0.002,0.358921599997,0,0,23,0,0,0,7,67,0,7,162,0,0,0,23,67,162,0,101,0,0,0,0,0,202,0,0,0,0,101,202,431,0,0,0,431,0,0,0,0,0,0,0,0
project/sim_ext.py --sim-time 1.5 --seq-graph project/file/graph_15_nodes.json --traffic project/file/traffic_15_nodes_random.json --inspection-rate 0.001 --mess-rate 0.002,0.3599771089919881,0,0,18,0,0,0,7,67,0,7,162,0,0,0,18,67,162,0,98,0,0,0,0,0,202,0,0,0,0,98,202,431,0,0,0,431,0,0,0,0,0,0,0,0
project/sim_ext.py --sim-time 1.5 --seq-graph project/file/graph_15_nodes.json --traffic project/file/traffic_15_nodes_random.json --inspection-rate 0.001 --mess-rate 0.002,0.361003000001,0,0,16,0,0,0,0,67,0,0,162,0,0,0,16,67,162,0,98,0,0,0,0,0,200,0,0,0,0,98,200,431,0,0,0,431,0,0,0,0,0,0,0,0
project/sim_ext.py --sim-time 1.5 --seq-graph project/file/graph_15_nodes.json --traffic project/file/traffic_15_nodes_random.json --inspection-rate 0.001 --mess-rate 0.002,0.362117000001,0,0,16,0,0,0,0,67,0,0,162,0,0,0,16,67,162,0,96,0,0,0,0,0,200,0,0,0,0,96,200,431,0,0,0,431,0,0,0,0,0,0,0,0
project/sim_ext.py --sim-time 1.5 --seq-graph project/file/graph_15_nodes.json --traffic project/file/traffic_15_nodes_random.json --inspection-rate 0.001 --mess-rate 0.002,0.363129000001,0,0,14,0,0,0,0,67,0,0,162,0,0,0,14,67,162,0,95,0,0,0,0,0,200,0,0,0,0,95,200,431,0,0,0,431,0,0,0,0,0,0,0,0
project/sim_ext.py --sim-time 1.5 --seq-graph project/file/graph_15_nodes.json --traffic project/file/traffic_15_nodes_random.json --inspection-rate 0.001 --mess-rate 0.002,0.364133000001,0,0,13,0,0,0,0,67,0,0,162,0,0,0,13,67,162,0,93,0,0,0,0,0,193,0,0,0,0,93,193,431,0,0,0,431,0,0,0,0,0,0,0,0
project/sim_ext.py --sim-time 1.5 --seq-graph project/file/graph_15_nodes.json --traffic project/file/traffic_15_nodes_random.json --inspection-rate 0.001 --mess-rate 0.002,0.3651901007108459,0,0,13,0,0,0,0,67,0,0,157,0,0,0,13,67,157,0,93,0,0,0,0,0,193,0,0,0,0,93,193,431,0,0,0,431,0,0,0,0,0,0,0,0
project/sim_ext.py --sim-time 1.5 --seq-graph project/file/graph_15_nodes.json --traffic project/file/traffic_15_nodes_random.json --inspection-rate 0.001 --mess-rate 0.002,0.366201000001,0,0,9,0,0,0,0,67,0,0,156,0,0,0,9,67,156,0,89,0,0,0,0,0,191,0,0,0,0,89,191,431,0,0,0,431,0,0,0,0,0,0,0,0
project/sim_ext.py --sim-time 1.5 --seq-graph project/file/graph_15_nodes.json --traffic project/file/traffic_15_nodes_random.json --inspection-rate 0.001 --mess-rate 0.002,0.367695999997,72,73,89,73,73,73,72,143,74,73,235,72,73,72,89,142,235,73,169,73,0,72,74,74,269,72,73,72,73,169,269,511,72,74,73,511,74,74,73,0,72,74,73,73
project/sim_ext.py --sim-time 1.5 --seq-graph project/file/graph_15_nodes.json --traffic project/file/traffic_15_nodes_random.json --inspection-rate 0.001 --mess-rate 0.002,0.36870719999699997,19,59,84,25,43,19,12,110,59,12,235,41,38,42,84,110,235,64,167,38,58,43,25,64,266,30,35,38,41,167,266,511,38,37,29,511,36,38,42,58,38,43,43,38
project/sim_ext.py --sim-time 1.5 --seq-graph project/file/graph_15_nodes.json --traffic project/file/traffic_15_nodes_random.json --inspection-rate 0.001 --mess-rate 0.002,0.369748000001,10,56,83,18,34,10,0,102,56,0,235,34,28,31,83,102,235,61,165,32,50,37,18,61,264,25,32,30,34,165,264,511,34,32,25,511,32,28,31,50,34,34,37,29
project/sim_ext.py --sim-time 1.5 --seq-graph project/file/graph_15_nodes.json --traffic project/file/traffic_15_nodes_random.json --inspection-rate 0.001 --mess-rate 0.002,0.370883199997,1,53,79,12,29,1,0,88,53,0,235,27,25,23,79,88,235,58,165,10,41,27,12,58,261,17,21,25,27,165,261,500,30,10,17,500,21,25,23,41,30,29,27,24
project/sim_ext.py --sim-time 1.5 --seq-graph project/file/graph_15_nodes.json --traffic project/file/traffic_15_nodes_random.json --inspection-rate 0.001 --mess-rate 0.002,0.37197539999699997,0,51,74,4,24,0,0,84,51,0,235,20,20,18,74,84,235,57,162,0,36,19,4,57,259,3,10,15,20,162,259,498,20,0,3,498,10,20,18,36,20,24,19,15
project/sim_ext.py --sim-time 1.5 --seq-graph project/file/graph_15_nodes.json --traffic project/file/traffic_15_nodes_random.json --inspection-rate 0.001 --mess-rate 0.002,0.373171000001,0,51,72,1,22,0,0,80,51,0,232,16,18,14,72,80,232,54,156,0,29,12,1,54,259,0,1,14,16,156,259,497,15,0,0,497,1,18,14,29,15,22,12,14
project/sim_ext.py --sim-time 1.5 --seq-graph project/file/graph_15_nodes.json --traffic project/file/traffic_15_nodes_random.json --inspection-rate 0.001 --mess-rate 0.002,0.37443400000099997,0,43,72,0,14,0,0,75,43,0,230,12,14,8,72,75,230,54,155,0,29,7,0,54,256,0,0,3,12,155,256,495,10,0,0,495,0,14,8,29,10,14,7,3
project/sim_ext.py --sim-time 1.5 --seq-graph project/file/graph_15_nodes.json --traffic project/file/traffic_15_nodes_random.json --inspection-rate 0.001 --mess-rate 0.002,0.375518799997,0,41,71,0,14,0,0,69,41,0,230,4,5,0,71,68,230,54,151,0,19,0,0,54,256,0,0,3,4,151,256,492,3,0,0,492,0,5,0,19,3,14,0,3
project/sim_ext.py --sim-time 1.5 --seq-graph project/file/graph_15_nodes.json --traffic project/file/traffic_15_nodes_random.json --inspection-rate 0.001 --mess-rate 0.002,0.3766788839628342,0,37,69,0,2,0,0,68,37,0,230,0,5,0,69,68,230,54,150,0,12,0,0,54,256,0,0,0,0,150,256,490,0,0,0,490,0,5,0,12,0,2,0,0
project/sim_ext.py --sim-time 1.5 --seq-graph project/file/graph_15_nodes.json --traffic project/file/traffic_15_nodes_random.json --inspection-rate 0.001 --mess-rate 0.002,0.37783497676851774,0,30,63,0,0,0,0,68,30,0,230,0,0,0,63,68,230,54,149,0,12,0,0,54,256,0,0,0,0,149,256,490,0,0,0,490,0,0,0,12,0,0,0,0
project/sim_ext.py --sim-time 1.5 --seq-graph project/file/graph_15_nodes.json --traffic project/file/traffic_15_nodes_random.json --inspection-rate 0.001 --mess-rate 0.002,0.3788833646453518,0,26,61,0,0,0,0,62,26,0,230,0,0,0,61,63,230,54,149,0,5,0,0,54,254,0,0,0,0,149,254,490,0,0,0,490,0,0,0,4,0,0,0,0
project/sim_ext.py --sim-time 1.5 --seq-graph project/file/graph_15_nodes.json --traffic project/file/traffic_15_nodes_random.json --inspection-rate 0.001 --mess-rate 0.002,0.379982000001,0,20,61,0,0,0,0,59,20,0,230,0,0,0,61,59,230,54,146,0,3,0,0,54,252,0,0,0,0,146,252,490,0,0,0,490,0,0,0,3,0,0,0,0
project/sim_ext.py --sim-time 1.5 --seq-graph project/file/graph_15_nodes.json --traffic project/file/traffic_15_nodes_random.json --inspection-rate 0.001 --mess-rate 0.002,0.381120999997,0,18,61,0,0,0,0,55,18,0,230,0,0,0,61,55,230,54,146,0,0,0,0,54,250,0,0,0,0,146,250,490,0,0,0,490,0,0,0,0,0,0,0,0
project/sim_ext.py --sim-time 1.5 --seq-graph project/file/graph_15_nodes.json --traffic project/file/traffic_15_nodes_random.json --inspection-rate 0.001 --mess-rate 0.002,0.382146000001,0,12,61,0,0,0,0,55,12,0,230,0,0,0,61,55,230,54,144,0,0,0,0,54,250,0,0,0,0,144,250,490,0,0,0,490,0,0,0,0,0,0,0,0
project/sim_ext.py --sim-time 1.5 --seq-graph project/file/graph_15_nodes.json --traffic project/file/traffic_15_nodes_random.json --inspection-rate 0.001 --mess-rate 0.002,0.383219000001,0,10,49,0,0,0,0,55,10,0,230,0,0,0,49,55,230,44,143,0,0,0,0,44,247,0,0,0,0,143,247,490,0,0,0,490,0,0,0,0,0,0,0,0
project/sim_ext.py --sim-time 1.5 --seq-graph project/file/graph_15_nodes.json --traffic project/file/traffic_15_nodes_random.json --inspection-rate 0.001 --mess-rate 0.002,0.384305000001,0,10,46,0,0,0,0,55,10,0,230,0,0,0,46,55,230,40,139,0,0,0,0,40,247,0,0,0,0,139,247,490,0,0,0,490,0,0,0,0,0,0,0,0
project/sim_ext.py --sim-time 1.5 --seq-graph project/file/graph_15_nodes.json --traffic project/file/traffic_15_nodes_random.json --inspection-rate 0.001 --mess-rate 0.002,0.385327000001,0,2,44,0,0,0,0,55,3,0,226,0,0,0,44,55,226,40,136,0,0,0,0,40,242,0,0,0,0,136,242,490,0,0,0,490,0,0,0,0,0,0,0,0
project/sim_ext.py --sim-time 1.5 --seq-graph project/file/graph_15_nodes.json --traffic project/file/traffic_15_nodes_random.json --inspection-rate 0.001 --mess-rate 0.002,0.386364000001,0,2,39,0,0,0,0,55,2,0,226,0,0,0,39,55,226,38,132,0,0,0,0,38,241,0,0,0,0,132,241,490,0,0,0,490,0,0,0,0,0,0,0,0
project/sim_ext.py --sim-time 1.5 --seq-graph project/file/graph_15_nodes.json --traffic project/file/traffic_15_nodes_random.json --inspection-rate 0.001 --mess-rate 0.002,0.387477000001,0,0,33,0,0,0,0,55,0,0,224,0,0,0,33,55,224,37,130,0,0,0,0,37,240,0,0,0,0,130,240,490,0,0,0,490,0,0,0,0,0,0,0,0
project/sim_ext.py --sim-time 1.5 --seq-graph project/file/graph_15_nodes.json --traffic project/file/traffic_15_nodes_random.json --inspection-rate 0.001 --mess-rate 0.002,0.388513000001,0,0,31,0,0,0,0,55,0,0,224,0,0,0,31,55,224,35,129,0,0,0,0,35,239,0,0,0,0,129,239,490,0,0,0,490,0,0,0,0,0,0,0,0
project/sim_ext.py --sim-time 1.5 --seq-graph project/file/graph_15_nodes.json --traffic project/file/traffic_15_nodes_random.json --inspection-rate 0.001 --mess-rate 0.002,0.3895698119801094,0,0,31,0,0,0,0,55,0,0,224,0,0,0,31,55,224,33,129,0,0,0,0,33,236,0,0,0,0,129,236,490,0,0,0,490,0,0,0,0,0,0,0,0
project/sim_ext.py --sim-time 1.5 --seq-graph project/file/graph_15_nodes.json --traffic project/file/traffic_15_nodes_random.json --inspection-rate 0.001 --mess-rate 0.002,0.39062324320117037,0,0,31,0,0,0,0,55,0,0,224,0,0,0,31,55,224,31,129,0,0,0,0,31,232,0,0,0,0,129,232,490,0,0,0,490,0,0,0,0,0,0,0,0
project/sim_ext.py --sim-time 1.5 --seq-graph project/file/graph_15_nodes.json --traffic project/file/traffic_15_nodes_random.json --inspection-rate 0.001 --mess-rate 0.002,0.391685493326295,0,0,31,0,0,0,0,55,0,0,221,0,0,0,31,55,221,31,120,0,0,0,0,31,232,0,0,0,0,120,232,490,0,0,0,490,0,0,0,0,0,0,0,0
project/sim_ext.py --sim-time 1.5 --seq-graph project/file/graph_15_nodes.json --traffic project/file/traffic_15_nodes_random.json --inspection-rate 0.001 --mess-rate 0.002,0.392735000001,0,0,25,0,0,0,0,55,0,0,221,0,0,0,25,55,221,27,119,0,0,0,0,27,232,0,0,0,0,119,232,490,0,0,0,490,0,0,0,0,0,0,0,0
project/sim_ext.py --sim-time 1.5 --seq-graph project/file/graph_15_nodes.json --traffic project/file/traffic_15_nodes_random.json --inspection-rate 0.001 --mess-rate 0.002,0.39378300000099997,0,0,21,0,0,0,0,55,0,0,220,0,0,0,21,55,220,27,115,0,0,0,0,27,232,0,0,0,0,115,232,490,0,0,0,490,0,0,0,0,0,0,0,0
project/sim_ext.py --sim-time 1.5 --seq-graph project/file/graph_15_nodes.json --traffic project/file/traffic_15_nodes_random.json --inspection-rate 0.001 --mess-rate 0.002,0.394929000001,0,0,21,0,0,0,0,55,0,0,220,0,0,0,21,55,220,24,111,0,0,0,0,24,228,0,0,0,0,111,228,490,0,0,0,490,0,0,0,0,0,0,0,0
project/sim_ext.py --sim-time 1.5 --seq-graph project/file/graph_15_nodes.json --traffic project/file/traffic_15_nodes_random.json --inspection-rate 0.001 --mess-rate 0.002,0.396300000001,0,0,16,0,0,0,0,55,0,0,217,0,0,0,16,55,217,20,108,0,0,0,0,20,228,0,0,0,0,108,228,490,0,0,0,490,0,0,0,0,0,0,0,0
project/sim_ext.py --sim-time 1.5 --seq-graph project/file/graph_15_nodes.json --traffic project/file/traffic_15_nodes_random.json --inspection-rate 0.001 --mess-rate 0.002,0.3973522053966758,0,0,14,0,0,0,0,55,0,0,216,0,0,0,14,55,216,19,106,0,0,0,0,19,228,0,0,0,0,106,228,490,0,0,0,490,0,0,0,0,0,0,0,0
project/sim_ext.py --sim-time 1.5 --seq-graph project/file/graph_15_nodes.json --traffic project/file/traffic_15_nodes_random.json --inspection-rate 0.001 --mess-rate 0.002,0.398560999997,65,64,91,64,64,64,65,119,63,64,296,64,64,64,91,120,296,97,186,64,0,64,63,97,308,64,64,64,63,186,308,560,64,63,63,560,63,63,63,0,63,64,63,63
project/sim_ext.py --sim-time 1.5 --seq-graph project/file/graph_15_nodes.json --traffic project/file/traffic_15_nodes_random.json --inspection-rate 0.001 --mess-rate 0.002,0.39958079999699997,32,59,87,27,42,32,18,102,59,18,296,41,27,43,87,102,296,97,184,33,0,43,27,97,306,26,42,46,41,184,306,553,36,33,26,553,42,27,43,0,36,42,43,46
project/sim_ext.py --sim-time 1.5 --seq-graph project/file/graph_15_nodes.json --traffic project/file/traffic_15_nodes_random.json --inspection-rate 0.001 --mess-rate 0.002,0.40066300000099997,28,55,84,26,39,28,14,102,55,14,293,35,23,40,84,102,293,97,184,33,0,41,25,97,306,26,39,46,35,184,306,553,31,33,26,553,39,23,40,0,31,39,41,46
project/sim_ext.py --sim-time 1.5 --seq-graph project/file/graph_15_nodes.json --traffic project/file/traffic_15_nodes_random.json --inspection-rate 0.001 --mess-rate 0.002,0.40173119999699997,22,52,75,11,28,22,8,102,52,8,287,22,13,28,75,102,287,87,178,25,0,29,11,87,297,23,34,34,22,178,297,553,20,25,24,553,35,13,28,0,20,28,29,34
project/sim_ext.py --sim-time 1.5 --seq-graph project/file/graph_15_nodes.json --traffic project/file/traffic_15_nodes_random.json --inspection-rate 0.001 --mess-rate 0.002,0.402861000001,21,48,75,8,22,21,2,102,48,2,282,22,4,21,75,102,282,87,174,22,0,21,8,87,297,19,24,31,22,174,297,553,18,21,19,553,24,4,21,0,18,22,21,31
project/sim_ext.py --sim-time 1.5 --seq-graph project/file/graph_15_nodes.json --traffic project/file/traffic_15_nodes_random.json --inspection-rate 0.001 --mess-rate 0.002,0.403941000001,17,48,74,5,19,17,1,93,48,1,278,22,0,21,74,93,278,87,173,18,0,14,5,87,297,18,21,31,22,173,297,553,18,18,18,553,21,0,21,0,18,19,14,31
project/sim_ext.py --sim-time 1.5 --seq-graph project/file/graph_15_nodes.json --traffic project/file/traffic_15_nodes_random.json --inspection-rate 0.001 --mess-rate 0.002,0.405055000001,17,42,70,0,13,17,0,92,42,0,268,0,0,8,70,92,267,73,171,10,0,5,0,73,268,16,2,14,0,171,268,553,2,10,16,553,2,0,9,0,2,13,5,13
project/sim_ext.py --sim-time 1.5 --seq-graph project/file/graph_15_nodes.json --traffic project/file/traffic_15_nodes_random.json --inspection-rate 0.001 --mess-rate 0.002,0.40615779999699997,17,39,70,0,13,17,0,91,39,0,264,0,0,6,70,91,264,66,165,9,0,0,0,66,265,16,2,12,0,165,265,553,0,9,16,553,2,0,6,0,0,13,0,12
project/sim_ext.py --sim-time 1.5 --seq-graph project/file/graph_15_nodes.json --traffic project/file/traffic_15_nodes_random.json --inspection-rate 0.001 --mess-rate 0.002,0.407252000001,17,35,68,0,13,17,0,88,35,0,263,0,0,5,68,88,263,66,163,5,0,0,0,66,263,16,2,10,0,163,263,553,0,5,16,553,2,0,5,0,0,13,0,10
project/sim_ext.py --sim-time 1.5 --seq-graph project/file/graph_15_nodes.json --traffic project/file/traffic_15_nodes_random.json --inspection-rate 0.001 --mess-rate 0.002,0.408372199997,15,33,66,0,13,15,0,86,33,0,256,0,0,0,66,86,256,66,163,0,57,0,0,66,260,11,2,10,0,163,260,553,0,0,11,553,2,0,0,57,0,13,0,10
project/sim_ext.py --sim-time 1.5 --seq-graph project/file/graph_15_nodes.json --traffic project/file/traffic_15_nodes_random.json --inspection-rate 0.001 --mess-rate 0.002,0.409455000001,11,28,62,0,0,11,0,85,28,0,256,0,0,0,62,85,256,54,163,0,56,0,0,54,252,9,0,0,0,163,252,553,0,0,9,553,0,0,0,56,0,0,0,0
project/sim_ext.py --sim-time 1.5 --seq-graph project/file/graph_15_nodes.json --traffic project/file/traffic_15_nodes_random.json --inspection-rate 0.001 --mess-rate 0.002,0.410769999997,11,24,62,0,0,11,0,84,24,0,256,0,0,0,62,84,256,51,163,0,54,0,0,51,250,9,0,0,0,163,250,553,0,0,9,553,0,0,0,54,0,0,0,0
project/sim_ext.py --sim-time 1.5 --seq-graph project/file/graph_15_nodes.json --traffic project/file/traffic_15_nodes_random.json --inspection-rate 0.001 --mess-rate 0.002,0.412115000001,11,20,53,0,0,11,0,81,20,0,253,0,0,0,53,81,253,48,163,0,43,0,0,48,250,5,0,0,0,163,250,553,0,0,5,553,0,0,0,43,0,0,0,0
project/sim_ext.py --sim-time 1.5 --seq-graph project/file/graph_15_nodes.json --traffic project/file/traffic_15_nodes_random.json --inspection-rate 0.001 --mess-rate 0.002,0.41326500000099997,11,19,51,0,0,11,0,78,19,0,252,0,0,0,51,78,252,37,158,0,37,0,0,37,250,5,0,0,0,158,250,553,0,0,5,553,0,0,0,38,0,0,0,0
project/sim_ext.py --sim-time 1.5 --seq-graph project/file/graph_15_nodes.json --traffic project/file/traffic_15_nodes_random.json --inspection-rate 0.001 --mess-rate 0.002,0.414428000001,11,15,49,0,0,11,0,78,15,0,252,0,0,0,49,78,252,37,155,0,36,0,0,37,246,3,0,0,0,155,246,553,0,0,3,553,0,0,0,36,0,0,0,0
project/sim_ext.py --sim-time 1.5 --seq-graph project/file/graph_15_nodes.json --traffic project/file/traffic_15_nodes_random.json --inspection-rate 0.001 --mess-rate 0.002,0.415486799997,11,11,48,0,0,11,0,77,11,0,250,0,0,0,48,77,250,37,151,0,36,0,0,37,244,3,0,0,0,151,244,553,0,0,3,553,0,0,0,36,0,0,0,0
project/sim_ext.py --sim-time 1.5 --seq-graph project/file/graph_15_nodes.json --traffic project/file/traffic_15_nodes_random.json --inspection-rate 0.001 --mess-rate 0.002,0.416493799997,11,10,48,0,0,11,0,76,10,0,249,0,0,0,48,76,249,37,151,0,36,0,0,37,244,3,0,0,0,151,244,553,0,0,3,553,0,0,0,36,0,0,0,0
project/sim_ext.py --sim-time 1.5 --seq-graph project/file/graph_15_nodes.json --traffic project/file/traffic_15_nodes_random.json --inspection-rate 0.001 --mess-rate 0.002,0.41750800000099997,11,5,45,0,0,11,0,75,5,0,247,0,0,0,45,75,247,37,147,0,27,0,0,37,242,0,0,0,0,147,242,553,0,0,0,553,0,0,0,27,0,0,0,0
project/sim_ext.py --sim-time 1.5 --seq-graph project/file/graph_15_nodes.json --traffic project/file/traffic_15_nodes_random.json --inspection-rate 0.001 --mess-rate 0.002,0.418534000001,11,4,40,0,0,11,0,74,4,0,245,0,0,0,40,74,245,27,146,0,21,0,0,27,241,0,0,0,0,146,241,553,0,0,0,553,0,0,0,21,0,0,0,0
project/sim_ext.py --sim-time 1.5 --seq-graph project/file/graph_15_nodes.json --traffic project/file/traffic_15_nodes_random.json --inspection-rate 0.001 --mess-rate 0.002,0.419723599997,11,4,36,0,0,11,0,73,4,0,240,0,0,0,36,73,240,26,144,0,17,0,0,26,239,0,0,0,0,144,239,553,0,0,0,553,0,0,0,18,0,0,0,0
project/sim_ext.py --sim-time 1.5 --seq-graph project/file/graph_15_nodes.json --traffic project/file/traffic_15_nodes_random.json --inspection-rate 0.001 --mess-rate 0.002,0.42075700000099997,11,4,36,0,0,11,0,69,4,0,235,0,0,0,36,69,235,17,141,0,9,0,0,17,238,0,0,0,0,141,238,553,0,0,0,553,0,0,0,9,0,0,0,0
project/sim_ext.py --sim-time 1.5 --seq-graph project/file/graph_15_nodes.json --traffic project/file/traffic_15_nodes_random.json --inspection-rate 0.001 --mess-rate 0.002,0.421779000001,11,0,36,0,0,11,0,68,0,0,235,0,0,0,36,68,235,15,137,0,6,0,0,15,238,0,0,0,0,137,238,553,0,0,0,553,0,0,0,6,0,0,0,0
project/sim_ext.py --sim-time 1.5 --seq-graph project/file/graph_15_nodes.json --traffic project/file/traffic_15_nodes_random.json --inspection-rate 0.001 --mess-rate 0.002,0.422800000001,11,0,35,0,0,11,0,68,0,0,235,0,0,0,35,68,235,8,134,0,2,0,0,8,233,0,0,0,0,134,233,553,0,0,0,553,0,0,0,2,0,0,0,0
project/sim_ext.py --sim-time 1.5 --seq-graph project/file/graph_15_nodes.json --traffic project/file/traffic_15_nodes_random.json --inspection-rate 0.001 --mess-rate 0.002,0.4238239879013345,11,0,32,0,0,11,0,68,0,0,228,0,0,0,32,68,228,5,134,0,0,0,0,5,233,0,0,0,0,134,233,553,0,0,0,553,0,0,0,0,0,0,0,0
project/sim_ext.py --sim-time 1.5 --seq-graph project/file/graph_15_nodes.json --traffic project/file/traffic_15_nodes_random.json --inspection-rate 0.001 --mess-rate 0.002,0.424834999978,11,0,29,0,0,11,0,65,0,0,228,0,0,0,29,65,228,5,134,0,0,0,0,5,233,0,0,0,0,134,233,553,0,0,0,553,0,0,0,0,0,0,0,0
project/sim_ext.py --sim-time 1.5 --seq-graph project/file/graph_15_nodes.json --traffic project/file/traffic_15_nodes_random.json --inspection-rate 0.001 --mess-rate 0.002,0.425907000001,11,0,27,0,0,11,0,64,0,0,225,0,0,0,27,64,225,5,134,0,0,0,0,5,230,0,0,0,0,134,230,553,0,0,0,553,0,0,0,0,0,0,0,0
project/sim_ext.py --sim-time 1.5 --seq-graph project/file/graph_15_nodes.json --traffic project/file/traffic_15_nodes_random.json --inspection-rate 0.001 --mess-rate 0.002,0.426945000001,11,0,24,0,0,11,0,61,0,0,225,0,0,0,24,61,225,1,134,0,0,0,0,1,230,0,0,0,0,134,230,553,0,0,0,553,0,0,0,0,0,0,0,0
project/sim_ext.py --sim-time 1.5 --seq-graph project/file/graph_15_nodes.json --traffic project/file/traffic_15_nodes_random.json --inspection-rate 0.001 --mess-rate 0.002,0.428000999997,11,0,19,0,0,11,0,58,0,0,225,0,0,0,19,58,225,0,121,0,0,0,0,0,230,0,0,0,0,121,230,553,0,0,0,553,0,0,0,0,0,0,0,0
project/sim_ext.py --sim-time 1.5 --seq-graph project/file/graph_15_nodes.json --traffic project/file/traffic_15_nodes_random.json --inspection-rate 0.001 --mess-rate 0.002,0.42918499997799997,91,0,16,0,0,91,0,56,0,0,225,0,0,0,16,56,225,0,198,70,0,0,0,0,230,71,70,0,0,198,230,553,0,69,70,553,69,0,0,0,0,0,0,0
project/sim_ext.py --sim-time 1.5 --seq-graph project/file/graph_15_nodes.json --traffic project/file/traffic_15_nodes_random.json --inspection-rate 0.001 --mess-rate 0.002,0.430196000001,91,0,16,0,0,91,0,52,0,0,225,0,0,0,16,52,225,0,196,59,0,0,0,0,230,61,55,0,0,196,230,553,0,59,61,553,55,0,0,0,0,0,0,0
project/sim_ext.py --sim-time 1.5 --seq-graph project/file/graph_15_nodes.json --traffic project/file/traffic_15_nodes_random.json --inspection-rate 0.001 --mess-rate 0.002,0.431366000001,91,0,14,0,0,91,0,50,0,0,225,0,0,0,14,50,225,0,196,54,0,0,0,0,230,61,50,0,0,196,230,553,0,53,61,553,50,0,0,0,0,0,0,0
project/sim_ext.py --sim-time 1.5 --seq-graph project/file/graph_15_nodes.json --traffic project/file/traffic_15_nodes_random.json --inspection-rate 0.001 --mess-rate 0.002,0.43240900000099997,91,0,9,0,0,91,0,48,0,0,212,0,0,0,9,48,212,0,196,45,0,0,0,0,218,61,45,0,0,196,218,553,0,45,61,553,45,0,0,0,0,0,0,0
project/sim_ext.py --sim-time 1.5 --seq-graph project/file/graph_15_nodes.json --traffic project/file/traffic_15_nodes_random.json --inspection-rate 0.001 --mess-rate 0.002,0.433638000001,91,0,6,0,0,91,0,48,0,0,209,0,0,0,6,48,209,0,190,39,0,0,0,0,215,61,40,0,0,190,216,553,0,39,61,553,40,0,0,0,0,0,0,0
project/sim_ext.py --sim-time 1.5 --seq-graph project/file/graph_15_nodes.json --traffic project/file/traffic_15_nodes_random.json --inspection-rate 0.001 --mess-rate 0.002,0.434747000001,91,0,3,0,0,91,0,48,0,0,209,0,0,0,3,48,209,0,186,39,0,0,0,0,208,61,32,0,0,186,208,553,0,39,61,553,32,0,0,0,0,0,0,0
project/sim_ext.py --sim-time 1.5 --seq-graph project/file/graph_15_nodes.json --traffic project/file/traffic_15_nodes_random.json --inspection-rate 0.001 --mess-rate 0.002,0.436055000001,91,0,1,0,0,91,0,39,0,0,204,0,0,0,1,39,204,0,186,35,0,0,0,0,208,61,32,0,0,186,208,553,0,35,61,553,32,0,0,0,0,0,0,0
project/sim_ext.py --sim-time 1.5 --seq-graph project/file/graph_15_nodes.json --traffic project/file/traffic_15_nodes_random.json --inspection-rate 0.001 --mess-rate 0.002,0.437105000001,91,0,1,0,0,91,0,37,0,0,203,0,0,0,1,37,203,0,182,35,0,0,0,0,206,55,27,0,0,182,206,553,0,35,55,553,27,0,0,0,0,0,0,0
project/sim_ext.py --sim-time 1.5 --seq-graph project/file/graph_15_nodes.json --traffic project/file/traffic_15_nodes_random.json --inspection-rate 0.001 --mess-rate 0.002,0.43813840417870614,91,0,0,0,0,91,0,36,0,0,201,0,0,0,0,36,201,0,177,29,0,0,0,0,199,55,25,0,0,177,199,553,0,29,55,553,25,0,0,0,0,0,0,0
project/sim_ext.py --sim-time 1.5 --seq-graph project/file/graph_15_nodes.json --traffic project/file/traffic_15_nodes_random.json --inspection-rate 0.001 --mess-rate 0.002,0.439189999963,91,0,0,0,0,91,0,36,0,0,201,0,0,0,0,36,201,0,171,29,0,0,0,0,196,55,22,0,0,171,196,553,0,29,55,553,22,0,0,0,0,0,0,0
project/sim_ext.py --sim-time 1.5 --seq-graph project/file/graph_15_nodes.json --traffic project/file/traffic_15_nodes_random.json --inspection-rate 0.001 --mess-rate 0.002,0.440239999966,74,59,72,47,50,74,50,114,59,50,270,35,41,45,72,114,270,35,171,25,52,52,47,35,259,51,2,37,35,171,259,633,46,25,51,633,2,41,45,52,46,50,52,37
project/sim_ext.py --sim-time 1.5 --seq-graph project/file/graph_15_nodes.json --traffic project/file/traffic_15_nodes_random.json --inspection-rate 0.001 --mess-rate 0.002,0.441429000001,66,57,65,34,43,66,44,110,57,44,258,34,30,35,65,110,258,32,164,15,37,43,34,32,256,49,0,31,34,164,256,633,42,15,49,633,0,30,35,37,42,43,43,31
project/sim_ext.py --sim-time 1.5 --seq-graph project/file/graph_15_nodes.json --traffic project/file/traffic_15_nodes_random.json --inspection-rate 0.001 --mess-rate 0.002,0.44273379999699997,64,49,62,23,33,64,42,109,49,42,251,22,20,31,62,109,251,20,159,8,27,38,23,20,244,48,0,29,21,159,244,633,30,8,48,633,0,19,30,27,30,33,38,29
project/sim_ext.py --sim-time 1.5 --seq-graph project/file/graph_15_nodes.json --traffic project/file/traffic_15_nodes_random.json --inspection-rate 0.001 --mess-rate 0.002,0.443781799997,64,49,60,20,28,64,42,109,49,42,247,17,14,18,60,109,248,11,158,6,17,35,20,11,242,47,0,17,17,158,242,633,27,6,48,633,0,14,18,17,27,28,35,16
project/sim_ext.py --sim-time 1.5 --seq-graph project/file/graph_15_nodes.json --traffic project/file/traffic_15_nodes_random.json --inspection-rate 0.001 --mess-rate 0.002,0.44486499999699997,62,45,57,14,24,62,40,109,45,40,245,11,6,12,57,109,245,0,156,4,8,29,14,0,235,45,0,10,11,156,235,633,19,4,45,633,0,6,11,8,19,24,29,10
project/sim_ext.py --sim-time 1.5 --seq-graph project/file/graph_15_nodes.json --traffic project/file/traffic_15_nodes_random.json --inspection-rate 0.001 --mess-rate 0.002,0.445915000001,49,41,51,5,18,49,25,108,41,25,239,4,0,7,51,108,239,0,151,0,0,19,5,0,231,41,0,8,4,151,231,633,13,0,41,633,0,0,7,0,13,18,19,8
project/sim_ext.py --sim-time 1.5 --seq-graph project/file/graph_15_nodes.json --traffic project/file/traffic_15_nodes_random.json --inspection-rate 0.001 --mess-rate 0.002,0.44712300000099997,48,40,47,2,15,47,23,105,40,23,238,1,0,0,47,105,238,0,148,0,0,13,3,0,227,41,0,8,1,148,227,633,13,0,41,633,0,0,0,0,13,15,13,8
project/sim_ext.py --sim-time 1.5 --seq-graph project/file/graph_15_nodes.json --traffic project/file/traffic_15_nodes_random.json --inspection-rate 0.001 --mess-rate 0.002,0.448183000001,44,36,45,0,7,44,19,103,36,19,237,0,0,0,45,103,237,0,146,0,0,13,0,0,218,41,0,0,0,146,218,633,3,0,41,633,0,0,0,0,3,7,13,0
project/sim_ext.py --sim-time 1.5 --seq-graph project/file/graph_15_nodes.json --traffic project/file/traffic_15_nodes_random.json --inspection-rate 0.001 --mess-rate 0.002,0.449263999997,42,35,44,0,4,42,17,99,35,17,234,0,0,0,44,99,234,0,146,0,0,4,0,0,216,41,0,0,0,146,216,633,2,0,41,633,0,0,0,0,2,4,4,0
project/sim_ext.py --sim-time 1.5 --seq-graph project/file/graph_15_nodes.json --traffic project/file/traffic_15_nodes_random.json --inspection-rate 0.001 --mess-rate 0.002,0.450380000001,42,32,41,0,0,42,16,96,32,16,234,0,0,0,41,96,234,0,144,0,0,0,0,0,212,41,0,0,0,144,212,633,0,0,41,633,0,0,0,0,0,0,0,0
project/sim_ext.py --sim-time 1.5 --seq-graph project/file/graph_15_nodes.json --traffic project/file/traffic_15_nodes_random.json --inspection-rate 0.001 --mess-rate 0.002,0.451531599997,42,26,41,0,0,42,16,96,26,16,233,0,0,0,41,96,233,0,142,0,0,0,0,0,210,41,0,0,0,142,210,633,0,0,41,633,0,0,0,0,0,0,0,0
project/sim_ext.py --sim-time 1.5 --seq-graph project/file/graph_15_nodes.json --traffic project/file/traffic_15_nodes_random.json --inspection-rate 0.001 --mess-rate 0.002,0.45269600000099997,42,22,38,0,0,42,16,96,22,16,232,0,0,0,38,96,232,0,142,0,0,0,0,0,210,41,0,0,0,142,210,633,0,0,41,633,0,0,0,0,0,0,0,0
project/sim_ext.py --sim-time 1.5 --seq-graph project/file/graph_15_nodes.json --traffic project/file/traffic_15_nodes_random.json --inspection-rate 0.001 --mess-rate 0.002,0.453701000001,42,18,36,0,0,42,13,96,18,13,229,0,0,0,36,96,229,0,136,0,0,0,0,0,210,31,0,0,0,136,210,633,0,0,31,633,0,0,0,0,0,0,0,0
project/sim_ext.py --sim-time 1.5 --seq-graph project/file/graph_15_nodes.json --traffic project/file/traffic_15_nodes_random.json --inspection-rate 0.001 --mess-rate 0.002,0.454731000001,42,15,34,0,0,42,11,93,15,11,229,0,0,0,34,93,229,0,135,0,0,0,0,0,205,31,0,0,0,135,205,633,0,0,31,633,0,0,0,0,0,0,0,0
project/sim_ext.py --sim-time 1.5 --seq-graph project/file/graph_15_nodes.json --traffic project/file/traffic_15_nodes_random.json --inspection-rate 0.001 --mess-rate 0.002,0.456029000001,42,14,31,0,0,42,8,91,14,8,229,0,0,0,31,91,229,0,134,0,0,0,0,0,201,29,0,0,0,134,201,633,0,0,29,633,0,0,0,0,0,0,0,0
project/sim_ext.py --sim-time 1.5 --seq-graph project/file/graph_15_nodes.json --traffic project/file/traffic_15_nodes_random.json --inspection-rate 0.001 --mess-rate 0.002,0.457201000001,42,5,30,0,0,42,7,87,5,7,229,0,0,0,30,87,229,0,132,0,0,0,0,0,199,27,0,0,0,132,199,633,0,0,27,633,0,0,0,0,0,0,0,0
project/sim_ext.py --sim-time 1.5 --seq-graph project/file/graph_15_nodes.json --traffic project/file/traffic_15_nodes_random.json --inspection-rate 0.001 --mess-rate 0.002,0.458212000001,42,0,30,0,0,42,5,86,0,5,229,0,0,0,30,86,229,0,130,0,0,0,0,0,197,27,0,0,0,130,197,633,0,0,27,633,0,0,0,0,0,0,0,0
project/sim_ext.py --sim-time 1.5 --seq-graph project/file/graph_15_nodes.json --traffic project/file/traffic_15_nodes_random.json --inspection-rate 0.001 --mess-rate 0.002,0.459254999974,42,0,30,0,0,42,5,82,0,5,223,0,0,0,30,82,223,0,127,0,0,0,0,0,195,27,0,0,0,127,195,633,0,0,27,633,0,0,0,0,0,0,0,0
project/sim_ext.py --sim-time 1.5 --seq-graph project/file/graph_15_nodes.json --traffic project/file/traffic_15_nodes_random.json --inspection-rate 0.001 --mess-rate 0.002,0.460371000001,42,0,30,0,0,42,2,80,0,2,223,0,0,0,30,80,223,0,123,0,0,0,0,0,191,25,0,0,0,123,191,633,0,0,25,633,0,0,0,0,0,0,0,0
project/sim_ext.py --sim-time 1.5 --seq-graph project/file/graph_15_nodes.json --traffic project/file/traffic_15_nodes_random.json --inspection-rate 0.001 --mess-rate 0.002,0.461496000001,42,0,18,0,0,42,2,77,0,2,221,0,0,0,18,77,221,0,120,0,0,0,0,0,191,25,0,0,0,120,191,633,0,0,25,633,0,0,0,0,0,0,0,0
project/sim_ext.py --sim-time 1.5 --seq-graph project/file/graph_15_nodes.json --traffic project/file/traffic_15_nodes_random.json --inspection-rate 0.001 --mess-rate 0.002,0.462531000001,42,0,17,0,0,42,0,76,0,0,221,0,0,0,17,76,221,0,114,0,0,0,0,0,191,25,0,0,0,114,191,633,0,0,25,633,0,0,0,0,0,0,0,0
project/sim_ext.py --sim-time 1.5 --seq-graph project/file/graph_15_nodes.json --traffic project/file/traffic_15_nodes_random.json --inspection-rate 0.001 --mess-rate 0.002,0.463635000001,42,0,15,0,0,42,0,75,0,0,218,0,0,0,15,75,218,0,113,0,0,0,0,0,189,24,0,0,0,113,189,633,0,0,24,633,0,0,0,0,0,0,0,0
project/sim_ext.py --sim-time 1.5 --seq-graph project/file/graph_15_nodes.json --traffic project/file/traffic_15_nodes_random.json --inspection-rate 0.001 --mess-rate 0.002,0.464694000001,42,0,15,0,0,42,0,74,0,0,218,0,0,0,15,74,218,0,110,0,0,0,0,0,181,24,0,0,0,110,181,633,0,0,24,633,0,0,0,0,0,0,0,0
project/sim_ext.py --sim-time 1.5 --seq-graph project/file/graph_15_nodes.json --traffic project/file/traffic_15_nodes_random.json --inspection-rate 0.001 --mess-rate 0.002,0.465760000001,42,0,12,0,0,42,0,72,0,0,218,0,0,0,12,72,218,0,110,0,0,0,0,0,181,24,0,0,0,110,181,633,0,0,24,633,0,0,0,0,0,0,0,0
project/sim_ext.py --sim-time 1.5 --seq-graph project/file/graph_15_nodes.json --traffic project/file/traffic_15_nodes_random.json --inspection-rate 0.001 --mess-rate 0.002,0.466858000001,42,0,12,0,0,42,0,70,0,0,214,0,0,0,12,70,214,0,106,0,0,0,0,0,181,21,0,0,0,106,181,633,0,0,21,633,0,0,0,0,0,0,0,0
project/sim_ext.py --sim-time 1.5 --seq-graph project/file/graph_15_nodes.json --traffic project/file/traffic_15_nodes_random.json --inspection-rate 0.001 --mess-rate 0.002,0.467982000001,42,0,9,0,0,42,0,70,0,0,214,0,0,0,9,70,214,0,102,0,0,0,0,0,180,20,0,0,0,102,180,633,0,0,20,633,0,0,0,0,0,0,0,0
project/sim_ext.py --sim-time 1.5 --seq-graph project/file/graph_15_nodes.json --traffic project/file/traffic_15_nodes_random.json --inspection-rate 0.001 --mess-rate 0.002,0.469055000001,42,0,7,0,0,42,0,68,0,0,214,0,0,0,7,68,214,0,102,0,0,0,0,0,179,19,0,0,0,102,179,633,0,0,19,633,0,0,0,0,0,0,0,0
project/sim_ext.py --sim-time 1.5 --seq-graph project/file/graph_15_nodes.json --traffic project/file/traffic_15_nodes_random.json --inspection-rate 0.001 --mess-rate 0.002,0.470159999997,115,69,80,69,68,114,69,146,70,70,286,68,68,69,80,146,286,69,180,68,0,68,70,70,255,96,69,69,69,180,254,713,69,69,96,713,70,69,70,0,70,68,69,69
project/sim_ext.py --sim-time 1.5 --seq-graph project/file/graph_15_nodes.json --traffic project/file/traffic_15_nodes_random.json --inspection-rate 0.001 --mess-rate 0.002,0.471185999997,103,59,77,37,41,103,58,146,59,58,274,38,37,42,77,146,274,48,177,52,0,56,37,48,234,92,39,54,38,177,234,713,43,52,92,713,39,37,41,0,43,41,56,54
project/sim_ext.py --sim-time 1.5 --seq-graph project/file/graph_15_nodes.json --traffic project/file/traffic_15_nodes_random.json --inspection-rate 0.001 --mess-rate 0.002,0.472281000001,94,52,72,27,36,94,47,142,52,47,267,31,31,35,72,142,267,44,175,44,0,49,27,44,227,88,32,50,31,175,227,713,38,44,88,713,32,31,35,0,38,36,48,50
project/sim_ext.py --sim-time 1.5 --seq-graph project/file/graph_15_nodes.json --traffic project/file/traffic_15_nodes_random.json --inspection-rate 0.001 --mess-rate 0.002,0.473363000001,93,47,66,23,32,93,47,139,47,47,257,20,19,24,66,139,257,36,169,39,0,46,23,36,222,87,28,46,20,169,222,713,30,39,87,713,28,18,24,0,30,32,46,46
project/sim_ext.py --sim-time 1.5 --seq-graph project/file/graph_15_nodes.json --traffic project/file/traffic_15_nodes_random.json --inspection-rate 0.001 --mess-rate 0.002,0.474462000001,91,45,62,19,24,91,42,139,45,42,257,18,16,20,62,139,257,32,165,37,0,36,19,32,211,86,16,38,18,164,211,713,25,37,86,713,16,16,20,0,25,24,36,38
project/sim_ext.py --sim-time 1.5 --seq-graph project/file/graph_15_nodes.json --traffic project/file/traffic_15_nodes_random.json --inspection-rate 0.001 --mess-rate 0.002,0.475552000001,84,39,62,9,20,84,34,139,39,34,250,0,4,6,62,139,250,29,162,36,0,31,9,29,205,84,11,34,0,162,205,713,18,36,84,713,11,4,6,0,18,20,31,34
project/sim_ext.py --sim-time 1.5 --seq-graph project/file/graph_15_nodes.json --traffic project/file/traffic_15_nodes_random.json --inspection-rate 0.001 --mess-rate 0.002,0.476800999997,84,35,58,8,14,84,34,136,35,34,247,0,4,2,58,137,247,27,161,31,0,21,8,27,205,84,9,34,0,161,205,713,18,31,84,713,9,4,2,0,18,14,21,34
project/sim_ext.py --sim-time 1.5 --seq-graph project/file/graph_15_nodes.json --traffic project/file/traffic_15_nodes_random.json --inspection-rate 0.001 --mess-rate 0.002,0.477854000001,78,34,56,0,11,78,26,131,34,26,244,0,0,0,56,131,244,25,161,27,0,20,0,25,196,80,0,26,0,161,196,713,18,27,80,713,0,0,0,0,18,11,20,26
project/sim_ext.py --sim-time 1.5 --seq-graph project/file/graph_15_nodes.json --traffic project/file/traffic_15_nodes_random.json --inspection-rate 0.001 --mess-rate 0.002,0.478990000001,75,31,55,0,6,75,20,129,31,20,238,0,0,0,55,129,238,13,157,21,0,12,0,13,193,80,0,20,0,157,193,713,0,21,80,713,0,0,0,0,0,6,12,20
project/sim_ext.py --sim-time 1.5 --seq-graph project/file/graph_15_nodes.json --traffic project/file/traffic_15_nodes_random.json --inspection-rate 0.001 --mess-rate 0.002,0.480050000001,75,28,53,0,0,75,19,127,27,19,235,0,0,0,53,127,235,11,157,17,0,7,0,11,185,80,0,19,0,157,185,713,0,17,80,713,0,0,0,0,0,0,7,19
project/sim_ext.py --sim-time 1.5 --seq-graph project/file/graph_15_nodes.json --traffic project/file/traffic_15_nodes_random.json --inspection-rate 0.001 --mess-rate 0.002,0.48113499997,75,26,52,0,0,75,17,127,26,17,231,0,0,0,52,127,231,11,157,15,57,0,0,11,185,78,0,14,0,157,185,713,0,15,78,713,0,0,0,57,0,0,0,14
project/sim_ext.py --sim-time 1.5 --seq-graph project/file/graph_15_nodes.json --traffic project/file/traffic_15_nodes_random.json --inspection-rate 0.001 --mess-rate 0.002,0.482320000001,75,22,50,0,0,75,17,123,22,17,229,0,0,0,50,124,229,0,148,12,53,0,0,0,185,78,0,12,0,148,185,713,0,12,78,713,0,0,0,53,0,0,0,12
project/sim_ext.py --sim-time 1.5 --seq-graph project/file/graph_15_nodes.json --traffic project/file/traffic_15_nodes_random.json --inspection-rate 0.001 --mess-rate 0.002,0.483565000001,75,20,44,0,0,75,15,116,20,16,229,0,0,0,44,116,229,0,147,3,48,0,0,0,174,78,0,7,0,147,174,713,0,3,78,713,0,0,0,48,0,0,0,7
project/sim_ext.py --sim-time 1.5 --seq-graph project/file/graph_15_nodes.json --traffic project/file/traffic_15_nodes_random.json --inspection-rate 0.001 --mess-rate 0.002,0.48458759999699996,75,20,37,0,0,75,14,114,20,14,220,0,0,0,37,114,220,0,145,0,42,0,0,0,172,78,0,7,0,145,172,713,0,0,78,713,0,0,0,42,0,0,0,7
project/sim_ext.py --sim-time 1.5 --seq-graph project/file/graph_15_nodes.json --traffic project/file/traffic_15_nodes_random.json --inspection-rate 0.001 --mess-rate 0.002,0.48564170758303754,75,20,36,0,0,75,14,114,20,14,217,0,0,0,36,114,217,0,145,0,36,0,0,0,172,78,0,7,0,145,172,713,0,0,78,713,0,0,0,36,0,0,0,7
project/sim_ext.py --sim-time 1.5 --seq-graph project/file/graph_15_nodes.json --traffic project/file/traffic_15_nodes_random.json --inspection-rate 0.001 --mess-rate 0.002,0.486687000001,75,19,35,0,0,75,12,114,19,12,215,0,0,0,35,114,215,0,139,0,32,0,0,0,172,74,0,7,0,139,172,713,0,0,74,713,0,0,0,32,0,0,0,7
project/sim_ext.py --sim-time 1.5 --seq-graph project/file/graph_15_nodes.json --traffic project/file/traffic_15_nodes_random.json --inspection-rate 0.001 --mess-rate 0.002,0.487701000001,75,12,35,0,0,75,11,114,12,11,214,0,0,0,35,114,214,0,139,0,32,0,0,0,169,74,0,7,0,139,169,713,0,0,74,713,0,0,0,32,0,0,0,7
project/sim_ext.py --sim-time 1.5 --seq-graph project/file/graph_15_nodes.json --traffic project/file/traffic_15_nodes_random.json --inspection-rate 0.001 --mess-rate 0.002,0.488976000001,75,8,27,0,0,75,11,114,8,11,212,0,0,0,27,114,212,0,135,0,25,0,0,0,165,74,0,7,0,135,165,713,0,0,74,713,0,0,0,26,0,0,0,7
project/sim_ext.py --sim-time 1.5 --seq-graph project/file/graph_15_nodes.json --traffic project/file/traffic_15_nodes_random.json --inspection-rate 0.001 --mess-rate 0.002,0.490095000001,75,5,24,0,0,75,11,114,5,11,212,0,0,0,24,114,212,0,133,0,19,0,0,0,164,74,0,7,0,133,164,713,0,0,74,713,0,0,0,19,0,0,0,7
project/sim_ext.py --sim-time 1.5 --seq-graph project/file/graph_15_nodes.json --traffic project/file/traffic_15_nodes_random.json --inspection-rate 0.001 --mess-rate 0.002,0.491379000001,75,0,24,0,0,75,11,114,0,11,212,0,0,0,24,114,212,0,133,0,19,0,0,0,162,69,0,7,0,133,162,713,0,0,69,713,0,0,0,19,0,0,0,7
project/sim_ext.py --sim-time 1.5 --seq-graph project/file/graph_15_nodes.json --traffic project/file/traffic_15_nodes_random.json --inspection-rate 0.001 --mess-rate 0.002,0.49238800000099997,75,0,24,0,0,75,11,114,0,11,208,0,0,0,24,114,208,0,133,0,19,0,0,0,162,69,0,7,0,133,162,713,0,0,69,713,0,0,0,19,0,0,0,7
project/sim_ext.py --sim-time 1.5 --seq-graph project/file/graph_15_nodes.json --traffic project/file/traffic_15_nodes_random.json --inspection-rate 0.001 --mess-rate 0.002,0.493441000001,75,0,24,0,0,75,11,114,0,11,206,0,0,0,24,114,206,0,133,0,19,0,0,0,162,69,0,7,0,133,162,713,0,0,69,713,0,0,0,19,0,0,0,7
project/sim_ext.py --sim-time 1.5 --seq-graph project/file/graph_15_nodes.json --traffic project/file/traffic_15_nodes_random.json --inspection-rate 0.001 --mess-rate 0.002,0.49446500000099997,75,0,24,0,0,75,11,114,0,11,205,0,0,0,24,114,205,0,133,0,19,0,0,0,162,65,0,7,0,133,162,713,0,0,65,713,0,0,0,19,0,0,0,7
project/sim_ext.py --sim-time 1.5 --seq-graph project/file/graph_15_nodes.json --traffic project/file/traffic_15_nodes_random.json --inspection-rate 0.001 --mess-rate 0.002,0.495598000001,75,0,10,0,0,75,11,114,0,11,204,0,0,0,10,114,204,0,128,0,2,0,0,0,162,64,0,7,0,128,162,713,0,0,64,713,0,0,0,2,0,0,0,7
project/sim_ext.py --sim-time 1.5 --seq-graph project/file/graph_15_nodes.json --traffic project/file/traffic_15_nodes_random.json --inspection-rate 0.001 --mess-rate 0.002,0.496667000001,75,0,8,0,0,75,0,114,0,0,204,0,0,0,8,114,204,0,124,0,0,0,0,0,162,64,0,7,0,124,162,713,0,0,64,713,0,0,0,0,0,0,0,7
project/sim_ext.py --sim-time 1.5 --seq-graph project/file/graph_15_nodes.json --traffic project/file/traffic_15_nodes_random.json --inspection-rate 0.001 --mess-rate 0.002,0.497703000001,75,0,8,0,0,75,0,114,0,0,204,0,0,0,8,114,204,0,121,0,0,0,0,0,153,64,0,7,0,121,153,713,0,0,64,713,0,0,0,0,0,0,0,7
project/sim_ext.py --sim-time 1.5 --seq-graph project/file/graph_15_nodes.json --traffic project/file/traffic_15_nodes_random.json --inspection-rate 0.001 --mess-rate 0.002,0.499205000001,75,0,2,0,0,75,0,114,0,0,197,0,0,0,2,114,198,0,113,0,0,0,0,0,151,64,0,7,0,113,150,713,0,0,64,713,0,0,0,0,0,0,0,7
project/sim_ext.py --sim-time 1.5 --seq-graph project/file/graph_15_nodes.json --traffic project/file/traffic_15_nodes_random.json --inspection-rate 0.001 --mess-rate 0.002,0.500243000001,75,0,2,0,0,75,0,114,0,0,195,0,0,0,2,114,195,0,112,0,0,0,0,0,149,64,0,7,0,112,149,713,0,0,64,713,0,0,0,0,0,0,0,7
project/sim_ext.py --sim-time 1.5 --seq-graph project/file/graph_15_nodes.json --traffic project/file/traffic_15_nodes_random.json --inspection-rate 0.001 --mess-rate 0.002,0.5014047999969999,122,59,77,36,49,122,36,170,59,37,275,46,39,44,77,170,275,59,189,57,0,53,37,59,227,110,40,60,46,190,227,774,47,57,110,774,40,39,44,0,47,50,53,59
project/sim_ext.py --sim-time 1.5 --seq-graph project/file/graph_15_nodes.json --traffic project/file/traffic_15_nodes_random.json --inspection-rate 0.001 --mess-rate 0.002,0.502504000001,107,56,73,18,42,107,18,170,56,18,275,43,29,38,73,170,275,58,184,57,0,53,19,58,226,110,29,55,43,184,226,774,44,57,110,774,30,29,38,0,44,42,53,55
project/sim_ext.py --sim-time 1.5 --seq-graph project/file/graph_15_nodes.json --traffic project/file/traffic_15_nodes_random.json --inspection-rate 0.001 --mess-rate 0.002,0.503768000001,96,52,71,5,40,96,0,147,52,0,273,38,15,29,71,147,273,55,180,33,0,42,5,55,222,96,21,43,37,179,222,771,36,33,96,771,21,15,29,0,36,40,42,43
project/sim_ext.py --sim-time 1.5 --seq-graph project/file/graph_15_nodes.json --traffic project/file/traffic_15_nodes_random.json --inspection-rate 0.001 --mess-rate 0.002,0.5053190000009999,86,48,67,0,32,86,0,139,48,0,270,30,9,24,67,139,270,49,175,25,0,35,0,48,222,89,17,37,30,175,222,771,27,25,89,771,17,9,24,0,27,32,35,37
project/sim_ext.py --sim-time 1.5 --seq-graph project/file/graph_15_nodes.json --traffic project/file/traffic_15_nodes_random.json --inspection-rate 0.001 --mess-rate 0.002,0.506330599997,81,46,67,0,27,81,0,135,46,0,268,25,4,16,67,135,268,48,173,20,0,29,0,48,219,88,17,34,25,173,219,771,24,20,88,771,17,4,17,0,24,27,29,34
project/sim_ext.py --sim-time 1.5 --seq-graph project/file/graph_15_nodes.json --traffic project/file/traffic_15_nodes_random.json --inspection-rate 0.001 --mess-rate 0.002,0.507441000001,81,46,67,0,23,81,0,133,46,0,267,22,0,13,67,133,267,48,168,9,0,21,0,48,218,83,17,25,22,168,218,771,20,9,83,771,17,0,13,0,20,23,21,25
project/sim_ext.py --sim-time 1.5 --seq-graph project/file/graph_15_nodes.json --traffic project/file/traffic_15_nodes_random.json --inspection-rate 0.001 --mess-rate 0.002,0.508537000001,80,40,67,0,23,80,0,127,40,0,267,17,0,8,67,127,267,48,165,5,0,20,0,48,218,80,17,22,17,165,218,771,14,5,80,771,17,0,8,0,14,23,20,22
project/sim_ext.py --sim-time 1.5 --seq-graph project/file/graph_15_nodes.json --traffic project/file/traffic_15_nodes_random.json --inspection-rate 0.001 --mess-rate 0.002,0.50957499997,80,35,67,0,11,80,0,124,35,0,267,15,0,6,67,124,267,48,165,3,0,16,0,48,214,73,2,16,15,165,214,762,10,3,72,762,3,0,6,0,10,11,16,16
project/sim_ext.py --sim-time 1.5 --seq-graph project/file/graph_15_nodes.json --traffic project/file/traffic_15_nodes_random.json --inspection-rate 0.001 --mess-rate 0.002,0.510805000001,75,30,67,0,8,75,0,119,30,0,266,13,0,6,67,119,266,48,154,3,0,12,0,48,211,67,0,15,13,154,211,760,0,3,67,760,0,0,6,0,0,8,12,15
project/sim_ext.py --sim-time 1.5 --seq-graph project/file/graph_15_nodes.json --traffic project/file/traffic_15_nodes_random.json --inspection-rate 0.001 --mess-rate 0.002,0.511865000001,75,26,67,0,4,75,0,116,26,0,266,13,0,0,67,116,266,48,154,0,0,6,0,48,209,65,0,12,13,154,209,760,0,0,65,760,0,0,0,0,0,4,6,12
project/sim_ext.py --sim-time 1.5 --seq-graph project/file/graph_15_nodes.json --traffic project/file/traffic_15_nodes_random.json --inspection-rate 0.001 --mess-rate 0.002,0.513025000001,72,25,67,0,0,72,0,112,25,0,266,11,0,0,67,112,266,48,151,0,0,6,0,48,206,63,0,12,11,151,206,760,0,0,63,760,0,0,0,0,0,0,6,12
project/sim_ext.py --sim-time 1.5 --seq-graph project/file/graph_15_nodes.json --traffic project/file/traffic_15_nodes_random.json --inspection-rate 0.001 --mess-rate 0.002,0.5141727999969999,71,21,59,0,0,71,0,108,21,0,266,6,0,0,59,108,266,45,150,0,0,3,0,46,206,62,0,11,6,150,206,760,0,0,62,760,0,0,0,0,0,0,3,12
project/sim_ext.py --sim-time 1.5 --seq-graph project/file/graph_15_nodes.json --traffic project/file/traffic_15_nodes_random.json --inspection-rate 0.001 --mess-rate 0.002,0.5152100596316059,69,18,55,0,0,69,0,106,18,0,266,4,0,0,55,106,266,37,148,0,0,0,0,37,206,62,0,0,4,148,206,760,0,0,62,760,0,0,0,0,0,0,0,0
project/sim_ext.py --sim-time 1.5 --seq-graph project/file/graph_15_nodes.json --traffic project/file/traffic_15_nodes_random.json --inspection-rate 0.001 --mess-rate 0.002,0.516256000001,69,15,54,0,0,69,0,106,15,0,266,4,0,0,54,106,266,32,148,0,0,0,0,32,206,62,0,0,4,148,206,760,0,0,62,760,0,0,0,0,0,0,0,0
project/sim_ext.py --sim-time 1.5 --seq-graph project/file/graph_15_nodes.json --traffic project/file/traffic_15_nodes_random.json --inspection-rate 0.001 --mess-rate 0.002,0.5173729713130532,69,13,53,0,0,69,0,106,13,0,266,0,0,0,53,106,266,31,148,0,0,0,0,31,206,62,0,0,0,148,206,760,0,0,62,760,0,0,0,0,0,0,0,0
project/sim_ext.py --sim-time 1.5 --seq-graph project/file/graph_15_nodes.json --traffic project/file/traffic_15_nodes_random.json --inspection-rate 0.001 --mess-rate 0.002,0.518469199997,69,8,53,0,0,69,0,106,8,0,260,0,0,0,53,106,260,29,140,0,0,0,0,29,206,54,0,0,0,140,206,760,0,0,54,760,0,0,0,0,0,0,0,0
project/sim_ext.py --sim-time 1.5 --seq-graph project/file/graph_15_nodes.json --traffic project/file/traffic_15_nodes_random.json --inspection-rate 0.001 --mess-rate 0.002,0.5195401204046537,68,8,48,0,0,68,0,106,8,0,259,0,0,0,48,106,259,29,138,0,0,0,0,29,195,52,0,0,0,138,195,760,0,0,52,760,0,0,0,0,0,0,0,0
project/sim_ext.py --sim-time 1.5 --seq-graph project/file/graph_15_nodes.json --traffic project/file/traffic_15_nodes_random.json --inspection-rate 0.001 --mess-rate 0.002,0.520598399997,67,5,45,0,0,67,0,106,5,0,259,0,0,0,45,106,259,29,135,0,0,0,0,29,195,52,0,0,0,135,195,760,0,0,52,760,0,0,0,0,0,0,0,0
project/sim_ext.py --sim-time 1.5 --seq-graph project/file/graph_15_nodes.json --traffic project/file/traffic_15_nodes_random.json --inspection-rate 0.001 --mess-rate 0.002,0.521670000001,66,0,40,0,0,66,0,106,0,0,259,0,0,0,40,106,259,29,132,0,0,0,0,29,194,51,0,0,0,132,194,760,0,0,51,760,0,0,0,0,0,0,0,0
project/sim_ext.py --sim-time 1.5 --seq-graph project/file/graph_15_nodes.json --traffic project/file/traffic_15_nodes_random.json --inspection-rate 0.001 --mess-rate 0.002,0.522697000001,65,0,37,0,0,65,0,91,0,0,257,0,0,0,37,91,257,29,129,0,59,0,0,29,193,50,0,0,0,129,193,760,0,0,50,760,0,0,0,59,0,0,0,0
project/sim_ext.py --sim-time 1.5 --seq-graph project/file/graph_15_nodes.json --traffic project/file/traffic_15_nodes_random.json --inspection-rate 0.001 --mess-rate 0.002,0.523767000001,64,0,35,0,0,64,0,88,0,0,257,0,0,0,35,88,257,19,126,0,56,0,0,19,192,50,0,0,0,126,192,760,0,0,50,760,0,0,0,56,0,0,0,0
project/sim_ext.py --sim-time 1.5 --seq-graph project/file/graph_15_nodes.json --traffic project/file/traffic_15_nodes_random.json --inspection-rate 0.001 --mess-rate 0.002,0.524894799997,63,0,35,0,0,63,0,88,0,0,257,0,0,0,35,88,257,19,125,0,56,0,0,19,190,46,0,0,0,125,190,760,0,0,46,760,0,0,0,56,0,0,0,0
project/sim_ext.py --sim-time 1.5 --seq-graph project/file/graph_15_nodes.json --traffic project/file/traffic_15_nodes_random.json --inspection-rate 0.001 --mess-rate 0.002,0.5259710000009999,63,0,35,0,0,63,0,88,0,0,257,0,0,0,35,88,257,19,125,0,56,0,0,19,190,46,0,0,0,125,190,760,0,0,46,760,0,0,0,56,0,0,0,0
project/sim_ext.py --sim-time 1.5 --seq-graph project/file/graph_15_nodes.json --traffic project/file/traffic_15_nodes_random.json --inspection-rate 0.001 --mess-rate 0.002,0.5270409999969999,61,0,35,0,0,61,0,79,0,0,255,0,0,0,35,79,255,16,121,0,43,0,0,16,189,44,0,0,0,121,189,760,0,0,44,760,0,0,0,43,0,0,0,0
project/sim_ext.py --sim-time 1.5 --seq-graph project/file/graph_15_nodes.json --traffic project/file/traffic_15_nodes_random.json --inspection-rate 0.001 --mess-rate 0.002,0.528138000001,60,0,35,0,0,59,0,76,0,0,255,0,0,0,35,76,255,13,119,0,38,0,0,13,185,43,0,0,0,119,185,760,0,0,43,760,0,0,0,38,0,0,0,0
project/sim_ext.py --sim-time 1.5 --seq-graph project/file/graph_15_nodes.json --traffic project/file/traffic_15_nodes_random.json --inspection-rate 0.001 --mess-rate 0.002,0.5291736432834278,59,0,35,0,0,59,0,76,0,0,251,0,0,0,35,76,251,10,119,0,35,0,0,10,185,43,0,0,0,119,185,760,0,0,43,760,0,0,0,35,0,0,0,0
project/sim_ext.py --sim-time 1.5 --seq-graph project/file/graph_15_nodes.json --traffic project/file/traffic_15_nodes_random.json --inspection-rate 0.001 --mess-rate 0.002,0.530204799997,59,0,32,0,0,59,0,76,0,0,250,0,0,0,32,76,250,10,119,0,34,0,0,10,185,41,0,0,0,119,185,760,0,0,41,760,0,0,0,33,0,0,0,0
project/sim_ext.py --sim-time 1.5 --seq-graph project/file/graph_15_nodes.json --traffic project/file/traffic_15_nodes_random.json --inspection-rate 0.001 --mess-rate 0.002,0.5312449989474813,55,0,22,0,0,55,0,70,0,0,250,0,0,0,22,70,250,4,116,0,25,0,0,4,185,41,0,0,0,116,185,760,0,0,41,760,0,0,0,25,0,0,0,0
project/sim_ext.py --sim-time 1.5 --seq-graph project/file/graph_15_nodes.json --traffic project/file/traffic_15_nodes_random.json --inspection-rate 0.001 --mess-rate 0.002,0.532332000001,54,0,22,0,0,54,0,68,0,0,250,0,0,0,22,68,250,2,115,0,23,0,0,2,185,41,55,0,0,115,185,760,0,0,41,760,54,0,0,23,0,0,0,0
project/sim_ext.py --sim-time 1.5 --seq-graph project/file/graph_15_nodes.json --traffic project/file/traffic_15_nodes_random.json --inspection-rate 0.001 --mess-rate 0.002,0.5334476110470764,52,0,18,0,0,52,0,61,0,0,250,0,0,0,19,61,250,0,111,0,16,0,0,0,185,41,49,0,0,111,185,760,0,0,41,760,49,0,0,16,0,0,0,0
project/sim_ext.py --sim-time 1.5 --seq-graph project/file/graph_15_nodes.json --traffic project/file/traffic_15_nodes_random.json --inspection-rate 0.001 --mess-rate 0.002,0.5344839880732906,51,0,15,0,0,51,0,61,0,0,246,0,0,0,15,61,246,0,111,0,14,0,0,0,180,41,44,0,0,111,180,760,0,0,41,760,44,0,0,14,0,0,0,0
project/sim_ext.py --sim-time 1.5 --seq-graph project/file/graph_15_nodes.json --traffic project/file/traffic_15_nodes_random.json --inspection-rate 0.001 --mess-rate 0.002,0.535524000001,48,0,14,0,0,48,0,54,0,0,243,0,0,0,14,54,243,0,102,0,4,0,0,0,180,41,41,0,0,102,180,760,0,0,41,760,41,0,0,4,0,0,0,0
project/sim_ext.py --sim-time 1.5 --seq-graph project/file/graph_15_nodes.json --traffic project/file/traffic_15_nodes_random.json --inspection-rate 0.001 --mess-rate 0.002,0.5366094358094302,45,0,13,0,0,45,0,54,0,0,240,0,0,0,13,54,240,0,102,0,3,0,0,0,175,41,39,0,0,102,175,760,0,0,41,760,39,0,0,3,0,0,0,0
project/sim_ext.py --sim-time 1.5 --seq-graph project/file/graph_15_nodes.json --traffic project/file/traffic_15_nodes_random.json --inspection-rate 0.001 --mess-rate 0.002,0.537699000001,45,0,8,0,0,45,0,48,0,0,240,0,0,0,9,48,240,0,102,0,1,0,0,0,173,30,38,0,0,102,173,760,0,0,30,760,38,0,0,1,0,0,0,0
project/sim_ext.py --sim-time 1.5 --seq-graph project/file/graph_15_nodes.json --traffic project/file/traffic_15_nodes_random.json --inspection-rate 0.001 --mess-rate 0.002,0.5387637988245408,45,0,8,0,0,45,0,46,0,0,240,0,0,0,8,46,240,0,97,0,0,0,0,0,173,29,35,0,0,97,173,760,0,0,29,760,35,0,0,0,0,0,0,0
project/sim_ext.py --sim-time 1.5 --seq-graph project/file/graph_15_nodes.json --traffic project/file/traffic_15_nodes_random.json --inspection-rate 0.001 --mess-rate 0.002,0.5398970000009999,44,0,5,0,0,44,0,46,0,0,240,0,0,0,5,46,240,0,91,0,0,0,0,0,170,27,29,0,0,91,170,760,0,0,27,760,29,0,0,0,0,0,0,0
project/sim_ext.py --sim-time 1.5 --seq-graph project/file/graph_15_nodes.json --traffic project/file/traffic_15_nodes_random.json --inspection-rate 0.001 --mess-rate 0.002,0.541051000001,44,0,2,0,0,44,0,43,0,0,240,0,0,0,2,43,240,0,90,0,0,0,0,0,170,24,24,0,0,90,170,760,0,0,24,760,24,0,0,0,0,0,0,0
project/sim_ext.py --sim-time 1.5 --seq-graph project/file/graph_15_nodes.json --traffic project/file/traffic_15_nodes_random.json --inspection-rate 0.001 --mess-rate 0.002,0.542115199997,100,59,82,52,51,100,50,101,59,51,320,51,52,51,82,101,320,67,168,51,0,60,52,67,248,85,22,52,52,168,248,835,51,51,85,835,22,51,52,0,52,52,60,53
project/sim_ext.py --sim-time 1.5 --seq-graph project/file/graph_15_nodes.json --traffic project/file/traffic_15_nodes_random.json --inspection-rate 0.001 --mess-rate 0.002,0.543131000001,100,57,82,48,50,100,25,89,57,25,320,41,36,37,82,89,320,65,166,40,0,55,48,65,247,81,11,47,41,166,247,835,43,40,81,835,11,36,37,0,43,50,55,47
project/sim_ext.py --sim-time 1.5 --seq-graph project/file/graph_15_nodes.json --traffic project/file/traffic_15_nodes_random.json --inspection-rate 0.001 --mess-rate 0.002,0.544241000001,81,55,80,33,40,81,14,83,55,14,320,40,29,32,80,83,320,65,165,32,0,48,33,65,247,70,1,39,40,165,247,831,42,32,70,832,1,29,32,0,42,40,48,39
project/sim_ext.py --sim-time 1.5 --seq-graph project/file/graph_15_nodes.json --traffic project/file/traffic_15_nodes_random.json --inspection-rate 0.001 --mess-rate 0.002,0.545334000001,70,48,80,20,33,70,0,83,48,0,320,32,15,24,80,83,320,65,159,27,0,45,20,65,245,62,0,30,32,159,245,825,34,27,62,825,0,16,24,0,34,33,45,30
project/sim_ext.py --sim-time 1.5 --seq-graph project/file/graph_15_nodes.json --traffic project/file/traffic_15_nodes_random.json --inspection-rate 0.001 --mess-rate 0.002,0.546335000001,70,48,80,16,27,70,0,83,48,0,317,25,12,24,80,83,316,56,159,27,0,45,16,56,243,58,0,27,25,158,243,823,29,27,58,823,0,12,24,0,29,27,45,28
project/sim_ext.py --sim-time 1.5 --seq-graph project/file/graph_15_nodes.json --traffic project/file/traffic_15_nodes_random.json --inspection-rate 0.001 --mess-rate 0.002,0.547354999966,66,41,80,11,23,66,0,69,41,0,316,18,9,17,80,70,316,55,155,14,0,38,11,55,240,58,0,22,18,155,240,823,21,13,58,823,0,10,17,0,21,23,38,22
project/sim_ext.py --sim-time 1.5 --seq-graph project/file/graph_15_nodes.json --traffic project/file/traffic_15_nodes_random.json --inspection-rate 0.001 --mess-rate 0.002,0.5484990000009999,57,40,80,3,19,57,0,61,40,0,315,12,2,13,80,61,315,55,150,4,0,30,3,55,240,51,0,13,12,150,240,822,13,4,51,822,0,2,13,0,13,19,30,13
project/sim_ext.py --sim-time 1.5 --seq-graph project/file/graph_15_nodes.json --traffic project/file/traffic_15_nodes_random.json --inspection-rate 0.001 --mess-rate 0.002,0.549514000001,57,40,72,3,17,57,0,59,40,0,313,11,0,13,72,59,313,55,147,0,0,19,3,55,240,46,0,9,11,147,240,820,8,0,46,820,0,0,13,0,8,17,19,9
project/sim_ext.py --sim-time 1.5 --seq-graph project/file/graph_15_nodes.json --traffic project/file/traffic_15_nodes_random.json --inspection-rate 0.001 --mess-rate 0.002,0.550534999963,57,34,69,0,13,57,0,57,34,0,313,6,0,3,69,57,313,50,147,0,0,17,0,50,240,43,0,8,6,147,240,820,8,0,43,820,0,0,3,0,8,13,17,8
project/sim_ext.py --sim-time 1.5 --seq-graph project/file/graph_15_nodes.json --traffic project/file/traffic_15_nodes_random.json --inspection-rate 0.001 --mess-rate 0.002,0.551568000001,52,28,69,0,11,52,0,54,28,0,313,2,0,0,69,54,313,50,147,0,0,13,0,50,240,41,0,6,2,147,240,820,8,0,41,820,0,0,0,0,8,11,13,6
project/sim_ext.py --sim-time 1.5 --seq-graph project/file/graph_15_nodes.json --traffic project/file/traffic_15_nodes_random.json --inspection-rate 0.001 --mess-rate 0.002,0.552585000001,50,24,66,0,0,50,0,54,24,0,313,0,0,0,66,54,313,50,147,0,0,11,0,50,235,39,0,6,0,147,235,818,0,0,39,818,0,0,0,0,0,0,11,6
project/sim_ext.py --sim-time 1.5 --seq-graph project/file/graph_15_nodes.json --traffic project/file/traffic_15_nodes_random.json --inspection-rate 0.001 --mess-rate 0.002,0.553650000001,50,24,66,0,0,50,0,48,24,0,309,0,0,0,66,48,309,47,141,0,0,2,0,47,233,38,0,0,0,141,233,818,0,0,38,818,0,0,0,0,0,0,2,0
project/sim_ext.py --sim-time 1.5 --seq-graph project/file/graph_15_nodes.json --traffic project/file/traffic_15_nodes_random.json --inspection-rate 0.001 --mess-rate 0.002,0.554795000001,50,11,66,0,0,50,0,48,11,0,309,0,0,0,66,48,309,44,141,0,0,2,0,44,233,35,0,0,0,141,233,818,0,0,35,818,0,0,0,0,0,0,2,0
project/sim_ext.py --sim-time 1.5 --seq-graph project/file/graph_15_nodes.json --traffic project/file/traffic_15_nodes_random.json --inspection-rate 0.001 --mess-rate 0.002,0.555917000001,50,9,66,0,0,50,0,47,9,0,307,0,0,0,66,47,307,41,140,0,0,0,0,41,233,33,0,0,0,140,233,818,0,0,33,818,0,0,0,0,0,0,0,0
project/sim_ext.py --sim-time 1.5 --seq-graph project/file/graph_15_nodes.json --traffic project/file/traffic_15_nodes_random.json --inspection-rate 0.001 --mess-rate 0.002,0.556981000001,50,9,66,0,0,50,0,44,9,0,307,0,0,0,66,44,307,35,140,0,0,0,0,35,233,33,0,0,0,140,233,818,0,0,33,818,0,0,0,0,0,0,0,0
project/sim_ext.py --sim-time 1.5 --seq-graph project/file/graph_15_nodes.json --traffic project/file/traffic_15_nodes_random.json --inspection-rate 0.001 --mess-rate 0.002,0.557986000001,50,5,56,0,0,50,0,43,5,0,307,0,0,0,56,43,307,33,138,0,0,0,0,33,227,33,0,0,0,138,227,818,0,0,33,818,0,0,0,0,0,0,0,0
project/sim_ext.py --sim-time 1.5 --seq-graph project/file/graph_15_nodes.json --traffic project/file/traffic_15_nodes_random.json --inspection-rate 0.001 --mess-rate 0.002,0.559025000001,50,0,54,0,0,50,0,41,0,0,305,0,0,0,54,41,305,33,134,0,0,0,0,33,224,33,0,0,0,134,224,818,0,0,33,818,0,0,0,0,0,0,0,0
project/sim_ext.py --sim-time 1.5 --seq-graph project/file/graph_15_nodes.json --traffic project/file/traffic_15_nodes_random.json --inspection-rate 0.001 --mess-rate 0.002,0.560038000001,50,0,54,0,0,50,0,40,0,0,305,0,0,0,54,40,305,30,131,0,0,0,0,30,223,33,0,0,0,131,223,818,0,0,33,818,0,0,0,0,0,0,0,0
project/sim_ext.py --sim-time 1.5 --seq-graph project/file/graph_15_nodes.json --traffic project/file/traffic_15_nodes_random.json --inspection-rate 0.001 --mess-rate 0.002,0.561049000001,50,0,54,0,0,50,0,38,0,0,305,0,0,0,54,38,305,28,128,0,0,0,0,28,221,29,0,0,0,128,221,818,0,0,29,818,0,0,0,0,0,0,0,0
project/sim_ext.py --sim-time 1.5 --seq-graph project/file/graph_15_nodes.json --traffic project/file/traffic_15_nodes_random.json --inspection-rate 0.001 --mess-rate 0.002,0.562050000001,50,0,45,0,0,50,0,37,0,0,305,0,0,0,45,37,305,27,128,0,60,0,0,27,221,28,0,0,0,128,221,818,0,0,28,818,0,0,0,59,0,0,0,0
project/sim_ext.py --sim-time 1.5 --seq-graph project/file/graph_15_nodes.json --traffic project/file/traffic_15_nodes_random.json --inspection-rate 0.001 --mess-rate 0.002,0.563052199997,50,0,42,0,0,50,0,30,0,0,302,0,0,0,42,30,302,25,125,0,55,0,0,25,221,28,0,0,0,125,221,818,0,0,28,818,0,0,0,55,0,0,0,0
project/sim_ext.py --sim-time 1.5 --seq-graph project/file/graph_15_nodes.json --traffic project/file/traffic_15_nodes_random.json --inspection-rate 0.001 --mess-rate 0.002,0.5640927977059877,50,0,39,0,0,50,0,30,0,0,302,0,0,0,39,30,302,25,125,0,55,0,0,25,218,24,0,0,0,125,218,818,0,0,24,818,0,0,0,55,0,0,0,0
project/sim_ext.py --sim-time 1.5 --seq-graph project/file/graph_15_nodes.json --traffic project/file/traffic_15_nodes_random.json --inspection-rate 0.001 --mess-rate 0.002,0.5651180664056611,50,0,37,0,0,50,0,24,0,0,302,0,0,0,37,24,302,25,121,0,49,0,0,25,216,24,0,0,0,121,216,818,0,0,24,818,0,0,0,49,0,0,0,0
project/sim_ext.py --sim-time 1.5 --seq-graph project/file/graph_15_nodes.json --traffic project/file/traffic_15_nodes_random.json --inspection-rate 0.001 --mess-rate 0.002,0.566180000001,50,0,34,0,0,50,0,23,0,0,302,0,0,0,34,23,302,18,120,0,43,0,0,18,213,21,0,0,0,120,213,818,0,0,21,818,0,0,0,43,0,0,0,0
project/sim_ext.py --sim-time 1.5 --seq-graph project/file/graph_15_nodes.json --traffic project/file/traffic_15_nodes_random.json --inspection-rate 0.001 --mess-rate 0.002,0.5672400000009999,50,0,34,0,0,50,0,20,0,0,302,0,0,0,34,20,302,17,118,0,40,0,0,17,213,20,0,0,0,118,213,818,0,0,20,818,0,0,0,40,0,0,0,0
project/sim_ext.py --sim-time 1.5 --seq-graph project/file/graph_15_nodes.json --traffic project/file/traffic_15_nodes_random.json --inspection-rate 0.001 --mess-rate 0.002,0.568308000001,50,0,34,0,0,50,0,17,0,0,302,0,0,0,34,17,302,17,115,0,32,0,0,17,213,20,0,0,0,115,213,818,0,0,20,818,0,0,0,32,0,0,0,0
project/sim_ext.py --sim-time 1.5 --seq-graph project/file/graph_15_nodes.json --traffic project/file/traffic_15_nodes_random.json --inspection-rate 0.001 --mess-rate 0.002,0.5693710000009999,50,0,25,0,0,50,0,17,0,0,302,0,0,0,25,17,302,14,112,0,25,0,0,14,210,20,0,0,0,112,210,818,0,0,20,818,0,0,0,25,0,0,0,0
project/sim_ext.py --sim-time 1.5 --seq-graph project/file/graph_15_nodes.json --traffic project/file/traffic_15_nodes_random.json --inspection-rate 0.001 --mess-rate 0.002,0.570693000001,50,0,22,0,0,50,0,12,0,0,302,0,0,0,22,12,302,12,112,0,18,0,0,12,210,20,0,0,0,112,210,818,0,0,20,818,0,0,0,18,0,0,0,0
project/sim_ext.py --sim-time 1.5 --seq-graph project/file/graph_15_nodes.json --traffic project/file/traffic_15_nodes_random.json --inspection-rate 0.001 --mess-rate 0.002,0.5717688444336739,50,0,22,0,0,50,0,7,0,0,302,0,0,0,22,7,302,9,109,0,14,0,0,9,209,20,0,0,0,109,209,818,0,0,20,818,0,0,0,14,0,0,0,0
project/sim_ext.py --sim-time 1.5 --seq-graph project/file/graph_15_nodes.json --traffic project/file/traffic_15_nodes_random.json --inspection-rate 0.001 --mess-rate 0.002,0.572879999997,99,59,100,48,50,100,48,64,59,48,382,48,49,50,100,65,382,88,185,49,3,54,48,88,287,74,49,48,49,185,287,895,49,49,74,895,49,50,50,4,50,51,54,49
project/sim_ext.py --sim-time 1.5 --seq-graph project/file/graph_15_nodes.json --traffic project/file/traffic_15_nodes_random.json --inspection-rate 0.001 --mess-rate 0.002,0.573884999959,83,55,100,29,43,83,14,53,56,14,382,43,36,33,100,53,382,87,183,38,0,48,29,87,287,64,35,39,43,183,287,892,40,38,64,892,35,37,33,0,41,43,48,39
project/sim_ext.py --sim-time 1.5 --seq-graph project/file/graph_15_nodes.json --traffic project/file/traffic_15_nodes_random.json --inspection-rate 0.001 --mess-rate 0.002,0.574979199997,77,54,100,26,41,77,3,50,54,3,372,41,35,28,100,50,373,85,181,38,0,45,26,85,287,57,26,37,41,181,287,891,36,38,57,891,26,35,28,0,36,41,45,37
project/sim_ext.py --sim-time 1.5 --seq-graph project/file/graph_15_nodes.json --traffic project/file/traffic_15_nodes_random.json --inspection-rate 0.001 --mess-rate 0.002,0.576109000001,73,54,96,18,36,73,0,40,54,0,372,26,28,19,96,40,372,84,178,25,0,36,18,84,281,54,18,33,26,178,281,888,21,25,54,888,18,27,19,0,21,36,36,33
project/sim_ext.py --sim-time 1.5 --seq-graph project/file/graph_15_nodes.json --traffic project/file/traffic_15_nodes_random.json --inspection-rate 0.001 --mess-rate 0.002,0.577118000001,61,50,94,6,29,61,0,37,50,0,372,26,23,12,94,37,372,84,171,18,0,30,6,84,280,46,8,24,26,171,280,884,19,18,46,884,8,23,12,0,19,29,30,24
project/sim_ext.py --sim-time 1.5 --seq-graph project/file/graph_15_nodes.json --traffic project/file/traffic_15_nodes_random.json --inspection-rate 0.001 --mess-rate 0.002,0.578185000001,57,49,94,0,23,57,0,37,49,0,372,23,23,12,94,37,372,84,170,15,0,28,0,84,280,40,5,18,23,170,280,883,19,15,40,883,5,23,12,0,19,23,28,18
project/sim_ext.py --sim-time 1.5 --seq-graph project/file/graph_15_nodes.json --traffic project/file/traffic_15_nodes_random.json --inspection-rate 0.001 --mess-rate 0.002,0.579281000001,57,43,94,0,8,57,0,29,43,0,369,9,8,0,94,29,369,84,166,9,0,24,0,84,278,40,5,18,9,166,278,881,5,9,40,881,5,8,0,0,4,8,24,18
project/sim_ext.py --sim-time 1.5 --seq-graph project/file/graph_15_nodes.json --traffic project/file/traffic_15_nodes_random.json --inspection-rate 0.001 --mess-rate 0.002,0.580404000001,46,42,87,0,1,46,0,23,42,0,368,9,3,0,87,23,368,73,164,3,0,16,0,73,277,31,0,8,9,164,277,880,1,3,30,880,0,3,0,0,1,1,16,7
project/sim_ext.py --sim-time 1.5 --seq-graph project/file/graph_15_nodes.json --traffic project/file/traffic_15_nodes_random.json --inspection-rate 0.001 --mess-rate 0.002,0.581410000001,46,39,87,0,0,46,0,20,39,0,368,2,0,0,87,20,368,72,163,0,0,7,0,72,273,28,0,2,2,163,273,880,0,0,28,880,0,0,0,0,0,0,7,2
project/sim_ext.py --sim-time 1.5 --seq-graph project/file/graph_15_nodes.json --traffic project/file/traffic_15_nodes_random.json --inspection-rate 0.001 --mess-rate 0.002,0.582625000001,46,36,87,0,0,46,0,15,36,0,368,0,0,0,87,15,368,70,161,0,0,3,0,70,272,24,0,0,0,161,272,880,0,0,24,880,0,0,0,0,0,0,3,0
project/sim_ext.py --sim-time 1.5 --seq-graph project/file/graph_15_nodes.json --traffic project/file/traffic_15_nodes_random.json --inspection-rate 0.001 --mess-rate 0.002,0.583760000001,46,34,84,0,0,46,0,15,34,0,368,0,0,0,84,15,368,67,161,0,0,3,0,67,272,24,0,0,0,161,272,880,0,0,24,880,0,0,0,0,0,0,3,0
project/sim_ext.py --sim-time 1.5 --seq-graph project/file/graph_15_nodes.json --traffic project/file/traffic_15_nodes_random.json --inspection-rate 0.001 --mess-rate 0.002,0.584933000001,46,30,82,0,0,46,0,14,30,0,368,0,0,0,82,14,368,65,158,0,0,3,0,65,272,24,0,0,0,158,272,880,0,0,24,880,0,0,0,0,0,0,3,0
project/sim_ext.py --sim-time 1.5 --seq-graph project/file/graph_15_nodes.json --traffic project/file/traffic_15_nodes_random.json --inspection-rate 0.001 --mess-rate 0.002,0.5860265114699742,46,23,78,0,0,46,0,13,23,0,368,0,0,0,78,13,368,65,158,0,0,0,0,65,269,19,0,0,0,158,269,880,0,0,19,880,0,0,0,0,0,0,0,0
project/sim_ext.py --sim-time 1.5 --seq-graph project/file/graph_15_nodes.json --traffic project/file/traffic_15_nodes_random.json --inspection-rate 0.001 --mess-rate 0.002,0.587084999959,46,23,77,0,0,46,0,11,23,0,368,0,0,0,77,11,368,65,158,0,0,0,0,65,269,18,0,0,0,158,269,880,0,0,18,880,0,0,0,0,0,0,0,0
project/sim_ext.py --sim-time 1.5 --seq-graph project/file/graph_15_nodes.json --traffic project/file/traffic_15_nodes_random.json --inspection-rate 0.001 --mess-rate 0.002,0.5881293312040938,46,20,77,0,0,46,0,9,20,0,368,0,0,0,77,9,368,65,156,0,0,0,0,65,266,17,0,0,0,156,266,880,0,0,17,880,0,0,0,0,0,0,0,0
project/sim_ext.py --sim-time 1.5 --seq-graph project/file/graph_15_nodes.json --traffic project/file/traffic_15_nodes_random.json --inspection-rate 0.001 --mess-rate 0.002,0.589164000001,46,20,75,0,0,46,0,8,20,0,361,0,0,0,75,8,361,65,152,0,0,0,0,65,264,17,0,0,0,152,264,880,0,0,17,880,0,0,0,0,0,0,0,0
project/sim_ext.py --sim-time 1.5 --seq-graph project/file/graph_15_nodes.json --traffic project/file/traffic_15_nodes_random.json --inspection-rate 0.001 --mess-rate 0.002,0.590272999997,46,16,71,0,0,46,0,6,16,0,354,0,0,0,71,6,354,65,152,0,0,0,0,65,258,17,0,0,0,152,258,880,0,0,17,880,0,0,0,0,0,0,0,0
project/sim_ext.py --sim-time 1.5 --seq-graph project/file/graph_15_nodes.json --traffic project/file/traffic_15_nodes_random.json --inspection-rate 0.001 --mess-rate 0.002,0.591768399997,46,13,71,0,0,46,0,3,13,0,352,0,0,0,71,3,352,53,152,0,0,0,0,53,252,17,0,0,0,152,252,880,0,0,17,880,0,0,0,0,0,0,0,0
project/sim_ext.py --sim-time 1.5 --seq-graph project/file/graph_15_nodes.json --traffic project/file/traffic_15_nodes_random.json --inspection-rate 0.001 --mess-rate 0.002,0.592851000001,46,13,71,0,0,46,0,2,13,0,352,0,0,0,71,2,352,51,147,0,0,0,0,51,252,13,0,0,0,146,252,880,0,0,13,880,0,0,0,0,0,0,0,0
project/sim_ext.py --sim-time 1.5 --seq-graph project/file/graph_15_nodes.json --traffic project/file/traffic_15_nodes_random.json --inspection-rate 0.001 --mess-rate 0.002,0.593888000001,46,10,71,0,0,46,0,0,10,0,347,0,0,0,71,0,347,51,144,0,58,0,0,51,250,13,0,0,0,144,250,880,0,0,13,880,0,0,0,58,0,0,0,0
project/sim_ext.py --sim-time 1.5 --seq-graph project/file/graph_15_nodes.json --traffic project/file/traffic_15_nodes_random.json --inspection-rate 0.001 --mess-rate 0.002,0.595078000001,46,8,65,0,0,46,0,0,8,0,345,0,0,0,65,0,345,51,143,0,54,0,0,51,250,13,0,0,0,143,250,880,0,0,13,880,0,0,0,54,0,0,0,0
project/sim_ext.py --sim-time 1.5 --seq-graph project/file/graph_15_nodes.json --traffic project/file/traffic_15_nodes_random.json --inspection-rate 0.001 --mess-rate 0.002,0.5961376272219131,46,8,62,0,0,46,0,0,8,0,345,0,0,0,62,0,345,44,141,0,48,0,0,44,250,10,0,0,0,141,250,880,0,0,10,880,0,0,0,48,0,0,0,0
project/sim_ext.py --sim-time 1.5 --seq-graph project/file/graph_15_nodes.json --traffic project/file/traffic_15_nodes_random.json --inspection-rate 0.001 --mess-rate 0.002,0.597237000001,46,0,60,0,0,46,0,0,0,0,344,0,0,0,60,0,344,41,138,0,45,0,0,41,250,9,0,0,0,138,250,880,0,0,9,880,0,0,0,45,0,0,0,0
project/sim_ext.py --sim-time 1.5 --seq-graph project/file/graph_15_nodes.json --traffic project/file/traffic_15_nodes_random.json --inspection-rate 0.001 --mess-rate 0.002,0.598366000001,46,0,59,0,0,46,0,0,0,0,344,0,0,0,59,0,344,37,135,0,39,0,0,37,250,9,0,0,0,135,250,880,0,0,9,880,0,0,0,39,0,0,0,0
project/sim_ext.py --sim-time 1.5 --seq-graph project/file/graph_15_nodes.json --traffic project/file/traffic_15_nodes_random.json --inspection-rate 0.001 --mess-rate 0.002,0.599373000001,46,0,59,0,0,46,0,0,0,0,344,0,0,0,59,0,344,34,134,0,35,0,0,34,250,9,0,0,0,134,250,880,0,0,9,880,0,0,0,35,0,0,0,0
project/sim_ext.py --sim-time 1.5 --seq-graph project/file/graph_15_nodes.json --traffic project/file/traffic_15_nodes_random.json --inspection-rate 0.001 --mess-rate 0.002,0.6004430024617802,46,0,57,0,0,46,0,0,0,0,344,0,0,0,57,0,344,33,132,0,32,0,0,33,246,9,0,0,0,132,247,880,0,0,9,880,0,0,0,32,0,0,0,0
project/sim_ext.py --sim-time 1.5 --seq-graph project/file/graph_15_nodes.json --traffic project/file/traffic_15_nodes_random.json --inspection-rate 0.001 --mess-rate 0.002,0.601461000001,46,0,57,0,0,46,0,0,0,0,340,0,0,0,57,0,340,32,132,0,30,0,0,32,236,9,0,0,0,132,236,880,0,0,9,880,0,0,0,30,0,0,0,0
project/sim_ext.py --sim-time 1.5 --seq-graph project/file/graph_15_nodes.json --traffic project/file/traffic_15_nodes_random.json --inspection-rate 0.001 --mess-rate 0.002,0.602568000001,46,0,54,0,0,46,0,0,0,0,340,0,0,0,54,0,340,30,132,0,22,0,0,30,236,9,0,0,0,132,236,880,0,0,9,880,0,0,0,22,0,0,0,0
project/sim_ext.py --sim-time 1.5 --seq-graph project/file/graph_15_nodes.json --traffic project/file/traffic_15_nodes_random.json --inspection-rate 0.001 --mess-rate 0.002,0.603689599997,93,59,125,43,50,93,0,59,59,0,411,48,55,50,125,59,411,110,212,45,9,0,44,110,312,65,45,57,48,212,312,958,45,45,66,958,45,55,50,9,45,51,0,57
project/sim_ext.py --sim-time 1.5 --seq-graph project/file/graph_15_nodes.json --traffic project/file/traffic_15_nodes_random.json --inspection-rate 0.001 --mess-rate 0.002,0.604713599997,92,57,120,35,44,92,0,58,57,0,409,48,49,46,120,58,409,107,212,38,8,0,35,107,312,63,42,49,48,212,312,958,43,38,63,958,42,49,46,7,43,44,0,49
project/sim_ext.py --sim-time 1.5 --seq-graph project/file/graph_15_nodes.json --traffic project/file/traffic_15_nodes_random.json --inspection-rate 0.001 --mess-rate 0.002,0.605780000001,89,52,114,22,38,89,0,57,52,0,406,42,45,42,113,57,406,103,212,34,0,0,22,103,307,61,31,39,42,212,307,958,34,34,61,958,31,45,42,0,34,38,0,39
project/sim_ext.py --sim-time 1.5 --seq-graph project/file/graph_15_nodes.json --traffic project/file/traffic_15_nodes_random.json --inspection-rate 0.001 --mess-rate 0.002,0.6068910000009999,70,52,113,12,31,70,0,56,52,0,401,29,30,33,113,56,401,100,212,28,0,0,12,100,300,56,26,32,29,212,300,958,26,28,56,958,26,30,33,0,26,31,0,32
project/sim_ext.py --sim-time 1.5 --seq-graph project/file/graph_15_nodes.json --traffic project/file/traffic_15_nodes_random.json --inspection-rate 0.001 --mess-rate 0.002,0.608018000001,67,48,108,4,24,67,0,54,48,0,397,27,30,25,108,54,397,100,200,25,0,0,4,100,298,54,21,28,27,200,298,958,23,25,54,958,21,30,25,0,23,24,0,28
project/sim_ext.py --sim-time 1.5 --seq-graph project/file/graph_15_nodes.json --traffic project/file/traffic_15_nodes_random.json --inspection-rate 0.001 --mess-rate 0.002,0.609135000001,62,45,108,2,20,62,0,54,45,0,395,20,25,17,108,54,395,98,197,25,0,0,2,98,294,51,15,28,20,197,294,958,16,25,51,958,15,25,17,0,16,20,0,28
project/sim_ext.py --sim-time 1.5 --seq-graph project/file/graph_15_nodes.json --traffic project/file/traffic_15_nodes_random.json --inspection-rate 0.001 --mess-rate 0.002,0.610310000001,60,42,108,0,17,60,0,54,42,0,389,7,15,11,108,54,389,93,193,25,0,0,0,93,289,47,8,18,6,193,289,958,0,25,47,958,8,15,11,0,0,17,0,18
project/sim_ext.py --sim-time 1.5 --seq-graph project/file/graph_15_nodes.json --traffic project/file/traffic_15_nodes_random.json --inspection-rate 0.001 --mess-rate 0.002,0.611405799997,58,39,107,0,11,58,0,54,39,0,387,6,7,2,107,54,387,92,190,25,0,0,0,92,284,47,0,15,6,190,284,958,0,25,47,958,0,7,2,0,0,11,0,15
project/sim_ext.py --sim-time 1.5 --seq-graph project/file/graph_15_nodes.json --traffic project/file/traffic_15_nodes_random.json --inspection-rate 0.001 --mess-rate 0.002,0.612536000001,58,35,104,0,2,58,0,54,35,0,381,4,0,0,104,54,381,87,189,25,0,0,0,87,284,44,0,13,4,189,284,958,0,25,44,958,0,1,0,0,0,2,0,13
project/sim_ext.py --sim-time 1.5 --seq-graph project/file/graph_15_nodes.json --traffic project/file/traffic_15_nodes_random.json --inspection-rate 0.001 --mess-rate 0.002,0.6137049999549999,54,31,102,0,0,54,59,43,31,59,373,2,0,0,102,43,373,84,188,5,0,57,0,84,284,41,0,12,2,188,284,958,0,5,41,958,0,0,0,0,0,0,58,12
project/sim_ext.py --sim-time 1.5 --seq-graph project/file/graph_15_nodes.json --traffic project/file/traffic_15_nodes_random.json --inspection-rate 0.001 --mess-rate 0.002,0.614708000001,54,31,99,0,0,54,56,43,31,56,371,2,0,0,99,43,371,84,188,0,0,55,0,84,284,34,0,4,2,188,284,958,0,0,34,958,0,0,0,0,0,0,55,4
project/sim_ext.py --sim-time 1.5 --seq-graph project/file/graph_15_nodes.json --traffic project/file/traffic_15_nodes_random.json --inspection-rate 0.001 --mess-rate 0.002,0.615769000001,54,27,99,0,0,54,56,41,27,56,370,0,0,0,99,42,370,82,187,0,0,50,0,82,278,34,0,1,0,187,278,958,0,0,34,958,0,0,0,0,0,0,50,0
project/sim_ext.py --sim-time 1.5 --seq-graph project/file/graph_15_nodes.json --traffic project/file/traffic_15_nodes_random.json --inspection-rate 0.001 --mess-rate 0.002,0.616797000001,54,21,96,0,0,54,52,39,21,52,368,0,0,0,96,39,368,77,187,0,0,45,0,77,278,34,0,0,0,187,278,958,0,0,34,958,0,0,0,0,0,0,45,0
project/sim_ext.py --sim-time 1.5 --seq-graph project/file/graph_15_nodes.json --traffic project/file/traffic_15_nodes_random.json --inspection-rate 0.001 --mess-rate 0.002,0.617943000001,54,18,95,0,0,54,52,38,18,52,367,0,0,0,95,38,367,73,185,0,0,40,0,73,274,30,0,0,0,185,274,958,0,0,30,958,0,0,0,0,0,0,40,0
project/sim_ext.py --sim-time 1.5 --seq-graph project/file/graph_15_nodes.json --traffic project/file/traffic_15_nodes_random.json --inspection-rate 0.001 --mess-rate 0.002,0.619193000001,54,15,92,0,0,54,52,35,15,52,361,0,0,0,92,35,361,73,180,0,0,28,0,73,274,29,0,0,0,180,274,958,0,0,29,958,0,0,0,0,0,0,28,0
project/sim_ext.py --sim-time 1.5 --seq-graph project/file/graph_15_nodes.json --traffic project/file/traffic_15_nodes_random.json --inspection-rate 0.001 --mess-rate 0.002,0.6202110000009999,54,10,91,0,0,54,51,32,10,51,361,0,0,0,91,32,361,73,180,0,0,23,0,73,270,28,0,0,0,180,270,958,0,0,28,958,0,0,0,0,0,0,23,0
project/sim_ext.py --sim-time 1.5 --seq-graph project/file/graph_15_nodes.json --traffic project/file/traffic_15_nodes_random.json --inspection-rate 0.001 --mess-rate 0.002,0.621227599997,54,6,90,0,0,54,50,31,6,50,359,0,0,0,90,31,359,71,177,0,0,21,0,71,269,28,0,0,0,177,269,958,0,0,28,958,0,0,0,0,0,0,21,0
project/sim_ext.py --sim-time 1.5 --seq-graph project/file/graph_15_nodes.json --traffic project/file/traffic_15_nodes_random.json --inspection-rate 0.001 --mess-rate 0.002,0.622406000001,54,2,88,0,0,54,46,31,2,46,358,0,0,0,88,31,358,65,174,0,0,14,0,65,267,28,0,0,0,174,267,958,0,0,28,958,0,0,0,0,0,0,13,0
project/sim_ext.py --sim-time 1.5 --seq-graph project/file/graph_15_nodes.json --traffic project/file/traffic_15_nodes_random.json --inspection-rate 0.001 --mess-rate 0.002,0.623429000001,54,2,87,0,0,54,44,31,2,44,358,0,0,0,87,31,358,62,174,0,0,8,0,62,267,28,0,0,0,174,267,958,0,0,28,958,0,0,0,0,0,0,8,0
project/sim_ext.py --sim-time 1.5 --seq-graph project/file/graph_15_nodes.json --traffic project/file/traffic_15_nodes_random.json --inspection-rate 0.001 --mess-rate 0.002,0.624440000001,54,2,83,0,0,54,42,30,2,42,358,0,0,0,83,30,358,62,170,0,0,3,0,62,263,26,0,0,0,170,263,958,0,0,26,958,0,0,0,0,0,0,3,0
project/sim_ext.py --sim-time 1.5 --seq-graph project/file/graph_15_nodes.json --traffic project/file/traffic_15_nodes_random.json --inspection-rate 0.001 --mess-rate 0.002,0.6255218016047682,54,0,79,0,0,54,39,30,0,39,347,0,0,0,79,30,347,62,170,0,0,0,0,62,261,26,0,0,0,170,261,958,0,0,26,958,0,0,0,0,0,0,0,0
project/sim_ext.py --sim-time 1.5 --seq-graph project/file/graph_15_nodes.json --traffic project/file/traffic_15_nodes_random.json --inspection-rate 0.001 --mess-rate 0.002,0.626660000001,54,0,78,0,0,54,37,29,0,37,347,0,0,0,78,29,347,62,167,0,0,0,0,62,258,22,0,0,0,167,258,958,0,0,22,958,0,0,0,0,0,0,0,0
project/sim_ext.py --sim-time 1.5 --seq-graph project/file/graph_15_nodes.json --traffic project/file/traffic_15_nodes_random.json --inspection-rate 0.001 --mess-rate 0.002,0.627741000001,54,0,78,0,0,54,37,25,0,37,347,0,0,0,78,25,347,57,167,0,0,0,0,57,257,20,0,0,0,167,257,958,0,0,20,958,0,0,0,0,0,0,0,0
project/sim_ext.py --sim-time 1.5 --seq-graph project/file/graph_15_nodes.json --traffic project/file/traffic_15_nodes_random.json --inspection-rate 0.001 --mess-rate 0.002,0.628954000001,54,0,76,0,0,54,35,24,0,35,347,0,0,0,76,24,347,56,160,0,0,0,0,56,256,16,0,0,0,160,256,958,0,0,16,958,0,0,0,0,0,0,0,0
project/sim_ext.py --sim-time 1.5 --seq-graph project/file/graph_15_nodes.json --traffic project/file/traffic_15_nodes_random.json --inspection-rate 0.001 --mess-rate 0.002,0.630067000001,54,0,76,0,0,54,34,23,0,34,343,0,0,0,76,23,343,53,158,0,0,0,0,53,256,16,0,0,0,159,256,958,0,0,16,958,0,0,0,0,0,0,0,0
project/sim_ext.py --sim-time 1.5 --seq-graph project/file/graph_15_nodes.json --traffic project/file/traffic_15_nodes_random.json --inspection-rate 0.001 --mess-rate 0.002,0.631090000001,54,0,73,0,0,54,32,21,0,32,338,0,0,0,73,21,338,53,156,0,0,0,0,53,256,15,0,0,0,156,256,958,0,0,15,958,0,0,0,0,0,0,0,0
project/sim_ext.py --sim-time 1.5 --seq-graph project/file/graph_15_nodes.json --traffic project/file/traffic_15_nodes_random.json --inspection-rate 0.001 --mess-rate 0.002,0.632174999959,54,0,70,0,0,54,29,20,0,29,335,0,0,0,70,20,335,53,152,0,0,0,0,53,256,15,0,0,0,152,256,958,0,0,15,958,0,0,0,0,0,0,0,0
project/sim_ext.py --sim-time 1.5 --seq-graph project/file/graph_15_nodes.json --traffic project/file/traffic_15_nodes_random.json --inspection-rate 0.001 --mess-rate 0.002,0.633256000001,54,0,70,0,0,54,29,18,0,29,335,0,0,0,70,18,335,53,152,0,0,0,0,53,256,15,0,0,0,152,256,958,0,0,15,958,0,0,0,0,0,0,0,0
project/sim_ext.py --sim-time 1.5 --seq-graph project/file/graph_15_nodes.json --traffic project/file/traffic_15_nodes_random.json --inspection-rate 0.001 --mess-rate 0.002,0.6342660718716335,54,0,70,0,0,54,24,16,0,24,335,0,0,0,69,16,335,44,152,0,0,0,0,45,247,12,54,0,0,152,248,958,0,0,12,958,54,0,0,0,0,0,0,0
project/sim_ext.py --sim-time 1.5 --seq-graph project/file/graph_15_nodes.json --traffic project/file/traffic_15_nodes_random.json --inspection-rate 0.001 --mess-rate 0.002,0.635343000001,54,0,58,0,0,54,24,13,0,24,330,0,0,0,58,13,330,41,149,0,57,0,0,41,246,12,48,0,0,149,246,958,0,0,12,958,48,0,0,57,0,0,0,0
project/sim_ext.py --sim-time 1.5 --seq-graph project/file/graph_15_nodes.json --traffic project/file/traffic_15_nodes_random.json --inspection-rate 0.001 --mess-rate 0.002,0.6364000000009999,54,0,58,0,0,54,21,12,0,21,325,0,0,0,58,12,325,41,148,0,57,0,0,41,246,7,46,0,0,148,246,958,0,0,7,958,46,0,0,57,0,0,0,0
project/sim_ext.py --sim-time 1.5 --seq-graph project/file/graph_15_nodes.json --traffic project/file/traffic_15_nodes_random.json --inspection-rate 0.001 --mess-rate 0.002,0.637479399997,54,0,50,0,0,54,20,9,0,20,322,0,0,0,50,9,322,38,144,0,47,0,0,38,242,7,44,0,0,144,242,958,0,0,7,958,44,0,0,47,0,0,0,0
project/sim_ext.py --sim-time 1.5 --seq-graph project/file/graph_15_nodes.json --traffic project/file/traffic_15_nodes_random.json --inspection-rate 0.001 --mess-rate 0.002,0.638571000001,54,0,48,0,0,54,19,7,0,19,322,0,0,0,48,7,322,36,144,0,42,0,0,36,240,6,33,0,0,144,240,958,0,0,6,958,33,0,0,42,0,0,0,0
project/sim_ext.py --sim-time 1.5 --seq-graph project/file/graph_15_nodes.json --traffic project/file/traffic_15_nodes_random.json --inspection-rate 0.001 --mess-rate 0.002,0.639668000001,54,0,45,0,0,54,16,4,0,16,322,0,0,0,45,4,322,36,142,0,39,0,0,36,239,4,31,0,0,142,239,958,0,0,4,958,31,0,0,39,0,0,0,0
project/sim_ext.py --sim-time 1.5 --seq-graph project/file/graph_15_nodes.json --traffic project/file/traffic_15_nodes_random.json --inspection-rate 0.001 --mess-rate 0.002,0.640795000001,54,0,42,0,0,54,15,1,0,15,319,0,0,0,42,1,320,35,141,0,33,0,0,35,239,0,28,0,0,141,239,958,0,0,0,958,28,0,0,33,0,0,0,0
project/sim_ext.py --sim-time 1.5 --seq-graph project/file/graph_15_nodes.json --traffic project/file/traffic_15_nodes_random.json --inspection-rate 0.001 --mess-rate 0.002,0.6418279187876093,54,0,42,0,0,54,15,0,0,15,319,0,0,0,42,0,319,32,138,0,28,0,0,32,234,0,25,0,0,138,234,958,0,0,0,958,25,0,0,28,0,0,0,0
project/sim_ext.py --sim-time 1.5 --seq-graph project/file/graph_15_nodes.json --traffic project/file/traffic_15_nodes_random.json --inspection-rate 0.001 --mess-rate 0.002,0.6428613794943564,54,0,39,0,0,54,15,0,0,15,319,0,0,0,39,0,319,31,134,0,24,0,0,31,234,0,24,0,0,134,234,958,0,0,0,958,24,0,0,24,0,0,0,0
project/sim_ext.py --sim-time 1.5 --seq-graph project/file/graph_15_nodes.json --traffic project/file/traffic_15_nodes_random.json --inspection-rate 0.001 --mess-rate 0.002,0.643987000001,54,0,36,0,0,54,14,0,0,14,319,0,0,0,36,0,319,25,134,0,16,0,0,25,228,0,20,0,0,134,228,958,0,0,0,958,20,0,0,16,0,0,0,0
project/sim_ext.py --sim-time 1.5 --seq-graph project/file/graph_15_nodes.json --traffic project/file/traffic_15_nodes_random.json --inspection-rate 0.001 --mess-rate 0.002,0.644990000001,105,56,106,40,44,105,69,75,56,69,380,41,46,45,106,75,380,104,207,42,0,49,40,104,307,50,0,50,41,207,307,1038,36,42,50,1038,0,46,45,0,36,44,49,50
project/sim_ext.py --sim-time 1.5 --seq-graph project/file/graph_15_nodes.json --traffic project/file/traffic_15_nodes_random.json --inspection-rate 0.001 --mess-rate 0.002,0.646159000001,105,55,102,40,42,105,67,75,55,67,376,40,36,38,102,75,376,103,205,33,0,38,40,103,299,48,0,45,40,205,299,1038,36,33,48,1038,0,36,38,0,36,42,38,45
project/sim_ext.py --sim-time 1.5 --seq-graph project/file/graph_15_nodes.json --traffic project/file/traffic_15_nodes_random.json --inspection-rate 0.001 --mess-rate 0.002,0.647305599997,96,51,99,31,32,97,60,75,51,60,369,40,25,34,99,75,369,102,205,30,0,35,30,102,299,40,0,40,40,205,299,1038,36,30,40,1038,0,25,34,0,36,32,35,39
project/sim_ext.py --sim-time 1.5 --seq-graph project/file/graph_15_nodes.json --traffic project/file/traffic_15_nodes_random.json --inspection-rate 0.001 --mess-rate 0.002,0.648385000001,79,49,97,15,29,79,40,75,49,40,366,28,23,19,97,75,366,99,200,22,0,27,16,99,297,38,0,29,28,200,297,1038,27,22,38,1038,0,23,19,0,27,29,27,29
project/sim_ext.py --sim-time 1.5 --seq-graph project/file/graph_15_nodes.json --traffic project/file/traffic_15_nodes_random.json --inspection-rate 0.001 --mess-rate 0.002,0.649522000001,74,49,97,13,23,74,31,75,49,31,364,26,10,16,97,75,364,96,197,22,0,26,13,96,293,32,0,26,26,197,293,1038,23,22,32,1038,0,9,16,0,23,23,26,26
project/sim_ext.py --sim-time 1.5 --seq-graph project/file/graph_15_nodes.json --traffic project/file/traffic_15_nodes_random.json --inspection-rate 0.001 --mess-rate 0.002,0.650601000001,71,42,93,5,19,71,28,75,42,28,359,21,2,9,94,75,359,91,193,22,0,25,5,91,291,31,0,20,21,193,291,1038,18,22,31,1038,0,2,9,0,18,19,26,20
project/sim_ext.py --sim-time 1.5 --seq-graph project/file/graph_15_nodes.json --traffic project/file/traffic_15_nodes_random.json --inspection-rate 0.001 --mess-rate 0.002,0.651642000001,60,39,91,0,15,60,11,75,39,10,359,14,0,0,91,75,359,87,189,9,0,17,0,87,289,22,0,13,14,189,289,1038,9,9,22,1038,0,0,0,0,9,15,17,13
project/sim_ext.py --sim-time 1.5 --seq-graph project/file/graph_15_nodes.json --traffic project/file/traffic_15_nodes_random.json --inspection-rate 0.001 --mess-rate 0.002,0.6527970000009999,60,35,84,0,11,60,8,75,36,8,359,12,0,0,84,75,359,87,189,0,0,3,0,87,289,22,0,13,12,189,289,1038,5,0,22,1038,0,0,0,0,5,11,3,13
project/sim_ext.py --sim-time 1.5 --seq-graph project/file/graph_15_nodes.json --traffic project/file/traffic_15_nodes_random.json --inspection-rate 0.001 --mess-rate 0.002,0.653959399997,60,30,84,0,11,60,4,75,30,4,359,6,0,0,84,75,359,84,189,0,0,0,0,84,286,22,0,13,6,189,286,1038,0,0,22,1038,0,0,0,0,0,11,0,13
project/sim_ext.py --sim-time 1.5 --seq-graph project/file/graph_15_nodes.json --traffic project/file/traffic_15_nodes_random.json --inspection-rate 0.001 --mess-rate 0.002,0.655109000001,60,28,78,0,0,60,4,75,28,4,359,1,0,0,78,75,359,82,189,0,0,0,0,82,286,17,0,7,1,189,286,1038,0,0,17,1038,0,0,0,0,0,0,0,7
project/sim_ext.py --sim-time 1.5 --seq-graph project/file/graph_15_nodes.json --traffic project/file/traffic_15_nodes_random.json --inspection-rate 0.001 --mess-rate 0.002,0.656314999951,60,28,74,0,0,60,0,75,28,0,359,0,0,0,74,75,359,82,177,0,0,0,0,82,286,8,0,4,0,177,286,1038,0,0,8,1038,0,0,0,0,0,0,0,4
project/sim_ext.py --sim-time 1.5 --seq-graph project/file/graph_15_nodes.json --traffic project/file/traffic_15_nodes_random.json --inspection-rate 0.001 --mess-rate 0.002,0.6574570000009999,60,24,74,0,0,60,0,75,24,0,348,0,0,0,74,75,348,79,175,0,0,0,0,79,280,7,0,2,0,175,280,1038,0,0,7,1038,0,0,0,0,0,0,0,1
project/sim_ext.py --sim-time 1.5 --seq-graph project/file/graph_15_nodes.json --traffic project/file/traffic_15_nodes_random.json --inspection-rate 0.001 --mess-rate 0.002,0.658513000001,60,18,74,0,0,60,0,75,18,0,345,0,0,0,74,75,345,77,175,0,0,0,0,77,280,7,0,0,0,175,280,1038,0,0,7,1038,0,0,0,0,0,0,0,0
project/sim_ext.py --sim-time 1.5 --seq-graph project/file/graph_15_nodes.json --traffic project/file/traffic_15_nodes_random.json --inspection-rate 0.001 --mess-rate 0.002,0.659633999997,60,12,74,0,0,60,0,75,12,0,345,0,0,0,74,75,345,77,169,0,0,0,0,77,278,5,0,0,0,169,278,1038,0,0,5,1038,0,0,0,0,0,0,0,0
project/sim_ext.py --sim-time 1.5 --seq-graph project/file/graph_15_nodes.json --traffic project/file/traffic_15_nodes_random.json --inspection-rate 0.001 --mess-rate 0.002,0.6607071635083508,60,8,74,0,0,60,0,75,8,0,344,0,0,0,74,75,344,77,168,0,0,0,0,77,278,2,0,0,0,167,278,1038,0,0,2,1038,0,0,0,0,0,0,0,0
project/sim_ext.py --sim-time 1.5 --seq-graph project/file/graph_15_nodes.json --traffic project/file/traffic_15_nodes_random.json --inspection-rate 0.001 --mess-rate 0.002,0.6617414205075581,60,8,67,0,0,60,0,75,8,0,344,0,0,0,67,75,344,77,164,0,0,0,0,77,278,2,0,0,0,164,278,1038,0,0,2,1038,0,0,0,0,0,0,0,0
project/sim_ext.py --sim-time 1.5 --seq-graph project/file/graph_15_nodes.json --traffic project/file/traffic_15_nodes_random.json --inspection-rate 0.001 --mess-rate 0.002,0.662817000001,60,8,67,0,0,60,0,75,8,0,340,0,0,0,67,75,340,77,158,0,0,0,0,77,276,0,0,0,0,158,276,1038,0,0,0,1038,0,0,0,0,0,0,0,0
project/sim_ext.py --sim-time 1.5 --seq-graph project/file/graph_15_nodes.json --traffic project/file/traffic_15_nodes_random.json --inspection-rate 0.001 --mess-rate 0.002,0.664055000001,60,0,64,0,0,60,0,75,0,0,338,0,0,0,64,75,338,74,158,0,0,0,0,75,272,0,0,0,0,158,272,1038,0,0,0,1038,0,0,0,0,0,0,0,0
project/sim_ext.py --sim-time 1.5 --seq-graph project/file/graph_15_nodes.json --traffic project/file/traffic_15_nodes_random.json --inspection-rate 0.001 --mess-rate 0.002,0.665064999955,60,0,62,0,0,60,0,75,0,0,338,0,0,0,62,75,338,67,153,0,0,0,0,67,272,0,0,0,0,153,272,1038,0,0,0,1038,0,0,0,0,0,0,0,0
project/sim_ext.py --sim-time 1.5 --seq-graph project/file/graph_15_nodes.json --traffic project/file/traffic_15_nodes_random.json --inspection-rate 0.001 --mess-rate 0.002,0.666364999951,60,0,62,0,0,60,0,75,0,0,337,0,0,0,62,75,337,65,153,0,0,0,0,65,272,0,0,0,0,153,272,1038,0,0,0,1038,0,0,0,0,0,0,0,0
project/sim_ext.py --sim-time 1.5 --seq-graph project/file/graph_15_nodes.json --traffic project/file/traffic_15_nodes_random.json --inspection-rate 0.001 --mess-rate 0.002,0.667421000001,60,0,58,0,0,60,0,75,0,0,337,0,0,0,58,75,337,61,151,0,0,0,0,61,269,0,0,0,0,151,269,1038,0,0,0,1038,0,0,0,0,0,0,0,0
project/sim_ext.py --sim-time 1.5 --seq-graph project/file/graph_15_nodes.json --traffic project/file/traffic_15_nodes_random.json --inspection-rate 0.001 --mess-rate 0.002,0.668633000001,60,0,54,0,0,60,0,75,0,0,336,0,0,0,54,75,336,61,150,0,0,0,0,61,265,0,0,0,0,150,265,1038,0,0,0,1038,0,0,0,0,0,0,0,0
project/sim_ext.py --sim-time 1.5 --seq-graph project/file/graph_15_nodes.json --traffic project/file/traffic_15_nodes_random.json --inspection-rate 0.001 --mess-rate 0.002,0.669886799997,60,0,53,0,0,60,0,75,0,0,336,0,0,0,53,75,336,60,145,0,0,0,0,60,263,0,0,0,0,145,263,1038,0,0,0,1038,0,0,0,0,0,0,0,0
project/sim_ext.py --sim-time 1.5 --seq-graph project/file/graph_15_nodes.json --traffic project/file/traffic_15_nodes_random.json --inspection-rate 0.001 --mess-rate 0.002,0.670905000001,60,0,51,0,0,60,0,75,0,0,336,0,0,0,51,75,336,58,145,0,0,0,0,58,263,0,0,0,0,145,263,1038,0,0,0,1038,0,0,0,0,0,0,0,0
project/sim_ext.py --sim-time 1.5 --seq-graph project/file/graph_15_nodes.json --traffic project/file/traffic_15_nodes_random.json --inspection-rate 0.001 --mess-rate 0.002,0.6719200000009999,60,0,51,0,0,60,0,75,0,0,336,0,0,0,51,75,336,56,144,0,0,0,0,56,263,0,0,0,0,144,263,1038,0,0,0,1038,0,0,0,0,0,0,0,0
project/sim_ext.py --sim-time 1.5 --seq-graph project/file/graph_15_nodes.json --traffic project/file/traffic_15_nodes_random.json --inspection-rate 0.001 --mess-rate 0.002,0.673285000001,60,0,51,0,0,60,0,75,0,0,336,0,0,0,51,75,336,54,142,0,0,0,0,54,263,0,0,0,0,142,263,1038,0,0,0,1038,0,0,0,0,0,0,0,0
project/sim_ext.py --sim-time 1.5 --seq-graph project/file/graph_15_nodes.json --traffic project/file/traffic_15_nodes_random.json --inspection-rate 0.001 --mess-rate 0.002,0.6744293182538467,60,0,51,0,0,60,0,75,0,0,336,0,0,0,51,75,336,54,138,0,0,0,0,54,258,0,0,0,0,138,258,1038,0,0,0,1038,0,0,0,0,0,0,0,0
project/sim_ext.py --sim-time 1.5 --seq-graph project/file/graph_15_nodes.json --traffic project/file/traffic_15_nodes_random.json --inspection-rate 0.001 --mess-rate 0.002,0.675546599997,98,60,121,33,51,98,33,155,60,32,403,43,40,45,121,155,403,128,215,55,0,54,34,128,332,52,47,46,43,215,332,1118,44,55,52,1118,47,40,46,0,44,51,54,46
project/sim_ext.py --sim-time 1.5 --seq-graph project/file/graph_15_nodes.json --traffic project/file/traffic_15_nodes_random.json --inspection-rate 0.001 --mess-rate 0.002,0.676850000001,89,55,120,18,44,89,14,143,55,14,400,37,28,43,120,143,400,123,213,44,58,45,18,123,326,49,35,42,37,213,326,1118,37,44,49,1118,35,28,43,57,37,44,46,42
project/sim_ext.py --sim-time 1.5 --seq-graph project/file/graph_15_nodes.json --traffic project/file/traffic_15_nodes_random.json --inspection-rate 0.001 --mess-rate 0.002,0.6779660000009999,80,54,111,2,36,80,12,140,54,12,397,36,23,31,111,140,397,121,213,34,51,36,2,121,326,38,20,32,36,213,326,1118,37,34,38,1118,20,23,31,51,37,36,35,32
project/sim_ext.py --sim-time 1.5 --seq-graph project/file/graph_15_nodes.json --traffic project/file/traffic_15_nodes_random.json --inspection-rate 0.001 --mess-rate 0.002,0.678968399997,68,51,103,0,22,68,0,140,51,0,389,24,14,22,103,140,389,118,213,22,39,24,0,118,318,32,14,29,24,213,318,1118,20,21,32,1118,14,14,22,40,20,22,24,29
project/sim_ext.py --sim-time 1.5 --seq-graph project/file/graph_15_nodes.json --traffic project/file/traffic_15_nodes_random.json --inspection-rate 0.001 --mess-rate 0.002,0.679971199997,67,51,103,0,19,67,0,140,51,0,382,17,10,17,103,140,382,116,213,16,33,23,0,116,318,23,11,22,17,213,318,1118,16,16,23,1118,11,10,17,33,16,19,23,22
project/sim_ext.py --sim-time 1.5 --seq-graph project/file/graph_15_nodes.json --traffic project/file/traffic_15_nodes_random.json --inspection-rate 0.001 --mess-rate 0.002,0.6810430000009999,65,50,100,0,13,65,0,139,50,0,374,11,0,13,100,139,374,116,200,10,22,12,0,116,318,18,11,11,11,199,318,1118,11,10,18,1118,11,0,13,22,11,13,12,11
project/sim_ext.py --sim-time 1.5 --seq-graph project/file/graph_15_nodes.json --traffic project/file/traffic_15_nodes_random.json --inspection-rate 0.001 --mess-rate 0.002,0.682115199997,65,47,100,0,8,65,0,135,47,0,367,8,0,6,100,135,367,114,197,0,18,0,0,114,313,10,5,9,8,197,313,1118,5,0,10,1118,5,0,5,18,5,8,0,9
project/sim_ext.py --sim-time 1.5 --seq-graph project/file/graph_15_nodes.json --traffic project/file/traffic_15_nodes_random.json --inspection-rate 0.001 --mess-rate 0.002,0.6832521999969999,65,45,96,0,3,65,0,135,45,0,364,2,0,0,96,135,364,112,194,0,9,0,0,112,309,4,2,0,2,194,309,1118,0,0,4,1118,2,0,0,9,0,3,0,0
project/sim_ext.py --sim-time 1.5 --seq-graph project/file/graph_15_nodes.json --traffic project/file/traffic_15_nodes_random.json --inspection-rate 0.001 --mess-rate 0.002,0.684440000001,60,41,96,0,0,60,0,135,41,0,364,2,0,0,96,135,364,110,194,0,5,0,0,110,309,4,0,0,2,194,309,1118,0,0,4,1118,0,0,0,5,0,0,0,0
project/sim_ext.py --sim-time 1.5 --seq-graph project/file/graph_15_nodes.json --traffic project/file/traffic_15_nodes_random.json --inspection-rate 0.001 --mess-rate 0.002,0.685534999951,60,33,90,0,0,60,0,135,33,0,362,2,0,0,90,135,362,110,194,0,5,0,0,110,309,3,0,0,2,194,309,1118,0,0,3,1118,0,0,0,5,0,0,0,0
project/sim_ext.py --sim-time 1.5 --seq-graph project/file/graph_15_nodes.json --traffic project/file/traffic_15_nodes_random.json --inspection-rate 0.001 --mess-rate 0.002,0.686674000001,60,31,87,0,0,60,0,135,31,0,357,0,0,0,87,135,357,101,194,0,0,0,0,101,303,3,0,0,0,194,302,1118,0,0,3,1118,0,0,0,0,0,0,0,0
project/sim_ext.py --sim-time 1.5 --seq-graph project/file/graph_15_nodes.json --traffic project/file/traffic_15_nodes_random.json --inspection-rate 0.001 --mess-rate 0.002,0.6877843209020091,60,28,87,0,0,60,0,135,28,0,357,0,0,0,87,135,357,101,194,0,0,0,0,101,300,3,0,0,0,194,300,1118,0,0,3,1118,0,0,0,0,0,0,0,0
project/sim_ext.py --sim-time 1.5 --seq-graph project/file/graph_15_nodes.json --traffic project/file/traffic_15_nodes_random.json --inspection-rate 0.001 --mess-rate 0.002,0.6888190000009999,60,28,81,0,0,60,0,135,28,0,355,0,0,0,81,135,355,101,194,0,0,0,0,101,299,3,0,0,0,194,299,1118,0,0,3,1118,0,0,0,0,0,0,0,0
project/sim_ext.py --sim-time 1.5 --seq-graph project/file/graph_15_nodes.json --traffic project/file/traffic_15_nodes_random.json --inspection-rate 0.001 --mess-rate 0.002,0.689932000001,60,28,76,0,0,60,0,135,28,0,353,0,0,0,76,135,353,101,186,0,0,0,0,101,297,1,0,0,0,186,297,1118,0,0,1,1118,0,0,0,0,0,0,0,0
project/sim_ext.py --sim-time 1.5 --seq-graph project/file/graph_15_nodes.json --traffic project/file/traffic_15_nodes_random.json --inspection-rate 0.001 --mess-rate 0.002,0.6909816434361397,60,25,72,0,0,60,0,135,25,0,353,0,0,0,72,135,353,101,185,0,0,0,0,101,294,1,0,0,0,185,294,1118,0,0,1,1118,0,0,0,0,0,0,0,0
project/sim_ext.py --sim-time 1.5 --seq-graph project/file/graph_15_nodes.json --traffic project/file/traffic_15_nodes_random.json --inspection-rate 0.001 --mess-rate 0.002,0.6921410655805046,60,23,68,0,0,60,0,135,23,0,350,0,0,0,68,135,350,101,183,0,0,0,0,101,292,0,0,0,0,183,292,1118,0,0,0,1118,0,0,0,0,0,0,0,0
project/sim_ext.py --sim-time 1.5 --seq-graph project/file/graph_15_nodes.json --traffic project/file/traffic_15_nodes_random.json --inspection-rate 0.001 --mess-rate 0.002,0.693191399997,60,19,65,0,0,60,0,135,19,0,350,0,0,0,65,135,350,99,183,0,0,0,0,100,290,0,0,0,0,183,290,1118,0,0,0,1118,0,0,0,0,0,0,0,0
project/sim_ext.py --sim-time 1.5 --seq-graph project/file/graph_15_nodes.json --traffic project/file/traffic_15_nodes_random.json --inspection-rate 0.001 --mess-rate 0.002,0.694238799997,60,15,65,0,0,60,0,135,15,0,350,0,0,0,65,135,350,84,176,0,0,0,0,84,288,0,0,0,0,175,288,1118,0,0,0,1118,0,0,0,0,0,0,0,0
project/sim_ext.py --sim-time 1.5 --seq-graph project/file/graph_15_nodes.json --traffic project/file/traffic_15_nodes_random.json --inspection-rate 0.001 --mess-rate 0.002,0.695279000001,60,13,65,0,0,60,0,135,13,0,347,0,0,0,65,135,347,82,172,0,0,0,0,82,288,0,0,0,0,172,288,1118,0,0,0,1118,0,0,0,0,0,0,0,0
project/sim_ext.py --sim-time 1.5 --seq-graph project/file/graph_15_nodes.json --traffic project/file/traffic_15_nodes_random.json --inspection-rate 0.001 --mess-rate 0.002,0.696364999951,60,11,62,0,0,60,0,135,11,0,347,0,0,0,62,135,347,82,172,0,0,0,0,82,288,0,0,0,0,172,288,1118,0,0,0,1118,0,0,0,0,0,0,0,0
project/sim_ext.py --sim-time 1.5 --seq-graph project/file/graph_15_nodes.json --traffic project/file/traffic_15_nodes_random.json --inspection-rate 0.001 --mess-rate 0.002,0.697804000001,60,6,54,0,0,60,0,135,6,0,342,0,0,0,54,135,342,79,170,0,0,0,0,79,288,0,0,0,0,170,288,1118,0,0,0,1118,0,0,0,0,0,0,0,0
project/sim_ext.py --sim-time 1.5 --seq-graph project/file/graph_15_nodes.json --traffic project/file/traffic_15_nodes_random.json --inspection-rate 0.001 --mess-rate 0.002,0.699295000001,60,6,54,0,0,60,0,135,6,0,342,0,0,0,54,135,342,79,170,0,0,0,0,79,281,0,0,0,0,170,281,1118,0,0,0,1118,0,0,0,0,0,0,0,0
project/sim_ext.py --sim-time 1.5 --seq-graph project/file/graph_15_nodes.json --traffic project/file/traffic_15_nodes_random.json --inspection-rate 0.001 --mess-rate 0.002,0.7003920619393789,60,0,50,0,0,60,0,135,0,0,339,0,0,0,50,135,339,70,170,0,0,0,0,70,281,0,0,0,0,170,281,1118,0,0,0,1118,0,0,0,0,0,0,0,0
project/sim_ext.py --sim-time 1.5 --seq-graph project/file/graph_15_nodes.json --traffic project/file/traffic_15_nodes_random.json --inspection-rate 0.001 --mess-rate 0.002,0.701445000001,60,0,47,0,0,60,0,135,0,0,339,0,0,0,47,135,339,69,160,0,0,0,0,69,280,0,0,0,0,160,280,1118,0,0,0,1118,0,0,0,0,0,0,0,0
project/sim_ext.py --sim-time 1.5 --seq-graph project/file/graph_15_nodes.json --traffic project/file/traffic_15_nodes_random.json --inspection-rate 0.001 --mess-rate 0.002,0.702522000001,60,0,45,0,0,60,0,135,0,0,338,0,0,0,45,135,338,67,157,0,0,0,0,67,280,0,0,0,0,157,280,1118,0,0,0,1118,0,0,0,0,0,0,0,0
project/sim_ext.py --sim-time 1.5 --seq-graph project/file/graph_15_nodes.json --traffic project/file/traffic_15_nodes_random.json --inspection-rate 0.001 --mess-rate 0.002,0.703649999947,60,0,45,0,0,60,0,135,0,0,337,0,0,0,45,135,337,65,157,0,0,0,0,65,279,0,0,0,0,157,279,1118,0,0,0,1118,0,0,0,0,0,0,0,0
project/sim_ext.py --sim-time 1.5 --seq-graph project/file/graph_15_nodes.json --traffic project/file/traffic_15_nodes_random.json --inspection-rate 0.001 --mess-rate 0.002,0.704743000001,60,0,45,0,0,60,0,135,0,0,335,0,0,0,45,135,335,63,153,0,0,0,0,63,277,0,0,0,0,153,277,1118,0,0,0,1118,0,0,0,0,0,0,0,0
project/sim_ext.py --sim-time 1.5 --seq-graph project/file/graph_15_nodes.json --traffic project/file/traffic_15_nodes_random.json --inspection-rate 0.001 --mess-rate 0.002,0.705863399997,123,0,45,56,0,123,0,203,0,0,333,58,0,0,45,203,334,141,233,63,0,0,57,141,276,57,56,0,58,233,276,1118,56,64,58,1118,57,0,0,0,57,0,0,0
project/sim_ext.py --sim-time 1.5 --seq-graph project/file/graph_15_nodes.json --traffic project/file/traffic_15_nodes_random.json --inspection-rate 0.001 --mess-rate 0.002,0.706887000001,117,0,36,38,0,117,0,202,0,0,330,53,0,0,36,202,330,139,233,60,0,0,38,139,276,51,41,0,53,233,276,1107,48,60,51,1107,41,0,0,0,48,0,0,0
project/sim_ext.py --sim-time 1.5 --seq-graph project/file/graph_15_nodes.json --traffic project/file/traffic_15_nodes_random.json --inspection-rate 0.001 --mess-rate 0.002,0.707947000001,113,0,34,37,0,113,0,200,0,0,328,52,0,0,34,200,328,139,233,55,0,0,37,139,276,51,41,0,52,233,276,1107,48,55,51,1107,41,0,0,0,48,0,0,0
project/sim_ext.py --sim-time 1.5 --seq-graph project/file/graph_15_nodes.json --traffic project/file/traffic_15_nodes_random.json --inspection-rate 0.001 --mess-rate 0.002,0.708959000001,112,0,32,35,0,112,0,200,0,0,326,49,0,0,32,200,326,134,216,55,0,0,35,134,276,42,26,0,49,216,276,1099,33,55,42,1099,26,0,0,0,33,0,0,0
project/sim_ext.py --sim-time 1.5 --seq-graph project/file/graph_15_nodes.json --traffic project/file/traffic_15_nodes_random.json --inspection-rate 0.001 --mess-rate 0.002,0.710381000001,112,0,32,35,0,112,0,200,0,0,325,42,0,0,32,200,325,133,215,55,0,0,35,133,268,42,20,0,42,215,268,1099,27,55,42,1099,20,0,0,0,27,0,0,0
project/sim_ext.py --sim-time 1.5 --seq-graph project/file/graph_15_nodes.json --traffic project/file/traffic_15_nodes_random.json --inspection-rate 0.001 --mess-rate 0.002,0.711452000001,112,0,30,35,0,112,0,198,0,0,325,42,0,0,30,198,325,132,212,45,0,0,35,132,268,42,19,0,42,212,268,1099,27,44,42,1099,19,0,0,0,27,0,0,0
project/sim_ext.py --sim-time 1.5 --seq-graph project/file/graph_15_nodes.json --traffic project/file/traffic_15_nodes_random.json --inspection-rate 0.001 --mess-rate 0.002,0.713030000001,112,0,28,35,0,112,0,194,0,0,325,37,0,0,28,194,325,129,209,37,0,0,35,129,266,38,11,0,37,209,266,1096,16,37,38,1096,10,0,0,0,16,0,0,0
project/sim_ext.py --sim-time 1.5 --seq-graph project/file/graph_15_nodes.json --traffic project/file/traffic_15_nodes_random.json --inspection-rate 0.001 --mess-rate 0.002,0.714045000001,112,0,28,35,0,112,0,188,0,0,314,32,0,0,28,188,314,129,202,35,0,0,35,129,266,32,4,0,32,202,266,1094,6,35,32,1094,3,0,0,0,6,0,0,0
project/sim_ext.py --sim-time 1.5 --seq-graph project/file/graph_15_nodes.json --traffic project/file/traffic_15_nodes_random.json --inspection-rate 0.001 --mess-rate 0.002,0.715630000001,112,0,24,35,0,112,0,186,0,0,314,29,0,0,24,186,314,124,201,30,0,0,35,124,266,32,0,0,29,201,266,1094,2,30,32,1094,0,0,0,0,2,0,0,0
project/sim_ext.py --sim-time 1.5 --seq-graph project/file/graph_15_nodes.json --traffic project/file/traffic_15_nodes_random.json --inspection-rate 0.001 --mess-rate 0.002,0.716653799997,68,58,103,0,52,68,32,179,58,32,380,15,44,43,103,179,380,110,201,18,0,59,0,110,346,32,0,50,15,201,346,1174,0,18,32,1174,0,44,43,0,0,52,59,49
project/sim_ext.py --sim-time 1.5 --seq-graph project/file/graph_15_nodes.json --traffic project/file/traffic_15_nodes_random.json --inspection-rate 0.001 --mess-rate 0.002,0.717685000001,61,56,99,0,40,61,26,174,56,26,380,14,40,43,99,174,380,99,200,14,58,48,0,99,346,16,0,42,14,200,346,1162,0,14,16,1162,0,40,43,58,0,40,48,42
project/sim_ext.py --sim-time 1.5 --seq-graph project/file/graph_15_nodes.json --traffic project/file/traffic_15_nodes_random.json --inspection-rate 0.001 --mess-rate 0.002,0.718870399997,52,52,98,0,36,51,23,171,52,23,366,7,28,34,98,171,366,93,198,12,47,44,0,93,346,16,0,36,7,198,346,1161,0,12,16,1161,0,28,34,47,0,36,44,36
project/sim_ext.py --sim-time 1.5 --seq-graph project/file/graph_15_nodes.json --traffic project/file/traffic_15_nodes_random.json --inspection-rate 0.001 --mess-rate 0.002,0.719911000001,50,48,96,0,29,50,17,171,48,17,364,3,20,27,96,171,364,85,195,12,38,37,0,85,346,14,0,33,3,195,346,1160,0,12,14,1160,0,20,27,38,0,29,37,33
project/sim_ext.py --sim-time 1.5 --seq-graph project/file/graph_15_nodes.json --traffic project/file/traffic_15_nodes_random.json --inspection-rate 0.001 --mess-rate 0.002,0.721003000001,42,41,93,0,22,42,11,161,41,11,359,0,12,18,93,161,359,73,193,10,28,31,0,73,346,14,0,28,0,193,346,1160,0,10,14,1160,0,12,18,28,0,22,31,28
project/sim_ext.py --sim-time 1.5 --seq-graph project/file/graph_15_nodes.json --traffic project/file/traffic_15_nodes_random.json --inspection-rate 0.001 --mess-rate 0.002,0.722133000001,42,41,91,0,21,42,9,156,41,8,356,0,6,15,91,156,356,69,192,8,21,21,0,69,336,14,0,21,0,192,336,1160,0,8,14,1160,0,6,15,21,0,22,21,21
project/sim_ext.py --sim-time 1.5 --seq-graph project/file/graph_15_nodes.json --traffic project/file/traffic_15_nodes_random.json --inspection-rate 0.001 --mess-rate 0.002,0.723152000001,27,39,89,0,6,27,0,154,39,0,348,0,0,5,89,154,348,61,190,3,18,14,0,61,335,14,0,16,0,190,335,1160,0,3,14,1160,0,0,5,18,0,6,14,16
project/sim_ext.py --sim-time 1.5 --seq-graph project/file/graph_15_nodes.json --traffic project/file/traffic_15_nodes_random.json --inspection-rate 0.001 --mess-rate 0.002,0.724268000001,27,33,88,0,0,27,0,153,33,0,345,0,0,0,88,153,345,59,190,2,14,14,0,59,335,11,0,16,0,190,335,1160,0,2,11,1160,0,0,0,14,0,0,14,16
project/sim_ext.py --sim-time 1.5 --seq-graph project/file/graph_15_nodes.json --traffic project/file/traffic_15_nodes_random.json --inspection-rate 0.001 --mess-rate 0.002,0.725682000001,24,33,88,0,0,24,0,147,33,0,333,0,0,0,88,147,333,46,190,0,3,0,0,46,330,11,0,6,0,190,330,1160,0,0,11,1160,0,0,0,3,0,0,0,6
project/sim_ext.py --sim-time 1.5 --seq-graph project/file/graph_15_nodes.json --traffic project/file/traffic_15_nodes_random.json --inspection-rate 0.001 --mess-rate 0.002,0.726919000001,24,25,88,0,0,24,0,146,25,0,332,0,0,0,88,146,332,46,179,0,0,0,0,46,326,11,0,6,0,179,326,1160,0,0,11,1160,0,0,0,0,0,0,0,6
project/sim_ext.py --sim-time 1.5 --seq-graph project/file/graph_15_nodes.json --traffic project/file/traffic_15_nodes_random.json --inspection-rate 0.001 --mess-rate 0.002,0.728155000001,24,20,81,0,0,24,0,143,20,0,331,0,0,0,81,143,331,46,175,0,0,0,0,46,322,11,0,6,0,176,322,1160,0,0,11,1160,0,0,0,0,0,0,0,6
project/sim_ext.py --sim-time 1.5 --seq-graph project/file/graph_15_nodes.json --traffic project/file/traffic_15_nodes_random.json --inspection-rate 0.001 --mess-rate 0.002,0.729334000001,24,18,78,0,0,24,0,140,18,0,329,0,0,0,78,140,329,43,175,0,0,0,0,43,322,8,0,6,0,175,322,1160,0,0,8,1160,0,0,0,0,0,0,0,6
project/sim_ext.py --sim-time 1.5 --seq-graph project/file/graph_15_nodes.json --traffic project/file/traffic_15_nodes_random.json --inspection-rate 0.001 --mess-rate 0.002,0.730529000001,24,15,77,0,0,24,0,138,15,0,329,0,0,0,77,138,329,43,175,0,0,0,0,43,322,8,0,6,0,175,322,1160,0,0,8,1160,0,0,0,0,0,0,0,6
project/sim_ext.py --sim-time 1.5 --seq-graph project/file/graph_15_nodes.json --traffic project/file/traffic_15_nodes_random.json --inspection-rate 0.001 --mess-rate 0.002,0.732140000001,24,12,68,0,0,24,0,134,12,0,327,0,0,0,68,134,327,43,164,0,0,0,0,43,322,7,0,6,0,164,322,1160,0,0,7,1160,0,0,0,0,0,0,0,6
project/sim_ext.py --sim-time 1.5 --seq-graph project/file/graph_15_nodes.json --traffic project/file/traffic_15_nodes_random.json --inspection-rate 0.001 --mess-rate 0.002,0.7331650000009999,24,7,65,0,0,24,0,132,7,0,327,0,0,0,65,132,327,43,162,0,0,0,0,43,311,7,0,6,0,162,311,1160,0,0,7,1160,0,0,0,0,0,0,0,6
project/sim_ext.py --sim-time 1.5 --seq-graph project/file/graph_15_nodes.json --traffic project/file/traffic_15_nodes_random.json --inspection-rate 0.001 --mess-rate 0.002,0.734172000001,24,0,64,0,0,24,0,130,0,0,323,0,0,0,64,130,323,43,158,0,0,0,0,43,311,7,0,6,0,158,311,1160,0,0,7,1160,0,0,0,0,0,0,0,6
project/sim_ext.py --sim-time 1.5 --seq-graph project/file/graph_15_nodes.json --traffic project/file/traffic_15_nodes_random.json --inspection-rate 0.001 --mess-rate 0.002,0.7351775999969999,24,0,64,0,0,24,0,129,0,0,321,0,0,0,64,129,321,33,158,0,0,0,0,34,311,0,0,1,0,158,311,1160,0,0,0,1160,0,0,0,0,0,0,0,1
project/sim_ext.py --sim-time 1.5 --seq-graph project/file/graph_15_nodes.json --traffic project/file/traffic_15_nodes_random.json --inspection-rate 0.001 --mess-rate 0.002,0.736286000001,24,0,64,0,0,24,0,128,0,0,321,0,0,0,64,128,321,28,156,0,0,0,0,28,311,0,76,0,0,156,311,1160,0,0,0,1160,75,0,0,0,0,0,0,0
project/sim_ext.py --sim-time 1.5 --seq-graph project/file/graph_15_nodes.json --traffic project/file/traffic_15_nodes_random.json --inspection-rate 0.001 --mess-rate 0.002,0.737324000001,24,0,57,0,0,24,0,127,0,0,321,0,0,0,57,127,321,24,156,0,0,0,0,24,306,0,60,0,0,156,306,1160,0,0,0,1160,60,0,0,0,0,0,0,0
project/sim_ext.py --sim-time 1.5 --seq-graph project/file/graph_15_nodes.json --traffic project/file/traffic_15_nodes_random.json --inspection-rate 0.001 --mess-rate 0.002,0.738486000001,24,0,56,0,0,24,0,126,0,0,320,0,0,0,56,126,320,24,147,0,0,0,0,24,305,0,60,0,0,147,305,1160,0,0,0,1160,60,0,0,0,0,0,0,0
project/sim_ext.py --sim-time 1.5 --seq-graph project/file/graph_15_nodes.json --traffic project/file/traffic_15_nodes_random.json --inspection-rate 0.001 --mess-rate 0.002,0.739495399997,24,0,52,0,0,24,0,126,0,0,318,0,0,0,52,126,319,24,146,0,0,0,0,24,301,0,60,0,0,145,301,1160,0,0,0,1160,60,0,0,0,0,0,0,0
project/sim_ext.py --sim-time 1.5 --seq-graph project/file/graph_15_nodes.json --traffic project/file/traffic_15_nodes_random.json --inspection-rate 0.001 --mess-rate 0.002,0.740527042888192,24,0,51,0,0,24,0,125,0,0,318,0,0,0,51,125,318,22,142,0,0,0,0,22,301,0,60,0,0,142,301,1160,0,0,0,1160,60,0,0,0,0,0,0,0
project/sim_ext.py --sim-time 1.5 --seq-graph project/file/graph_15_nodes.json --traffic project/file/traffic_15_nodes_random.json --inspection-rate 0.001 --mess-rate 0.002,0.741593000001,24,0,50,0,0,24,0,124,0,0,317,0,0,0,50,124,317,22,139,0,0,0,0,22,296,0,60,0,0,139,297,1160,0,0,0,1160,60,0,0,0,0,0,0,0
project/sim_ext.py --sim-time 1.5 --seq-graph project/file/graph_15_nodes.json --traffic project/file/traffic_15_nodes_random.json --inspection-rate 0.001 --mess-rate 0.002,0.742674000001,24,0,48,0,0,24,0,122,0,0,316,0,0,0,48,122,316,20,137,0,0,0,0,20,294,0,60,0,0,137,294,1160,0,0,0,1160,60,0,0,0,0,0,0,0
project/sim_ext.py --sim-time 1.5 --seq-graph project/file/graph_15_nodes.json --traffic project/file/traffic_15_nodes_random.json --inspection-rate 0.001 --mess-rate 0.002,0.743685000001,24,0,48,0,0,24,0,122,0,0,314,0,0,0,48,122,314,20,135,0,0,0,0,20,292,0,60,0,0,135,292,1160,0,0,0,1160,60,0,0,0,0,0,0,0
project/sim_ext.py --sim-time 1.5 --seq-graph project/file/graph_15_nodes.json --traffic project/file/traffic_15_nodes_random.json --inspection-rate 0.001 --mess-rate 0.002,0.7448041122966684,24,0,48,0,0,24,0,120,0,0,312,0,0,0,48,120,312,17,135,0,0,0,0,17,292,0,60,0,0,135,292,1160,0,0,0,1160,60,0,0,0,0,0,0,0
project/sim_ext.py --sim-time 1.5 --seq-graph project/file/graph_15_nodes.json --traffic project/file/traffic_15_nodes_random.json --inspection-rate 0.001 --mess-rate 0.002,0.745899000001,24,0,48,0,0,24,0,118,0,0,312,0,0,0,48,118,312,17,133,0,0,0,0,17,292,0,60,0,0,133,292,1160,0,0,0,1160,60,0,0,0,0,0,0,0
project/sim_ext.py --sim-time 1.5 --seq-graph project/file/graph_15_nodes.json --traffic project/file/traffic_15_nodes_random.json --inspection-rate 0.001 --mess-rate 0.002,0.746902399997,81,57,128,53,52,81,52,197,57,51,377,53,52,53,128,197,377,87,211,54,0,54,52,87,370,57,36,64,53,211,370,1230,53,54,57,1230,37,53,53,0,54,53,54,64
project/sim_ext.py --sim-time 1.5 --seq-graph project/file/graph_15_nodes.json --traffic project/file/traffic_15_nodes_random.json --inspection-rate 0.001 --mess-rate 0.002,0.747969000001,61,55,128,25,44,61,24,189,55,24,377,43,34,38,128,189,377,86,211,51,0,54,25,86,368,57,25,59,43,211,368,1227,40,51,57,1227,25,34,38,0,40,44,54,59
project/sim_ext.py --sim-time 1.5 --seq-graph project/file/graph_15_nodes.json --traffic project/file/traffic_15_nodes_random.json --inspection-rate 0.001 --mess-rate 0.002,0.74921499994,54,51,117,25,36,54,23,184,51,23,377,34,26,32,117,184,377,86,199,49,0,47,25,86,368,57,25,59,34,199,368,1227,32,49,57,1227,25,26,32,0,32,36,47,59
project/sim_ext.py --sim-time 1.5 --seq-graph project/file/graph_15_nodes.json --traffic project/file/traffic_15_nodes_random.json --inspection-rate 0.001 --mess-rate 0.002,0.750287999997,37,47,115,7,24,37,6,183,47,6,366,30,15,26,115,183,365,76,197,40,0,32,7,76,368,57,6,47,30,197,368,1227,28,40,57,1227,6,15,26,0,28,23,32,47
project/sim_ext.py --sim-time 1.5 --seq-graph project/file/graph_15_nodes.json --traffic project/file/traffic_15_nodes_random.json --inspection-rate 0.001 --mess-rate 0.002,0.751391000001,35,44,115,7,22,35,1,181,44,1,363,18,7,19,115,181,363,72,197,38,0,28,7,72,365,45,5,44,18,197,365,1223,23,38,45,1223,5,7,19,0,23,22,28,43
project/sim_ext.py --sim-time 1.5 --seq-graph project/file/graph_15_nodes.json --traffic project/file/traffic_15_nodes_random.json --inspection-rate 0.001 --mess-rate 0.002,0.752515199997,28,44,115,0,15,28,0,179,44,0,359,7,5,13,115,179,359,64,197,38,0,23,0,64,361,37,0,36,7,197,361,1221,15,38,37,1221,0,5,13,0,15,15,23,36
project/sim_ext.py --sim-time 1.5 --seq-graph project/file/graph_15_nodes.json --traffic project/file/traffic_15_nodes_random.json --inspection-rate 0.001 --mess-rate 0.002,0.753614999947,27,37,106,0,9,27,0,173,37,0,359,2,5,8,106,173,359,63,197,29,0,16,0,63,361,35,0,36,2,197,361,1220,13,29,35,1220,0,5,8,0,13,9,16,36
project/sim_ext.py --sim-time 1.5 --seq-graph project/file/graph_15_nodes.json --traffic project/file/traffic_15_nodes_random.json --inspection-rate 0.001 --mess-rate 0.002,0.754729599997,25,37,105,0,5,25,0,170,37,0,354,0,0,5,105,170,354,54,188,23,0,8,0,54,360,31,0,25,0,188,360,1217,3,23,31,1217,0,0,5,0,3,5,8,25
project/sim_ext.py --sim-time 1.5 --seq-graph project/file/graph_15_nodes.json --traffic project/file/traffic_15_nodes_random.json --inspection-rate 0.001 --mess-rate 0.002,0.755793000001,24,29,101,0,5,24,0,170,29,0,354,0,0,0,101,170,354,45,188,23,0,3,0,45,360,31,0,18,0,188,360,1216,1,23,31,1216,0,0,0,0,1,5,3,18
project/sim_ext.py --sim-time 1.5 --seq-graph project/file/graph_15_nodes.json --traffic project/file/traffic_15_nodes_random.json --inspection-rate 0.001 --mess-rate 0.002,0.7569256999180971,23,29,98,0,0,23,0,164,29,0,349,0,0,0,98,164,349,44,184,17,0,0,0,44,355,31,0,18,0,184,355,1216,0,16,31,1216,0,0,0,0,0,0,0,18
project/sim_ext.py --sim-time 1.5 --seq-graph project/file/graph_15_nodes.json --traffic project/file/traffic_15_nodes_random.json --inspection-rate 0.001 --mess-rate 0.002,0.758008399997,21,22,98,0,0,21,0,163,22,0,346,0,0,0,98,163,346,44,184,15,0,0,0,44,355,31,0,18,0,184,355,1216,0,15,31,1216,0,0,0,0,0,0,0,18
project/sim_ext.py --sim-time 1.5 --seq-graph project/file/graph_15_nodes.json --traffic project/file/traffic_15_nodes_random.json --inspection-rate 0.001 --mess-rate 0.002,0.759127000001,21,19,98,0,0,21,0,156,19,0,343,0,0,0,98,156,343,33,184,11,56,0,0,33,352,25,0,10,0,184,352,1216,0,11,25,1216,0,0,0,56,0,0,0,9
project/sim_ext.py --sim-time 1.5 --seq-graph project/file/graph_15_nodes.json --traffic project/file/traffic_15_nodes_random.json --inspection-rate 0.001 --mess-rate 0.002,0.7602800000009999,21,17,98,0,0,21,0,151,17,0,331,0,0,0,98,151,331,28,184,5,50,0,0,28,351,24,0,4,0,184,351,1216,0,5,24,1216,0,0,0,50,0,0,0,4
project/sim_ext.py --sim-time 1.5 --seq-graph project/file/graph_15_nodes.json --traffic project/file/traffic_15_nodes_random.json --inspection-rate 0.001 --mess-rate 0.002,0.761348000001,21,13,98,0,0,21,0,150,13,0,330,0,0,0,98,150,330,18,178,5,44,0,0,18,349,24,0,1,0,178,349,1216,0,5,24,1216,0,0,0,44,0,0,0,1
project/sim_ext.py --sim-time 1.5 --seq-graph project/file/graph_15_nodes.json --traffic project/file/traffic_15_nodes_random.json --inspection-rate 0.001 --mess-rate 0.002,0.762409599997,21,10,90,0,0,21,0,148,10,0,329,0,0,0,90,148,329,17,178,5,38,0,0,17,349,21,0,1,0,178,349,1216,0,5,21,1216,0,0,0,38,0,0,0,1
project/sim_ext.py --sim-time 1.5 --seq-graph project/file/graph_15_nodes.json --traffic project/file/traffic_15_nodes_random.json --inspection-rate 0.001 --mess-rate 0.002,0.7635040000009999,21,5,89,0,0,21,0,147,5,0,329,0,0,0,89,147,329,15,177,5,37,0,0,15,349,18,0,0,0,177,349,1216,0,5,18,1216,0,0,0,37,0,0,0,0
project/sim_ext.py --sim-time 1.5 --seq-graph project/file/graph_15_nodes.json --traffic project/file/traffic_15_nodes_random.json --inspection-rate 0.001 --mess-rate 0.002,0.764630147257836,21,2,87,0,0,21,0,147,2,0,325,0,0,0,87,147,325,9,172,5,26,0,0,10,348,18,0,0,0,172,348,1216,0,5,18,1216,0,0,0,26,0,0,0,0
project/sim_ext.py --sim-time 1.5 --seq-graph project/file/graph_15_nodes.json --traffic project/file/traffic_15_nodes_random.json --inspection-rate 0.001 --mess-rate 0.002,0.76568805187784,21,0,86,0,0,21,0,147,0,0,323,0,0,0,86,147,323,8,169,5,22,0,0,8,346,14,0,0,0,169,346,1216,0,5,14,1216,0,0,0,22,0,0,0,0
project/sim_ext.py --sim-time 1.5 --seq-graph project/file/graph_15_nodes.json --traffic project/file/traffic_15_nodes_random.json --inspection-rate 0.001 --mess-rate 0.002,0.766750000001,21,0,83,0,0,21,0,147,0,0,323,0,0,0,83,147,323,0,168,5,18,0,0,0,345,14,0,0,0,168,345,1216,0,5,14,1216,0,0,0,18,0,0,0,0
project/sim_ext.py --sim-time 1.5 --seq-graph project/file/graph_15_nodes.json --traffic project/file/traffic_15_nodes_random.json --inspection-rate 0.001 --mess-rate 0.002,0.7678559999969999,21,0,81,0,0,21,0,141,0,0,323,0,0,0,81,142,323,0,166,1,15,0,0,0,345,14,0,0,0,166,345,1216,0,1,14,1216,0,0,0,15,0,0,0,0
project/sim_ext.py --sim-time 1.5 --seq-graph project/file/graph_15_nodes.json --traffic project/file/traffic_15_nodes_random.json --inspection-rate 0.001 --mess-rate 0.002,0.7689333083316088,21,0,81,0,0,21,0,130,0,0,322,0,0,0,81,130,323,0,166,0,13,0,0,0,335,14,0,0,0,166,335,1216,0,0,14,1216,0,0,0,13,0,0,0,0
project/sim_ext.py --sim-time 1.5 --seq-graph project/file/graph_15_nodes.json --traffic project/file/traffic_15_nodes_random.json --inspection-rate 0.001 --mess-rate 0.002,0.769987000001,21,0,81,0,0,21,0,126,0,0,318,0,0,0,81,127,318,0,159,0,2,0,0,0,332,14,0,0,0,159,332,1216,0,0,14,1216,0,0,0,2,0,0,0,0
project/sim_ext.py --sim-time 1.5 --seq-graph project/file/graph_15_nodes.json --traffic project/file/traffic_15_nodes_random.json --inspection-rate 0.001 --mess-rate 0.002,0.771025438029386,21,0,81,0,0,21,0,121,0,0,318,0,0,0,81,121,318,0,156,0,0,0,0,0,331,8,0,0,0,156,331,1216,0,0,8,1216,0,0,0,0,0,0,0,0
project/sim_ext.py --sim-time 1.5 --seq-graph project/file/graph_15_nodes.json --traffic project/file/traffic_15_nodes_random.json --inspection-rate 0.001 --mess-rate 0.002,0.772072000001,21,0,81,0,0,21,0,121,0,0,317,0,0,0,81,121,317,0,154,0,0,0,0,0,328,8,0,0,0,154,328,1216,0,0,8,1216,0,0,0,0,0,0,0,0
project/sim_ext.py --sim-time 1.5 --seq-graph project/file/graph_15_nodes.json --traffic project/file/traffic_15_nodes_random.json --inspection-rate 0.001 --mess-rate 0.002,0.773155000001,21,0,81,0,0,21,0,121,0,0,317,0,0,0,81,121,317,0,153,0,0,0,0,0,328,5,0,0,0,153,328,1216,0,0,5,1216,0,0,0,0,0,0,0,0
project/sim_ext.py --sim-time 1.5 --seq-graph project/file/graph_15_nodes.json --traffic project/file/traffic_15_nodes_random.json --inspection-rate 0.001 --mess-rate 0.002,0.7742410000009999,21,0,74,0,0,21,0,121,0,0,317,0,0,0,74,121,317,0,149,0,0,0,0,0,326,4,0,0,0,149,326,1216,0,0,4,1216,0,0,0,0,0,0,0,0
project/sim_ext.py --sim-time 1.5 --seq-graph project/file/graph_15_nodes.json --traffic project/file/traffic_15_nodes_random.json --inspection-rate 0.001 --mess-rate 0.002,0.7754570000009999,21,0,71,0,0,21,0,121,0,0,317,0,0,0,71,121,317,0,145,0,0,0,0,0,323,0,0,0,0,145,323,1216,0,0,0,1216,0,0,0,0,0,0,0,0
project/sim_ext.py --sim-time 1.5 --seq-graph project/file/graph_15_nodes.json --traffic project/file/traffic_15_nodes_random.json --inspection-rate 0.001 --mess-rate 0.002,0.776648000001,21,0,69,0,0,21,0,121,0,0,317,0,0,0,69,121,317,0,145,0,0,0,0,0,320,0,0,0,0,145,320,1216,0,0,0,1216,0,0,0,0,0,0,0,0
project/sim_ext.py --sim-time 1.5 --seq-graph project/file/graph_15_nodes.json --traffic project/file/traffic_15_nodes_random.json --inspection-rate 0.001 --mess-rate 0.002,0.777953000001,56,59,149,38,47,55,31,186,59,32,375,48,42,39,149,186,375,50,217,61,0,44,39,50,398,70,44,49,48,217,398,1288,44,61,70,1288,44,42,39,0,44,47,44,49
project/sim_ext.py --sim-time 1.5 --seq-graph project/file/graph_15_nodes.json --traffic project/file/traffic_15_nodes_random.json --inspection-rate 0.001 --mess-rate 0.002,0.7789580637249008,40,56,145,23,45,40,22,186,56,22,375,41,36,35,145,186,375,43,212,61,0,37,22,43,398,69,34,44,41,212,398,1286,39,61,69,1286,35,36,35,0,39,45,37,44
project/sim_ext.py --sim-time 1.5 --seq-graph project/file/graph_15_nodes.json --traffic project/file/traffic_15_nodes_random.json --inspection-rate 0.001 --mess-rate 0.002,0.780020000001,39,56,144,20,40,38,10,186,56,9,372,37,22,24,144,186,372,42,212,61,0,35,19,42,394,69,34,44,36,212,394,1285,36,61,69,1285,34,22,25,0,36,40,35,44
project/sim_ext.py --sim-time 1.5 --seq-graph project/file/graph_15_nodes.json --traffic project/file/traffic_15_nodes_random.json --inspection-rate 0.001 --mess-rate 0.002,0.781108000001,23,51,140,4,28,23,0,185,51,0,363,29,18,18,140,185,363,38,206,49,0,22,4,38,392,63,23,37,29,206,392,1280,23,49,63,1280,23,18,18,0,23,28,22,37
project/sim_ext.py --sim-time 1.5 --seq-graph project/file/graph_15_nodes.json --traffic project/file/traffic_15_nodes_random.json --inspection-rate 0.001 --mess-rate 0.002,0.782112999997,18,48,138,0,23,18,0,178,48,0,363,29,16,18,138,178,363,38,204,49,0,22,0,38,390,61,18,33,29,204,390,1280,22,49,61,1280,18,16,18,0,22,23,22,33
project/sim_ext.py --sim-time 1.5 --seq-graph project/file/graph_15_nodes.json --traffic project/file/traffic_15_nodes_random.json --inspection-rate 0.001 --mess-rate 0.002,0.783196799997,15,42,138,0,18,15,0,178,42,0,354,21,5,6,138,178,354,38,204,48,0,22,0,38,390,58,15,33,21,203,390,1280,21,48,58,1280,15,4,6,0,21,18,22,33
project/sim_ext.py --sim-time 1.5 --seq-graph project/file/graph_15_nodes.json --traffic project/file/traffic_15_nodes_random.json --inspection-rate 0.001 --mess-rate 0.002,0.784263000001,12,39,133,0,14,12,0,167,39,0,345,15,0,0,133,167,345,38,202,43,0,10,0,38,390,57,14,33,15,202,390,1280,18,43,57,1280,14,0,0,0,18,14,10,33
project/sim_ext.py --sim-time 1.5 --seq-graph project/file/graph_15_nodes.json --traffic project/file/traffic_15_nodes_random.json --inspection-rate 0.001 --mess-rate 0.002,0.785276799997,9,35,130,0,7,10,0,166,35,0,344,13,0,0,129,167,344,27,201,43,0,9,0,27,387,55,6,26,13,201,387,1280,18,43,55,1280,6,0,0,0,18,7,9,27
project/sim_ext.py --sim-time 1.5 --seq-graph project/file/graph_15_nodes.json --traffic project/file/traffic_15_nodes_random.json --inspection-rate 0.001 --mess-rate 0.002,0.786297000001,8,31,126,0,3,8,0,164,31,0,342,11,0,0,126,164,342,18,192,34,0,0,0,18,387,54,3,16,11,192,387,1275,7,34,54,1276,3,0,0,0,6,3,0,16
project/sim_ext.py --sim-time 1.5 --seq-graph project/file/graph_15_nodes.json --traffic project/file/traffic_15_nodes_random.json --inspection-rate 0.001 --mess-rate 0.002,0.787303000001,8,31,124,0,0,8,0,157,31,0,331,5,0,0,124,156,331,18,189,29,0,0,0,18,387,54,1,16,5,189,387,1275,1,29,54,1275,1,0,0,0,0,0,0,16
project/sim_ext.py --sim-time 1.5 --seq-graph project/file/graph_15_nodes.json --traffic project/file/traffic_15_nodes_random.json --inspection-rate 0.001 --mess-rate 0.002,0.788347000001,8,30,120,0,0,8,0,153,30,0,329,0,0,0,120,153,329,18,185,22,0,0,0,18,387,50,0,16,0,185,387,1275,0,22,50,1275,0,0,0,0,0,0,0,16
project/sim_ext.py --sim-time 1.5 --seq-graph project/file/graph_15_nodes.json --traffic project/file/traffic_15_nodes_random.json --inspection-rate 0.001 --mess-rate 0.002,0.789440999997,8,29,120,0,0,8,0,151,29,0,328,0,0,0,120,151,328,18,185,19,60,0,0,18,387,49,0,16,0,185,387,1275,0,19,49,1275,0,0,0,60,0,0,0,16
project/sim_ext.py --sim-time 1.5 --seq-graph project/file/graph_15_nodes.json --traffic project/file/traffic_15_nodes_random.json --inspection-rate 0.001 --mess-rate 0.002,0.790485000001,8,27,113,0,0,8,0,145,27,0,328,0,0,0,113,145,328,8,185,19,50,0,0,9,379,49,0,16,0,185,379,1275,0,19,49,1275,0,0,0,50,0,0,0,16
project/sim_ext.py --sim-time 1.5 --seq-graph project/file/graph_15_nodes.json --traffic project/file/traffic_15_nodes_random.json --inspection-rate 0.001 --mess-rate 0.002,0.791504000001,8,23,113,0,0,8,0,142,23,0,328,0,0,0,113,142,328,0,185,16,46,0,0,0,377,46,0,0,0,185,377,1275,0,16,46,1275,0,0,0,46,0,0,0,0
project/sim_ext.py --sim-time 1.5 --seq-graph project/file/graph_15_nodes.json --traffic project/file/traffic_15_nodes_random.json --inspection-rate 0.001 --mess-rate 0.002,0.792625000001,8,20,111,0,0,8,0,142,20,0,326,0,0,0,111,142,326,0,180,16,44,0,0,0,375,46,0,0,0,180,375,1275,0,16,46,1275,0,0,0,44,0,0,0,0
project/sim_ext.py --sim-time 1.5 --seq-graph project/file/graph_15_nodes.json --traffic project/file/traffic_15_nodes_random.json --inspection-rate 0.001 --mess-rate 0.002,0.793751000001,8,17,111,0,0,8,0,142,17,0,326,0,0,0,111,142,326,0,179,16,41,0,0,0,373,46,0,0,0,179,373,1275,0,16,46,1275,0,0,0,41,0,0,0,0
project/sim_ext.py --sim-time 1.5 --seq-graph project/file/graph_15_nodes.json --traffic project/file/traffic_15_nodes_random.json --inspection-rate 0.001 --mess-rate 0.002,0.794878000001,8,13,107,0,0,8,0,136,13,0,326,0,0,0,107,136,326,0,176,7,34,0,0,0,367,44,0,0,0,176,367,1275,0,7,43,1275,0,0,0,34,0,0,0,0
project/sim_ext.py --sim-time 1.5 --seq-graph project/file/graph_15_nodes.json --traffic project/file/traffic_15_nodes_random.json --inspection-rate 0.001 --mess-rate 0.002,0.795917799997,8,10,105,0,0,8,0,136,10,0,316,0,0,0,105,136,316,0,174,2,27,0,0,0,367,43,0,0,0,174,367,1275,0,2,43,1275,0,0,0,27,0,0,0,0
project/sim_ext.py --sim-time 1.5 --seq-graph project/file/graph_15_nodes.json --traffic project/file/traffic_15_nodes_random.json --inspection-rate 0.001 --mess-rate 0.002,0.796933199997,8,8,105,0,0,8,0,129,8,0,315,0,0,0,105,129,315,0,171,0,25,0,0,0,367,41,0,0,0,171,367,1275,0,0,41,1275,0,0,0,25,0,0,0,0
project/sim_ext.py --sim-time 1.5 --seq-graph project/file/graph_15_nodes.json --traffic project/file/traffic_15_nodes_random.json --inspection-rate 0.001 --mess-rate 0.002,0.798435000001,8,2,97,0,0,8,0,124,2,0,313,0,0,0,97,124,313,0,169,0,17,0,0,0,367,41,0,0,0,169,367,1275,0,0,41,1275,0,0,0,17,0,0,0,0
project/sim_ext.py --sim-time 1.5 --seq-graph project/file/graph_15_nodes.json --traffic project/file/traffic_15_nodes_random.json --inspection-rate 0.001 --mess-rate 0.002,0.7999350000009999,8,0,94,0,0,8,0,124,0,0,313,0,0,0,94,124,313,0,169,0,14,0,0,0,361,38,0,0,0,169,361,1275,0,0,38,1275,0,0,0,14,0,0,0,0
project/sim_ext.py --sim-time 1.5 --seq-graph project/file/graph_15_nodes.json --traffic project/file/traffic_15_nodes_random.json --inspection-rate 0.001 --mess-rate 0.002,0.801013000001,8,0,94,0,0,8,0,124,0,0,313,0,0,0,94,124,313,0,166,0,14,0,0,0,361,36,0,0,0,167,361,1275,0,0,36,1275,0,0,0,14,0,0,0,0
project/sim_ext.py --sim-time 1.5 --seq-graph project/file/graph_15_nodes.json --traffic project/file/traffic_15_nodes_random.json --inspection-rate 0.001 --mess-rate 0.002,0.8020979999969999,8,0,94,0,0,8,0,124,0,0,313,0,0,0,94,124,313,0,166,0,14,0,0,0,359,36,0,0,0,166,359,1275,0,0,36,1275,0,0,0,14,0,0,0,0
project/sim_ext.py --sim-time 1.5 --seq-graph project/file/graph_15_nodes.json --traffic project/file/traffic_15_nodes_random.json --inspection-rate 0.001 --mess-rate 0.002,0.8031631852057876,8,0,82,0,0,8,0,124,0,0,312,0,0,0,82,124,312,0,162,0,1,0,0,0,359,36,0,0,0,162,359,1275,0,0,36,1275,0,0,0,1,0,0,0,0
project/sim_ext.py --sim-time 1.5 --seq-graph project/file/graph_15_nodes.json --traffic project/file/traffic_15_nodes_random.json --inspection-rate 0.001 --mess-rate 0.002,0.8042457854234293,8,0,80,0,0,8,0,124,0,0,310,0,0,0,80,124,310,0,161,0,0,0,0,0,354,36,0,0,0,161,354,1275,0,0,36,1275,0,0,0,0,0,0,0,0
project/sim_ext.py --sim-time 1.5 --seq-graph project/file/graph_15_nodes.json --traffic project/file/traffic_15_nodes_random.json --inspection-rate 0.001 --mess-rate 0.002,0.805304000001,8,0,80,0,0,8,0,124,0,0,307,0,0,0,80,124,307,0,157,0,0,0,0,0,352,36,0,0,0,157,352,1275,0,0,36,1275,0,0,0,0,0,0,0,0
project/sim_ext.py --sim-time 1.5 --seq-graph project/file/graph_15_nodes.json --traffic project/file/traffic_15_nodes_random.json --inspection-rate 0.001 --mess-rate 0.002,0.806511999997,8,0,80,0,0,8,0,124,0,0,304,0,0,0,80,124,304,0,153,0,0,0,0,0,352,36,0,0,0,153,352,1275,0,0,36,1275,0,0,0,0,0,0,0,0
project/sim_ext.py --sim-time 1.5 --seq-graph project/file/graph_15_nodes.json --traffic project/file/traffic_15_nodes_random.json --inspection-rate 0.001 --mess-rate 0.002,0.807650000001,8,0,70,0,0,8,0,124,0,0,303,0,0,0,70,124,303,0,151,0,0,0,0,0,352,36,0,0,0,151,352,1275,0,0,36,1275,0,0,0,0,0,0,0,0
project/sim_ext.py --sim-time 1.5 --seq-graph project/file/graph_15_nodes.json --traffic project/file/traffic_15_nodes_random.json --inspection-rate 0.001 --mess-rate 0.002,0.808683000001,88,0,70,0,0,88,0,124,0,0,303,59,0,0,70,124,303,0,150,0,0,0,0,0,352,27,62,0,59,150,352,1275,0,0,27,1275,62,0,0,0,0,0,0,0
project/sim_ext.py --sim-time 1.5 --seq-graph project/file/graph_15_nodes.json --traffic project/file/traffic_15_nodes_random.json --inspection-rate 0.001 --mess-rate 0.002,0.809716000001,88,0,70,0,0,88,0,124,0,0,303,59,0,0,70,124,303,0,148,0,0,0,0,0,352,26,60,0,59,148,352,1275,0,0,26,1275,60,0,0,0,0,0,0,0
project/sim_ext.py --sim-time 1.5 --seq-graph project/file/graph_15_nodes.json --traffic project/file/traffic_15_nodes_random.json --inspection-rate 0.001 --mess-rate 0.002,0.8108150000009999,88,0,68,0,0,88,0,124,0,0,303,52,0,0,68,124,303,0,148,0,0,0,0,0,352,24,54,0,52,148,352,1275,0,0,24,1275,54,0,0,0,0,0,0,0
project/sim_ext.py --sim-time 1.5 --seq-graph project/file/graph_15_nodes.json --traffic project/file/traffic_15_nodes_random.json --inspection-rate 0.001 --mess-rate 0.002,0.8119049999319999,88,0,64,0,0,88,0,124,0,0,303,51,0,0,64,124,303,0,140,0,0,0,0,0,343,24,46,0,51,140,343,1275,0,0,24,1275,45,0,0,0,0,0,0,0
project/sim_ext.py --sim-time 1.5 --seq-graph project/file/graph_15_nodes.json --traffic project/file/traffic_15_nodes_random.json --inspection-rate 0.001 --mess-rate 0.002,0.812939000001,88,0,62,0,0,88,0,124,0,0,300,49,0,0,62,124,300,0,137,0,0,0,0,0,340,24,42,0,49,137,340,1275,0,0,24,1275,41,0,0,0,0,0,0,0
project/sim_ext.py --sim-time 1.5 --seq-graph project/file/graph_15_nodes.json --traffic project/file/traffic_15_nodes_random.json --inspection-rate 0.001 --mess-rate 0.002,0.813997000001,88,0,61,0,0,88,0,124,0,0,300,49,0,0,61,124,300,0,134,0,0,0,0,0,337,21,40,0,49,134,337,1275,0,0,21,1275,40,0,0,0,0,0,0,0
project/sim_ext.py --sim-time 1.5 --seq-graph project/file/graph_15_nodes.json --traffic project/file/traffic_15_nodes_random.json --inspection-rate 0.001 --mess-rate 0.002,0.8150473999969999,88,0,57,0,0,88,0,124,0,0,299,47,0,0,57,124,299,0,131,0,0,0,0,0,337,21,39,0,47,131,337,1275,0,0,21,1275,39,0,0,0,0,0,0,0
project/sim_ext.py --sim-time 1.5 --seq-graph project/file/graph_15_nodes.json --traffic project/file/traffic_15_nodes_random.json --inspection-rate 0.001 --mess-rate 0.002,0.8161247999969999,88,0,56,0,0,88,0,124,0,0,298,46,0,0,56,124,298,0,130,0,0,0,0,0,331,19,35,0,46,130,331,1275,0,0,19,1275,35,0,0,0,0,0,0,0
project/sim_ext.py --sim-time 1.5 --seq-graph project/file/graph_15_nodes.json --traffic project/file/traffic_15_nodes_random.json --inspection-rate 0.001 --mess-rate 0.002,0.817195599997,88,0,54,0,0,88,0,124,0,0,298,44,0,0,54,124,298,0,128,0,0,0,0,0,329,16,28,0,44,128,329,1275,0,0,16,1275,28,0,0,0,0,0,0,0
project/sim_ext.py --sim-time 1.5 --seq-graph project/file/graph_15_nodes.json --traffic project/file/traffic_15_nodes_random.json --inspection-rate 0.001 --mess-rate 0.002,0.818319999997,79,68,134,69,68,80,69,204,69,70,372,37,68,69,134,204,371,68,204,70,0,69,69,69,409,88,21,72,38,203,409,1354,68,69,87,1354,21,69,69,0,69,69,70,73
project/sim_ext.py --sim-time 1.5 --seq-graph project/file/graph_15_nodes.json --traffic project/file/traffic_15_nodes_random.json --inspection-rate 0.001 --mess-rate 0.002,0.819328000001,46,59,125,28,51,46,40,204,59,40,353,28,40,48,125,204,353,57,199,52,0,49,28,57,405,75,1,50,28,199,405,1353,50,52,75,1353,0,40,48,0,50,51,49,50
project/sim_ext.py --sim-time 1.5 --seq-graph project/file/graph_15_nodes.json --traffic project/file/traffic_15_nodes_random.json --inspection-rate 0.001 --mess-rate 0.002,0.820409000001,37,55,123,23,43,37,31,193,55,31,346,22,30,43,123,193,346,54,198,46,0,40,23,54,398,70,0,42,22,198,398,1353,43,45,70,1353,0,30,43,0,43,43,40,42
project/sim_ext.py --sim-time 1.5 --seq-graph project/file/graph_15_nodes.json --traffic project/file/traffic_15_nodes_random.json --inspection-rate 0.001 --mess-rate 0.002,0.821500799997,32,52,120,14,38,32,27,190,52,27,337,22,21,34,120,190,337,51,196,34,0,33,14,51,398,65,0,35,22,196,398,1353,41,34,65,1353,0,21,34,0,41,38,33,35
project/sim_ext.py --sim-time 1.5 --seq-graph project/file/graph_15_nodes.json --traffic project/file/traffic_15_nodes_random.json --inspection-rate 0.001 --mess-rate 0.002,0.822879000001,27,41,113,8,27,27,19,190,41,19,334,22,10,28,113,190,334,46,196,27,0,31,8,46,395,59,0,27,22,196,395,1353,41,27,59,1353,0,10,28,0,41,27,31,27
project/sim_ext.py --sim-time 1.5 --seq-graph project/file/graph_15_nodes.json --traffic project/file/traffic_15_nodes_random.json --inspection-rate 0.001 --mess-rate 0.002,0.823993000001,18,41,113,0,17,17,6,190,41,6,328,3,6,20,113,190,328,45,195,25,0,24,0,45,392,56,0,21,3,195,392,1351,20,25,56,1351,0,6,20,0,20,17,24,21
project/sim_ext.py --sim-time 1.5 --seq-graph project/file/graph_15_nodes.json --traffic project/file/traffic_15_nodes_random.json --inspection-rate 0.001 --mess-rate 0.002,0.8250350000009999,11,36,109,0,10,11,0,190,36,0,325,0,0,14,109,190,325,42,191,21,0,20,0,42,388,52,0,16,0,191,387,1351,18,21,52,1351,0,0,14,0,18,10,20,16
project/sim_ext.py --sim-time 1.5 --seq-graph project/file/graph_15_nodes.json --traffic project/file/traffic_15_nodes_random.json --inspection-rate 0.001 --mess-rate 0.002,0.826110000001,10,32,104,0,6,10,0,190,32,0,318,0,0,12,104,190,318,42,189,21,0,15,0,42,384,50,0,12,0,189,384,1351,16,21,50,1351,0,0,12,0,16,6,15,11
project/sim_ext.py --sim-time 1.5 --seq-graph project/file/graph_15_nodes.json --traffic project/file/traffic_15_nodes_random.json --inspection-rate 0.001 --mess-rate 0.002,0.827132799997,10,26,103,0,4,10,0,190,26,0,314,0,0,11,103,190,313,42,184,10,0,8,0,42,382,45,0,9,0,184,382,1351,12,9,44,1351,0,0,11,0,11,4,8,9
project/sim_ext.py --sim-time 1.5 --seq-graph project/file/graph_15_nodes.json --traffic project/file/traffic_15_nodes_random.json --inspection-rate 0.001 --mess-rate 0.002,0.8282052466592305,10,25,101,0,2,10,0,183,25,0,308,0,0,1,101,183,308,35,180,3,0,0,0,35,378,44,0,4,0,180,378,1351,7,3,44,1351,0,0,1,0,7,2,0,4
project/sim_ext.py --sim-time 1.5 --seq-graph project/file/graph_15_nodes.json --traffic project/file/traffic_15_nodes_random.json --inspection-rate 0.001 --mess-rate 0.002,0.8292849999399999,10,25,98,0,0,10,0,183,25,0,308,0,0,1,98,183,308,35,180,3,0,0,0,35,378,38,0,0,0,180,378,1351,5,3,38,1351,0,0,0,0,5,0,0,0
project/sim_ext.py --sim-time 1.5 --seq-graph project/file/graph_15_nodes.json --traffic project/file/traffic_15_nodes_random.json --inspection-rate 0.001 --mess-rate 0.002,0.830459999929,10,19,86,0,0,10,0,183,19,0,308,0,0,0,86,183,308,33,176,0,54,0,0,33,373,38,0,0,0,176,373,1351,0,0,38,1351,0,0,0,54,0,0,0,0
project/sim_ext.py --sim-time 1.5 --seq-graph project/file/graph_15_nodes.json --traffic project/file/traffic_15_nodes_random.json --inspection-rate 0.001 --mess-rate 0.002,0.8316126764927215,10,16,86,0,0,10,0,181,16,0,308,0,0,0,86,182,308,33,174,0,54,0,0,33,373,38,0,0,0,174,373,1351,0,0,38,1351,0,0,0,54,0,0,0,0
project/sim_ext.py --sim-time 1.5 --seq-graph project/file/graph_15_nodes.json --traffic project/file/traffic_15_nodes_random.json --inspection-rate 0.001 --mess-rate 0.002,0.832618000001,10,15,78,0,0,10,0,179,15,0,302,0,0,0,78,179,302,24,171,0,42,0,0,24,366,34,0,0,0,171,366,1351,0,0,34,1351,0,0,0,42,0,0,0,0
project/sim_ext.py --sim-time 1.5 --seq-graph project/file/graph_15_nodes.json --traffic project/file/traffic_15_nodes_random.json --inspection-rate 0.001 --mess-rate 0.002,0.833790799997,10,11,76,0,0,10,0,177,11,0,300,0,0,0,76,177,300,22,170,0,38,0,0,22,366,34,0,0,0,170,366,1351,0,0,34,1351,0,0,0,38,0,0,0,0
project/sim_ext.py --sim-time 1.5 --seq-graph project/file/graph_15_nodes.json --traffic project/file/traffic_15_nodes_random.json --inspection-rate 0.001 --mess-rate 0.002,0.834846000001,10,8,73,0,0,10,0,175,8,0,300,0,0,0,73,175,300,22,170,0,35,0,0,22,364,29,0,0,0,170,364,1351,0,0,29,1351,0,0,0,35,0,0,0,0
project/sim_ext.py --sim-time 1.5 --seq-graph project/file/graph_15_nodes.json --traffic project/file/traffic_15_nodes_random.json --inspection-rate 0.001 --mess-rate 0.002,0.835928399997,10,3,71,0,0,10,0,175,3,0,300,0,0,0,71,175,300,19,164,0,27,0,0,19,364,28,0,0,0,164,364,1351,0,0,28,1351,0,0,0,27,0,0,0,0
project/sim_ext.py --sim-time 1.5 --seq-graph project/file/graph_15_nodes.json --traffic project/file/traffic_15_nodes_random.json --inspection-rate 0.001 --mess-rate 0.002,0.837063399997,10,0,68,0,0,10,0,174,0,0,300,0,0,0,68,174,300,17,160,0,20,0,0,17,364,28,0,0,0,160,364,1351,0,0,28,1351,0,0,0,20,0,0,0,0
project/sim_ext.py --sim-time 1.5 --seq-graph project/file/graph_15_nodes.json --traffic project/file/traffic_15_nodes_random.json --inspection-rate 0.001 --mess-rate 0.002,0.838134399997,10,0,63,0,0,10,0,173,0,0,299,0,0,0,63,173,299,14,158,0,14,0,0,14,364,24,0,0,0,158,364,1351,0,0,24,1351,0,0,0,14,0,0,0,0
project/sim_ext.py --sim-time 1.5 --seq-graph project/file/graph_15_nodes.json --traffic project/file/traffic_15_nodes_random.json --inspection-rate 0.001 --mess-rate 0.002,0.839143799997,10,0,60,0,0,10,0,172,0,0,299,0,0,0,60,172,299,13,158,0,11,0,0,13,360,24,0,0,0,158,360,1351,0,0,24,1351,0,0,0,11,0,0,0,0
project/sim_ext.py --sim-time 1.5 --seq-graph project/file/graph_15_nodes.json --traffic project/file/traffic_15_nodes_random.json --inspection-rate 0.001 --mess-rate 0.002,0.840176000001,10,0,57,0,0,10,0,171,0,0,298,0,0,0,57,171,298,12,158,0,9,0,0,12,360,24,0,0,0,158,359,1351,0,0,24,1351,0,0,0,9,0,0,0,0
project/sim_ext.py --sim-time 1.5 --seq-graph project/file/graph_15_nodes.json --traffic project/file/traffic_15_nodes_random.json --inspection-rate 0.001 --mess-rate 0.002,0.841279000001,10,0,57,0,0,10,0,170,0,0,293,0,0,0,57,170,293,12,151,0,3,0,0,12,353,22,0,0,0,151,353,1351,0,0,22,1351,0,0,0,3,0,0,0,0
project/sim_ext.py --sim-time 1.5 --seq-graph project/file/graph_15_nodes.json --traffic project/file/traffic_15_nodes_random.json --inspection-rate 0.001 --mess-rate 0.002,0.842303000001,10,0,57,0,0,10,0,169,0,0,293,0,0,0,57,169,293,9,150,0,0,0,0,9,350,22,0,0,0,150,350,1351,0,0,22,1351,0,0,0,0,0,0,0,0
project/sim_ext.py --sim-time 1.5 --seq-graph project/file/graph_15_nodes.json --traffic project/file/traffic_15_nodes_random.json --inspection-rate 0.001 --mess-rate 0.002,0.843310000001,10,0,57,0,0,10,0,169,0,0,293,0,0,0,57,169,293,9,148,0,0,0,0,9,349,22,0,0,0,148,349,1351,0,0,22,1351,0,0,0,0,0,0,0,0
project/sim_ext.py --sim-time 1.5 --seq-graph project/file/graph_15_nodes.json --traffic project/file/traffic_15_nodes_random.json --inspection-rate 0.001 --mess-rate 0.002,0.844393000001,10,0,45,0,0,10,0,168,0,0,293,0,0,0,45,168,293,7,148,0,0,0,0,8,348,22,0,0,0,148,348,1351,0,0,22,1351,0,0,0,0,0,0,0,0
project/sim_ext.py --sim-time 1.5 --seq-graph project/file/graph_15_nodes.json --traffic project/file/traffic_15_nodes_random.json --inspection-rate 0.001 --mess-rate 0.002,0.845588000001,10,0,43,0,0,10,0,167,0,0,290,0,0,0,43,167,290,0,143,0,0,0,0,0,345,20,0,0,0,142,345,1351,0,0,20,1351,0,0,0,0,0,0,0,0
project/sim_ext.py --sim-time 1.5 --seq-graph project/file/graph_15_nodes.json --traffic project/file/traffic_15_nodes_random.json --inspection-rate 0.001 --mess-rate 0.002,0.846726000001,10,0,39,0,0,10,0,165,0,0,289,0,0,0,39,165,289,0,141,0,0,0,0,0,345,18,0,0,0,140,345,1351,0,0,18,1351,0,0,0,0,0,0,0,0
project/sim_ext.py --sim-time 1.5 --seq-graph project/file/graph_15_nodes.json --traffic project/file/traffic_15_nodes_random.json --inspection-rate 0.001 --mess-rate 0.002,0.847754000001,10,0,39,0,0,10,0,163,0,0,289,0,0,0,39,163,289,0,139,0,0,0,0,0,345,18,0,0,0,139,345,1351,0,0,18,1351,0,0,0,0,0,0,0,0
project/sim_ext.py --sim-time 1.5 --seq-graph project/file/graph_15_nodes.json --traffic project/file/traffic_15_nodes_random.json --inspection-rate 0.001 --mess-rate 0.002,0.849044199997,81,69,112,68,68,82,69,240,68,68,364,68,69,68,112,240,365,70,215,68,0,69,67,70,417,89,68,69,67,215,418,1431,68,67,88,1431,67,68,67,0,67,67,68,68
project/sim_ext.py --sim-time 1.5 --seq-graph project/file/graph_15_nodes.json --traffic project/file/traffic_15_nodes_random.json --inspection-rate 0.001 --mess-rate 0.002,0.850082000001,44,55,110,25,46,44,19,237,55,19,355,40,44,36,110,237,355,70,212,37,0,50,24,70,412,71,41,39,40,212,412,1431,37,37,70,1431,42,44,36,0,37,46,50,39
project/sim_ext.py --sim-time 1.5 --seq-graph project/file/graph_15_nodes.json --traffic project/file/traffic_15_nodes_random.json --inspection-rate 0.001 --mess-rate 0.002,0.851254999936,42,55,107,13,39,42,17,237,55,17,351,32,32,34,107,237,351,66,206,33,0,45,13,66,405,64,30,32,32,206,405,1429,28,33,64,1429,30,32,34,0,28,39,45,32
project/sim_ext.py --sim-time 1.5 --seq-graph project/file/graph_15_nodes.json --traffic project/file/traffic_15_nodes_random.json --inspection-rate 0.001 --mess-rate 0.002,0.852399999997,28,47,103,4,34,28,0,235,48,0,346,26,22,23,103,235,346,61,201,25,0,39,4,61,403,56,20,25,26,201,403,1428,24,25,56,1428,20,21,23,0,24,34,39,25
project/sim_ext.py --sim-time 1.5 --seq-graph project/file/graph_15_nodes.json --traffic project/file/traffic_15_nodes_random.json --inspection-rate 0.001 --mess-rate 0.002,0.853441000001,28,46,103,4,34,28,0,235,46,0,343,21,12,20,103,235,343,60,200,25,0,36,4,60,400,54,19,25,21,200,400,1428,22,25,54,1428,19,12,20,0,22,34,37,25
project/sim_ext.py --sim-time 1.5 --seq-graph project/file/graph_15_nodes.json --traffic project/file/traffic_15_nodes_random.json --inspection-rate 0.001 --mess-rate 0.002,0.854569000001,23,38,97,0,19,23,0,235,38,0,340,17,5,9,97,235,340,60,200,20,0,27,0,60,399,53,17,25,17,199,399,1427,20,20,53,1427,17,5,9,0,20,19,27,25
project/sim_ext.py --sim-time 1.5 --seq-graph project/file/graph_15_nodes.json --traffic project/file/traffic_15_nodes_random.json --inspection-rate 0.001 --mess-rate 0.002,0.855713000001,19,33,93,0,12,19,0,235,33,0,336,12,0,2,93,235,336,60,196,13,0,19,0,60,394,53,17,25,12,196,394,1427,12,13,53,1427,17,0,2,0,12,12,19,25
project/sim_ext.py --sim-time 1.5 --seq-graph project/file/graph_15_nodes.json --traffic project/file/traffic_15_nodes_random.json --inspection-rate 0.001 --mess-rate 0.002,0.856890599997,19,33,92,0,9,19,0,235,33,0,334,4,0,0,92,235,333,57,193,13,0,18,0,57,391,42,0,13,4,193,391,1427,3,13,42,1427,1,0,0,0,3,8,19,13
project/sim_ext.py --sim-time 1.5 --seq-graph project/file/graph_15_nodes.json --traffic project/file/traffic_15_nodes_random.json --inspection-rate 0.001 --mess-rate 0.002,0.8579437544161944,17,28,89,0,2,17,0,227,28,0,332,4,0,0,89,227,332,57,193,0,0,2,0,57,389,33,0,10,4,193,389,1427,3,0,33,1427,0,0,0,0,3,2,1,10
project/sim_ext.py --sim-time 1.5 --seq-graph project/file/graph_15_nodes.json --traffic project/file/traffic_15_nodes_random.json --inspection-rate 0.001 --mess-rate 0.002,0.859029999922,16,28,89,0,2,16,0,227,28,0,332,1,0,0,89,227,332,57,193,0,0,0,0,57,388,31,0,6,1,193,388,1427,0,0,31,1427,0,0,0,0,0,2,0,6
project/sim_ext.py --sim-time 1.5 --seq-graph project/file/graph_15_nodes.json --traffic project/file/traffic_15_nodes_random.json --inspection-rate 0.001 --mess-rate 0.002,0.860044000001,16,25,84,0,0,16,0,225,25,0,324,0,0,0,84,225,324,57,190,0,0,0,0,57,386,31,0,2,0,190,386,1427,0,0,31,1427,0,0,0,0,0,0,0,2
project/sim_ext.py --sim-time 1.5 --seq-graph project/file/graph_15_nodes.json --traffic project/file/traffic_15_nodes_random.json --inspection-rate 0.001 --mess-rate 0.002,0.861147000001,16,24,84,0,0,16,0,223,24,0,324,0,0,0,84,223,324,57,190,0,0,0,0,57,385,31,0,0,0,190,385,1427,0,0,31,1427,0,0,0,0,0,0,0,0
project/sim_ext.py --sim-time 1.5 --seq-graph project/file/graph_15_nodes.json --traffic project/file/traffic_15_nodes_random.json --inspection-rate 0.001 --mess-rate 0.002,0.862290000001,16,17,84,0,0,16,0,223,17,0,324,0,0,0,84,223,324,57,190,0,0,0,0,57,385,31,0,0,0,190,385,1427,0,0,31,1427,0,0,0,0,0,0,0,0
project/sim_ext.py --sim-time 1.5 --seq-graph project/file/graph_15_nodes.json --traffic project/file/traffic_15_nodes_random.json --inspection-rate 0.001 --mess-rate 0.002,0.863374000001,16,12,84,0,0,16,0,222,12,0,324,0,0,0,84,222,324,44,185,0,0,0,0,44,385,31,0,0,0,185,385,1427,0,0,31,1427,0,0,0,0,0,0,0,0
project/sim_ext.py --sim-time 1.5 --seq-graph project/file/graph_15_nodes.json --traffic project/file/traffic_15_nodes_random.json --inspection-rate 0.001 --mess-rate 0.002,0.864429000001,15,5,79,0,0,15,0,221,5,0,320,0,0,0,79,221,320,42,185,0,0,0,0,42,385,31,0,0,0,185,385,1427,0,0,31,1427,0,0,0,0,0,0,0,0
project/sim_ext.py --sim-time 1.5 --seq-graph project/file/graph_15_nodes.json --traffic project/file/traffic_15_nodes_random.json --inspection-rate 0.001 --mess-rate 0.002,0.865544000001,13,4,79,0,0,13,0,221,4,0,319,0,0,0,79,221,319,42,182,0,0,0,0,42,382,31,0,0,0,182,382,1427,0,0,31,1427,0,0,0,0,0,0,0,0
project/sim_ext.py --sim-time 1.5 --seq-graph project/file/graph_15_nodes.json --traffic project/file/traffic_15_nodes_random.json --inspection-rate 0.001 --mess-rate 0.002,0.866646000001,12,0,74,0,0,12,0,217,0,0,319,0,0,0,74,217,319,42,182,0,0,0,0,42,379,31,0,0,0,182,379,1427,0,0,31,1427,0,0,0,0,0,0,0,0
project/sim_ext.py --sim-time 1.5 --seq-graph project/file/graph_15_nodes.json --traffic project/file/traffic_15_nodes_random.json --inspection-rate 0.001 --mess-rate 0.002,0.867769000001,12,0,74,0,0,12,0,215,0,0,319,0,0,0,74,215,319,35,182,0,60,0,0,35,378,31,0,0,0,182,378,1427,0,0,31,1427,0,0,0,60,0,0,0,0
project/sim_ext.py --sim-time 1.5 --seq-graph project/file/graph_15_nodes.json --traffic project/file/traffic_15_nodes_random.json --inspection-rate 0.001 --mess-rate 0.002,0.868773000001,12,0,70,0,0,12,0,214,0,0,314,0,0,0,70,214,314,35,174,0,53,0,0,35,378,31,0,0,0,174,378,1427,0,0,31,1427,0,0,0,54,0,0,0,0
project/sim_ext.py --sim-time 1.5 --seq-graph project/file/graph_15_nodes.json --traffic project/file/traffic_15_nodes_random.json --inspection-rate 0.001 --mess-rate 0.002,0.869785000001,12,0,67,0,0,12,0,214,0,0,313,0,0,0,67,214,313,32,173,0,49,0,0,32,375,31,0,0,0,173,375,1427,0,0,31,1427,0,0,0,49,0,0,0,0
project/sim_ext.py --sim-time 1.5 --seq-graph project/file/graph_15_nodes.json --traffic project/file/traffic_15_nodes_random.json --inspection-rate 0.001 --mess-rate 0.002,0.8709250000009999,12,0,65,0,0,12,0,213,0,0,313,0,0,0,65,213,313,32,169,0,46,0,0,32,370,31,0,0,0,169,370,1427,0,0,31,1427,0,0,0,46,0,0,0,0
project/sim_ext.py --sim-time 1.5 --seq-graph project/file/graph_15_nodes.json --traffic project/file/traffic_15_nodes_random.json --inspection-rate 0.001 --mess-rate 0.002,0.8720296938255844,12,0,61,0,0,12,0,213,0,0,313,0,0,0,61,213,313,25,168,0,43,0,0,25,368,18,0,0,0,168,368,1427,0,0,18,1427,0,0,0,43,0,0,0,0
project/sim_ext.py --sim-time 1.5 --seq-graph project/file/graph_15_nodes.json --traffic project/file/traffic_15_nodes_random.json --inspection-rate 0.001 --mess-rate 0.002,0.8731023626311631,12,0,55,0,0,12,0,212,0,0,313,0,0,0,55,212,313,23,167,0,40,0,0,24,367,18,0,0,0,167,367,1427,0,0,18,1427,0,0,0,40,0,0,0,0
project/sim_ext.py --sim-time 1.5 --seq-graph project/file/graph_15_nodes.json --traffic project/file/traffic_15_nodes_random.json --inspection-rate 0.001 --mess-rate 0.002,0.8741840000009999,12,0,55,0,0,12,0,210,0,0,313,0,0,0,55,210,313,22,161,0,40,0,0,22,365,18,0,0,0,161,365,1427,0,0,18,1427,0,0,0,40,0,0,0,0
project/sim_ext.py --sim-time 1.5 --seq-graph project/file/graph_15_nodes.json --traffic project/file/traffic_15_nodes_random.json --inspection-rate 0.001 --mess-rate 0.002,0.875282599997,11,0,53,0,0,11,0,209,0,0,309,0,0,0,53,209,309,20,159,0,39,0,0,20,363,18,0,0,0,159,363,1427,0,0,18,1427,0,0,0,39,0,0,0,0
project/sim_ext.py --sim-time 1.5 --seq-graph project/file/graph_15_nodes.json --traffic project/file/traffic_15_nodes_random.json --inspection-rate 0.001 --mess-rate 0.002,0.876355199997,11,0,48,0,0,11,0,209,0,0,305,0,0,0,48,209,305,17,159,0,25,0,0,16,362,18,0,0,0,159,362,1427,0,0,18,1427,0,0,0,25,0,0,0,0
project/sim_ext.py --sim-time 1.5 --seq-graph project/file/graph_15_nodes.json --traffic project/file/traffic_15_nodes_random.json --inspection-rate 0.001 --mess-rate 0.002,0.8773779720534117,10,0,44,0,0,10,0,208,0,0,303,0,0,0,44,208,303,11,159,0,22,0,0,11,362,14,0,0,0,159,362,1427,0,0,14,1427,0,0,0,22,0,0,0,0
project/sim_ext.py --sim-time 1.5 --seq-graph project/file/graph_15_nodes.json --traffic project/file/traffic_15_nodes_random.json --inspection-rate 0.001 --mess-rate 0.002,0.878424000001,9,0,40,0,0,9,0,206,0,0,302,0,0,0,40,206,302,11,159,0,18,0,0,11,359,13,0,0,0,159,359,1427,0,0,13,1427,0,0,0,18,0,0,0,0
project/sim_ext.py --sim-time 1.5 --seq-graph project/file/graph_15_nodes.json --traffic project/file/traffic_15_nodes_random.json --inspection-rate 0.001 --mess-rate 0.002,0.879506000001,7,0,40,0,0,7,0,205,0,0,302,0,0,0,40,205,302,8,159,0,15,0,0,8,356,13,0,0,0,159,356,1427,0,0,13,1427,0,0,0,15,0,0,0,0
project/sim_ext.py --sim-time 1.5 --seq-graph project/file/graph_15_nodes.json --traffic project/file/traffic_15_nodes_random.json --inspection-rate 0.001 --mess-rate 0.002,0.880636000001,87,0,111,42,47,86,0,283,0,0,374,45,53,49,111,283,374,86,232,52,3,0,42,86,433,74,43,54,45,232,433,1504,45,52,74,1504,43,53,49,3,45,47,0,54
project/sim_ext.py --sim-time 1.5 --seq-graph project/file/graph_15_nodes.json --traffic project/file/traffic_15_nodes_random.json --inspection-rate 0.001 --mess-rate 0.002,0.8817090000009999,74,0,108,40,44,74,0,283,0,0,371,42,45,49,108,283,371,86,229,51,0,0,40,86,430,73,40,54,41,229,430,1503,45,51,73,1503,40,45,49,0,45,44,0,54
project/sim_ext.py --sim-time 1.5 --seq-graph project/file/graph_15_nodes.json --traffic project/file/traffic_15_nodes_random.json --inspection-rate 0.001 --mess-rate 0.002,0.882710399997,63,0,108,26,38,63,0,283,0,0,362,37,42,39,108,283,362,85,227,48,0,0,26,85,425,71,34,45,37,227,425,1503,36,48,71,1503,33,42,39,0,36,38,0,45
project/sim_ext.py --sim-time 1.5 --seq-graph project/file/graph_15_nodes.json --traffic project/file/traffic_15_nodes_random.json --inspection-rate 0.001 --mess-rate 0.002,0.883737000001,57,0,102,15,34,57,0,283,0,0,360,34,33,36,102,283,360,83,225,48,0,0,15,83,421,71,21,42,34,224,422,1503,29,48,71,1503,22,33,36,0,28,34,0,42
project/sim_ext.py --sim-time 1.5 --seq-graph project/file/graph_15_nodes.json --traffic project/file/traffic_15_nodes_random.json --inspection-rate 0.001 --mess-rate 0.002,0.884884199997,57,0,101,13,32,57,0,283,0,0,358,31,31,36,101,283,358,83,218,48,0,0,13,83,417,71,21,39,31,218,417,1503,24,48,71,1503,21,31,36,0,24,32,0,39
project/sim_ext.py --sim-time 1.5 --seq-graph project/file/graph_15_nodes.json --traffic project/file/traffic_15_nodes_random.json --inspection-rate 0.001 --mess-rate 0.002,0.886043000001,52,0,99,0,24,53,0,283,0,0,358,31,28,36,99,283,358,81,217,48,0,0,0,81,417,56,13,29,31,217,417,1503,24,48,56,1503,13,28,36,0,24,24,0,29
project/sim_ext.py --sim-time 1.5 --seq-graph project/file/graph_15_nodes.json --traffic project/file/traffic_15_nodes_random.json --inspection-rate 0.001 --mess-rate 0.002,0.887393000001,47,0,99,0,21,47,0,283,0,0,358,17,17,21,99,283,358,75,209,48,0,0,0,75,407,52,9,27,17,209,407,1501,5,48,52,1501,9,17,21,0,5,21,0,28
project/sim_ext.py --sim-time 1.5 --seq-graph project/file/graph_15_nodes.json --traffic project/file/traffic_15_nodes_random.json --inspection-rate 0.001 --mess-rate 0.002,0.888431000001,40,0,99,0,13,40,0,283,0,0,354,13,8,15,99,283,355,72,207,48,0,0,0,72,407,52,3,22,13,207,407,1500,1,48,52,1500,3,8,15,0,1,13,0,22
project/sim_ext.py --sim-time 1.5 --seq-graph project/file/graph_15_nodes.json --traffic project/file/traffic_15_nodes_random.json --inspection-rate 0.001 --mess-rate 0.002,0.889480000001,40,0,99,0,10,40,0,283,0,0,344,8,1,8,99,283,344,71,205,48,0,0,0,71,403,51,0,21,8,205,403,1498,0,48,51,1498,0,1,8,0,0,10,0,21
project/sim_ext.py --sim-time 1.5 --seq-graph project/file/graph_15_nodes.json --traffic project/file/traffic_15_nodes_random.json --inspection-rate 0.001 --mess-rate 0.002,0.890488000001,29,59,94,0,3,29,55,271,59,55,343,2,0,0,94,271,343,71,203,23,0,51,0,71,403,45,0,17,2,203,403,1498,0,23,45,1498,0,0,0,0,0,3,51,17
project/sim_ext.py --sim-time 1.5 --seq-graph project/file/graph_15_nodes.json --traffic project/file/traffic_15_nodes_random.json --inspection-rate 0.001 --mess-rate 0.002,0.891576000001,28,59,86,0,0,28,52,267,59,52,343,0,0,0,86,267,343,71,201,18,0,42,0,71,401,45,0,17,0,201,401,1498,0,18,45,1498,0,0,0,0,0,0,42,17
project/sim_ext.py --sim-time 1.5 --seq-graph project/file/graph_15_nodes.json --traffic project/file/traffic_15_nodes_random.json --inspection-rate 0.001 --mess-rate 0.002,0.892714000001,28,59,86,0,0,28,52,265,59,52,343,0,0,0,86,265,343,66,198,16,0,38,0,66,401,38,0,8,0,198,401,1498,0,16,38,1498,0,0,0,0,0,0,38,8
project/sim_ext.py --sim-time 1.5 --seq-graph project/file/graph_15_nodes.json --traffic project/file/traffic_15_nodes_random.json --inspection-rate 0.001 --mess-rate 0.002,0.893804000001,27,54,84,0,0,27,51,265,54,51,343,0,0,0,84,265,343,64,198,16,0,38,0,64,399,38,0,8,0,198,399,1498,0,16,38,1498,0,0,0,0,0,0,38,8
project/sim_ext.py --sim-time 1.5 --seq-graph project/file/graph_15_nodes.json --traffic project/file/traffic_15_nodes_random.json --inspection-rate 0.001 --mess-rate 0.002,0.894877000001,27,50,84,0,0,27,49,265,50,49,343,0,0,0,84,265,343,64,198,16,0,38,0,64,399,35,0,8,0,198,399,1498,0,16,35,1498,0,0,0,0,0,0,38,8
project/sim_ext.py --sim-time 1.5 --seq-graph project/file/graph_15_nodes.json --traffic project/file/traffic_15_nodes_random.json --inspection-rate 0.001 --mess-rate 0.002,0.895968999997,26,45,81,0,0,26,48,265,45,48,343,0,0,0,81,265,343,64,190,13,0,33,0,64,399,35,0,8,0,190,399,1498,0,14,35,1498,0,0,0,0,0,0,32,8
project/sim_ext.py --sim-time 1.5 --seq-graph project/file/graph_15_nodes.json --traffic project/file/traffic_15_nodes_random.json --inspection-rate 0.001 --mess-rate 0.002,0.897024000001,26,42,78,0,0,26,48,253,42,48,343,0,0,0,78,253,343,64,188,0,0,22,0,64,396,35,0,8,0,188,396,1498,0,0,35,1498,0,0,0,0,0,0,22,8
project/sim_ext.py --sim-time 1.5 --seq-graph project/file/graph_15_nodes.json --traffic project/file/traffic_15_nodes_random.json --inspection-rate 0.001 --mess-rate 0.002,0.898124999929,25,40,77,0,0,25,48,253,40,48,343,0,0,0,77,253,343,64,188,0,0,15,0,64,394,27,0,0,0,188,394,1498,0,0,27,1498,0,0,0,0,0,0,14,0
project/sim_ext.py --sim-time 1.5 --seq-graph project/file/graph_15_nodes.json --traffic project/file/traffic_15_nodes_random.json --inspection-rate 0.001 --mess-rate 0.002,0.899201000001,24,40,76,0,0,24,48,252,40,48,343,0,0,0,76,252,343,54,185,0,0,9,0,54,392,27,0,0,0,185,392,1498,0,0,27,1498,0,0,0,0,0,0,9,0
project/sim_ext.py --sim-time 1.5 --seq-graph project/file/graph_15_nodes.json --traffic project/file/traffic_15_nodes_random.json --inspection-rate 0.001 --mess-rate 0.002,0.9003300000009999,24,35,73,0,0,23,48,252,35,48,343,0,0,0,73,252,343,52,182,0,0,4,0,52,389,26,0,0,0,182,389,1498,0,0,26,1498,0,0,0,0,0,0,4,0
project/sim_ext.py --sim-time 1.5 --seq-graph project/file/graph_15_nodes.json --traffic project/file/traffic_15_nodes_random.json --inspection-rate 0.001 --mess-rate 0.002,0.901543000001,20,29,73,0,0,20,43,250,29,43,343,0,0,0,73,250,343,50,182,0,0,0,0,50,389,23,0,0,0,182,389,1498,0,0,23,1498,0,0,0,0,0,0,0,0
project/sim_ext.py --sim-time 1.5 --seq-graph project/file/graph_15_nodes.json --traffic project/file/traffic_15_nodes_random.json --inspection-rate 0.001 --mess-rate 0.002,0.902607000001,20,27,71,0,0,20,42,247,27,42,332,0,0,0,71,247,332,49,168,0,0,0,0,49,389,22,0,0,0,168,389,1498,0,0,22,1498,0,0,0,0,0,0,0,0
project/sim_ext.py --sim-time 1.5 --seq-graph project/file/graph_15_nodes.json --traffic project/file/traffic_15_nodes_random.json --inspection-rate 0.001 --mess-rate 0.002,0.903621000001,18,21,71,0,0,18,39,247,21,39,332,0,0,0,71,247,332,47,167,0,0,0,0,47,387,22,0,0,0,167,387,1498,0,0,22,1498,0,0,0,0,0,0,0,0
project/sim_ext.py --sim-time 1.5 --seq-graph project/file/graph_15_nodes.json --traffic project/file/traffic_15_nodes_random.json --inspection-rate 0.001 --mess-rate 0.002,0.904683000001,18,17,71,0,0,18,39,245,17,39,332,0,0,0,71,245,332,44,167,0,0,0,0,44,387,17,0,0,0,167,387,1498,0,0,17,1498,0,0,0,0,0,0,0,0
project/sim_ext.py --sim-time 1.5 --seq-graph project/file/graph_15_nodes.json --traffic project/file/traffic_15_nodes_random.json --inspection-rate 0.001 --mess-rate 0.002,0.905703000001,17,15,71,0,0,17,36,244,15,36,329,0,0,0,71,244,329,44,164,0,0,0,0,44,382,17,0,0,0,164,382,1498,0,0,17,1498,0,0,0,0,0,0,0,0
project/sim_ext.py --sim-time 1.5 --seq-graph project/file/graph_15_nodes.json --traffic project/file/traffic_15_nodes_random.json --inspection-rate 0.001 --mess-rate 0.002,0.906787000001,16,12,71,0,0,16,36,243,12,36,329,0,0,0,71,243,329,39,161,0,0,0,0,39,382,17,0,0,0,161,382,1498,0,0,17,1498,0,0,0,0,0,0,0,0
project/sim_ext.py --sim-time 1.5 --seq-graph project/file/graph_15_nodes.json --traffic project/file/traffic_15_nodes_random.json --inspection-rate 0.001 --mess-rate 0.002,0.9077897999969999,14,10,61,0,0,13,36,237,11,36,325,0,0,0,61,237,325,34,156,0,0,0,0,34,376,13,0,0,0,156,376,1498,0,0,13,1498,0,0,0,0,0,0,0,0
project/sim_ext.py --sim-time 1.5 --seq-graph project/file/graph_15_nodes.json --traffic project/file/traffic_15_nodes_random.json --inspection-rate 0.001 --mess-rate 0.002,0.908809000001,13,6,60,0,0,13,34,236,6,34,324,0,0,0,60,236,324,30,152,0,0,0,0,30,371,13,0,0,0,152,371,1498,0,0,13,1498,0,0,0,0,0,0,0,0
project/sim_ext.py --sim-time 1.5 --seq-graph project/file/graph_15_nodes.json --traffic project/file/traffic_15_nodes_random.json --inspection-rate 0.001 --mess-rate 0.002,0.9098164436272761,12,5,57,0,0,12,34,232,5,34,321,0,0,0,57,232,321,29,152,0,0,0,0,29,371,13,0,0,0,152,371,1498,0,0,13,1498,0,0,0,0,0,0,0,0
project/sim_ext.py --sim-time 1.5 --seq-graph project/file/graph_15_nodes.json --traffic project/file/traffic_15_nodes_random.json --inspection-rate 0.001 --mess-rate 0.002,0.9108574872217367,11,0,54,0,0,11,32,232,0,32,321,0,0,0,54,232,321,28,146,0,0,0,0,28,371,13,58,0,0,146,371,1498,0,0,13,1498,58,0,0,0,0,0,0,0
project/sim_ext.py --sim-time 1.5 --seq-graph project/file/graph_15_nodes.json --traffic project/file/traffic_15_nodes_random.json --inspection-rate 0.001 --mess-rate 0.002,0.911973000001,11,0,52,0,0,11,32,232,0,32,321,0,0,0,52,232,321,28,146,0,0,0,0,28,361,10,52,0,0,146,361,1498,0,0,10,1498,52,0,0,0,0,0,0,0
project/sim_ext.py --sim-time 1.5 --seq-graph project/file/graph_15_nodes.json --traffic project/file/traffic_15_nodes_random.json --inspection-rate 0.001 --mess-rate 0.002,0.913212799997,6,0,52,0,0,5,32,222,0,32,317,0,0,0,52,222,317,28,146,0,60,0,0,28,359,6,50,0,0,146,359,1498,0,0,6,1498,50,0,0,60,0,0,0,0
project/sim_ext.py --sim-time 1.5 --seq-graph project/file/graph_15_nodes.json --traffic project/file/traffic_15_nodes_random.json --inspection-rate 0.001 --mess-rate 0.002,0.914243199997,2,0,47,0,0,2,32,217,0,32,315,0,0,0,47,217,315,28,140,0,55,0,0,28,354,6,47,0,0,140,354,1498,0,0,6,1498,47,0,0,55,0,0,0,0
project/sim_ext.py --sim-time 1.5 --seq-graph project/file/graph_15_nodes.json --traffic project/file/traffic_15_nodes_random.json --inspection-rate 0.001 --mess-rate 0.002,0.915323000001,0,0,46,0,0,0,32,216,0,32,312,0,0,0,46,216,312,28,139,0,48,0,0,28,351,4,46,0,0,139,351,1498,0,0,4,1498,46,0,0,48,0,0,0,0
project/sim_ext.py --sim-time 1.5 --seq-graph project/file/graph_15_nodes.json --traffic project/file/traffic_15_nodes_random.json --inspection-rate 0.001 --mess-rate 0.002,0.916362000001,0,0,46,0,0,0,25,216,0,25,311,0,0,0,46,216,311,28,136,0,48,0,0,28,349,4,38,0,0,136,349,1498,0,0,4,1498,38,0,0,48,0,0,0,0
project/sim_ext.py --sim-time 1.5 --seq-graph project/file/graph_15_nodes.json --traffic project/file/traffic_15_nodes_random.json --inspection-rate 0.001 --mess-rate 0.002,0.917448000001,0,0,45,0,0,0,24,216,0,24,311,0,0,0,45,215,311,28,135,0,46,0,0,28,342,1,34,0,0,135,342,1498,0,0,1,1498,34,0,0,45,0,0,0,0
project/sim_ext.py --sim-time 1.5 --seq-graph project/file/graph_15_nodes.json --traffic project/file/traffic_15_nodes_random.json --inspection-rate 0.001 --mess-rate 0.002,0.918504999925,0,0,43,0,0,0,24,207,0,24,311,0,0,0,43,207,311,28,131,0,36,0,0,28,337,0,30,0,0,131,337,1498,0,0,0,1498,30,0,0,36,0,0,0,0
project/sim_ext.py --sim-time 1.5 --seq-graph project/file/graph_15_nodes.json --traffic project/file/traffic_15_nodes_random.json --inspection-rate 0.001 --mess-rate 0.002,0.919539000001,0,0,42,0,0,0,22,204,0,22,311,0,0,0,42,204,311,16,128,0,31,0,0,16,337,0,25,0,0,128,337,1498,0,0,0,1498,25,0,0,31,0,0,0,0
project/sim_ext.py --sim-time 1.5 --seq-graph project/file/graph_15_nodes.json --traffic project/file/traffic_15_nodes_random.json --inspection-rate 0.001 --mess-rate 0.002,0.920540799997,0,0,41,0,0,79,22,204,79,102,308,0,0,0,121,283,388,15,127,0,26,0,79,95,337,0,25,0,79,207,417,1498,0,79,79,1578,25,80,80,26,79,79,79,79
project/sim_ext.py --sim-time 1.5 --seq-graph project/file/graph_15_nodes.json --traffic project/file/traffic_15_nodes_random.json --inspection-rate 0.001 --mess-rate 0.002,0.921562599997,47,59,121,43,45,47,84,274,59,85,369,40,40,44,121,274,369,93,201,44,1,51,43,93,395,55,5,45,40,201,395,1576,44,44,56,1576,5,40,44,1,44,46,51,45
project/sim_ext.py --sim-time 1.5 --seq-graph project/file/graph_15_nodes.json --traffic project/file/traffic_15_nodes_random.json --inspection-rate 0.001 --mess-rate 0.002,0.922664000001,45,56,121,38,43,45,80,271,56,80,360,27,31,34,121,271,360,93,195,36,0,44,38,93,388,48,0,40,27,195,388,1576,38,36,48,1576,0,31,34,0,38,43,44,40
project/sim_ext.py --sim-time 1.5 --seq-graph project/file/graph_15_nodes.json --traffic project/file/traffic_15_nodes_random.json --inspection-rate 0.001 --mess-rate 0.002,0.9238431999969999,45,53,117,30,31,45,78,265,53,78,356,24,30,29,117,265,356,86,193,30,0,38,31,86,381,44,0,33,24,193,381,1576,36,29,44,1576,0,30,29,0,36,31,38,32
project/sim_ext.py --sim-time 1.5 --seq-graph project/file/graph_15_nodes.json --traffic project/file/traffic_15_nodes_random.json --inspection-rate 0.001 --mess-rate 0.002,0.924884999929,31,52,115,26,28,31,65,258,52,66,346,18,18,13,116,258,346,85,191,13,0,31,26,85,374,40,0,27,18,191,374,1575,25,13,40,1575,0,18,13,0,25,28,31,27
project/sim_ext.py --sim-time 1.5 --seq-graph project/file/graph_15_nodes.json --traffic project/file/traffic_15_nodes_random.json --inspection-rate 0.001 --mess-rate 0.002,0.926261000001,24,47,113,13,20,24,63,256,47,63,345,10,11,9,113,256,345,82,184,6,0,22,13,82,369,32,0,16,11,184,369,1573,22,6,32,1573,0,10,9,0,22,20,22,16
project/sim_ext.py --sim-time 1.5 --seq-graph project/file/graph_15_nodes.json --traffic project/file/traffic_15_nodes_random.json --inspection-rate 0.001 --mess-rate 0.002,0.9272630000009999,20,45,110,12,18,20,59,254,45,59,341,1,3,6,110,254,341,81,181,0,0,20,12,81,363,28,0,12,1,181,363,1573,14,0,28,1573,0,3,6,0,14,18,20,12
project/sim_ext.py --sim-time 1.5 --seq-graph project/file/graph_15_nodes.json --traffic project/file/traffic_15_nodes_random.json --inspection-rate 0.001 --mess-rate 0.002,0.928296000001,18,41,108,10,14,18,58,254,41,58,334,0,0,0,108,254,334,78,179,0,0,11,10,78,363,26,0,12,0,179,363,1573,12,0,26,1573,0,0,0,0,12,14,11,12
project/sim_ext.py --sim-time 1.5 --seq-graph project/file/graph_15_nodes.json --traffic project/file/traffic_15_nodes_random.json --inspection-rate 0.001 --mess-rate 0.002,0.929591000001,18,41,104,0,5,18,55,254,41,55,334,0,0,0,104,254,334,77,178,0,0,3,0,77,356,21,0,3,0,178,356,1573,12,0,21,1573,0,0,0,0,12,5,2,3
project/sim_ext.py --sim-time 1.5 --seq-graph project/file/graph_15_nodes.json --traffic project/file/traffic_15_nodes_random.json --inspection-rate 0.001 --mess-rate 0.002,0.930690000001,18,39,104,0,0,18,51,254,39,51,334,0,0,0,104,254,334,71,176,0,0,0,0,71,346,20,0,0,0,176,346,1573,2,0,20,1573,0,0,0,0,2,0,0,0
project/sim_ext.py --sim-time 1.5 --seq-graph project/file/graph_15_nodes.json --traffic project/file/traffic_15_nodes_random.json --inspection-rate 0.001 --mess-rate 0.002,0.931696000001,14,36,101,0,0,15,49,254,36,50,334,0,0,0,101,254,334,69,176,0,0,0,0,69,346,19,0,0,0,176,346,1573,2,0,19,1573,0,0,0,0,2,0,0,0
project/sim_ext.py --sim-time 1.5 --seq-graph project/file/graph_15_nodes.json --traffic project/file/traffic_15_nodes_random.json --inspection-rate 0.001 --mess-rate 0.002,0.9328270000009999,7,30,101,0,0,7,43,254,30,43,334,0,0,0,101,254,334,69,176,0,0,0,0,69,346,19,0,0,0,176,346,1573,2,0,19,1573,0,0,0,0,2,0,0,0
project/sim_ext.py --sim-time 1.5 --seq-graph project/file/graph_15_nodes.json --traffic project/file/traffic_15_nodes_random.json --inspection-rate 0.001 --mess-rate 0.002,0.933849000001,7,27,101,0,0,7,38,254,27,38,334,0,0,0,101,254,334,62,176,0,0,0,0,62,343,19,0,0,0,176,343,1573,0,0,19,1573,0,0,0,0,0,0,0,0
project/sim_ext.py --sim-time 1.5 --seq-graph project/file/graph_15_nodes.json --traffic project/file/traffic_15_nodes_random.json --inspection-rate 0.001 --mess-rate 0.002,0.934855000001,7,23,98,0,0,7,35,254,23,35,334,0,0,0,99,254,334,59,176,0,0,0,0,59,340,19,0,0,0,176,340,1573,0,0,19,1573,0,0,0,0,0,0,0,0
project/sim_ext.py --sim-time 1.5 --seq-graph project/file/graph_15_nodes.json --traffic project/file/traffic_15_nodes_random.json --inspection-rate 0.001 --mess-rate 0.002,0.9360727531615732,7,20,92,0,0,7,33,254,20,34,334,0,0,0,92,254,334,59,176,0,0,0,0,59,339,19,0,0,0,176,339,1573,0,0,19,1573,0,0,0,0,0,0,0,0
project/sim_ext.py --sim-time 1.5 --seq-graph project/file/graph_15_nodes.json --traffic project/file/traffic_15_nodes_random.json --inspection-rate 0.001 --mess-rate 0.002,0.937224000001,7,12,91,0,0,7,33,254,12,33,334,0,0,0,91,254,334,52,164,0,0,0,0,52,339,16,0,0,0,164,339,1573,0,0,16,1573,0,0,0,0,0,0,0,0
project/sim_ext.py --sim-time 1.5 --seq-graph project/file/graph_15_nodes.json --traffic project/file/traffic_15_nodes_random.json --inspection-rate 0.001 --mess-rate 0.002,0.938304999997,7,12,91,0,0,7,32,254,12,32,328,0,0,0,91,254,328,50,163,0,0,0,0,50,334,16,0,0,0,163,334,1573,0,0,16,1573,0,0,0,0,0,0,0,0
project/sim_ext.py --sim-time 1.5 --seq-graph project/file/graph_15_nodes.json --traffic project/file/traffic_15_nodes_random.json --inspection-rate 0.001 --mess-rate 0.002,0.939306000001,7,12,87,0,0,7,32,254,12,32,321,0,0,0,87,254,321,50,163,0,0,0,0,50,334,16,0,0,0,163,334,1573,0,0,16,1573,0,0,0,0,0,0,0,0
project/sim_ext.py --sim-time 1.5 --seq-graph project/file/graph_15_nodes.json --traffic project/file/traffic_15_nodes_random.json --inspection-rate 0.001 --mess-rate 0.002,0.940307000001,7,5,87,0,0,7,30,254,5,30,321,0,0,0,87,254,321,50,163,0,0,0,0,50,334,16,0,0,0,163,334,1573,0,0,16,1573,0,0,0,80,0,0,0,0
project/sim_ext.py --sim-time 1.5 --seq-graph project/file/graph_15_nodes.json --traffic project/file/traffic_15_nodes_random.json --inspection-rate 0.001 --mess-rate 0.002,0.941486000001,7,2,83,0,0,7,27,236,2,27,314,0,0,0,83,236,314,39,158,0,50,0,0,39,334,14,0,0,0,158,334,1573,0,0,14,1573,0,0,0,50,0,0,0,0
project/sim_ext.py --sim-time 1.5 --seq-graph project/file/graph_15_nodes.json --traffic project/file/traffic_15_nodes_random.json --inspection-rate 0.001 --mess-rate 0.002,0.942496000001,7,2,81,0,0,7,26,233,2,26,314,0,0,0,81,233,314,39,158,0,48,0,0,39,334,14,0,0,0,158,334,1573,0,0,14,1573,0,0,0,48,0,0,0,0
project/sim_ext.py --sim-time 1.5 --seq-graph project/file/graph_15_nodes.json --traffic project/file/traffic_15_nodes_random.json --inspection-rate 0.001 --mess-rate 0.002,0.9437093507655603,7,0,81,0,0,7,24,232,0,24,314,0,0,0,81,232,314,39,158,0,42,0,0,39,334,13,0,0,0,158,334,1573,0,0,13,1573,0,0,0,42,0,0,0,0
project/sim_ext.py --sim-time 1.5 --seq-graph project/file/graph_15_nodes.json --traffic project/file/traffic_15_nodes_random.json --inspection-rate 0.001 --mess-rate 0.002,0.944741799997,7,0,81,0,0,7,24,228,0,24,314,0,0,0,81,228,314,35,149,0,36,0,0,35,322,13,0,0,0,149,322,1573,0,0,13,1573,0,0,0,36,0,0,0,0
project/sim_ext.py --sim-time 1.5 --seq-graph project/file/graph_15_nodes.json --traffic project/file/traffic_15_nodes_random.json --inspection-rate 0.001 --mess-rate 0.002,0.945834999925,7,0,81,0,0,7,24,226,0,23,309,0,0,0,81,226,309,32,147,0,30,0,0,32,320,10,0,0,0,147,320,1573,0,0,10,1573,0,0,0,30,0,0,0,0
project/sim_ext.py --sim-time 1.5 --seq-graph project/file/graph_15_nodes.json --traffic project/file/traffic_15_nodes_random.json --inspection-rate 0.001 --mess-rate 0.002,0.946925000001,7,0,81,0,0,7,18,219,0,18,305,0,0,0,81,219,305,32,144,0,20,0,0,32,320,10,0,0,0,144,320,1573,0,0,10,1573,0,0,0,20,0,0,0,0
project/sim_ext.py --sim-time 1.5 --seq-graph project/file/graph_15_nodes.json --traffic project/file/traffic_15_nodes_random.json --inspection-rate 0.001 --mess-rate 0.002,0.947975399997,7,0,81,0,0,7,18,217,0,18,303,0,0,0,81,217,303,30,142,0,16,0,0,30,320,10,0,0,0,142,320,1573,0,0,10,1573,0,0,0,16,0,0,0,0
project/sim_ext.py --sim-time 1.5 --seq-graph project/file/graph_15_nodes.json --traffic project/file/traffic_15_nodes_random.json --inspection-rate 0.001 --mess-rate 0.002,0.949010000001,7,0,81,0,0,7,14,217,0,14,303,0,0,0,81,217,303,30,139,0,12,0,0,30,317,10,0,0,0,139,317,1573,0,0,10,1573,0,0,0,12,0,0,0,0
project/sim_ext.py --sim-time 1.5 --seq-graph project/file/graph_15_nodes.json --traffic project/file/traffic_15_nodes_random.json --inspection-rate 0.001 --mess-rate 0.002,0.950069000001,7,0,70,0,0,7,14,213,0,14,301,0,0,0,70,213,301,27,138,0,2,0,0,27,316,9,0,0,0,138,316,1573,0,0,9,1573,0,0,0,2,0,0,0,0
project/sim_ext.py --sim-time 1.5 --seq-graph project/file/graph_15_nodes.json --traffic project/file/traffic_15_nodes_random.json --inspection-rate 0.001 --mess-rate 0.002,0.9511310000009999,7,0,69,0,0,7,14,212,0,14,296,0,0,0,69,212,296,27,136,0,0,0,0,27,316,7,0,0,0,136,316,1573,0,0,7,1573,0,0,0,0,0,0,0,0
project/sim_ext.py --sim-time 1.5 --seq-graph project/file/graph_15_nodes.json --traffic project/file/traffic_15_nodes_random.json --inspection-rate 0.001 --mess-rate 0.002,0.952150399997,58,58,147,41,49,58,76,288,58,76,360,28,41,41,147,288,359,107,212,52,0,46,41,107,377,72,43,46,29,212,377,1650,44,52,72,1650,43,41,40,0,44,49,46,46
project/sim_ext.py --sim-time 1.5 --seq-graph project/file/graph_15_nodes.json --traffic project/file/traffic_15_nodes_random.json --inspection-rate 0.001 --mess-rate 0.002,0.953218000001,53,57,145,34,46,53,73,284,57,73,354,20,32,28,145,284,354,103,210,49,0,41,34,103,364,69,32,43,20,210,364,1649,39,49,70,1649,32,32,28,0,39,46,41,43
project/sim_ext.py --sim-time 1.5 --seq-graph project/file/graph_15_nodes.json --traffic project/file/traffic_15_nodes_random.json --inspection-rate 0.001 --mess-rate 0.002,0.954344000001,48,54,141,28,42,48,64,281,53,64,350,18,23,20,141,281,350,103,209,45,0,38,27,103,360,67,24,42,18,209,360,1649,39,45,67,1649,24,23,20,0,39,43,38,43
project/sim_ext.py --sim-time 1.5 --seq-graph project/file/graph_15_nodes.json --traffic project/file/traffic_15_nodes_random.json --inspection-rate 0.001 --mess-rate 0.002,0.9553715999969999,37,50,138,18,30,37,56,281,50,56,341,2,21,5,138,281,342,103,205,40,0,31,18,103,348,61,19,35,2,205,348,1648,24,40,61,1648,19,22,6,0,24,30,31,35
project/sim_ext.py --sim-time 1.5 --seq-graph project/file/graph_15_nodes.json --traffic project/file/traffic_15_nodes_random.json --inspection-rate 0.001 --mess-rate 0.002,0.956442000001,34,47,134,14,25,34,55,274,47,55,341,0,11,5,134,274,341,97,203,33,0,25,14,97,345,58,10,30,0,203,345,1647,21,33,58,1647,10,11,5,0,21,25,25,30
project/sim_ext.py --sim-time 1.5 --seq-graph project/file/graph_15_nodes.json --traffic project/file/traffic_15_nodes_random.json --inspection-rate 0.001 --mess-rate 0.002,0.957596799997,29,43,130,14,24,29,48,271,43,48,336,0,1,0,130,271,336,94,199,25,0,18,14,94,340,52,6,24,0,199,340,1647,15,25,52,1647,6,1,0,0,15,25,18,24
project/sim_ext.py --sim-time 1.5 --seq-graph project/file/graph_15_nodes.json --traffic project/file/traffic_15_nodes_random.json --inspection-rate 0.001 --mess-rate 0.002,0.958700000001,23,41,128,0,11,23,48,269,41,48,328,0,0,0,128,269,328,94,196,18,0,11,0,94,334,47,0,23,0,196,334,1647,13,18,47,1647,0,0,0,0,13,11,11,23
project/sim_ext.py --sim-time 1.5 --seq-graph project/file/graph_15_nodes.json --traffic project/file/traffic_15_nodes_random.json --inspection-rate 0.001 --mess-rate 0.002,0.959928000001,16,38,128,0,9,16,38,263,38,38,326,0,0,0,128,263,326,94,194,8,0,5,0,94,332,46,0,23,0,194,332,1647,9,8,46,1647,0,0,0,0,9,9,5,23
project/sim_ext.py --sim-time 1.5 --seq-graph project/file/graph_15_nodes.json --traffic project/file/traffic_15_nodes_random.json --inspection-rate 0.001 --mess-rate 0.002,0.9610313999969999,14,38,128,0,7,14,38,263,38,38,320,0,0,0,128,263,320,94,189,5,0,3,0,94,327,46,0,23,0,189,327,1647,0,5,46,1647,0,0,0,0,0,7,3,23
project/sim_ext.py --sim-time 1.5 --seq-graph project/file/graph_15_nodes.json --traffic project/file/traffic_15_nodes_random.json --inspection-rate 0.001 --mess-rate 0.002,0.962094999925,11,37,128,0,6,11,38,258,37,38,315,0,0,0,128,258,315,94,182,0,0,0,0,94,327,46,0,23,0,182,327,1647,0,0,46,1647,0,0,0,0,0,6,0,23
project/sim_ext.py --sim-time 1.5 --seq-graph project/file/graph_15_nodes.json --traffic project/file/traffic_15_nodes_random.json --inspection-rate 0.001 --mess-rate 0.002,0.9631771151785438,7,35,128,0,0,7,36,256,35,36,315,0,0,0,128,256,315,83,178,0,0,0,0,83,327,34,0,5,0,178,327,1647,0,0,34,1647,0,0,0,0,0,0,0,5
project/sim_ext.py --sim-time 1.5 --seq-graph project/file/graph_15_nodes.json --traffic project/file/traffic_15_nodes_random.json --inspection-rate 0.001 --mess-rate 0.002,0.9642962440341292,7,28,128,0,0,7,33,255,28,33,308,0,0,0,128,255,308,82,172,0,0,0,0,82,327,32,0,3,0,172,327,1647,0,0,32,1647,0,0,0,0,0,0,0,3
project/sim_ext.py --sim-time 1.5 --seq-graph project/file/graph_15_nodes.json --traffic project/file/traffic_15_nodes_random.json --inspection-rate 0.001 --mess-rate 0.002,0.965329000001,7,23,128,0,0,7,32,251,23,32,308,0,0,0,128,251,308,82,171,0,0,0,0,82,327,32,0,2,0,171,327,1647,0,0,32,1647,0,0,0,0,0,0,0,2
project/sim_ext.py --sim-time 1.5 --seq-graph project/file/graph_15_nodes.json --traffic project/file/traffic_15_nodes_random.json --inspection-rate 0.001 --mess-rate 0.002,0.966437720215239,7,20,128,0,0,7,30,250,20,30,308,0,0,0,128,250,308,80,169,0,0,0,0,80,315,32,0,0,0,169,315,1647,0,0,32,1647,0,0,0,0,0,0,0,0
project/sim_ext.py --sim-time 1.5 --seq-graph project/file/graph_15_nodes.json --traffic project/file/traffic_15_nodes_random.json --inspection-rate 0.001 --mess-rate 0.002,0.9675000790085462,7,19,128,0,0,7,30,249,19,30,308,0,0,0,128,249,308,77,164,0,0,0,0,77,314,32,0,0,0,164,314,1647,0,0,32,1647,0,0,0,0,0,0,0,0
project/sim_ext.py --sim-time 1.5 --seq-graph project/file/graph_15_nodes.json --traffic project/file/traffic_15_nodes_random.json --inspection-rate 0.001 --mess-rate 0.002,0.968597000001,7,13,128,0,0,7,30,246,13,30,305,0,0,0,128,246,305,74,160,0,0,0,0,74,312,23,0,0,0,160,312,1647,0,0,23,1647,0,0,0,0,0,0,0,0
project/sim_ext.py --sim-time 1.5 --seq-graph project/file/graph_15_nodes.json --traffic project/file/traffic_15_nodes_random.json --inspection-rate 0.001 --mess-rate 0.002,0.969838000001,7,11,115,0,0,7,30,245,11,30,304,0,0,0,115,245,304,71,157,0,0,0,0,71,312,22,0,0,0,157,312,1647,0,0,22,1647,0,0,0,0,0,0,0,0
project/sim_ext.py --sim-time 1.5 --seq-graph project/file/graph_15_nodes.json --traffic project/file/traffic_15_nodes_random.json --inspection-rate 0.001 --mess-rate 0.002,0.970989799997,7,9,113,0,0,7,30,242,9,30,304,0,0,0,113,242,304,71,157,0,0,0,0,71,307,22,0,0,0,157,307,1647,0,0,22,1647,0,0,0,0,0,0,0,0
project/sim_ext.py --sim-time 1.5 --seq-graph project/file/graph_15_nodes.json --traffic project/file/traffic_15_nodes_random.json --inspection-rate 0.001 --mess-rate 0.002,0.972077000001,7,4,113,0,0,7,26,242,4,26,301,0,0,0,113,242,301,71,157,0,0,0,0,71,305,20,0,0,0,157,305,1647,0,0,20,1647,0,0,0,0,0,0,0,0
project/sim_ext.py --sim-time 1.5 --seq-graph project/file/graph_15_nodes.json --traffic project/file/traffic_15_nodes_random.json --inspection-rate 0.001 --mess-rate 0.002,0.973179999913,7,0,108,0,0,7,24,241,0,24,301,0,0,0,108,241,301,71,157,0,0,0,0,71,305,20,0,0,0,157,305,1647,0,0,20,1647,0,0,0,0,0,0,0,0
project/sim_ext.py --sim-time 1.5 --seq-graph project/file/graph_15_nodes.json --traffic project/file/traffic_15_nodes_random.json --inspection-rate 0.001 --mess-rate 0.002,0.9742687065847662,7,0,105,0,0,7,24,238,0,24,301,0,0,0,105,238,301,71,150,0,0,0,0,71,303,20,0,0,0,150,303,1647,0,0,20,1647,0,0,0,0,0,0,0,0
project/sim_ext.py --sim-time 1.5 --seq-graph project/file/graph_15_nodes.json --traffic project/file/traffic_15_nodes_random.json --inspection-rate 0.001 --mess-rate 0.002,0.975352000001,7,0,103,0,0,7,21,238,0,21,300,0,0,0,103,238,300,60,148,0,0,0,0,60,303,17,0,0,0,148,303,1647,0,0,17,1647,0,0,0,0,0,0,0,0
project/sim_ext.py --sim-time 1.5 --seq-graph project/file/graph_15_nodes.json --traffic project/file/traffic_15_nodes_random.json --inspection-rate 0.001 --mess-rate 0.002,0.9764153059635354,7,0,101,0,0,7,21,237,0,21,300,0,0,0,101,237,300,58,148,0,0,0,0,58,303,16,0,0,0,148,303,1647,0,0,16,1647,0,0,0,0,0,0,0,0
project/sim_ext.py --sim-time 1.5 --seq-graph project/file/graph_15_nodes.json --traffic project/file/traffic_15_nodes_random.json --inspection-rate 0.001 --mess-rate 0.002,0.977476000001,7,0,101,0,0,7,21,233,0,21,295,0,0,0,101,233,295,55,143,0,0,0,0,55,303,16,0,0,0,143,303,1647,0,0,16,1647,0,0,0,0,0,0,0,0
project/sim_ext.py --sim-time 1.5 --seq-graph project/file/graph_15_nodes.json --traffic project/file/traffic_15_nodes_random.json --inspection-rate 0.001 --mess-rate 0.002,0.9786130000009999,7,0,98,0,0,7,21,230,0,21,295,0,0,0,98,230,295,52,143,0,0,0,0,52,303,16,0,0,0,143,303,1647,0,0,16,1647,0,0,0,0,0,0,0,0
project/sim_ext.py --sim-time 1.5 --seq-graph project/file/graph_15_nodes.json --traffic project/file/traffic_15_nodes_random.json --inspection-rate 0.001 --mess-rate 0.002,0.979662000001,7,0,94,0,0,7,14,230,0,14,295,0,0,0,94,230,295,52,143,0,0,0,0,52,303,16,0,0,0,143,303,1647,0,0,16,1647,0,0,0,0,0,0,0,0
project/sim_ext.py --sim-time 1.5 --seq-graph project/file/graph_15_nodes.json --traffic project/file/traffic_15_nodes_random.json --inspection-rate 0.001 --mess-rate 0.002,0.980737000001,7,0,92,0,0,7,11,225,0,11,291,0,0,0,92,225,291,50,143,0,59,0,0,50,303,16,0,0,0,143,303,1647,0,0,16,1647,0,0,0,59,0,0,0,0
project/sim_ext.py --sim-time 1.5 --seq-graph project/file/graph_15_nodes.json --traffic project/file/traffic_15_nodes_random.json --inspection-rate 0.001 --mess-rate 0.002,0.981824999997,7,0,92,0,0,7,8,225,0,8,291,0,0,0,92,225,291,50,143,0,55,0,0,50,302,16,0,0,0,143,302,1647,0,0,16,1647,0,0,0,55,0,0,0,0
project/sim_ext.py --sim-time 1.5 --seq-graph project/file/graph_15_nodes.json --traffic project/file/traffic_15_nodes_random.json --inspection-rate 0.001 --mess-rate 0.002,0.982863999997,59,0,87,40,48,59,0,300,0,0,363,50,0,0,87,300,363,130,223,51,53,0,40,130,281,83,46,53,50,223,281,1726,52,50,83,1726,46,0,0,53,52,48,0,53
project/sim_ext.py --sim-time 1.5 --seq-graph project/file/graph_15_nodes.json --traffic project/file/traffic_15_nodes_random.json --inspection-rate 0.001 --mess-rate 0.002,0.983934799997,59,0,87,40,48,59,0,292,0,0,358,49,0,0,87,292,358,130,223,44,45,0,40,130,281,82,46,53,49,223,281,1726,52,44,82,1726,46,0,0,45,52,48,0,53
project/sim_ext.py --sim-time 1.5 --seq-graph project/file/graph_15_nodes.json --traffic project/file/traffic_15_nodes_random.json --inspection-rate 0.001 --mess-rate 0.002,0.985126096300218,42,0,86,20,34,42,0,288,0,0,355,36,0,0,86,288,355,130,223,37,36,0,19,130,267,74,33,43,36,223,267,1726,37,37,73,1726,33,0,0,36,37,34,0,43
project/sim_ext.py --sim-time 1.5 --seq-graph project/file/graph_15_nodes.json --traffic project/file/traffic_15_nodes_random.json --inspection-rate 0.001 --mess-rate 0.002,0.986204799997,37,0,85,12,30,37,0,284,0,0,350,33,0,0,85,284,350,130,223,36,30,0,12,130,259,68,29,42,33,223,259,1726,31,37,68,1726,29,0,0,29,31,30,0,42
project/sim_ext.py --sim-time 1.5 --seq-graph project/file/graph_15_nodes.json --traffic project/file/traffic_15_nodes_random.json --inspection-rate 0.001 --mess-rate 0.002,0.987328999997,37,0,83,12,30,37,0,282,0,0,349,22,0,0,84,282,349,130,207,28,22,0,12,130,249,64,21,30,22,207,249,1726,21,28,64,1726,21,0,0,22,21,30,0,30
project/sim_ext.py --sim-time 1.5 --seq-graph project/file/graph_15_nodes.json --traffic project/file/traffic_15_nodes_random.json --inspection-rate 0.001 --mess-rate 0.002,0.9884970000009999,37,0,83,12,30,37,0,279,0,0,344,20,0,0,83,279,344,119,204,16,16,0,12,119,249,56,18,25,20,204,249,1726,21,15,56,1726,18,0,0,16,21,30,0,25
project/sim_ext.py --sim-time 1.5 --seq-graph project/file/graph_15_nodes.json --traffic project/file/traffic_15_nodes_random.json --inspection-rate 0.001 --mess-rate 0.002,0.9896475498023126,24,0,80,0,16,24,0,273,0,0,344,19,0,0,80,273,344,116,202,14,6,0,0,116,240,56,10,21,19,201,240,1726,14,14,56,1726,10,0,0,6,14,16,0,21
project/sim_ext.py --sim-time 1.5 --seq-graph project/file/graph_15_nodes.json --traffic project/file/traffic_15_nodes_random.json --inspection-rate 0.001 --mess-rate 0.002,0.9907319600928186,24,0,76,0,12,24,0,273,0,0,342,14,0,0,76,273,342,115,201,10,2,0,0,115,232,51,5,17,14,201,232,1726,9,10,51,1726,5,0,0,2,9,12,0,17
project/sim_ext.py --sim-time 1.5 --seq-graph project/file/graph_15_nodes.json --traffic project/file/traffic_15_nodes_random.json --inspection-rate 0.001 --mess-rate 0.002,0.9918325816689619,16,0,76,0,5,16,0,265,0,0,340,12,0,0,76,265,340,113,201,3,0,0,0,113,232,50,0,14,12,200,232,1726,9,3,50,1726,0,0,0,0,9,5,0,14
project/sim_ext.py --sim-time 1.5 --seq-graph project/file/graph_15_nodes.json --traffic project/file/traffic_15_nodes_random.json --inspection-rate 0.001 --mess-rate 0.002,0.992903000001,14,60,154,0,0,14,55,263,60,55,323,10,51,48,154,263,323,112,199,0,0,53,0,112,312,47,0,11,10,199,312,1726,9,0,47,1726,0,51,48,0,9,0,53,11
project/sim_ext.py --sim-time 1.5 --seq-graph project/file/graph_15_nodes.json --traffic project/file/traffic_15_nodes_random.json --inspection-rate 0.001 --mess-rate 0.002,0.994035000001,14,60,153,0,0,14,54,263,60,54,321,0,47,43,153,263,321,112,193,0,0,47,0,112,294,47,0,4,0,193,294,1725,0,0,47,1725,0,47,43,0,0,0,47,4
project/sim_ext.py --sim-time 1.5 --seq-graph project/file/graph_15_nodes.json --traffic project/file/traffic_15_nodes_random.json --inspection-rate 0.001 --mess-rate 0.002,0.995104999921,14,50,153,0,0,14,54,263,50,54,316,0,36,35,153,263,316,110,193,0,0,45,0,110,292,47,0,1,0,193,292,1725,0,0,47,1725,0,36,34,0,0,0,45,1
project/sim_ext.py --sim-time 1.5 --seq-graph project/file/graph_15_nodes.json --traffic project/file/traffic_15_nodes_random.json --inspection-rate 0.001 --mess-rate 0.002,0.996175000001,14,47,153,0,0,14,50,263,47,50,315,0,28,30,153,263,315,108,191,0,0,41,0,108,292,47,0,0,0,191,292,1725,0,0,47,1725,0,28,30,0,0,0,40,0
project/sim_ext.py --sim-time 1.5 --seq-graph project/file/graph_15_nodes.json --traffic project/file/traffic_15_nodes_random.json --inspection-rate 0.001 --mess-rate 0.002,0.997196000001,14,41,147,0,0,14,47,263,41,46,310,0,19,25,147,263,310,108,191,0,0,38,0,108,292,47,0,0,0,191,292,1725,0,0,47,1725,0,18,24,0,0,0,38,0
project/sim_ext.py --sim-time 1.5 --seq-graph project/file/graph_15_nodes.json --traffic project/file/traffic_15_nodes_random.json --inspection-rate 0.001 --mess-rate 0.002,0.998324999917,14,39,146,0,0,14,46,263,39,45,308,0,13,15,146,263,308,108,191,0,0,27,0,108,283,39,0,0,0,191,283,1725,0,0,39,1725,0,13,15,0,0,0,27,0
project/sim_ext.py --sim-time 1.5 --seq-graph project/file/graph_15_nodes.json --traffic project/file/traffic_15_nodes_random.json --inspection-rate 0.001 --mess-rate 0.002,0.999498000001,14,28,145,0,0,14,41,263,28,41,305,0,6,5,145,263,305,102,187,0,0,26,0,102,282,37,0,0,0,187,282,1725,0,0,37,1725,0,6,5,0,0,0,26,0
project/sim_ext.py --sim-time 1.5 --seq-graph project/file/graph_15_nodes.json --traffic project/file/traffic_15_nodes_random.json --inspection-rate 0.001 --mess-rate 0.002,1.000999000001,14,24,145,0,0,14,41,263,24,41,305,0,0,1,145,263,304,101,185,0,0,22,0,101,282,33,0,0,0,185,282,1725,0,0,33,1725,0,0,1,0,0,0,21,0
project/sim_ext.py --sim-time 1.5 --seq-graph project/file/graph_15_nodes.json --traffic project/file/traffic_15_nodes_random.json --inspection-rate 0.001 --mess-rate 0.002,1.002240999997,14,19,142,0,0,14,38,263,19,38,296,0,0,0,142,263,296,95,181,0,0,11,0,95,279,33,0,0,0,181,279,1725,0,0,33,1725,0,0,0,0,0,0,11,0
project/sim_ext.py --sim-time 1.5 --seq-graph project/file/graph_15_nodes.json --traffic project/file/traffic_15_nodes_random.json --inspection-rate 0.001 --mess-rate 0.002,1.0033825375871093,14,14,142,0,0,14,37,263,14,37,296,0,0,0,142,263,296,93,179,0,0,5,0,93,276,31,0,0,0,179,276,1725,0,0,31,1725,0,0,0,0,0,0,5,0
project/sim_ext.py --sim-time 1.5 --seq-graph project/file/graph_15_nodes.json --traffic project/file/traffic_15_nodes_random.json --inspection-rate 0.001 --mess-rate 0.002,1.004474000001,14,7,139,0,0,14,35,263,7,35,296,0,0,0,139,263,296,93,179,0,0,0,0,93,276,31,0,0,0,179,276,1725,0,0,31,1725,0,0,0,0,0,0,0,0
project/sim_ext.py --sim-time 1.5 --seq-graph project/file/graph_15_nodes.json --traffic project/file/traffic_15_nodes_random.json --inspection-rate 0.001 --mess-rate 0.002,1.005509000001,14,7,139,0,0,14,35,263,7,35,296,0,0,0,139,263,296,93,173,0,0,0,0,93,272,31,0,0,0,173,272,1725,0,0,31,1725,0,0,0,0,0,0,0,0
project/sim_ext.py --sim-time 1.5 --seq-graph project/file/graph_15_nodes.json --traffic project/file/traffic_15_nodes_random.json --inspection-rate 0.001 --mess-rate 0.002,1.006538000001,14,7,131,0,0,14,35,263,7,35,287,0,0,0,131,263,287,93,171,0,0,0,0,93,272,31,0,0,0,171,272,1725,0,0,31,1725,0,0,0,0,0,0,0,0
project/sim_ext.py --sim-time 1.5 --seq-graph project/file/graph_15_nodes.json --traffic project/file/traffic_15_nodes_random.json --inspection-rate 0.001 --mess-rate 0.002,1.007673000001,14,0,130,0,0,14,35,263,0,35,287,0,0,0,130,263,287,86,167,0,0,0,0,86,266,24,0,0,0,167,266,1725,0,0,24,1725,0,0,0,0,0,0,0,0
project/sim_ext.py --sim-time 1.5 --seq-graph project/file/graph_15_nodes.json --traffic project/file/traffic_15_nodes_random.json --inspection-rate 0.001 --mess-rate 0.002,1.0087349999169999,14,0,130,0,0,14,21,263,0,21,287,0,0,0,130,263,287,86,165,0,0,0,0,86,262,23,0,0,0,165,262,1725,0,0,23,1725,0,0,0,0,0,0,0,0
project/sim_ext.py --sim-time 1.5 --seq-graph project/file/graph_15_nodes.json --traffic project/file/traffic_15_nodes_random.json --inspection-rate 0.001 --mess-rate 0.002,1.009752000001,14,0,129,0,0,14,20,263,0,20,284,0,0,0,129,263,284,84,159,0,0,0,0,84,262,22,0,0,0,159,262,1725,0,0,22,1725,0,0,0,0,0,0,0,0
project/sim_ext.py --sim-time 1.5 --seq-graph project/file/graph_15_nodes.json --traffic project/file/traffic_15_nodes_random.json --inspection-rate 0.001 --mess-rate 0.002,1.010810611534335,14,0,129,0,0,14,20,263,0,20,284,0,0,0,129,263,284,80,159,0,0,0,0,80,262,22,0,0,0,159,262,1725,0,0,22,1725,0,0,0,0,0,0,0,0
project/sim_ext.py --sim-time 1.5 --seq-graph project/file/graph_15_nodes.json --traffic project/file/traffic_15_nodes_random.json --inspection-rate 0.001 --mess-rate 0.002,1.011875000001,14,0,126,0,0,14,19,263,0,19,284,0,0,0,126,263,284,80,157,0,0,0,0,80,262,22,0,0,0,157,262,1725,0,0,22,1725,0,0,0,0,0,0,0,0
project/sim_ext.py --sim-time 1.5 --seq-graph project/file/graph_15_nodes.json --traffic project/file/traffic_15_nodes_random.json --inspection-rate 0.001 --mess-rate 0.002,1.013005000001,14,0,126,0,0,14,16,263,0,16,284,0,0,0,125,263,284,79,153,0,0,0,0,79,262,11,62,0,0,153,262,1725,0,0,12,1725,61,0,0,0,0,0,0,0
project/sim_ext.py --sim-time 1.5 --seq-graph project/file/graph_15_nodes.json --traffic project/file/traffic_15_nodes_random.json --inspection-rate 0.001 --mess-rate 0.002,1.014065999997,14,0,119,0,0,14,16,263,0,16,282,0,0,0,119,263,282,77,153,0,0,0,0,77,262,9,57,0,0,153,262,1725,0,0,9,1725,57,0,0,0,0,0,0,0
project/sim_ext.py --sim-time 1.5 --seq-graph project/file/graph_15_nodes.json --traffic project/file/traffic_15_nodes_random.json --inspection-rate 0.001 --mess-rate 0.002,1.015180000001,14,0,117,0,0,14,13,263,0,13,281,0,0,0,117,263,281,77,153,0,0,0,0,77,262,7,57,0,0,153,262,1725,0,0,7,1725,57,0,0,0,0,0,0,0
project/sim_ext.py --sim-time 1.5 --seq-graph project/file/graph_15_nodes.json --traffic project/file/traffic_15_nodes_random.json --inspection-rate 0.001 --mess-rate 0.002,1.0162187114506849,14,0,115,0,0,14,10,263,0,10,280,0,0,0,115,263,280,77,153,0,0,0,0,77,250,3,57,0,0,153,250,1725,0,0,3,1725,57,0,0,0,0,0,0,0
project/sim_ext.py --sim-time 1.5 --seq-graph project/file/graph_15_nodes.json --traffic project/file/traffic_15_nodes_random.json --inspection-rate 0.001 --mess-rate 0.002,1.017291000001,14,0,115,0,0,14,8,263,0,8,280,0,0,0,115,263,280,73,153,0,0,0,0,73,248,2,57,0,0,153,248,1725,0,0,2,1725,57,0,0,0,0,0,0,0
project/sim_ext.py --sim-time 1.5 --seq-graph project/file/graph_15_nodes.json --traffic project/file/traffic_15_nodes_random.json --inspection-rate 0.001 --mess-rate 0.002,1.0183748451225236,14,0,115,0,0,14,8,263,0,8,277,0,0,0,115,263,277,73,152,0,0,0,0,73,248,0,57,0,0,153,248,1725,0,0,0,1725,57,0,0,0,0,0,0,0
project/sim_ext.py --sim-time 1.5 --seq-graph project/file/graph_15_nodes.json --traffic project/file/traffic_15_nodes_random.json --inspection-rate 0.001 --mess-rate 0.002,1.019424999913,14,0,110,0,0,14,3,263,0,3,277,0,0,0,110,263,277,73,142,0,0,0,0,73,245,0,57,0,0,142,245,1725,0,0,0,1725,57,0,0,0,0,0,0,0
project/sim_ext.py --sim-time 1.5 --seq-graph project/file/graph_15_nodes.json --traffic project/file/traffic_15_nodes_random.json --inspection-rate 0.001 --mess-rate 0.002,1.020458000001,14,0,110,0,0,14,2,263,0,2,277,0,0,0,110,263,277,73,140,0,0,0,0,73,244,0,57,0,0,140,244,1725,0,0,0,1725,57,0,0,0,0,0,0,0
project/sim_ext.py --sim-time 1.5 --seq-graph project/file/graph_15_nodes.json --traffic project/file/traffic_15_nodes_random.json --inspection-rate 0.001 --mess-rate 0.002,1.0215200479412068,14,0,106,0,0,14,2,263,0,2,273,0,0,0,106,263,273,66,132,0,0,0,0,66,244,0,53,0,0,132,244,1725,0,0,0,1725,53,0,0,0,0,0,0,0
project/sim_ext.py --sim-time 1.5 --seq-graph project/file/graph_15_nodes.json --traffic project/file/traffic_15_nodes_random.json --inspection-rate 0.001 --mess-rate 0.002,1.0225480000009999,14,0,105,0,0,14,0,263,0,0,270,0,0,0,105,263,270,63,131,0,0,0,0,63,243,0,42,0,0,131,243,1725,0,0,0,1725,42,0,0,0,0,0,0,0
project/sim_ext.py --sim-time 1.5 --seq-graph project/file/graph_15_nodes.json --traffic project/file/traffic_15_nodes_random.json --inspection-rate 0.001 --mess-rate 0.002,1.023555199997,74,59,179,41,47,74,62,331,59,62,334,40,43,44,179,331,334,125,211,57,52,52,42,125,320,44,19,48,41,211,320,1770,49,57,43,1771,20,44,43,52,49,47,52,48
project/sim_ext.py --sim-time 1.5 --seq-graph project/file/graph_15_nodes.json --traffic project/file/traffic_15_nodes_random.json --inspection-rate 0.001 --mess-rate 0.002,1.024578000001,72,58,171,38,41,72,60,330,58,60,330,34,33,36,171,330,330,124,211,52,47,51,38,124,318,37,15,44,34,211,318,1766,44,52,37,1766,15,33,36,47,44,41,51,44
project/sim_ext.py --sim-time 1.5 --seq-graph project/file/graph_15_nodes.json --traffic project/file/traffic_15_nodes_random.json --inspection-rate 0.001 --mess-rate 0.002,1.025801599997,70,58,171,37,41,70,58,328,58,58,330,34,33,36,171,328,330,124,211,51,42,38,37,124,318,37,15,44,34,211,318,1766,44,52,37,1766,15,33,36,42,44,41,38,44
project/sim_ext.py --sim-time 1.5 --seq-graph project/file/graph_15_nodes.json --traffic project/file/traffic_15_nodes_random.json --inspection-rate 0.001 --mess-rate 0.002,1.026868199997,63,51,163,22,23,63,56,324,51,56,321,17,16,16,163,324,321,109,198,47,28,30,22,109,317,19,0,30,17,198,317,1750,27,47,19,1750,0,16,16,28,27,23,30,30
project/sim_ext.py --sim-time 1.5 --seq-graph project/file/graph_15_nodes.json --traffic project/file/traffic_15_nodes_random.json --inspection-rate 0.001 --mess-rate 0.002,1.027948199997,59,43,161,14,19,59,46,324,44,46,315,9,5,6,161,324,315,107,196,47,21,25,14,107,314,14,0,29,9,196,314,1743,19,47,13,1742,0,5,7,21,19,19,25,29
project/sim_ext.py --sim-time 1.5 --seq-graph project/file/graph_15_nodes.json --traffic project/file/traffic_15_nodes_random.json --inspection-rate 0.001 --mess-rate 0.002,1.029049000001,56,39,161,12,12,56,37,324,39,37,312,2,0,0,161,324,312,102,193,47,17,21,12,102,312,7,0,25,2,193,312,1739,13,47,7,1739,0,0,0,17,13,12,21,25
project/sim_ext.py --sim-time 1.5 --seq-graph project/file/graph_15_nodes.json --traffic project/file/traffic_15_nodes_random.json --inspection-rate 0.001 --mess-rate 0.002,1.030233000001,55,37,158,8,12,55,37,320,37,37,305,0,0,0,158,319,305,90,193,41,12,10,8,90,310,5,0,17,0,193,310,1737,6,40,5,1737,0,0,0,12,6,12,10,17
project/sim_ext.py --sim-time 1.5 --seq-graph project/file/graph_15_nodes.json --traffic project/file/traffic_15_nodes_random.json --inspection-rate 0.001 --mess-rate 0.002,1.031350231371712,48,32,148,2,2,48,37,311,32,37,305,0,0,0,147,311,305,83,193,29,4,1,2,83,310,3,0,9,0,193,310,1734,4,29,3,1734,0,0,0,4,4,2,2,9
project/sim_ext.py --sim-time 1.5 --seq-graph project/file/graph_15_nodes.json --traffic project/file/traffic_15_nodes_random.json --inspection-rate 0.001 --mess-rate 0.002,1.032506000001,45,30,146,0,0,45,37,310,30,37,291,0,0,0,146,310,291,77,193,21,0,0,0,77,305,1,0,4,0,193,305,1734,0,21,1,1734,0,0,0,0,0,0,0,4
project/sim_ext.py --sim-time 1.5 --seq-graph project/file/graph_15_nodes.json --traffic project/file/traffic_15_nodes_random.json --inspection-rate 0.001 --mess-rate 0.002,1.033692799997,45,29,142,0,0,45,30,310,29,30,287,0,0,0,142,310,287,74,193,17,0,0,0,74,305,0,0,2,0,193,305,1734,0,17,0,1734,0,0,0,0,0,0,0,2
project/sim_ext.py --sim-time 1.5 --seq-graph project/file/graph_15_nodes.json --traffic project/file/traffic_15_nodes_random.json --inspection-rate 0.001 --mess-rate 0.002,1.0347849999129999,45,27,136,0,0,45,23,308,27,23,286,0,0,0,137,308,286,69,193,14,0,0,0,69,303,0,0,0,0,193,303,1734,0,14,0,1734,0,0,0,0,0,0,0,0
project/sim_ext.py --sim-time 1.5 --seq-graph project/file/graph_15_nodes.json --traffic project/file/traffic_15_nodes_random.json --inspection-rate 0.001 --mess-rate 0.002,1.0359956671673,45,27,135,0,0,45,19,308,27,19,286,0,0,0,135,308,286,65,193,14,0,0,0,65,303,0,0,0,0,193,303,1734,0,14,0,1734,0,0,0,0,0,0,0,0
project/sim_ext.py --sim-time 1.5 --seq-graph project/file/graph_15_nodes.json --traffic project/file/traffic_15_nodes_random.json --inspection-rate 0.001 --mess-rate 0.002,1.037048000001,45,21,135,0,0,45,18,308,21,18,283,0,0,0,135,308,283,64,193,14,0,0,0,64,303,0,0,0,0,193,303,1734,0,14,0,1734,0,0,0,0,0,0,0,0
project/sim_ext.py --sim-time 1.5 --seq-graph project/file/graph_15_nodes.json --traffic project/file/traffic_15_nodes_random.json --inspection-rate 0.001 --mess-rate 0.002,1.03818105891658,45,18,135,0,0,45,16,308,18,16,283,0,0,0,135,308,283,64,193,14,0,0,0,64,303,0,0,0,0,193,303,1734,0,14,0,1734,0,0,0,0,0,0,0,0
project/sim_ext.py --sim-time 1.5 --seq-graph project/file/graph_15_nodes.json --traffic project/file/traffic_15_nodes_random.json --inspection-rate 0.001 --mess-rate 0.002,1.039238000001,45,15,135,0,0,45,12,308,15,12,283,0,0,0,135,308,283,64,187,14,0,0,0,64,303,0,0,0,0,186,303,1734,0,14,0,1734,0,0,0,0,0,0,0,0
project/sim_ext.py --sim-time 1.5 --seq-graph project/file/graph_15_nodes.json --traffic project/file/traffic_15_nodes_random.json --inspection-rate 0.001 --mess-rate 0.002,1.04027499991,45,9,124,0,0,45,9,308,9,9,281,0,0,0,124,308,281,64,180,14,0,0,0,64,297,0,0,0,0,180,297,1734,0,14,0,1734,0,0,0,0,0,0,0,0
project/sim_ext.py --sim-time 1.5 --seq-graph project/file/graph_15_nodes.json --traffic project/file/traffic_15_nodes_random.json --inspection-rate 0.001 --mess-rate 0.002,1.041326826068263,45,6,122,0,0,45,5,308,5,5,281,0,0,0,122,308,281,64,177,14,0,0,0,64,295,0,0,0,0,177,295,1734,0,14,0,1734,0,0,0,0,0,0,0,0
project/sim_ext.py --sim-time 1.5 --seq-graph project/file/graph_15_nodes.json --traffic project/file/traffic_15_nodes_random.json --inspection-rate 0.001 --mess-rate 0.002,1.042392000001,45,1,119,0,0,45,2,308,1,2,279,0,0,0,119,308,279,64,176,14,0,0,0,64,293,0,0,0,0,176,293,1734,0,14,0,1734,0,0,0,0,0,0,0,0
project/sim_ext.py --sim-time 1.5 --seq-graph project/file/graph_15_nodes.json --traffic project/file/traffic_15_nodes_random.json --inspection-rate 0.001 --mess-rate 0.002,1.0437618688180863,45,1,115,0,0,45,2,308,1,2,279,0,0,0,115,308,279,55,175,14,0,0,0,55,286,0,0,0,0,175,286,1734,0,14,0,1734,0,0,0,0,0,0,0,0
project/sim_ext.py --sim-time 1.5 --seq-graph project/file/graph_15_nodes.json --traffic project/file/traffic_15_nodes_random.json --inspection-rate 0.001 --mess-rate 0.002,1.044790000001,45,1,115,0,0,45,2,308,1,2,279,0,0,0,115,308,279,55,175,14,0,0,0,55,285,0,0,0,0,175,284,1734,0,14,0,1734,0,0,0,0,0,0,0,0
project/sim_ext.py --sim-time 1.5 --seq-graph project/file/graph_15_nodes.json --traffic project/file/traffic_15_nodes_random.json --inspection-rate 0.001 --mess-rate 0.002,1.045822000001,45,0,109,0,0,45,2,308,0,2,279,0,0,0,108,308,279,55,175,14,0,0,0,55,284,0,0,0,0,175,284,1734,0,14,0,1734,0,0,0,0,0,0,0,0
project/sim_ext.py --sim-time 1.5 --seq-graph project/file/graph_15_nodes.json --traffic project/file/traffic_15_nodes_random.json --inspection-rate 0.001 --mess-rate 0.002,1.046871000001,45,0,106,0,0,45,0,308,0,0,277,0,0,0,106,308,277,51,175,14,0,0,0,51,280,0,0,0,0,175,280,1734,0,14,0,1734,0,0,0,0,0,0,0,0
project/sim_ext.py --sim-time 1.5 --seq-graph project/file/graph_15_nodes.json --traffic project/file/traffic_15_nodes_random.json --inspection-rate 0.001 --mess-rate 0.002,1.0479992970938117,45,0,106,0,0,45,0,308,0,0,277,0,0,0,106,308,277,51,167,14,0,0,0,51,280,0,0,0,0,167,280,1734,0,14,0,1734,0,0,0,0,0,0,0,0
project/sim_ext.py --sim-time 1.5 --seq-graph project/file/graph_15_nodes.json --traffic project/file/traffic_15_nodes_random.json --inspection-rate 0.001 --mess-rate 0.002,1.049077000001,45,0,106,0,0,45,0,308,0,0,274,0,0,0,106,308,274,51,167,14,0,0,0,51,278,0,0,0,0,167,278,1734,0,14,0,1734,0,0,0,0,0,0,0,0
project/sim_ext.py --sim-time 1.5 --seq-graph project/file/graph_15_nodes.json --traffic project/file/traffic_15_nodes_random.json --inspection-rate 0.001 --mess-rate 0.002,1.050172447288352,45,0,106,0,0,45,0,308,0,0,274,0,0,0,106,308,274,40,165,14,0,0,0,40,278,0,0,0,0,165,278,1734,0,14,0,1734,0,0,0,0,0,0,0,0
project/sim_ext.py --sim-time 1.5 --seq-graph project/file/graph_15_nodes.json --traffic project/file/traffic_15_nodes_random.json --inspection-rate 0.001 --mess-rate 0.002,1.051252000001,45,0,106,0,0,45,0,308,0,0,273,0,0,0,106,308,273,39,161,14,0,0,0,39,278,0,0,0,0,161,278,1734,0,14,0,1734,0,0,0,0,0,0,0,0
project/sim_ext.py --sim-time 1.5 --seq-graph project/file/graph_15_nodes.json --traffic project/file/traffic_15_nodes_random.json --inspection-rate 0.001 --mess-rate 0.002,1.052332000001,45,0,106,0,0,45,0,308,0,0,273,0,0,0,106,308,273,36,160,14,0,0,0,36,278,0,0,0,0,160,278,1734,0,14,0,1734,0,0,0,0,0,0,0,0
project/sim_ext.py --sim-time 1.5 --seq-graph project/file/graph_15_nodes.json --traffic project/file/traffic_15_nodes_random.json --inspection-rate 0.001 --mess-rate 0.002,1.053390000001,45,0,106,0,0,45,0,308,0,0,273,0,0,0,106,308,273,36,160,14,0,0,0,36,278,0,0,0,0,160,278,1734,0,14,0,1734,0,0,0,0,0,0,0,0
project/sim_ext.py --sim-time 1.5 --seq-graph project/file/graph_15_nodes.json --traffic project/file/traffic_15_nodes_random.json --inspection-rate 0.001 --mess-rate 0.002,1.054507000001,96,60,175,33,46,96,46,388,60,46,340,37,37,45,175,388,340,104,237,94,0,47,33,104,351,34,44,48,37,237,351,1788,41,94,34,1788,44,37,45,0,41,46,47,48
project/sim_ext.py --sim-time 1.5 --seq-graph project/file/graph_15_nodes.json --traffic project/file/traffic_15_nodes_random.json --inspection-rate 0.001 --mess-rate 0.002,1.055610599997,93,58,171,30,39,93,44,376,58,44,339,33,33,43,171,376,339,104,236,81,0,42,30,104,350,27,40,48,33,236,350,1783,34,81,27,1783,40,33,43,0,34,39,42,48
project/sim_ext.py --sim-time 1.5 --seq-graph project/file/graph_15_nodes.json --traffic project/file/traffic_15_nodes_random.json --inspection-rate 0.001 --mess-rate 0.002,1.056815999997,91,54,168,21,27,91,41,375,54,41,330,19,23,33,168,375,330,88,233,81,0,34,21,88,347,18,28,36,19,233,347,1775,27,81,18,1775,28,23,33,0,27,27,34,36
project/sim_ext.py --sim-time 1.5 --seq-graph project/file/graph_15_nodes.json --traffic project/file/traffic_15_nodes_random.json --inspection-rate 0.001 --mess-rate 0.002,1.057874999917,85,51,164,18,22,85,32,370,51,32,325,10,9,21,164,370,325,85,233,68,0,26,18,85,343,8,21,32,10,233,343,1769,25,68,8,1769,21,9,21,0,25,22,26,32
project/sim_ext.py --sim-time 1.5 --seq-graph project/file/graph_15_nodes.json --traffic project/file/traffic_15_nodes_random.json --inspection-rate 0.001 --mess-rate 0.002,1.058893799997,85,48,163,13,19,85,32,370,48,32,319,2,6,10,163,370,319,80,224,68,0,19,13,80,343,0,16,28,3,224,343,1758,16,68,0,1758,16,6,10,0,16,18,19,28
project/sim_ext.py --sim-time 1.5 --seq-graph project/file/graph_15_nodes.json --traffic project/file/traffic_15_nodes_random.json --inspection-rate 0.001 --mess-rate 0.002,1.0599330000009999,82,43,162,5,13,82,30,370,43,30,315,0,0,5,162,370,314,77,218,68,0,12,5,77,342,0,12,24,0,218,342,1756,9,68,0,1756,12,0,5,0,9,13,12,24
project/sim_ext.py --sim-time 1.5 --seq-graph project/file/graph_15_nodes.json --traffic project/file/traffic_15_nodes_random.json --inspection-rate 0.001 --mess-rate 0.002,1.061094999913,76,43,157,2,10,76,30,367,43,30,306,0,0,2,157,367,306,76,217,55,0,5,2,76,335,0,5,21,0,217,335,1755,5,55,0,1755,5,0,2,0,5,10,5,21
project/sim_ext.py --sim-time 1.5 --seq-graph project/file/graph_15_nodes.json --traffic project/file/traffic_15_nodes_random.json --inspection-rate 0.001 --mess-rate 0.002,1.062108000001,76,39,156,0,4,76,23,365,39,23,303,0,0,0,156,365,303,76,213,54,0,0,0,76,335,0,0,21,0,213,335,1754,3,54,0,1754,0,0,0,0,3,4,0,21
project/sim_ext.py --sim-time 1.5 --seq-graph project/file/graph_15_nodes.json --traffic project/file/traffic_15_nodes_random.json --inspection-rate 0.001 --mess-rate 0.002,1.0634121999969999,76,33,156,0,0,76,21,363,33,21,299,0,0,0,156,363,299,74,213,48,77,0,0,73,334,0,0,12,0,213,334,1753,0,48,0,1753,0,0,0,76,0,0,0,12
project/sim_ext.py --sim-time 1.5 --seq-graph project/file/graph_15_nodes.json --traffic project/file/traffic_15_nodes_random.json --inspection-rate 0.001 --mess-rate 0.002,1.064450000001,76,31,149,0,0,76,20,360,31,20,289,0,0,0,149,360,289,62,205,44,51,0,0,62,331,0,0,8,0,205,331,1753,0,44,0,1753,0,0,0,51,0,0,0,8
project/sim_ext.py --sim-time 1.5 --seq-graph project/file/graph_15_nodes.json --traffic project/file/traffic_15_nodes_random.json --inspection-rate 0.001 --mess-rate 0.002,1.065495000001,76,30,147,0,0,76,17,358,30,17,288,0,0,0,147,358,288,57,202,43,42,0,0,57,331,0,0,3,0,202,331,1753,0,43,0,1753,0,0,0,42,0,0,0,3
project/sim_ext.py --sim-time 1.5 --seq-graph project/file/graph_15_nodes.json --traffic project/file/traffic_15_nodes_random.json --inspection-rate 0.001 --mess-rate 0.002,1.0667590000009999,76,30,147,0,0,76,17,358,30,17,286,0,0,0,147,358,286,57,202,42,40,0,0,57,330,0,0,3,0,202,330,1753,0,42,0,1753,0,0,0,40,0,0,0,3
project/sim_ext.py --sim-time 1.5 --seq-graph project/file/graph_15_nodes.json --traffic project/file/traffic_15_nodes_random.json --inspection-rate 0.001 --mess-rate 0.002,1.067778000001,76,22,143,0,0,76,15,353,22,15,285,0,0,0,143,353,285,46,196,37,31,0,0,46,328,0,0,0,0,196,328,1753,0,37,0,1753,0,0,0,31,0,0,0,0
project/sim_ext.py --sim-time 1.5 --seq-graph project/file/graph_15_nodes.json --traffic project/file/traffic_15_nodes_random.json --inspection-rate 0.001 --mess-rate 0.002,1.0687940000009999,76,22,141,0,0,76,15,352,22,15,285,0,0,0,141,352,285,46,195,37,29,0,0,46,327,0,0,0,0,195,327,1753,0,37,0,1753,0,0,0,29,0,0,0,0
project/sim_ext.py --sim-time 1.5 --seq-graph project/file/graph_15_nodes.json --traffic project/file/traffic_15_nodes_random.json --inspection-rate 0.001 --mess-rate 0.002,1.069866000001,76,22,140,0,0,76,8,351,22,8,283,0,0,0,140,351,283,45,194,37,26,0,0,45,327,0,0,0,0,194,327,1753,0,37,0,1753,0,0,0,26,0,0,0,0
project/sim_ext.py --sim-time 1.5 --seq-graph project/file/graph_15_nodes.json --traffic project/file/traffic_15_nodes_random.json --inspection-rate 0.001 --mess-rate 0.002,1.070966000001,76,15,137,0,0,76,8,350,15,8,281,0,0,0,137,350,280,41,192,27,22,0,0,41,325,0,0,0,0,192,325,1753,0,27,0,1753,0,0,0,22,0,0,0,0
project/sim_ext.py --sim-time 1.5 --seq-graph project/file/graph_15_nodes.json --traffic project/file/traffic_15_nodes_random.json --inspection-rate 0.001 --mess-rate 0.002,1.072009000001,76,8,133,0,0,76,8,345,8,8,273,0,0,0,133,345,273,35,192,22,16,0,0,36,323,0,0,0,0,192,323,1753,0,22,0,1753,0,0,0,15,0,0,0,0
project/sim_ext.py --sim-time 1.5 --seq-graph project/file/graph_15_nodes.json --traffic project/file/traffic_15_nodes_random.json --inspection-rate 0.001 --mess-rate 0.002,1.073049000001,76,7,131,0,0,76,8,345,7,8,270,0,0,0,131,345,270,27,189,19,9,0,0,27,323,0,0,0,0,189,323,1753,0,19,0,1753,0,0,0,9,0,0,0,0
project/sim_ext.py --sim-time 1.5 --seq-graph project/file/graph_15_nodes.json --traffic project/file/traffic_15_nodes_random.json --inspection-rate 0.001 --mess-rate 0.002,1.074114999913,76,6,128,0,0,76,8,345,6,8,270,0,0,0,129,345,270,25,188,16,6,0,0,25,315,0,0,0,0,188,315,1753,0,16,0,1753,0,0,0,6,0,0,0,0
project/sim_ext.py --sim-time 1.5 --seq-graph project/file/graph_15_nodes.json --traffic project/file/traffic_15_nodes_random.json --inspection-rate 0.001 --mess-rate 0.002,1.075181000001,76,6,116,0,0,76,8,345,6,8,265,0,0,0,116,345,265,21,184,14,0,0,0,21,315,0,0,0,0,184,315,1753,0,14,0,1753,0,0,0,0,0,0,0,0
project/sim_ext.py --sim-time 1.5 --seq-graph project/file/graph_15_nodes.json --traffic project/file/traffic_15_nodes_random.json --inspection-rate 0.001 --mess-rate 0.002,1.0762803999969999,76,6,114,0,0,76,8,336,6,8,262,0,0,0,114,336,262,21,183,8,0,0,0,21,315,0,0,0,0,183,315,1753,0,8,0,1753,0,0,0,0,0,0,0,0
project/sim_ext.py --sim-time 1.5 --seq-graph project/file/graph_15_nodes.json --traffic project/file/traffic_15_nodes_random.json --inspection-rate 0.001 --mess-rate 0.002,1.077329000001,76,6,114,0,0,76,8,335,6,8,257,0,0,0,114,335,256,19,183,8,0,0,0,19,315,0,0,0,0,183,315,1753,0,8,0,1753,0,0,0,0,0,0,0,0
project/sim_ext.py --sim-time 1.5 --seq-graph project/file/graph_15_nodes.json --traffic project/file/traffic_15_nodes_random.json --inspection-rate 0.001 --mess-rate 0.002,1.078364000001,76,0,112,0,0,76,8,333,0,8,255,0,0,0,111,333,255,19,178,2,0,0,0,19,315,0,0,0,0,178,315,1753,0,2,0,1753,0,0,0,0,0,0,0,0
project/sim_ext.py --sim-time 1.5 --seq-graph project/file/graph_15_nodes.json --traffic project/file/traffic_15_nodes_random.json --inspection-rate 0.001 --mess-rate 0.002,1.079484799997,76,0,108,0,0,76,8,330,0,8,252,0,0,0,108,330,252,15,178,0,0,0,0,15,315,0,0,0,0,178,315,1753,0,0,0,1753,0,0,0,0,0,0,0,0
project/sim_ext.py --sim-time 1.5 --seq-graph project/file/graph_15_nodes.json --traffic project/file/traffic_15_nodes_random.json --inspection-rate 0.001 --mess-rate 0.002,1.0805460000009999,76,0,106,0,0,76,8,330,0,8,252,0,0,0,106,330,252,15,178,0,0,0,0,15,315,0,0,0,0,178,315,1753,0,0,0,1753,0,0,0,0,0,0,0,0
project/sim_ext.py --sim-time 1.5 --seq-graph project/file/graph_15_nodes.json --traffic project/file/traffic_15_nodes_random.json --inspection-rate 0.001 --mess-rate 0.002,1.0816230000009999,76,0,105,0,0,76,0,330,0,0,252,0,0,0,105,330,252,13,178,0,0,0,0,13,309,0,0,0,0,178,309,1753,0,0,0,1753,0,0,0,0,0,0,0,0
project/sim_ext.py --sim-time 1.5 --seq-graph project/file/graph_15_nodes.json --traffic project/file/traffic_15_nodes_random.json --inspection-rate 0.001 --mess-rate 0.002,1.082658099995957,76,0,99,0,0,76,0,330,0,0,252,0,0,0,99,330,252,13,167,0,0,0,0,13,307,0,0,0,0,167,307,1753,0,0,0,1753,0,0,0,0,0,0,0,0
project/sim_ext.py --sim-time 1.5 --seq-graph project/file/graph_15_nodes.json --traffic project/file/traffic_15_nodes_random.json --inspection-rate 0.001 --mess-rate 0.002,1.083763659520577,76,0,99,0,0,76,0,330,0,0,247,0,0,0,99,330,247,13,166,0,0,0,0,13,306,0,0,0,0,166,306,1753,0,0,0,1753,0,0,0,0,0,0,0,0
project/sim_ext.py --sim-time 1.5 --seq-graph project/file/graph_15_nodes.json --traffic project/file/traffic_15_nodes_random.json --inspection-rate 0.001 --mess-rate 0.002,1.084841599997,156,0,94,0,0,156,0,399,0,0,242,0,0,0,94,399,242,93,245,68,0,0,0,93,306,0,55,0,0,245,306,1753,0,68,0,1753,55,0,0,0,0,0,0,0
project/sim_ext.py --sim-time 1.5 --seq-graph project/file/graph_15_nodes.json --traffic project/file/traffic_15_nodes_random.json --inspection-rate 0.001 --mess-rate 0.002,1.085845000001,156,0,90,0,0,156,0,399,0,0,242,0,0,0,90,399,242,93,245,66,0,0,0,93,306,0,50,0,0,245,306,1753,0,66,0,1753,50,0,0,0,0,0,0,0
project/sim_ext.py --sim-time 1.5 --seq-graph project/file/graph_15_nodes.json --traffic project/file/traffic_15_nodes_random.json --inspection-rate 0.001 --mess-rate 0.002,1.086848000001,156,0,90,0,0,156,0,399,0,0,240,0,0,0,90,399,240,93,244,62,0,0,0,93,301,0,47,0,0,244,301,1753,0,62,0,1753,47,0,0,0,0,0,0,0
project/sim_ext.py --sim-time 1.5 --seq-graph project/file/graph_15_nodes.json --traffic project/file/traffic_15_nodes_random.json --inspection-rate 0.001 --mess-rate 0.002,1.0880250000009999,156,0,87,0,0,156,0,399,0,0,239,0,0,0,87,399,239,83,241,60,0,0,0,83,299,0,40,0,0,241,299,1753,0,60,0,1753,40,0,0,0,0,0,0,0
project/sim_ext.py --sim-time 1.5 --seq-graph project/file/graph_15_nodes.json --traffic project/file/traffic_15_nodes_random.json --inspection-rate 0.001 --mess-rate 0.002,1.0891560000009999,156,0,86,0,0,156,0,399,0,0,239,0,0,0,86,399,239,81,241,57,0,0,0,81,296,0,40,0,0,241,296,1753,0,57,0,1753,40,0,0,0,0,0,0,0
project/sim_ext.py --sim-time 1.5 --seq-graph project/file/graph_15_nodes.json --traffic project/file/traffic_15_nodes_random.json --inspection-rate 0.001 --mess-rate 0.002,1.090255000001,156,0,83,0,0,156,0,388,0,0,239,0,0,0,83,388,239,79,238,47,0,0,0,79,296,0,40,0,0,238,296,1753,0,47,0,1753,40,0,0,0,0,0,0,0
project/sim_ext.py --sim-time 1.5 --seq-graph project/file/graph_15_nodes.json --traffic project/file/traffic_15_nodes_random.json --inspection-rate 0.001 --mess-rate 0.002,1.091321000001,156,0,83,0,0,156,0,386,0,0,239,0,0,0,83,386,239,77,236,43,0,0,0,77,296,0,40,0,0,236,296,1753,0,43,0,1753,40,0,0,0,0,0,0,0
project/sim_ext.py --sim-time 1.5 --seq-graph project/file/graph_15_nodes.json --traffic project/file/traffic_15_nodes_random.json --inspection-rate 0.001 --mess-rate 0.002,1.092471000001,156,0,83,0,0,156,0,383,0,0,231,0,0,0,83,383,231,77,236,41,0,0,0,77,296,0,40,0,0,236,296,1753,0,41,0,1753,40,0,0,0,0,0,0,0
project/sim_ext.py --sim-time 1.5 --seq-graph project/file/graph_15_nodes.json --traffic project/file/traffic_15_nodes_random.json --inspection-rate 0.001 --mess-rate 0.002,1.0934948004876381,156,0,78,0,0,156,0,382,0,0,230,0,0,0,78,382,230,77,236,41,0,0,0,77,296,0,40,0,0,236,296,1753,0,41,0,1753,40,0,0,0,0,0,0,0
project/sim_ext.py --sim-time 1.5 --seq-graph project/file/graph_15_nodes.json --traffic project/file/traffic_15_nodes_random.json --inspection-rate 0.001 --mess-rate 0.002,1.0945300000009999,156,0,73,0,0,156,0,381,0,0,230,0,0,0,73,381,230,71,236,38,0,0,0,71,287,0,28,0,0,236,287,1753,0,38,0,1753,28,0,0,0,0,0,0,0
project/sim_ext.py --sim-time 1.5 --seq-graph project/file/graph_15_nodes.json --traffic project/file/traffic_15_nodes_random.json --inspection-rate 0.001 --mess-rate 0.002,1.095537999997,134,60,148,44,52,134,55,381,60,55,298,35,39,42,148,381,298,57,236,30,0,53,44,57,366,41,28,41,35,236,366,1811,39,30,41,1811,28,39,42,0,39,52,52,41
project/sim_ext.py --sim-time 1.5 --seq-graph project/file/graph_15_nodes.json --traffic project/file/traffic_15_nodes_random.json --inspection-rate 0.001 --mess-rate 0.002,1.096745599997,127,57,146,37,49,127,48,377,57,48,292,29,29,35,146,377,292,51,236,24,0,52,37,51,365,39,15,34,29,236,365,1811,35,24,39,1811,15,29,34,0,35,49,52,34
project/sim_ext.py --sim-time 1.5 --seq-graph project/file/graph_15_nodes.json --traffic project/file/traffic_15_nodes_random.json --inspection-rate 0.001 --mess-rate 0.002,1.097748199997,127,55,144,36,43,127,48,377,55,48,288,27,22,32,144,377,288,47,223,22,0,43,36,47,364,22,8,30,27,223,364,1798,30,22,22,1798,8,23,32,0,30,43,43,30
project/sim_ext.py --sim-time 1.5 --seq-graph project/file/graph_15_nodes.json --traffic project/file/traffic_15_nodes_random.json --inspection-rate 0.001 --mess-rate 0.002,1.098921599997,121,51,141,29,41,121,45,372,51,44,284,20,10,24,141,372,284,33,220,16,0,32,29,33,361,15,0,23,20,220,361,1792,30,16,15,1792,0,10,24,0,30,41,32,23
project/sim_ext.py --sim-time 1.5 --seq-graph project/file/graph_15_nodes.json --traffic project/file/traffic_15_nodes_random.json --inspection-rate 0.001 --mess-rate 0.002,1.099996000001,117,46,141,26,40,117,32,370,46,32,277,14,4,16,141,370,277,28,218,15,0,29,26,28,360,15,0,18,14,217,360,1792,23,15,15,1792,0,4,16,0,22,40,29,18
project/sim_ext.py --sim-time 1.5 --seq-graph project/file/graph_15_nodes.json --traffic project/file/traffic_15_nodes_random.json --inspection-rate 0.001 --mess-rate 0.002,1.101014000001,117,46,141,26,37,117,30,370,46,30,275,10,2,13,141,370,275,25,212,10,0,27,26,25,355,13,0,17,10,212,355,1787,16,10,13,1787,0,2,13,0,16,37,27,17
project/sim_ext.py --sim-time 1.5 --seq-graph project/file/graph_15_nodes.json --traffic project/file/traffic_15_nodes_random.json --inspection-rate 0.001 --mess-rate 0.002,1.102076000001,107,30,136,10,26,107,15,366,30,15,274,3,0,2,136,366,274,25,208,2,0,20,10,25,349,5,0,7,3,208,349,1787,14,2,5,1787,0,0,2,0,14,26,20,7
project/sim_ext.py --sim-time 1.5 --seq-graph project/file/graph_15_nodes.json --traffic project/file/traffic_15_nodes_random.json --inspection-rate 0.001 --mess-rate 0.002,1.103185000001,104,27,135,3,23,104,6,360,27,6,272,0,0,2,135,360,272,24,206,0,56,10,3,24,341,3,0,0,0,206,341,1787,6,0,3,1787,0,0,2,56,6,23,10,0
project/sim_ext.py --sim-time 1.5 --seq-graph project/file/graph_15_nodes.json --traffic project/file/traffic_15_nodes_random.json --inspection-rate 0.001 --mess-rate 0.002,1.1043571999969999,91,23,133,0,18,91,0,348,23,0,270,0,0,0,133,348,270,24,206,0,53,3,0,24,341,3,0,0,0,206,341,1787,6,0,3,1787,0,0,0,53,6,18,3,0
project/sim_ext.py --sim-time 1.5 --seq-graph project/file/graph_15_nodes.json --traffic project/file/traffic_15_nodes_random.json --inspection-rate 0.001 --mess-rate 0.002,1.105470505584878,90,23,133,0,13,90,0,344,23,0,268,0,0,0,133,344,268,21,206,0,50,0,0,21,340,0,0,0,0,206,340,1787,6,0,0,1787,0,0,0,50,6,13,0,0
project/sim_ext.py --sim-time 1.5 --seq-graph project/file/graph_15_nodes.json --traffic project/file/traffic_15_nodes_random.json --inspection-rate 0.001 --mess-rate 0.002,1.1065920000009999,81,23,125,0,0,81,0,336,23,0,267,0,0,0,125,336,267,20,206,0,39,0,0,20,333,0,0,0,0,206,333,1787,0,0,0,1787,0,0,0,39,0,0,0,0
project/sim_ext.py --sim-time 1.5 --seq-graph project/file/graph_15_nodes.json --traffic project/file/traffic_15_nodes_random.json --inspection-rate 0.001 --mess-rate 0.002,1.1077419355283031,81,17,125,0,0,81,0,334,17,0,267,0,0,0,125,334,267,17,205,0,35,0,0,17,333,0,0,0,0,205,333,1787,0,0,0,1787,0,0,0,35,0,0,0,0
project/sim_ext.py --sim-time 1.5 --seq-graph project/file/graph_15_nodes.json --traffic project/file/traffic_15_nodes_random.json --inspection-rate 0.001 --mess-rate 0.002,1.108817000001,81,13,122,0,0,81,0,331,13,0,266,0,0,0,122,331,266,15,203,0,28,0,0,15,333,0,0,0,0,203,333,1787,0,0,0,1787,0,0,0,28,0,0,0,0
project/sim_ext.py --sim-time 1.5 --seq-graph project/file/graph_15_nodes.json --traffic project/file/traffic_15_nodes_random.json --inspection-rate 0.001 --mess-rate 0.002,1.109884000001,81,11,122,0,0,81,0,327,11,0,264,0,0,0,122,327,264,13,201,0,25,0,0,13,332,0,0,0,0,201,332,1787,0,0,0,1787,0,0,0,25,0,0,0,0
project/sim_ext.py --sim-time 1.5 --seq-graph project/file/graph_15_nodes.json --traffic project/file/traffic_15_nodes_random.json --inspection-rate 0.001 --mess-rate 0.002,1.1109361812431289,81,6,115,0,0,81,0,321,6,0,264,0,0,0,115,321,264,10,200,0,14,0,0,10,332,0,0,0,0,200,332,1787,0,0,0,1787,0,0,0,14,0,0,0,0
project/sim_ext.py --sim-time 1.5 --seq-graph project/file/graph_15_nodes.json --traffic project/file/traffic_15_nodes_random.json --inspection-rate 0.001 --mess-rate 0.002,1.1119863269115189,81,4,113,0,0,81,0,320,4,0,264,0,0,0,113,320,264,6,197,0,6,0,0,6,332,0,0,0,0,197,332,1787,0,0,0,1787,0,0,0,6,0,0,0,0
project/sim_ext.py --sim-time 1.5 --seq-graph project/file/graph_15_nodes.json --traffic project/file/traffic_15_nodes_random.json --inspection-rate 0.001 --mess-rate 0.002,1.1130997097060151,81,0,113,0,0,81,0,316,0,0,264,0,0,0,113,316,264,4,196,0,4,0,0,4,330,0,0,0,0,196,330,1787,0,0,0,1787,0,0,0,4,0,0,0,0
project/sim_ext.py --sim-time 1.5 --seq-graph project/file/graph_15_nodes.json --traffic project/file/traffic_15_nodes_random.json --inspection-rate 0.001 --mess-rate 0.002,1.1141982929887184,81,0,106,0,0,81,0,315,0,0,264,0,0,0,106,315,264,4,192,0,1,0,0,4,329,0,0,0,0,192,329,1787,0,0,0,1787,0,0,0,1,0,0,0,0
project/sim_ext.py --sim-time 1.5 --seq-graph project/file/graph_15_nodes.json --traffic project/file/traffic_15_nodes_random.json --inspection-rate 0.001 --mess-rate 0.002,1.115361000001,81,0,106,0,0,81,0,313,0,0,261,0,0,0,106,313,261,0,190,0,0,0,0,0,324,0,62,0,0,190,324,1787,0,0,0,1787,63,0,0,0,0,0,0,0
project/sim_ext.py --sim-time 1.5 --seq-graph project/file/graph_15_nodes.json --traffic project/file/traffic_15_nodes_random.json --inspection-rate 0.001 --mess-rate 0.002,1.116512999997,81,0,104,0,0,81,0,313,0,0,261,0,0,0,104,313,261,0,188,0,0,0,0,0,321,0,55,0,0,188,322,1787,0,0,0,1787,55,0,0,0,0,0,0,0
project/sim_ext.py --sim-time 1.5 --seq-graph project/file/graph_15_nodes.json --traffic project/file/traffic_15_nodes_random.json --inspection-rate 0.001 --mess-rate 0.002,1.1175640000009999,81,0,104,0,0,81,0,311,0,0,261,0,0,0,104,311,261,0,187,0,0,0,0,0,316,0,54,0,0,187,316,1787,0,0,0,1787,54,0,0,0,0,0,0,0
project/sim_ext.py --sim-time 1.5 --seq-graph project/file/graph_15_nodes.json --traffic project/file/traffic_15_nodes_random.json --inspection-rate 0.001 --mess-rate 0.002,1.118663000001,81,0,104,0,0,81,0,311,0,0,259,0,0,0,104,311,259,0,187,0,0,0,0,0,308,0,48,0,0,187,308,1787,0,0,0,1787,47,0,0,0,0,0,0,0
project/sim_ext.py --sim-time 1.5 --seq-graph project/file/graph_15_nodes.json --traffic project/file/traffic_15_nodes_random.json --inspection-rate 0.001 --mess-rate 0.002,1.119674000001,81,0,97,0,0,81,0,308,0,0,257,0,0,0,97,308,257,0,187,0,0,0,0,0,307,0,45,0,0,187,307,1787,0,0,0,1787,45,0,0,0,0,0,0,0
project/sim_ext.py --sim-time 1.5 --seq-graph project/file/graph_15_nodes.json --traffic project/file/traffic_15_nodes_random.json --inspection-rate 0.001 --mess-rate 0.002,1.120874999902,81,0,97,0,0,81,0,308,0,0,256,0,0,0,97,308,256,0,187,0,0,0,0,0,304,0,42,0,0,187,304,1787,0,0,0,1787,42,0,0,0,0,0,0,0
project/sim_ext.py --sim-time 1.5 --seq-graph project/file/graph_15_nodes.json --traffic project/file/traffic_15_nodes_random.json --inspection-rate 0.001 --mess-rate 0.002,1.121976371022453,81,0,92,0,0,81,0,305,0,0,256,0,0,0,92,305,256,0,184,0,0,0,0,0,300,0,37,0,0,184,300,1787,0,0,0,1787,37,0,0,0,0,0,0,0
project/sim_ext.py --sim-time 1.5 --seq-graph project/file/graph_15_nodes.json --traffic project/file/traffic_15_nodes_random.json --inspection-rate 0.001 --mess-rate 0.002,1.1230485646307213,81,0,92,0,0,81,0,304,0,0,253,0,0,0,92,304,253,0,181,0,0,0,0,0,299,0,36,0,0,181,298,1787,0,0,0,1787,36,0,0,0,0,0,0,0
project/sim_ext.py --sim-time 1.5 --seq-graph project/file/graph_15_nodes.json --traffic project/file/traffic_15_nodes_random.json --inspection-rate 0.001 --mess-rate 0.002,1.124084199997,81,0,92,0,0,81,0,303,0,0,252,0,0,0,92,303,252,0,179,0,0,0,0,0,297,0,34,0,0,179,297,1787,0,0,0,1787,34,0,0,0,0,0,0,0
project/sim_ext.py --sim-time 1.5 --seq-graph project/file/graph_15_nodes.json --traffic project/file/traffic_15_nodes_random.json --inspection-rate 0.001 --mess-rate 0.002,1.125163000001,81,0,92,0,0,81,0,303,0,0,252,0,0,0,92,303,252,0,179,0,0,0,0,0,297,0,32,0,0,179,297,1787,0,0,0,1787,32,0,0,0,0,0,0,0
project/sim_ext.py --sim-time 1.5 --seq-graph project/file/graph_15_nodes.json --traffic project/file/traffic_15_nodes_random.json --inspection-rate 0.001 --mess-rate 0.002,1.126253000001,135,58,164,41,48,135,35,373,58,35,332,41,41,49,164,373,332,60,250,50,0,51,41,60,354,42,10,42,41,250,354,1866,46,50,42,1866,10,41,49,0,46,48,51,42
project/sim_ext.py --sim-time 1.5 --seq-graph project/file/graph_15_nodes.json --traffic project/file/traffic_15_nodes_random.json --inspection-rate 0.001 --mess-rate 0.002,1.127392000001,132,56,160,34,41,132,25,359,56,25,332,33,35,39,160,359,332,60,246,42,0,42,34,60,346,42,6,40,33,246,346,1866,38,42,42,1866,6,35,39,0,38,41,42,40
project/sim_ext.py --sim-time 1.5 --seq-graph project/file/graph_15_nodes.json --traffic project/file/traffic_15_nodes_random.json --inspection-rate 0.001 --mess-rate 0.002,1.128508799997,118,52,160,24,33,118,14,357,52,14,328,28,23,31,160,357,328,58,241,42,0,41,24,58,338,28,0,35,28,241,339,1866,32,42,28,1866,0,24,32,0,32,33,42,35
project/sim_ext.py --sim-time 1.5 --seq-graph project/file/graph_15_nodes.json --traffic project/file/traffic_15_nodes_random.json --inspection-rate 0.001 --mess-rate 0.002,1.129530000001,113,49,157,21,28,113,6,347,49,6,328,18,7,27,157,347,328,57,239,24,0,23,21,57,337,22,0,29,18,239,338,1865,26,24,22,1865,0,7,27,0,26,28,23,29
project/sim_ext.py --sim-time 1.5 --seq-graph project/file/graph_15_nodes.json --traffic project/file/traffic_15_nodes_random.json --inspection-rate 0.001 --mess-rate 0.002,1.130604999898,113,49,156,19,28,113,0,343,49,0,328,16,2,20,156,343,328,54,233,23,0,18,19,54,329,22,0,24,16,233,329,1865,20,23,22,1865,0,2,20,0,20,28,18,24
project/sim_ext.py --sim-time 1.5 --seq-graph project/file/graph_15_nodes.json --traffic project/file/traffic_15_nodes_random.json --inspection-rate 0.001 --mess-rate 0.002,1.131750000001,113,49,154,12,18,113,0,337,49,0,328,7,0,17,154,337,328,54,228,8,0,4,12,54,317,13,0,17,7,228,317,1864,14,8,13,1864,0,0,17,0,14,18,4,17
project/sim_ext.py --sim-time 1.5 --seq-graph project/file/graph_15_nodes.json --traffic project/file/traffic_15_nodes_random.json --inspection-rate 0.001 --mess-rate 0.002,1.132827000001,100,41,154,5,12,100,0,334,41,0,323,3,0,12,154,334,323,51,225,4,0,0,5,51,317,9,0,12,3,225,317,1864,10,4,9,1864,0,0,12,0,10,12,0,12
project/sim_ext.py --sim-time 1.5 --seq-graph project/file/graph_15_nodes.json --traffic project/file/traffic_15_nodes_random.json --inspection-rate 0.001 --mess-rate 0.002,1.133991000001,95,34,151,0,3,95,0,325,34,0,323,0,0,11,151,325,323,49,225,2,53,0,0,49,309,9,0,7,0,225,309,1864,4,2,9,1864,0,0,11,53,4,3,0,7
project/sim_ext.py --sim-time 1.5 --seq-graph project/file/graph_15_nodes.json --traffic project/file/traffic_15_nodes_random.json --inspection-rate 0.001 --mess-rate 0.002,1.135038000001,95,34,149,0,3,95,0,321,34,0,323,0,0,11,149,321,323,49,217,0,47,0,0,49,306,5,0,5,0,217,306,1864,0,0,5,1864,0,0,11,47,0,3,0,5
project/sim_ext.py --sim-time 1.5 --seq-graph project/file/graph_15_nodes.json --traffic project/file/traffic_15_nodes_random.json --inspection-rate 0.001 --mess-rate 0.002,1.136217000001,95,34,147,0,3,95,0,319,34,0,323,0,0,11,147,319,323,44,215,0,41,0,0,44,305,5,0,5,0,214,305,1864,0,0,5,1864,0,0,11,41,0,3,0,5
project/sim_ext.py --sim-time 1.5 --seq-graph project/file/graph_15_nodes.json --traffic project/file/traffic_15_nodes_random.json --inspection-rate 0.001 --mess-rate 0.002,1.137366000001,95,34,144,0,0,95,0,317,34,0,323,0,0,11,144,317,323,44,211,0,31,0,0,44,303,5,0,5,0,211,303,1864,0,0,5,1864,0,0,11,31,0,0,0,5
project/sim_ext.py --sim-time 1.5 --seq-graph project/file/graph_15_nodes.json --traffic project/file/traffic_15_nodes_random.json --inspection-rate 0.001 --mess-rate 0.002,1.1384485623385145,95,22,144,0,0,95,0,317,23,0,323,0,0,0,144,317,323,42,211,0,31,0,0,42,303,5,0,5,0,211,303,1864,0,0,5,1864,0,0,0,31,0,0,0,5
project/sim_ext.py --sim-time 1.5 --seq-graph project/file/graph_15_nodes.json --traffic project/file/traffic_15_nodes_random.json --inspection-rate 0.001 --mess-rate 0.002,1.139485000001,95,20,140,0,0,95,0,312,19,0,323,0,0,0,140,312,323,41,208,0,21,0,0,41,303,5,0,0,0,208,303,1864,0,0,5,1864,0,0,0,21,0,0,0,0
project/sim_ext.py --sim-time 1.5 --seq-graph project/file/graph_15_nodes.json --traffic project/file/traffic_15_nodes_random.json --inspection-rate 0.001 --mess-rate 0.002,1.140524999902,95,18,139,0,0,95,0,312,18,0,323,0,0,0,139,312,323,39,207,0,18,0,0,39,303,5,0,0,0,207,303,1864,0,0,5,1864,0,0,0,18,0,0,0,0
project/sim_ext.py --sim-time 1.5 --seq-graph project/file/graph_15_nodes.json --traffic project/file/traffic_15_nodes_random.json --inspection-rate 0.001 --mess-rate 0.002,1.141587000001,95,15,134,0,0,95,0,307,15,0,320,0,0,0,134,307,320,34,207,0,10,0,0,34,298,5,0,0,0,207,298,1864,0,0,5,1864,0,0,0,10,0,0,0,0
project/sim_ext.py --sim-time 1.5 --seq-graph project/file/graph_15_nodes.json --traffic project/file/traffic_15_nodes_random.json --inspection-rate 0.001 --mess-rate 0.002,1.142703999997,95,15,133,0,0,95,0,307,15,0,318,0,0,0,133,307,318,31,204,0,9,0,0,31,297,5,0,0,0,204,297,1864,0,0,5,1864,0,0,0,9,0,0,0,0
project/sim_ext.py --sim-time 1.5 --seq-graph project/file/graph_15_nodes.json --traffic project/file/traffic_15_nodes_random.json --inspection-rate 0.001 --mess-rate 0.002,1.143744999895,95,13,131,0,0,95,0,299,13,0,315,0,0,0,131,299,315,30,198,0,0,0,0,30,294,5,0,0,0,198,294,1864,0,0,5,1864,0,0,0,0,0,0,0,0
project/sim_ext.py --sim-time 1.5 --seq-graph project/file/graph_15_nodes.json --traffic project/file/traffic_15_nodes_random.json --inspection-rate 0.001 --mess-rate 0.002,1.144790000001,95,11,128,0,0,95,0,299,11,0,315,0,0,0,128,299,315,28,198,0,0,0,0,28,294,5,0,0,0,198,294,1864,0,0,5,1864,0,0,0,0,0,0,0,0
project/sim_ext.py --sim-time 1.5 --seq-graph project/file/graph_15_nodes.json --traffic project/file/traffic_15_nodes_random.json --inspection-rate 0.001 --mess-rate 0.002,1.145812000001,95,10,128,0,0,95,0,299,10,0,313,0,0,0,128,299,312,28,194,0,0,0,0,28,290,5,0,0,0,194,290,1864,0,0,5,1864,0,0,0,0,0,0,0,0
project/sim_ext.py --sim-time 1.5 --seq-graph project/file/graph_15_nodes.json --traffic project/file/traffic_15_nodes_random.json --inspection-rate 0.001 --mess-rate 0.002,1.146840399997,95,10,121,0,0,95,0,299,10,0,311,0,0,0,121,299,311,28,194,0,0,0,0,28,290,5,0,0,0,194,290,1864,0,0,5,1864,0,0,0,0,0,0,0,0
project/sim_ext.py --sim-time 1.5 --seq-graph project/file/graph_15_nodes.json --traffic project/file/traffic_15_nodes_random.json --inspection-rate 0.001 --mess-rate 0.002,1.1478898259427464,95,5,118,0,0,95,0,299,5,0,311,0,0,0,118,299,311,28,194,0,0,0,0,28,288,0,0,0,0,194,288,1864,0,0,0,1864,0,0,0,0,0,0,0,0
project/sim_ext.py --sim-time 1.5 --seq-graph project/file/graph_15_nodes.json --traffic project/file/traffic_15_nodes_random.json --inspection-rate 0.001 --mess-rate 0.002,1.148922000001,95,1,116,0,0,95,0,299,1,0,311,0,0,0,116,299,311,19,184,0,0,0,0,19,288,0,0,0,0,184,288,1864,0,0,0,1864,0,0,0,0,0,0,0,0
project/sim_ext.py --sim-time 1.5 --seq-graph project/file/graph_15_nodes.json --traffic project/file/traffic_15_nodes_random.json --inspection-rate 0.001 --mess-rate 0.002,1.149949000001,95,1,116,0,0,95,0,299,1,0,310,0,0,0,116,299,310,19,184,0,0,0,0,19,283,0,0,0,0,184,283,1864,0,0,0,1864,0,0,0,0,0,0,0,0
project/sim_ext.py --sim-time 1.5 --seq-graph project/file/graph_15_nodes.json --traffic project/file/traffic_15_nodes_random.json --inspection-rate 0.001 --mess-rate 0.002,1.151118000001,95,0,113,0,0,95,0,299,0,0,310,0,0,0,113,299,310,19,184,0,0,0,0,19,282,0,0,0,0,184,282,1864,0,0,0,1864,0,0,0,0,0,0,0,0
project/sim_ext.py --sim-time 1.5 --seq-graph project/file/graph_15_nodes.json --traffic project/file/traffic_15_nodes_random.json --inspection-rate 0.001 --mess-rate 0.002,1.152281000001,95,0,112,0,0,95,0,299,0,0,310,0,0,0,112,299,310,16,184,0,0,0,0,16,282,0,0,0,0,184,282,1864,0,0,0,1864,0,0,0,0,0,0,0,0
project/sim_ext.py --sim-time 1.5 --seq-graph project/file/graph_15_nodes.json --traffic project/file/traffic_15_nodes_random.json --inspection-rate 0.001 --mess-rate 0.002,1.153328000001,95,0,108,0,0,95,0,299,0,0,310,0,0,0,108,299,310,16,178,0,0,0,0,16,282,0,0,0,0,178,282,1864,0,0,0,1864,0,0,0,0,0,0,0,0
project/sim_ext.py --sim-time 1.5 --seq-graph project/file/graph_15_nodes.json --traffic project/file/traffic_15_nodes_random.json --inspection-rate 0.001 --mess-rate 0.002,1.154440000001,95,0,107,0,0,95,0,299,0,0,307,0,0,0,107,299,307,16,173,0,0,0,0,16,278,0,0,0,0,173,278,1864,0,0,0,1864,0,0,0,0,0,0,0,0
project/sim_ext.py --sim-time 1.5 --seq-graph project/file/graph_15_nodes.json --traffic project/file/traffic_15_nodes_random.json --inspection-rate 0.001 --mess-rate 0.002,1.155516000001,95,0,104,0,0,95,0,299,0,0,307,0,0,0,104,299,307,16,171,0,0,0,0,16,278,0,0,0,0,171,278,1864,0,0,0,1864,0,0,0,0,0,0,0,0
project/sim_ext.py --sim-time 1.5 --seq-graph project/file/graph_15_nodes.json --traffic project/file/traffic_15_nodes_random.json --inspection-rate 0.001 --mess-rate 0.002,1.156808000001,143,0,184,44,53,143,0,353,0,0,387,44,57,61,184,353,387,87,244,50,0,0,44,87,344,45,41,49,44,244,344,1942,46,50,45,1942,41,57,61,0,46,53,0,49
project/sim_ext.py --sim-time 1.5 --seq-graph project/file/graph_15_nodes.json --traffic project/file/traffic_15_nodes_random.json --inspection-rate 0.001 --mess-rate 0.002,1.158245000001,139,0,184,40,53,139,0,346,0,0,381,32,40,47,184,346,381,82,243,40,0,0,40,82,327,40,29,39,32,243,327,1942,39,40,40,1942,29,40,47,0,39,53,0,39
project/sim_ext.py --sim-time 1.5 --seq-graph project/file/graph_15_nodes.json --traffic project/file/traffic_15_nodes_random.json --inspection-rate 0.001 --mess-rate 0.002,1.159363000001,132,0,178,27,45,132,0,346,0,0,381,22,36,42,178,346,381,82,239,40,0,0,27,82,315,38,22,35,22,239,315,1941,32,40,38,1941,22,36,42,0,32,45,0,35
project/sim_ext.py --sim-time 1.5 --seq-graph project/file/graph_15_nodes.json --traffic project/file/traffic_15_nodes_random.json --inspection-rate 0.001 --mess-rate 0.002,1.1605249999059999,125,0,175,20,34,125,0,346,0,0,378,10,26,35,175,346,378,77,234,40,0,0,20,77,309,32,15,33,9,234,308,1940,22,40,32,1940,15,26,35,0,22,34,0,33
project/sim_ext.py --sim-time 1.5 --seq-graph project/file/graph_15_nodes.json --traffic project/file/traffic_15_nodes_random.json --inspection-rate 0.001 --mess-rate 0.002,1.161635000001,121,0,173,16,29,121,0,346,0,0,375,9,21,35,173,346,375,74,233,40,0,0,16,74,308,27,10,29,9,233,308,1940,22,40,27,1940,10,21,35,0,22,29,0,29
project/sim_ext.py --sim-time 1.5 --seq-graph project/file/graph_15_nodes.json --traffic project/file/traffic_15_nodes_random.json --inspection-rate 0.001 --mess-rate 0.002,1.1629343999969999,114,0,167,3,22,115,0,346,0,0,375,0,16,28,167,346,375,74,228,40,0,0,3,74,296,22,1,21,0,228,296,1940,9,40,22,1940,1,16,28,0,9,22,0,21
project/sim_ext.py --sim-time 1.5 --seq-graph project/file/graph_15_nodes.json --traffic project/file/traffic_15_nodes_random.json --inspection-rate 0.001 --mess-rate 0.002,1.163954000001,113,0,164,0,22,113,0,346,0,0,375,0,13,26,164,346,375,74,227,40,0,0,0,74,289,19,0,11,0,227,289,1940,9,40,19,1940,0,13,26,0,9,22,0,11
project/sim_ext.py --sim-time 1.5 --seq-graph project/file/graph_15_nodes.json --traffic project/file/traffic_15_nodes_random.json --inspection-rate 0.001 --mess-rate 0.002,1.164964000001,106,0,163,0,14,106,0,346,0,0,375,0,6,26,163,346,375,71,222,40,0,0,0,71,284,18,0,9,0,222,284,1940,2,40,18,1940,0,6,26,0,2,14,0,9
project/sim_ext.py --sim-time 1.5 --seq-graph project/file/graph_15_nodes.json --traffic project/file/traffic_15_nodes_random.json --inspection-rate 0.001 --mess-rate 0.002,1.1660957118266067,105,0,158,0,12,105,0,346,0,0,372,0,1,20,159,346,372,68,222,40,0,0,0,68,283,12,0,0,0,222,283,1940,0,40,12,1940,0,2,20,0,0,12,0,0
project/sim_ext.py --sim-time 1.5 --seq-graph project/file/graph_15_nodes.json --traffic project/file/traffic_15_nodes_random.json --inspection-rate 0.001 --mess-rate 0.002,1.167232999997,100,58,158,0,6,100,54,322,58,54,369,0,0,10,158,322,369,67,219,14,0,55,0,67,282,2,0,0,0,219,282,1940,0,14,2,1940,0,0,10,0,0,6,55,0
project/sim_ext.py --sim-time 1.5 --seq-graph project/file/graph_15_nodes.json --traffic project/file/traffic_15_nodes_random.json --inspection-rate 0.001 --mess-rate 0.002,1.168807000001,98,56,157,0,6,98,51,316,56,51,367,0,0,3,157,316,367,63,217,12,0,52,0,63,282,2,0,0,0,217,282,1940,0,12,2,1940,0,0,3,0,0,6,52,0
project/sim_ext.py --sim-time 1.5 --seq-graph project/file/graph_15_nodes.json --traffic project/file/traffic_15_nodes_random.json --inspection-rate 0.001 --mess-rate 0.002,1.169880399997,94,49,157,0,0,94,43,307,49,43,364,0,0,0,157,307,364,63,216,3,0,45,0,63,280,0,0,0,0,216,280,1940,0,3,0,1940,0,0,0,0,0,0,45,0
project/sim_ext.py --sim-time 1.5 --seq-graph project/file/graph_15_nodes.json --traffic project/file/traffic_15_nodes_random.json --inspection-rate 0.001 --mess-rate 0.002,1.170998000001,94,39,154,0,0,94,42,305,39,42,364,0,0,0,154,305,364,59,214,0,0,40,0,59,280,0,0,0,0,214,280,1940,0,0,0,1940,0,0,0,0,0,0,40,0
project/sim_ext.py --sim-time 1.5 --seq-graph project/file/graph_15_nodes.json --traffic project/file/traffic_15_nodes_random.json --inspection-rate 0.001 --mess-rate 0.002,1.172016000001,94,37,154,0,0,94,40,305,37,40,362,0,0,0,154,305,362,54,214,0,0,40,0,54,278,0,0,0,0,214,278,1940,0,0,0,1940,0,0,0,0,0,0,40,0
project/sim_ext.py --sim-time 1.5 --seq-graph project/file/graph_15_nodes.json --traffic project/file/traffic_15_nodes_random.json --inspection-rate 0.001 --mess-rate 0.002,1.173106000001,94,36,147,0,0,94,37,301,36,37,361,0,0,0,147,301,361,51,204,0,0,33,0,51,278,0,0,0,0,204,278,1940,0,0,0,1940,0,0,0,0,0,0,33,0
project/sim_ext.py --sim-time 1.5 --seq-graph project/file/graph_15_nodes.json --traffic project/file/traffic_15_nodes_random.json --inspection-rate 0.001 --mess-rate 0.002,1.174160000001,94,35,145,0,0,94,33,296,35,33,359,0,0,0,145,296,359,51,203,0,0,24,0,51,277,0,0,0,0,203,277,1940,0,0,0,1940,0,0,0,0,0,0,24,0
project/sim_ext.py --sim-time 1.5 --seq-graph project/file/graph_15_nodes.json --traffic project/file/traffic_15_nodes_random.json --inspection-rate 0.001 --mess-rate 0.002,1.175262000001,94,33,145,0,0,94,33,295,33,33,357,0,0,0,145,295,357,51,203,0,0,17,0,51,275,0,0,0,0,203,275,1940,0,0,0,1940,0,0,0,0,0,0,17,0
project/sim_ext.py --sim-time 1.5 --seq-graph project/file/graph_15_nodes.json --traffic project/file/traffic_15_nodes_random.json --inspection-rate 0.001 --mess-rate 0.002,1.176338599997,94,30,145,0,0,94,33,295,30,33,355,0,0,0,145,295,355,47,200,0,77,13,0,47,274,0,0,0,0,200,274,1940,0,0,0,1940,0,0,0,77,0,0,13,0
project/sim_ext.py --sim-time 1.5 --seq-graph project/file/graph_15_nodes.json --traffic project/file/traffic_15_nodes_random.json --inspection-rate 0.001 --mess-rate 0.002,1.1774064197880227,94,30,141,0,0,94,33,289,30,33,353,0,0,0,141,289,353,47,200,0,58,12,0,47,274,0,0,0,0,200,274,1940,0,0,0,1940,0,0,0,58,0,0,12,0
project/sim_ext.py --sim-time 1.5 --seq-graph project/file/graph_15_nodes.json --traffic project/file/traffic_15_nodes_random.json --inspection-rate 0.001 --mess-rate 0.002,1.178460799997,94,23,137,0,0,94,26,287,23,26,353,0,0,0,137,287,353,45,200,0,54,3,0,45,272,0,0,0,0,200,272,1940,0,0,0,1940,0,0,0,55,0,0,3,0
project/sim_ext.py --sim-time 1.5 --seq-graph project/file/graph_15_nodes.json --traffic project/file/traffic_15_nodes_random.json --inspection-rate 0.001 --mess-rate 0.002,1.179495000001,94,18,137,0,0,94,26,283,18,26,350,0,0,0,137,283,350,42,200,0,54,1,0,42,272,0,0,0,0,200,272,1940,0,0,0,1940,0,0,0,54,0,0,1,0
project/sim_ext.py --sim-time 1.5 --seq-graph project/file/graph_15_nodes.json --traffic project/file/traffic_15_nodes_random.json --inspection-rate 0.001 --mess-rate 0.002,1.180530758591827,94,14,137,0,0,94,25,282,14,25,350,0,0,0,137,282,350,40,191,0,45,0,0,40,269,0,0,0,0,191,269,1940,0,0,0,1940,0,0,0,45,0,0,0,0
project/sim_ext.py --sim-time 1.5 --seq-graph project/file/graph_15_nodes.json --traffic project/file/traffic_15_nodes_random.json --inspection-rate 0.001 --mess-rate 0.002,1.1815970000009999,94,13,131,0,0,94,23,277,13,23,350,0,0,0,131,277,350,40,191,0,40,0,0,40,269,0,0,0,0,191,269,1940,0,0,0,1940,0,0,0,40,0,0,0,0
project/sim_ext.py --sim-time 1.5 --seq-graph project/file/graph_15_nodes.json --traffic project/file/traffic_15_nodes_random.json --inspection-rate 0.001 --mess-rate 0.002,1.182605000001,94,10,129,0,0,94,23,277,10,23,350,0,0,0,129,277,350,40,188,0,40,0,0,39,268,0,0,0,0,188,268,1940,0,0,0,1940,0,0,0,40,0,0,0,0
project/sim_ext.py --sim-time 1.5 --seq-graph project/file/graph_15_nodes.json --traffic project/file/traffic_15_nodes_random.json --inspection-rate 0.001 --mess-rate 0.002,1.183772799997,94,8,127,0,0,94,23,268,8,23,346,0,0,0,127,268,346,30,183,0,30,0,0,30,268,0,0,0,0,183,268,1940,0,0,0,1940,0,0,0,30,0,0,0,0
project/sim_ext.py --sim-time 1.5 --seq-graph project/file/graph_15_nodes.json --traffic project/file/traffic_15_nodes_random.json --inspection-rate 0.001 --mess-rate 0.002,1.1848980000009999,94,5,127,0,0,94,13,262,5,13,346,0,0,0,127,262,346,30,183,0,24,0,0,30,268,0,0,0,0,183,268,1940,0,0,0,1940,0,0,0,24,0,0,0,0
project/sim_ext.py --sim-time 1.5 --seq-graph project/file/graph_15_nodes.json --traffic project/file/traffic_15_nodes_random.json --inspection-rate 0.001 --mess-rate 0.002,1.186036000001,94,2,127,0,0,94,11,260,2,11,346,0,0,0,127,260,346,30,183,0,24,0,0,30,268,0,0,0,0,183,268,1940,0,0,0,1940,0,0,0,24,0,0,0,0
project/sim_ext.py --sim-time 1.5 --seq-graph project/file/graph_15_nodes.json --traffic project/file/traffic_15_nodes_random.json --inspection-rate 0.001 --mess-rate 0.002,1.187047799997,94,0,127,0,0,94,10,260,0,10,346,0,0,0,127,260,346,20,183,0,13,0,0,20,255,0,62,0,0,183,256,1940,0,0,0,1940,63,0,0,13,0,0,0,0
project/sim_ext.py --sim-time 1.5 --seq-graph project/file/graph_15_nodes.json --traffic project/file/traffic_15_nodes_random.json --inspection-rate 0.001 --mess-rate 0.002,1.1880990000009999,94,0,127,0,0,94,9,252,0,9,346,0,0,0,127,252,346,18,183,0,9,0,0,18,254,0,60,0,0,183,254,1940,0,0,0,1940,60,0,0,9,0,0,0,0
project/sim_ext.py --sim-time 1.5 --seq-graph project/file/graph_15_nodes.json --traffic project/file/traffic_15_nodes_random.json --inspection-rate 0.001 --mess-rate 0.002,1.1891343775137893,94,0,127,0,0,94,6,250,0,6,337,0,0,0,127,250,337,18,183,0,7,0,0,18,252,0,60,0,0,183,252,1940,0,0,0,1940,60,0,0,7,0,0,0,0
project/sim_ext.py --sim-time 1.5 --seq-graph project/file/graph_15_nodes.json --traffic project/file/traffic_15_nodes_random.json --inspection-rate 0.001 --mess-rate 0.002,1.190298499967293,94,0,125,0,0,94,5,247,0,5,337,0,0,0,126,247,337,15,174,0,0,0,0,15,252,0,60,0,0,174,252,1940,0,0,0,1940,60,0,0,0,0,0,0,0
project/sim_ext.py --sim-time 1.5 --seq-graph project/file/graph_15_nodes.json --traffic project/file/traffic_15_nodes_random.json --inspection-rate 0.001 --mess-rate 0.002,1.1913537538952692,94,0,119,0,0,94,5,247,0,5,337,0,0,0,119,247,337,14,172,0,0,0,0,14,252,0,60,0,0,172,252,1940,0,0,0,1940,60,0,0,0,0,0,0,0
project/sim_ext.py --sim-time 1.5 --seq-graph project/file/graph_15_nodes.json --traffic project/file/traffic_15_nodes_random.json --inspection-rate 0.001 --mess-rate 0.002,1.192476799997,94,0,116,0,0,94,5,247,0,5,337,0,0,0,116,247,337,12,170,0,0,0,0,12,248,0,60,0,0,170,248,1940,0,0,0,1940,60,0,0,0,0,0,0,0
project/sim_ext.py --sim-time 1.5 --seq-graph project/file/graph_15_nodes.json --traffic project/file/traffic_15_nodes_random.json --inspection-rate 0.001 --mess-rate 0.002,1.193574999895,94,0,113,0,0,94,2,247,0,2,331,0,0,0,113,247,331,11,170,0,0,0,0,11,247,0,60,0,0,170,247,1940,0,0,0,1940,60,0,0,0,0,0,0,0
project/sim_ext.py --sim-time 1.5 --seq-graph project/file/graph_15_nodes.json --traffic project/file/traffic_15_nodes_random.json --inspection-rate 0.001 --mess-rate 0.002,1.194661000001,94,0,113,0,0,94,0,247,0,0,329,0,0,0,113,247,329,5,168,0,0,0,0,5,242,0,45,0,0,168,242,1940,0,0,0,1940,45,0,0,0,0,0,0,0
project/sim_ext.py --sim-time 1.5 --seq-graph project/file/graph_15_nodes.json --traffic project/file/traffic_15_nodes_random.json --inspection-rate 0.001 --mess-rate 0.002,1.195759999997,94,0,113,0,0,94,0,247,0,0,329,0,0,0,113,247,329,1,168,0,0,0,0,1,236,0,41,0,0,168,236,1940,0,0,0,1940,41,0,0,0,0,0,0,0
project/sim_ext.py --sim-time 1.5 --seq-graph project/file/graph_15_nodes.json --traffic project/file/traffic_15_nodes_random.json --inspection-rate 0.001 --mess-rate 0.002,1.196793000001,94,0,113,0,0,94,0,247,0,0,327,0,0,0,113,247,327,1,168,0,0,0,0,1,235,0,39,0,0,168,235,1940,0,0,0,1940,39,0,0,0,0,0,0,0
project/sim_ext.py --sim-time 1.5 --seq-graph project/file/graph_15_nodes.json --traffic project/file/traffic_15_nodes_random.json --inspection-rate 0.001 --mess-rate 0.002,1.197860278982087,146,60,193,38,51,146,46,300,60,46,407,47,44,43,193,300,407,81,244,46,0,48,38,81,296,36,13,47,47,244,296,2019,52,46,36,2019,13,44,43,0,52,51,48,47
project/sim_ext.py --sim-time 1.5 --seq-graph project/file/graph_15_nodes.json --traffic project/file/traffic_15_nodes_random.json --inspection-rate 0.001 --mess-rate 0.002,1.198939000001,142,54,193,31,43,142,41,296,54,42,407,42,40,40,193,296,407,81,239,39,0,43,31,81,285,28,8,41,41,239,285,2019,40,39,28,2019,8,40,40,0,40,43,43,41
project/sim_ext.py --sim-time 1.5 --seq-graph project/file/graph_15_nodes.json --traffic project/file/traffic_15_nodes_random.json --inspection-rate 0.001 --mess-rate 0.002,1.200148199997,142,51,193,27,41,142,33,291,52,34,407,38,32,34,193,291,407,81,237,34,0,39,27,81,280,27,6,39,38,237,280,2019,37,34,28,2019,6,32,34,0,37,41,39,39
project/sim_ext.py --sim-time 1.5 --seq-graph project/file/graph_15_nodes.json --traffic project/file/traffic_15_nodes_random.json --inspection-rate 0.001 --mess-rate 0.002,1.201202000001,137,48,193,18,41,137,27,289,48,27,400,27,21,27,193,289,400,81,237,27,0,35,19,81,279,11,0,32,27,237,279,2012,32,27,11,2012,0,21,27,0,32,41,35,32
project/sim_ext.py --sim-time 1.5 --seq-graph project/file/graph_15_nodes.json --traffic project/file/traffic_15_nodes_random.json --inspection-rate 0.001 --mess-rate 0.002,1.202339000001,135,48,193,16,41,135,22,289,48,22,395,22,13,18,193,289,395,81,237,27,0,35,16,81,279,9,0,30,22,237,279,2006,32,27,9,2006,0,13,17,0,32,41,35,30
project/sim_ext.py --sim-time 1.5 --seq-graph project/file/graph_15_nodes.json --traffic project/file/traffic_15_nodes_random.json --inspection-rate 0.001 --mess-rate 0.002,1.2034380000009999,132,41,182,13,29,132,17,284,41,17,392,16,8,11,182,284,392,70,231,15,0,20,13,70,273,0,0,24,16,231,274,2000,20,15,0,2000,0,7,11,0,20,29,20,24
project/sim_ext.py --sim-time 1.5 --seq-graph project/file/graph_15_nodes.json --traffic project/file/traffic_15_nodes_random.json --inspection-rate 0.001 --mess-rate 0.002,1.204554000001,125,38,179,5,23,125,8,283,38,8,387,4,0,6,179,283,387,67,231,15,0,15,5,67,273,0,0,18,4,231,273,1990,11,15,0,1990,0,0,6,0,11,23,15,19
project/sim_ext.py --sim-time 1.5 --seq-graph project/file/graph_15_nodes.json --traffic project/file/traffic_15_nodes_random.json --inspection-rate 0.001 --mess-rate 0.002,1.205593000001,121,35,178,0,14,121,8,281,35,8,384,1,0,0,178,281,384,64,231,9,0,2,0,64,269,0,0,10,1,231,269,1989,6,9,0,1989,0,0,0,0,6,14,2,10
project/sim_ext.py --sim-time 1.5 --seq-graph project/file/graph_15_nodes.json --traffic project/file/traffic_15_nodes_random.json --inspection-rate 0.001 --mess-rate 0.002,1.2069010000009999,119,35,177,0,9,119,8,281,35,8,384,0,0,0,177,281,384,60,219,9,0,0,0,60,269,0,0,3,0,219,269,1987,0,9,0,1987,0,0,0,0,0,9,0,3
project/sim_ext.py --sim-time 1.5 --seq-graph project/file/graph_15_nodes.json --traffic project/file/traffic_15_nodes_random.json --inspection-rate 0.001 --mess-rate 0.002,1.208060799997,116,31,171,0,0,116,8,280,31,8,384,0,0,0,172,280,384,58,216,9,0,0,0,58,267,0,0,0,0,216,267,1987,0,9,0,1987,0,0,0,0,0,0,0,0
project/sim_ext.py --sim-time 1.5 --seq-graph project/file/graph_15_nodes.json --traffic project/file/traffic_15_nodes_random.json --inspection-rate 0.001 --mess-rate 0.002,1.209123199997,116,28,170,0,0,116,0,278,28,0,384,0,0,0,170,278,384,53,215,9,0,0,0,53,265,0,0,0,0,215,265,1987,0,9,0,1987,0,0,0,0,0,0,0,0
project/sim_ext.py --sim-time 1.5 --seq-graph project/file/graph_15_nodes.json --traffic project/file/traffic_15_nodes_random.json --inspection-rate 0.001 --mess-rate 0.002,1.210185599997,116,27,169,0,0,116,0,276,27,0,384,0,0,0,169,276,384,52,212,0,0,0,0,52,265,0,0,0,0,212,265,1987,0,0,0,1987,0,0,0,0,0,0,0,0
project/sim_ext.py --sim-time 1.5 --seq-graph project/file/graph_15_nodes.json --traffic project/file/traffic_15_nodes_random.json --inspection-rate 0.001 --mess-rate 0.002,1.2112415999969999,116,22,164,0,0,116,0,274,22,0,377,0,0,0,164,274,377,51,211,0,0,0,0,51,265,0,0,0,0,211,265,1987,0,0,0,1987,0,0,0,0,0,0,0,0
project/sim_ext.py --sim-time 1.5 --seq-graph project/file/graph_15_nodes.json --traffic project/file/traffic_15_nodes_random.json --inspection-rate 0.001 --mess-rate 0.002,1.212278820249854,116,17,161,0,0,116,0,274,17,0,374,0,0,0,161,274,374,50,211,0,0,0,0,50,264,0,0,0,0,211,264,1987,0,0,0,1987,0,0,0,0,0,0,0,0
project/sim_ext.py --sim-time 1.5 --seq-graph project/file/graph_15_nodes.json --traffic project/file/traffic_15_nodes_random.json --inspection-rate 0.001 --mess-rate 0.002,1.213364000001,116,17,160,0,0,116,0,274,17,0,372,0,0,0,160,274,372,47,207,0,0,0,0,47,263,0,0,0,0,207,263,1987,0,0,0,1987,0,0,0,0,0,0,0,0
project/sim_ext.py --sim-time 1.5 --seq-graph project/file/graph_15_nodes.json --traffic project/file/traffic_15_nodes_random.json --inspection-rate 0.001 --mess-rate 0.002,1.214485000001,116,12,159,0,0,116,0,274,12,0,372,0,0,0,159,274,372,44,207,0,0,0,0,44,262,0,0,0,0,207,262,1987,0,0,0,1987,0,0,0,0,0,0,0,0
project/sim_ext.py --sim-time 1.5 --seq-graph project/file/graph_15_nodes.json --traffic project/file/traffic_15_nodes_random.json --inspection-rate 0.001 --mess-rate 0.002,1.215496000001,116,8,157,0,0,116,0,274,8,0,372,0,0,0,157,274,372,44,207,0,0,0,0,44,261,0,0,0,0,207,261,1987,0,0,0,1987,0,0,0,0,0,0,0,0
project/sim_ext.py --sim-time 1.5 --seq-graph project/file/graph_15_nodes.json --traffic project/file/traffic_15_nodes_random.json --inspection-rate 0.001 --mess-rate 0.002,1.216544999997,116,5,154,0,0,116,0,274,5,0,370,0,0,0,154,274,370,44,207,0,0,0,0,44,257,0,0,0,0,207,257,1987,0,0,0,1987,0,0,0,0,0,0,0,0
project/sim_ext.py --sim-time 1.5 --seq-graph project/file/graph_15_nodes.json --traffic project/file/traffic_15_nodes_random.json --inspection-rate 0.001 --mess-rate 0.002,1.217615999997,116,2,153,0,0,116,0,274,2,0,370,0,0,0,153,274,370,44,200,0,0,0,0,44,256,0,72,0,0,199,256,1987,0,0,0,1987,72,0,0,0,0,0,0,0
project/sim_ext.py --sim-time 1.5 --seq-graph project/file/graph_15_nodes.json --traffic project/file/traffic_15_nodes_random.json --inspection-rate 0.001 --mess-rate 0.002,1.218643000001,116,0,149,0,0,116,0,274,0,0,366,0,0,0,149,274,366,35,193,0,57,0,0,35,248,0,58,0,0,193,248,1987,0,0,0,1987,58,0,0,57,0,0,0,0
project/sim_ext.py --sim-time 1.5 --seq-graph project/file/graph_15_nodes.json --traffic project/file/traffic_15_nodes_random.json --inspection-rate 0.001 --mess-rate 0.002,1.219724000001,116,0,149,0,0,116,0,274,0,0,366,0,0,0,149,274,366,34,191,0,55,0,0,34,247,0,53,0,0,191,247,1987,0,0,0,1987,52,0,0,55,0,0,0,0
project/sim_ext.py --sim-time 1.5 --seq-graph project/file/graph_15_nodes.json --traffic project/file/traffic_15_nodes_random.json --inspection-rate 0.001 --mess-rate 0.002,1.220864000001,116,0,149,0,0,116,0,274,0,0,366,0,0,0,149,274,366,34,191,0,55,0,0,34,247,0,49,0,0,191,247,1987,0,0,0,1987,49,0,0,55,0,0,0,0
project/sim_ext.py --sim-time 1.5 --seq-graph project/file/graph_15_nodes.json --traffic project/file/traffic_15_nodes_random.json --inspection-rate 0.001 --mess-rate 0.002,1.221868000001,116,0,135,0,0,116,0,274,0,0,361,0,0,0,135,274,361,34,191,0,37,0,0,34,247,0,47,0,0,191,247,1987,0,0,0,1987,47,0,0,37,0,0,0,0
project/sim_ext.py --sim-time 1.5 --seq-graph project/file/graph_15_nodes.json --traffic project/file/traffic_15_nodes_random.json --inspection-rate 0.001 --mess-rate 0.002,1.222878000001,116,0,131,0,0,116,0,274,0,0,358,0,0,0,131,274,358,34,191,0,35,0,0,34,247,0,45,0,0,191,247,1987,0,0,0,1987,45,0,0,35,0,0,0,0
project/sim_ext.py --sim-time 1.5 --seq-graph project/file/graph_15_nodes.json --traffic project/file/traffic_15_nodes_random.json --inspection-rate 0.001 --mess-rate 0.002,1.223912000001,116,0,128,0,0,116,0,274,0,0,358,0,0,0,128,274,358,31,181,0,29,0,0,31,247,0,41,0,0,181,247,1987,0,0,0,1987,41,0,0,29,0,0,0,0
project/sim_ext.py --sim-time 1.5 --seq-graph project/file/graph_15_nodes.json --traffic project/file/traffic_15_nodes_random.json --inspection-rate 0.001 --mess-rate 0.002,1.225064000001,116,0,128,0,0,116,0,274,0,0,358,0,0,0,128,274,358,31,179,0,29,0,0,31,244,0,41,0,0,179,244,1987,0,0,0,1987,41,0,0,29,0,0,0,0
project/sim_ext.py --sim-time 1.5 --seq-graph project/file/graph_15_nodes.json --traffic project/file/traffic_15_nodes_random.json --inspection-rate 0.001 --mess-rate 0.002,1.226115000001,116,0,122,0,0,116,0,274,0,0,357,0,0,0,122,274,357,31,179,0,25,0,0,31,243,0,41,0,0,179,243,1987,0,0,0,1987,41,0,0,25,0,0,0,0
project/sim_ext.py --sim-time 1.5 --seq-graph project/file/graph_15_nodes.json --traffic project/file/traffic_15_nodes_random.json --inspection-rate 0.001 --mess-rate 0.002,1.2271958557978346,116,0,114,0,0,116,0,274,0,0,355,0,0,0,114,274,355,31,173,0,20,0,0,31,243,0,41,0,0,173,243,1987,0,0,0,1987,41,0,0,20,0,0,0,0
project/sim_ext.py --sim-time 1.5 --seq-graph project/file/graph_15_nodes.json --traffic project/file/traffic_15_nodes_random.json --inspection-rate 0.001 --mess-rate 0.002,1.228288999997,174,57,182,46,47,174,46,342,57,46,419,46,47,46,182,342,419,111,252,45,5,49,45,111,323,46,20,51,47,252,323,2051,49,45,45,2052,20,48,47,5,49,47,49,51
project/sim_ext.py --sim-time 1.5 --seq-graph project/file/graph_15_nodes.json --traffic project/file/traffic_15_nodes_random.json --inspection-rate 0.001 --mess-rate 0.002,1.229307000001,170,56,180,34,39,170,39,340,56,39,411,33,36,34,180,340,412,111,250,31,0,39,34,111,323,16,8,42,33,250,323,2042,47,31,15,2042,9,36,34,0,47,39,39,42
project/sim_ext.py --sim-time 1.5 --seq-graph project/file/graph_15_nodes.json --traffic project/file/traffic_15_nodes_random.json --inspection-rate 0.001 --mess-rate 0.002,1.230350000001,167,53,179,32,34,167,31,339,53,31,411,33,31,33,179,339,411,111,248,31,0,36,32,111,323,15,8,36,33,248,323,2042,43,31,15,2042,8,31,33,0,43,34,36,36
project/sim_ext.py --sim-time 1.5 --seq-graph project/file/graph_15_nodes.json --traffic project/file/traffic_15_nodes_random.json --inspection-rate 0.001 --mess-rate 0.002,1.231480000001,164,51,172,23,26,164,27,337,51,27,406,14,18,23,173,337,406,99,240,17,0,28,23,99,315,0,0,26,14,240,315,2027,27,17,0,2027,0,18,23,0,27,26,28,26
project/sim_ext.py --sim-time 1.5 --seq-graph project/file/graph_15_nodes.json --traffic project/file/traffic_15_nodes_random.json --inspection-rate 0.001 --mess-rate 0.002,1.232640000001,159,49,171,19,23,159,21,335,49,21,399,11,12,16,171,335,399,99,238,10,0,20,19,99,313,0,0,22,11,238,313,2024,22,10,0,2024,0,12,16,0,22,23,20,22
project/sim_ext.py --sim-time 1.5 --seq-graph project/file/graph_15_nodes.json --traffic project/file/traffic_15_nodes_random.json --inspection-rate 0.001 --mess-rate 0.002,1.233794000001,158,46,163,18,23,158,15,335,46,15,389,4,4,0,163,335,389,94,236,5,0,15,18,94,313,0,0,20,4,236,313,2021,16,5,0,2021,0,4,0,0,16,23,15,20
project/sim_ext.py --sim-time 1.5 --seq-graph project/file/graph_15_nodes.json --traffic project/file/traffic_15_nodes_random.json --inspection-rate 0.001 --mess-rate 0.002,1.234944999898,154,41,161,9,13,154,14,335,41,14,382,4,0,0,161,335,382,91,235,0,0,8,10,91,313,0,0,14,4,235,313,2020,13,0,0,2020,0,0,0,0,13,13,8,14
project/sim_ext.py --sim-time 1.5 --seq-graph project/file/graph_15_nodes.json --traffic project/file/traffic_15_nodes_random.json --inspection-rate 0.001 --mess-rate 0.002,1.2359454481349503,149,40,161,5,13,149,9,335,40,9,377,0,0,0,161,335,377,89,235,0,0,5,5,89,313,0,0,10,0,235,313,2019,10,0,0,2019,0,0,0,0,10,12,5,10
project/sim_ext.py --sim-time 1.5 --seq-graph project/file/graph_15_nodes.json --traffic project/file/traffic_15_nodes_random.json --inspection-rate 0.001 --mess-rate 0.002,1.236951000001,145,40,154,0,7,145,7,335,40,7,377,0,0,0,154,335,377,89,235,0,0,2,0,89,313,0,0,0,0,235,313,2019,10,0,0,2019,0,0,0,0,10,7,2,0
project/sim_ext.py --sim-time 1.5 --seq-graph project/file/graph_15_nodes.json --traffic project/file/traffic_15_nodes_random.json --inspection-rate 0.001 --mess-rate 0.002,1.238245000001,145,35,152,0,7,145,6,335,35,7,377,0,0,0,152,335,377,84,235,0,0,0,0,84,313,0,0,0,0,235,313,2019,10,0,0,2019,0,0,0,0,10,7,0,0
project/sim_ext.py --sim-time 1.5 --seq-graph project/file/graph_15_nodes.json --traffic project/file/traffic_15_nodes_random.json --inspection-rate 0.001 --mess-rate 0.002,1.239607000001,145,31,150,0,7,145,4,335,31,4,377,0,0,0,150,335,377,80,235,0,0,0,0,80,313,0,0,0,0,235,313,2019,10,0,0,2019,0,0,0,0,10,7,0,0
project/sim_ext.py --sim-time 1.5 --seq-graph project/file/graph_15_nodes.json --traffic project/file/traffic_15_nodes_random.json --inspection-rate 0.001 --mess-rate 0.002,1.240762599997,145,29,150,0,7,145,4,335,29,4,377,0,0,0,150,335,377,80,235,0,0,0,0,80,306,0,0,0,0,235,306,2014,0,0,0,2014,0,0,0,0,0,7,0,0
project/sim_ext.py --sim-time 1.5 --seq-graph project/file/graph_15_nodes.json --traffic project/file/traffic_15_nodes_random.json --inspection-rate 0.001 --mess-rate 0.002,1.242020000001,134,29,145,0,0,134,1,335,29,1,377,0,0,0,145,335,377,77,235,0,0,0,0,77,304,0,0,0,0,235,304,2014,0,0,0,2014,0,0,0,0,0,0,0,0
project/sim_ext.py --sim-time 1.5 --seq-graph project/file/graph_15_nodes.json --traffic project/file/traffic_15_nodes_random.json --inspection-rate 0.001 --mess-rate 0.002,1.243039999891,133,23,143,0,0,133,0,335,23,0,372,0,0,0,143,335,372,77,235,0,0,0,0,77,303,0,0,0,0,235,303,2014,0,0,0,2014,0,0,0,0,0,0,0,0
project/sim_ext.py --sim-time 1.5 --seq-graph project/file/graph_15_nodes.json --traffic project/file/traffic_15_nodes_random.json --inspection-rate 0.001 --mess-rate 0.002,1.244250975208822,131,20,140,0,0,131,0,335,20,0,372,0,0,0,140,335,372,67,235,0,0,0,0,67,303,0,0,0,0,235,303,2014,0,0,0,2014,0,0,0,0,0,0,0,0
project/sim_ext.py --sim-time 1.5 --seq-graph project/file/graph_15_nodes.json --traffic project/file/traffic_15_nodes_random.json --inspection-rate 0.001 --mess-rate 0.002,1.245321599997,130,16,132,0,0,130,0,335,16,0,370,0,0,0,132,335,370,65,235,0,0,0,0,65,303,0,0,0,0,235,303,2014,0,0,0,2014,0,0,0,0,0,0,0,0
project/sim_ext.py --sim-time 1.5 --seq-graph project/file/graph_15_nodes.json --traffic project/file/traffic_15_nodes_random.json --inspection-rate 0.001 --mess-rate 0.002,1.246374999898,128,13,131,0,0,128,0,335,13,0,370,0,0,0,131,335,370,60,220,0,0,0,0,60,303,0,0,0,0,220,303,2014,0,0,0,2014,0,0,0,0,0,0,0,0
project/sim_ext.py --sim-time 1.5 --seq-graph project/file/graph_15_nodes.json --traffic project/file/traffic_15_nodes_random.json --inspection-rate 0.001 --mess-rate 0.002,1.2474777224797955,126,13,129,0,0,126,0,335,13,0,370,0,0,0,129,335,370,58,219,0,0,0,0,58,298,0,0,0,0,219,298,2014,0,0,0,2014,0,0,0,0,0,0,0,0
project/sim_ext.py --sim-time 1.5 --seq-graph project/file/graph_15_nodes.json --traffic project/file/traffic_15_nodes_random.json --inspection-rate 0.001 --mess-rate 0.002,1.2485418739460232,123,10,127,0,0,123,0,335,10,0,370,0,0,0,127,335,370,57,215,0,0,0,0,57,295,0,0,0,0,215,295,2014,0,0,0,2014,0,0,0,0,0,0,0,0
project/sim_ext.py --sim-time 1.5 --seq-graph project/file/graph_15_nodes.json --traffic project/file/traffic_15_nodes_random.json --inspection-rate 0.001 --mess-rate 0.002,1.2496149353526884,123,6,124,0,0,123,0,335,6,0,368,0,0,0,124,335,368,56,215,0,0,0,0,56,294,0,0,0,0,215,294,2014,0,0,0,2014,0,0,0,0,0,0,0,0
project/sim_ext.py --sim-time 1.5 --seq-graph project/file/graph_15_nodes.json --traffic project/file/traffic_15_nodes_random.json --inspection-rate 0.001 --mess-rate 0.002,1.250686000001,123,6,123,0,0,123,0,335,6,0,368,0,0,0,123,335,368,54,211,0,0,0,0,54,294,0,0,0,0,211,294,2014,0,0,0,2014,0,0,0,0,0,0,0,0
project/sim_ext.py --sim-time 1.5 --seq-graph project/file/graph_15_nodes.json --traffic project/file/traffic_15_nodes_random.json --inspection-rate 0.001 --mess-rate 0.002,1.2516860104114722,122,3,122,0,0,122,0,335,3,0,365,0,0,0,122,335,365,54,210,0,0,0,0,54,291,0,0,0,0,210,291,2014,0,0,0,2014,0,0,0,0,0,0,0,0
project/sim_ext.py --sim-time 1.5 --seq-graph project/file/graph_15_nodes.json --traffic project/file/traffic_15_nodes_random.json --inspection-rate 0.001 --mess-rate 0.002,1.2527340000009999,121,0,119,0,0,121,0,335,0,0,364,0,0,0,119,335,364,45,210,0,0,0,0,45,291,0,0,0,0,210,291,2014,0,0,0,2014,0,0,0,0,0,0,0,0
project/sim_ext.py --sim-time 1.5 --seq-graph project/file/graph_15_nodes.json --traffic project/file/traffic_15_nodes_random.json --inspection-rate 0.001 --mess-rate 0.002,1.2537940694993341,119,0,117,0,0,119,0,335,0,0,364,0,0,0,117,335,364,41,210,0,0,0,0,41,291,0,0,0,0,210,291,2014,0,0,0,2014,0,0,0,0,0,0,0,0
project/sim_ext.py --sim-time 1.5 --seq-graph project/file/graph_15_nodes.json --traffic project/file/traffic_15_nodes_random.json --inspection-rate 0.001 --mess-rate 0.002,1.2548419496520427,119,0,115,0,0,119,0,335,0,0,363,0,0,0,115,335,363,41,210,0,0,0,0,41,291,0,0,0,0,210,291,2014,0,0,0,2014,0,0,0,0,0,0,0,0
project/sim_ext.py --sim-time 1.5 --seq-graph project/file/graph_15_nodes.json --traffic project/file/traffic_15_nodes_random.json --inspection-rate 0.001 --mess-rate 0.002,1.255898599997,117,0,112,0,0,116,0,335,0,0,363,0,0,0,112,335,363,41,204,0,0,0,0,41,291,0,0,0,0,204,291,2014,0,0,0,2014,0,0,0,0,0,0,0,0
project/sim_ext.py --sim-time 1.5 --seq-graph project/file/graph_15_nodes.json --traffic project/file/traffic_15_nodes_random.json --inspection-rate 0.001 --mess-rate 0.002,1.2569755825303732,112,0,110,0,0,112,0,335,0,0,361,0,0,0,110,335,361,39,204,0,0,0,0,39,289,0,0,0,0,204,289,2014,0,0,0,2014,0,0,0,0,0,0,0,0
project/sim_ext.py --sim-time 1.5 --seq-graph project/file/graph_15_nodes.json --traffic project/file/traffic_15_nodes_random.json --inspection-rate 0.001 --mess-rate 0.002,1.258020000001,112,0,109,0,0,112,0,335,0,0,359,0,0,0,109,335,359,33,201,0,0,0,0,33,289,0,0,0,0,201,289,2014,0,0,0,2014,0,0,0,0,0,0,0,0
project/sim_ext.py --sim-time 1.5 --seq-graph project/file/graph_15_nodes.json --traffic project/file/traffic_15_nodes_random.json --inspection-rate 0.001 --mess-rate 0.002,1.259087999997,180,0,185,44,57,180,0,401,0,0,428,0,0,58,185,401,428,109,279,54,0,0,44,109,289,40,48,55,0,279,289,2081,58,54,41,2080,48,0,58,0,58,57,0,55
project/sim_ext.py --sim-time 1.5 --seq-graph project/file/graph_15_nodes.json --traffic project/file/traffic_15_nodes_random.json --inspection-rate 0.001 --mess-rate 0.002,1.260144999895,178,0,175,41,42,178,0,401,0,0,417,0,0,53,175,401,417,107,276,50,53,0,41,107,289,35,48,55,0,276,289,2080,53,50,35,2080,48,0,53,54,53,42,0,55
project/sim_ext.py --sim-time 1.5 --seq-graph project/file/graph_15_nodes.json --traffic project/file/traffic_15_nodes_random.json --inspection-rate 0.001 --mess-rate 0.002,1.261276799997,172,0,173,35,37,173,0,398,0,0,415,0,0,50,173,398,415,107,273,44,47,0,35,107,289,29,48,52,0,273,289,2080,50,44,28,2080,48,0,50,47,50,37,0,52
project/sim_ext.py --sim-time 1.5 --seq-graph project/file/graph_15_nodes.json --traffic project/file/traffic_15_nodes_random.json --inspection-rate 0.001 --mess-rate 0.002,1.262311399997,168,0,168,22,28,168,0,395,0,0,410,0,0,46,168,395,410,101,269,35,37,0,22,101,289,0,27,40,0,269,289,2059,41,35,0,2059,27,0,46,37,41,27,0,40
project/sim_ext.py --sim-time 1.5 --seq-graph project/file/graph_15_nodes.json --traffic project/file/traffic_15_nodes_random.json --inspection-rate 0.001 --mess-rate 0.002,1.2633711049170662,166,0,165,18,25,166,0,394,0,0,410,0,0,46,165,394,410,97,263,35,33,0,18,97,289,0,22,40,0,263,289,2059,38,35,0,2059,23,0,46,33,38,25,0,40
project/sim_ext.py --sim-time 1.5 --seq-graph project/file/graph_15_nodes.json --traffic project/file/traffic_15_nodes_random.json --inspection-rate 0.001 --mess-rate 0.002,1.264434999895,165,0,161,17,22,165,0,394,0,0,406,0,0,46,161,394,406,96,263,35,26,0,18,96,289,0,22,37,0,263,289,2057,36,35,0,2057,22,0,46,26,36,22,0,37
project/sim_ext.py --sim-time 1.5 --seq-graph project/file/graph_15_nodes.json --traffic project/file/traffic_15_nodes_random.json --inspection-rate 0.001 --mess-rate 0.002,1.265469000001,165,0,156,10,15,165,0,394,0,0,406,0,0,46,156,394,406,96,259,35,22,0,10,96,289,0,15,35,0,259,289,2057,33,35,0,2057,15,0,46,22,33,14,0,35
project/sim_ext.py --sim-time 1.5 --seq-graph project/file/graph_15_nodes.json --traffic project/file/traffic_15_nodes_random.json --inspection-rate 0.001 --mess-rate 0.002,1.266548730275932,154,0,152,7,7,154,0,386,0,0,397,0,0,33,152,386,397,93,255,25,11,0,7,93,279,0,8,32,0,254,279,2056,28,24,0,2056,7,0,33,11,29,7,0,32
project/sim_ext.py --sim-time 1.5 --seq-graph project/file/graph_15_nodes.json --traffic project/file/traffic_15_nodes_random.json --inspection-rate 0.001 --mess-rate 0.002,1.267597799997,149,0,149,0,2,149,0,385,0,0,388,0,0,30,149,385,388,91,254,19,5,0,0,91,277,0,4,29,0,254,277,2053,21,19,0,2053,4,0,30,5,21,2,0,29
project/sim_ext.py --sim-time 1.5 --seq-graph project/file/graph_15_nodes.json --traffic project/file/traffic_15_nodes_random.json --inspection-rate 0.001 --mess-rate 0.002,1.268644000001,149,0,148,0,0,149,0,385,0,0,385,0,0,29,148,385,385,91,252,14,3,0,0,91,277,0,4,27,0,252,277,2050,17,14,0,2050,4,0,29,3,17,0,0,27
project/sim_ext.py --sim-time 1.5 --seq-graph project/file/graph_15_nodes.json --traffic project/file/traffic_15_nodes_random.json --inspection-rate 0.001 --mess-rate 0.002,1.269684000001,148,58,147,0,0,148,58,381,58,58,373,48,50,12,147,381,373,89,247,5,0,57,0,89,357,0,4,22,48,247,357,2039,0,5,0,2039,4,50,12,0,0,0,57,22
project/sim_ext.py --sim-time 1.5 --seq-graph project/file/graph_15_nodes.json --traffic project/file/traffic_15_nodes_random.json --inspection-rate 0.001 --mess-rate 0.002,1.270881000001,148,54,146,0,0,148,55,381,53,55,365,41,44,4,146,381,365,89,246,2,0,51,0,89,357,0,4,22,41,246,357,2035,0,2,0,2035,4,44,4,0,0,0,51,22
project/sim_ext.py --sim-time 1.5 --seq-graph project/file/graph_15_nodes.json --traffic project/file/traffic_15_nodes_random.json --inspection-rate 0.001 --mess-rate 0.002,1.2719758901668132,145,46,141,0,0,145,51,381,46,51,360,32,36,0,141,381,360,88,244,0,0,47,0,88,357,0,4,22,32,244,357,2032,0,0,0,2032,4,36,0,0,0,0,47,22
project/sim_ext.py --sim-time 1.5 --seq-graph project/file/graph_15_nodes.json --traffic project/file/traffic_15_nodes_random.json --inspection-rate 0.001 --mess-rate 0.002,1.273137000001,144,40,139,0,0,144,46,381,39,46,358,29,34,0,139,381,358,86,244,0,0,37,0,86,352,0,0,7,29,244,352,2032,0,0,0,2032,0,34,0,0,0,0,37,7
project/sim_ext.py --sim-time 1.5 --seq-graph project/file/graph_15_nodes.json --traffic project/file/traffic_15_nodes_random.json --inspection-rate 0.001 --mess-rate 0.002,1.2742270000009999,142,36,139,0,0,142,42,381,36,42,358,23,29,0,139,381,358,85,241,0,0,32,0,85,352,0,0,6,23,241,352,2031,0,0,0,2031,0,29,0,0,0,0,33,6
project/sim_ext.py --sim-time 1.5 --seq-graph project/file/graph_15_nodes.json --traffic project/file/traffic_15_nodes_random.json --inspection-rate 0.001 --mess-rate 0.002,1.275318871521206,142,35,136,0,0,142,41,381,34,41,353,17,25,0,136,381,353,83,240,0,0,26,0,83,347,0,0,1,18,240,347,2029,0,0,0,2029,0,25,0,0,0,0,26,1
project/sim_ext.py --sim-time 1.5 --seq-graph project/file/graph_15_nodes.json --traffic project/file/traffic_15_nodes_random.json --inspection-rate 0.001 --mess-rate 0.002,1.276336000001,142,27,136,0,0,142,40,381,27,40,353,16,22,0,136,381,353,83,237,0,0,23,0,83,347,0,0,0,16,237,347,2028,0,0,0,2028,0,22,0,0,0,0,23,0
project/sim_ext.py --sim-time 1.5 --seq-graph project/file/graph_15_nodes.json --traffic project/file/traffic_15_nodes_random.json --inspection-rate 0.001 --mess-rate 0.002,1.277705599997,142,21,131,0,0,142,39,381,22,39,350,4,12,0,131,381,350,83,233,0,0,19,0,83,342,0,0,0,4,232,342,2023,0,0,0,2023,0,12,0,0,0,0,19,0
project/sim_ext.py --sim-time 1.5 --seq-graph project/file/graph_15_nodes.json --traffic project/file/traffic_15_nodes_random.json --inspection-rate 0.001 --mess-rate 0.002,1.278750799997,142,21,129,0,0,142,39,381,21,39,349,2,5,0,129,381,349,83,230,0,0,19,0,83,341,0,0,0,2,230,341,2021,0,0,0,2021,0,5,0,0,0,0,19,0
project/sim_ext.py --sim-time 1.5 --seq-graph project/file/graph_15_nodes.json --traffic project/file/traffic_15_nodes_random.json --inspection-rate 0.001 --mess-rate 0.002,1.279859338106633,142,17,125,0,0,142,39,381,17,39,349,1,5,0,125,381,349,75,227,0,0,16,0,75,341,0,0,0,1,227,341,2021,0,0,0,2021,0,5,0,0,0,0,16,0
project/sim_ext.py --sim-time 1.5 --seq-graph project/file/graph_15_nodes.json --traffic project/file/traffic_15_nodes_random.json --inspection-rate 0.001 --mess-rate 0.002,1.280939000001,139,14,125,0,0,139,32,381,14,32,349,0,0,0,125,381,349,75,227,0,0,12,0,75,338,0,0,0,0,227,338,2020,0,0,0,2020,0,0,0,0,0,0,12,0
project/sim_ext.py --sim-time 1.5 --seq-graph project/file/graph_15_nodes.json --traffic project/file/traffic_15_nodes_random.json --inspection-rate 0.001 --mess-rate 0.002,1.282029832611414,137,6,121,0,0,137,32,381,6,32,348,0,0,0,121,381,348,73,221,0,0,7,0,73,338,0,0,0,0,221,338,2020,0,0,0,2020,0,0,0,0,0,0,7,0
project/sim_ext.py --sim-time 1.5 --seq-graph project/file/graph_15_nodes.json --traffic project/file/traffic_15_nodes_random.json --inspection-rate 0.001 --mess-rate 0.002,1.283181000001,136,3,121,0,0,136,32,381,3,32,348,0,0,0,121,381,348,73,219,0,0,1,0,73,334,0,0,0,0,219,335,2020,0,0,0,2020,0,0,0,0,0,0,1,0
project/sim_ext.py --sim-time 1.5 --seq-graph project/file/graph_15_nodes.json --traffic project/file/traffic_15_nodes_random.json --inspection-rate 0.001 --mess-rate 0.002,1.2843080000009999,135,1,121,0,0,135,32,381,1,32,348,0,0,0,121,381,348,66,213,0,0,0,0,66,330,0,0,0,0,213,330,2020,0,0,0,2020,0,0,0,0,0,0,0,0
project/sim_ext.py --sim-time 1.5 --seq-graph project/file/graph_15_nodes.json --traffic project/file/traffic_15_nodes_random.json --inspection-rate 0.001 --mess-rate 0.002,1.2853301423624168,131,0,121,0,0,131,30,381,0,30,348,0,0,0,121,381,348,64,213,0,0,0,0,64,330,0,0,0,0,213,330,2020,0,0,0,2020,0,0,0,0,0,0,0,0
project/sim_ext.py --sim-time 1.5 --seq-graph project/file/graph_15_nodes.json --traffic project/file/traffic_15_nodes_random.json --inspection-rate 0.001 --mess-rate 0.002,1.2863774831919395,128,0,121,0,0,128,28,381,0,28,348,0,0,0,121,381,348,64,213,0,0,0,0,64,326,0,0,0,0,213,326,2020,0,0,0,2020,0,0,0,0,0,0,0,0
project/sim_ext.py --sim-time 1.5 --seq-graph project/file/graph_15_nodes.json --traffic project/file/traffic_15_nodes_random.json --inspection-rate 0.001 --mess-rate 0.002,1.287443000001,125,0,121,0,0,125,28,381,0,28,348,0,0,0,121,381,348,64,210,0,0,0,0,64,324,0,0,0,0,210,324,2020,0,0,0,2020,0,0,0,0,0,0,0,0
project/sim_ext.py --sim-time 1.5 --seq-graph project/file/graph_15_nodes.json --traffic project/file/traffic_15_nodes_random.json --inspection-rate 0.001 --mess-rate 0.002,1.2885670000009999,124,0,121,0,0,124,28,381,0,28,348,0,0,0,121,381,348,64,207,0,0,0,0,64,324,0,0,0,0,207,324,2020,0,0,0,2020,0,0,0,0,0,0,0,0
project/sim_ext.py --sim-time 1.5 --seq-graph project/file/graph_15_nodes.json --traffic project/file/traffic_15_nodes_random.json --inspection-rate 0.001 --mess-rate 0.002,1.2896380581130815,121,0,112,0,0,121,21,381,0,21,346,0,0,0,112,381,346,53,206,0,56,0,0,53,324,0,59,0,0,206,324,2020,0,0,0,2020,58,0,0,56,0,0,0,0
project/sim_ext.py --sim-time 1.5 --seq-graph project/file/graph_15_nodes.json --traffic project/file/traffic_15_nodes_random.json --inspection-rate 0.001 --mess-rate 0.002,1.2906820841616966,120,0,112,0,0,120,18,381,0,18,346,0,0,0,112,381,346,53,204,0,56,0,0,53,324,0,54,0,0,204,323,2020,0,0,0,2020,53,0,0,56,0,0,0,0
project/sim_ext.py --sim-time 1.5 --seq-graph project/file/graph_15_nodes.json --traffic project/file/traffic_15_nodes_random.json --inspection-rate 0.001 --mess-rate 0.002,1.291710799997,118,0,112,0,0,118,17,381,0,17,346,0,0,0,112,381,346,51,204,0,50,0,0,51,319,0,49,0,0,204,319,2020,0,0,0,2020,49,0,0,50,0,0,0,0
project/sim_ext.py --sim-time 1.5 --seq-graph project/file/graph_15_nodes.json --traffic project/file/traffic_15_nodes_random.json --inspection-rate 0.001 --mess-rate 0.002,1.292775799997,118,0,112,0,0,118,14,381,0,14,343,0,0,0,112,381,343,50,198,0,44,0,0,50,318,0,49,0,0,198,318,2020,0,0,0,2020,49,0,0,44,0,0,0,0
project/sim_ext.py --sim-time 1.5 --seq-graph project/file/graph_15_nodes.json --traffic project/file/traffic_15_nodes_random.json --inspection-rate 0.001 --mess-rate 0.002,1.293819000001,117,0,112,0,0,117,12,381,0,12,342,0,0,0,112,381,342,50,197,0,40,0,0,50,317,0,49,0,0,196,317,2020,0,0,0,2020,49,0,0,40,0,0,0,0
project/sim_ext.py --sim-time 1.5 --seq-graph project/file/graph_15_nodes.json --traffic project/file/traffic_15_nodes_random.json --inspection-rate 0.001 --mess-rate 0.002,1.294836000001,116,0,104,0,0,116,12,381,0,12,342,0,0,0,103,381,342,50,193,0,34,0,0,50,317,0,49,0,0,193,317,2020,0,0,0,2020,49,0,0,34,0,0,0,0
project/sim_ext.py --sim-time 1.5 --seq-graph project/file/graph_15_nodes.json --traffic project/file/traffic_15_nodes_random.json --inspection-rate 0.001 --mess-rate 0.002,1.295875000001,115,0,97,0,0,115,12,381,0,12,340,0,0,0,97,381,340,50,193,0,31,0,0,50,317,0,49,0,0,193,317,2020,0,0,0,2020,49,0,0,31,0,0,0,0
project/sim_ext.py --sim-time 1.5 --seq-graph project/file/graph_15_nodes.json --traffic project/file/traffic_15_nodes_random.json --inspection-rate 0.001 --mess-rate 0.002,1.297024000001,115,0,97,0,0,115,10,381,0,10,340,0,0,0,97,381,340,39,193,0,26,0,0,39,317,0,39,0,0,193,317,2020,0,0,0,2020,38,0,0,26,0,0,0,0
project/sim_ext.py --sim-time 1.5 --seq-graph project/file/graph_15_nodes.json --traffic project/file/traffic_15_nodes_random.json --inspection-rate 0.001 --mess-rate 0.002,1.298208000001,113,0,97,0,0,113,10,381,0,10,340,0,0,0,97,381,340,39,187,0,19,0,0,39,308,0,32,0,0,187,308,2020,0,0,0,2020,32,0,0,19,0,0,0,0
project/sim_ext.py --sim-time 1.5 --seq-graph project/file/graph_15_nodes.json --traffic project/file/traffic_15_nodes_random.json --inspection-rate 0.001 --mess-rate 0.002,1.299840999997,172,58,163,54,54,172,69,450,57,70,406,54,54,54,163,450,406,117,264,55,8,54,54,117,388,54,17,53,53,264,388,2091,54,54,53,2090,17,54,55,8,55,55,54,54
project/sim_ext.py --sim-time 1.5 --seq-graph project/file/graph_15_nodes.json --traffic project/file/traffic_15_nodes_random.json --inspection-rate 0.001 --mess-rate 0.002,1.300869000001,168,55,163,35,46,168,66,449,55,66,405,36,44,41,163,449,405,113,260,42,0,49,35,113,382,30,6,37,36,260,382,2082,38,42,30,2082,6,44,40,0,38,46,49,37
project/sim_ext.py --sim-time 1.5 --seq-graph project/file/graph_15_nodes.json --traffic project/file/traffic_15_nodes_random.json --inspection-rate 0.001 --mess-rate 0.002,1.302067000001,161,53,163,28,46,161,57,446,53,57,404,29,37,32,163,446,404,109,255,42,0,49,28,109,375,30,0,32,29,255,375,2082,31,42,30,2082,0,37,32,0,31,46,49,32
project/sim_ext.py --sim-time 1.5 --seq-graph project/file/graph_15_nodes.json --traffic project/file/traffic_15_nodes_random.json --inspection-rate 0.001 --mess-rate 0.002,1.304077000001,145,48,163,22,36,145,31,419,48,31,403,15,20,11,163,419,403,101,250,27,0,34,22,101,368,30,0,20,15,250,368,2082,20,27,30,2082,0,19,11,0,20,36,34,20
project/sim_ext.py --sim-time 1.5 --seq-graph project/file/graph_15_nodes.json --traffic project/file/traffic_15_nodes_random.json --inspection-rate 0.001 --mess-rate 0.002,1.3052230000009999,145,46,163,10,27,145,30,418,46,30,400,3,10,3,163,418,400,89,249,26,0,30,10,89,360,24,0,15,3,249,360,2082,14,26,24,2082,0,10,3,0,14,27,30,15
project/sim_ext.py --sim-time 1.5 --seq-graph project/file/graph_15_nodes.json --traffic project/file/traffic_15_nodes_random.json --inspection-rate 0.001 --mess-rate 0.002,1.3063681862922842,132,42,156,3,19,132,15,413,42,15,397,0,3,0,156,413,397,83,244,21,0,17,3,83,354,22,0,7,0,244,354,2082,8,21,22,2082,0,3,0,0,8,19,18,7
project/sim_ext.py --sim-time 1.5 --seq-graph project/file/graph_15_nodes.json --traffic project/file/traffic_15_nodes_random.json --inspection-rate 0.001 --mess-rate 0.002,1.307490000001,130,39,154,1,14,130,15,403,39,15,397,0,0,0,154,403,397,77,240,13,0,12,1,77,350,22,0,0,0,240,350,2082,4,13,22,2082,0,0,0,0,4,15,12,0
project/sim_ext.py --sim-time 1.5 --seq-graph project/file/graph_15_nodes.json --traffic project/file/traffic_15_nodes_random.json --inspection-rate 0.001 --mess-rate 0.002,1.308768000001,124,38,153,0,4,124,15,398,38,15,394,0,0,0,153,398,394,75,237,13,0,8,0,75,344,20,0,0,0,237,344,2082,0,13,20,2082,0,0,0,0,0,4,8,0
project/sim_ext.py --sim-time 1.5 --seq-graph project/file/graph_15_nodes.json --traffic project/file/traffic_15_nodes_random.json --inspection-rate 0.001 --mess-rate 0.002,1.309827199997,124,34,148,0,4,124,15,394,35,15,393,0,0,0,148,394,393,73,237,13,0,2,0,73,344,20,0,0,0,237,344,2082,0,13,20,2082,0,0,0,0,0,4,2,0
project/sim_ext.py --sim-time 1.5 --seq-graph project/file/graph_15_nodes.json --traffic project/file/traffic_15_nodes_random.json --inspection-rate 0.001 --mess-rate 0.002,1.31094995710765,124,32,145,0,0,124,15,392,33,15,393,0,0,0,145,392,393,73,231,0,0,0,0,73,339,20,0,0,0,231,339,2082,0,0,20,2082,0,0,0,0,0,0,0,0
project/sim_ext.py --sim-time 1.5 --seq-graph project/file/graph_15_nodes.json --traffic project/file/traffic_15_nodes_random.json --inspection-rate 0.001 --mess-rate 0.002,1.312056399997,124,25,141,0,0,124,15,383,25,15,393,0,0,0,141,383,393,66,231,0,0,0,0,66,338,18,0,0,0,231,338,2082,0,0,18,2082,0,0,0,0,0,0,0,0
project/sim_ext.py --sim-time 1.5 --seq-graph project/file/graph_15_nodes.json --traffic project/file/traffic_15_nodes_random.json --inspection-rate 0.001 --mess-rate 0.002,1.313244999883,124,19,138,0,0,124,15,383,19,15,393,0,0,0,138,383,393,66,227,0,0,0,0,66,338,17,0,0,0,227,338,2082,0,0,17,2082,0,0,0,0,0,0,0,0
project/sim_ext.py --sim-time 1.5 --seq-graph project/file/graph_15_nodes.json --traffic project/file/traffic_15_nodes_random.json --inspection-rate 0.001 --mess-rate 0.002,1.314362185945428,124,18,136,0,0,124,4,383,18,4,393,0,0,0,136,383,393,63,224,0,0,0,0,63,338,17,0,0,0,224,338,2082,0,0,17,2082,0,0,0,0,0,0,0,0
project/sim_ext.py --sim-time 1.5 --seq-graph project/file/graph_15_nodes.json --traffic project/file/traffic_15_nodes_random.json --inspection-rate 0.001 --mess-rate 0.002,1.3154580000009999,124,14,136,0,0,124,4,383,14,4,389,0,0,0,136,383,389,61,221,0,0,0,0,61,335,17,0,0,0,221,335,2082,0,0,17,2082,0,0,0,0,0,0,0,0
project/sim_ext.py --sim-time 1.5 --seq-graph project/file/graph_15_nodes.json --traffic project/file/traffic_15_nodes_random.json --inspection-rate 0.001 --mess-rate 0.002,1.316509999891,124,11,136,0,0,124,2,383,11,2,389,0,0,0,136,383,389,57,221,0,0,0,0,57,335,15,0,0,0,221,335,2082,0,0,15,2082,0,0,0,0,0,0,0,0
project/sim_ext.py --sim-time 1.5 --seq-graph project/file/graph_15_nodes.json --traffic project/file/traffic_15_nodes_random.json --inspection-rate 0.001 --mess-rate 0.002,1.3175390000009999,124,7,136,0,0,124,2,383,7,2,385,0,0,0,136,383,385,51,219,0,0,0,0,51,333,12,0,0,0,219,333,2082,0,0,12,2082,0,0,0,0,0,0,0,0
project/sim_ext.py --sim-time 1.5 --seq-graph project/file/graph_15_nodes.json --traffic project/file/traffic_15_nodes_random.json --inspection-rate 0.001 --mess-rate 0.002,1.318548000001,124,4,129,0,0,124,2,383,4,2,382,0,0,0,129,383,382,51,216,0,0,0,0,51,332,10,0,0,0,216,332,2082,0,0,10,2082,0,0,0,0,0,0,0,0
project/sim_ext.py --sim-time 1.5 --seq-graph project/file/graph_15_nodes.json --traffic project/file/traffic_15_nodes_random.json --inspection-rate 0.001 --mess-rate 0.002,1.319718000001,124,1,128,0,0,124,2,383,1,2,382,0,0,0,128,383,382,47,216,0,0,0,0,47,329,10,0,0,0,216,329,2082,0,0,10,2082,0,0,0,0,0,0,0,0
project/sim_ext.py --sim-time 1.5 --seq-graph project/file/graph_15_nodes.json --traffic project/file/traffic_15_nodes_random.json --inspection-rate 0.001 --mess-rate 0.002,1.3207778898470341,124,0,126,0,0,124,2,383,0,2,380,0,0,0,126,383,380,44,211,0,0,0,0,44,328,9,0,0,0,211,328,2082,0,0,9,2082,0,0,0,0,0,0,0,0
project/sim_ext.py --sim-time 1.5 --seq-graph project/file/graph_15_nodes.json --traffic project/file/traffic_15_nodes_random.json --inspection-rate 0.001 --mess-rate 0.002,1.321830000001,124,0,126,0,0,124,2,383,0,2,380,0,0,0,126,383,380,43,211,0,0,0,0,43,327,9,0,0,0,211,327,2082,0,0,9,2082,0,0,0,0,0,0,0,0
project/sim_ext.py --sim-time 1.5 --seq-graph project/file/graph_15_nodes.json --traffic project/file/traffic_15_nodes_random.json --inspection-rate 0.001 --mess-rate 0.002,1.322997000001,124,0,126,0,0,124,2,383,0,2,374,0,0,0,126,383,374,41,204,0,0,0,0,41,327,9,0,0,0,204,327,2082,0,0,9,2082,0,0,0,0,0,0,0,0
project/sim_ext.py --sim-time 1.5 --seq-graph project/file/graph_15_nodes.json --traffic project/file/traffic_15_nodes_random.json --inspection-rate 0.001 --mess-rate 0.002,1.324343000001,124,0,126,0,0,124,0,383,0,0,374,0,0,0,126,383,374,40,200,0,0,0,0,40,324,9,0,0,0,200,324,2082,0,0,9,2082,0,0,0,0,0,0,0,0
project/sim_ext.py --sim-time 1.5 --seq-graph project/file/graph_15_nodes.json --traffic project/file/traffic_15_nodes_random.json --inspection-rate 0.001 --mess-rate 0.002,1.325731000001,124,0,126,0,0,124,0,383,0,0,374,0,0,0,126,383,374,38,200,0,0,0,0,38,324,9,0,0,0,200,324,2082,0,0,9,2082,0,0,0,0,0,0,0,0
project/sim_ext.py --sim-time 1.5 --seq-graph project/file/graph_15_nodes.json --traffic project/file/traffic_15_nodes_random.json --inspection-rate 0.001 --mess-rate 0.002,1.326847000001,124,0,126,0,0,124,0,383,0,0,371,0,0,0,126,383,371,36,200,0,0,0,0,36,321,9,0,0,0,200,321,2082,0,0,9,2082,0,0,0,0,0,0,0,0
project/sim_ext.py --sim-time 1.5 --seq-graph project/file/graph_15_nodes.json --traffic project/file/traffic_15_nodes_random.json --inspection-rate 0.001 --mess-rate 0.002,1.3279164347148467,124,0,126,0,0,124,0,383,0,0,371,0,0,0,126,383,371,30,200,0,0,0,0,29,321,9,0,0,0,200,321,2082,0,0,9,2082,0,0,0,0,0,0,0,0
project/sim_ext.py --sim-time 1.5 --seq-graph project/file/graph_15_nodes.json --traffic project/file/traffic_15_nodes_random.json --inspection-rate 0.001 --mess-rate 0.002,1.3289869999969999,124,0,126,0,0,124,0,383,0,0,371,0,0,0,126,383,371,29,194,0,0,0,0,29,321,9,0,0,0,194,321,2082,0,0,9,2082,0,0,0,0,0,0,0,0
project/sim_ext.py --sim-time 1.5 --seq-graph project/file/graph_15_nodes.json --traffic project/file/traffic_15_nodes_random.json --inspection-rate 0.001 --mess-rate 0.002,1.330050000001,124,0,126,0,0,124,0,366,0,0,371,0,0,0,126,366,371,29,192,0,59,0,0,29,320,9,0,0,0,192,320,2082,0,0,9,2082,0,0,0,59,0,0,0,0
project/sim_ext.py --sim-time 1.5 --seq-graph project/file/graph_15_nodes.json --traffic project/file/traffic_15_nodes_random.json --inspection-rate 0.001 --mess-rate 0.002,1.3310563345341453,176,58,206,37,49,176,48,426,58,48,449,37,41,40,206,426,449,96,266,62,52,51,37,96,384,89,41,45,37,266,384,2162,52,62,89,2162,41,41,40,52,52,49,51,45
project/sim_ext.py --sim-time 1.5 --seq-graph project/file/graph_15_nodes.json --traffic project/file/traffic_15_nodes_random.json --inspection-rate 0.001 --mess-rate 0.002,1.332224999887,169,55,195,28,37,169,36,416,55,36,449,29,32,32,195,416,449,91,263,62,39,37,28,91,371,89,32,37,29,263,371,2162,48,62,88,2162,32,32,32,39,48,37,37,37
project/sim_ext.py --sim-time 1.5 --seq-graph project/file/graph_15_nodes.json --traffic project/file/traffic_15_nodes_random.json --inspection-rate 0.001 --mess-rate 0.002,1.333334399997,161,52,194,19,33,161,31,410,52,31,449,29,24,32,194,411,449,80,263,61,34,34,19,80,371,77,25,29,29,263,371,2162,48,62,77,2162,25,24,32,33,48,33,35,28
project/sim_ext.py --sim-time 1.5 --seq-graph project/file/graph_15_nodes.json --traffic project/file/traffic_15_nodes_random.json --inspection-rate 0.001 --mess-rate 0.002,1.334428000001,150,47,192,10,26,150,7,388,47,7,448,15,15,18,192,388,448,71,256,46,19,26,10,71,360,77,15,20,15,256,360,2162,39,46,77,2162,15,15,18,19,39,26,25,20
project/sim_ext.py --sim-time 1.5 --seq-graph project/file/graph_15_nodes.json --traffic project/file/traffic_15_nodes_random.json --inspection-rate 0.001 --mess-rate 0.002,1.335524000001,148,43,190,9,22,148,0,379,43,0,446,12,7,13,190,379,446,66,249,43,15,15,9,66,356,74,13,15,12,249,356,2162,39,43,74,2162,13,7,13,15,39,22,15,15
project/sim_ext.py --sim-time 1.5 --seq-graph project/file/graph_15_nodes.json --traffic project/file/traffic_15_nodes_random.json --inspection-rate 0.001 --mess-rate 0.002,1.336668799997,145,41,187,3,18,144,0,375,41,0,446,9,7,4,187,376,446,58,245,36,5,9,3,58,351,74,2,9,9,245,351,2162,26,36,74,2162,2,7,4,5,26,18,9,9
project/sim_ext.py --sim-time 1.5 --seq-graph project/file/graph_15_nodes.json --traffic project/file/traffic_15_nodes_random.json --inspection-rate 0.001 --mess-rate 0.002,1.337743999997,139,39,187,0,14,139,0,367,39,0,446,2,7,0,187,367,446,54,241,33,0,7,0,54,351,74,0,4,2,241,351,2162,26,34,74,2162,0,7,0,0,26,14,7,4
project/sim_ext.py --sim-time 1.5 --seq-graph project/file/graph_15_nodes.json --traffic project/file/traffic_15_nodes_random.json --inspection-rate 0.001 --mess-rate 0.002,1.338774999883,135,37,180,0,11,135,0,364,37,0,446,0,0,0,180,364,446,53,235,30,0,0,0,53,343,68,0,0,0,235,343,2162,14,30,68,2162,0,0,0,0,14,11,0,0
project/sim_ext.py --sim-time 1.5 --seq-graph project/file/graph_15_nodes.json --traffic project/file/traffic_15_nodes_random.json --inspection-rate 0.001 --mess-rate 0.002,1.339962599997,135,36,175,0,5,135,0,364,36,0,446,0,0,0,175,364,446,53,232,26,0,0,0,53,341,68,0,0,0,232,341,2162,11,26,68,2162,0,0,0,0,11,5,0,0
project/sim_ext.py --sim-time 1.5 --seq-graph project/file/graph_15_nodes.json --traffic project/file/traffic_15_nodes_random.json --inspection-rate 0.001 --mess-rate 0.002,1.3411271180843347,132,35,175,0,0,132,0,364,35,0,446,0,0,0,175,364,446,49,229,24,0,0,0,49,336,68,0,0,0,229,336,2162,2,24,68,2162,0,0,0,0,2,0,0,0
project/sim_ext.py --sim-time 1.5 --seq-graph project/file/graph_15_nodes.json --traffic project/file/traffic_15_nodes_random.json --inspection-rate 0.001 --mess-rate 0.002,1.342237000001,132,35,175,0,0,132,0,364,35,0,446,0,0,0,175,364,446,49,225,23,0,0,0,49,333,68,0,0,0,225,333,2162,0,23,68,2162,0,0,0,0,0,0,0,0
project/sim_ext.py --sim-time 1.5 --seq-graph project/file/graph_15_nodes.json --traffic project/file/traffic_15_nodes_random.json --inspection-rate 0.001 --mess-rate 0.002,1.3433370000009999,132,33,175,0,0,132,0,352,33,0,446,0,0,0,175,352,446,49,225,20,0,0,0,49,333,68,0,0,0,225,333,2162,0,20,68,2162,0,0,0,0,0,0,0,0
project/sim_ext.py --sim-time 1.5 --seq-graph project/file/graph_15_nodes.json --traffic project/file/traffic_15_nodes_random.json --inspection-rate 0.001 --mess-rate 0.002,1.344410000001,132,30,167,0,0,132,0,352,30,0,436,0,0,0,167,352,436,44,220,20,0,0,0,44,331,68,0,0,0,220,331,2162,0,20,68,2162,0,0,0,0,0,0,0,0
project/sim_ext.py --sim-time 1.5 --seq-graph project/file/graph_15_nodes.json --traffic project/file/traffic_15_nodes_random.json --inspection-rate 0.001 --mess-rate 0.002,1.3454936662293657,132,24,163,0,0,132,0,352,24,0,434,0,0,0,163,352,434,43,218,20,0,0,0,43,331,68,0,0,0,218,331,2162,0,20,68,2162,0,0,0,0,0,0,0,0
project/sim_ext.py --sim-time 1.5 --seq-graph project/file/graph_15_nodes.json --traffic project/file/traffic_15_nodes_random.json --inspection-rate 0.001 --mess-rate 0.002,1.346575121043491,132,19,163,0,0,132,0,352,19,0,432,0,0,0,163,352,432,42,215,20,0,0,0,42,331,68,0,0,0,215,331,2162,0,20,68,2162,0,0,0,0,0,0,0,0
project/sim_ext.py --sim-time 1.5 --seq-graph project/file/graph_15_nodes.json --traffic project/file/traffic_15_nodes_random.json --inspection-rate 0.001 --mess-rate 0.002,1.347598000001,132,19,161,0,0,132,0,352,19,0,432,0,0,0,161,352,432,40,212,20,0,0,0,41,327,68,0,0,0,212,327,2162,0,20,68,2162,0,0,0,0,0,0,0,0
project/sim_ext.py --sim-time 1.5 --seq-graph project/file/graph_15_nodes.json --traffic project/file/traffic_15_nodes_random.json --inspection-rate 0.001 --mess-rate 0.002,1.348645000001,132,15,161,0,0,132,0,352,15,0,429,0,0,0,161,352,429,36,212,20,0,0,0,36,327,62,0,0,0,212,327,2162,0,20,62,2162,0,0,0,0,0,0,0,0
project/sim_ext.py --sim-time 1.5 --seq-graph project/file/graph_15_nodes.json --traffic project/file/traffic_15_nodes_random.json --inspection-rate 0.001 --mess-rate 0.002,1.349694999883,132,15,161,0,0,132,0,352,15,0,429,0,0,0,161,352,429,36,206,20,0,0,0,36,326,62,0,0,0,206,326,2162,0,20,62,2162,0,0,0,0,0,0,0,0
project/sim_ext.py --sim-time 1.5 --seq-graph project/file/graph_15_nodes.json --traffic project/file/traffic_15_nodes_random.json --inspection-rate 0.001 --mess-rate 0.002,1.350963000001,132,11,161,0,0,132,0,352,11,0,425,0,0,0,161,352,425,31,202,20,0,0,0,32,322,62,0,0,0,202,322,2162,0,20,62,2162,0,0,0,0,0,0,0,0
project/sim_ext.py --sim-time 1.5 --seq-graph project/file/graph_15_nodes.json --traffic project/file/traffic_15_nodes_random.json --inspection-rate 0.001 --mess-rate 0.002,1.352002000001,132,8,161,0,0,132,0,352,8,0,424,0,0,0,161,352,424,31,202,20,0,0,0,31,322,62,0,0,0,202,322,2162,0,20,62,2162,0,0,0,0,0,0,0,0
project/sim_ext.py --sim-time 1.5 --seq-graph project/file/graph_15_nodes.json --traffic project/file/traffic_15_nodes_random.json --inspection-rate 0.001 --mess-rate 0.002,1.3530979999969999,132,6,155,0,0,132,0,352,6,0,423,0,0,0,155,352,423,29,202,20,0,0,0,29,321,58,0,0,0,202,321,2162,0,20,58,2162,0,0,0,0,0,0,0,0
project/sim_ext.py --sim-time 1.5 --seq-graph project/file/graph_15_nodes.json --traffic project/file/traffic_15_nodes_random.json --inspection-rate 0.001 --mess-rate 0.002,1.354176000001,132,3,151,0,0,132,0,352,3,0,423,0,0,0,151,352,423,29,202,20,0,0,0,29,320,55,0,0,0,202,320,2162,0,20,55,2162,0,0,0,0,0,0,0,0
project/sim_ext.py --sim-time 1.5 --seq-graph project/file/graph_15_nodes.json --traffic project/file/traffic_15_nodes_random.json --inspection-rate 0.001 --mess-rate 0.002,1.355278000001,132,0,146,0,0,132,0,352,0,0,423,0,0,0,146,352,423,29,202,20,0,0,0,29,318,55,0,0,0,202,318,2162,0,20,55,2162,0,0,0,0,0,0,0,0
project/sim_ext.py --sim-time 1.5 --seq-graph project/file/graph_15_nodes.json --traffic project/file/traffic_15_nodes_random.json --inspection-rate 0.001 --mess-rate 0.002,1.356390000001,132,0,144,0,0,132,0,352,0,0,421,0,0,0,144,352,421,29,202,20,0,0,0,29,318,55,0,0,0,202,318,2162,0,20,55,2162,0,0,0,0,0,0,0,0
project/sim_ext.py --sim-time 1.5 --seq-graph project/file/graph_15_nodes.json --traffic project/file/traffic_15_nodes_random.json --inspection-rate 0.001 --mess-rate 0.002,1.357570000001,132,0,141,0,0,132,0,352,0,0,421,0,0,0,141,352,421,21,202,20,0,0,0,21,318,53,0,0,0,202,318,2162,0,20,53,2162,0,0,0,0,0,0,0,0
project/sim_ext.py --sim-time 1.5 --seq-graph project/file/graph_15_nodes.json --traffic project/file/traffic_15_nodes_random.json --inspection-rate 0.001 --mess-rate 0.002,1.358664000001,132,0,140,0,0,132,0,352,0,0,421,0,0,0,140,352,421,18,189,20,0,0,0,18,313,53,0,0,0,189,313,2162,0,20,53,2162,0,0,0,0,0,0,0,0
project/sim_ext.py --sim-time 1.5 --seq-graph project/file/graph_15_nodes.json --traffic project/file/traffic_15_nodes_random.json --inspection-rate 0.001 --mess-rate 0.002,1.359756000001,132,0,139,0,0,132,0,352,0,0,420,0,0,0,139,352,420,13,186,20,0,0,0,13,313,53,0,0,0,186,313,2162,0,20,53,2162,0,0,0,0,0,0,0,0
project/sim_ext.py --sim-time 1.5 --seq-graph project/file/graph_15_nodes.json --traffic project/file/traffic_15_nodes_random.json --inspection-rate 0.001 --mess-rate 0.002,1.360842000001,132,0,136,0,0,132,0,352,0,0,420,0,0,0,136,352,420,9,185,20,0,0,0,9,310,53,0,0,0,185,310,2162,0,20,53,2162,0,0,0,0,0,0,0,0
project/sim_ext.py --sim-time 1.5 --seq-graph project/file/graph_15_nodes.json --traffic project/file/traffic_15_nodes_random.json --inspection-rate 0.001 --mess-rate 0.002,1.361883000001,199,0,132,43,51,199,0,352,0,0,500,0,0,0,132,352,500,82,257,100,0,0,43,82,296,44,50,53,0,257,296,2162,52,100,44,2162,50,0,0,0,52,51,0,53
project/sim_ext.py --sim-time 1.5 --seq-graph project/file/graph_15_nodes.json --traffic project/file/traffic_15_nodes_random.json --inspection-rate 0.001 --mess-rate 0.002,1.3630473999969999,199,0,131,43,50,199,0,352,0,0,500,0,0,0,131,352,500,70,253,100,0,0,43,70,290,40,43,41,0,253,290,2162,51,100,40,2162,43,0,0,0,51,50,0,41
project/sim_ext.py --sim-time 1.5 --seq-graph project/file/graph_15_nodes.json --traffic project/file/traffic_15_nodes_random.json --inspection-rate 0.001 --mess-rate 0.002,1.364072000001,192,0,131,35,50,192,0,352,0,0,493,0,0,0,131,352,493,67,251,100,0,0,35,67,283,40,40,38,0,251,283,2162,44,100,40,2162,40,0,0,0,44,50,0,38
project/sim_ext.py --sim-time 1.5 --seq-graph project/file/graph_15_nodes.json --traffic project/file/traffic_15_nodes_random.json --inspection-rate 0.001 --mess-rate 0.002,1.365120000001,189,0,129,24,37,189,0,352,0,0,493,0,0,0,129,352,493,60,251,100,0,0,24,60,275,37,31,29,0,251,275,2162,40,100,37,2162,31,0,0,0,40,37,0,29
project/sim_ext.py --sim-time 1.5 --seq-graph project/file/graph_15_nodes.json --traffic project/file/traffic_15_nodes_random.json --inspection-rate 0.001 --mess-rate 0.002,1.3661210538044073,182,0,129,19,33,182,0,352,0,0,493,0,0,0,129,352,493,56,251,100,0,0,19,57,269,37,28,25,0,251,269,2162,35,100,37,2162,28,0,0,0,35,33,0,25
project/sim_ext.py --sim-time 1.5 --seq-graph project/file/graph_15_nodes.json --traffic project/file/traffic_15_nodes_random.json --inspection-rate 0.001 --mess-rate 0.002,1.367200999997,182,0,129,19,31,182,0,352,0,0,493,0,0,0,129,352,493,52,242,100,0,0,19,52,260,37,23,19,0,242,260,2162,27,100,37,2162,23,0,0,0,27,31,0,19
project/sim_ext.py --sim-time 1.5 --seq-graph project/file/graph_15_nodes.json --traffic project/file/traffic_15_nodes_random.json --inspection-rate 0.001 --mess-rate 0.002,1.368367999997,175,0,127,11,21,175,0,352,0,0,489,0,0,0,127,352,489,48,240,100,0,0,11,49,260,37,17,16,0,240,260,2162,24,100,37,2162,17,0,0,0,24,21,0,16
project/sim_ext.py --sim-time 1.5 --seq-graph project/file/graph_15_nodes.json --traffic project/file/traffic_15_nodes_random.json --inspection-rate 0.001 --mess-rate 0.002,1.369403000001,175,0,127,3,16,175,0,352,0,0,489,0,0,0,127,352,489,47,234,100,0,0,3,47,248,24,9,8,0,234,248,2162,18,100,24,2162,9,0,0,0,18,16,0,8
project/sim_ext.py --sim-time 1.5 --seq-graph project/file/graph_15_nodes.json --traffic project/file/traffic_15_nodes_random.json --inspection-rate 0.001 --mess-rate 0.002,1.370537599997,168,0,127,3,11,168,0,328,0,0,489,0,0,0,127,328,489,36,232,85,54,0,2,36,242,22,2,4,0,232,242,2162,13,85,22,2162,2,0,0,54,13,11,0,4
project/sim_ext.py --sim-time 1.5 --seq-graph project/file/graph_15_nodes.json --traffic project/file/traffic_15_nodes_random.json --inspection-rate 0.001 --mess-rate 0.002,1.3716383999969999,161,56,207,0,2,161,47,385,56,46,489,47,47,48,207,385,489,29,229,76,49,53,0,29,318,102,0,0,47,229,318,2242,3,76,102,2242,0,48,48,49,3,2,53,0
project/sim_ext.py --sim-time 1.5 --seq-graph project/file/graph_15_nodes.json --traffic project/file/traffic_15_nodes_random.json --inspection-rate 0.001 --mess-rate 0.002,1.372747599997,159,54,207,0,2,159,36,379,54,36,489,44,41,40,207,379,489,25,224,71,43,49,0,25,316,100,0,0,44,224,316,2242,0,71,100,2242,0,41,40,43,0,2,49,0
project/sim_ext.py --sim-time 1.5 --seq-graph project/file/graph_15_nodes.json --traffic project/file/traffic_15_nodes_random.json --inspection-rate 0.001 --mess-rate 0.002,1.374084999883,158,48,207,0,0,158,29,374,48,29,489,35,33,37,207,374,489,16,222,71,39,42,0,16,314,100,0,0,35,222,314,2242,0,71,100,2242,0,33,36,39,0,0,42,0
project/sim_ext.py --sim-time 1.5 --seq-graph project/file/graph_15_nodes.json --traffic project/file/traffic_15_nodes_random.json --inspection-rate 0.001 --mess-rate 0.002,1.375336000001,156,44,207,0,0,156,17,363,44,17,482,27,23,26,207,363,482,10,217,63,29,32,0,10,312,97,0,0,28,217,312,2242,0,63,97,2242,0,23,26,29,0,0,32,0
project/sim_ext.py --sim-time 1.5 --seq-graph project/file/graph_15_nodes.json --traffic project/file/traffic_15_nodes_random.json --inspection-rate 0.001 --mess-rate 0.002,1.376354000001,156,42,207,0,0,156,12,353,42,12,482,22,19,19,207,353,482,7,215,63,22,25,0,7,312,97,0,0,22,215,312,2242,0,63,97,2242,0,19,19,22,0,0,25,0
project/sim_ext.py --sim-time 1.5 --seq-graph project/file/graph_15_nodes.json --traffic project/file/traffic_15_nodes_random.json --inspection-rate 0.001 --mess-rate 0.002,1.377393000001,154,39,195,0,0,154,5,348,39,4,480,10,10,10,195,348,480,2,215,63,16,17,0,2,312,96,0,0,10,215,312,2242,0,63,96,2242,0,11,10,16,0,0,17,0
project/sim_ext.py --sim-time 1.5 --seq-graph project/file/graph_15_nodes.json --traffic project/file/traffic_15_nodes_random.json --inspection-rate 0.001 --mess-rate 0.002,1.378507599997,147,35,194,0,0,147,0,329,35,0,480,1,4,4,194,329,480,0,215,52,3,3,0,0,302,96,0,0,1,215,302,2242,0,52,96,2242,0,4,4,3,0,0,3,0
project/sim_ext.py --sim-time 1.5 --seq-graph project/file/graph_15_nodes.json --traffic project/file/traffic_15_nodes_random.json --inspection-rate 0.001 --mess-rate 0.002,1.379553000001,144,35,192,0,0,144,0,323,35,0,478,0,0,4,192,323,478,0,206,49,0,0,0,0,299,96,0,0,0,206,299,2242,0,49,96,2242,0,0,4,0,0,0,0,0
project/sim_ext.py --sim-time 1.5 --seq-graph project/file/graph_15_nodes.json --traffic project/file/traffic_15_nodes_random.json --inspection-rate 0.001 --mess-rate 0.002,1.380564000001,142,31,192,0,0,142,0,322,31,0,478,0,0,0,192,322,478,0,203,47,0,0,0,0,297,94,0,0,0,203,297,2242,0,47,94,2242,0,0,0,0,0,0,0,0
project/sim_ext.py --sim-time 1.5 --seq-graph project/file/graph_15_nodes.json --traffic project/file/traffic_15_nodes_random.json --inspection-rate 0.001 --mess-rate 0.002,1.381565000001,142,30,191,0,0,142,0,322,30,0,477,0,0,0,191,322,477,0,203,47,0,0,0,0,297,92,0,0,0,203,297,2242,0,47,92,2242,0,0,0,0,0,0,0,0
project/sim_ext.py --sim-time 1.5 --seq-graph project/file/graph_15_nodes.json --traffic project/file/traffic_15_nodes_random.json --inspection-rate 0.001 --mess-rate 0.002,1.382817000001,139,30,185,0,0,139,0,322,30,0,477,0,0,0,185,322,477,0,203,47,0,0,0,0,297,90,0,0,0,203,297,2242,0,47,90,2242,0,0,0,0,0,0,0,0
project/sim_ext.py --sim-time 1.5 --seq-graph project/file/graph_15_nodes.json --traffic project/file/traffic_15_nodes_random.json --inspection-rate 0.001 --mess-rate 0.002,1.383898000001,135,20,183,0,0,135,0,322,20,0,477,0,0,0,183,322,477,0,199,47,0,0,0,0,293,90,0,0,0,199,293,2242,0,47,90,2242,0,0,0,0,0,0,0,0
project/sim_ext.py --sim-time 1.5 --seq-graph project/file/graph_15_nodes.json --traffic project/file/traffic_15_nodes_random.json --inspection-rate 0.001 --mess-rate 0.002,1.3849380000009999,134,19,183,0,0,134,0,322,19,0,477,0,0,0,183,322,477,0,198,47,0,0,0,0,293,88,0,0,0,198,293,2242,0,47,88,2242,0,0,0,0,0,0,0,0
project/sim_ext.py --sim-time 1.5 --seq-graph project/file/graph_15_nodes.json --traffic project/file/traffic_15_nodes_random.json --inspection-rate 0.001 --mess-rate 0.002,1.385976000001,134,16,178,0,0,134,0,322,17,0,472,0,0,0,178,322,472,0,198,47,0,0,0,0,293,87,0,0,0,198,293,2242,0,47,87,2242,0,0,0,0,0,0,0,0
project/sim_ext.py --sim-time 1.5 --seq-graph project/file/graph_15_nodes.json --traffic project/file/traffic_15_nodes_random.json --inspection-rate 0.001 --mess-rate 0.002,1.386993999997,132,14,178,0,0,132,0,322,14,0,470,0,0,0,178,322,470,0,198,47,0,0,0,0,290,87,0,0,0,198,290,2242,0,47,87,2242,0,0,0,0,0,0,0,0
project/sim_ext.py --sim-time 1.5 --seq-graph project/file/graph_15_nodes.json --traffic project/file/traffic_15_nodes_random.json --inspection-rate 0.001 --mess-rate 0.002,1.388289000001,129,7,173,0,0,129,0,322,7,0,470,0,0,0,173,322,470,0,198,47,0,0,0,0,288,87,0,0,0,198,288,2242,0,47,87,2242,0,0,0,0,0,0,0,0
project/sim_ext.py --sim-time 1.5 --seq-graph project/file/graph_15_nodes.json --traffic project/file/traffic_15_nodes_random.json --inspection-rate 0.001 --mess-rate 0.002,1.389334000001,128,4,173,0,0,128,0,322,4,0,467,0,0,0,173,322,467,0,198,47,0,0,0,0,288,87,0,0,0,198,288,2242,0,47,87,2242,0,0,0,0,0,0,0,0
project/sim_ext.py --sim-time 1.5 --seq-graph project/file/graph_15_nodes.json --traffic project/file/traffic_15_nodes_random.json --inspection-rate 0.001 --mess-rate 0.002,1.390404000001,127,4,173,0,0,127,0,322,4,0,466,0,0,0,173,322,466,0,198,47,0,0,0,0,288,87,0,0,0,198,288,2242,0,47,87,2242,0,0,0,0,0,0,0,0
project/sim_ext.py --sim-time 1.5 --seq-graph project/file/graph_15_nodes.json --traffic project/file/traffic_15_nodes_random.json --inspection-rate 0.001 --mess-rate 0.002,1.3916290000009999,124,0,169,0,0,124,0,322,0,0,464,0,0,0,169,322,464,0,198,47,0,0,0,0,284,85,76,0,0,198,285,2242,0,47,85,2242,77,0,0,0,0,0,0,0
project/sim_ext.py --sim-time 1.5 --seq-graph project/file/graph_15_nodes.json --traffic project/file/traffic_15_nodes_random.json --inspection-rate 0.001 --mess-rate 0.002,1.392811744959007,123,0,166,0,0,123,0,322,0,0,463,0,0,0,166,322,463,0,185,47,0,0,0,0,279,83,55,0,0,185,279,2242,0,47,83,2242,55,0,0,0,0,0,0,0
project/sim_ext.py --sim-time 1.5 --seq-graph project/file/graph_15_nodes.json --traffic project/file/traffic_15_nodes_random.json --inspection-rate 0.001 --mess-rate 0.002,1.3938990000009999,123,0,162,0,0,123,0,322,0,0,463,0,0,0,162,322,463,0,185,47,0,0,0,0,279,83,52,0,0,185,279,2242,0,47,83,2242,52,0,0,0,0,0,0,0
project/sim_ext.py --sim-time 1.5 --seq-graph project/file/graph_15_nodes.json --traffic project/file/traffic_15_nodes_random.json --inspection-rate 0.001 --mess-rate 0.002,1.3950235673626876,121,0,161,0,0,121,0,322,0,0,463,0,0,0,161,322,463,0,185,47,0,0,0,0,279,80,45,0,0,185,279,2242,0,47,80,2242,45,0,0,0,0,0,0,0
project/sim_ext.py --sim-time 1.5 --seq-graph project/file/graph_15_nodes.json --traffic project/file/traffic_15_nodes_random.json --inspection-rate 0.001 --mess-rate 0.002,1.3960610000009999,121,0,157,0,0,121,0,322,0,0,463,0,0,0,157,322,463,0,185,47,0,0,0,0,267,80,43,0,0,185,267,2242,0,47,80,2242,43,0,0,0,0,0,0,0
project/sim_ext.py --sim-time 1.5 --seq-graph project/file/graph_15_nodes.json --traffic project/file/traffic_15_nodes_random.json --inspection-rate 0.001 --mess-rate 0.002,1.3971031765984727,118,0,156,0,0,118,0,322,0,0,460,0,0,0,156,322,460,0,185,47,0,0,0,0,264,78,41,0,0,185,264,2242,0,47,78,2242,41,0,0,0,0,0,0,0
project/sim_ext.py --sim-time 1.5 --seq-graph project/file/graph_15_nodes.json --traffic project/file/traffic_15_nodes_random.json --inspection-rate 0.001 --mess-rate 0.002,1.398144999883,118,0,156,0,0,118,0,322,0,0,459,0,0,0,156,322,459,0,185,47,0,0,0,0,259,75,38,0,0,185,259,2242,0,47,75,2242,38,0,0,0,0,0,0,0
project/sim_ext.py --sim-time 1.5 --seq-graph project/file/graph_15_nodes.json --traffic project/file/traffic_15_nodes_random.json --inspection-rate 0.001 --mess-rate 0.002,1.399211000001,118,0,153,0,0,118,0,322,0,0,459,0,0,0,153,322,459,0,185,47,0,0,0,0,259,72,36,0,0,185,259,2242,0,47,72,2242,36,0,0,0,0,0,0,0
project/sim_ext.py --sim-time 1.5 --seq-graph project/file/graph_15_nodes.json --traffic project/file/traffic_15_nodes_random.json --inspection-rate 0.001 --mess-rate 0.002,1.400315000001,118,0,152,0,0,118,0,322,0,0,458,0,0,0,152,322,458,0,185,47,0,0,0,0,251,72,29,0,0,185,251,2242,0,47,72,2242,29,0,0,0,0,0,0,0
project/sim_ext.py --sim-time 1.5 --seq-graph project/file/graph_15_nodes.json --traffic project/file/traffic_15_nodes_random.json --inspection-rate 0.001 --mess-rate 0.002,1.401360000001,118,0,152,0,0,118,0,322,0,0,457,0,0,0,152,322,457,0,172,47,0,0,0,0,251,72,28,0,0,172,251,2242,0,47,72,2242,28,0,0,0,0,0,0,0
project/sim_ext.py --sim-time 1.5 --seq-graph project/file/graph_15_nodes.json --traffic project/file/traffic_15_nodes_random.json --inspection-rate 0.001 --mess-rate 0.002,1.402415999997,183,58,219,45,54,184,45,391,58,44,529,50,44,45,219,391,529,60,244,97,0,50,45,59,331,133,16,50,51,245,331,2322,48,97,133,2322,16,44,45,0,48,54,50,50
project/sim_ext.py --sim-time 1.5 --seq-graph project/file/graph_15_nodes.json --traffic project/file/traffic_15_nodes_random.json --inspection-rate 0.001 --mess-rate 0.002,1.403423000001,169,52,218,34,46,169,33,391,52,33,528,48,33,38,218,391,528,58,243,94,0,50,34,58,331,133,3,44,48,243,331,2322,45,94,133,2322,3,33,38,0,45,46,50,44
project/sim_ext.py --sim-time 1.5 --seq-graph project/file/graph_15_nodes.json --traffic project/file/traffic_15_nodes_random.json --inspection-rate 0.001 --mess-rate 0.002,1.404564199997,157,52,216,24,40,157,24,386,52,24,525,41,22,36,216,386,525,56,243,89,0,50,24,56,327,129,0,43,41,243,327,2322,41,89,130,2322,0,22,36,0,41,40,50,43
project/sim_ext.py --sim-time 1.5 --seq-graph project/file/graph_15_nodes.json --traffic project/file/traffic_15_nodes_random.json --inspection-rate 0.001 --mess-rate 0.002,1.405639399997,157,52,210,20,34,157,22,386,52,22,513,35,9,26,210,386,513,56,233,82,0,33,20,56,325,126,0,41,35,233,325,2310,34,82,126,2310,0,9,26,0,34,34,33,41
project/sim_ext.py --sim-time 1.5 --seq-graph project/file/graph_15_nodes.json --traffic project/file/traffic_15_nodes_random.json --inspection-rate 0.001 --mess-rate 0.002,1.4068162227402552,140,48,210,8,31,140,5,386,48,5,507,32,0,22,210,386,507,56,233,75,0,31,8,56,324,114,0,27,32,233,324,2306,28,75,114,2306,0,0,22,0,28,31,31,27
project/sim_ext.py --sim-time 1.5 --seq-graph project/file/graph_15_nodes.json --traffic project/file/traffic_15_nodes_random.json --inspection-rate 0.001 --mess-rate 0.002,1.407885000001,133,48,206,1,25,133,3,386,48,3,504,32,0,20,206,386,504,56,231,71,0,21,2,56,324,106,0,24,32,231,324,2306,25,71,106,2306,0,0,20,0,25,25,21,24
project/sim_ext.py --sim-time 1.5 --seq-graph project/file/graph_15_nodes.json --traffic project/file/traffic_15_nodes_random.json --inspection-rate 0.001 --mess-rate 0.002,1.4090929136148356,131,43,200,0,19,131,0,376,43,0,499,25,0,10,200,376,499,56,227,58,0,11,0,55,322,101,0,24,25,227,322,2306,22,58,101,2306,0,0,10,0,22,19,11,24
project/sim_ext.py --sim-time 1.5 --seq-graph project/file/graph_15_nodes.json --traffic project/file/traffic_15_nodes_random.json --inspection-rate 0.001 --mess-rate 0.002,1.410183399997,130,39,198,0,14,130,0,373,39,0,499,19,0,6,198,373,499,45,225,49,0,5,0,45,320,99,0,12,19,225,320,2305,15,49,99,2305,0,0,6,0,15,14,5,12
project/sim_ext.py --sim-time 1.5 --seq-graph project/file/graph_15_nodes.json --traffic project/file/traffic_15_nodes_random.json --inspection-rate 0.001 --mess-rate 0.002,1.411392000001,127,39,187,0,2,127,0,370,39,0,490,12,0,0,187,370,490,43,220,41,0,0,0,43,318,94,0,9,12,220,318,2303,9,42,94,2303,0,0,0,0,9,2,0,9
project/sim_ext.py --sim-time 1.5 --seq-graph project/file/graph_15_nodes.json --traffic project/file/traffic_15_nodes_random.json --inspection-rate 0.001 --mess-rate 0.002,1.412519000001,126,37,184,0,0,126,0,369,37,0,488,9,0,0,184,370,488,41,217,32,0,0,0,41,318,89,0,1,9,217,318,2301,3,32,89,2301,0,0,0,0,3,0,0,1
project/sim_ext.py --sim-time 1.5 --seq-graph project/file/graph_15_nodes.json --traffic project/file/traffic_15_nodes_random.json --inspection-rate 0.001 --mess-rate 0.002,1.413624000001,126,37,179,0,0,126,0,367,37,0,487,9,0,0,179,367,487,40,215,25,54,0,0,40,318,86,0,0,9,215,318,2301,3,25,86,2301,0,0,0,54,3,0,0,0
project/sim_ext.py --sim-time 1.5 --seq-graph project/file/graph_15_nodes.json --traffic project/file/traffic_15_nodes_random.json --inspection-rate 0.001 --mess-rate 0.002,1.414672000001,126,37,176,0,0,126,0,367,37,0,485,3,0,0,176,367,485,40,215,18,46,0,0,40,316,79,0,0,3,215,316,2299,0,18,79,2299,0,0,0,46,0,0,0,0
project/sim_ext.py --sim-time 1.5 --seq-graph project/file/graph_15_nodes.json --traffic project/file/traffic_15_nodes_random.json --inspection-rate 0.001 --mess-rate 0.002,1.415812000001,126,27,174,0,0,126,0,367,27,0,485,0,0,0,174,367,485,38,213,16,45,0,0,38,315,76,0,0,0,213,315,2299,0,16,76,2299,0,0,0,46,0,0,0,0
project/sim_ext.py --sim-time 1.5 --seq-graph project/file/graph_15_nodes.json --traffic project/file/traffic_15_nodes_random.json --inspection-rate 0.001 --mess-rate 0.002,1.416872000001,126,23,170,0,0,126,0,367,23,0,477,0,0,0,170,367,477,38,213,9,36,0,0,38,313,75,0,0,0,213,313,2299,0,9,75,2299,0,0,0,36,0,0,0,0
project/sim_ext.py --sim-time 1.5 --seq-graph project/file/graph_15_nodes.json --traffic project/file/traffic_15_nodes_random.json --inspection-rate 0.001 --mess-rate 0.002,1.418001999997,126,18,166,0,0,126,0,367,18,0,477,0,0,0,166,367,477,37,213,6,34,0,0,37,312,73,0,0,0,213,312,2299,0,6,73,2299,0,0,0,34,0,0,0,0
project/sim_ext.py --sim-time 1.5 --seq-graph project/file/graph_15_nodes.json --traffic project/file/traffic_15_nodes_random.json --inspection-rate 0.001 --mess-rate 0.002,1.4190976612087107,126,14,164,0,0,126,0,353,14,0,477,0,0,0,164,353,477,34,213,0,27,0,0,34,310,71,0,0,0,213,310,2299,0,0,71,2299,0,0,0,28,0,0,0,0
project/sim_ext.py --sim-time 1.5 --seq-graph project/file/graph_15_nodes.json --traffic project/file/traffic_15_nodes_random.json --inspection-rate 0.001 --mess-rate 0.002,1.4201800000009999,126,11,164,0,0,126,0,350,11,0,477,0,0,0,164,350,477,32,213,0,24,0,0,32,309,71,0,0,0,213,309,2299,0,0,71,2299,0,0,0,24,0,0,0,0
project/sim_ext.py --sim-time 1.5 --seq-graph project/file/graph_15_nodes.json --traffic project/file/traffic_15_nodes_random.json --inspection-rate 0.001 --mess-rate 0.002,1.421240399997,126,8,159,0,0,126,0,350,8,0,472,0,0,0,159,350,472,30,213,0,20,0,0,30,308,70,0,0,0,213,308,2299,0,0,70,2299,0,0,0,20,0,0,0,0
project/sim_ext.py --sim-time 1.5 --seq-graph project/file/graph_15_nodes.json --traffic project/file/traffic_15_nodes_random.json --inspection-rate 0.001 --mess-rate 0.002,1.422302000001,126,8,156,0,0,126,0,349,8,0,469,0,0,0,156,349,469,30,213,0,15,0,0,30,308,70,0,0,0,213,308,2299,0,0,70,2299,0,0,0,15,0,0,0,0
project/sim_ext.py --sim-time 1.5 --seq-graph project/file/graph_15_nodes.json --traffic project/file/traffic_15_nodes_random.json --inspection-rate 0.001 --mess-rate 0.002,1.423453327947512,126,7,152,0,0,126,0,349,7,0,469,0,0,0,152,349,469,24,213,0,11,0,0,24,308,68,0,0,0,213,308,2299,0,0,68,2299,0,0,0,11,0,0,0,0
project/sim_ext.py --sim-time 1.5 --seq-graph project/file/graph_15_nodes.json --traffic project/file/traffic_15_nodes_random.json --inspection-rate 0.001 --mess-rate 0.002,1.424453799997,126,7,152,0,0,126,0,349,7,0,469,0,0,0,152,349,469,20,202,0,5,0,0,20,308,68,0,0,0,202,308,2299,0,0,68,2299,0,0,0,5,0,0,0,0
project/sim_ext.py --sim-time 1.5 --seq-graph project/file/graph_15_nodes.json --traffic project/file/traffic_15_nodes_random.json --inspection-rate 0.001 --mess-rate 0.002,1.425495934324573,126,0,152,0,0,126,0,347,0,0,469,0,0,0,152,347,469,17,200,0,0,0,0,17,307,62,0,0,0,199,307,2299,0,0,63,2299,0,0,0,0,0,0,0,0
project/sim_ext.py --sim-time 1.5 --seq-graph project/file/graph_15_nodes.json --traffic project/file/traffic_15_nodes_random.json --inspection-rate 0.001 --mess-rate 0.002,1.4265288166009737,126,0,152,0,0,126,0,346,0,0,469,0,0,0,152,346,469,16,199,0,0,0,0,16,307,62,0,0,0,199,307,2299,0,0,62,2299,0,0,0,0,0,0,0,0
project/sim_ext.py --sim-time 1.5 --seq-graph project/file/graph_15_nodes.json --traffic project/file/traffic_15_nodes_random.json --inspection-rate 0.001 --mess-rate 0.002,1.427666000001,126,0,152,0,0,126,0,343,0,0,469,0,0,0,152,343,469,15,197,0,0,0,0,15,304,62,0,0,0,197,304,2299,0,0,62,2299,0,0,0,0,0,0,0,0
project/sim_ext.py --sim-time 1.5 --seq-graph project/file/graph_15_nodes.json --traffic project/file/traffic_15_nodes_random.json --inspection-rate 0.001 --mess-rate 0.002,1.428794000001,126,0,141,0,0,126,0,343,0,0,469,0,0,0,141,343,469,14,197,0,0,0,0,14,304,62,0,0,0,197,304,2299,0,0,62,2299,0,0,0,0,0,0,0,0
project/sim_ext.py --sim-time 1.5 --seq-graph project/file/graph_15_nodes.json --traffic project/file/traffic_15_nodes_random.json --inspection-rate 0.001 --mess-rate 0.002,1.429849000001,126,0,137,0,0,126,0,341,0,0,460,0,0,0,137,341,460,11,193,0,0,0,0,11,302,62,0,0,0,193,302,2299,0,0,62,2299,0,0,0,0,0,0,0,0
project/sim_ext.py --sim-time 1.5 --seq-graph project/file/graph_15_nodes.json --traffic project/file/traffic_15_nodes_random.json --inspection-rate 0.001 --mess-rate 0.002,1.4308870000009999,126,0,137,0,0,126,0,338,0,0,458,0,0,0,137,338,458,11,191,0,0,0,0,11,302,57,0,0,0,191,302,2299,0,0,57,2299,0,0,0,0,0,0,0,0
project/sim_ext.py --sim-time 1.5 --seq-graph project/file/graph_15_nodes.json --traffic project/file/traffic_15_nodes_random.json --inspection-rate 0.001 --mess-rate 0.002,1.4319646711543859,126,0,137,0,0,126,0,337,0,0,458,0,0,0,137,337,458,11,188,0,0,0,0,11,302,57,0,0,0,188,302,2299,0,0,57,2299,0,0,0,0,0,0,0,0
project/sim_ext.py --sim-time 1.5 --seq-graph project/file/graph_15_nodes.json --traffic project/file/traffic_15_nodes_random.json --inspection-rate 0.001 --mess-rate 0.002,1.433007999997,177,0,214,50,56,178,51,413,0,52,529,51,52,51,214,413,529,85,261,51,0,57,51,85,382,118,52,51,52,261,382,2375,50,51,118,2375,53,52,52,0,51,56,57,51
project/sim_ext.py --sim-time 1.5 --seq-graph project/file/graph_15_nodes.json --traffic project/file/traffic_15_nodes_random.json --inspection-rate 0.001 --mess-rate 0.002,1.4340832253959745,148,0,206,22,45,148,11,408,0,11,529,40,35,42,206,408,529,80,258,40,0,54,22,80,382,111,42,37,40,258,382,2371,40,40,111,2371,42,35,42,0,40,45,54,37
project/sim_ext.py --sim-time 1.5 --seq-graph project/file/graph_15_nodes.json --traffic project/file/traffic_15_nodes_random.json --inspection-rate 0.001 --mess-rate 0.002,1.435102000001,148,0,204,22,45,148,5,408,0,5,519,37,24,34,204,408,519,79,256,29,0,45,22,79,382,107,40,32,37,256,382,2371,34,29,107,2371,40,24,34,0,34,45,45,32
project/sim_ext.py --sim-time 1.5 --seq-graph project/file/graph_15_nodes.json --traffic project/file/traffic_15_nodes_random.json --inspection-rate 0.001 --mess-rate 0.002,1.436168000001,134,0,198,5,30,134,0,405,0,0,513,25,15,25,198,405,513,72,253,16,0,38,5,72,374,96,25,21,25,253,374,2367,22,16,97,2367,25,15,25,0,22,30,38,21
project/sim_ext.py --sim-time 1.5 --seq-graph project/file/graph_15_nodes.json --traffic project/file/traffic_15_nodes_random.json --inspection-rate 0.001 --mess-rate 0.002,1.437314000001,134,0,196,3,24,134,0,404,0,0,513,23,15,23,196,404,513,72,253,11,0,38,3,72,373,95,20,20,23,253,373,2367,21,11,95,2367,20,15,23,0,21,24,38,20
project/sim_ext.py --sim-time 1.5 --seq-graph project/file/graph_15_nodes.json --traffic project/file/traffic_15_nodes_random.json --inspection-rate 0.001 --mess-rate 0.002,1.438671999997,123,0,196,0,24,123,0,404,0,0,511,10,8,14,196,404,511,70,251,0,0,29,0,70,373,90,13,13,10,251,373,2365,9,0,90,2365,13,8,14,0,9,24,28,13
project/sim_ext.py --sim-time 1.5 --seq-graph project/file/graph_15_nodes.json --traffic project/file/traffic_15_nodes_random.json --inspection-rate 0.001 --mess-rate 0.002,1.439755000001,118,0,187,0,17,118,0,400,0,0,504,3,5,11,187,400,504,65,251,0,0,23,0,65,369,87,8,13,3,251,369,2360,1,0,87,2360,8,5,11,0,1,17,23,13
project/sim_ext.py --sim-time 1.5 --seq-graph project/file/graph_15_nodes.json --traffic project/file/traffic_15_nodes_random.json --inspection-rate 0.001 --mess-rate 0.002,1.440847000001,118,0,186,0,14,118,0,400,0,0,504,0,0,2,186,400,504,62,251,0,0,23,0,62,364,83,6,8,0,251,364,2359,0,0,83,2359,5,0,2,0,0,14,23,8
project/sim_ext.py --sim-time 1.5 --seq-graph project/file/graph_15_nodes.json --traffic project/file/traffic_15_nodes_random.json --inspection-rate 0.001 --mess-rate 0.002,1.441942000001,118,0,185,0,14,118,0,400,0,0,504,0,0,0,185,400,504,62,251,0,0,23,0,62,363,78,0,6,0,251,363,2359,0,0,78,2359,0,0,0,0,0,14,23,6
project/sim_ext.py --sim-time 1.5 --seq-graph project/file/graph_15_nodes.json --traffic project/file/traffic_15_nodes_random.json --inspection-rate 0.001 --mess-rate 0.002,1.44309999988,115,61,184,0,1,115,0,400,60,0,499,0,0,0,184,400,499,62,251,0,0,11,0,62,361,77,0,2,0,251,361,2359,0,0,77,2359,0,0,0,0,0,1,11,2
project/sim_ext.py --sim-time 1.5 --seq-graph project/file/graph_15_nodes.json --traffic project/file/traffic_15_nodes_random.json --inspection-rate 0.001 --mess-rate 0.002,1.4441640000009999,110,56,178,0,0,110,0,400,56,0,494,0,0,0,178,400,494,55,240,0,49,0,0,55,361,77,0,0,0,240,361,2359,0,0,77,2359,0,0,0,49,0,0,0,0
project/sim_ext.py --sim-time 1.5 --seq-graph project/file/graph_15_nodes.json --traffic project/file/traffic_15_nodes_random.json --inspection-rate 0.001 --mess-rate 0.002,1.445234000001,110,51,178,0,0,110,0,400,51,0,492,0,0,0,178,400,492,53,238,0,46,0,0,53,360,77,0,0,0,238,360,2359,0,0,77,2359,0,0,0,46,0,0,0,0
project/sim_ext.py --sim-time 1.5 --seq-graph project/file/graph_15_nodes.json --traffic project/file/traffic_15_nodes_random.json --inspection-rate 0.001 --mess-rate 0.002,1.4464072632030982,110,48,177,0,0,110,0,400,48,0,492,0,0,0,177,400,492,53,238,0,46,0,0,53,357,74,0,0,0,238,357,2359,0,0,74,2359,0,0,0,46,0,0,0,0
project/sim_ext.py --sim-time 1.5 --seq-graph project/file/graph_15_nodes.json --traffic project/file/traffic_15_nodes_random.json --inspection-rate 0.001 --mess-rate 0.002,1.447532000001,110,45,174,0,0,110,0,400,45,0,492,0,0,0,174,400,492,53,234,0,37,0,0,53,357,74,0,0,0,234,357,2359,0,0,74,2359,0,0,0,37,0,0,0,0
project/sim_ext.py --sim-time 1.5 --seq-graph project/file/graph_15_nodes.json --traffic project/file/traffic_15_nodes_random.json --inspection-rate 0.001 --mess-rate 0.002,1.448692000001,110,45,169,0,0,110,0,400,45,0,492,0,0,0,169,400,492,51,234,0,32,0,0,51,354,74,0,0,0,234,354,2359,0,0,74,2359,0,0,0,32,0,0,0,0
project/sim_ext.py --sim-time 1.5 --seq-graph project/file/graph_15_nodes.json --traffic project/file/traffic_15_nodes_random.json --inspection-rate 0.001 --mess-rate 0.002,1.449819000001,110,38,167,0,0,110,0,400,38,0,488,0,0,0,167,400,488,51,230,0,30,0,0,51,354,74,0,0,0,230,354,2359,0,0,74,2359,0,0,0,30,0,0,0,0
project/sim_ext.py --sim-time 1.5 --seq-graph project/file/graph_15_nodes.json --traffic project/file/traffic_15_nodes_random.json --inspection-rate 0.001 --mess-rate 0.002,1.450897000001,110,36,162,0,0,110,0,400,36,0,488,0,0,0,162,400,488,51,229,0,19,0,0,51,354,69,0,0,0,229,354,2359,0,0,69,2359,0,0,0,19,0,0,0,0
project/sim_ext.py --sim-time 1.5 --seq-graph project/file/graph_15_nodes.json --traffic project/file/traffic_15_nodes_random.json --inspection-rate 0.001 --mess-rate 0.002,1.451971199997,110,32,157,0,0,110,0,400,32,0,488,0,0,0,157,400,488,51,227,0,10,0,0,51,349,68,0,0,0,227,349,2359,0,0,68,2359,0,0,0,10,0,0,0,0
project/sim_ext.py --sim-time 1.5 --seq-graph project/file/graph_15_nodes.json --traffic project/file/traffic_15_nodes_random.json --inspection-rate 0.001 --mess-rate 0.002,1.453054999876,110,32,157,0,0,110,0,400,32,0,488,0,0,0,157,400,488,51,226,0,6,0,0,51,348,68,0,0,0,226,348,2359,0,0,68,2359,0,0,0,6,0,0,0,0
project/sim_ext.py --sim-time 1.5 --seq-graph project/file/graph_15_nodes.json --traffic project/file/traffic_15_nodes_random.json --inspection-rate 0.001 --mess-rate 0.002,1.454085199997,110,32,152,0,0,110,0,400,32,0,484,0,0,0,152,400,484,40,226,0,5,0,0,40,348,64,0,0,0,226,348,2359,0,0,64,2359,0,0,0,5,0,0,0,0
project/sim_ext.py --sim-time 1.5 --seq-graph project/file/graph_15_nodes.json --traffic project/file/traffic_15_nodes_random.json --inspection-rate 0.001 --mess-rate 0.002,1.455393000001,110,29,148,0,0,110,0,400,30,0,482,0,0,0,148,400,482,38,223,0,0,0,0,38,344,64,0,0,0,223,344,2359,0,0,64,2359,0,0,0,0,0,0,0,0
project/sim_ext.py --sim-time 1.5 --seq-graph project/file/graph_15_nodes.json --traffic project/file/traffic_15_nodes_random.json --inspection-rate 0.001 --mess-rate 0.002,1.4564767279801052,110,19,144,0,0,110,0,400,19,0,482,0,0,0,144,400,482,34,223,0,0,0,0,34,344,61,0,0,0,223,344,2359,0,0,61,2359,0,0,0,0,0,0,0,0
project/sim_ext.py --sim-time 1.5 --seq-graph project/file/graph_15_nodes.json --traffic project/file/traffic_15_nodes_random.json --inspection-rate 0.001 --mess-rate 0.002,1.4575182141509473,110,19,143,0,0,110,0,400,19,0,482,0,0,0,143,400,482,31,223,0,0,0,0,31,344,58,0,0,0,223,344,2359,0,0,58,2359,0,0,0,0,0,0,0,0
project/sim_ext.py --sim-time 1.5 --seq-graph project/file/graph_15_nodes.json --traffic project/file/traffic_15_nodes_random.json --inspection-rate 0.001 --mess-rate 0.002,1.458629000001,110,12,142,0,0,110,0,400,12,0,482,0,0,0,142,400,482,31,220,0,0,0,0,31,344,58,0,0,0,219,344,2359,0,0,58,2359,0,0,0,0,0,0,0,0
project/sim_ext.py --sim-time 1.5 --seq-graph project/file/graph_15_nodes.json --traffic project/file/traffic_15_nodes_random.json --inspection-rate 0.001 --mess-rate 0.002,1.459672000001,110,11,139,0,0,110,0,400,11,0,482,0,0,0,139,400,482,26,216,0,0,0,0,26,342,58,0,0,0,216,342,2359,0,0,58,2359,0,0,0,0,0,0,0,0
project/sim_ext.py --sim-time 1.5 --seq-graph project/file/graph_15_nodes.json --traffic project/file/traffic_15_nodes_random.json --inspection-rate 0.001 --mess-rate 0.002,1.460749799997,110,11,139,0,0,110,0,400,11,0,482,0,0,0,139,400,482,25,215,0,0,0,0,25,342,53,0,0,0,215,342,2359,0,0,53,2359,0,0,0,0,0,0,0,0
project/sim_ext.py --sim-time 1.5 --seq-graph project/file/graph_15_nodes.json --traffic project/file/traffic_15_nodes_random.json --inspection-rate 0.001 --mess-rate 0.002,1.4618249999969999,110,9,134,0,0,110,0,400,9,0,478,0,0,0,134,400,478,22,212,0,0,0,0,22,342,51,0,0,0,212,342,2359,0,0,51,2359,0,0,0,0,0,0,0,0
project/sim_ext.py --sim-time 1.5 --seq-graph project/file/graph_15_nodes.json --traffic project/file/traffic_15_nodes_random.json --inspection-rate 0.001 --mess-rate 0.002,1.4629280000009999,110,6,133,0,0,110,0,400,6,0,477,0,0,0,133,400,477,22,206,0,0,0,0,22,342,49,0,0,0,206,342,2359,0,0,49,2359,0,0,0,0,0,0,0,0
project/sim_ext.py --sim-time 1.5 --seq-graph project/file/graph_15_nodes.json --traffic project/file/traffic_15_nodes_random.json --inspection-rate 0.001 --mess-rate 0.002,1.4639976434788522,176,3,130,0,57,176,0,400,3,0,477,0,0,0,130,400,477,19,205,0,0,0,0,19,342,45,59,0,0,205,342,2359,0,0,45,2359,59,0,0,0,0,57,0,0
project/sim_ext.py --sim-time 1.5 --seq-graph project/file/graph_15_nodes.json --traffic project/file/traffic_15_nodes_random.json --inspection-rate 0.001 --mess-rate 0.002,1.465084999876,176,3,128,0,54,176,0,400,3,0,477,0,0,0,128,400,477,16,202,0,0,0,0,16,337,43,59,0,0,202,337,2359,0,0,43,2359,59,0,0,0,0,54,0,0
project/sim_ext.py --sim-time 1.5 --seq-graph project/file/graph_15_nodes.json --traffic project/file/traffic_15_nodes_random.json --inspection-rate 0.001 --mess-rate 0.002,1.466093000001,170,0,126,0,52,170,0,400,0,0,477,0,0,0,126,400,477,14,202,0,0,0,0,14,335,43,59,0,0,202,335,2359,0,0,43,2359,59,0,0,0,0,52,0,0
project/sim_ext.py --sim-time 1.5 --seq-graph project/file/graph_15_nodes.json --traffic project/file/traffic_15_nodes_random.json --inspection-rate 0.001 --mess-rate 0.002,1.467151999997,167,0,122,0,47,167,0,400,0,0,477,0,0,0,122,400,477,14,199,0,0,0,0,14,335,43,59,0,0,199,335,2359,0,0,43,2359,59,0,0,0,0,47,0,0
project/sim_ext.py --sim-time 1.5 --seq-graph project/file/graph_15_nodes.json --traffic project/file/traffic_15_nodes_random.json --inspection-rate 0.001 --mess-rate 0.002,1.468192193546237,163,0,119,0,40,163,0,400,0,0,477,0,0,0,119,400,477,11,199,0,0,0,0,11,334,43,59,0,0,199,334,2359,0,0,43,2359,59,0,0,0,0,40,0,0
project/sim_ext.py --sim-time 1.5 --seq-graph project/file/graph_15_nodes.json --traffic project/file/traffic_15_nodes_random.json --inspection-rate 0.001 --mess-rate 0.002,1.469338599997,159,0,117,0,32,159,0,400,0,0,477,0,0,0,117,400,477,11,199,0,0,0,0,11,333,43,59,0,0,199,333,2359,0,0,43,2359,59,0,0,0,0,32,0,0
project/sim_ext.py --sim-time 1.5 --seq-graph project/file/graph_15_nodes.json --traffic project/file/traffic_15_nodes_random.json --inspection-rate 0.001 --mess-rate 0.002,1.4704549481887688,158,0,117,0,28,158,0,400,0,0,469,0,0,0,117,400,469,11,194,0,0,0,0,11,330,43,59,0,0,193,330,2359,0,0,43,2359,59,0,0,0,0,28,0,0
project/sim_ext.py --sim-time 1.5 --seq-graph project/file/graph_15_nodes.json --traffic project/file/traffic_15_nodes_random.json --inspection-rate 0.001 --mess-rate 0.002,1.4714760000009999,154,0,117,0,23,154,0,400,0,0,467,0,0,0,117,400,467,6,192,0,0,0,0,6,330,31,43,0,0,192,330,2359,0,0,31,2359,43,0,0,0,0,23,0,0
project/sim_ext.py --sim-time 1.5 --seq-graph project/file/graph_15_nodes.json --traffic project/file/traffic_15_nodes_random.json --inspection-rate 0.001 --mess-rate 0.002,1.472548000001,154,0,117,0,19,154,0,400,0,0,466,0,0,0,117,400,466,5,192,0,0,0,0,5,330,31,40,0,0,192,330,2359,0,0,31,2359,40,0,0,0,0,19,0,0
project/sim_ext.py --sim-time 1.5 --seq-graph project/file/graph_15_nodes.json --traffic project/file/traffic_15_nodes_random.json --inspection-rate 0.001 --mess-rate 0.002,1.4736735999969999,146,68,191,68,11,147,68,476,69,69,539,68,68,68,192,476,539,83,263,69,0,68,69,83,410,98,30,68,69,263,410,2432,68,70,98,2431,31,69,69,0,69,12,69,69
project/sim_ext.py --sim-time 1.5 --seq-graph project/file/graph_15_nodes.json --traffic project/file/traffic_15_nodes_random.json --inspection-rate 0.001 --mess-rate 0.002,1.4746847999969999,132,59,183,49,4,132,38,468,59,38,524,51,36,38,183,468,524,81,261,39,0,44,49,81,405,83,16,51,51,261,405,2431,47,39,83,2431,16,36,38,0,47,4,44,51
project/sim_ext.py --sim-time 1.5 --seq-graph project/file/graph_15_nodes.json --traffic project/file/traffic_15_nodes_random.json --inspection-rate 0.001 --mess-rate 0.002,1.475764999876,132,59,183,49,4,132,32,465,59,32,519,39,32,31,183,465,519,81,258,33,0,35,49,81,400,76,11,51,39,258,400,2427,33,34,76,2427,11,32,31,0,33,4,36,51
project/sim_ext.py --sim-time 1.5 --seq-graph project/file/graph_15_nodes.json --traffic project/file/traffic_15_nodes_random.json --inspection-rate 0.001 --mess-rate 0.002,1.476878000001,120,53,178,38,0,120,29,464,53,29,514,34,22,21,178,464,514,79,255,23,0,28,38,79,398,70,0,51,34,254,398,2422,28,23,70,2422,0,22,21,0,28,0,28,51
project/sim_ext.py --sim-time 1.5 --seq-graph project/file/graph_15_nodes.json --traffic project/file/traffic_15_nodes_random.json --inspection-rate 0.001 --mess-rate 0.002,1.478104999876,113,51,173,33,0,113,21,462,51,21,503,34,14,12,173,462,503,76,249,8,0,16,33,76,397,60,0,42,34,249,397,2422,26,8,60,2422,0,14,12,0,26,0,16,42
project/sim_ext.py --sim-time 1.5 --seq-graph project/file/graph_15_nodes.json --traffic project/file/traffic_15_nodes_random.json --inspection-rate 0.001 --mess-rate 0.002,1.479259000001,112,47,171,30,0,112,7,462,47,7,498,27,6,5,171,462,498,75,245,8,0,14,30,75,397,58,0,38,27,245,397,2419,15,8,58,2419,0,6,5,0,15,0,14,38
project/sim_ext.py --sim-time 1.5 --seq-graph project/file/graph_15_nodes.json --traffic project/file/traffic_15_nodes_random.json --inspection-rate 0.001 --mess-rate 0.002,1.4803910000009999,97,42,169,20,0,97,0,462,42,0,495,25,4,0,169,462,495,74,237,8,0,12,20,74,397,50,0,31,25,237,397,2419,12,8,50,2419,0,4,0,0,12,0,12,31
project/sim_ext.py --sim-time 1.5 --seq-graph project/file/graph_15_nodes.json --traffic project/file/traffic_15_nodes_random.json --inspection-rate 0.001 --mess-rate 0.002,1.481485000001,94,39,169,14,0,94,0,462,39,0,495,20,0,0,169,462,495,67,234,8,0,12,14,67,393,46,0,20,20,234,393,2417,5,8,46,2417,0,0,0,0,5,0,12,20
project/sim_ext.py --sim-time 1.5 --seq-graph project/file/graph_15_nodes.json --traffic project/file/traffic_15_nodes_random.json --inspection-rate 0.001 --mess-rate 0.002,1.482558000001,93,37,169,13,0,93,0,462,37,0,493,15,0,0,169,462,493,67,227,0,0,0,13,67,392,46,0,20,15,227,392,2416,0,0,46,2416,0,0,0,0,0,0,0,20
project/sim_ext.py --sim-time 1.5 --seq-graph project/file/graph_15_nodes.json --traffic project/file/traffic_15_nodes_random.json --inspection-rate 0.001 --mess-rate 0.002,1.483669999861,89,32,169,7,0,89,0,462,32,0,493,11,0,0,169,462,493,63,227,0,0,0,7,63,390,39,0,13,11,227,390,2416,0,0,39,2416,0,0,0,0,0,0,0,14
project/sim_ext.py --sim-time 1.5 --seq-graph project/file/graph_15_nodes.json --traffic project/file/traffic_15_nodes_random.json --inspection-rate 0.001 --mess-rate 0.002,1.484679999868,82,30,162,1,0,82,0,462,30,0,487,10,0,0,162,462,487,63,225,0,69,0,1,63,389,37,0,12,10,225,389,2416,0,0,37,2416,0,0,0,70,0,0,0,12
project/sim_ext.py --sim-time 1.5 --seq-graph project/file/graph_15_nodes.json --traffic project/file/traffic_15_nodes_random.json --inspection-rate 0.001 --mess-rate 0.002,1.485801000001,81,30,157,0,0,81,0,462,30,0,486,9,0,0,157,462,486,59,225,0,52,0,0,59,388,37,0,12,9,225,388,2416,0,0,37,2416,0,0,0,52,0,0,0,12
project/sim_ext.py --sim-time 1.5 --seq-graph project/file/graph_15_nodes.json --traffic project/file/traffic_15_nodes_random.json --inspection-rate 0.001 --mess-rate 0.002,1.487030000001,81,22,153,0,0,81,0,462,22,0,486,2,0,0,154,462,486,55,225,0,48,0,0,55,387,28,0,0,2,225,387,2416,0,0,28,2416,0,0,0,48,0,0,0,0
project/sim_ext.py --sim-time 1.5 --seq-graph project/file/graph_15_nodes.json --traffic project/file/traffic_15_nodes_random.json --inspection-rate 0.001 --mess-rate 0.002,1.488090000001,81,20,151,0,0,81,0,462,20,0,483,0,0,0,151,462,483,53,219,0,40,0,0,53,386,28,0,0,0,219,386,2416,0,0,28,2416,0,0,0,40,0,0,0,0
project/sim_ext.py --sim-time 1.5 --seq-graph project/file/graph_15_nodes.json --traffic project/file/traffic_15_nodes_random.json --inspection-rate 0.001 --mess-rate 0.002,1.489313000001,81,16,151,0,0,81,0,462,16,0,482,0,0,0,151,462,482,53,219,0,40,0,0,53,384,28,0,0,0,219,384,2416,0,0,28,2416,0,0,0,40,0,0,0,0
project/sim_ext.py --sim-time 1.5 --seq-graph project/file/graph_15_nodes.json --traffic project/file/traffic_15_nodes_random.json --inspection-rate 0.001 --mess-rate 0.002,1.490549000001,81,14,146,0,0,81,0,462,14,0,481,0,0,0,146,462,481,53,217,0,30,0,0,53,381,25,0,0,0,217,381,2416,0,0,25,2416,0,0,0,30,0,0,0,0
project/sim_ext.py --sim-time 1.5 --seq-graph project/file/graph_15_nodes.json --traffic project/file/traffic_15_nodes_random.json --inspection-rate 0.001 --mess-rate 0.002,1.491751000001,81,9,144,0,0,81,0,462,9,0,481,0,0,0,144,462,481,53,212,0,24,0,0,53,381,24,0,0,0,212,381,2416,0,0,24,2416,0,0,0,24,0,0,0,0
project/sim_ext.py --sim-time 1.5 --seq-graph project/file/graph_15_nodes.json --traffic project/file/traffic_15_nodes_random.json --inspection-rate 0.001 --mess-rate 0.002,1.492775000001,81,9,142,0,0,81,0,462,9,0,475,0,0,0,142,462,475,42,211,0,18,0,0,42,379,22,0,0,0,211,379,2416,0,0,22,2416,0,0,0,18,0,0,0,0
project/sim_ext.py --sim-time 1.5 --seq-graph project/file/graph_15_nodes.json --traffic project/file/traffic_15_nodes_random.json --inspection-rate 0.001 --mess-rate 0.002,1.493854999864,81,9,140,0,0,81,0,462,9,0,472,0,0,0,140,462,472,40,207,0,14,0,0,40,378,20,0,0,0,207,378,2416,0,0,20,2416,0,0,0,14,0,0,0,0
project/sim_ext.py --sim-time 1.5 --seq-graph project/file/graph_15_nodes.json --traffic project/file/traffic_15_nodes_random.json --inspection-rate 0.001 --mess-rate 0.002,1.494902000001,81,9,138,0,0,81,0,462,9,0,468,0,0,0,138,462,468,35,206,0,9,0,0,35,377,15,57,0,0,206,377,2416,0,0,15,2416,57,0,0,9,0,0,0,0
project/sim_ext.py --sim-time 1.5 --seq-graph project/file/graph_15_nodes.json --traffic project/file/traffic_15_nodes_random.json --inspection-rate 0.001 --mess-rate 0.002,1.496274999868,81,7,135,0,0,81,0,462,6,0,468,0,0,0,135,462,468,33,205,0,3,0,0,33,375,14,54,0,0,205,375,2416,0,0,14,2416,54,0,0,3,0,0,0,0
project/sim_ext.py --sim-time 1.5 --seq-graph project/file/graph_15_nodes.json --traffic project/file/traffic_15_nodes_random.json --inspection-rate 0.001 --mess-rate 0.002,1.4973139999347538,81,0,135,0,0,81,0,462,0,0,464,0,0,0,135,462,464,33,205,0,3,0,0,33,374,12,50,0,0,205,374,2416,0,0,12,2416,50,0,0,3,0,0,0,0
project/sim_ext.py --sim-time 1.5 --seq-graph project/file/graph_15_nodes.json --traffic project/file/traffic_15_nodes_random.json --inspection-rate 0.001 --mess-rate 0.002,1.498419000001,81,0,135,0,0,81,0,462,0,0,463,0,0,0,135,462,462,33,205,0,3,0,0,33,370,10,44,0,0,205,370,2416,0,0,10,2416,44,0,0,3,0,0,0,0
project/sim_ext.py --sim-time 1.5 --seq-graph project/file/graph_15_nodes.json --traffic project/file/traffic_15_nodes_random.json --inspection-rate 0.001 --mess-rate 0.002,1.499480000001,81,0,129,0,0,81,0,462,0,0,460,0,0,0,129,462,460,26,205,0,0,0,0,26,370,7,42,0,0,205,370,2416,0,0,7,2416,42,0,0,0,0,0,0,0
